# vtk DataFile Version 3.0
Current density vector field
ASCII

DATASET STRUCTURED_GRID
DIMENSIONS      81     81      1
POINTS       6561 float
   -10.584   -10.584     0.529
   -10.584   -10.319     0.529
   -10.584   -10.054     0.529
   -10.584    -9.790     0.529
   -10.584    -9.525     0.529
   -10.584    -9.261     0.529
   -10.584    -8.996     0.529
   -10.584    -8.731     0.529
   -10.584    -8.467     0.529
   -10.584    -8.202     0.529
   -10.584    -7.938     0.529
   -10.584    -7.673     0.529
   -10.584    -7.408     0.529
   -10.584    -7.144     0.529
   -10.584    -6.879     0.529
   -10.584    -6.615     0.529
   -10.584    -6.350     0.529
   -10.584    -6.086     0.529
   -10.584    -5.821     0.529
   -10.584    -5.556     0.529
   -10.584    -5.292     0.529
   -10.584    -5.027     0.529
   -10.584    -4.763     0.529
   -10.584    -4.498     0.529
   -10.584    -4.233     0.529
   -10.584    -3.969     0.529
   -10.584    -3.704     0.529
   -10.584    -3.440     0.529
   -10.584    -3.175     0.529
   -10.584    -2.910     0.529
   -10.584    -2.646     0.529
   -10.584    -2.381     0.529
   -10.584    -2.117     0.529
   -10.584    -1.852     0.529
   -10.584    -1.588     0.529
   -10.584    -1.323     0.529
   -10.584    -1.058     0.529
   -10.584    -0.794     0.529
   -10.584    -0.529     0.529
   -10.584    -0.265     0.529
   -10.584     0.000     0.529
   -10.584     0.265     0.529
   -10.584     0.529     0.529
   -10.584     0.794     0.529
   -10.584     1.058     0.529
   -10.584     1.323     0.529
   -10.584     1.588     0.529
   -10.584     1.852     0.529
   -10.584     2.117     0.529
   -10.584     2.381     0.529
   -10.584     2.646     0.529
   -10.584     2.910     0.529
   -10.584     3.175     0.529
   -10.584     3.440     0.529
   -10.584     3.704     0.529
   -10.584     3.969     0.529
   -10.584     4.233     0.529
   -10.584     4.498     0.529
   -10.584     4.763     0.529
   -10.584     5.027     0.529
   -10.584     5.292     0.529
   -10.584     5.556     0.529
   -10.584     5.821     0.529
   -10.584     6.086     0.529
   -10.584     6.350     0.529
   -10.584     6.615     0.529
   -10.584     6.879     0.529
   -10.584     7.144     0.529
   -10.584     7.408     0.529
   -10.584     7.673     0.529
   -10.584     7.938     0.529
   -10.584     8.202     0.529
   -10.584     8.467     0.529
   -10.584     8.731     0.529
   -10.584     8.996     0.529
   -10.584     9.261     0.529
   -10.584     9.525     0.529
   -10.584     9.790     0.529
   -10.584    10.054     0.529
   -10.584    10.319     0.529
   -10.584    10.584     0.529
   -10.319   -10.584     0.529
   -10.319   -10.319     0.529
   -10.319   -10.054     0.529
   -10.319    -9.790     0.529
   -10.319    -9.525     0.529
   -10.319    -9.261     0.529
   -10.319    -8.996     0.529
   -10.319    -8.731     0.529
   -10.319    -8.467     0.529
   -10.319    -8.202     0.529
   -10.319    -7.938     0.529
   -10.319    -7.673     0.529
   -10.319    -7.408     0.529
   -10.319    -7.144     0.529
   -10.319    -6.879     0.529
   -10.319    -6.615     0.529
   -10.319    -6.350     0.529
   -10.319    -6.086     0.529
   -10.319    -5.821     0.529
   -10.319    -5.556     0.529
   -10.319    -5.292     0.529
   -10.319    -5.027     0.529
   -10.319    -4.763     0.529
   -10.319    -4.498     0.529
   -10.319    -4.233     0.529
   -10.319    -3.969     0.529
   -10.319    -3.704     0.529
   -10.319    -3.440     0.529
   -10.319    -3.175     0.529
   -10.319    -2.910     0.529
   -10.319    -2.646     0.529
   -10.319    -2.381     0.529
   -10.319    -2.117     0.529
   -10.319    -1.852     0.529
   -10.319    -1.588     0.529
   -10.319    -1.323     0.529
   -10.319    -1.058     0.529
   -10.319    -0.794     0.529
   -10.319    -0.529     0.529
   -10.319    -0.265     0.529
   -10.319     0.000     0.529
   -10.319     0.265     0.529
   -10.319     0.529     0.529
   -10.319     0.794     0.529
   -10.319     1.058     0.529
   -10.319     1.323     0.529
   -10.319     1.588     0.529
   -10.319     1.852     0.529
   -10.319     2.117     0.529
   -10.319     2.381     0.529
   -10.319     2.646     0.529
   -10.319     2.910     0.529
   -10.319     3.175     0.529
   -10.319     3.440     0.529
   -10.319     3.704     0.529
   -10.319     3.969     0.529
   -10.319     4.233     0.529
   -10.319     4.498     0.529
   -10.319     4.763     0.529
   -10.319     5.027     0.529
   -10.319     5.292     0.529
   -10.319     5.556     0.529
   -10.319     5.821     0.529
   -10.319     6.086     0.529
   -10.319     6.350     0.529
   -10.319     6.615     0.529
   -10.319     6.879     0.529
   -10.319     7.144     0.529
   -10.319     7.408     0.529
   -10.319     7.673     0.529
   -10.319     7.938     0.529
   -10.319     8.202     0.529
   -10.319     8.467     0.529
   -10.319     8.731     0.529
   -10.319     8.996     0.529
   -10.319     9.261     0.529
   -10.319     9.525     0.529
   -10.319     9.790     0.529
   -10.319    10.054     0.529
   -10.319    10.319     0.529
   -10.319    10.584     0.529
   -10.054   -10.584     0.529
   -10.054   -10.319     0.529
   -10.054   -10.054     0.529
   -10.054    -9.790     0.529
   -10.054    -9.525     0.529
   -10.054    -9.261     0.529
   -10.054    -8.996     0.529
   -10.054    -8.731     0.529
   -10.054    -8.467     0.529
   -10.054    -8.202     0.529
   -10.054    -7.938     0.529
   -10.054    -7.673     0.529
   -10.054    -7.408     0.529
   -10.054    -7.144     0.529
   -10.054    -6.879     0.529
   -10.054    -6.615     0.529
   -10.054    -6.350     0.529
   -10.054    -6.086     0.529
   -10.054    -5.821     0.529
   -10.054    -5.556     0.529
   -10.054    -5.292     0.529
   -10.054    -5.027     0.529
   -10.054    -4.763     0.529
   -10.054    -4.498     0.529
   -10.054    -4.233     0.529
   -10.054    -3.969     0.529
   -10.054    -3.704     0.529
   -10.054    -3.440     0.529
   -10.054    -3.175     0.529
   -10.054    -2.910     0.529
   -10.054    -2.646     0.529
   -10.054    -2.381     0.529
   -10.054    -2.117     0.529
   -10.054    -1.852     0.529
   -10.054    -1.588     0.529
   -10.054    -1.323     0.529
   -10.054    -1.058     0.529
   -10.054    -0.794     0.529
   -10.054    -0.529     0.529
   -10.054    -0.265     0.529
   -10.054     0.000     0.529
   -10.054     0.265     0.529
   -10.054     0.529     0.529
   -10.054     0.794     0.529
   -10.054     1.058     0.529
   -10.054     1.323     0.529
   -10.054     1.588     0.529
   -10.054     1.852     0.529
   -10.054     2.117     0.529
   -10.054     2.381     0.529
   -10.054     2.646     0.529
   -10.054     2.910     0.529
   -10.054     3.175     0.529
   -10.054     3.440     0.529
   -10.054     3.704     0.529
   -10.054     3.969     0.529
   -10.054     4.233     0.529
   -10.054     4.498     0.529
   -10.054     4.763     0.529
   -10.054     5.027     0.529
   -10.054     5.292     0.529
   -10.054     5.556     0.529
   -10.054     5.821     0.529
   -10.054     6.086     0.529
   -10.054     6.350     0.529
   -10.054     6.615     0.529
   -10.054     6.879     0.529
   -10.054     7.144     0.529
   -10.054     7.408     0.529
   -10.054     7.673     0.529
   -10.054     7.938     0.529
   -10.054     8.202     0.529
   -10.054     8.467     0.529
   -10.054     8.731     0.529
   -10.054     8.996     0.529
   -10.054     9.261     0.529
   -10.054     9.525     0.529
   -10.054     9.790     0.529
   -10.054    10.054     0.529
   -10.054    10.319     0.529
   -10.054    10.584     0.529
    -9.790   -10.584     0.529
    -9.790   -10.319     0.529
    -9.790   -10.054     0.529
    -9.790    -9.790     0.529
    -9.790    -9.525     0.529
    -9.790    -9.261     0.529
    -9.790    -8.996     0.529
    -9.790    -8.731     0.529
    -9.790    -8.467     0.529
    -9.790    -8.202     0.529
    -9.790    -7.938     0.529
    -9.790    -7.673     0.529
    -9.790    -7.408     0.529
    -9.790    -7.144     0.529
    -9.790    -6.879     0.529
    -9.790    -6.615     0.529
    -9.790    -6.350     0.529
    -9.790    -6.086     0.529
    -9.790    -5.821     0.529
    -9.790    -5.556     0.529
    -9.790    -5.292     0.529
    -9.790    -5.027     0.529
    -9.790    -4.763     0.529
    -9.790    -4.498     0.529
    -9.790    -4.233     0.529
    -9.790    -3.969     0.529
    -9.790    -3.704     0.529
    -9.790    -3.440     0.529
    -9.790    -3.175     0.529
    -9.790    -2.910     0.529
    -9.790    -2.646     0.529
    -9.790    -2.381     0.529
    -9.790    -2.117     0.529
    -9.790    -1.852     0.529
    -9.790    -1.588     0.529
    -9.790    -1.323     0.529
    -9.790    -1.058     0.529
    -9.790    -0.794     0.529
    -9.790    -0.529     0.529
    -9.790    -0.265     0.529
    -9.790     0.000     0.529
    -9.790     0.265     0.529
    -9.790     0.529     0.529
    -9.790     0.794     0.529
    -9.790     1.058     0.529
    -9.790     1.323     0.529
    -9.790     1.588     0.529
    -9.790     1.852     0.529
    -9.790     2.117     0.529
    -9.790     2.381     0.529
    -9.790     2.646     0.529
    -9.790     2.910     0.529
    -9.790     3.175     0.529
    -9.790     3.440     0.529
    -9.790     3.704     0.529
    -9.790     3.969     0.529
    -9.790     4.233     0.529
    -9.790     4.498     0.529
    -9.790     4.763     0.529
    -9.790     5.027     0.529
    -9.790     5.292     0.529
    -9.790     5.556     0.529
    -9.790     5.821     0.529
    -9.790     6.086     0.529
    -9.790     6.350     0.529
    -9.790     6.615     0.529
    -9.790     6.879     0.529
    -9.790     7.144     0.529
    -9.790     7.408     0.529
    -9.790     7.673     0.529
    -9.790     7.938     0.529
    -9.790     8.202     0.529
    -9.790     8.467     0.529
    -9.790     8.731     0.529
    -9.790     8.996     0.529
    -9.790     9.261     0.529
    -9.790     9.525     0.529
    -9.790     9.790     0.529
    -9.790    10.054     0.529
    -9.790    10.319     0.529
    -9.790    10.584     0.529
    -9.525   -10.584     0.529
    -9.525   -10.319     0.529
    -9.525   -10.054     0.529
    -9.525    -9.790     0.529
    -9.525    -9.525     0.529
    -9.525    -9.261     0.529
    -9.525    -8.996     0.529
    -9.525    -8.731     0.529
    -9.525    -8.467     0.529
    -9.525    -8.202     0.529
    -9.525    -7.938     0.529
    -9.525    -7.673     0.529
    -9.525    -7.408     0.529
    -9.525    -7.144     0.529
    -9.525    -6.879     0.529
    -9.525    -6.615     0.529
    -9.525    -6.350     0.529
    -9.525    -6.086     0.529
    -9.525    -5.821     0.529
    -9.525    -5.556     0.529
    -9.525    -5.292     0.529
    -9.525    -5.027     0.529
    -9.525    -4.763     0.529
    -9.525    -4.498     0.529
    -9.525    -4.233     0.529
    -9.525    -3.969     0.529
    -9.525    -3.704     0.529
    -9.525    -3.440     0.529
    -9.525    -3.175     0.529
    -9.525    -2.910     0.529
    -9.525    -2.646     0.529
    -9.525    -2.381     0.529
    -9.525    -2.117     0.529
    -9.525    -1.852     0.529
    -9.525    -1.588     0.529
    -9.525    -1.323     0.529
    -9.525    -1.058     0.529
    -9.525    -0.794     0.529
    -9.525    -0.529     0.529
    -9.525    -0.265     0.529
    -9.525     0.000     0.529
    -9.525     0.265     0.529
    -9.525     0.529     0.529
    -9.525     0.794     0.529
    -9.525     1.058     0.529
    -9.525     1.323     0.529
    -9.525     1.588     0.529
    -9.525     1.852     0.529
    -9.525     2.117     0.529
    -9.525     2.381     0.529
    -9.525     2.646     0.529
    -9.525     2.910     0.529
    -9.525     3.175     0.529
    -9.525     3.440     0.529
    -9.525     3.704     0.529
    -9.525     3.969     0.529
    -9.525     4.233     0.529
    -9.525     4.498     0.529
    -9.525     4.763     0.529
    -9.525     5.027     0.529
    -9.525     5.292     0.529
    -9.525     5.556     0.529
    -9.525     5.821     0.529
    -9.525     6.086     0.529
    -9.525     6.350     0.529
    -9.525     6.615     0.529
    -9.525     6.879     0.529
    -9.525     7.144     0.529
    -9.525     7.408     0.529
    -9.525     7.673     0.529
    -9.525     7.938     0.529
    -9.525     8.202     0.529
    -9.525     8.467     0.529
    -9.525     8.731     0.529
    -9.525     8.996     0.529
    -9.525     9.261     0.529
    -9.525     9.525     0.529
    -9.525     9.790     0.529
    -9.525    10.054     0.529
    -9.525    10.319     0.529
    -9.525    10.584     0.529
    -9.261   -10.584     0.529
    -9.261   -10.319     0.529
    -9.261   -10.054     0.529
    -9.261    -9.790     0.529
    -9.261    -9.525     0.529
    -9.261    -9.261     0.529
    -9.261    -8.996     0.529
    -9.261    -8.731     0.529
    -9.261    -8.467     0.529
    -9.261    -8.202     0.529
    -9.261    -7.938     0.529
    -9.261    -7.673     0.529
    -9.261    -7.408     0.529
    -9.261    -7.144     0.529
    -9.261    -6.879     0.529
    -9.261    -6.615     0.529
    -9.261    -6.350     0.529
    -9.261    -6.086     0.529
    -9.261    -5.821     0.529
    -9.261    -5.556     0.529
    -9.261    -5.292     0.529
    -9.261    -5.027     0.529
    -9.261    -4.763     0.529
    -9.261    -4.498     0.529
    -9.261    -4.233     0.529
    -9.261    -3.969     0.529
    -9.261    -3.704     0.529
    -9.261    -3.440     0.529
    -9.261    -3.175     0.529
    -9.261    -2.910     0.529
    -9.261    -2.646     0.529
    -9.261    -2.381     0.529
    -9.261    -2.117     0.529
    -9.261    -1.852     0.529
    -9.261    -1.588     0.529
    -9.261    -1.323     0.529
    -9.261    -1.058     0.529
    -9.261    -0.794     0.529
    -9.261    -0.529     0.529
    -9.261    -0.265     0.529
    -9.261     0.000     0.529
    -9.261     0.265     0.529
    -9.261     0.529     0.529
    -9.261     0.794     0.529
    -9.261     1.058     0.529
    -9.261     1.323     0.529
    -9.261     1.588     0.529
    -9.261     1.852     0.529
    -9.261     2.117     0.529
    -9.261     2.381     0.529
    -9.261     2.646     0.529
    -9.261     2.910     0.529
    -9.261     3.175     0.529
    -9.261     3.440     0.529
    -9.261     3.704     0.529
    -9.261     3.969     0.529
    -9.261     4.233     0.529
    -9.261     4.498     0.529
    -9.261     4.763     0.529
    -9.261     5.027     0.529
    -9.261     5.292     0.529
    -9.261     5.556     0.529
    -9.261     5.821     0.529
    -9.261     6.086     0.529
    -9.261     6.350     0.529
    -9.261     6.615     0.529
    -9.261     6.879     0.529
    -9.261     7.144     0.529
    -9.261     7.408     0.529
    -9.261     7.673     0.529
    -9.261     7.938     0.529
    -9.261     8.202     0.529
    -9.261     8.467     0.529
    -9.261     8.731     0.529
    -9.261     8.996     0.529
    -9.261     9.261     0.529
    -9.261     9.525     0.529
    -9.261     9.790     0.529
    -9.261    10.054     0.529
    -9.261    10.319     0.529
    -9.261    10.584     0.529
    -8.996   -10.584     0.529
    -8.996   -10.319     0.529
    -8.996   -10.054     0.529
    -8.996    -9.790     0.529
    -8.996    -9.525     0.529
    -8.996    -9.261     0.529
    -8.996    -8.996     0.529
    -8.996    -8.731     0.529
    -8.996    -8.467     0.529
    -8.996    -8.202     0.529
    -8.996    -7.938     0.529
    -8.996    -7.673     0.529
    -8.996    -7.408     0.529
    -8.996    -7.144     0.529
    -8.996    -6.879     0.529
    -8.996    -6.615     0.529
    -8.996    -6.350     0.529
    -8.996    -6.086     0.529
    -8.996    -5.821     0.529
    -8.996    -5.556     0.529
    -8.996    -5.292     0.529
    -8.996    -5.027     0.529
    -8.996    -4.763     0.529
    -8.996    -4.498     0.529
    -8.996    -4.233     0.529
    -8.996    -3.969     0.529
    -8.996    -3.704     0.529
    -8.996    -3.440     0.529
    -8.996    -3.175     0.529
    -8.996    -2.910     0.529
    -8.996    -2.646     0.529
    -8.996    -2.381     0.529
    -8.996    -2.117     0.529
    -8.996    -1.852     0.529
    -8.996    -1.588     0.529
    -8.996    -1.323     0.529
    -8.996    -1.058     0.529
    -8.996    -0.794     0.529
    -8.996    -0.529     0.529
    -8.996    -0.265     0.529
    -8.996     0.000     0.529
    -8.996     0.265     0.529
    -8.996     0.529     0.529
    -8.996     0.794     0.529
    -8.996     1.058     0.529
    -8.996     1.323     0.529
    -8.996     1.588     0.529
    -8.996     1.852     0.529
    -8.996     2.117     0.529
    -8.996     2.381     0.529
    -8.996     2.646     0.529
    -8.996     2.910     0.529
    -8.996     3.175     0.529
    -8.996     3.440     0.529
    -8.996     3.704     0.529
    -8.996     3.969     0.529
    -8.996     4.233     0.529
    -8.996     4.498     0.529
    -8.996     4.763     0.529
    -8.996     5.027     0.529
    -8.996     5.292     0.529
    -8.996     5.556     0.529
    -8.996     5.821     0.529
    -8.996     6.086     0.529
    -8.996     6.350     0.529
    -8.996     6.615     0.529
    -8.996     6.879     0.529
    -8.996     7.144     0.529
    -8.996     7.408     0.529
    -8.996     7.673     0.529
    -8.996     7.938     0.529
    -8.996     8.202     0.529
    -8.996     8.467     0.529
    -8.996     8.731     0.529
    -8.996     8.996     0.529
    -8.996     9.261     0.529
    -8.996     9.525     0.529
    -8.996     9.790     0.529
    -8.996    10.054     0.529
    -8.996    10.319     0.529
    -8.996    10.584     0.529
    -8.731   -10.584     0.529
    -8.731   -10.319     0.529
    -8.731   -10.054     0.529
    -8.731    -9.790     0.529
    -8.731    -9.525     0.529
    -8.731    -9.261     0.529
    -8.731    -8.996     0.529
    -8.731    -8.731     0.529
    -8.731    -8.467     0.529
    -8.731    -8.202     0.529
    -8.731    -7.938     0.529
    -8.731    -7.673     0.529
    -8.731    -7.408     0.529
    -8.731    -7.144     0.529
    -8.731    -6.879     0.529
    -8.731    -6.615     0.529
    -8.731    -6.350     0.529
    -8.731    -6.086     0.529
    -8.731    -5.821     0.529
    -8.731    -5.556     0.529
    -8.731    -5.292     0.529
    -8.731    -5.027     0.529
    -8.731    -4.763     0.529
    -8.731    -4.498     0.529
    -8.731    -4.233     0.529
    -8.731    -3.969     0.529
    -8.731    -3.704     0.529
    -8.731    -3.440     0.529
    -8.731    -3.175     0.529
    -8.731    -2.910     0.529
    -8.731    -2.646     0.529
    -8.731    -2.381     0.529
    -8.731    -2.117     0.529
    -8.731    -1.852     0.529
    -8.731    -1.588     0.529
    -8.731    -1.323     0.529
    -8.731    -1.058     0.529
    -8.731    -0.794     0.529
    -8.731    -0.529     0.529
    -8.731    -0.265     0.529
    -8.731     0.000     0.529
    -8.731     0.265     0.529
    -8.731     0.529     0.529
    -8.731     0.794     0.529
    -8.731     1.058     0.529
    -8.731     1.323     0.529
    -8.731     1.588     0.529
    -8.731     1.852     0.529
    -8.731     2.117     0.529
    -8.731     2.381     0.529
    -8.731     2.646     0.529
    -8.731     2.910     0.529
    -8.731     3.175     0.529
    -8.731     3.440     0.529
    -8.731     3.704     0.529
    -8.731     3.969     0.529
    -8.731     4.233     0.529
    -8.731     4.498     0.529
    -8.731     4.763     0.529
    -8.731     5.027     0.529
    -8.731     5.292     0.529
    -8.731     5.556     0.529
    -8.731     5.821     0.529
    -8.731     6.086     0.529
    -8.731     6.350     0.529
    -8.731     6.615     0.529
    -8.731     6.879     0.529
    -8.731     7.144     0.529
    -8.731     7.408     0.529
    -8.731     7.673     0.529
    -8.731     7.938     0.529
    -8.731     8.202     0.529
    -8.731     8.467     0.529
    -8.731     8.731     0.529
    -8.731     8.996     0.529
    -8.731     9.261     0.529
    -8.731     9.525     0.529
    -8.731     9.790     0.529
    -8.731    10.054     0.529
    -8.731    10.319     0.529
    -8.731    10.584     0.529
    -8.467   -10.584     0.529
    -8.467   -10.319     0.529
    -8.467   -10.054     0.529
    -8.467    -9.790     0.529
    -8.467    -9.525     0.529
    -8.467    -9.261     0.529
    -8.467    -8.996     0.529
    -8.467    -8.731     0.529
    -8.467    -8.467     0.529
    -8.467    -8.202     0.529
    -8.467    -7.938     0.529
    -8.467    -7.673     0.529
    -8.467    -7.408     0.529
    -8.467    -7.144     0.529
    -8.467    -6.879     0.529
    -8.467    -6.615     0.529
    -8.467    -6.350     0.529
    -8.467    -6.086     0.529
    -8.467    -5.821     0.529
    -8.467    -5.556     0.529
    -8.467    -5.292     0.529
    -8.467    -5.027     0.529
    -8.467    -4.763     0.529
    -8.467    -4.498     0.529
    -8.467    -4.233     0.529
    -8.467    -3.969     0.529
    -8.467    -3.704     0.529
    -8.467    -3.440     0.529
    -8.467    -3.175     0.529
    -8.467    -2.910     0.529
    -8.467    -2.646     0.529
    -8.467    -2.381     0.529
    -8.467    -2.117     0.529
    -8.467    -1.852     0.529
    -8.467    -1.588     0.529
    -8.467    -1.323     0.529
    -8.467    -1.058     0.529
    -8.467    -0.794     0.529
    -8.467    -0.529     0.529
    -8.467    -0.265     0.529
    -8.467     0.000     0.529
    -8.467     0.265     0.529
    -8.467     0.529     0.529
    -8.467     0.794     0.529
    -8.467     1.058     0.529
    -8.467     1.323     0.529
    -8.467     1.588     0.529
    -8.467     1.852     0.529
    -8.467     2.117     0.529
    -8.467     2.381     0.529
    -8.467     2.646     0.529
    -8.467     2.910     0.529
    -8.467     3.175     0.529
    -8.467     3.440     0.529
    -8.467     3.704     0.529
    -8.467     3.969     0.529
    -8.467     4.233     0.529
    -8.467     4.498     0.529
    -8.467     4.763     0.529
    -8.467     5.027     0.529
    -8.467     5.292     0.529
    -8.467     5.556     0.529
    -8.467     5.821     0.529
    -8.467     6.086     0.529
    -8.467     6.350     0.529
    -8.467     6.615     0.529
    -8.467     6.879     0.529
    -8.467     7.144     0.529
    -8.467     7.408     0.529
    -8.467     7.673     0.529
    -8.467     7.938     0.529
    -8.467     8.202     0.529
    -8.467     8.467     0.529
    -8.467     8.731     0.529
    -8.467     8.996     0.529
    -8.467     9.261     0.529
    -8.467     9.525     0.529
    -8.467     9.790     0.529
    -8.467    10.054     0.529
    -8.467    10.319     0.529
    -8.467    10.584     0.529
    -8.202   -10.584     0.529
    -8.202   -10.319     0.529
    -8.202   -10.054     0.529
    -8.202    -9.790     0.529
    -8.202    -9.525     0.529
    -8.202    -9.261     0.529
    -8.202    -8.996     0.529
    -8.202    -8.731     0.529
    -8.202    -8.467     0.529
    -8.202    -8.202     0.529
    -8.202    -7.938     0.529
    -8.202    -7.673     0.529
    -8.202    -7.408     0.529
    -8.202    -7.144     0.529
    -8.202    -6.879     0.529
    -8.202    -6.615     0.529
    -8.202    -6.350     0.529
    -8.202    -6.086     0.529
    -8.202    -5.821     0.529
    -8.202    -5.556     0.529
    -8.202    -5.292     0.529
    -8.202    -5.027     0.529
    -8.202    -4.763     0.529
    -8.202    -4.498     0.529
    -8.202    -4.233     0.529
    -8.202    -3.969     0.529
    -8.202    -3.704     0.529
    -8.202    -3.440     0.529
    -8.202    -3.175     0.529
    -8.202    -2.910     0.529
    -8.202    -2.646     0.529
    -8.202    -2.381     0.529
    -8.202    -2.117     0.529
    -8.202    -1.852     0.529
    -8.202    -1.588     0.529
    -8.202    -1.323     0.529
    -8.202    -1.058     0.529
    -8.202    -0.794     0.529
    -8.202    -0.529     0.529
    -8.202    -0.265     0.529
    -8.202     0.000     0.529
    -8.202     0.265     0.529
    -8.202     0.529     0.529
    -8.202     0.794     0.529
    -8.202     1.058     0.529
    -8.202     1.323     0.529
    -8.202     1.588     0.529
    -8.202     1.852     0.529
    -8.202     2.117     0.529
    -8.202     2.381     0.529
    -8.202     2.646     0.529
    -8.202     2.910     0.529
    -8.202     3.175     0.529
    -8.202     3.440     0.529
    -8.202     3.704     0.529
    -8.202     3.969     0.529
    -8.202     4.233     0.529
    -8.202     4.498     0.529
    -8.202     4.763     0.529
    -8.202     5.027     0.529
    -8.202     5.292     0.529
    -8.202     5.556     0.529
    -8.202     5.821     0.529
    -8.202     6.086     0.529
    -8.202     6.350     0.529
    -8.202     6.615     0.529
    -8.202     6.879     0.529
    -8.202     7.144     0.529
    -8.202     7.408     0.529
    -8.202     7.673     0.529
    -8.202     7.938     0.529
    -8.202     8.202     0.529
    -8.202     8.467     0.529
    -8.202     8.731     0.529
    -8.202     8.996     0.529
    -8.202     9.261     0.529
    -8.202     9.525     0.529
    -8.202     9.790     0.529
    -8.202    10.054     0.529
    -8.202    10.319     0.529
    -8.202    10.584     0.529
    -7.938   -10.584     0.529
    -7.938   -10.319     0.529
    -7.938   -10.054     0.529
    -7.938    -9.790     0.529
    -7.938    -9.525     0.529
    -7.938    -9.261     0.529
    -7.938    -8.996     0.529
    -7.938    -8.731     0.529
    -7.938    -8.467     0.529
    -7.938    -8.202     0.529
    -7.938    -7.938     0.529
    -7.938    -7.673     0.529
    -7.938    -7.408     0.529
    -7.938    -7.144     0.529
    -7.938    -6.879     0.529
    -7.938    -6.615     0.529
    -7.938    -6.350     0.529
    -7.938    -6.086     0.529
    -7.938    -5.821     0.529
    -7.938    -5.556     0.529
    -7.938    -5.292     0.529
    -7.938    -5.027     0.529
    -7.938    -4.763     0.529
    -7.938    -4.498     0.529
    -7.938    -4.233     0.529
    -7.938    -3.969     0.529
    -7.938    -3.704     0.529
    -7.938    -3.440     0.529
    -7.938    -3.175     0.529
    -7.938    -2.910     0.529
    -7.938    -2.646     0.529
    -7.938    -2.381     0.529
    -7.938    -2.117     0.529
    -7.938    -1.852     0.529
    -7.938    -1.588     0.529
    -7.938    -1.323     0.529
    -7.938    -1.058     0.529
    -7.938    -0.794     0.529
    -7.938    -0.529     0.529
    -7.938    -0.265     0.529
    -7.938     0.000     0.529
    -7.938     0.265     0.529
    -7.938     0.529     0.529
    -7.938     0.794     0.529
    -7.938     1.058     0.529
    -7.938     1.323     0.529
    -7.938     1.588     0.529
    -7.938     1.852     0.529
    -7.938     2.117     0.529
    -7.938     2.381     0.529
    -7.938     2.646     0.529
    -7.938     2.910     0.529
    -7.938     3.175     0.529
    -7.938     3.440     0.529
    -7.938     3.704     0.529
    -7.938     3.969     0.529
    -7.938     4.233     0.529
    -7.938     4.498     0.529
    -7.938     4.763     0.529
    -7.938     5.027     0.529
    -7.938     5.292     0.529
    -7.938     5.556     0.529
    -7.938     5.821     0.529
    -7.938     6.086     0.529
    -7.938     6.350     0.529
    -7.938     6.615     0.529
    -7.938     6.879     0.529
    -7.938     7.144     0.529
    -7.938     7.408     0.529
    -7.938     7.673     0.529
    -7.938     7.938     0.529
    -7.938     8.202     0.529
    -7.938     8.467     0.529
    -7.938     8.731     0.529
    -7.938     8.996     0.529
    -7.938     9.261     0.529
    -7.938     9.525     0.529
    -7.938     9.790     0.529
    -7.938    10.054     0.529
    -7.938    10.319     0.529
    -7.938    10.584     0.529
    -7.673   -10.584     0.529
    -7.673   -10.319     0.529
    -7.673   -10.054     0.529
    -7.673    -9.790     0.529
    -7.673    -9.525     0.529
    -7.673    -9.261     0.529
    -7.673    -8.996     0.529
    -7.673    -8.731     0.529
    -7.673    -8.467     0.529
    -7.673    -8.202     0.529
    -7.673    -7.938     0.529
    -7.673    -7.673     0.529
    -7.673    -7.408     0.529
    -7.673    -7.144     0.529
    -7.673    -6.879     0.529
    -7.673    -6.615     0.529
    -7.673    -6.350     0.529
    -7.673    -6.086     0.529
    -7.673    -5.821     0.529
    -7.673    -5.556     0.529
    -7.673    -5.292     0.529
    -7.673    -5.027     0.529
    -7.673    -4.763     0.529
    -7.673    -4.498     0.529
    -7.673    -4.233     0.529
    -7.673    -3.969     0.529
    -7.673    -3.704     0.529
    -7.673    -3.440     0.529
    -7.673    -3.175     0.529
    -7.673    -2.910     0.529
    -7.673    -2.646     0.529
    -7.673    -2.381     0.529
    -7.673    -2.117     0.529
    -7.673    -1.852     0.529
    -7.673    -1.588     0.529
    -7.673    -1.323     0.529
    -7.673    -1.058     0.529
    -7.673    -0.794     0.529
    -7.673    -0.529     0.529
    -7.673    -0.265     0.529
    -7.673     0.000     0.529
    -7.673     0.265     0.529
    -7.673     0.529     0.529
    -7.673     0.794     0.529
    -7.673     1.058     0.529
    -7.673     1.323     0.529
    -7.673     1.588     0.529
    -7.673     1.852     0.529
    -7.673     2.117     0.529
    -7.673     2.381     0.529
    -7.673     2.646     0.529
    -7.673     2.910     0.529
    -7.673     3.175     0.529
    -7.673     3.440     0.529
    -7.673     3.704     0.529
    -7.673     3.969     0.529
    -7.673     4.233     0.529
    -7.673     4.498     0.529
    -7.673     4.763     0.529
    -7.673     5.027     0.529
    -7.673     5.292     0.529
    -7.673     5.556     0.529
    -7.673     5.821     0.529
    -7.673     6.086     0.529
    -7.673     6.350     0.529
    -7.673     6.615     0.529
    -7.673     6.879     0.529
    -7.673     7.144     0.529
    -7.673     7.408     0.529
    -7.673     7.673     0.529
    -7.673     7.938     0.529
    -7.673     8.202     0.529
    -7.673     8.467     0.529
    -7.673     8.731     0.529
    -7.673     8.996     0.529
    -7.673     9.261     0.529
    -7.673     9.525     0.529
    -7.673     9.790     0.529
    -7.673    10.054     0.529
    -7.673    10.319     0.529
    -7.673    10.584     0.529
    -7.408   -10.584     0.529
    -7.408   -10.319     0.529
    -7.408   -10.054     0.529
    -7.408    -9.790     0.529
    -7.408    -9.525     0.529
    -7.408    -9.261     0.529
    -7.408    -8.996     0.529
    -7.408    -8.731     0.529
    -7.408    -8.467     0.529
    -7.408    -8.202     0.529
    -7.408    -7.938     0.529
    -7.408    -7.673     0.529
    -7.408    -7.408     0.529
    -7.408    -7.144     0.529
    -7.408    -6.879     0.529
    -7.408    -6.615     0.529
    -7.408    -6.350     0.529
    -7.408    -6.086     0.529
    -7.408    -5.821     0.529
    -7.408    -5.556     0.529
    -7.408    -5.292     0.529
    -7.408    -5.027     0.529
    -7.408    -4.763     0.529
    -7.408    -4.498     0.529
    -7.408    -4.233     0.529
    -7.408    -3.969     0.529
    -7.408    -3.704     0.529
    -7.408    -3.440     0.529
    -7.408    -3.175     0.529
    -7.408    -2.910     0.529
    -7.408    -2.646     0.529
    -7.408    -2.381     0.529
    -7.408    -2.117     0.529
    -7.408    -1.852     0.529
    -7.408    -1.588     0.529
    -7.408    -1.323     0.529
    -7.408    -1.058     0.529
    -7.408    -0.794     0.529
    -7.408    -0.529     0.529
    -7.408    -0.265     0.529
    -7.408     0.000     0.529
    -7.408     0.265     0.529
    -7.408     0.529     0.529
    -7.408     0.794     0.529
    -7.408     1.058     0.529
    -7.408     1.323     0.529
    -7.408     1.588     0.529
    -7.408     1.852     0.529
    -7.408     2.117     0.529
    -7.408     2.381     0.529
    -7.408     2.646     0.529
    -7.408     2.910     0.529
    -7.408     3.175     0.529
    -7.408     3.440     0.529
    -7.408     3.704     0.529
    -7.408     3.969     0.529
    -7.408     4.233     0.529
    -7.408     4.498     0.529
    -7.408     4.763     0.529
    -7.408     5.027     0.529
    -7.408     5.292     0.529
    -7.408     5.556     0.529
    -7.408     5.821     0.529
    -7.408     6.086     0.529
    -7.408     6.350     0.529
    -7.408     6.615     0.529
    -7.408     6.879     0.529
    -7.408     7.144     0.529
    -7.408     7.408     0.529
    -7.408     7.673     0.529
    -7.408     7.938     0.529
    -7.408     8.202     0.529
    -7.408     8.467     0.529
    -7.408     8.731     0.529
    -7.408     8.996     0.529
    -7.408     9.261     0.529
    -7.408     9.525     0.529
    -7.408     9.790     0.529
    -7.408    10.054     0.529
    -7.408    10.319     0.529
    -7.408    10.584     0.529
    -7.144   -10.584     0.529
    -7.144   -10.319     0.529
    -7.144   -10.054     0.529
    -7.144    -9.790     0.529
    -7.144    -9.525     0.529
    -7.144    -9.261     0.529
    -7.144    -8.996     0.529
    -7.144    -8.731     0.529
    -7.144    -8.467     0.529
    -7.144    -8.202     0.529
    -7.144    -7.938     0.529
    -7.144    -7.673     0.529
    -7.144    -7.408     0.529
    -7.144    -7.144     0.529
    -7.144    -6.879     0.529
    -7.144    -6.615     0.529
    -7.144    -6.350     0.529
    -7.144    -6.086     0.529
    -7.144    -5.821     0.529
    -7.144    -5.556     0.529
    -7.144    -5.292     0.529
    -7.144    -5.027     0.529
    -7.144    -4.763     0.529
    -7.144    -4.498     0.529
    -7.144    -4.233     0.529
    -7.144    -3.969     0.529
    -7.144    -3.704     0.529
    -7.144    -3.440     0.529
    -7.144    -3.175     0.529
    -7.144    -2.910     0.529
    -7.144    -2.646     0.529
    -7.144    -2.381     0.529
    -7.144    -2.117     0.529
    -7.144    -1.852     0.529
    -7.144    -1.588     0.529
    -7.144    -1.323     0.529
    -7.144    -1.058     0.529
    -7.144    -0.794     0.529
    -7.144    -0.529     0.529
    -7.144    -0.265     0.529
    -7.144     0.000     0.529
    -7.144     0.265     0.529
    -7.144     0.529     0.529
    -7.144     0.794     0.529
    -7.144     1.058     0.529
    -7.144     1.323     0.529
    -7.144     1.588     0.529
    -7.144     1.852     0.529
    -7.144     2.117     0.529
    -7.144     2.381     0.529
    -7.144     2.646     0.529
    -7.144     2.910     0.529
    -7.144     3.175     0.529
    -7.144     3.440     0.529
    -7.144     3.704     0.529
    -7.144     3.969     0.529
    -7.144     4.233     0.529
    -7.144     4.498     0.529
    -7.144     4.763     0.529
    -7.144     5.027     0.529
    -7.144     5.292     0.529
    -7.144     5.556     0.529
    -7.144     5.821     0.529
    -7.144     6.086     0.529
    -7.144     6.350     0.529
    -7.144     6.615     0.529
    -7.144     6.879     0.529
    -7.144     7.144     0.529
    -7.144     7.408     0.529
    -7.144     7.673     0.529
    -7.144     7.938     0.529
    -7.144     8.202     0.529
    -7.144     8.467     0.529
    -7.144     8.731     0.529
    -7.144     8.996     0.529
    -7.144     9.261     0.529
    -7.144     9.525     0.529
    -7.144     9.790     0.529
    -7.144    10.054     0.529
    -7.144    10.319     0.529
    -7.144    10.584     0.529
    -6.879   -10.584     0.529
    -6.879   -10.319     0.529
    -6.879   -10.054     0.529
    -6.879    -9.790     0.529
    -6.879    -9.525     0.529
    -6.879    -9.261     0.529
    -6.879    -8.996     0.529
    -6.879    -8.731     0.529
    -6.879    -8.467     0.529
    -6.879    -8.202     0.529
    -6.879    -7.938     0.529
    -6.879    -7.673     0.529
    -6.879    -7.408     0.529
    -6.879    -7.144     0.529
    -6.879    -6.879     0.529
    -6.879    -6.615     0.529
    -6.879    -6.350     0.529
    -6.879    -6.086     0.529
    -6.879    -5.821     0.529
    -6.879    -5.556     0.529
    -6.879    -5.292     0.529
    -6.879    -5.027     0.529
    -6.879    -4.763     0.529
    -6.879    -4.498     0.529
    -6.879    -4.233     0.529
    -6.879    -3.969     0.529
    -6.879    -3.704     0.529
    -6.879    -3.440     0.529
    -6.879    -3.175     0.529
    -6.879    -2.910     0.529
    -6.879    -2.646     0.529
    -6.879    -2.381     0.529
    -6.879    -2.117     0.529
    -6.879    -1.852     0.529
    -6.879    -1.588     0.529
    -6.879    -1.323     0.529
    -6.879    -1.058     0.529
    -6.879    -0.794     0.529
    -6.879    -0.529     0.529
    -6.879    -0.265     0.529
    -6.879     0.000     0.529
    -6.879     0.265     0.529
    -6.879     0.529     0.529
    -6.879     0.794     0.529
    -6.879     1.058     0.529
    -6.879     1.323     0.529
    -6.879     1.588     0.529
    -6.879     1.852     0.529
    -6.879     2.117     0.529
    -6.879     2.381     0.529
    -6.879     2.646     0.529
    -6.879     2.910     0.529
    -6.879     3.175     0.529
    -6.879     3.440     0.529
    -6.879     3.704     0.529
    -6.879     3.969     0.529
    -6.879     4.233     0.529
    -6.879     4.498     0.529
    -6.879     4.763     0.529
    -6.879     5.027     0.529
    -6.879     5.292     0.529
    -6.879     5.556     0.529
    -6.879     5.821     0.529
    -6.879     6.086     0.529
    -6.879     6.350     0.529
    -6.879     6.615     0.529
    -6.879     6.879     0.529
    -6.879     7.144     0.529
    -6.879     7.408     0.529
    -6.879     7.673     0.529
    -6.879     7.938     0.529
    -6.879     8.202     0.529
    -6.879     8.467     0.529
    -6.879     8.731     0.529
    -6.879     8.996     0.529
    -6.879     9.261     0.529
    -6.879     9.525     0.529
    -6.879     9.790     0.529
    -6.879    10.054     0.529
    -6.879    10.319     0.529
    -6.879    10.584     0.529
    -6.615   -10.584     0.529
    -6.615   -10.319     0.529
    -6.615   -10.054     0.529
    -6.615    -9.790     0.529
    -6.615    -9.525     0.529
    -6.615    -9.261     0.529
    -6.615    -8.996     0.529
    -6.615    -8.731     0.529
    -6.615    -8.467     0.529
    -6.615    -8.202     0.529
    -6.615    -7.938     0.529
    -6.615    -7.673     0.529
    -6.615    -7.408     0.529
    -6.615    -7.144     0.529
    -6.615    -6.879     0.529
    -6.615    -6.615     0.529
    -6.615    -6.350     0.529
    -6.615    -6.086     0.529
    -6.615    -5.821     0.529
    -6.615    -5.556     0.529
    -6.615    -5.292     0.529
    -6.615    -5.027     0.529
    -6.615    -4.763     0.529
    -6.615    -4.498     0.529
    -6.615    -4.233     0.529
    -6.615    -3.969     0.529
    -6.615    -3.704     0.529
    -6.615    -3.440     0.529
    -6.615    -3.175     0.529
    -6.615    -2.910     0.529
    -6.615    -2.646     0.529
    -6.615    -2.381     0.529
    -6.615    -2.117     0.529
    -6.615    -1.852     0.529
    -6.615    -1.588     0.529
    -6.615    -1.323     0.529
    -6.615    -1.058     0.529
    -6.615    -0.794     0.529
    -6.615    -0.529     0.529
    -6.615    -0.265     0.529
    -6.615     0.000     0.529
    -6.615     0.265     0.529
    -6.615     0.529     0.529
    -6.615     0.794     0.529
    -6.615     1.058     0.529
    -6.615     1.323     0.529
    -6.615     1.588     0.529
    -6.615     1.852     0.529
    -6.615     2.117     0.529
    -6.615     2.381     0.529
    -6.615     2.646     0.529
    -6.615     2.910     0.529
    -6.615     3.175     0.529
    -6.615     3.440     0.529
    -6.615     3.704     0.529
    -6.615     3.969     0.529
    -6.615     4.233     0.529
    -6.615     4.498     0.529
    -6.615     4.763     0.529
    -6.615     5.027     0.529
    -6.615     5.292     0.529
    -6.615     5.556     0.529
    -6.615     5.821     0.529
    -6.615     6.086     0.529
    -6.615     6.350     0.529
    -6.615     6.615     0.529
    -6.615     6.879     0.529
    -6.615     7.144     0.529
    -6.615     7.408     0.529
    -6.615     7.673     0.529
    -6.615     7.938     0.529
    -6.615     8.202     0.529
    -6.615     8.467     0.529
    -6.615     8.731     0.529
    -6.615     8.996     0.529
    -6.615     9.261     0.529
    -6.615     9.525     0.529
    -6.615     9.790     0.529
    -6.615    10.054     0.529
    -6.615    10.319     0.529
    -6.615    10.584     0.529
    -6.350   -10.584     0.529
    -6.350   -10.319     0.529
    -6.350   -10.054     0.529
    -6.350    -9.790     0.529
    -6.350    -9.525     0.529
    -6.350    -9.261     0.529
    -6.350    -8.996     0.529
    -6.350    -8.731     0.529
    -6.350    -8.467     0.529
    -6.350    -8.202     0.529
    -6.350    -7.938     0.529
    -6.350    -7.673     0.529
    -6.350    -7.408     0.529
    -6.350    -7.144     0.529
    -6.350    -6.879     0.529
    -6.350    -6.615     0.529
    -6.350    -6.350     0.529
    -6.350    -6.086     0.529
    -6.350    -5.821     0.529
    -6.350    -5.556     0.529
    -6.350    -5.292     0.529
    -6.350    -5.027     0.529
    -6.350    -4.763     0.529
    -6.350    -4.498     0.529
    -6.350    -4.233     0.529
    -6.350    -3.969     0.529
    -6.350    -3.704     0.529
    -6.350    -3.440     0.529
    -6.350    -3.175     0.529
    -6.350    -2.910     0.529
    -6.350    -2.646     0.529
    -6.350    -2.381     0.529
    -6.350    -2.117     0.529
    -6.350    -1.852     0.529
    -6.350    -1.588     0.529
    -6.350    -1.323     0.529
    -6.350    -1.058     0.529
    -6.350    -0.794     0.529
    -6.350    -0.529     0.529
    -6.350    -0.265     0.529
    -6.350     0.000     0.529
    -6.350     0.265     0.529
    -6.350     0.529     0.529
    -6.350     0.794     0.529
    -6.350     1.058     0.529
    -6.350     1.323     0.529
    -6.350     1.588     0.529
    -6.350     1.852     0.529
    -6.350     2.117     0.529
    -6.350     2.381     0.529
    -6.350     2.646     0.529
    -6.350     2.910     0.529
    -6.350     3.175     0.529
    -6.350     3.440     0.529
    -6.350     3.704     0.529
    -6.350     3.969     0.529
    -6.350     4.233     0.529
    -6.350     4.498     0.529
    -6.350     4.763     0.529
    -6.350     5.027     0.529
    -6.350     5.292     0.529
    -6.350     5.556     0.529
    -6.350     5.821     0.529
    -6.350     6.086     0.529
    -6.350     6.350     0.529
    -6.350     6.615     0.529
    -6.350     6.879     0.529
    -6.350     7.144     0.529
    -6.350     7.408     0.529
    -6.350     7.673     0.529
    -6.350     7.938     0.529
    -6.350     8.202     0.529
    -6.350     8.467     0.529
    -6.350     8.731     0.529
    -6.350     8.996     0.529
    -6.350     9.261     0.529
    -6.350     9.525     0.529
    -6.350     9.790     0.529
    -6.350    10.054     0.529
    -6.350    10.319     0.529
    -6.350    10.584     0.529
    -6.086   -10.584     0.529
    -6.086   -10.319     0.529
    -6.086   -10.054     0.529
    -6.086    -9.790     0.529
    -6.086    -9.525     0.529
    -6.086    -9.261     0.529
    -6.086    -8.996     0.529
    -6.086    -8.731     0.529
    -6.086    -8.467     0.529
    -6.086    -8.202     0.529
    -6.086    -7.938     0.529
    -6.086    -7.673     0.529
    -6.086    -7.408     0.529
    -6.086    -7.144     0.529
    -6.086    -6.879     0.529
    -6.086    -6.615     0.529
    -6.086    -6.350     0.529
    -6.086    -6.086     0.529
    -6.086    -5.821     0.529
    -6.086    -5.556     0.529
    -6.086    -5.292     0.529
    -6.086    -5.027     0.529
    -6.086    -4.763     0.529
    -6.086    -4.498     0.529
    -6.086    -4.233     0.529
    -6.086    -3.969     0.529
    -6.086    -3.704     0.529
    -6.086    -3.440     0.529
    -6.086    -3.175     0.529
    -6.086    -2.910     0.529
    -6.086    -2.646     0.529
    -6.086    -2.381     0.529
    -6.086    -2.117     0.529
    -6.086    -1.852     0.529
    -6.086    -1.588     0.529
    -6.086    -1.323     0.529
    -6.086    -1.058     0.529
    -6.086    -0.794     0.529
    -6.086    -0.529     0.529
    -6.086    -0.265     0.529
    -6.086     0.000     0.529
    -6.086     0.265     0.529
    -6.086     0.529     0.529
    -6.086     0.794     0.529
    -6.086     1.058     0.529
    -6.086     1.323     0.529
    -6.086     1.588     0.529
    -6.086     1.852     0.529
    -6.086     2.117     0.529
    -6.086     2.381     0.529
    -6.086     2.646     0.529
    -6.086     2.910     0.529
    -6.086     3.175     0.529
    -6.086     3.440     0.529
    -6.086     3.704     0.529
    -6.086     3.969     0.529
    -6.086     4.233     0.529
    -6.086     4.498     0.529
    -6.086     4.763     0.529
    -6.086     5.027     0.529
    -6.086     5.292     0.529
    -6.086     5.556     0.529
    -6.086     5.821     0.529
    -6.086     6.086     0.529
    -6.086     6.350     0.529
    -6.086     6.615     0.529
    -6.086     6.879     0.529
    -6.086     7.144     0.529
    -6.086     7.408     0.529
    -6.086     7.673     0.529
    -6.086     7.938     0.529
    -6.086     8.202     0.529
    -6.086     8.467     0.529
    -6.086     8.731     0.529
    -6.086     8.996     0.529
    -6.086     9.261     0.529
    -6.086     9.525     0.529
    -6.086     9.790     0.529
    -6.086    10.054     0.529
    -6.086    10.319     0.529
    -6.086    10.584     0.529
    -5.821   -10.584     0.529
    -5.821   -10.319     0.529
    -5.821   -10.054     0.529
    -5.821    -9.790     0.529
    -5.821    -9.525     0.529
    -5.821    -9.261     0.529
    -5.821    -8.996     0.529
    -5.821    -8.731     0.529
    -5.821    -8.467     0.529
    -5.821    -8.202     0.529
    -5.821    -7.938     0.529
    -5.821    -7.673     0.529
    -5.821    -7.408     0.529
    -5.821    -7.144     0.529
    -5.821    -6.879     0.529
    -5.821    -6.615     0.529
    -5.821    -6.350     0.529
    -5.821    -6.086     0.529
    -5.821    -5.821     0.529
    -5.821    -5.556     0.529
    -5.821    -5.292     0.529
    -5.821    -5.027     0.529
    -5.821    -4.763     0.529
    -5.821    -4.498     0.529
    -5.821    -4.233     0.529
    -5.821    -3.969     0.529
    -5.821    -3.704     0.529
    -5.821    -3.440     0.529
    -5.821    -3.175     0.529
    -5.821    -2.910     0.529
    -5.821    -2.646     0.529
    -5.821    -2.381     0.529
    -5.821    -2.117     0.529
    -5.821    -1.852     0.529
    -5.821    -1.588     0.529
    -5.821    -1.323     0.529
    -5.821    -1.058     0.529
    -5.821    -0.794     0.529
    -5.821    -0.529     0.529
    -5.821    -0.265     0.529
    -5.821     0.000     0.529
    -5.821     0.265     0.529
    -5.821     0.529     0.529
    -5.821     0.794     0.529
    -5.821     1.058     0.529
    -5.821     1.323     0.529
    -5.821     1.588     0.529
    -5.821     1.852     0.529
    -5.821     2.117     0.529
    -5.821     2.381     0.529
    -5.821     2.646     0.529
    -5.821     2.910     0.529
    -5.821     3.175     0.529
    -5.821     3.440     0.529
    -5.821     3.704     0.529
    -5.821     3.969     0.529
    -5.821     4.233     0.529
    -5.821     4.498     0.529
    -5.821     4.763     0.529
    -5.821     5.027     0.529
    -5.821     5.292     0.529
    -5.821     5.556     0.529
    -5.821     5.821     0.529
    -5.821     6.086     0.529
    -5.821     6.350     0.529
    -5.821     6.615     0.529
    -5.821     6.879     0.529
    -5.821     7.144     0.529
    -5.821     7.408     0.529
    -5.821     7.673     0.529
    -5.821     7.938     0.529
    -5.821     8.202     0.529
    -5.821     8.467     0.529
    -5.821     8.731     0.529
    -5.821     8.996     0.529
    -5.821     9.261     0.529
    -5.821     9.525     0.529
    -5.821     9.790     0.529
    -5.821    10.054     0.529
    -5.821    10.319     0.529
    -5.821    10.584     0.529
    -5.556   -10.584     0.529
    -5.556   -10.319     0.529
    -5.556   -10.054     0.529
    -5.556    -9.790     0.529
    -5.556    -9.525     0.529
    -5.556    -9.261     0.529
    -5.556    -8.996     0.529
    -5.556    -8.731     0.529
    -5.556    -8.467     0.529
    -5.556    -8.202     0.529
    -5.556    -7.938     0.529
    -5.556    -7.673     0.529
    -5.556    -7.408     0.529
    -5.556    -7.144     0.529
    -5.556    -6.879     0.529
    -5.556    -6.615     0.529
    -5.556    -6.350     0.529
    -5.556    -6.086     0.529
    -5.556    -5.821     0.529
    -5.556    -5.556     0.529
    -5.556    -5.292     0.529
    -5.556    -5.027     0.529
    -5.556    -4.763     0.529
    -5.556    -4.498     0.529
    -5.556    -4.233     0.529
    -5.556    -3.969     0.529
    -5.556    -3.704     0.529
    -5.556    -3.440     0.529
    -5.556    -3.175     0.529
    -5.556    -2.910     0.529
    -5.556    -2.646     0.529
    -5.556    -2.381     0.529
    -5.556    -2.117     0.529
    -5.556    -1.852     0.529
    -5.556    -1.588     0.529
    -5.556    -1.323     0.529
    -5.556    -1.058     0.529
    -5.556    -0.794     0.529
    -5.556    -0.529     0.529
    -5.556    -0.265     0.529
    -5.556     0.000     0.529
    -5.556     0.265     0.529
    -5.556     0.529     0.529
    -5.556     0.794     0.529
    -5.556     1.058     0.529
    -5.556     1.323     0.529
    -5.556     1.588     0.529
    -5.556     1.852     0.529
    -5.556     2.117     0.529
    -5.556     2.381     0.529
    -5.556     2.646     0.529
    -5.556     2.910     0.529
    -5.556     3.175     0.529
    -5.556     3.440     0.529
    -5.556     3.704     0.529
    -5.556     3.969     0.529
    -5.556     4.233     0.529
    -5.556     4.498     0.529
    -5.556     4.763     0.529
    -5.556     5.027     0.529
    -5.556     5.292     0.529
    -5.556     5.556     0.529
    -5.556     5.821     0.529
    -5.556     6.086     0.529
    -5.556     6.350     0.529
    -5.556     6.615     0.529
    -5.556     6.879     0.529
    -5.556     7.144     0.529
    -5.556     7.408     0.529
    -5.556     7.673     0.529
    -5.556     7.938     0.529
    -5.556     8.202     0.529
    -5.556     8.467     0.529
    -5.556     8.731     0.529
    -5.556     8.996     0.529
    -5.556     9.261     0.529
    -5.556     9.525     0.529
    -5.556     9.790     0.529
    -5.556    10.054     0.529
    -5.556    10.319     0.529
    -5.556    10.584     0.529
    -5.292   -10.584     0.529
    -5.292   -10.319     0.529
    -5.292   -10.054     0.529
    -5.292    -9.790     0.529
    -5.292    -9.525     0.529
    -5.292    -9.261     0.529
    -5.292    -8.996     0.529
    -5.292    -8.731     0.529
    -5.292    -8.467     0.529
    -5.292    -8.202     0.529
    -5.292    -7.938     0.529
    -5.292    -7.673     0.529
    -5.292    -7.408     0.529
    -5.292    -7.144     0.529
    -5.292    -6.879     0.529
    -5.292    -6.615     0.529
    -5.292    -6.350     0.529
    -5.292    -6.086     0.529
    -5.292    -5.821     0.529
    -5.292    -5.556     0.529
    -5.292    -5.292     0.529
    -5.292    -5.027     0.529
    -5.292    -4.763     0.529
    -5.292    -4.498     0.529
    -5.292    -4.233     0.529
    -5.292    -3.969     0.529
    -5.292    -3.704     0.529
    -5.292    -3.440     0.529
    -5.292    -3.175     0.529
    -5.292    -2.910     0.529
    -5.292    -2.646     0.529
    -5.292    -2.381     0.529
    -5.292    -2.117     0.529
    -5.292    -1.852     0.529
    -5.292    -1.588     0.529
    -5.292    -1.323     0.529
    -5.292    -1.058     0.529
    -5.292    -0.794     0.529
    -5.292    -0.529     0.529
    -5.292    -0.265     0.529
    -5.292     0.000     0.529
    -5.292     0.265     0.529
    -5.292     0.529     0.529
    -5.292     0.794     0.529
    -5.292     1.058     0.529
    -5.292     1.323     0.529
    -5.292     1.588     0.529
    -5.292     1.852     0.529
    -5.292     2.117     0.529
    -5.292     2.381     0.529
    -5.292     2.646     0.529
    -5.292     2.910     0.529
    -5.292     3.175     0.529
    -5.292     3.440     0.529
    -5.292     3.704     0.529
    -5.292     3.969     0.529
    -5.292     4.233     0.529
    -5.292     4.498     0.529
    -5.292     4.763     0.529
    -5.292     5.027     0.529
    -5.292     5.292     0.529
    -5.292     5.556     0.529
    -5.292     5.821     0.529
    -5.292     6.086     0.529
    -5.292     6.350     0.529
    -5.292     6.615     0.529
    -5.292     6.879     0.529
    -5.292     7.144     0.529
    -5.292     7.408     0.529
    -5.292     7.673     0.529
    -5.292     7.938     0.529
    -5.292     8.202     0.529
    -5.292     8.467     0.529
    -5.292     8.731     0.529
    -5.292     8.996     0.529
    -5.292     9.261     0.529
    -5.292     9.525     0.529
    -5.292     9.790     0.529
    -5.292    10.054     0.529
    -5.292    10.319     0.529
    -5.292    10.584     0.529
    -5.027   -10.584     0.529
    -5.027   -10.319     0.529
    -5.027   -10.054     0.529
    -5.027    -9.790     0.529
    -5.027    -9.525     0.529
    -5.027    -9.261     0.529
    -5.027    -8.996     0.529
    -5.027    -8.731     0.529
    -5.027    -8.467     0.529
    -5.027    -8.202     0.529
    -5.027    -7.938     0.529
    -5.027    -7.673     0.529
    -5.027    -7.408     0.529
    -5.027    -7.144     0.529
    -5.027    -6.879     0.529
    -5.027    -6.615     0.529
    -5.027    -6.350     0.529
    -5.027    -6.086     0.529
    -5.027    -5.821     0.529
    -5.027    -5.556     0.529
    -5.027    -5.292     0.529
    -5.027    -5.027     0.529
    -5.027    -4.763     0.529
    -5.027    -4.498     0.529
    -5.027    -4.233     0.529
    -5.027    -3.969     0.529
    -5.027    -3.704     0.529
    -5.027    -3.440     0.529
    -5.027    -3.175     0.529
    -5.027    -2.910     0.529
    -5.027    -2.646     0.529
    -5.027    -2.381     0.529
    -5.027    -2.117     0.529
    -5.027    -1.852     0.529
    -5.027    -1.588     0.529
    -5.027    -1.323     0.529
    -5.027    -1.058     0.529
    -5.027    -0.794     0.529
    -5.027    -0.529     0.529
    -5.027    -0.265     0.529
    -5.027     0.000     0.529
    -5.027     0.265     0.529
    -5.027     0.529     0.529
    -5.027     0.794     0.529
    -5.027     1.058     0.529
    -5.027     1.323     0.529
    -5.027     1.588     0.529
    -5.027     1.852     0.529
    -5.027     2.117     0.529
    -5.027     2.381     0.529
    -5.027     2.646     0.529
    -5.027     2.910     0.529
    -5.027     3.175     0.529
    -5.027     3.440     0.529
    -5.027     3.704     0.529
    -5.027     3.969     0.529
    -5.027     4.233     0.529
    -5.027     4.498     0.529
    -5.027     4.763     0.529
    -5.027     5.027     0.529
    -5.027     5.292     0.529
    -5.027     5.556     0.529
    -5.027     5.821     0.529
    -5.027     6.086     0.529
    -5.027     6.350     0.529
    -5.027     6.615     0.529
    -5.027     6.879     0.529
    -5.027     7.144     0.529
    -5.027     7.408     0.529
    -5.027     7.673     0.529
    -5.027     7.938     0.529
    -5.027     8.202     0.529
    -5.027     8.467     0.529
    -5.027     8.731     0.529
    -5.027     8.996     0.529
    -5.027     9.261     0.529
    -5.027     9.525     0.529
    -5.027     9.790     0.529
    -5.027    10.054     0.529
    -5.027    10.319     0.529
    -5.027    10.584     0.529
    -4.763   -10.584     0.529
    -4.763   -10.319     0.529
    -4.763   -10.054     0.529
    -4.763    -9.790     0.529
    -4.763    -9.525     0.529
    -4.763    -9.261     0.529
    -4.763    -8.996     0.529
    -4.763    -8.731     0.529
    -4.763    -8.467     0.529
    -4.763    -8.202     0.529
    -4.763    -7.938     0.529
    -4.763    -7.673     0.529
    -4.763    -7.408     0.529
    -4.763    -7.144     0.529
    -4.763    -6.879     0.529
    -4.763    -6.615     0.529
    -4.763    -6.350     0.529
    -4.763    -6.086     0.529
    -4.763    -5.821     0.529
    -4.763    -5.556     0.529
    -4.763    -5.292     0.529
    -4.763    -5.027     0.529
    -4.763    -4.763     0.529
    -4.763    -4.498     0.529
    -4.763    -4.233     0.529
    -4.763    -3.969     0.529
    -4.763    -3.704     0.529
    -4.763    -3.440     0.529
    -4.763    -3.175     0.529
    -4.763    -2.910     0.529
    -4.763    -2.646     0.529
    -4.763    -2.381     0.529
    -4.763    -2.117     0.529
    -4.763    -1.852     0.529
    -4.763    -1.588     0.529
    -4.763    -1.323     0.529
    -4.763    -1.058     0.529
    -4.763    -0.794     0.529
    -4.763    -0.529     0.529
    -4.763    -0.265     0.529
    -4.763     0.000     0.529
    -4.763     0.265     0.529
    -4.763     0.529     0.529
    -4.763     0.794     0.529
    -4.763     1.058     0.529
    -4.763     1.323     0.529
    -4.763     1.588     0.529
    -4.763     1.852     0.529
    -4.763     2.117     0.529
    -4.763     2.381     0.529
    -4.763     2.646     0.529
    -4.763     2.910     0.529
    -4.763     3.175     0.529
    -4.763     3.440     0.529
    -4.763     3.704     0.529
    -4.763     3.969     0.529
    -4.763     4.233     0.529
    -4.763     4.498     0.529
    -4.763     4.763     0.529
    -4.763     5.027     0.529
    -4.763     5.292     0.529
    -4.763     5.556     0.529
    -4.763     5.821     0.529
    -4.763     6.086     0.529
    -4.763     6.350     0.529
    -4.763     6.615     0.529
    -4.763     6.879     0.529
    -4.763     7.144     0.529
    -4.763     7.408     0.529
    -4.763     7.673     0.529
    -4.763     7.938     0.529
    -4.763     8.202     0.529
    -4.763     8.467     0.529
    -4.763     8.731     0.529
    -4.763     8.996     0.529
    -4.763     9.261     0.529
    -4.763     9.525     0.529
    -4.763     9.790     0.529
    -4.763    10.054     0.529
    -4.763    10.319     0.529
    -4.763    10.584     0.529
    -4.498   -10.584     0.529
    -4.498   -10.319     0.529
    -4.498   -10.054     0.529
    -4.498    -9.790     0.529
    -4.498    -9.525     0.529
    -4.498    -9.261     0.529
    -4.498    -8.996     0.529
    -4.498    -8.731     0.529
    -4.498    -8.467     0.529
    -4.498    -8.202     0.529
    -4.498    -7.938     0.529
    -4.498    -7.673     0.529
    -4.498    -7.408     0.529
    -4.498    -7.144     0.529
    -4.498    -6.879     0.529
    -4.498    -6.615     0.529
    -4.498    -6.350     0.529
    -4.498    -6.086     0.529
    -4.498    -5.821     0.529
    -4.498    -5.556     0.529
    -4.498    -5.292     0.529
    -4.498    -5.027     0.529
    -4.498    -4.763     0.529
    -4.498    -4.498     0.529
    -4.498    -4.233     0.529
    -4.498    -3.969     0.529
    -4.498    -3.704     0.529
    -4.498    -3.440     0.529
    -4.498    -3.175     0.529
    -4.498    -2.910     0.529
    -4.498    -2.646     0.529
    -4.498    -2.381     0.529
    -4.498    -2.117     0.529
    -4.498    -1.852     0.529
    -4.498    -1.588     0.529
    -4.498    -1.323     0.529
    -4.498    -1.058     0.529
    -4.498    -0.794     0.529
    -4.498    -0.529     0.529
    -4.498    -0.265     0.529
    -4.498     0.000     0.529
    -4.498     0.265     0.529
    -4.498     0.529     0.529
    -4.498     0.794     0.529
    -4.498     1.058     0.529
    -4.498     1.323     0.529
    -4.498     1.588     0.529
    -4.498     1.852     0.529
    -4.498     2.117     0.529
    -4.498     2.381     0.529
    -4.498     2.646     0.529
    -4.498     2.910     0.529
    -4.498     3.175     0.529
    -4.498     3.440     0.529
    -4.498     3.704     0.529
    -4.498     3.969     0.529
    -4.498     4.233     0.529
    -4.498     4.498     0.529
    -4.498     4.763     0.529
    -4.498     5.027     0.529
    -4.498     5.292     0.529
    -4.498     5.556     0.529
    -4.498     5.821     0.529
    -4.498     6.086     0.529
    -4.498     6.350     0.529
    -4.498     6.615     0.529
    -4.498     6.879     0.529
    -4.498     7.144     0.529
    -4.498     7.408     0.529
    -4.498     7.673     0.529
    -4.498     7.938     0.529
    -4.498     8.202     0.529
    -4.498     8.467     0.529
    -4.498     8.731     0.529
    -4.498     8.996     0.529
    -4.498     9.261     0.529
    -4.498     9.525     0.529
    -4.498     9.790     0.529
    -4.498    10.054     0.529
    -4.498    10.319     0.529
    -4.498    10.584     0.529
    -4.233   -10.584     0.529
    -4.233   -10.319     0.529
    -4.233   -10.054     0.529
    -4.233    -9.790     0.529
    -4.233    -9.525     0.529
    -4.233    -9.261     0.529
    -4.233    -8.996     0.529
    -4.233    -8.731     0.529
    -4.233    -8.467     0.529
    -4.233    -8.202     0.529
    -4.233    -7.938     0.529
    -4.233    -7.673     0.529
    -4.233    -7.408     0.529
    -4.233    -7.144     0.529
    -4.233    -6.879     0.529
    -4.233    -6.615     0.529
    -4.233    -6.350     0.529
    -4.233    -6.086     0.529
    -4.233    -5.821     0.529
    -4.233    -5.556     0.529
    -4.233    -5.292     0.529
    -4.233    -5.027     0.529
    -4.233    -4.763     0.529
    -4.233    -4.498     0.529
    -4.233    -4.233     0.529
    -4.233    -3.969     0.529
    -4.233    -3.704     0.529
    -4.233    -3.440     0.529
    -4.233    -3.175     0.529
    -4.233    -2.910     0.529
    -4.233    -2.646     0.529
    -4.233    -2.381     0.529
    -4.233    -2.117     0.529
    -4.233    -1.852     0.529
    -4.233    -1.588     0.529
    -4.233    -1.323     0.529
    -4.233    -1.058     0.529
    -4.233    -0.794     0.529
    -4.233    -0.529     0.529
    -4.233    -0.265     0.529
    -4.233     0.000     0.529
    -4.233     0.265     0.529
    -4.233     0.529     0.529
    -4.233     0.794     0.529
    -4.233     1.058     0.529
    -4.233     1.323     0.529
    -4.233     1.588     0.529
    -4.233     1.852     0.529
    -4.233     2.117     0.529
    -4.233     2.381     0.529
    -4.233     2.646     0.529
    -4.233     2.910     0.529
    -4.233     3.175     0.529
    -4.233     3.440     0.529
    -4.233     3.704     0.529
    -4.233     3.969     0.529
    -4.233     4.233     0.529
    -4.233     4.498     0.529
    -4.233     4.763     0.529
    -4.233     5.027     0.529
    -4.233     5.292     0.529
    -4.233     5.556     0.529
    -4.233     5.821     0.529
    -4.233     6.086     0.529
    -4.233     6.350     0.529
    -4.233     6.615     0.529
    -4.233     6.879     0.529
    -4.233     7.144     0.529
    -4.233     7.408     0.529
    -4.233     7.673     0.529
    -4.233     7.938     0.529
    -4.233     8.202     0.529
    -4.233     8.467     0.529
    -4.233     8.731     0.529
    -4.233     8.996     0.529
    -4.233     9.261     0.529
    -4.233     9.525     0.529
    -4.233     9.790     0.529
    -4.233    10.054     0.529
    -4.233    10.319     0.529
    -4.233    10.584     0.529
    -3.969   -10.584     0.529
    -3.969   -10.319     0.529
    -3.969   -10.054     0.529
    -3.969    -9.790     0.529
    -3.969    -9.525     0.529
    -3.969    -9.261     0.529
    -3.969    -8.996     0.529
    -3.969    -8.731     0.529
    -3.969    -8.467     0.529
    -3.969    -8.202     0.529
    -3.969    -7.938     0.529
    -3.969    -7.673     0.529
    -3.969    -7.408     0.529
    -3.969    -7.144     0.529
    -3.969    -6.879     0.529
    -3.969    -6.615     0.529
    -3.969    -6.350     0.529
    -3.969    -6.086     0.529
    -3.969    -5.821     0.529
    -3.969    -5.556     0.529
    -3.969    -5.292     0.529
    -3.969    -5.027     0.529
    -3.969    -4.763     0.529
    -3.969    -4.498     0.529
    -3.969    -4.233     0.529
    -3.969    -3.969     0.529
    -3.969    -3.704     0.529
    -3.969    -3.440     0.529
    -3.969    -3.175     0.529
    -3.969    -2.910     0.529
    -3.969    -2.646     0.529
    -3.969    -2.381     0.529
    -3.969    -2.117     0.529
    -3.969    -1.852     0.529
    -3.969    -1.588     0.529
    -3.969    -1.323     0.529
    -3.969    -1.058     0.529
    -3.969    -0.794     0.529
    -3.969    -0.529     0.529
    -3.969    -0.265     0.529
    -3.969     0.000     0.529
    -3.969     0.265     0.529
    -3.969     0.529     0.529
    -3.969     0.794     0.529
    -3.969     1.058     0.529
    -3.969     1.323     0.529
    -3.969     1.588     0.529
    -3.969     1.852     0.529
    -3.969     2.117     0.529
    -3.969     2.381     0.529
    -3.969     2.646     0.529
    -3.969     2.910     0.529
    -3.969     3.175     0.529
    -3.969     3.440     0.529
    -3.969     3.704     0.529
    -3.969     3.969     0.529
    -3.969     4.233     0.529
    -3.969     4.498     0.529
    -3.969     4.763     0.529
    -3.969     5.027     0.529
    -3.969     5.292     0.529
    -3.969     5.556     0.529
    -3.969     5.821     0.529
    -3.969     6.086     0.529
    -3.969     6.350     0.529
    -3.969     6.615     0.529
    -3.969     6.879     0.529
    -3.969     7.144     0.529
    -3.969     7.408     0.529
    -3.969     7.673     0.529
    -3.969     7.938     0.529
    -3.969     8.202     0.529
    -3.969     8.467     0.529
    -3.969     8.731     0.529
    -3.969     8.996     0.529
    -3.969     9.261     0.529
    -3.969     9.525     0.529
    -3.969     9.790     0.529
    -3.969    10.054     0.529
    -3.969    10.319     0.529
    -3.969    10.584     0.529
    -3.704   -10.584     0.529
    -3.704   -10.319     0.529
    -3.704   -10.054     0.529
    -3.704    -9.790     0.529
    -3.704    -9.525     0.529
    -3.704    -9.261     0.529
    -3.704    -8.996     0.529
    -3.704    -8.731     0.529
    -3.704    -8.467     0.529
    -3.704    -8.202     0.529
    -3.704    -7.938     0.529
    -3.704    -7.673     0.529
    -3.704    -7.408     0.529
    -3.704    -7.144     0.529
    -3.704    -6.879     0.529
    -3.704    -6.615     0.529
    -3.704    -6.350     0.529
    -3.704    -6.086     0.529
    -3.704    -5.821     0.529
    -3.704    -5.556     0.529
    -3.704    -5.292     0.529
    -3.704    -5.027     0.529
    -3.704    -4.763     0.529
    -3.704    -4.498     0.529
    -3.704    -4.233     0.529
    -3.704    -3.969     0.529
    -3.704    -3.704     0.529
    -3.704    -3.440     0.529
    -3.704    -3.175     0.529
    -3.704    -2.910     0.529
    -3.704    -2.646     0.529
    -3.704    -2.381     0.529
    -3.704    -2.117     0.529
    -3.704    -1.852     0.529
    -3.704    -1.588     0.529
    -3.704    -1.323     0.529
    -3.704    -1.058     0.529
    -3.704    -0.794     0.529
    -3.704    -0.529     0.529
    -3.704    -0.265     0.529
    -3.704     0.000     0.529
    -3.704     0.265     0.529
    -3.704     0.529     0.529
    -3.704     0.794     0.529
    -3.704     1.058     0.529
    -3.704     1.323     0.529
    -3.704     1.588     0.529
    -3.704     1.852     0.529
    -3.704     2.117     0.529
    -3.704     2.381     0.529
    -3.704     2.646     0.529
    -3.704     2.910     0.529
    -3.704     3.175     0.529
    -3.704     3.440     0.529
    -3.704     3.704     0.529
    -3.704     3.969     0.529
    -3.704     4.233     0.529
    -3.704     4.498     0.529
    -3.704     4.763     0.529
    -3.704     5.027     0.529
    -3.704     5.292     0.529
    -3.704     5.556     0.529
    -3.704     5.821     0.529
    -3.704     6.086     0.529
    -3.704     6.350     0.529
    -3.704     6.615     0.529
    -3.704     6.879     0.529
    -3.704     7.144     0.529
    -3.704     7.408     0.529
    -3.704     7.673     0.529
    -3.704     7.938     0.529
    -3.704     8.202     0.529
    -3.704     8.467     0.529
    -3.704     8.731     0.529
    -3.704     8.996     0.529
    -3.704     9.261     0.529
    -3.704     9.525     0.529
    -3.704     9.790     0.529
    -3.704    10.054     0.529
    -3.704    10.319     0.529
    -3.704    10.584     0.529
    -3.440   -10.584     0.529
    -3.440   -10.319     0.529
    -3.440   -10.054     0.529
    -3.440    -9.790     0.529
    -3.440    -9.525     0.529
    -3.440    -9.261     0.529
    -3.440    -8.996     0.529
    -3.440    -8.731     0.529
    -3.440    -8.467     0.529
    -3.440    -8.202     0.529
    -3.440    -7.938     0.529
    -3.440    -7.673     0.529
    -3.440    -7.408     0.529
    -3.440    -7.144     0.529
    -3.440    -6.879     0.529
    -3.440    -6.615     0.529
    -3.440    -6.350     0.529
    -3.440    -6.086     0.529
    -3.440    -5.821     0.529
    -3.440    -5.556     0.529
    -3.440    -5.292     0.529
    -3.440    -5.027     0.529
    -3.440    -4.763     0.529
    -3.440    -4.498     0.529
    -3.440    -4.233     0.529
    -3.440    -3.969     0.529
    -3.440    -3.704     0.529
    -3.440    -3.440     0.529
    -3.440    -3.175     0.529
    -3.440    -2.910     0.529
    -3.440    -2.646     0.529
    -3.440    -2.381     0.529
    -3.440    -2.117     0.529
    -3.440    -1.852     0.529
    -3.440    -1.588     0.529
    -3.440    -1.323     0.529
    -3.440    -1.058     0.529
    -3.440    -0.794     0.529
    -3.440    -0.529     0.529
    -3.440    -0.265     0.529
    -3.440     0.000     0.529
    -3.440     0.265     0.529
    -3.440     0.529     0.529
    -3.440     0.794     0.529
    -3.440     1.058     0.529
    -3.440     1.323     0.529
    -3.440     1.588     0.529
    -3.440     1.852     0.529
    -3.440     2.117     0.529
    -3.440     2.381     0.529
    -3.440     2.646     0.529
    -3.440     2.910     0.529
    -3.440     3.175     0.529
    -3.440     3.440     0.529
    -3.440     3.704     0.529
    -3.440     3.969     0.529
    -3.440     4.233     0.529
    -3.440     4.498     0.529
    -3.440     4.763     0.529
    -3.440     5.027     0.529
    -3.440     5.292     0.529
    -3.440     5.556     0.529
    -3.440     5.821     0.529
    -3.440     6.086     0.529
    -3.440     6.350     0.529
    -3.440     6.615     0.529
    -3.440     6.879     0.529
    -3.440     7.144     0.529
    -3.440     7.408     0.529
    -3.440     7.673     0.529
    -3.440     7.938     0.529
    -3.440     8.202     0.529
    -3.440     8.467     0.529
    -3.440     8.731     0.529
    -3.440     8.996     0.529
    -3.440     9.261     0.529
    -3.440     9.525     0.529
    -3.440     9.790     0.529
    -3.440    10.054     0.529
    -3.440    10.319     0.529
    -3.440    10.584     0.529
    -3.175   -10.584     0.529
    -3.175   -10.319     0.529
    -3.175   -10.054     0.529
    -3.175    -9.790     0.529
    -3.175    -9.525     0.529
    -3.175    -9.261     0.529
    -3.175    -8.996     0.529
    -3.175    -8.731     0.529
    -3.175    -8.467     0.529
    -3.175    -8.202     0.529
    -3.175    -7.938     0.529
    -3.175    -7.673     0.529
    -3.175    -7.408     0.529
    -3.175    -7.144     0.529
    -3.175    -6.879     0.529
    -3.175    -6.615     0.529
    -3.175    -6.350     0.529
    -3.175    -6.086     0.529
    -3.175    -5.821     0.529
    -3.175    -5.556     0.529
    -3.175    -5.292     0.529
    -3.175    -5.027     0.529
    -3.175    -4.763     0.529
    -3.175    -4.498     0.529
    -3.175    -4.233     0.529
    -3.175    -3.969     0.529
    -3.175    -3.704     0.529
    -3.175    -3.440     0.529
    -3.175    -3.175     0.529
    -3.175    -2.910     0.529
    -3.175    -2.646     0.529
    -3.175    -2.381     0.529
    -3.175    -2.117     0.529
    -3.175    -1.852     0.529
    -3.175    -1.588     0.529
    -3.175    -1.323     0.529
    -3.175    -1.058     0.529
    -3.175    -0.794     0.529
    -3.175    -0.529     0.529
    -3.175    -0.265     0.529
    -3.175     0.000     0.529
    -3.175     0.265     0.529
    -3.175     0.529     0.529
    -3.175     0.794     0.529
    -3.175     1.058     0.529
    -3.175     1.323     0.529
    -3.175     1.588     0.529
    -3.175     1.852     0.529
    -3.175     2.117     0.529
    -3.175     2.381     0.529
    -3.175     2.646     0.529
    -3.175     2.910     0.529
    -3.175     3.175     0.529
    -3.175     3.440     0.529
    -3.175     3.704     0.529
    -3.175     3.969     0.529
    -3.175     4.233     0.529
    -3.175     4.498     0.529
    -3.175     4.763     0.529
    -3.175     5.027     0.529
    -3.175     5.292     0.529
    -3.175     5.556     0.529
    -3.175     5.821     0.529
    -3.175     6.086     0.529
    -3.175     6.350     0.529
    -3.175     6.615     0.529
    -3.175     6.879     0.529
    -3.175     7.144     0.529
    -3.175     7.408     0.529
    -3.175     7.673     0.529
    -3.175     7.938     0.529
    -3.175     8.202     0.529
    -3.175     8.467     0.529
    -3.175     8.731     0.529
    -3.175     8.996     0.529
    -3.175     9.261     0.529
    -3.175     9.525     0.529
    -3.175     9.790     0.529
    -3.175    10.054     0.529
    -3.175    10.319     0.529
    -3.175    10.584     0.529
    -2.910   -10.584     0.529
    -2.910   -10.319     0.529
    -2.910   -10.054     0.529
    -2.910    -9.790     0.529
    -2.910    -9.525     0.529
    -2.910    -9.261     0.529
    -2.910    -8.996     0.529
    -2.910    -8.731     0.529
    -2.910    -8.467     0.529
    -2.910    -8.202     0.529
    -2.910    -7.938     0.529
    -2.910    -7.673     0.529
    -2.910    -7.408     0.529
    -2.910    -7.144     0.529
    -2.910    -6.879     0.529
    -2.910    -6.615     0.529
    -2.910    -6.350     0.529
    -2.910    -6.086     0.529
    -2.910    -5.821     0.529
    -2.910    -5.556     0.529
    -2.910    -5.292     0.529
    -2.910    -5.027     0.529
    -2.910    -4.763     0.529
    -2.910    -4.498     0.529
    -2.910    -4.233     0.529
    -2.910    -3.969     0.529
    -2.910    -3.704     0.529
    -2.910    -3.440     0.529
    -2.910    -3.175     0.529
    -2.910    -2.910     0.529
    -2.910    -2.646     0.529
    -2.910    -2.381     0.529
    -2.910    -2.117     0.529
    -2.910    -1.852     0.529
    -2.910    -1.588     0.529
    -2.910    -1.323     0.529
    -2.910    -1.058     0.529
    -2.910    -0.794     0.529
    -2.910    -0.529     0.529
    -2.910    -0.265     0.529
    -2.910     0.000     0.529
    -2.910     0.265     0.529
    -2.910     0.529     0.529
    -2.910     0.794     0.529
    -2.910     1.058     0.529
    -2.910     1.323     0.529
    -2.910     1.588     0.529
    -2.910     1.852     0.529
    -2.910     2.117     0.529
    -2.910     2.381     0.529
    -2.910     2.646     0.529
    -2.910     2.910     0.529
    -2.910     3.175     0.529
    -2.910     3.440     0.529
    -2.910     3.704     0.529
    -2.910     3.969     0.529
    -2.910     4.233     0.529
    -2.910     4.498     0.529
    -2.910     4.763     0.529
    -2.910     5.027     0.529
    -2.910     5.292     0.529
    -2.910     5.556     0.529
    -2.910     5.821     0.529
    -2.910     6.086     0.529
    -2.910     6.350     0.529
    -2.910     6.615     0.529
    -2.910     6.879     0.529
    -2.910     7.144     0.529
    -2.910     7.408     0.529
    -2.910     7.673     0.529
    -2.910     7.938     0.529
    -2.910     8.202     0.529
    -2.910     8.467     0.529
    -2.910     8.731     0.529
    -2.910     8.996     0.529
    -2.910     9.261     0.529
    -2.910     9.525     0.529
    -2.910     9.790     0.529
    -2.910    10.054     0.529
    -2.910    10.319     0.529
    -2.910    10.584     0.529
    -2.646   -10.584     0.529
    -2.646   -10.319     0.529
    -2.646   -10.054     0.529
    -2.646    -9.790     0.529
    -2.646    -9.525     0.529
    -2.646    -9.261     0.529
    -2.646    -8.996     0.529
    -2.646    -8.731     0.529
    -2.646    -8.467     0.529
    -2.646    -8.202     0.529
    -2.646    -7.938     0.529
    -2.646    -7.673     0.529
    -2.646    -7.408     0.529
    -2.646    -7.144     0.529
    -2.646    -6.879     0.529
    -2.646    -6.615     0.529
    -2.646    -6.350     0.529
    -2.646    -6.086     0.529
    -2.646    -5.821     0.529
    -2.646    -5.556     0.529
    -2.646    -5.292     0.529
    -2.646    -5.027     0.529
    -2.646    -4.763     0.529
    -2.646    -4.498     0.529
    -2.646    -4.233     0.529
    -2.646    -3.969     0.529
    -2.646    -3.704     0.529
    -2.646    -3.440     0.529
    -2.646    -3.175     0.529
    -2.646    -2.910     0.529
    -2.646    -2.646     0.529
    -2.646    -2.381     0.529
    -2.646    -2.117     0.529
    -2.646    -1.852     0.529
    -2.646    -1.588     0.529
    -2.646    -1.323     0.529
    -2.646    -1.058     0.529
    -2.646    -0.794     0.529
    -2.646    -0.529     0.529
    -2.646    -0.265     0.529
    -2.646     0.000     0.529
    -2.646     0.265     0.529
    -2.646     0.529     0.529
    -2.646     0.794     0.529
    -2.646     1.058     0.529
    -2.646     1.323     0.529
    -2.646     1.588     0.529
    -2.646     1.852     0.529
    -2.646     2.117     0.529
    -2.646     2.381     0.529
    -2.646     2.646     0.529
    -2.646     2.910     0.529
    -2.646     3.175     0.529
    -2.646     3.440     0.529
    -2.646     3.704     0.529
    -2.646     3.969     0.529
    -2.646     4.233     0.529
    -2.646     4.498     0.529
    -2.646     4.763     0.529
    -2.646     5.027     0.529
    -2.646     5.292     0.529
    -2.646     5.556     0.529
    -2.646     5.821     0.529
    -2.646     6.086     0.529
    -2.646     6.350     0.529
    -2.646     6.615     0.529
    -2.646     6.879     0.529
    -2.646     7.144     0.529
    -2.646     7.408     0.529
    -2.646     7.673     0.529
    -2.646     7.938     0.529
    -2.646     8.202     0.529
    -2.646     8.467     0.529
    -2.646     8.731     0.529
    -2.646     8.996     0.529
    -2.646     9.261     0.529
    -2.646     9.525     0.529
    -2.646     9.790     0.529
    -2.646    10.054     0.529
    -2.646    10.319     0.529
    -2.646    10.584     0.529
    -2.381   -10.584     0.529
    -2.381   -10.319     0.529
    -2.381   -10.054     0.529
    -2.381    -9.790     0.529
    -2.381    -9.525     0.529
    -2.381    -9.261     0.529
    -2.381    -8.996     0.529
    -2.381    -8.731     0.529
    -2.381    -8.467     0.529
    -2.381    -8.202     0.529
    -2.381    -7.938     0.529
    -2.381    -7.673     0.529
    -2.381    -7.408     0.529
    -2.381    -7.144     0.529
    -2.381    -6.879     0.529
    -2.381    -6.615     0.529
    -2.381    -6.350     0.529
    -2.381    -6.086     0.529
    -2.381    -5.821     0.529
    -2.381    -5.556     0.529
    -2.381    -5.292     0.529
    -2.381    -5.027     0.529
    -2.381    -4.763     0.529
    -2.381    -4.498     0.529
    -2.381    -4.233     0.529
    -2.381    -3.969     0.529
    -2.381    -3.704     0.529
    -2.381    -3.440     0.529
    -2.381    -3.175     0.529
    -2.381    -2.910     0.529
    -2.381    -2.646     0.529
    -2.381    -2.381     0.529
    -2.381    -2.117     0.529
    -2.381    -1.852     0.529
    -2.381    -1.588     0.529
    -2.381    -1.323     0.529
    -2.381    -1.058     0.529
    -2.381    -0.794     0.529
    -2.381    -0.529     0.529
    -2.381    -0.265     0.529
    -2.381     0.000     0.529
    -2.381     0.265     0.529
    -2.381     0.529     0.529
    -2.381     0.794     0.529
    -2.381     1.058     0.529
    -2.381     1.323     0.529
    -2.381     1.588     0.529
    -2.381     1.852     0.529
    -2.381     2.117     0.529
    -2.381     2.381     0.529
    -2.381     2.646     0.529
    -2.381     2.910     0.529
    -2.381     3.175     0.529
    -2.381     3.440     0.529
    -2.381     3.704     0.529
    -2.381     3.969     0.529
    -2.381     4.233     0.529
    -2.381     4.498     0.529
    -2.381     4.763     0.529
    -2.381     5.027     0.529
    -2.381     5.292     0.529
    -2.381     5.556     0.529
    -2.381     5.821     0.529
    -2.381     6.086     0.529
    -2.381     6.350     0.529
    -2.381     6.615     0.529
    -2.381     6.879     0.529
    -2.381     7.144     0.529
    -2.381     7.408     0.529
    -2.381     7.673     0.529
    -2.381     7.938     0.529
    -2.381     8.202     0.529
    -2.381     8.467     0.529
    -2.381     8.731     0.529
    -2.381     8.996     0.529
    -2.381     9.261     0.529
    -2.381     9.525     0.529
    -2.381     9.790     0.529
    -2.381    10.054     0.529
    -2.381    10.319     0.529
    -2.381    10.584     0.529
    -2.117   -10.584     0.529
    -2.117   -10.319     0.529
    -2.117   -10.054     0.529
    -2.117    -9.790     0.529
    -2.117    -9.525     0.529
    -2.117    -9.261     0.529
    -2.117    -8.996     0.529
    -2.117    -8.731     0.529
    -2.117    -8.467     0.529
    -2.117    -8.202     0.529
    -2.117    -7.938     0.529
    -2.117    -7.673     0.529
    -2.117    -7.408     0.529
    -2.117    -7.144     0.529
    -2.117    -6.879     0.529
    -2.117    -6.615     0.529
    -2.117    -6.350     0.529
    -2.117    -6.086     0.529
    -2.117    -5.821     0.529
    -2.117    -5.556     0.529
    -2.117    -5.292     0.529
    -2.117    -5.027     0.529
    -2.117    -4.763     0.529
    -2.117    -4.498     0.529
    -2.117    -4.233     0.529
    -2.117    -3.969     0.529
    -2.117    -3.704     0.529
    -2.117    -3.440     0.529
    -2.117    -3.175     0.529
    -2.117    -2.910     0.529
    -2.117    -2.646     0.529
    -2.117    -2.381     0.529
    -2.117    -2.117     0.529
    -2.117    -1.852     0.529
    -2.117    -1.588     0.529
    -2.117    -1.323     0.529
    -2.117    -1.058     0.529
    -2.117    -0.794     0.529
    -2.117    -0.529     0.529
    -2.117    -0.265     0.529
    -2.117     0.000     0.529
    -2.117     0.265     0.529
    -2.117     0.529     0.529
    -2.117     0.794     0.529
    -2.117     1.058     0.529
    -2.117     1.323     0.529
    -2.117     1.588     0.529
    -2.117     1.852     0.529
    -2.117     2.117     0.529
    -2.117     2.381     0.529
    -2.117     2.646     0.529
    -2.117     2.910     0.529
    -2.117     3.175     0.529
    -2.117     3.440     0.529
    -2.117     3.704     0.529
    -2.117     3.969     0.529
    -2.117     4.233     0.529
    -2.117     4.498     0.529
    -2.117     4.763     0.529
    -2.117     5.027     0.529
    -2.117     5.292     0.529
    -2.117     5.556     0.529
    -2.117     5.821     0.529
    -2.117     6.086     0.529
    -2.117     6.350     0.529
    -2.117     6.615     0.529
    -2.117     6.879     0.529
    -2.117     7.144     0.529
    -2.117     7.408     0.529
    -2.117     7.673     0.529
    -2.117     7.938     0.529
    -2.117     8.202     0.529
    -2.117     8.467     0.529
    -2.117     8.731     0.529
    -2.117     8.996     0.529
    -2.117     9.261     0.529
    -2.117     9.525     0.529
    -2.117     9.790     0.529
    -2.117    10.054     0.529
    -2.117    10.319     0.529
    -2.117    10.584     0.529
    -1.852   -10.584     0.529
    -1.852   -10.319     0.529
    -1.852   -10.054     0.529
    -1.852    -9.790     0.529
    -1.852    -9.525     0.529
    -1.852    -9.261     0.529
    -1.852    -8.996     0.529
    -1.852    -8.731     0.529
    -1.852    -8.467     0.529
    -1.852    -8.202     0.529
    -1.852    -7.938     0.529
    -1.852    -7.673     0.529
    -1.852    -7.408     0.529
    -1.852    -7.144     0.529
    -1.852    -6.879     0.529
    -1.852    -6.615     0.529
    -1.852    -6.350     0.529
    -1.852    -6.086     0.529
    -1.852    -5.821     0.529
    -1.852    -5.556     0.529
    -1.852    -5.292     0.529
    -1.852    -5.027     0.529
    -1.852    -4.763     0.529
    -1.852    -4.498     0.529
    -1.852    -4.233     0.529
    -1.852    -3.969     0.529
    -1.852    -3.704     0.529
    -1.852    -3.440     0.529
    -1.852    -3.175     0.529
    -1.852    -2.910     0.529
    -1.852    -2.646     0.529
    -1.852    -2.381     0.529
    -1.852    -2.117     0.529
    -1.852    -1.852     0.529
    -1.852    -1.588     0.529
    -1.852    -1.323     0.529
    -1.852    -1.058     0.529
    -1.852    -0.794     0.529
    -1.852    -0.529     0.529
    -1.852    -0.265     0.529
    -1.852     0.000     0.529
    -1.852     0.265     0.529
    -1.852     0.529     0.529
    -1.852     0.794     0.529
    -1.852     1.058     0.529
    -1.852     1.323     0.529
    -1.852     1.588     0.529
    -1.852     1.852     0.529
    -1.852     2.117     0.529
    -1.852     2.381     0.529
    -1.852     2.646     0.529
    -1.852     2.910     0.529
    -1.852     3.175     0.529
    -1.852     3.440     0.529
    -1.852     3.704     0.529
    -1.852     3.969     0.529
    -1.852     4.233     0.529
    -1.852     4.498     0.529
    -1.852     4.763     0.529
    -1.852     5.027     0.529
    -1.852     5.292     0.529
    -1.852     5.556     0.529
    -1.852     5.821     0.529
    -1.852     6.086     0.529
    -1.852     6.350     0.529
    -1.852     6.615     0.529
    -1.852     6.879     0.529
    -1.852     7.144     0.529
    -1.852     7.408     0.529
    -1.852     7.673     0.529
    -1.852     7.938     0.529
    -1.852     8.202     0.529
    -1.852     8.467     0.529
    -1.852     8.731     0.529
    -1.852     8.996     0.529
    -1.852     9.261     0.529
    -1.852     9.525     0.529
    -1.852     9.790     0.529
    -1.852    10.054     0.529
    -1.852    10.319     0.529
    -1.852    10.584     0.529
    -1.588   -10.584     0.529
    -1.588   -10.319     0.529
    -1.588   -10.054     0.529
    -1.588    -9.790     0.529
    -1.588    -9.525     0.529
    -1.588    -9.261     0.529
    -1.588    -8.996     0.529
    -1.588    -8.731     0.529
    -1.588    -8.467     0.529
    -1.588    -8.202     0.529
    -1.588    -7.938     0.529
    -1.588    -7.673     0.529
    -1.588    -7.408     0.529
    -1.588    -7.144     0.529
    -1.588    -6.879     0.529
    -1.588    -6.615     0.529
    -1.588    -6.350     0.529
    -1.588    -6.086     0.529
    -1.588    -5.821     0.529
    -1.588    -5.556     0.529
    -1.588    -5.292     0.529
    -1.588    -5.027     0.529
    -1.588    -4.763     0.529
    -1.588    -4.498     0.529
    -1.588    -4.233     0.529
    -1.588    -3.969     0.529
    -1.588    -3.704     0.529
    -1.588    -3.440     0.529
    -1.588    -3.175     0.529
    -1.588    -2.910     0.529
    -1.588    -2.646     0.529
    -1.588    -2.381     0.529
    -1.588    -2.117     0.529
    -1.588    -1.852     0.529
    -1.588    -1.588     0.529
    -1.588    -1.323     0.529
    -1.588    -1.058     0.529
    -1.588    -0.794     0.529
    -1.588    -0.529     0.529
    -1.588    -0.265     0.529
    -1.588     0.000     0.529
    -1.588     0.265     0.529
    -1.588     0.529     0.529
    -1.588     0.794     0.529
    -1.588     1.058     0.529
    -1.588     1.323     0.529
    -1.588     1.588     0.529
    -1.588     1.852     0.529
    -1.588     2.117     0.529
    -1.588     2.381     0.529
    -1.588     2.646     0.529
    -1.588     2.910     0.529
    -1.588     3.175     0.529
    -1.588     3.440     0.529
    -1.588     3.704     0.529
    -1.588     3.969     0.529
    -1.588     4.233     0.529
    -1.588     4.498     0.529
    -1.588     4.763     0.529
    -1.588     5.027     0.529
    -1.588     5.292     0.529
    -1.588     5.556     0.529
    -1.588     5.821     0.529
    -1.588     6.086     0.529
    -1.588     6.350     0.529
    -1.588     6.615     0.529
    -1.588     6.879     0.529
    -1.588     7.144     0.529
    -1.588     7.408     0.529
    -1.588     7.673     0.529
    -1.588     7.938     0.529
    -1.588     8.202     0.529
    -1.588     8.467     0.529
    -1.588     8.731     0.529
    -1.588     8.996     0.529
    -1.588     9.261     0.529
    -1.588     9.525     0.529
    -1.588     9.790     0.529
    -1.588    10.054     0.529
    -1.588    10.319     0.529
    -1.588    10.584     0.529
    -1.323   -10.584     0.529
    -1.323   -10.319     0.529
    -1.323   -10.054     0.529
    -1.323    -9.790     0.529
    -1.323    -9.525     0.529
    -1.323    -9.261     0.529
    -1.323    -8.996     0.529
    -1.323    -8.731     0.529
    -1.323    -8.467     0.529
    -1.323    -8.202     0.529
    -1.323    -7.938     0.529
    -1.323    -7.673     0.529
    -1.323    -7.408     0.529
    -1.323    -7.144     0.529
    -1.323    -6.879     0.529
    -1.323    -6.615     0.529
    -1.323    -6.350     0.529
    -1.323    -6.086     0.529
    -1.323    -5.821     0.529
    -1.323    -5.556     0.529
    -1.323    -5.292     0.529
    -1.323    -5.027     0.529
    -1.323    -4.763     0.529
    -1.323    -4.498     0.529
    -1.323    -4.233     0.529
    -1.323    -3.969     0.529
    -1.323    -3.704     0.529
    -1.323    -3.440     0.529
    -1.323    -3.175     0.529
    -1.323    -2.910     0.529
    -1.323    -2.646     0.529
    -1.323    -2.381     0.529
    -1.323    -2.117     0.529
    -1.323    -1.852     0.529
    -1.323    -1.588     0.529
    -1.323    -1.323     0.529
    -1.323    -1.058     0.529
    -1.323    -0.794     0.529
    -1.323    -0.529     0.529
    -1.323    -0.265     0.529
    -1.323     0.000     0.529
    -1.323     0.265     0.529
    -1.323     0.529     0.529
    -1.323     0.794     0.529
    -1.323     1.058     0.529
    -1.323     1.323     0.529
    -1.323     1.588     0.529
    -1.323     1.852     0.529
    -1.323     2.117     0.529
    -1.323     2.381     0.529
    -1.323     2.646     0.529
    -1.323     2.910     0.529
    -1.323     3.175     0.529
    -1.323     3.440     0.529
    -1.323     3.704     0.529
    -1.323     3.969     0.529
    -1.323     4.233     0.529
    -1.323     4.498     0.529
    -1.323     4.763     0.529
    -1.323     5.027     0.529
    -1.323     5.292     0.529
    -1.323     5.556     0.529
    -1.323     5.821     0.529
    -1.323     6.086     0.529
    -1.323     6.350     0.529
    -1.323     6.615     0.529
    -1.323     6.879     0.529
    -1.323     7.144     0.529
    -1.323     7.408     0.529
    -1.323     7.673     0.529
    -1.323     7.938     0.529
    -1.323     8.202     0.529
    -1.323     8.467     0.529
    -1.323     8.731     0.529
    -1.323     8.996     0.529
    -1.323     9.261     0.529
    -1.323     9.525     0.529
    -1.323     9.790     0.529
    -1.323    10.054     0.529
    -1.323    10.319     0.529
    -1.323    10.584     0.529
    -1.058   -10.584     0.529
    -1.058   -10.319     0.529
    -1.058   -10.054     0.529
    -1.058    -9.790     0.529
    -1.058    -9.525     0.529
    -1.058    -9.261     0.529
    -1.058    -8.996     0.529
    -1.058    -8.731     0.529
    -1.058    -8.467     0.529
    -1.058    -8.202     0.529
    -1.058    -7.938     0.529
    -1.058    -7.673     0.529
    -1.058    -7.408     0.529
    -1.058    -7.144     0.529
    -1.058    -6.879     0.529
    -1.058    -6.615     0.529
    -1.058    -6.350     0.529
    -1.058    -6.086     0.529
    -1.058    -5.821     0.529
    -1.058    -5.556     0.529
    -1.058    -5.292     0.529
    -1.058    -5.027     0.529
    -1.058    -4.763     0.529
    -1.058    -4.498     0.529
    -1.058    -4.233     0.529
    -1.058    -3.969     0.529
    -1.058    -3.704     0.529
    -1.058    -3.440     0.529
    -1.058    -3.175     0.529
    -1.058    -2.910     0.529
    -1.058    -2.646     0.529
    -1.058    -2.381     0.529
    -1.058    -2.117     0.529
    -1.058    -1.852     0.529
    -1.058    -1.588     0.529
    -1.058    -1.323     0.529
    -1.058    -1.058     0.529
    -1.058    -0.794     0.529
    -1.058    -0.529     0.529
    -1.058    -0.265     0.529
    -1.058     0.000     0.529
    -1.058     0.265     0.529
    -1.058     0.529     0.529
    -1.058     0.794     0.529
    -1.058     1.058     0.529
    -1.058     1.323     0.529
    -1.058     1.588     0.529
    -1.058     1.852     0.529
    -1.058     2.117     0.529
    -1.058     2.381     0.529
    -1.058     2.646     0.529
    -1.058     2.910     0.529
    -1.058     3.175     0.529
    -1.058     3.440     0.529
    -1.058     3.704     0.529
    -1.058     3.969     0.529
    -1.058     4.233     0.529
    -1.058     4.498     0.529
    -1.058     4.763     0.529
    -1.058     5.027     0.529
    -1.058     5.292     0.529
    -1.058     5.556     0.529
    -1.058     5.821     0.529
    -1.058     6.086     0.529
    -1.058     6.350     0.529
    -1.058     6.615     0.529
    -1.058     6.879     0.529
    -1.058     7.144     0.529
    -1.058     7.408     0.529
    -1.058     7.673     0.529
    -1.058     7.938     0.529
    -1.058     8.202     0.529
    -1.058     8.467     0.529
    -1.058     8.731     0.529
    -1.058     8.996     0.529
    -1.058     9.261     0.529
    -1.058     9.525     0.529
    -1.058     9.790     0.529
    -1.058    10.054     0.529
    -1.058    10.319     0.529
    -1.058    10.584     0.529
    -0.794   -10.584     0.529
    -0.794   -10.319     0.529
    -0.794   -10.054     0.529
    -0.794    -9.790     0.529
    -0.794    -9.525     0.529
    -0.794    -9.261     0.529
    -0.794    -8.996     0.529
    -0.794    -8.731     0.529
    -0.794    -8.467     0.529
    -0.794    -8.202     0.529
    -0.794    -7.938     0.529
    -0.794    -7.673     0.529
    -0.794    -7.408     0.529
    -0.794    -7.144     0.529
    -0.794    -6.879     0.529
    -0.794    -6.615     0.529
    -0.794    -6.350     0.529
    -0.794    -6.086     0.529
    -0.794    -5.821     0.529
    -0.794    -5.556     0.529
    -0.794    -5.292     0.529
    -0.794    -5.027     0.529
    -0.794    -4.763     0.529
    -0.794    -4.498     0.529
    -0.794    -4.233     0.529
    -0.794    -3.969     0.529
    -0.794    -3.704     0.529
    -0.794    -3.440     0.529
    -0.794    -3.175     0.529
    -0.794    -2.910     0.529
    -0.794    -2.646     0.529
    -0.794    -2.381     0.529
    -0.794    -2.117     0.529
    -0.794    -1.852     0.529
    -0.794    -1.588     0.529
    -0.794    -1.323     0.529
    -0.794    -1.058     0.529
    -0.794    -0.794     0.529
    -0.794    -0.529     0.529
    -0.794    -0.265     0.529
    -0.794     0.000     0.529
    -0.794     0.265     0.529
    -0.794     0.529     0.529
    -0.794     0.794     0.529
    -0.794     1.058     0.529
    -0.794     1.323     0.529
    -0.794     1.588     0.529
    -0.794     1.852     0.529
    -0.794     2.117     0.529
    -0.794     2.381     0.529
    -0.794     2.646     0.529
    -0.794     2.910     0.529
    -0.794     3.175     0.529
    -0.794     3.440     0.529
    -0.794     3.704     0.529
    -0.794     3.969     0.529
    -0.794     4.233     0.529
    -0.794     4.498     0.529
    -0.794     4.763     0.529
    -0.794     5.027     0.529
    -0.794     5.292     0.529
    -0.794     5.556     0.529
    -0.794     5.821     0.529
    -0.794     6.086     0.529
    -0.794     6.350     0.529
    -0.794     6.615     0.529
    -0.794     6.879     0.529
    -0.794     7.144     0.529
    -0.794     7.408     0.529
    -0.794     7.673     0.529
    -0.794     7.938     0.529
    -0.794     8.202     0.529
    -0.794     8.467     0.529
    -0.794     8.731     0.529
    -0.794     8.996     0.529
    -0.794     9.261     0.529
    -0.794     9.525     0.529
    -0.794     9.790     0.529
    -0.794    10.054     0.529
    -0.794    10.319     0.529
    -0.794    10.584     0.529
    -0.529   -10.584     0.529
    -0.529   -10.319     0.529
    -0.529   -10.054     0.529
    -0.529    -9.790     0.529
    -0.529    -9.525     0.529
    -0.529    -9.261     0.529
    -0.529    -8.996     0.529
    -0.529    -8.731     0.529
    -0.529    -8.467     0.529
    -0.529    -8.202     0.529
    -0.529    -7.938     0.529
    -0.529    -7.673     0.529
    -0.529    -7.408     0.529
    -0.529    -7.144     0.529
    -0.529    -6.879     0.529
    -0.529    -6.615     0.529
    -0.529    -6.350     0.529
    -0.529    -6.086     0.529
    -0.529    -5.821     0.529
    -0.529    -5.556     0.529
    -0.529    -5.292     0.529
    -0.529    -5.027     0.529
    -0.529    -4.763     0.529
    -0.529    -4.498     0.529
    -0.529    -4.233     0.529
    -0.529    -3.969     0.529
    -0.529    -3.704     0.529
    -0.529    -3.440     0.529
    -0.529    -3.175     0.529
    -0.529    -2.910     0.529
    -0.529    -2.646     0.529
    -0.529    -2.381     0.529
    -0.529    -2.117     0.529
    -0.529    -1.852     0.529
    -0.529    -1.588     0.529
    -0.529    -1.323     0.529
    -0.529    -1.058     0.529
    -0.529    -0.794     0.529
    -0.529    -0.529     0.529
    -0.529    -0.265     0.529
    -0.529     0.000     0.529
    -0.529     0.265     0.529
    -0.529     0.529     0.529
    -0.529     0.794     0.529
    -0.529     1.058     0.529
    -0.529     1.323     0.529
    -0.529     1.588     0.529
    -0.529     1.852     0.529
    -0.529     2.117     0.529
    -0.529     2.381     0.529
    -0.529     2.646     0.529
    -0.529     2.910     0.529
    -0.529     3.175     0.529
    -0.529     3.440     0.529
    -0.529     3.704     0.529
    -0.529     3.969     0.529
    -0.529     4.233     0.529
    -0.529     4.498     0.529
    -0.529     4.763     0.529
    -0.529     5.027     0.529
    -0.529     5.292     0.529
    -0.529     5.556     0.529
    -0.529     5.821     0.529
    -0.529     6.086     0.529
    -0.529     6.350     0.529
    -0.529     6.615     0.529
    -0.529     6.879     0.529
    -0.529     7.144     0.529
    -0.529     7.408     0.529
    -0.529     7.673     0.529
    -0.529     7.938     0.529
    -0.529     8.202     0.529
    -0.529     8.467     0.529
    -0.529     8.731     0.529
    -0.529     8.996     0.529
    -0.529     9.261     0.529
    -0.529     9.525     0.529
    -0.529     9.790     0.529
    -0.529    10.054     0.529
    -0.529    10.319     0.529
    -0.529    10.584     0.529
    -0.265   -10.584     0.529
    -0.265   -10.319     0.529
    -0.265   -10.054     0.529
    -0.265    -9.790     0.529
    -0.265    -9.525     0.529
    -0.265    -9.261     0.529
    -0.265    -8.996     0.529
    -0.265    -8.731     0.529
    -0.265    -8.467     0.529
    -0.265    -8.202     0.529
    -0.265    -7.938     0.529
    -0.265    -7.673     0.529
    -0.265    -7.408     0.529
    -0.265    -7.144     0.529
    -0.265    -6.879     0.529
    -0.265    -6.615     0.529
    -0.265    -6.350     0.529
    -0.265    -6.086     0.529
    -0.265    -5.821     0.529
    -0.265    -5.556     0.529
    -0.265    -5.292     0.529
    -0.265    -5.027     0.529
    -0.265    -4.763     0.529
    -0.265    -4.498     0.529
    -0.265    -4.233     0.529
    -0.265    -3.969     0.529
    -0.265    -3.704     0.529
    -0.265    -3.440     0.529
    -0.265    -3.175     0.529
    -0.265    -2.910     0.529
    -0.265    -2.646     0.529
    -0.265    -2.381     0.529
    -0.265    -2.117     0.529
    -0.265    -1.852     0.529
    -0.265    -1.588     0.529
    -0.265    -1.323     0.529
    -0.265    -1.058     0.529
    -0.265    -0.794     0.529
    -0.265    -0.529     0.529
    -0.265    -0.265     0.529
    -0.265     0.000     0.529
    -0.265     0.265     0.529
    -0.265     0.529     0.529
    -0.265     0.794     0.529
    -0.265     1.058     0.529
    -0.265     1.323     0.529
    -0.265     1.588     0.529
    -0.265     1.852     0.529
    -0.265     2.117     0.529
    -0.265     2.381     0.529
    -0.265     2.646     0.529
    -0.265     2.910     0.529
    -0.265     3.175     0.529
    -0.265     3.440     0.529
    -0.265     3.704     0.529
    -0.265     3.969     0.529
    -0.265     4.233     0.529
    -0.265     4.498     0.529
    -0.265     4.763     0.529
    -0.265     5.027     0.529
    -0.265     5.292     0.529
    -0.265     5.556     0.529
    -0.265     5.821     0.529
    -0.265     6.086     0.529
    -0.265     6.350     0.529
    -0.265     6.615     0.529
    -0.265     6.879     0.529
    -0.265     7.144     0.529
    -0.265     7.408     0.529
    -0.265     7.673     0.529
    -0.265     7.938     0.529
    -0.265     8.202     0.529
    -0.265     8.467     0.529
    -0.265     8.731     0.529
    -0.265     8.996     0.529
    -0.265     9.261     0.529
    -0.265     9.525     0.529
    -0.265     9.790     0.529
    -0.265    10.054     0.529
    -0.265    10.319     0.529
    -0.265    10.584     0.529
     0.000   -10.584     0.529
     0.000   -10.319     0.529
     0.000   -10.054     0.529
     0.000    -9.790     0.529
     0.000    -9.525     0.529
     0.000    -9.261     0.529
     0.000    -8.996     0.529
     0.000    -8.731     0.529
     0.000    -8.467     0.529
     0.000    -8.202     0.529
     0.000    -7.938     0.529
     0.000    -7.673     0.529
     0.000    -7.408     0.529
     0.000    -7.144     0.529
     0.000    -6.879     0.529
     0.000    -6.615     0.529
     0.000    -6.350     0.529
     0.000    -6.086     0.529
     0.000    -5.821     0.529
     0.000    -5.556     0.529
     0.000    -5.292     0.529
     0.000    -5.027     0.529
     0.000    -4.763     0.529
     0.000    -4.498     0.529
     0.000    -4.233     0.529
     0.000    -3.969     0.529
     0.000    -3.704     0.529
     0.000    -3.440     0.529
     0.000    -3.175     0.529
     0.000    -2.910     0.529
     0.000    -2.646     0.529
     0.000    -2.381     0.529
     0.000    -2.117     0.529
     0.000    -1.852     0.529
     0.000    -1.588     0.529
     0.000    -1.323     0.529
     0.000    -1.058     0.529
     0.000    -0.794     0.529
     0.000    -0.529     0.529
     0.000    -0.265     0.529
     0.000     0.000     0.529
     0.000     0.265     0.529
     0.000     0.529     0.529
     0.000     0.794     0.529
     0.000     1.058     0.529
     0.000     1.323     0.529
     0.000     1.588     0.529
     0.000     1.852     0.529
     0.000     2.117     0.529
     0.000     2.381     0.529
     0.000     2.646     0.529
     0.000     2.910     0.529
     0.000     3.175     0.529
     0.000     3.440     0.529
     0.000     3.704     0.529
     0.000     3.969     0.529
     0.000     4.233     0.529
     0.000     4.498     0.529
     0.000     4.763     0.529
     0.000     5.027     0.529
     0.000     5.292     0.529
     0.000     5.556     0.529
     0.000     5.821     0.529
     0.000     6.086     0.529
     0.000     6.350     0.529
     0.000     6.615     0.529
     0.000     6.879     0.529
     0.000     7.144     0.529
     0.000     7.408     0.529
     0.000     7.673     0.529
     0.000     7.938     0.529
     0.000     8.202     0.529
     0.000     8.467     0.529
     0.000     8.731     0.529
     0.000     8.996     0.529
     0.000     9.261     0.529
     0.000     9.525     0.529
     0.000     9.790     0.529
     0.000    10.054     0.529
     0.000    10.319     0.529
     0.000    10.584     0.529
     0.265   -10.584     0.529
     0.265   -10.319     0.529
     0.265   -10.054     0.529
     0.265    -9.790     0.529
     0.265    -9.525     0.529
     0.265    -9.261     0.529
     0.265    -8.996     0.529
     0.265    -8.731     0.529
     0.265    -8.467     0.529
     0.265    -8.202     0.529
     0.265    -7.938     0.529
     0.265    -7.673     0.529
     0.265    -7.408     0.529
     0.265    -7.144     0.529
     0.265    -6.879     0.529
     0.265    -6.615     0.529
     0.265    -6.350     0.529
     0.265    -6.086     0.529
     0.265    -5.821     0.529
     0.265    -5.556     0.529
     0.265    -5.292     0.529
     0.265    -5.027     0.529
     0.265    -4.763     0.529
     0.265    -4.498     0.529
     0.265    -4.233     0.529
     0.265    -3.969     0.529
     0.265    -3.704     0.529
     0.265    -3.440     0.529
     0.265    -3.175     0.529
     0.265    -2.910     0.529
     0.265    -2.646     0.529
     0.265    -2.381     0.529
     0.265    -2.117     0.529
     0.265    -1.852     0.529
     0.265    -1.588     0.529
     0.265    -1.323     0.529
     0.265    -1.058     0.529
     0.265    -0.794     0.529
     0.265    -0.529     0.529
     0.265    -0.265     0.529
     0.265     0.000     0.529
     0.265     0.265     0.529
     0.265     0.529     0.529
     0.265     0.794     0.529
     0.265     1.058     0.529
     0.265     1.323     0.529
     0.265     1.588     0.529
     0.265     1.852     0.529
     0.265     2.117     0.529
     0.265     2.381     0.529
     0.265     2.646     0.529
     0.265     2.910     0.529
     0.265     3.175     0.529
     0.265     3.440     0.529
     0.265     3.704     0.529
     0.265     3.969     0.529
     0.265     4.233     0.529
     0.265     4.498     0.529
     0.265     4.763     0.529
     0.265     5.027     0.529
     0.265     5.292     0.529
     0.265     5.556     0.529
     0.265     5.821     0.529
     0.265     6.086     0.529
     0.265     6.350     0.529
     0.265     6.615     0.529
     0.265     6.879     0.529
     0.265     7.144     0.529
     0.265     7.408     0.529
     0.265     7.673     0.529
     0.265     7.938     0.529
     0.265     8.202     0.529
     0.265     8.467     0.529
     0.265     8.731     0.529
     0.265     8.996     0.529
     0.265     9.261     0.529
     0.265     9.525     0.529
     0.265     9.790     0.529
     0.265    10.054     0.529
     0.265    10.319     0.529
     0.265    10.584     0.529
     0.529   -10.584     0.529
     0.529   -10.319     0.529
     0.529   -10.054     0.529
     0.529    -9.790     0.529
     0.529    -9.525     0.529
     0.529    -9.261     0.529
     0.529    -8.996     0.529
     0.529    -8.731     0.529
     0.529    -8.467     0.529
     0.529    -8.202     0.529
     0.529    -7.938     0.529
     0.529    -7.673     0.529
     0.529    -7.408     0.529
     0.529    -7.144     0.529
     0.529    -6.879     0.529
     0.529    -6.615     0.529
     0.529    -6.350     0.529
     0.529    -6.086     0.529
     0.529    -5.821     0.529
     0.529    -5.556     0.529
     0.529    -5.292     0.529
     0.529    -5.027     0.529
     0.529    -4.763     0.529
     0.529    -4.498     0.529
     0.529    -4.233     0.529
     0.529    -3.969     0.529
     0.529    -3.704     0.529
     0.529    -3.440     0.529
     0.529    -3.175     0.529
     0.529    -2.910     0.529
     0.529    -2.646     0.529
     0.529    -2.381     0.529
     0.529    -2.117     0.529
     0.529    -1.852     0.529
     0.529    -1.588     0.529
     0.529    -1.323     0.529
     0.529    -1.058     0.529
     0.529    -0.794     0.529
     0.529    -0.529     0.529
     0.529    -0.265     0.529
     0.529     0.000     0.529
     0.529     0.265     0.529
     0.529     0.529     0.529
     0.529     0.794     0.529
     0.529     1.058     0.529
     0.529     1.323     0.529
     0.529     1.588     0.529
     0.529     1.852     0.529
     0.529     2.117     0.529
     0.529     2.381     0.529
     0.529     2.646     0.529
     0.529     2.910     0.529
     0.529     3.175     0.529
     0.529     3.440     0.529
     0.529     3.704     0.529
     0.529     3.969     0.529
     0.529     4.233     0.529
     0.529     4.498     0.529
     0.529     4.763     0.529
     0.529     5.027     0.529
     0.529     5.292     0.529
     0.529     5.556     0.529
     0.529     5.821     0.529
     0.529     6.086     0.529
     0.529     6.350     0.529
     0.529     6.615     0.529
     0.529     6.879     0.529
     0.529     7.144     0.529
     0.529     7.408     0.529
     0.529     7.673     0.529
     0.529     7.938     0.529
     0.529     8.202     0.529
     0.529     8.467     0.529
     0.529     8.731     0.529
     0.529     8.996     0.529
     0.529     9.261     0.529
     0.529     9.525     0.529
     0.529     9.790     0.529
     0.529    10.054     0.529
     0.529    10.319     0.529
     0.529    10.584     0.529
     0.794   -10.584     0.529
     0.794   -10.319     0.529
     0.794   -10.054     0.529
     0.794    -9.790     0.529
     0.794    -9.525     0.529
     0.794    -9.261     0.529
     0.794    -8.996     0.529
     0.794    -8.731     0.529
     0.794    -8.467     0.529
     0.794    -8.202     0.529
     0.794    -7.938     0.529
     0.794    -7.673     0.529
     0.794    -7.408     0.529
     0.794    -7.144     0.529
     0.794    -6.879     0.529
     0.794    -6.615     0.529
     0.794    -6.350     0.529
     0.794    -6.086     0.529
     0.794    -5.821     0.529
     0.794    -5.556     0.529
     0.794    -5.292     0.529
     0.794    -5.027     0.529
     0.794    -4.763     0.529
     0.794    -4.498     0.529
     0.794    -4.233     0.529
     0.794    -3.969     0.529
     0.794    -3.704     0.529
     0.794    -3.440     0.529
     0.794    -3.175     0.529
     0.794    -2.910     0.529
     0.794    -2.646     0.529
     0.794    -2.381     0.529
     0.794    -2.117     0.529
     0.794    -1.852     0.529
     0.794    -1.588     0.529
     0.794    -1.323     0.529
     0.794    -1.058     0.529
     0.794    -0.794     0.529
     0.794    -0.529     0.529
     0.794    -0.265     0.529
     0.794     0.000     0.529
     0.794     0.265     0.529
     0.794     0.529     0.529
     0.794     0.794     0.529
     0.794     1.058     0.529
     0.794     1.323     0.529
     0.794     1.588     0.529
     0.794     1.852     0.529
     0.794     2.117     0.529
     0.794     2.381     0.529
     0.794     2.646     0.529
     0.794     2.910     0.529
     0.794     3.175     0.529
     0.794     3.440     0.529
     0.794     3.704     0.529
     0.794     3.969     0.529
     0.794     4.233     0.529
     0.794     4.498     0.529
     0.794     4.763     0.529
     0.794     5.027     0.529
     0.794     5.292     0.529
     0.794     5.556     0.529
     0.794     5.821     0.529
     0.794     6.086     0.529
     0.794     6.350     0.529
     0.794     6.615     0.529
     0.794     6.879     0.529
     0.794     7.144     0.529
     0.794     7.408     0.529
     0.794     7.673     0.529
     0.794     7.938     0.529
     0.794     8.202     0.529
     0.794     8.467     0.529
     0.794     8.731     0.529
     0.794     8.996     0.529
     0.794     9.261     0.529
     0.794     9.525     0.529
     0.794     9.790     0.529
     0.794    10.054     0.529
     0.794    10.319     0.529
     0.794    10.584     0.529
     1.058   -10.584     0.529
     1.058   -10.319     0.529
     1.058   -10.054     0.529
     1.058    -9.790     0.529
     1.058    -9.525     0.529
     1.058    -9.261     0.529
     1.058    -8.996     0.529
     1.058    -8.731     0.529
     1.058    -8.467     0.529
     1.058    -8.202     0.529
     1.058    -7.938     0.529
     1.058    -7.673     0.529
     1.058    -7.408     0.529
     1.058    -7.144     0.529
     1.058    -6.879     0.529
     1.058    -6.615     0.529
     1.058    -6.350     0.529
     1.058    -6.086     0.529
     1.058    -5.821     0.529
     1.058    -5.556     0.529
     1.058    -5.292     0.529
     1.058    -5.027     0.529
     1.058    -4.763     0.529
     1.058    -4.498     0.529
     1.058    -4.233     0.529
     1.058    -3.969     0.529
     1.058    -3.704     0.529
     1.058    -3.440     0.529
     1.058    -3.175     0.529
     1.058    -2.910     0.529
     1.058    -2.646     0.529
     1.058    -2.381     0.529
     1.058    -2.117     0.529
     1.058    -1.852     0.529
     1.058    -1.588     0.529
     1.058    -1.323     0.529
     1.058    -1.058     0.529
     1.058    -0.794     0.529
     1.058    -0.529     0.529
     1.058    -0.265     0.529
     1.058     0.000     0.529
     1.058     0.265     0.529
     1.058     0.529     0.529
     1.058     0.794     0.529
     1.058     1.058     0.529
     1.058     1.323     0.529
     1.058     1.588     0.529
     1.058     1.852     0.529
     1.058     2.117     0.529
     1.058     2.381     0.529
     1.058     2.646     0.529
     1.058     2.910     0.529
     1.058     3.175     0.529
     1.058     3.440     0.529
     1.058     3.704     0.529
     1.058     3.969     0.529
     1.058     4.233     0.529
     1.058     4.498     0.529
     1.058     4.763     0.529
     1.058     5.027     0.529
     1.058     5.292     0.529
     1.058     5.556     0.529
     1.058     5.821     0.529
     1.058     6.086     0.529
     1.058     6.350     0.529
     1.058     6.615     0.529
     1.058     6.879     0.529
     1.058     7.144     0.529
     1.058     7.408     0.529
     1.058     7.673     0.529
     1.058     7.938     0.529
     1.058     8.202     0.529
     1.058     8.467     0.529
     1.058     8.731     0.529
     1.058     8.996     0.529
     1.058     9.261     0.529
     1.058     9.525     0.529
     1.058     9.790     0.529
     1.058    10.054     0.529
     1.058    10.319     0.529
     1.058    10.584     0.529
     1.323   -10.584     0.529
     1.323   -10.319     0.529
     1.323   -10.054     0.529
     1.323    -9.790     0.529
     1.323    -9.525     0.529
     1.323    -9.261     0.529
     1.323    -8.996     0.529
     1.323    -8.731     0.529
     1.323    -8.467     0.529
     1.323    -8.202     0.529
     1.323    -7.938     0.529
     1.323    -7.673     0.529
     1.323    -7.408     0.529
     1.323    -7.144     0.529
     1.323    -6.879     0.529
     1.323    -6.615     0.529
     1.323    -6.350     0.529
     1.323    -6.086     0.529
     1.323    -5.821     0.529
     1.323    -5.556     0.529
     1.323    -5.292     0.529
     1.323    -5.027     0.529
     1.323    -4.763     0.529
     1.323    -4.498     0.529
     1.323    -4.233     0.529
     1.323    -3.969     0.529
     1.323    -3.704     0.529
     1.323    -3.440     0.529
     1.323    -3.175     0.529
     1.323    -2.910     0.529
     1.323    -2.646     0.529
     1.323    -2.381     0.529
     1.323    -2.117     0.529
     1.323    -1.852     0.529
     1.323    -1.588     0.529
     1.323    -1.323     0.529
     1.323    -1.058     0.529
     1.323    -0.794     0.529
     1.323    -0.529     0.529
     1.323    -0.265     0.529
     1.323     0.000     0.529
     1.323     0.265     0.529
     1.323     0.529     0.529
     1.323     0.794     0.529
     1.323     1.058     0.529
     1.323     1.323     0.529
     1.323     1.588     0.529
     1.323     1.852     0.529
     1.323     2.117     0.529
     1.323     2.381     0.529
     1.323     2.646     0.529
     1.323     2.910     0.529
     1.323     3.175     0.529
     1.323     3.440     0.529
     1.323     3.704     0.529
     1.323     3.969     0.529
     1.323     4.233     0.529
     1.323     4.498     0.529
     1.323     4.763     0.529
     1.323     5.027     0.529
     1.323     5.292     0.529
     1.323     5.556     0.529
     1.323     5.821     0.529
     1.323     6.086     0.529
     1.323     6.350     0.529
     1.323     6.615     0.529
     1.323     6.879     0.529
     1.323     7.144     0.529
     1.323     7.408     0.529
     1.323     7.673     0.529
     1.323     7.938     0.529
     1.323     8.202     0.529
     1.323     8.467     0.529
     1.323     8.731     0.529
     1.323     8.996     0.529
     1.323     9.261     0.529
     1.323     9.525     0.529
     1.323     9.790     0.529
     1.323    10.054     0.529
     1.323    10.319     0.529
     1.323    10.584     0.529
     1.588   -10.584     0.529
     1.588   -10.319     0.529
     1.588   -10.054     0.529
     1.588    -9.790     0.529
     1.588    -9.525     0.529
     1.588    -9.261     0.529
     1.588    -8.996     0.529
     1.588    -8.731     0.529
     1.588    -8.467     0.529
     1.588    -8.202     0.529
     1.588    -7.938     0.529
     1.588    -7.673     0.529
     1.588    -7.408     0.529
     1.588    -7.144     0.529
     1.588    -6.879     0.529
     1.588    -6.615     0.529
     1.588    -6.350     0.529
     1.588    -6.086     0.529
     1.588    -5.821     0.529
     1.588    -5.556     0.529
     1.588    -5.292     0.529
     1.588    -5.027     0.529
     1.588    -4.763     0.529
     1.588    -4.498     0.529
     1.588    -4.233     0.529
     1.588    -3.969     0.529
     1.588    -3.704     0.529
     1.588    -3.440     0.529
     1.588    -3.175     0.529
     1.588    -2.910     0.529
     1.588    -2.646     0.529
     1.588    -2.381     0.529
     1.588    -2.117     0.529
     1.588    -1.852     0.529
     1.588    -1.588     0.529
     1.588    -1.323     0.529
     1.588    -1.058     0.529
     1.588    -0.794     0.529
     1.588    -0.529     0.529
     1.588    -0.265     0.529
     1.588     0.000     0.529
     1.588     0.265     0.529
     1.588     0.529     0.529
     1.588     0.794     0.529
     1.588     1.058     0.529
     1.588     1.323     0.529
     1.588     1.588     0.529
     1.588     1.852     0.529
     1.588     2.117     0.529
     1.588     2.381     0.529
     1.588     2.646     0.529
     1.588     2.910     0.529
     1.588     3.175     0.529
     1.588     3.440     0.529
     1.588     3.704     0.529
     1.588     3.969     0.529
     1.588     4.233     0.529
     1.588     4.498     0.529
     1.588     4.763     0.529
     1.588     5.027     0.529
     1.588     5.292     0.529
     1.588     5.556     0.529
     1.588     5.821     0.529
     1.588     6.086     0.529
     1.588     6.350     0.529
     1.588     6.615     0.529
     1.588     6.879     0.529
     1.588     7.144     0.529
     1.588     7.408     0.529
     1.588     7.673     0.529
     1.588     7.938     0.529
     1.588     8.202     0.529
     1.588     8.467     0.529
     1.588     8.731     0.529
     1.588     8.996     0.529
     1.588     9.261     0.529
     1.588     9.525     0.529
     1.588     9.790     0.529
     1.588    10.054     0.529
     1.588    10.319     0.529
     1.588    10.584     0.529
     1.852   -10.584     0.529
     1.852   -10.319     0.529
     1.852   -10.054     0.529
     1.852    -9.790     0.529
     1.852    -9.525     0.529
     1.852    -9.261     0.529
     1.852    -8.996     0.529
     1.852    -8.731     0.529
     1.852    -8.467     0.529
     1.852    -8.202     0.529
     1.852    -7.938     0.529
     1.852    -7.673     0.529
     1.852    -7.408     0.529
     1.852    -7.144     0.529
     1.852    -6.879     0.529
     1.852    -6.615     0.529
     1.852    -6.350     0.529
     1.852    -6.086     0.529
     1.852    -5.821     0.529
     1.852    -5.556     0.529
     1.852    -5.292     0.529
     1.852    -5.027     0.529
     1.852    -4.763     0.529
     1.852    -4.498     0.529
     1.852    -4.233     0.529
     1.852    -3.969     0.529
     1.852    -3.704     0.529
     1.852    -3.440     0.529
     1.852    -3.175     0.529
     1.852    -2.910     0.529
     1.852    -2.646     0.529
     1.852    -2.381     0.529
     1.852    -2.117     0.529
     1.852    -1.852     0.529
     1.852    -1.588     0.529
     1.852    -1.323     0.529
     1.852    -1.058     0.529
     1.852    -0.794     0.529
     1.852    -0.529     0.529
     1.852    -0.265     0.529
     1.852     0.000     0.529
     1.852     0.265     0.529
     1.852     0.529     0.529
     1.852     0.794     0.529
     1.852     1.058     0.529
     1.852     1.323     0.529
     1.852     1.588     0.529
     1.852     1.852     0.529
     1.852     2.117     0.529
     1.852     2.381     0.529
     1.852     2.646     0.529
     1.852     2.910     0.529
     1.852     3.175     0.529
     1.852     3.440     0.529
     1.852     3.704     0.529
     1.852     3.969     0.529
     1.852     4.233     0.529
     1.852     4.498     0.529
     1.852     4.763     0.529
     1.852     5.027     0.529
     1.852     5.292     0.529
     1.852     5.556     0.529
     1.852     5.821     0.529
     1.852     6.086     0.529
     1.852     6.350     0.529
     1.852     6.615     0.529
     1.852     6.879     0.529
     1.852     7.144     0.529
     1.852     7.408     0.529
     1.852     7.673     0.529
     1.852     7.938     0.529
     1.852     8.202     0.529
     1.852     8.467     0.529
     1.852     8.731     0.529
     1.852     8.996     0.529
     1.852     9.261     0.529
     1.852     9.525     0.529
     1.852     9.790     0.529
     1.852    10.054     0.529
     1.852    10.319     0.529
     1.852    10.584     0.529
     2.117   -10.584     0.529
     2.117   -10.319     0.529
     2.117   -10.054     0.529
     2.117    -9.790     0.529
     2.117    -9.525     0.529
     2.117    -9.261     0.529
     2.117    -8.996     0.529
     2.117    -8.731     0.529
     2.117    -8.467     0.529
     2.117    -8.202     0.529
     2.117    -7.938     0.529
     2.117    -7.673     0.529
     2.117    -7.408     0.529
     2.117    -7.144     0.529
     2.117    -6.879     0.529
     2.117    -6.615     0.529
     2.117    -6.350     0.529
     2.117    -6.086     0.529
     2.117    -5.821     0.529
     2.117    -5.556     0.529
     2.117    -5.292     0.529
     2.117    -5.027     0.529
     2.117    -4.763     0.529
     2.117    -4.498     0.529
     2.117    -4.233     0.529
     2.117    -3.969     0.529
     2.117    -3.704     0.529
     2.117    -3.440     0.529
     2.117    -3.175     0.529
     2.117    -2.910     0.529
     2.117    -2.646     0.529
     2.117    -2.381     0.529
     2.117    -2.117     0.529
     2.117    -1.852     0.529
     2.117    -1.588     0.529
     2.117    -1.323     0.529
     2.117    -1.058     0.529
     2.117    -0.794     0.529
     2.117    -0.529     0.529
     2.117    -0.265     0.529
     2.117     0.000     0.529
     2.117     0.265     0.529
     2.117     0.529     0.529
     2.117     0.794     0.529
     2.117     1.058     0.529
     2.117     1.323     0.529
     2.117     1.588     0.529
     2.117     1.852     0.529
     2.117     2.117     0.529
     2.117     2.381     0.529
     2.117     2.646     0.529
     2.117     2.910     0.529
     2.117     3.175     0.529
     2.117     3.440     0.529
     2.117     3.704     0.529
     2.117     3.969     0.529
     2.117     4.233     0.529
     2.117     4.498     0.529
     2.117     4.763     0.529
     2.117     5.027     0.529
     2.117     5.292     0.529
     2.117     5.556     0.529
     2.117     5.821     0.529
     2.117     6.086     0.529
     2.117     6.350     0.529
     2.117     6.615     0.529
     2.117     6.879     0.529
     2.117     7.144     0.529
     2.117     7.408     0.529
     2.117     7.673     0.529
     2.117     7.938     0.529
     2.117     8.202     0.529
     2.117     8.467     0.529
     2.117     8.731     0.529
     2.117     8.996     0.529
     2.117     9.261     0.529
     2.117     9.525     0.529
     2.117     9.790     0.529
     2.117    10.054     0.529
     2.117    10.319     0.529
     2.117    10.584     0.529
     2.381   -10.584     0.529
     2.381   -10.319     0.529
     2.381   -10.054     0.529
     2.381    -9.790     0.529
     2.381    -9.525     0.529
     2.381    -9.261     0.529
     2.381    -8.996     0.529
     2.381    -8.731     0.529
     2.381    -8.467     0.529
     2.381    -8.202     0.529
     2.381    -7.938     0.529
     2.381    -7.673     0.529
     2.381    -7.408     0.529
     2.381    -7.144     0.529
     2.381    -6.879     0.529
     2.381    -6.615     0.529
     2.381    -6.350     0.529
     2.381    -6.086     0.529
     2.381    -5.821     0.529
     2.381    -5.556     0.529
     2.381    -5.292     0.529
     2.381    -5.027     0.529
     2.381    -4.763     0.529
     2.381    -4.498     0.529
     2.381    -4.233     0.529
     2.381    -3.969     0.529
     2.381    -3.704     0.529
     2.381    -3.440     0.529
     2.381    -3.175     0.529
     2.381    -2.910     0.529
     2.381    -2.646     0.529
     2.381    -2.381     0.529
     2.381    -2.117     0.529
     2.381    -1.852     0.529
     2.381    -1.588     0.529
     2.381    -1.323     0.529
     2.381    -1.058     0.529
     2.381    -0.794     0.529
     2.381    -0.529     0.529
     2.381    -0.265     0.529
     2.381     0.000     0.529
     2.381     0.265     0.529
     2.381     0.529     0.529
     2.381     0.794     0.529
     2.381     1.058     0.529
     2.381     1.323     0.529
     2.381     1.588     0.529
     2.381     1.852     0.529
     2.381     2.117     0.529
     2.381     2.381     0.529
     2.381     2.646     0.529
     2.381     2.910     0.529
     2.381     3.175     0.529
     2.381     3.440     0.529
     2.381     3.704     0.529
     2.381     3.969     0.529
     2.381     4.233     0.529
     2.381     4.498     0.529
     2.381     4.763     0.529
     2.381     5.027     0.529
     2.381     5.292     0.529
     2.381     5.556     0.529
     2.381     5.821     0.529
     2.381     6.086     0.529
     2.381     6.350     0.529
     2.381     6.615     0.529
     2.381     6.879     0.529
     2.381     7.144     0.529
     2.381     7.408     0.529
     2.381     7.673     0.529
     2.381     7.938     0.529
     2.381     8.202     0.529
     2.381     8.467     0.529
     2.381     8.731     0.529
     2.381     8.996     0.529
     2.381     9.261     0.529
     2.381     9.525     0.529
     2.381     9.790     0.529
     2.381    10.054     0.529
     2.381    10.319     0.529
     2.381    10.584     0.529
     2.646   -10.584     0.529
     2.646   -10.319     0.529
     2.646   -10.054     0.529
     2.646    -9.790     0.529
     2.646    -9.525     0.529
     2.646    -9.261     0.529
     2.646    -8.996     0.529
     2.646    -8.731     0.529
     2.646    -8.467     0.529
     2.646    -8.202     0.529
     2.646    -7.938     0.529
     2.646    -7.673     0.529
     2.646    -7.408     0.529
     2.646    -7.144     0.529
     2.646    -6.879     0.529
     2.646    -6.615     0.529
     2.646    -6.350     0.529
     2.646    -6.086     0.529
     2.646    -5.821     0.529
     2.646    -5.556     0.529
     2.646    -5.292     0.529
     2.646    -5.027     0.529
     2.646    -4.763     0.529
     2.646    -4.498     0.529
     2.646    -4.233     0.529
     2.646    -3.969     0.529
     2.646    -3.704     0.529
     2.646    -3.440     0.529
     2.646    -3.175     0.529
     2.646    -2.910     0.529
     2.646    -2.646     0.529
     2.646    -2.381     0.529
     2.646    -2.117     0.529
     2.646    -1.852     0.529
     2.646    -1.588     0.529
     2.646    -1.323     0.529
     2.646    -1.058     0.529
     2.646    -0.794     0.529
     2.646    -0.529     0.529
     2.646    -0.265     0.529
     2.646     0.000     0.529
     2.646     0.265     0.529
     2.646     0.529     0.529
     2.646     0.794     0.529
     2.646     1.058     0.529
     2.646     1.323     0.529
     2.646     1.588     0.529
     2.646     1.852     0.529
     2.646     2.117     0.529
     2.646     2.381     0.529
     2.646     2.646     0.529
     2.646     2.910     0.529
     2.646     3.175     0.529
     2.646     3.440     0.529
     2.646     3.704     0.529
     2.646     3.969     0.529
     2.646     4.233     0.529
     2.646     4.498     0.529
     2.646     4.763     0.529
     2.646     5.027     0.529
     2.646     5.292     0.529
     2.646     5.556     0.529
     2.646     5.821     0.529
     2.646     6.086     0.529
     2.646     6.350     0.529
     2.646     6.615     0.529
     2.646     6.879     0.529
     2.646     7.144     0.529
     2.646     7.408     0.529
     2.646     7.673     0.529
     2.646     7.938     0.529
     2.646     8.202     0.529
     2.646     8.467     0.529
     2.646     8.731     0.529
     2.646     8.996     0.529
     2.646     9.261     0.529
     2.646     9.525     0.529
     2.646     9.790     0.529
     2.646    10.054     0.529
     2.646    10.319     0.529
     2.646    10.584     0.529
     2.910   -10.584     0.529
     2.910   -10.319     0.529
     2.910   -10.054     0.529
     2.910    -9.790     0.529
     2.910    -9.525     0.529
     2.910    -9.261     0.529
     2.910    -8.996     0.529
     2.910    -8.731     0.529
     2.910    -8.467     0.529
     2.910    -8.202     0.529
     2.910    -7.938     0.529
     2.910    -7.673     0.529
     2.910    -7.408     0.529
     2.910    -7.144     0.529
     2.910    -6.879     0.529
     2.910    -6.615     0.529
     2.910    -6.350     0.529
     2.910    -6.086     0.529
     2.910    -5.821     0.529
     2.910    -5.556     0.529
     2.910    -5.292     0.529
     2.910    -5.027     0.529
     2.910    -4.763     0.529
     2.910    -4.498     0.529
     2.910    -4.233     0.529
     2.910    -3.969     0.529
     2.910    -3.704     0.529
     2.910    -3.440     0.529
     2.910    -3.175     0.529
     2.910    -2.910     0.529
     2.910    -2.646     0.529
     2.910    -2.381     0.529
     2.910    -2.117     0.529
     2.910    -1.852     0.529
     2.910    -1.588     0.529
     2.910    -1.323     0.529
     2.910    -1.058     0.529
     2.910    -0.794     0.529
     2.910    -0.529     0.529
     2.910    -0.265     0.529
     2.910     0.000     0.529
     2.910     0.265     0.529
     2.910     0.529     0.529
     2.910     0.794     0.529
     2.910     1.058     0.529
     2.910     1.323     0.529
     2.910     1.588     0.529
     2.910     1.852     0.529
     2.910     2.117     0.529
     2.910     2.381     0.529
     2.910     2.646     0.529
     2.910     2.910     0.529
     2.910     3.175     0.529
     2.910     3.440     0.529
     2.910     3.704     0.529
     2.910     3.969     0.529
     2.910     4.233     0.529
     2.910     4.498     0.529
     2.910     4.763     0.529
     2.910     5.027     0.529
     2.910     5.292     0.529
     2.910     5.556     0.529
     2.910     5.821     0.529
     2.910     6.086     0.529
     2.910     6.350     0.529
     2.910     6.615     0.529
     2.910     6.879     0.529
     2.910     7.144     0.529
     2.910     7.408     0.529
     2.910     7.673     0.529
     2.910     7.938     0.529
     2.910     8.202     0.529
     2.910     8.467     0.529
     2.910     8.731     0.529
     2.910     8.996     0.529
     2.910     9.261     0.529
     2.910     9.525     0.529
     2.910     9.790     0.529
     2.910    10.054     0.529
     2.910    10.319     0.529
     2.910    10.584     0.529
     3.175   -10.584     0.529
     3.175   -10.319     0.529
     3.175   -10.054     0.529
     3.175    -9.790     0.529
     3.175    -9.525     0.529
     3.175    -9.261     0.529
     3.175    -8.996     0.529
     3.175    -8.731     0.529
     3.175    -8.467     0.529
     3.175    -8.202     0.529
     3.175    -7.938     0.529
     3.175    -7.673     0.529
     3.175    -7.408     0.529
     3.175    -7.144     0.529
     3.175    -6.879     0.529
     3.175    -6.615     0.529
     3.175    -6.350     0.529
     3.175    -6.086     0.529
     3.175    -5.821     0.529
     3.175    -5.556     0.529
     3.175    -5.292     0.529
     3.175    -5.027     0.529
     3.175    -4.763     0.529
     3.175    -4.498     0.529
     3.175    -4.233     0.529
     3.175    -3.969     0.529
     3.175    -3.704     0.529
     3.175    -3.440     0.529
     3.175    -3.175     0.529
     3.175    -2.910     0.529
     3.175    -2.646     0.529
     3.175    -2.381     0.529
     3.175    -2.117     0.529
     3.175    -1.852     0.529
     3.175    -1.588     0.529
     3.175    -1.323     0.529
     3.175    -1.058     0.529
     3.175    -0.794     0.529
     3.175    -0.529     0.529
     3.175    -0.265     0.529
     3.175     0.000     0.529
     3.175     0.265     0.529
     3.175     0.529     0.529
     3.175     0.794     0.529
     3.175     1.058     0.529
     3.175     1.323     0.529
     3.175     1.588     0.529
     3.175     1.852     0.529
     3.175     2.117     0.529
     3.175     2.381     0.529
     3.175     2.646     0.529
     3.175     2.910     0.529
     3.175     3.175     0.529
     3.175     3.440     0.529
     3.175     3.704     0.529
     3.175     3.969     0.529
     3.175     4.233     0.529
     3.175     4.498     0.529
     3.175     4.763     0.529
     3.175     5.027     0.529
     3.175     5.292     0.529
     3.175     5.556     0.529
     3.175     5.821     0.529
     3.175     6.086     0.529
     3.175     6.350     0.529
     3.175     6.615     0.529
     3.175     6.879     0.529
     3.175     7.144     0.529
     3.175     7.408     0.529
     3.175     7.673     0.529
     3.175     7.938     0.529
     3.175     8.202     0.529
     3.175     8.467     0.529
     3.175     8.731     0.529
     3.175     8.996     0.529
     3.175     9.261     0.529
     3.175     9.525     0.529
     3.175     9.790     0.529
     3.175    10.054     0.529
     3.175    10.319     0.529
     3.175    10.584     0.529
     3.440   -10.584     0.529
     3.440   -10.319     0.529
     3.440   -10.054     0.529
     3.440    -9.790     0.529
     3.440    -9.525     0.529
     3.440    -9.261     0.529
     3.440    -8.996     0.529
     3.440    -8.731     0.529
     3.440    -8.467     0.529
     3.440    -8.202     0.529
     3.440    -7.938     0.529
     3.440    -7.673     0.529
     3.440    -7.408     0.529
     3.440    -7.144     0.529
     3.440    -6.879     0.529
     3.440    -6.615     0.529
     3.440    -6.350     0.529
     3.440    -6.086     0.529
     3.440    -5.821     0.529
     3.440    -5.556     0.529
     3.440    -5.292     0.529
     3.440    -5.027     0.529
     3.440    -4.763     0.529
     3.440    -4.498     0.529
     3.440    -4.233     0.529
     3.440    -3.969     0.529
     3.440    -3.704     0.529
     3.440    -3.440     0.529
     3.440    -3.175     0.529
     3.440    -2.910     0.529
     3.440    -2.646     0.529
     3.440    -2.381     0.529
     3.440    -2.117     0.529
     3.440    -1.852     0.529
     3.440    -1.588     0.529
     3.440    -1.323     0.529
     3.440    -1.058     0.529
     3.440    -0.794     0.529
     3.440    -0.529     0.529
     3.440    -0.265     0.529
     3.440     0.000     0.529
     3.440     0.265     0.529
     3.440     0.529     0.529
     3.440     0.794     0.529
     3.440     1.058     0.529
     3.440     1.323     0.529
     3.440     1.588     0.529
     3.440     1.852     0.529
     3.440     2.117     0.529
     3.440     2.381     0.529
     3.440     2.646     0.529
     3.440     2.910     0.529
     3.440     3.175     0.529
     3.440     3.440     0.529
     3.440     3.704     0.529
     3.440     3.969     0.529
     3.440     4.233     0.529
     3.440     4.498     0.529
     3.440     4.763     0.529
     3.440     5.027     0.529
     3.440     5.292     0.529
     3.440     5.556     0.529
     3.440     5.821     0.529
     3.440     6.086     0.529
     3.440     6.350     0.529
     3.440     6.615     0.529
     3.440     6.879     0.529
     3.440     7.144     0.529
     3.440     7.408     0.529
     3.440     7.673     0.529
     3.440     7.938     0.529
     3.440     8.202     0.529
     3.440     8.467     0.529
     3.440     8.731     0.529
     3.440     8.996     0.529
     3.440     9.261     0.529
     3.440     9.525     0.529
     3.440     9.790     0.529
     3.440    10.054     0.529
     3.440    10.319     0.529
     3.440    10.584     0.529
     3.704   -10.584     0.529
     3.704   -10.319     0.529
     3.704   -10.054     0.529
     3.704    -9.790     0.529
     3.704    -9.525     0.529
     3.704    -9.261     0.529
     3.704    -8.996     0.529
     3.704    -8.731     0.529
     3.704    -8.467     0.529
     3.704    -8.202     0.529
     3.704    -7.938     0.529
     3.704    -7.673     0.529
     3.704    -7.408     0.529
     3.704    -7.144     0.529
     3.704    -6.879     0.529
     3.704    -6.615     0.529
     3.704    -6.350     0.529
     3.704    -6.086     0.529
     3.704    -5.821     0.529
     3.704    -5.556     0.529
     3.704    -5.292     0.529
     3.704    -5.027     0.529
     3.704    -4.763     0.529
     3.704    -4.498     0.529
     3.704    -4.233     0.529
     3.704    -3.969     0.529
     3.704    -3.704     0.529
     3.704    -3.440     0.529
     3.704    -3.175     0.529
     3.704    -2.910     0.529
     3.704    -2.646     0.529
     3.704    -2.381     0.529
     3.704    -2.117     0.529
     3.704    -1.852     0.529
     3.704    -1.588     0.529
     3.704    -1.323     0.529
     3.704    -1.058     0.529
     3.704    -0.794     0.529
     3.704    -0.529     0.529
     3.704    -0.265     0.529
     3.704     0.000     0.529
     3.704     0.265     0.529
     3.704     0.529     0.529
     3.704     0.794     0.529
     3.704     1.058     0.529
     3.704     1.323     0.529
     3.704     1.588     0.529
     3.704     1.852     0.529
     3.704     2.117     0.529
     3.704     2.381     0.529
     3.704     2.646     0.529
     3.704     2.910     0.529
     3.704     3.175     0.529
     3.704     3.440     0.529
     3.704     3.704     0.529
     3.704     3.969     0.529
     3.704     4.233     0.529
     3.704     4.498     0.529
     3.704     4.763     0.529
     3.704     5.027     0.529
     3.704     5.292     0.529
     3.704     5.556     0.529
     3.704     5.821     0.529
     3.704     6.086     0.529
     3.704     6.350     0.529
     3.704     6.615     0.529
     3.704     6.879     0.529
     3.704     7.144     0.529
     3.704     7.408     0.529
     3.704     7.673     0.529
     3.704     7.938     0.529
     3.704     8.202     0.529
     3.704     8.467     0.529
     3.704     8.731     0.529
     3.704     8.996     0.529
     3.704     9.261     0.529
     3.704     9.525     0.529
     3.704     9.790     0.529
     3.704    10.054     0.529
     3.704    10.319     0.529
     3.704    10.584     0.529
     3.969   -10.584     0.529
     3.969   -10.319     0.529
     3.969   -10.054     0.529
     3.969    -9.790     0.529
     3.969    -9.525     0.529
     3.969    -9.261     0.529
     3.969    -8.996     0.529
     3.969    -8.731     0.529
     3.969    -8.467     0.529
     3.969    -8.202     0.529
     3.969    -7.938     0.529
     3.969    -7.673     0.529
     3.969    -7.408     0.529
     3.969    -7.144     0.529
     3.969    -6.879     0.529
     3.969    -6.615     0.529
     3.969    -6.350     0.529
     3.969    -6.086     0.529
     3.969    -5.821     0.529
     3.969    -5.556     0.529
     3.969    -5.292     0.529
     3.969    -5.027     0.529
     3.969    -4.763     0.529
     3.969    -4.498     0.529
     3.969    -4.233     0.529
     3.969    -3.969     0.529
     3.969    -3.704     0.529
     3.969    -3.440     0.529
     3.969    -3.175     0.529
     3.969    -2.910     0.529
     3.969    -2.646     0.529
     3.969    -2.381     0.529
     3.969    -2.117     0.529
     3.969    -1.852     0.529
     3.969    -1.588     0.529
     3.969    -1.323     0.529
     3.969    -1.058     0.529
     3.969    -0.794     0.529
     3.969    -0.529     0.529
     3.969    -0.265     0.529
     3.969     0.000     0.529
     3.969     0.265     0.529
     3.969     0.529     0.529
     3.969     0.794     0.529
     3.969     1.058     0.529
     3.969     1.323     0.529
     3.969     1.588     0.529
     3.969     1.852     0.529
     3.969     2.117     0.529
     3.969     2.381     0.529
     3.969     2.646     0.529
     3.969     2.910     0.529
     3.969     3.175     0.529
     3.969     3.440     0.529
     3.969     3.704     0.529
     3.969     3.969     0.529
     3.969     4.233     0.529
     3.969     4.498     0.529
     3.969     4.763     0.529
     3.969     5.027     0.529
     3.969     5.292     0.529
     3.969     5.556     0.529
     3.969     5.821     0.529
     3.969     6.086     0.529
     3.969     6.350     0.529
     3.969     6.615     0.529
     3.969     6.879     0.529
     3.969     7.144     0.529
     3.969     7.408     0.529
     3.969     7.673     0.529
     3.969     7.938     0.529
     3.969     8.202     0.529
     3.969     8.467     0.529
     3.969     8.731     0.529
     3.969     8.996     0.529
     3.969     9.261     0.529
     3.969     9.525     0.529
     3.969     9.790     0.529
     3.969    10.054     0.529
     3.969    10.319     0.529
     3.969    10.584     0.529
     4.233   -10.584     0.529
     4.233   -10.319     0.529
     4.233   -10.054     0.529
     4.233    -9.790     0.529
     4.233    -9.525     0.529
     4.233    -9.261     0.529
     4.233    -8.996     0.529
     4.233    -8.731     0.529
     4.233    -8.467     0.529
     4.233    -8.202     0.529
     4.233    -7.938     0.529
     4.233    -7.673     0.529
     4.233    -7.408     0.529
     4.233    -7.144     0.529
     4.233    -6.879     0.529
     4.233    -6.615     0.529
     4.233    -6.350     0.529
     4.233    -6.086     0.529
     4.233    -5.821     0.529
     4.233    -5.556     0.529
     4.233    -5.292     0.529
     4.233    -5.027     0.529
     4.233    -4.763     0.529
     4.233    -4.498     0.529
     4.233    -4.233     0.529
     4.233    -3.969     0.529
     4.233    -3.704     0.529
     4.233    -3.440     0.529
     4.233    -3.175     0.529
     4.233    -2.910     0.529
     4.233    -2.646     0.529
     4.233    -2.381     0.529
     4.233    -2.117     0.529
     4.233    -1.852     0.529
     4.233    -1.588     0.529
     4.233    -1.323     0.529
     4.233    -1.058     0.529
     4.233    -0.794     0.529
     4.233    -0.529     0.529
     4.233    -0.265     0.529
     4.233     0.000     0.529
     4.233     0.265     0.529
     4.233     0.529     0.529
     4.233     0.794     0.529
     4.233     1.058     0.529
     4.233     1.323     0.529
     4.233     1.588     0.529
     4.233     1.852     0.529
     4.233     2.117     0.529
     4.233     2.381     0.529
     4.233     2.646     0.529
     4.233     2.910     0.529
     4.233     3.175     0.529
     4.233     3.440     0.529
     4.233     3.704     0.529
     4.233     3.969     0.529
     4.233     4.233     0.529
     4.233     4.498     0.529
     4.233     4.763     0.529
     4.233     5.027     0.529
     4.233     5.292     0.529
     4.233     5.556     0.529
     4.233     5.821     0.529
     4.233     6.086     0.529
     4.233     6.350     0.529
     4.233     6.615     0.529
     4.233     6.879     0.529
     4.233     7.144     0.529
     4.233     7.408     0.529
     4.233     7.673     0.529
     4.233     7.938     0.529
     4.233     8.202     0.529
     4.233     8.467     0.529
     4.233     8.731     0.529
     4.233     8.996     0.529
     4.233     9.261     0.529
     4.233     9.525     0.529
     4.233     9.790     0.529
     4.233    10.054     0.529
     4.233    10.319     0.529
     4.233    10.584     0.529
     4.498   -10.584     0.529
     4.498   -10.319     0.529
     4.498   -10.054     0.529
     4.498    -9.790     0.529
     4.498    -9.525     0.529
     4.498    -9.261     0.529
     4.498    -8.996     0.529
     4.498    -8.731     0.529
     4.498    -8.467     0.529
     4.498    -8.202     0.529
     4.498    -7.938     0.529
     4.498    -7.673     0.529
     4.498    -7.408     0.529
     4.498    -7.144     0.529
     4.498    -6.879     0.529
     4.498    -6.615     0.529
     4.498    -6.350     0.529
     4.498    -6.086     0.529
     4.498    -5.821     0.529
     4.498    -5.556     0.529
     4.498    -5.292     0.529
     4.498    -5.027     0.529
     4.498    -4.763     0.529
     4.498    -4.498     0.529
     4.498    -4.233     0.529
     4.498    -3.969     0.529
     4.498    -3.704     0.529
     4.498    -3.440     0.529
     4.498    -3.175     0.529
     4.498    -2.910     0.529
     4.498    -2.646     0.529
     4.498    -2.381     0.529
     4.498    -2.117     0.529
     4.498    -1.852     0.529
     4.498    -1.588     0.529
     4.498    -1.323     0.529
     4.498    -1.058     0.529
     4.498    -0.794     0.529
     4.498    -0.529     0.529
     4.498    -0.265     0.529
     4.498     0.000     0.529
     4.498     0.265     0.529
     4.498     0.529     0.529
     4.498     0.794     0.529
     4.498     1.058     0.529
     4.498     1.323     0.529
     4.498     1.588     0.529
     4.498     1.852     0.529
     4.498     2.117     0.529
     4.498     2.381     0.529
     4.498     2.646     0.529
     4.498     2.910     0.529
     4.498     3.175     0.529
     4.498     3.440     0.529
     4.498     3.704     0.529
     4.498     3.969     0.529
     4.498     4.233     0.529
     4.498     4.498     0.529
     4.498     4.763     0.529
     4.498     5.027     0.529
     4.498     5.292     0.529
     4.498     5.556     0.529
     4.498     5.821     0.529
     4.498     6.086     0.529
     4.498     6.350     0.529
     4.498     6.615     0.529
     4.498     6.879     0.529
     4.498     7.144     0.529
     4.498     7.408     0.529
     4.498     7.673     0.529
     4.498     7.938     0.529
     4.498     8.202     0.529
     4.498     8.467     0.529
     4.498     8.731     0.529
     4.498     8.996     0.529
     4.498     9.261     0.529
     4.498     9.525     0.529
     4.498     9.790     0.529
     4.498    10.054     0.529
     4.498    10.319     0.529
     4.498    10.584     0.529
     4.763   -10.584     0.529
     4.763   -10.319     0.529
     4.763   -10.054     0.529
     4.763    -9.790     0.529
     4.763    -9.525     0.529
     4.763    -9.261     0.529
     4.763    -8.996     0.529
     4.763    -8.731     0.529
     4.763    -8.467     0.529
     4.763    -8.202     0.529
     4.763    -7.938     0.529
     4.763    -7.673     0.529
     4.763    -7.408     0.529
     4.763    -7.144     0.529
     4.763    -6.879     0.529
     4.763    -6.615     0.529
     4.763    -6.350     0.529
     4.763    -6.086     0.529
     4.763    -5.821     0.529
     4.763    -5.556     0.529
     4.763    -5.292     0.529
     4.763    -5.027     0.529
     4.763    -4.763     0.529
     4.763    -4.498     0.529
     4.763    -4.233     0.529
     4.763    -3.969     0.529
     4.763    -3.704     0.529
     4.763    -3.440     0.529
     4.763    -3.175     0.529
     4.763    -2.910     0.529
     4.763    -2.646     0.529
     4.763    -2.381     0.529
     4.763    -2.117     0.529
     4.763    -1.852     0.529
     4.763    -1.588     0.529
     4.763    -1.323     0.529
     4.763    -1.058     0.529
     4.763    -0.794     0.529
     4.763    -0.529     0.529
     4.763    -0.265     0.529
     4.763     0.000     0.529
     4.763     0.265     0.529
     4.763     0.529     0.529
     4.763     0.794     0.529
     4.763     1.058     0.529
     4.763     1.323     0.529
     4.763     1.588     0.529
     4.763     1.852     0.529
     4.763     2.117     0.529
     4.763     2.381     0.529
     4.763     2.646     0.529
     4.763     2.910     0.529
     4.763     3.175     0.529
     4.763     3.440     0.529
     4.763     3.704     0.529
     4.763     3.969     0.529
     4.763     4.233     0.529
     4.763     4.498     0.529
     4.763     4.763     0.529
     4.763     5.027     0.529
     4.763     5.292     0.529
     4.763     5.556     0.529
     4.763     5.821     0.529
     4.763     6.086     0.529
     4.763     6.350     0.529
     4.763     6.615     0.529
     4.763     6.879     0.529
     4.763     7.144     0.529
     4.763     7.408     0.529
     4.763     7.673     0.529
     4.763     7.938     0.529
     4.763     8.202     0.529
     4.763     8.467     0.529
     4.763     8.731     0.529
     4.763     8.996     0.529
     4.763     9.261     0.529
     4.763     9.525     0.529
     4.763     9.790     0.529
     4.763    10.054     0.529
     4.763    10.319     0.529
     4.763    10.584     0.529
     5.027   -10.584     0.529
     5.027   -10.319     0.529
     5.027   -10.054     0.529
     5.027    -9.790     0.529
     5.027    -9.525     0.529
     5.027    -9.261     0.529
     5.027    -8.996     0.529
     5.027    -8.731     0.529
     5.027    -8.467     0.529
     5.027    -8.202     0.529
     5.027    -7.938     0.529
     5.027    -7.673     0.529
     5.027    -7.408     0.529
     5.027    -7.144     0.529
     5.027    -6.879     0.529
     5.027    -6.615     0.529
     5.027    -6.350     0.529
     5.027    -6.086     0.529
     5.027    -5.821     0.529
     5.027    -5.556     0.529
     5.027    -5.292     0.529
     5.027    -5.027     0.529
     5.027    -4.763     0.529
     5.027    -4.498     0.529
     5.027    -4.233     0.529
     5.027    -3.969     0.529
     5.027    -3.704     0.529
     5.027    -3.440     0.529
     5.027    -3.175     0.529
     5.027    -2.910     0.529
     5.027    -2.646     0.529
     5.027    -2.381     0.529
     5.027    -2.117     0.529
     5.027    -1.852     0.529
     5.027    -1.588     0.529
     5.027    -1.323     0.529
     5.027    -1.058     0.529
     5.027    -0.794     0.529
     5.027    -0.529     0.529
     5.027    -0.265     0.529
     5.027     0.000     0.529
     5.027     0.265     0.529
     5.027     0.529     0.529
     5.027     0.794     0.529
     5.027     1.058     0.529
     5.027     1.323     0.529
     5.027     1.588     0.529
     5.027     1.852     0.529
     5.027     2.117     0.529
     5.027     2.381     0.529
     5.027     2.646     0.529
     5.027     2.910     0.529
     5.027     3.175     0.529
     5.027     3.440     0.529
     5.027     3.704     0.529
     5.027     3.969     0.529
     5.027     4.233     0.529
     5.027     4.498     0.529
     5.027     4.763     0.529
     5.027     5.027     0.529
     5.027     5.292     0.529
     5.027     5.556     0.529
     5.027     5.821     0.529
     5.027     6.086     0.529
     5.027     6.350     0.529
     5.027     6.615     0.529
     5.027     6.879     0.529
     5.027     7.144     0.529
     5.027     7.408     0.529
     5.027     7.673     0.529
     5.027     7.938     0.529
     5.027     8.202     0.529
     5.027     8.467     0.529
     5.027     8.731     0.529
     5.027     8.996     0.529
     5.027     9.261     0.529
     5.027     9.525     0.529
     5.027     9.790     0.529
     5.027    10.054     0.529
     5.027    10.319     0.529
     5.027    10.584     0.529
     5.292   -10.584     0.529
     5.292   -10.319     0.529
     5.292   -10.054     0.529
     5.292    -9.790     0.529
     5.292    -9.525     0.529
     5.292    -9.261     0.529
     5.292    -8.996     0.529
     5.292    -8.731     0.529
     5.292    -8.467     0.529
     5.292    -8.202     0.529
     5.292    -7.938     0.529
     5.292    -7.673     0.529
     5.292    -7.408     0.529
     5.292    -7.144     0.529
     5.292    -6.879     0.529
     5.292    -6.615     0.529
     5.292    -6.350     0.529
     5.292    -6.086     0.529
     5.292    -5.821     0.529
     5.292    -5.556     0.529
     5.292    -5.292     0.529
     5.292    -5.027     0.529
     5.292    -4.763     0.529
     5.292    -4.498     0.529
     5.292    -4.233     0.529
     5.292    -3.969     0.529
     5.292    -3.704     0.529
     5.292    -3.440     0.529
     5.292    -3.175     0.529
     5.292    -2.910     0.529
     5.292    -2.646     0.529
     5.292    -2.381     0.529
     5.292    -2.117     0.529
     5.292    -1.852     0.529
     5.292    -1.588     0.529
     5.292    -1.323     0.529
     5.292    -1.058     0.529
     5.292    -0.794     0.529
     5.292    -0.529     0.529
     5.292    -0.265     0.529
     5.292     0.000     0.529
     5.292     0.265     0.529
     5.292     0.529     0.529
     5.292     0.794     0.529
     5.292     1.058     0.529
     5.292     1.323     0.529
     5.292     1.588     0.529
     5.292     1.852     0.529
     5.292     2.117     0.529
     5.292     2.381     0.529
     5.292     2.646     0.529
     5.292     2.910     0.529
     5.292     3.175     0.529
     5.292     3.440     0.529
     5.292     3.704     0.529
     5.292     3.969     0.529
     5.292     4.233     0.529
     5.292     4.498     0.529
     5.292     4.763     0.529
     5.292     5.027     0.529
     5.292     5.292     0.529
     5.292     5.556     0.529
     5.292     5.821     0.529
     5.292     6.086     0.529
     5.292     6.350     0.529
     5.292     6.615     0.529
     5.292     6.879     0.529
     5.292     7.144     0.529
     5.292     7.408     0.529
     5.292     7.673     0.529
     5.292     7.938     0.529
     5.292     8.202     0.529
     5.292     8.467     0.529
     5.292     8.731     0.529
     5.292     8.996     0.529
     5.292     9.261     0.529
     5.292     9.525     0.529
     5.292     9.790     0.529
     5.292    10.054     0.529
     5.292    10.319     0.529
     5.292    10.584     0.529
     5.556   -10.584     0.529
     5.556   -10.319     0.529
     5.556   -10.054     0.529
     5.556    -9.790     0.529
     5.556    -9.525     0.529
     5.556    -9.261     0.529
     5.556    -8.996     0.529
     5.556    -8.731     0.529
     5.556    -8.467     0.529
     5.556    -8.202     0.529
     5.556    -7.938     0.529
     5.556    -7.673     0.529
     5.556    -7.408     0.529
     5.556    -7.144     0.529
     5.556    -6.879     0.529
     5.556    -6.615     0.529
     5.556    -6.350     0.529
     5.556    -6.086     0.529
     5.556    -5.821     0.529
     5.556    -5.556     0.529
     5.556    -5.292     0.529
     5.556    -5.027     0.529
     5.556    -4.763     0.529
     5.556    -4.498     0.529
     5.556    -4.233     0.529
     5.556    -3.969     0.529
     5.556    -3.704     0.529
     5.556    -3.440     0.529
     5.556    -3.175     0.529
     5.556    -2.910     0.529
     5.556    -2.646     0.529
     5.556    -2.381     0.529
     5.556    -2.117     0.529
     5.556    -1.852     0.529
     5.556    -1.588     0.529
     5.556    -1.323     0.529
     5.556    -1.058     0.529
     5.556    -0.794     0.529
     5.556    -0.529     0.529
     5.556    -0.265     0.529
     5.556     0.000     0.529
     5.556     0.265     0.529
     5.556     0.529     0.529
     5.556     0.794     0.529
     5.556     1.058     0.529
     5.556     1.323     0.529
     5.556     1.588     0.529
     5.556     1.852     0.529
     5.556     2.117     0.529
     5.556     2.381     0.529
     5.556     2.646     0.529
     5.556     2.910     0.529
     5.556     3.175     0.529
     5.556     3.440     0.529
     5.556     3.704     0.529
     5.556     3.969     0.529
     5.556     4.233     0.529
     5.556     4.498     0.529
     5.556     4.763     0.529
     5.556     5.027     0.529
     5.556     5.292     0.529
     5.556     5.556     0.529
     5.556     5.821     0.529
     5.556     6.086     0.529
     5.556     6.350     0.529
     5.556     6.615     0.529
     5.556     6.879     0.529
     5.556     7.144     0.529
     5.556     7.408     0.529
     5.556     7.673     0.529
     5.556     7.938     0.529
     5.556     8.202     0.529
     5.556     8.467     0.529
     5.556     8.731     0.529
     5.556     8.996     0.529
     5.556     9.261     0.529
     5.556     9.525     0.529
     5.556     9.790     0.529
     5.556    10.054     0.529
     5.556    10.319     0.529
     5.556    10.584     0.529
     5.821   -10.584     0.529
     5.821   -10.319     0.529
     5.821   -10.054     0.529
     5.821    -9.790     0.529
     5.821    -9.525     0.529
     5.821    -9.261     0.529
     5.821    -8.996     0.529
     5.821    -8.731     0.529
     5.821    -8.467     0.529
     5.821    -8.202     0.529
     5.821    -7.938     0.529
     5.821    -7.673     0.529
     5.821    -7.408     0.529
     5.821    -7.144     0.529
     5.821    -6.879     0.529
     5.821    -6.615     0.529
     5.821    -6.350     0.529
     5.821    -6.086     0.529
     5.821    -5.821     0.529
     5.821    -5.556     0.529
     5.821    -5.292     0.529
     5.821    -5.027     0.529
     5.821    -4.763     0.529
     5.821    -4.498     0.529
     5.821    -4.233     0.529
     5.821    -3.969     0.529
     5.821    -3.704     0.529
     5.821    -3.440     0.529
     5.821    -3.175     0.529
     5.821    -2.910     0.529
     5.821    -2.646     0.529
     5.821    -2.381     0.529
     5.821    -2.117     0.529
     5.821    -1.852     0.529
     5.821    -1.588     0.529
     5.821    -1.323     0.529
     5.821    -1.058     0.529
     5.821    -0.794     0.529
     5.821    -0.529     0.529
     5.821    -0.265     0.529
     5.821     0.000     0.529
     5.821     0.265     0.529
     5.821     0.529     0.529
     5.821     0.794     0.529
     5.821     1.058     0.529
     5.821     1.323     0.529
     5.821     1.588     0.529
     5.821     1.852     0.529
     5.821     2.117     0.529
     5.821     2.381     0.529
     5.821     2.646     0.529
     5.821     2.910     0.529
     5.821     3.175     0.529
     5.821     3.440     0.529
     5.821     3.704     0.529
     5.821     3.969     0.529
     5.821     4.233     0.529
     5.821     4.498     0.529
     5.821     4.763     0.529
     5.821     5.027     0.529
     5.821     5.292     0.529
     5.821     5.556     0.529
     5.821     5.821     0.529
     5.821     6.086     0.529
     5.821     6.350     0.529
     5.821     6.615     0.529
     5.821     6.879     0.529
     5.821     7.144     0.529
     5.821     7.408     0.529
     5.821     7.673     0.529
     5.821     7.938     0.529
     5.821     8.202     0.529
     5.821     8.467     0.529
     5.821     8.731     0.529
     5.821     8.996     0.529
     5.821     9.261     0.529
     5.821     9.525     0.529
     5.821     9.790     0.529
     5.821    10.054     0.529
     5.821    10.319     0.529
     5.821    10.584     0.529
     6.086   -10.584     0.529
     6.086   -10.319     0.529
     6.086   -10.054     0.529
     6.086    -9.790     0.529
     6.086    -9.525     0.529
     6.086    -9.261     0.529
     6.086    -8.996     0.529
     6.086    -8.731     0.529
     6.086    -8.467     0.529
     6.086    -8.202     0.529
     6.086    -7.938     0.529
     6.086    -7.673     0.529
     6.086    -7.408     0.529
     6.086    -7.144     0.529
     6.086    -6.879     0.529
     6.086    -6.615     0.529
     6.086    -6.350     0.529
     6.086    -6.086     0.529
     6.086    -5.821     0.529
     6.086    -5.556     0.529
     6.086    -5.292     0.529
     6.086    -5.027     0.529
     6.086    -4.763     0.529
     6.086    -4.498     0.529
     6.086    -4.233     0.529
     6.086    -3.969     0.529
     6.086    -3.704     0.529
     6.086    -3.440     0.529
     6.086    -3.175     0.529
     6.086    -2.910     0.529
     6.086    -2.646     0.529
     6.086    -2.381     0.529
     6.086    -2.117     0.529
     6.086    -1.852     0.529
     6.086    -1.588     0.529
     6.086    -1.323     0.529
     6.086    -1.058     0.529
     6.086    -0.794     0.529
     6.086    -0.529     0.529
     6.086    -0.265     0.529
     6.086     0.000     0.529
     6.086     0.265     0.529
     6.086     0.529     0.529
     6.086     0.794     0.529
     6.086     1.058     0.529
     6.086     1.323     0.529
     6.086     1.588     0.529
     6.086     1.852     0.529
     6.086     2.117     0.529
     6.086     2.381     0.529
     6.086     2.646     0.529
     6.086     2.910     0.529
     6.086     3.175     0.529
     6.086     3.440     0.529
     6.086     3.704     0.529
     6.086     3.969     0.529
     6.086     4.233     0.529
     6.086     4.498     0.529
     6.086     4.763     0.529
     6.086     5.027     0.529
     6.086     5.292     0.529
     6.086     5.556     0.529
     6.086     5.821     0.529
     6.086     6.086     0.529
     6.086     6.350     0.529
     6.086     6.615     0.529
     6.086     6.879     0.529
     6.086     7.144     0.529
     6.086     7.408     0.529
     6.086     7.673     0.529
     6.086     7.938     0.529
     6.086     8.202     0.529
     6.086     8.467     0.529
     6.086     8.731     0.529
     6.086     8.996     0.529
     6.086     9.261     0.529
     6.086     9.525     0.529
     6.086     9.790     0.529
     6.086    10.054     0.529
     6.086    10.319     0.529
     6.086    10.584     0.529
     6.350   -10.584     0.529
     6.350   -10.319     0.529
     6.350   -10.054     0.529
     6.350    -9.790     0.529
     6.350    -9.525     0.529
     6.350    -9.261     0.529
     6.350    -8.996     0.529
     6.350    -8.731     0.529
     6.350    -8.467     0.529
     6.350    -8.202     0.529
     6.350    -7.938     0.529
     6.350    -7.673     0.529
     6.350    -7.408     0.529
     6.350    -7.144     0.529
     6.350    -6.879     0.529
     6.350    -6.615     0.529
     6.350    -6.350     0.529
     6.350    -6.086     0.529
     6.350    -5.821     0.529
     6.350    -5.556     0.529
     6.350    -5.292     0.529
     6.350    -5.027     0.529
     6.350    -4.763     0.529
     6.350    -4.498     0.529
     6.350    -4.233     0.529
     6.350    -3.969     0.529
     6.350    -3.704     0.529
     6.350    -3.440     0.529
     6.350    -3.175     0.529
     6.350    -2.910     0.529
     6.350    -2.646     0.529
     6.350    -2.381     0.529
     6.350    -2.117     0.529
     6.350    -1.852     0.529
     6.350    -1.588     0.529
     6.350    -1.323     0.529
     6.350    -1.058     0.529
     6.350    -0.794     0.529
     6.350    -0.529     0.529
     6.350    -0.265     0.529
     6.350     0.000     0.529
     6.350     0.265     0.529
     6.350     0.529     0.529
     6.350     0.794     0.529
     6.350     1.058     0.529
     6.350     1.323     0.529
     6.350     1.588     0.529
     6.350     1.852     0.529
     6.350     2.117     0.529
     6.350     2.381     0.529
     6.350     2.646     0.529
     6.350     2.910     0.529
     6.350     3.175     0.529
     6.350     3.440     0.529
     6.350     3.704     0.529
     6.350     3.969     0.529
     6.350     4.233     0.529
     6.350     4.498     0.529
     6.350     4.763     0.529
     6.350     5.027     0.529
     6.350     5.292     0.529
     6.350     5.556     0.529
     6.350     5.821     0.529
     6.350     6.086     0.529
     6.350     6.350     0.529
     6.350     6.615     0.529
     6.350     6.879     0.529
     6.350     7.144     0.529
     6.350     7.408     0.529
     6.350     7.673     0.529
     6.350     7.938     0.529
     6.350     8.202     0.529
     6.350     8.467     0.529
     6.350     8.731     0.529
     6.350     8.996     0.529
     6.350     9.261     0.529
     6.350     9.525     0.529
     6.350     9.790     0.529
     6.350    10.054     0.529
     6.350    10.319     0.529
     6.350    10.584     0.529
     6.615   -10.584     0.529
     6.615   -10.319     0.529
     6.615   -10.054     0.529
     6.615    -9.790     0.529
     6.615    -9.525     0.529
     6.615    -9.261     0.529
     6.615    -8.996     0.529
     6.615    -8.731     0.529
     6.615    -8.467     0.529
     6.615    -8.202     0.529
     6.615    -7.938     0.529
     6.615    -7.673     0.529
     6.615    -7.408     0.529
     6.615    -7.144     0.529
     6.615    -6.879     0.529
     6.615    -6.615     0.529
     6.615    -6.350     0.529
     6.615    -6.086     0.529
     6.615    -5.821     0.529
     6.615    -5.556     0.529
     6.615    -5.292     0.529
     6.615    -5.027     0.529
     6.615    -4.763     0.529
     6.615    -4.498     0.529
     6.615    -4.233     0.529
     6.615    -3.969     0.529
     6.615    -3.704     0.529
     6.615    -3.440     0.529
     6.615    -3.175     0.529
     6.615    -2.910     0.529
     6.615    -2.646     0.529
     6.615    -2.381     0.529
     6.615    -2.117     0.529
     6.615    -1.852     0.529
     6.615    -1.588     0.529
     6.615    -1.323     0.529
     6.615    -1.058     0.529
     6.615    -0.794     0.529
     6.615    -0.529     0.529
     6.615    -0.265     0.529
     6.615     0.000     0.529
     6.615     0.265     0.529
     6.615     0.529     0.529
     6.615     0.794     0.529
     6.615     1.058     0.529
     6.615     1.323     0.529
     6.615     1.588     0.529
     6.615     1.852     0.529
     6.615     2.117     0.529
     6.615     2.381     0.529
     6.615     2.646     0.529
     6.615     2.910     0.529
     6.615     3.175     0.529
     6.615     3.440     0.529
     6.615     3.704     0.529
     6.615     3.969     0.529
     6.615     4.233     0.529
     6.615     4.498     0.529
     6.615     4.763     0.529
     6.615     5.027     0.529
     6.615     5.292     0.529
     6.615     5.556     0.529
     6.615     5.821     0.529
     6.615     6.086     0.529
     6.615     6.350     0.529
     6.615     6.615     0.529
     6.615     6.879     0.529
     6.615     7.144     0.529
     6.615     7.408     0.529
     6.615     7.673     0.529
     6.615     7.938     0.529
     6.615     8.202     0.529
     6.615     8.467     0.529
     6.615     8.731     0.529
     6.615     8.996     0.529
     6.615     9.261     0.529
     6.615     9.525     0.529
     6.615     9.790     0.529
     6.615    10.054     0.529
     6.615    10.319     0.529
     6.615    10.584     0.529
     6.879   -10.584     0.529
     6.879   -10.319     0.529
     6.879   -10.054     0.529
     6.879    -9.790     0.529
     6.879    -9.525     0.529
     6.879    -9.261     0.529
     6.879    -8.996     0.529
     6.879    -8.731     0.529
     6.879    -8.467     0.529
     6.879    -8.202     0.529
     6.879    -7.938     0.529
     6.879    -7.673     0.529
     6.879    -7.408     0.529
     6.879    -7.144     0.529
     6.879    -6.879     0.529
     6.879    -6.615     0.529
     6.879    -6.350     0.529
     6.879    -6.086     0.529
     6.879    -5.821     0.529
     6.879    -5.556     0.529
     6.879    -5.292     0.529
     6.879    -5.027     0.529
     6.879    -4.763     0.529
     6.879    -4.498     0.529
     6.879    -4.233     0.529
     6.879    -3.969     0.529
     6.879    -3.704     0.529
     6.879    -3.440     0.529
     6.879    -3.175     0.529
     6.879    -2.910     0.529
     6.879    -2.646     0.529
     6.879    -2.381     0.529
     6.879    -2.117     0.529
     6.879    -1.852     0.529
     6.879    -1.588     0.529
     6.879    -1.323     0.529
     6.879    -1.058     0.529
     6.879    -0.794     0.529
     6.879    -0.529     0.529
     6.879    -0.265     0.529
     6.879     0.000     0.529
     6.879     0.265     0.529
     6.879     0.529     0.529
     6.879     0.794     0.529
     6.879     1.058     0.529
     6.879     1.323     0.529
     6.879     1.588     0.529
     6.879     1.852     0.529
     6.879     2.117     0.529
     6.879     2.381     0.529
     6.879     2.646     0.529
     6.879     2.910     0.529
     6.879     3.175     0.529
     6.879     3.440     0.529
     6.879     3.704     0.529
     6.879     3.969     0.529
     6.879     4.233     0.529
     6.879     4.498     0.529
     6.879     4.763     0.529
     6.879     5.027     0.529
     6.879     5.292     0.529
     6.879     5.556     0.529
     6.879     5.821     0.529
     6.879     6.086     0.529
     6.879     6.350     0.529
     6.879     6.615     0.529
     6.879     6.879     0.529
     6.879     7.144     0.529
     6.879     7.408     0.529
     6.879     7.673     0.529
     6.879     7.938     0.529
     6.879     8.202     0.529
     6.879     8.467     0.529
     6.879     8.731     0.529
     6.879     8.996     0.529
     6.879     9.261     0.529
     6.879     9.525     0.529
     6.879     9.790     0.529
     6.879    10.054     0.529
     6.879    10.319     0.529
     6.879    10.584     0.529
     7.144   -10.584     0.529
     7.144   -10.319     0.529
     7.144   -10.054     0.529
     7.144    -9.790     0.529
     7.144    -9.525     0.529
     7.144    -9.261     0.529
     7.144    -8.996     0.529
     7.144    -8.731     0.529
     7.144    -8.467     0.529
     7.144    -8.202     0.529
     7.144    -7.938     0.529
     7.144    -7.673     0.529
     7.144    -7.408     0.529
     7.144    -7.144     0.529
     7.144    -6.879     0.529
     7.144    -6.615     0.529
     7.144    -6.350     0.529
     7.144    -6.086     0.529
     7.144    -5.821     0.529
     7.144    -5.556     0.529
     7.144    -5.292     0.529
     7.144    -5.027     0.529
     7.144    -4.763     0.529
     7.144    -4.498     0.529
     7.144    -4.233     0.529
     7.144    -3.969     0.529
     7.144    -3.704     0.529
     7.144    -3.440     0.529
     7.144    -3.175     0.529
     7.144    -2.910     0.529
     7.144    -2.646     0.529
     7.144    -2.381     0.529
     7.144    -2.117     0.529
     7.144    -1.852     0.529
     7.144    -1.588     0.529
     7.144    -1.323     0.529
     7.144    -1.058     0.529
     7.144    -0.794     0.529
     7.144    -0.529     0.529
     7.144    -0.265     0.529
     7.144     0.000     0.529
     7.144     0.265     0.529
     7.144     0.529     0.529
     7.144     0.794     0.529
     7.144     1.058     0.529
     7.144     1.323     0.529
     7.144     1.588     0.529
     7.144     1.852     0.529
     7.144     2.117     0.529
     7.144     2.381     0.529
     7.144     2.646     0.529
     7.144     2.910     0.529
     7.144     3.175     0.529
     7.144     3.440     0.529
     7.144     3.704     0.529
     7.144     3.969     0.529
     7.144     4.233     0.529
     7.144     4.498     0.529
     7.144     4.763     0.529
     7.144     5.027     0.529
     7.144     5.292     0.529
     7.144     5.556     0.529
     7.144     5.821     0.529
     7.144     6.086     0.529
     7.144     6.350     0.529
     7.144     6.615     0.529
     7.144     6.879     0.529
     7.144     7.144     0.529
     7.144     7.408     0.529
     7.144     7.673     0.529
     7.144     7.938     0.529
     7.144     8.202     0.529
     7.144     8.467     0.529
     7.144     8.731     0.529
     7.144     8.996     0.529
     7.144     9.261     0.529
     7.144     9.525     0.529
     7.144     9.790     0.529
     7.144    10.054     0.529
     7.144    10.319     0.529
     7.144    10.584     0.529
     7.408   -10.584     0.529
     7.408   -10.319     0.529
     7.408   -10.054     0.529
     7.408    -9.790     0.529
     7.408    -9.525     0.529
     7.408    -9.261     0.529
     7.408    -8.996     0.529
     7.408    -8.731     0.529
     7.408    -8.467     0.529
     7.408    -8.202     0.529
     7.408    -7.938     0.529
     7.408    -7.673     0.529
     7.408    -7.408     0.529
     7.408    -7.144     0.529
     7.408    -6.879     0.529
     7.408    -6.615     0.529
     7.408    -6.350     0.529
     7.408    -6.086     0.529
     7.408    -5.821     0.529
     7.408    -5.556     0.529
     7.408    -5.292     0.529
     7.408    -5.027     0.529
     7.408    -4.763     0.529
     7.408    -4.498     0.529
     7.408    -4.233     0.529
     7.408    -3.969     0.529
     7.408    -3.704     0.529
     7.408    -3.440     0.529
     7.408    -3.175     0.529
     7.408    -2.910     0.529
     7.408    -2.646     0.529
     7.408    -2.381     0.529
     7.408    -2.117     0.529
     7.408    -1.852     0.529
     7.408    -1.588     0.529
     7.408    -1.323     0.529
     7.408    -1.058     0.529
     7.408    -0.794     0.529
     7.408    -0.529     0.529
     7.408    -0.265     0.529
     7.408     0.000     0.529
     7.408     0.265     0.529
     7.408     0.529     0.529
     7.408     0.794     0.529
     7.408     1.058     0.529
     7.408     1.323     0.529
     7.408     1.588     0.529
     7.408     1.852     0.529
     7.408     2.117     0.529
     7.408     2.381     0.529
     7.408     2.646     0.529
     7.408     2.910     0.529
     7.408     3.175     0.529
     7.408     3.440     0.529
     7.408     3.704     0.529
     7.408     3.969     0.529
     7.408     4.233     0.529
     7.408     4.498     0.529
     7.408     4.763     0.529
     7.408     5.027     0.529
     7.408     5.292     0.529
     7.408     5.556     0.529
     7.408     5.821     0.529
     7.408     6.086     0.529
     7.408     6.350     0.529
     7.408     6.615     0.529
     7.408     6.879     0.529
     7.408     7.144     0.529
     7.408     7.408     0.529
     7.408     7.673     0.529
     7.408     7.938     0.529
     7.408     8.202     0.529
     7.408     8.467     0.529
     7.408     8.731     0.529
     7.408     8.996     0.529
     7.408     9.261     0.529
     7.408     9.525     0.529
     7.408     9.790     0.529
     7.408    10.054     0.529
     7.408    10.319     0.529
     7.408    10.584     0.529
     7.673   -10.584     0.529
     7.673   -10.319     0.529
     7.673   -10.054     0.529
     7.673    -9.790     0.529
     7.673    -9.525     0.529
     7.673    -9.261     0.529
     7.673    -8.996     0.529
     7.673    -8.731     0.529
     7.673    -8.467     0.529
     7.673    -8.202     0.529
     7.673    -7.938     0.529
     7.673    -7.673     0.529
     7.673    -7.408     0.529
     7.673    -7.144     0.529
     7.673    -6.879     0.529
     7.673    -6.615     0.529
     7.673    -6.350     0.529
     7.673    -6.086     0.529
     7.673    -5.821     0.529
     7.673    -5.556     0.529
     7.673    -5.292     0.529
     7.673    -5.027     0.529
     7.673    -4.763     0.529
     7.673    -4.498     0.529
     7.673    -4.233     0.529
     7.673    -3.969     0.529
     7.673    -3.704     0.529
     7.673    -3.440     0.529
     7.673    -3.175     0.529
     7.673    -2.910     0.529
     7.673    -2.646     0.529
     7.673    -2.381     0.529
     7.673    -2.117     0.529
     7.673    -1.852     0.529
     7.673    -1.588     0.529
     7.673    -1.323     0.529
     7.673    -1.058     0.529
     7.673    -0.794     0.529
     7.673    -0.529     0.529
     7.673    -0.265     0.529
     7.673     0.000     0.529
     7.673     0.265     0.529
     7.673     0.529     0.529
     7.673     0.794     0.529
     7.673     1.058     0.529
     7.673     1.323     0.529
     7.673     1.588     0.529
     7.673     1.852     0.529
     7.673     2.117     0.529
     7.673     2.381     0.529
     7.673     2.646     0.529
     7.673     2.910     0.529
     7.673     3.175     0.529
     7.673     3.440     0.529
     7.673     3.704     0.529
     7.673     3.969     0.529
     7.673     4.233     0.529
     7.673     4.498     0.529
     7.673     4.763     0.529
     7.673     5.027     0.529
     7.673     5.292     0.529
     7.673     5.556     0.529
     7.673     5.821     0.529
     7.673     6.086     0.529
     7.673     6.350     0.529
     7.673     6.615     0.529
     7.673     6.879     0.529
     7.673     7.144     0.529
     7.673     7.408     0.529
     7.673     7.673     0.529
     7.673     7.938     0.529
     7.673     8.202     0.529
     7.673     8.467     0.529
     7.673     8.731     0.529
     7.673     8.996     0.529
     7.673     9.261     0.529
     7.673     9.525     0.529
     7.673     9.790     0.529
     7.673    10.054     0.529
     7.673    10.319     0.529
     7.673    10.584     0.529
     7.938   -10.584     0.529
     7.938   -10.319     0.529
     7.938   -10.054     0.529
     7.938    -9.790     0.529
     7.938    -9.525     0.529
     7.938    -9.261     0.529
     7.938    -8.996     0.529
     7.938    -8.731     0.529
     7.938    -8.467     0.529
     7.938    -8.202     0.529
     7.938    -7.938     0.529
     7.938    -7.673     0.529
     7.938    -7.408     0.529
     7.938    -7.144     0.529
     7.938    -6.879     0.529
     7.938    -6.615     0.529
     7.938    -6.350     0.529
     7.938    -6.086     0.529
     7.938    -5.821     0.529
     7.938    -5.556     0.529
     7.938    -5.292     0.529
     7.938    -5.027     0.529
     7.938    -4.763     0.529
     7.938    -4.498     0.529
     7.938    -4.233     0.529
     7.938    -3.969     0.529
     7.938    -3.704     0.529
     7.938    -3.440     0.529
     7.938    -3.175     0.529
     7.938    -2.910     0.529
     7.938    -2.646     0.529
     7.938    -2.381     0.529
     7.938    -2.117     0.529
     7.938    -1.852     0.529
     7.938    -1.588     0.529
     7.938    -1.323     0.529
     7.938    -1.058     0.529
     7.938    -0.794     0.529
     7.938    -0.529     0.529
     7.938    -0.265     0.529
     7.938     0.000     0.529
     7.938     0.265     0.529
     7.938     0.529     0.529
     7.938     0.794     0.529
     7.938     1.058     0.529
     7.938     1.323     0.529
     7.938     1.588     0.529
     7.938     1.852     0.529
     7.938     2.117     0.529
     7.938     2.381     0.529
     7.938     2.646     0.529
     7.938     2.910     0.529
     7.938     3.175     0.529
     7.938     3.440     0.529
     7.938     3.704     0.529
     7.938     3.969     0.529
     7.938     4.233     0.529
     7.938     4.498     0.529
     7.938     4.763     0.529
     7.938     5.027     0.529
     7.938     5.292     0.529
     7.938     5.556     0.529
     7.938     5.821     0.529
     7.938     6.086     0.529
     7.938     6.350     0.529
     7.938     6.615     0.529
     7.938     6.879     0.529
     7.938     7.144     0.529
     7.938     7.408     0.529
     7.938     7.673     0.529
     7.938     7.938     0.529
     7.938     8.202     0.529
     7.938     8.467     0.529
     7.938     8.731     0.529
     7.938     8.996     0.529
     7.938     9.261     0.529
     7.938     9.525     0.529
     7.938     9.790     0.529
     7.938    10.054     0.529
     7.938    10.319     0.529
     7.938    10.584     0.529
     8.202   -10.584     0.529
     8.202   -10.319     0.529
     8.202   -10.054     0.529
     8.202    -9.790     0.529
     8.202    -9.525     0.529
     8.202    -9.261     0.529
     8.202    -8.996     0.529
     8.202    -8.731     0.529
     8.202    -8.467     0.529
     8.202    -8.202     0.529
     8.202    -7.938     0.529
     8.202    -7.673     0.529
     8.202    -7.408     0.529
     8.202    -7.144     0.529
     8.202    -6.879     0.529
     8.202    -6.615     0.529
     8.202    -6.350     0.529
     8.202    -6.086     0.529
     8.202    -5.821     0.529
     8.202    -5.556     0.529
     8.202    -5.292     0.529
     8.202    -5.027     0.529
     8.202    -4.763     0.529
     8.202    -4.498     0.529
     8.202    -4.233     0.529
     8.202    -3.969     0.529
     8.202    -3.704     0.529
     8.202    -3.440     0.529
     8.202    -3.175     0.529
     8.202    -2.910     0.529
     8.202    -2.646     0.529
     8.202    -2.381     0.529
     8.202    -2.117     0.529
     8.202    -1.852     0.529
     8.202    -1.588     0.529
     8.202    -1.323     0.529
     8.202    -1.058     0.529
     8.202    -0.794     0.529
     8.202    -0.529     0.529
     8.202    -0.265     0.529
     8.202     0.000     0.529
     8.202     0.265     0.529
     8.202     0.529     0.529
     8.202     0.794     0.529
     8.202     1.058     0.529
     8.202     1.323     0.529
     8.202     1.588     0.529
     8.202     1.852     0.529
     8.202     2.117     0.529
     8.202     2.381     0.529
     8.202     2.646     0.529
     8.202     2.910     0.529
     8.202     3.175     0.529
     8.202     3.440     0.529
     8.202     3.704     0.529
     8.202     3.969     0.529
     8.202     4.233     0.529
     8.202     4.498     0.529
     8.202     4.763     0.529
     8.202     5.027     0.529
     8.202     5.292     0.529
     8.202     5.556     0.529
     8.202     5.821     0.529
     8.202     6.086     0.529
     8.202     6.350     0.529
     8.202     6.615     0.529
     8.202     6.879     0.529
     8.202     7.144     0.529
     8.202     7.408     0.529
     8.202     7.673     0.529
     8.202     7.938     0.529
     8.202     8.202     0.529
     8.202     8.467     0.529
     8.202     8.731     0.529
     8.202     8.996     0.529
     8.202     9.261     0.529
     8.202     9.525     0.529
     8.202     9.790     0.529
     8.202    10.054     0.529
     8.202    10.319     0.529
     8.202    10.584     0.529
     8.467   -10.584     0.529
     8.467   -10.319     0.529
     8.467   -10.054     0.529
     8.467    -9.790     0.529
     8.467    -9.525     0.529
     8.467    -9.261     0.529
     8.467    -8.996     0.529
     8.467    -8.731     0.529
     8.467    -8.467     0.529
     8.467    -8.202     0.529
     8.467    -7.938     0.529
     8.467    -7.673     0.529
     8.467    -7.408     0.529
     8.467    -7.144     0.529
     8.467    -6.879     0.529
     8.467    -6.615     0.529
     8.467    -6.350     0.529
     8.467    -6.086     0.529
     8.467    -5.821     0.529
     8.467    -5.556     0.529
     8.467    -5.292     0.529
     8.467    -5.027     0.529
     8.467    -4.763     0.529
     8.467    -4.498     0.529
     8.467    -4.233     0.529
     8.467    -3.969     0.529
     8.467    -3.704     0.529
     8.467    -3.440     0.529
     8.467    -3.175     0.529
     8.467    -2.910     0.529
     8.467    -2.646     0.529
     8.467    -2.381     0.529
     8.467    -2.117     0.529
     8.467    -1.852     0.529
     8.467    -1.588     0.529
     8.467    -1.323     0.529
     8.467    -1.058     0.529
     8.467    -0.794     0.529
     8.467    -0.529     0.529
     8.467    -0.265     0.529
     8.467     0.000     0.529
     8.467     0.265     0.529
     8.467     0.529     0.529
     8.467     0.794     0.529
     8.467     1.058     0.529
     8.467     1.323     0.529
     8.467     1.588     0.529
     8.467     1.852     0.529
     8.467     2.117     0.529
     8.467     2.381     0.529
     8.467     2.646     0.529
     8.467     2.910     0.529
     8.467     3.175     0.529
     8.467     3.440     0.529
     8.467     3.704     0.529
     8.467     3.969     0.529
     8.467     4.233     0.529
     8.467     4.498     0.529
     8.467     4.763     0.529
     8.467     5.027     0.529
     8.467     5.292     0.529
     8.467     5.556     0.529
     8.467     5.821     0.529
     8.467     6.086     0.529
     8.467     6.350     0.529
     8.467     6.615     0.529
     8.467     6.879     0.529
     8.467     7.144     0.529
     8.467     7.408     0.529
     8.467     7.673     0.529
     8.467     7.938     0.529
     8.467     8.202     0.529
     8.467     8.467     0.529
     8.467     8.731     0.529
     8.467     8.996     0.529
     8.467     9.261     0.529
     8.467     9.525     0.529
     8.467     9.790     0.529
     8.467    10.054     0.529
     8.467    10.319     0.529
     8.467    10.584     0.529
     8.731   -10.584     0.529
     8.731   -10.319     0.529
     8.731   -10.054     0.529
     8.731    -9.790     0.529
     8.731    -9.525     0.529
     8.731    -9.261     0.529
     8.731    -8.996     0.529
     8.731    -8.731     0.529
     8.731    -8.467     0.529
     8.731    -8.202     0.529
     8.731    -7.938     0.529
     8.731    -7.673     0.529
     8.731    -7.408     0.529
     8.731    -7.144     0.529
     8.731    -6.879     0.529
     8.731    -6.615     0.529
     8.731    -6.350     0.529
     8.731    -6.086     0.529
     8.731    -5.821     0.529
     8.731    -5.556     0.529
     8.731    -5.292     0.529
     8.731    -5.027     0.529
     8.731    -4.763     0.529
     8.731    -4.498     0.529
     8.731    -4.233     0.529
     8.731    -3.969     0.529
     8.731    -3.704     0.529
     8.731    -3.440     0.529
     8.731    -3.175     0.529
     8.731    -2.910     0.529
     8.731    -2.646     0.529
     8.731    -2.381     0.529
     8.731    -2.117     0.529
     8.731    -1.852     0.529
     8.731    -1.588     0.529
     8.731    -1.323     0.529
     8.731    -1.058     0.529
     8.731    -0.794     0.529
     8.731    -0.529     0.529
     8.731    -0.265     0.529
     8.731     0.000     0.529
     8.731     0.265     0.529
     8.731     0.529     0.529
     8.731     0.794     0.529
     8.731     1.058     0.529
     8.731     1.323     0.529
     8.731     1.588     0.529
     8.731     1.852     0.529
     8.731     2.117     0.529
     8.731     2.381     0.529
     8.731     2.646     0.529
     8.731     2.910     0.529
     8.731     3.175     0.529
     8.731     3.440     0.529
     8.731     3.704     0.529
     8.731     3.969     0.529
     8.731     4.233     0.529
     8.731     4.498     0.529
     8.731     4.763     0.529
     8.731     5.027     0.529
     8.731     5.292     0.529
     8.731     5.556     0.529
     8.731     5.821     0.529
     8.731     6.086     0.529
     8.731     6.350     0.529
     8.731     6.615     0.529
     8.731     6.879     0.529
     8.731     7.144     0.529
     8.731     7.408     0.529
     8.731     7.673     0.529
     8.731     7.938     0.529
     8.731     8.202     0.529
     8.731     8.467     0.529
     8.731     8.731     0.529
     8.731     8.996     0.529
     8.731     9.261     0.529
     8.731     9.525     0.529
     8.731     9.790     0.529
     8.731    10.054     0.529
     8.731    10.319     0.529
     8.731    10.584     0.529
     8.996   -10.584     0.529
     8.996   -10.319     0.529
     8.996   -10.054     0.529
     8.996    -9.790     0.529
     8.996    -9.525     0.529
     8.996    -9.261     0.529
     8.996    -8.996     0.529
     8.996    -8.731     0.529
     8.996    -8.467     0.529
     8.996    -8.202     0.529
     8.996    -7.938     0.529
     8.996    -7.673     0.529
     8.996    -7.408     0.529
     8.996    -7.144     0.529
     8.996    -6.879     0.529
     8.996    -6.615     0.529
     8.996    -6.350     0.529
     8.996    -6.086     0.529
     8.996    -5.821     0.529
     8.996    -5.556     0.529
     8.996    -5.292     0.529
     8.996    -5.027     0.529
     8.996    -4.763     0.529
     8.996    -4.498     0.529
     8.996    -4.233     0.529
     8.996    -3.969     0.529
     8.996    -3.704     0.529
     8.996    -3.440     0.529
     8.996    -3.175     0.529
     8.996    -2.910     0.529
     8.996    -2.646     0.529
     8.996    -2.381     0.529
     8.996    -2.117     0.529
     8.996    -1.852     0.529
     8.996    -1.588     0.529
     8.996    -1.323     0.529
     8.996    -1.058     0.529
     8.996    -0.794     0.529
     8.996    -0.529     0.529
     8.996    -0.265     0.529
     8.996     0.000     0.529
     8.996     0.265     0.529
     8.996     0.529     0.529
     8.996     0.794     0.529
     8.996     1.058     0.529
     8.996     1.323     0.529
     8.996     1.588     0.529
     8.996     1.852     0.529
     8.996     2.117     0.529
     8.996     2.381     0.529
     8.996     2.646     0.529
     8.996     2.910     0.529
     8.996     3.175     0.529
     8.996     3.440     0.529
     8.996     3.704     0.529
     8.996     3.969     0.529
     8.996     4.233     0.529
     8.996     4.498     0.529
     8.996     4.763     0.529
     8.996     5.027     0.529
     8.996     5.292     0.529
     8.996     5.556     0.529
     8.996     5.821     0.529
     8.996     6.086     0.529
     8.996     6.350     0.529
     8.996     6.615     0.529
     8.996     6.879     0.529
     8.996     7.144     0.529
     8.996     7.408     0.529
     8.996     7.673     0.529
     8.996     7.938     0.529
     8.996     8.202     0.529
     8.996     8.467     0.529
     8.996     8.731     0.529
     8.996     8.996     0.529
     8.996     9.261     0.529
     8.996     9.525     0.529
     8.996     9.790     0.529
     8.996    10.054     0.529
     8.996    10.319     0.529
     8.996    10.584     0.529
     9.261   -10.584     0.529
     9.261   -10.319     0.529
     9.261   -10.054     0.529
     9.261    -9.790     0.529
     9.261    -9.525     0.529
     9.261    -9.261     0.529
     9.261    -8.996     0.529
     9.261    -8.731     0.529
     9.261    -8.467     0.529
     9.261    -8.202     0.529
     9.261    -7.938     0.529
     9.261    -7.673     0.529
     9.261    -7.408     0.529
     9.261    -7.144     0.529
     9.261    -6.879     0.529
     9.261    -6.615     0.529
     9.261    -6.350     0.529
     9.261    -6.086     0.529
     9.261    -5.821     0.529
     9.261    -5.556     0.529
     9.261    -5.292     0.529
     9.261    -5.027     0.529
     9.261    -4.763     0.529
     9.261    -4.498     0.529
     9.261    -4.233     0.529
     9.261    -3.969     0.529
     9.261    -3.704     0.529
     9.261    -3.440     0.529
     9.261    -3.175     0.529
     9.261    -2.910     0.529
     9.261    -2.646     0.529
     9.261    -2.381     0.529
     9.261    -2.117     0.529
     9.261    -1.852     0.529
     9.261    -1.588     0.529
     9.261    -1.323     0.529
     9.261    -1.058     0.529
     9.261    -0.794     0.529
     9.261    -0.529     0.529
     9.261    -0.265     0.529
     9.261     0.000     0.529
     9.261     0.265     0.529
     9.261     0.529     0.529
     9.261     0.794     0.529
     9.261     1.058     0.529
     9.261     1.323     0.529
     9.261     1.588     0.529
     9.261     1.852     0.529
     9.261     2.117     0.529
     9.261     2.381     0.529
     9.261     2.646     0.529
     9.261     2.910     0.529
     9.261     3.175     0.529
     9.261     3.440     0.529
     9.261     3.704     0.529
     9.261     3.969     0.529
     9.261     4.233     0.529
     9.261     4.498     0.529
     9.261     4.763     0.529
     9.261     5.027     0.529
     9.261     5.292     0.529
     9.261     5.556     0.529
     9.261     5.821     0.529
     9.261     6.086     0.529
     9.261     6.350     0.529
     9.261     6.615     0.529
     9.261     6.879     0.529
     9.261     7.144     0.529
     9.261     7.408     0.529
     9.261     7.673     0.529
     9.261     7.938     0.529
     9.261     8.202     0.529
     9.261     8.467     0.529
     9.261     8.731     0.529
     9.261     8.996     0.529
     9.261     9.261     0.529
     9.261     9.525     0.529
     9.261     9.790     0.529
     9.261    10.054     0.529
     9.261    10.319     0.529
     9.261    10.584     0.529
     9.525   -10.584     0.529
     9.525   -10.319     0.529
     9.525   -10.054     0.529
     9.525    -9.790     0.529
     9.525    -9.525     0.529
     9.525    -9.261     0.529
     9.525    -8.996     0.529
     9.525    -8.731     0.529
     9.525    -8.467     0.529
     9.525    -8.202     0.529
     9.525    -7.938     0.529
     9.525    -7.673     0.529
     9.525    -7.408     0.529
     9.525    -7.144     0.529
     9.525    -6.879     0.529
     9.525    -6.615     0.529
     9.525    -6.350     0.529
     9.525    -6.086     0.529
     9.525    -5.821     0.529
     9.525    -5.556     0.529
     9.525    -5.292     0.529
     9.525    -5.027     0.529
     9.525    -4.763     0.529
     9.525    -4.498     0.529
     9.525    -4.233     0.529
     9.525    -3.969     0.529
     9.525    -3.704     0.529
     9.525    -3.440     0.529
     9.525    -3.175     0.529
     9.525    -2.910     0.529
     9.525    -2.646     0.529
     9.525    -2.381     0.529
     9.525    -2.117     0.529
     9.525    -1.852     0.529
     9.525    -1.588     0.529
     9.525    -1.323     0.529
     9.525    -1.058     0.529
     9.525    -0.794     0.529
     9.525    -0.529     0.529
     9.525    -0.265     0.529
     9.525     0.000     0.529
     9.525     0.265     0.529
     9.525     0.529     0.529
     9.525     0.794     0.529
     9.525     1.058     0.529
     9.525     1.323     0.529
     9.525     1.588     0.529
     9.525     1.852     0.529
     9.525     2.117     0.529
     9.525     2.381     0.529
     9.525     2.646     0.529
     9.525     2.910     0.529
     9.525     3.175     0.529
     9.525     3.440     0.529
     9.525     3.704     0.529
     9.525     3.969     0.529
     9.525     4.233     0.529
     9.525     4.498     0.529
     9.525     4.763     0.529
     9.525     5.027     0.529
     9.525     5.292     0.529
     9.525     5.556     0.529
     9.525     5.821     0.529
     9.525     6.086     0.529
     9.525     6.350     0.529
     9.525     6.615     0.529
     9.525     6.879     0.529
     9.525     7.144     0.529
     9.525     7.408     0.529
     9.525     7.673     0.529
     9.525     7.938     0.529
     9.525     8.202     0.529
     9.525     8.467     0.529
     9.525     8.731     0.529
     9.525     8.996     0.529
     9.525     9.261     0.529
     9.525     9.525     0.529
     9.525     9.790     0.529
     9.525    10.054     0.529
     9.525    10.319     0.529
     9.525    10.584     0.529
     9.790   -10.584     0.529
     9.790   -10.319     0.529
     9.790   -10.054     0.529
     9.790    -9.790     0.529
     9.790    -9.525     0.529
     9.790    -9.261     0.529
     9.790    -8.996     0.529
     9.790    -8.731     0.529
     9.790    -8.467     0.529
     9.790    -8.202     0.529
     9.790    -7.938     0.529
     9.790    -7.673     0.529
     9.790    -7.408     0.529
     9.790    -7.144     0.529
     9.790    -6.879     0.529
     9.790    -6.615     0.529
     9.790    -6.350     0.529
     9.790    -6.086     0.529
     9.790    -5.821     0.529
     9.790    -5.556     0.529
     9.790    -5.292     0.529
     9.790    -5.027     0.529
     9.790    -4.763     0.529
     9.790    -4.498     0.529
     9.790    -4.233     0.529
     9.790    -3.969     0.529
     9.790    -3.704     0.529
     9.790    -3.440     0.529
     9.790    -3.175     0.529
     9.790    -2.910     0.529
     9.790    -2.646     0.529
     9.790    -2.381     0.529
     9.790    -2.117     0.529
     9.790    -1.852     0.529
     9.790    -1.588     0.529
     9.790    -1.323     0.529
     9.790    -1.058     0.529
     9.790    -0.794     0.529
     9.790    -0.529     0.529
     9.790    -0.265     0.529
     9.790     0.000     0.529
     9.790     0.265     0.529
     9.790     0.529     0.529
     9.790     0.794     0.529
     9.790     1.058     0.529
     9.790     1.323     0.529
     9.790     1.588     0.529
     9.790     1.852     0.529
     9.790     2.117     0.529
     9.790     2.381     0.529
     9.790     2.646     0.529
     9.790     2.910     0.529
     9.790     3.175     0.529
     9.790     3.440     0.529
     9.790     3.704     0.529
     9.790     3.969     0.529
     9.790     4.233     0.529
     9.790     4.498     0.529
     9.790     4.763     0.529
     9.790     5.027     0.529
     9.790     5.292     0.529
     9.790     5.556     0.529
     9.790     5.821     0.529
     9.790     6.086     0.529
     9.790     6.350     0.529
     9.790     6.615     0.529
     9.790     6.879     0.529
     9.790     7.144     0.529
     9.790     7.408     0.529
     9.790     7.673     0.529
     9.790     7.938     0.529
     9.790     8.202     0.529
     9.790     8.467     0.529
     9.790     8.731     0.529
     9.790     8.996     0.529
     9.790     9.261     0.529
     9.790     9.525     0.529
     9.790     9.790     0.529
     9.790    10.054     0.529
     9.790    10.319     0.529
     9.790    10.584     0.529
    10.054   -10.584     0.529
    10.054   -10.319     0.529
    10.054   -10.054     0.529
    10.054    -9.790     0.529
    10.054    -9.525     0.529
    10.054    -9.261     0.529
    10.054    -8.996     0.529
    10.054    -8.731     0.529
    10.054    -8.467     0.529
    10.054    -8.202     0.529
    10.054    -7.938     0.529
    10.054    -7.673     0.529
    10.054    -7.408     0.529
    10.054    -7.144     0.529
    10.054    -6.879     0.529
    10.054    -6.615     0.529
    10.054    -6.350     0.529
    10.054    -6.086     0.529
    10.054    -5.821     0.529
    10.054    -5.556     0.529
    10.054    -5.292     0.529
    10.054    -5.027     0.529
    10.054    -4.763     0.529
    10.054    -4.498     0.529
    10.054    -4.233     0.529
    10.054    -3.969     0.529
    10.054    -3.704     0.529
    10.054    -3.440     0.529
    10.054    -3.175     0.529
    10.054    -2.910     0.529
    10.054    -2.646     0.529
    10.054    -2.381     0.529
    10.054    -2.117     0.529
    10.054    -1.852     0.529
    10.054    -1.588     0.529
    10.054    -1.323     0.529
    10.054    -1.058     0.529
    10.054    -0.794     0.529
    10.054    -0.529     0.529
    10.054    -0.265     0.529
    10.054     0.000     0.529
    10.054     0.265     0.529
    10.054     0.529     0.529
    10.054     0.794     0.529
    10.054     1.058     0.529
    10.054     1.323     0.529
    10.054     1.588     0.529
    10.054     1.852     0.529
    10.054     2.117     0.529
    10.054     2.381     0.529
    10.054     2.646     0.529
    10.054     2.910     0.529
    10.054     3.175     0.529
    10.054     3.440     0.529
    10.054     3.704     0.529
    10.054     3.969     0.529
    10.054     4.233     0.529
    10.054     4.498     0.529
    10.054     4.763     0.529
    10.054     5.027     0.529
    10.054     5.292     0.529
    10.054     5.556     0.529
    10.054     5.821     0.529
    10.054     6.086     0.529
    10.054     6.350     0.529
    10.054     6.615     0.529
    10.054     6.879     0.529
    10.054     7.144     0.529
    10.054     7.408     0.529
    10.054     7.673     0.529
    10.054     7.938     0.529
    10.054     8.202     0.529
    10.054     8.467     0.529
    10.054     8.731     0.529
    10.054     8.996     0.529
    10.054     9.261     0.529
    10.054     9.525     0.529
    10.054     9.790     0.529
    10.054    10.054     0.529
    10.054    10.319     0.529
    10.054    10.584     0.529
    10.319   -10.584     0.529
    10.319   -10.319     0.529
    10.319   -10.054     0.529
    10.319    -9.790     0.529
    10.319    -9.525     0.529
    10.319    -9.261     0.529
    10.319    -8.996     0.529
    10.319    -8.731     0.529
    10.319    -8.467     0.529
    10.319    -8.202     0.529
    10.319    -7.938     0.529
    10.319    -7.673     0.529
    10.319    -7.408     0.529
    10.319    -7.144     0.529
    10.319    -6.879     0.529
    10.319    -6.615     0.529
    10.319    -6.350     0.529
    10.319    -6.086     0.529
    10.319    -5.821     0.529
    10.319    -5.556     0.529
    10.319    -5.292     0.529
    10.319    -5.027     0.529
    10.319    -4.763     0.529
    10.319    -4.498     0.529
    10.319    -4.233     0.529
    10.319    -3.969     0.529
    10.319    -3.704     0.529
    10.319    -3.440     0.529
    10.319    -3.175     0.529
    10.319    -2.910     0.529
    10.319    -2.646     0.529
    10.319    -2.381     0.529
    10.319    -2.117     0.529
    10.319    -1.852     0.529
    10.319    -1.588     0.529
    10.319    -1.323     0.529
    10.319    -1.058     0.529
    10.319    -0.794     0.529
    10.319    -0.529     0.529
    10.319    -0.265     0.529
    10.319     0.000     0.529
    10.319     0.265     0.529
    10.319     0.529     0.529
    10.319     0.794     0.529
    10.319     1.058     0.529
    10.319     1.323     0.529
    10.319     1.588     0.529
    10.319     1.852     0.529
    10.319     2.117     0.529
    10.319     2.381     0.529
    10.319     2.646     0.529
    10.319     2.910     0.529
    10.319     3.175     0.529
    10.319     3.440     0.529
    10.319     3.704     0.529
    10.319     3.969     0.529
    10.319     4.233     0.529
    10.319     4.498     0.529
    10.319     4.763     0.529
    10.319     5.027     0.529
    10.319     5.292     0.529
    10.319     5.556     0.529
    10.319     5.821     0.529
    10.319     6.086     0.529
    10.319     6.350     0.529
    10.319     6.615     0.529
    10.319     6.879     0.529
    10.319     7.144     0.529
    10.319     7.408     0.529
    10.319     7.673     0.529
    10.319     7.938     0.529
    10.319     8.202     0.529
    10.319     8.467     0.529
    10.319     8.731     0.529
    10.319     8.996     0.529
    10.319     9.261     0.529
    10.319     9.525     0.529
    10.319     9.790     0.529
    10.319    10.054     0.529
    10.319    10.319     0.529
    10.319    10.584     0.529
    10.584   -10.584     0.529
    10.584   -10.319     0.529
    10.584   -10.054     0.529
    10.584    -9.790     0.529
    10.584    -9.525     0.529
    10.584    -9.261     0.529
    10.584    -8.996     0.529
    10.584    -8.731     0.529
    10.584    -8.467     0.529
    10.584    -8.202     0.529
    10.584    -7.938     0.529
    10.584    -7.673     0.529
    10.584    -7.408     0.529
    10.584    -7.144     0.529
    10.584    -6.879     0.529
    10.584    -6.615     0.529
    10.584    -6.350     0.529
    10.584    -6.086     0.529
    10.584    -5.821     0.529
    10.584    -5.556     0.529
    10.584    -5.292     0.529
    10.584    -5.027     0.529
    10.584    -4.763     0.529
    10.584    -4.498     0.529
    10.584    -4.233     0.529
    10.584    -3.969     0.529
    10.584    -3.704     0.529
    10.584    -3.440     0.529
    10.584    -3.175     0.529
    10.584    -2.910     0.529
    10.584    -2.646     0.529
    10.584    -2.381     0.529
    10.584    -2.117     0.529
    10.584    -1.852     0.529
    10.584    -1.588     0.529
    10.584    -1.323     0.529
    10.584    -1.058     0.529
    10.584    -0.794     0.529
    10.584    -0.529     0.529
    10.584    -0.265     0.529
    10.584     0.000     0.529
    10.584     0.265     0.529
    10.584     0.529     0.529
    10.584     0.794     0.529
    10.584     1.058     0.529
    10.584     1.323     0.529
    10.584     1.588     0.529
    10.584     1.852     0.529
    10.584     2.117     0.529
    10.584     2.381     0.529
    10.584     2.646     0.529
    10.584     2.910     0.529
    10.584     3.175     0.529
    10.584     3.440     0.529
    10.584     3.704     0.529
    10.584     3.969     0.529
    10.584     4.233     0.529
    10.584     4.498     0.529
    10.584     4.763     0.529
    10.584     5.027     0.529
    10.584     5.292     0.529
    10.584     5.556     0.529
    10.584     5.821     0.529
    10.584     6.086     0.529
    10.584     6.350     0.529
    10.584     6.615     0.529
    10.584     6.879     0.529
    10.584     7.144     0.529
    10.584     7.408     0.529
    10.584     7.673     0.529
    10.584     7.938     0.529
    10.584     8.202     0.529
    10.584     8.467     0.529
    10.584     8.731     0.529
    10.584     8.996     0.529
    10.584     9.261     0.529
    10.584     9.525     0.529
    10.584     9.790     0.529
    10.584    10.054     0.529
    10.584    10.319     0.529
    10.584    10.584     0.529

POINT_DATA       6561
VECTORS point_vectors float
    -0.000     0.000     0.000
    -0.000     0.000     0.000
    -0.000     0.000     0.000
    -0.000     0.000     0.000
    -0.000     0.000     0.000
    -0.000     0.000     0.000
    -0.000     0.000     0.000
    -0.000     0.000     0.000
    -0.000     0.000     0.000
    -0.000     0.000     0.000
    -0.000     0.000     0.000
    -0.000     0.000     0.000
    -0.000     0.000     0.000
    -0.000     0.000     0.000
    -0.000     0.000     0.000
    -0.000     0.000     0.000
    -0.000     0.000     0.000
    -0.000     0.000     0.000
    -0.000     0.000     0.000
    -0.000     0.000     0.000
    -0.000     0.000     0.000
    -0.000     0.000     0.000
    -0.000     0.000     0.000
    -0.000     0.000     0.000
    -0.000     0.000     0.000
    -0.000     0.000     0.000
    -0.000     0.000     0.000
    -0.000     0.000     0.000
    -0.000     0.000     0.000
    -0.000     0.000     0.000
    -0.000     0.000     0.000
    -0.000     0.000     0.000
    -0.000     0.000     0.000
    -0.000     0.000     0.000
    -0.000     0.000     0.000
    -0.000     0.000     0.000
    -0.000     0.000     0.000
    -0.000     0.000     0.000
    -0.000     0.000     0.000
     0.000     0.000     0.000
     0.000     0.000     0.000
     0.000     0.000     0.000
     0.000     0.000     0.000
     0.000     0.000     0.000
     0.000     0.000     0.000
     0.000     0.000     0.000
    -0.000     0.000     0.000
    -0.000     0.000     0.000
    -0.000     0.000     0.000
     0.000     0.000     0.000
     0.000     0.000     0.000
     0.000     0.000     0.000
     0.000     0.000     0.000
     0.000     0.000     0.000
     0.000     0.000     0.000
     0.000     0.000     0.000
     0.000     0.000     0.000
     0.000     0.000     0.000
     0.000     0.000     0.000
     0.000     0.000     0.000
     0.000     0.000     0.000
     0.000     0.000     0.000
     0.000     0.000     0.000
     0.000     0.000     0.000
     0.000     0.000     0.000
     0.000     0.000     0.000
     0.000     0.000     0.000
     0.000     0.000     0.000
     0.000     0.000     0.000
     0.000     0.000     0.000
     0.000     0.000     0.000
     0.000     0.000     0.000
     0.000     0.000     0.000
     0.000     0.000     0.000
     0.000     0.000     0.000
     0.000     0.000     0.000
     0.000     0.000     0.000
     0.000     0.000     0.000
     0.000     0.000     0.000
     0.000     0.000     0.000
     0.000     0.000     0.000
    -0.000     0.000     0.000
    -0.000     0.000     0.000
    -0.000     0.000     0.000
    -0.000     0.000     0.000
    -0.000     0.000     0.000
    -0.000     0.000     0.000
    -0.000     0.000     0.000
    -0.000     0.000     0.000
    -0.000     0.000     0.000
    -0.000     0.000     0.000
    -0.000     0.000     0.000
    -0.000     0.000     0.000
    -0.000     0.000     0.000
    -0.000     0.000     0.000
    -0.000     0.000     0.000
    -0.000     0.000     0.000
    -0.000     0.000     0.000
    -0.000     0.000     0.000
    -0.000     0.000     0.000
    -0.000     0.000     0.000
    -0.000     0.000     0.000
    -0.000     0.000     0.000
    -0.000     0.000     0.000
    -0.000     0.000     0.000
    -0.000     0.000     0.000
    -0.000     0.000     0.000
    -0.000     0.000     0.000
    -0.000     0.000     0.000
    -0.000     0.000     0.000
    -0.000     0.000     0.000
    -0.000     0.000     0.000
    -0.000     0.000     0.000
    -0.000     0.000     0.000
    -0.000     0.000     0.000
    -0.000     0.000     0.000
    -0.000     0.000     0.000
    -0.000     0.000     0.000
    -0.000     0.000     0.000
     0.000     0.000     0.000
     0.000     0.000     0.000
     0.000     0.000     0.000
     0.000     0.000     0.000
     0.000     0.000     0.000
     0.000     0.000     0.000
     0.000     0.000     0.000
    -0.000     0.000     0.000
    -0.000     0.000     0.000
    -0.000     0.000     0.000
    -0.000     0.000     0.000
    -0.000     0.000     0.000
     0.000     0.000     0.000
     0.000     0.000     0.000
     0.000     0.000     0.000
     0.000     0.000     0.000
     0.000     0.000     0.000
     0.000     0.000     0.000
     0.000     0.000     0.000
     0.000     0.000     0.000
     0.000     0.000     0.000
     0.000     0.000     0.000
     0.000     0.000     0.000
     0.000     0.000     0.000
     0.000     0.000     0.000
     0.000     0.000     0.000
     0.000     0.000     0.000
     0.000     0.000     0.000
     0.000     0.000     0.000
     0.000     0.000     0.000
     0.000     0.000     0.000
     0.000     0.000     0.000
     0.000     0.000     0.000
     0.000     0.000     0.000
     0.000     0.000     0.000
     0.000     0.000     0.000
     0.000     0.000     0.000
     0.000     0.000     0.000
     0.000     0.000     0.000
     0.000     0.000     0.000
     0.000     0.000     0.000
     0.000     0.000     0.000
     0.000     0.000     0.000
    -0.000     0.000     0.000
    -0.000     0.000     0.000
    -0.000     0.000     0.000
    -0.000     0.000     0.000
    -0.000     0.000     0.000
    -0.000     0.000     0.000
    -0.000     0.000     0.000
    -0.000     0.000     0.000
    -0.000     0.000     0.000
    -0.000     0.000     0.000
    -0.000     0.000     0.000
    -0.000     0.000     0.000
    -0.000     0.000     0.000
    -0.000     0.000     0.000
    -0.000     0.000     0.000
    -0.000     0.000     0.000
    -0.000     0.000     0.000
    -0.000     0.000     0.000
    -0.000     0.000     0.000
    -0.000     0.000     0.000
    -0.000     0.000     0.000
    -0.000     0.000     0.000
    -0.000     0.000     0.000
    -0.000     0.000     0.000
    -0.000     0.000     0.000
    -0.000     0.000     0.000
    -0.000     0.000     0.000
    -0.000     0.000     0.000
    -0.000     0.000     0.000
    -0.000     0.000     0.000
    -0.000     0.000     0.000
    -0.000     0.000     0.000
    -0.000     0.000     0.000
    -0.000     0.000     0.000
    -0.000     0.000     0.000
    -0.000     0.000     0.000
    -0.000     0.000     0.000
    -0.000     0.000     0.000
     0.000     0.000     0.000
     0.000     0.000     0.000
     0.000     0.000     0.000
     0.000     0.000     0.000
     0.000     0.000     0.000
     0.000    -0.000     0.000
     0.000    -0.000     0.000
    -0.000    -0.000     0.000
    -0.000     0.000     0.000
    -0.000     0.000     0.000
    -0.000     0.000     0.000
    -0.000     0.000     0.000
     0.000     0.000     0.000
     0.000     0.000     0.000
     0.000     0.000     0.000
     0.000     0.000     0.000
     0.000     0.000     0.000
     0.000     0.000     0.000
     0.000     0.000     0.000
     0.000     0.000     0.000
     0.000     0.000     0.000
     0.000     0.000     0.000
     0.000     0.000     0.000
     0.000     0.000     0.000
     0.000     0.000     0.000
     0.000     0.000     0.000
     0.000     0.000     0.000
     0.000     0.000     0.000
     0.000     0.000     0.000
     0.000     0.000     0.000
     0.000     0.000     0.000
     0.000     0.000     0.000
     0.000     0.000     0.000
     0.000     0.000     0.000
     0.000     0.000     0.000
     0.000     0.000     0.000
     0.000     0.000     0.000
     0.000     0.000     0.000
     0.000     0.000     0.000
     0.000     0.000     0.000
     0.000     0.000     0.000
     0.000     0.000     0.000
     0.000     0.000     0.000
    -0.000     0.000     0.000
    -0.000     0.000     0.000
    -0.000     0.000     0.000
    -0.000     0.000     0.000
    -0.000     0.000     0.000
    -0.000     0.000     0.000
    -0.000     0.000     0.000
    -0.000     0.000     0.000
    -0.000     0.000     0.000
    -0.000     0.000     0.000
    -0.000     0.000     0.000
    -0.000     0.000     0.000
    -0.000     0.000     0.000
    -0.000     0.000     0.000
    -0.000     0.000     0.000
    -0.000     0.000     0.000
    -0.000     0.000     0.000
    -0.000     0.000     0.000
    -0.000     0.000     0.000
    -0.000     0.000     0.000
    -0.000     0.000     0.000
    -0.000     0.000     0.000
    -0.000     0.000     0.000
    -0.000     0.000     0.000
    -0.000     0.000     0.000
    -0.000     0.000     0.000
    -0.000     0.000     0.000
    -0.000     0.000     0.000
    -0.000     0.000     0.000
    -0.000     0.000     0.000
    -0.000     0.000     0.000
    -0.000     0.000     0.000
    -0.000     0.000     0.000
    -0.000     0.000     0.000
    -0.000     0.000     0.000
    -0.000     0.000     0.000
    -0.000     0.000     0.000
     0.000     0.000     0.000
     0.000     0.000     0.000
     0.000     0.000     0.000
     0.000     0.000     0.000
     0.000     0.000     0.000
     0.000    -0.000     0.000
     0.000    -0.000     0.000
     0.000    -0.000     0.000
    -0.000    -0.000     0.000
    -0.000     0.000     0.000
    -0.000     0.000     0.000
    -0.000     0.000     0.000
    -0.000     0.000     0.000
     0.000     0.000     0.000
     0.000     0.000     0.000
     0.000     0.000     0.000
     0.000     0.000     0.000
     0.000     0.000     0.000
     0.000     0.000     0.000
     0.000     0.000     0.000
     0.000     0.000     0.000
     0.000     0.000     0.000
     0.000     0.000     0.000
     0.000     0.000     0.000
     0.000     0.000     0.000
     0.000     0.000     0.000
     0.000     0.000     0.000
     0.000     0.000     0.000
     0.000     0.000     0.000
     0.000     0.000     0.000
     0.000     0.000     0.000
     0.000     0.000     0.000
     0.000     0.000     0.000
     0.000     0.000     0.000
     0.000     0.000     0.000
     0.000     0.000     0.000
     0.000     0.000     0.000
     0.000     0.000     0.000
     0.000     0.000     0.000
     0.000     0.000     0.000
     0.000     0.000     0.000
     0.000     0.000     0.000
     0.000     0.000     0.000
     0.000     0.000     0.000
    -0.000     0.000     0.000
    -0.000     0.000     0.000
    -0.000     0.000     0.000
    -0.000     0.000     0.000
    -0.000     0.000     0.000
    -0.000     0.000     0.000
    -0.000     0.000     0.000
    -0.000     0.000     0.000
    -0.000     0.000     0.000
    -0.000     0.000     0.000
    -0.000     0.000     0.000
    -0.000     0.000     0.000
    -0.000     0.000     0.000
    -0.000     0.000     0.000
    -0.000     0.000     0.000
    -0.000     0.000     0.000
    -0.000     0.000     0.000
    -0.000     0.000     0.000
    -0.000     0.000     0.000
    -0.000     0.000     0.000
    -0.000     0.000     0.000
    -0.000     0.000     0.000
    -0.000     0.000     0.000
    -0.000     0.000     0.000
    -0.000     0.000     0.000
    -0.000     0.000     0.000
    -0.000     0.000     0.000
    -0.000     0.000     0.000
    -0.000     0.000     0.000
    -0.000     0.000     0.000
    -0.000     0.000     0.000
    -0.000     0.000     0.000
    -0.000     0.000     0.000
    -0.000     0.000     0.000
    -0.000     0.000     0.000
    -0.000     0.000     0.000
    -0.000     0.000     0.000
     0.000     0.000     0.000
     0.000     0.000     0.000
     0.000     0.000     0.000
     0.000     0.000     0.000
     0.000     0.000     0.000
     0.000    -0.000     0.000
     0.000    -0.000     0.000
     0.000    -0.000     0.000
    -0.000    -0.000     0.000
    -0.000     0.000     0.000
    -0.000     0.000     0.000
    -0.000     0.000     0.000
    -0.000     0.000     0.000
     0.000     0.000     0.000
     0.000     0.000     0.000
     0.000     0.000     0.000
     0.000     0.000     0.000
     0.000     0.000     0.000
     0.000     0.000     0.000
     0.000     0.000     0.000
     0.000     0.000     0.000
     0.000     0.000     0.000
     0.000     0.000     0.000
     0.000     0.000     0.000
     0.000     0.000     0.000
     0.000     0.000     0.000
     0.000     0.000     0.000
     0.000     0.000     0.000
     0.000     0.000     0.000
     0.000     0.000     0.000
     0.000     0.000     0.000
     0.000     0.000     0.000
     0.000     0.000     0.000
     0.000     0.000     0.000
     0.000     0.000     0.000
     0.000     0.000     0.000
     0.000     0.000     0.000
     0.000     0.000     0.000
     0.000     0.000     0.000
     0.000     0.000     0.000
     0.000     0.000     0.000
     0.000     0.000     0.000
     0.000     0.000     0.000
     0.000     0.000     0.000
    -0.000     0.000     0.000
    -0.000     0.000     0.000
    -0.000     0.000     0.000
    -0.000     0.000     0.000
    -0.000     0.000     0.000
    -0.000     0.000     0.000
    -0.000     0.000     0.000
    -0.000     0.000     0.000
    -0.000     0.000     0.000
    -0.000     0.000     0.000
    -0.000     0.000     0.000
    -0.000     0.000     0.000
    -0.000     0.000     0.000
    -0.000     0.000     0.000
    -0.000     0.000     0.000
    -0.000     0.000     0.000
    -0.000     0.000     0.000
    -0.000     0.000     0.000
    -0.000     0.000     0.000
    -0.000     0.000     0.000
    -0.000     0.000     0.000
    -0.000     0.000     0.000
    -0.000     0.000     0.000
    -0.000     0.000     0.000
    -0.000     0.000     0.000
    -0.000     0.000     0.000
    -0.000     0.000     0.000
    -0.000     0.000     0.000
    -0.000     0.000     0.000
    -0.000     0.000     0.000
    -0.000     0.000     0.000
    -0.000     0.000     0.000
    -0.000     0.000     0.000
    -0.000     0.000     0.000
    -0.000     0.000     0.000
    -0.000     0.000     0.000
     0.000     0.000     0.000
     0.000     0.000     0.000
     0.000     0.000     0.000
     0.000     0.000     0.000
     0.000     0.000     0.000
     0.000    -0.000     0.000
     0.000    -0.000     0.000
     0.000    -0.000     0.000
    -0.000    -0.000     0.000
    -0.000    -0.000     0.000
    -0.000     0.000     0.000
    -0.000     0.000     0.000
    -0.000     0.000     0.000
    -0.000     0.000     0.000
     0.000     0.000     0.000
     0.000     0.000     0.000
     0.000     0.000     0.000
     0.000     0.000     0.000
     0.000     0.000     0.000
     0.000     0.000     0.000
     0.000     0.000     0.000
     0.000     0.000     0.000
     0.000     0.000     0.000
     0.000     0.000     0.000
     0.000     0.000     0.000
     0.000     0.000     0.000
     0.000     0.000     0.000
     0.000     0.000     0.000
     0.000     0.000     0.000
     0.000     0.000     0.000
     0.000     0.000     0.000
     0.000     0.000     0.000
     0.000     0.000     0.000
     0.000     0.000     0.000
     0.000     0.000     0.000
     0.000     0.000     0.000
     0.000     0.000     0.000
     0.000     0.000     0.000
     0.000     0.000     0.000
     0.000     0.000     0.000
     0.000     0.000     0.000
     0.000     0.000     0.000
     0.000     0.000     0.000
     0.000     0.000     0.000
    -0.000     0.000     0.000
    -0.000     0.000     0.000
    -0.000     0.000     0.000
    -0.000     0.000     0.000
    -0.000     0.000     0.000
    -0.000     0.000     0.000
    -0.000     0.000     0.000
    -0.000     0.000     0.000
    -0.000     0.000     0.000
    -0.000     0.000     0.000
    -0.000     0.000     0.000
    -0.000     0.000     0.000
    -0.000     0.000     0.000
    -0.000     0.000     0.000
    -0.000     0.000     0.000
    -0.000     0.000     0.000
    -0.000     0.000     0.000
    -0.000     0.000     0.000
    -0.000     0.000     0.000
    -0.000     0.000     0.000
    -0.000     0.000     0.000
    -0.000     0.000     0.000
    -0.000     0.000     0.000
    -0.000     0.000     0.000
    -0.000     0.000     0.000
    -0.000     0.000     0.000
    -0.000     0.000     0.000
    -0.000     0.000     0.000
    -0.000     0.000     0.000
    -0.000     0.000     0.000
    -0.000     0.000     0.000
    -0.000     0.000     0.000
    -0.000     0.000     0.000
    -0.000     0.000     0.000
    -0.000     0.000     0.000
    -0.000     0.000     0.000
    -0.000     0.000     0.000
     0.000     0.000     0.000
     0.000     0.000     0.000
     0.000     0.000     0.000
     0.000     0.000     0.000
     0.000     0.000     0.000
     0.000    -0.000     0.000
     0.000    -0.000     0.000
     0.000    -0.000     0.000
    -0.000    -0.000     0.000
    -0.000    -0.000     0.000
    -0.000     0.000     0.000
    -0.000     0.000     0.000
    -0.000     0.000     0.000
    -0.000     0.000     0.000
     0.000     0.000     0.000
     0.000     0.000     0.000
     0.000     0.000     0.000
     0.000     0.000     0.000
     0.000     0.000     0.000
     0.000     0.000     0.000
     0.000     0.000     0.000
     0.000     0.000     0.000
     0.000     0.000     0.000
     0.000     0.000     0.000
     0.000     0.000     0.000
     0.000     0.000     0.000
     0.000     0.000     0.000
     0.000     0.000     0.000
     0.000     0.000     0.000
     0.000     0.000     0.000
     0.000     0.000     0.000
     0.000     0.000     0.000
     0.000     0.000     0.000
     0.000     0.000     0.000
     0.000     0.000     0.000
     0.000     0.000     0.000
     0.000     0.000     0.000
     0.000     0.000     0.000
     0.000     0.000     0.000
     0.000     0.000     0.000
     0.000     0.000     0.000
     0.000     0.000     0.000
    -0.000     0.000     0.000
    -0.000     0.000     0.000
    -0.000     0.000     0.000
    -0.000     0.000     0.000
    -0.000     0.000     0.000
    -0.000     0.000     0.000
    -0.000     0.000     0.000
    -0.000     0.000     0.000
    -0.000     0.000     0.000
    -0.000     0.000     0.000
    -0.000     0.000     0.000
    -0.000     0.000     0.000
    -0.000     0.000     0.000
    -0.000     0.000     0.000
    -0.000     0.000     0.000
    -0.000     0.000     0.000
    -0.000     0.000     0.000
    -0.000     0.000     0.000
    -0.000     0.000     0.000
    -0.000     0.000     0.000
    -0.000     0.000     0.000
    -0.000     0.000     0.000
    -0.000     0.000     0.000
    -0.000    -0.000     0.000
    -0.000    -0.000     0.000
    -0.000    -0.000     0.000
    -0.000     0.000     0.000
    -0.000     0.000     0.000
    -0.000     0.000     0.000
    -0.000     0.000     0.000
    -0.000     0.000     0.000
    -0.000     0.000     0.000
    -0.000     0.000     0.000
    -0.000     0.000     0.000
    -0.000     0.000     0.000
    -0.000     0.000     0.000
    -0.000     0.000     0.000
    -0.000     0.000     0.000
    -0.000     0.000     0.000
     0.000     0.000     0.000
     0.000     0.000     0.000
     0.000     0.000     0.000
     0.000     0.000     0.000
     0.000    -0.000     0.000
     0.000    -0.000     0.000
     0.000    -0.000     0.000
     0.000    -0.000     0.000
    -0.000    -0.000     0.000
    -0.000    -0.000     0.000
    -0.000     0.000     0.000
    -0.000     0.000     0.000
    -0.000     0.000     0.000
    -0.000     0.000     0.000
     0.000     0.000     0.000
     0.000     0.000     0.000
     0.000     0.000     0.000
     0.000     0.000     0.000
     0.000     0.000     0.000
     0.000     0.000     0.000
     0.000     0.000     0.000
     0.000     0.000     0.000
     0.000     0.000     0.000
     0.000     0.000     0.000
     0.000     0.000     0.000
     0.000     0.000     0.000
     0.000     0.000     0.000
     0.000     0.000     0.000
     0.000     0.000     0.000
     0.000     0.000     0.000
     0.000     0.000     0.000
     0.000     0.000     0.000
     0.000     0.000     0.000
     0.000     0.000     0.000
     0.000     0.000     0.000
     0.000     0.000     0.000
     0.000     0.000     0.000
     0.000     0.000     0.000
     0.000     0.000     0.000
     0.000     0.000     0.000
     0.000     0.000     0.000
    -0.000     0.000     0.000
    -0.000     0.000     0.000
    -0.000    -0.000     0.000
    -0.000    -0.000     0.000
    -0.000     0.000     0.000
    -0.000     0.000     0.000
    -0.000     0.000     0.000
    -0.000     0.000     0.000
    -0.000     0.000     0.000
    -0.000     0.000     0.000
    -0.000     0.000     0.000
    -0.000     0.000     0.000
    -0.000     0.000     0.000
    -0.000     0.000     0.000
    -0.000     0.000     0.000
    -0.000     0.000     0.000
    -0.000     0.000     0.000
    -0.000     0.000     0.000
    -0.000     0.000     0.000
    -0.000     0.000     0.000
    -0.000     0.000     0.000
    -0.000     0.000     0.000
     0.000     0.000     0.000
    -0.000     0.000     0.000
    -0.000    -0.000     0.000
    -0.000    -0.000     0.000
    -0.000    -0.000     0.000
    -0.000    -0.000     0.000
    -0.000    -0.000     0.000
    -0.000    -0.000     0.000
    -0.000     0.000     0.000
    -0.000     0.000     0.000
    -0.000     0.000     0.000
    -0.000     0.000     0.000
    -0.000     0.000     0.000
    -0.000     0.000     0.000
    -0.000     0.000     0.000
    -0.000     0.000     0.000
    -0.000     0.000     0.000
     0.000     0.000     0.000
     0.000     0.000     0.000
     0.000     0.000     0.000
     0.000     0.000     0.000
     0.000     0.000     0.000
     0.000    -0.000     0.000
     0.000    -0.000     0.000
     0.000    -0.000     0.000
    -0.000    -0.000     0.000
    -0.000    -0.000     0.000
    -0.000    -0.000     0.000
    -0.000     0.000     0.000
    -0.000     0.000     0.000
    -0.000     0.000     0.000
    -0.000     0.000     0.000
     0.000     0.000     0.000
     0.000     0.000     0.000
     0.000     0.000     0.000
     0.000     0.000     0.000
     0.000     0.000     0.000
     0.000     0.000     0.000
     0.000     0.000     0.000
     0.000     0.000     0.000
     0.000     0.000     0.000
     0.000     0.000     0.000
     0.000     0.000     0.000
     0.000     0.000     0.000
     0.000     0.000     0.000
     0.000     0.000     0.000
     0.000     0.000     0.000
     0.000     0.000     0.000
     0.000     0.000     0.000
     0.000     0.000     0.000
     0.000     0.000     0.000
     0.000     0.000     0.000
     0.000     0.000     0.000
     0.000     0.000     0.000
     0.000     0.000     0.000
     0.000     0.000     0.000
     0.000     0.000     0.000
    -0.000     0.000     0.000
    -0.000     0.000     0.000
    -0.000    -0.000     0.000
    -0.000    -0.000     0.000
    -0.000    -0.000     0.000
    -0.000    -0.000     0.000
    -0.000     0.000     0.000
    -0.000     0.000     0.000
    -0.000     0.000     0.000
    -0.000     0.000     0.000
    -0.000     0.000     0.000
    -0.000     0.000     0.000
    -0.000     0.000     0.000
    -0.000     0.000     0.000
    -0.000     0.000     0.000
    -0.000     0.000     0.000
    -0.000     0.000     0.000
    -0.000     0.000     0.000
    -0.000     0.000     0.000
    -0.000     0.000     0.000
    -0.000     0.000     0.000
    -0.000     0.000     0.000
    -0.000     0.000     0.000
    -0.000     0.000     0.000
     0.000     0.000     0.000
     0.000     0.000     0.000
     0.000    -0.000     0.000
    -0.000    -0.000     0.000
    -0.000    -0.000     0.000
    -0.000    -0.000     0.000
    -0.000    -0.000     0.000
    -0.000    -0.000     0.000
    -0.000    -0.000     0.000
    -0.000    -0.000     0.000
    -0.000     0.000     0.000
    -0.000     0.000     0.000
    -0.000     0.000     0.000
    -0.000     0.000     0.000
    -0.000     0.000     0.000
    -0.000     0.000     0.000
    -0.000     0.000     0.000
     0.000     0.000     0.000
     0.000     0.000     0.000
     0.000     0.000     0.000
     0.000     0.000     0.000
     0.000    -0.000     0.000
     0.000    -0.000     0.000
     0.000    -0.000     0.000
     0.000    -0.000     0.000
    -0.000    -0.000     0.000
    -0.000    -0.000     0.000
    -0.000    -0.000     0.000
    -0.000     0.000     0.000
    -0.000     0.000     0.000
    -0.000     0.000     0.000
    -0.000     0.000     0.000
     0.000     0.000     0.000
     0.000     0.000     0.000
     0.000     0.000     0.000
     0.000     0.000     0.000
     0.000     0.000     0.000
     0.000     0.000     0.000
     0.000     0.000     0.000
     0.000     0.000     0.000
     0.000     0.000     0.000
     0.000     0.000     0.000
     0.000     0.000     0.000
     0.000     0.000     0.000
     0.000     0.000     0.000
     0.000     0.000     0.000
     0.000     0.000     0.000
     0.000     0.000     0.000
     0.000     0.000     0.000
     0.000     0.000     0.000
     0.000     0.000     0.000
     0.000     0.000     0.000
     0.000     0.000     0.000
     0.000     0.000     0.000
     0.000     0.000     0.000
    -0.000     0.000     0.000
    -0.000     0.000     0.000
    -0.000     0.000     0.000
    -0.000    -0.000     0.000
    -0.000    -0.000     0.000
    -0.000    -0.000     0.000
    -0.000    -0.000     0.000
    -0.000    -0.000     0.000
    -0.000     0.000     0.000
    -0.000     0.000     0.000
    -0.000     0.000     0.000
    -0.000     0.000     0.000
    -0.000     0.000     0.000
    -0.000     0.000     0.000
    -0.000     0.000     0.000
    -0.000     0.000     0.000
    -0.000     0.000     0.000
    -0.000     0.000     0.000
    -0.000     0.000     0.000
    -0.000     0.000     0.000
    -0.000     0.000     0.000
    -0.000     0.000     0.000
    -0.000     0.000     0.000
    -0.000     0.000     0.000
    -0.000     0.000     0.000
    -0.000     0.000     0.000
     0.000     0.000     0.000
     0.000     0.000     0.000
     0.000     0.000     0.000
     0.000    -0.000     0.000
     0.000    -0.000     0.000
    -0.000    -0.000     0.000
    -0.000    -0.000     0.000
    -0.000    -0.000     0.000
    -0.000    -0.000     0.000
    -0.000    -0.000     0.000
    -0.000    -0.000     0.000
    -0.000     0.000     0.000
    -0.000     0.000     0.000
    -0.000     0.000     0.000
    -0.000     0.000     0.000
    -0.000     0.000     0.000
    -0.000     0.000     0.000
     0.000     0.000     0.000
     0.000     0.000     0.000
     0.000     0.000     0.000
     0.000     0.000     0.000
     0.000    -0.000     0.000
     0.000    -0.000     0.000
     0.000    -0.000     0.000
     0.000    -0.000     0.000
    -0.000    -0.000     0.000
    -0.000    -0.000     0.000
    -0.000    -0.000     0.000
    -0.000     0.000     0.000
    -0.000     0.000     0.000
    -0.000     0.000     0.000
    -0.000     0.000     0.000
     0.000     0.000     0.000
     0.000     0.000     0.000
     0.000     0.000     0.000
     0.000     0.000     0.000
     0.000     0.000     0.000
     0.000     0.000     0.000
     0.000     0.000     0.000
     0.000     0.000     0.000
     0.000     0.000     0.000
     0.000     0.000     0.000
     0.000     0.000     0.000
     0.000     0.000     0.000
     0.000     0.000     0.000
     0.000     0.000     0.000
     0.000     0.000     0.000
     0.000     0.000     0.000
     0.000     0.000     0.000
     0.000     0.000     0.000
     0.000     0.000     0.000
     0.000     0.000     0.000
     0.000     0.000     0.000
     0.000     0.000     0.000
    -0.000     0.000     0.000
    -0.000     0.000     0.000
    -0.000    -0.000     0.000
    -0.000    -0.000     0.000
    -0.000    -0.000     0.000
    -0.000    -0.000     0.000
    -0.000    -0.000     0.000
    -0.000    -0.000     0.000
    -0.000    -0.000     0.000
    -0.000     0.000     0.000
    -0.000     0.000     0.000
    -0.000     0.000     0.000
    -0.000     0.000     0.000
    -0.000     0.000     0.000
    -0.000     0.000     0.000
    -0.000     0.000     0.000
    -0.000     0.000     0.000
    -0.000     0.000     0.000
    -0.000     0.000     0.000
    -0.000     0.000     0.000
    -0.000     0.000     0.000
    -0.000     0.000     0.000
    -0.000     0.000     0.000
    -0.000     0.000     0.000
    -0.000     0.000     0.000
    -0.000     0.000     0.000
    -0.000     0.000     0.000
     0.000     0.000     0.000
     0.000     0.000     0.000
     0.000     0.000     0.000
     0.000     0.000     0.000
     0.000    -0.000     0.000
     0.000    -0.000     0.000
    -0.000    -0.000     0.000
    -0.000    -0.000     0.000
    -0.000    -0.000     0.000
    -0.000    -0.000     0.000
    -0.000    -0.000     0.000
    -0.000    -0.000     0.000
    -0.000     0.000     0.000
    -0.000     0.000     0.000
    -0.000     0.000     0.000
    -0.000     0.000     0.000
    -0.000     0.000     0.000
     0.000     0.000     0.000
     0.000     0.000     0.000
     0.000     0.000     0.000
     0.000     0.000     0.000
     0.000    -0.000     0.000
     0.000    -0.000     0.000
     0.000    -0.000     0.000
     0.000    -0.000     0.000
    -0.000    -0.000     0.000
    -0.000    -0.000     0.000
    -0.000    -0.000     0.000
    -0.000     0.000     0.000
    -0.000     0.000     0.000
    -0.000     0.000     0.000
    -0.000     0.000     0.000
     0.000     0.000     0.000
     0.000     0.000     0.000
     0.000     0.000     0.000
     0.000     0.000     0.000
     0.000     0.000     0.000
     0.000     0.000     0.000
     0.000     0.000     0.000
     0.000     0.000     0.000
     0.000     0.000     0.000
     0.000     0.000     0.000
     0.000     0.000     0.000
     0.000     0.000     0.000
     0.000     0.000     0.000
     0.000     0.000     0.000
     0.000     0.000     0.000
     0.000     0.000     0.000
     0.000     0.000     0.000
     0.000     0.000     0.000
     0.000     0.000     0.000
     0.000     0.000     0.000
    -0.000     0.000     0.000
    -0.000     0.000     0.000
    -0.000    -0.000     0.000
    -0.000    -0.000     0.000
    -0.000    -0.000     0.000
    -0.000    -0.000     0.000
    -0.000    -0.000     0.000
    -0.000    -0.000     0.000
    -0.000    -0.000     0.000
    -0.000    -0.000     0.000
    -0.000    -0.000     0.000
    -0.000     0.000     0.000
    -0.000     0.000     0.000
    -0.000     0.000     0.000
    -0.000     0.000     0.000
    -0.000     0.000     0.000
    -0.000     0.000     0.000
    -0.000     0.000     0.000
    -0.000     0.000     0.000
    -0.000     0.000     0.000
    -0.000     0.000     0.000
    -0.000     0.000     0.000
    -0.000     0.000     0.000
    -0.000     0.000     0.000
    -0.000     0.000     0.000
    -0.000     0.000     0.000
    -0.000     0.000     0.000
    -0.000     0.000     0.000
    -0.000     0.000     0.000
     0.000     0.000     0.000
     0.000     0.000     0.000
     0.000     0.000     0.000
     0.000     0.000     0.000
     0.000    -0.000     0.000
     0.000    -0.000     0.000
     0.000    -0.000     0.000
    -0.000    -0.000     0.000
    -0.000    -0.000     0.000
    -0.000    -0.000     0.000
    -0.000    -0.000     0.000
    -0.000    -0.000     0.000
    -0.000    -0.000     0.000
    -0.000     0.000     0.000
    -0.000     0.000     0.000
    -0.000     0.000     0.000
    -0.000     0.000     0.000
     0.000     0.000     0.000
     0.000     0.000     0.000
     0.000     0.000     0.000
     0.000     0.000     0.000
     0.000    -0.000     0.000
     0.000    -0.000     0.000
     0.000    -0.000     0.000
    -0.000    -0.000     0.000
    -0.000    -0.000     0.000
    -0.000    -0.000     0.000
    -0.000    -0.000     0.000
    -0.000     0.000     0.000
    -0.000     0.000     0.000
    -0.000     0.000     0.000
    -0.000     0.000     0.000
     0.000     0.000     0.000
     0.000     0.000     0.000
     0.000     0.000     0.000
     0.000     0.000     0.000
     0.000     0.000     0.000
     0.000     0.000     0.000
     0.000     0.000     0.000
     0.000     0.000     0.000
     0.000     0.000     0.000
     0.000     0.000     0.000
     0.000     0.000     0.000
     0.000     0.000     0.000
     0.000     0.000     0.000
     0.000     0.000     0.000
     0.000     0.000     0.000
     0.000     0.000     0.000
     0.000     0.000     0.000
     0.000     0.000     0.000
     0.000     0.000     0.000
    -0.000     0.000     0.000
    -0.000     0.000     0.000
    -0.000    -0.000     0.000
    -0.000    -0.000     0.000
    -0.000    -0.000     0.000
    -0.000    -0.000     0.000
    -0.000    -0.000     0.000
    -0.000    -0.000     0.000
    -0.000    -0.000     0.000
    -0.000    -0.000     0.000
    -0.000    -0.000     0.000
    -0.000    -0.000     0.000
    -0.000     0.000     0.000
    -0.000     0.000     0.000
    -0.000     0.000     0.000
    -0.000     0.000     0.000
    -0.000     0.000     0.000
    -0.000     0.000     0.000
    -0.000     0.000     0.000
    -0.000     0.000     0.000
    -0.000     0.000     0.000
    -0.000     0.000     0.000
    -0.000     0.000     0.000
    -0.000     0.000     0.000
    -0.000     0.000     0.000
    -0.000     0.000     0.000
    -0.000     0.000     0.000
    -0.000     0.000     0.000
    -0.000     0.000     0.000
    -0.000     0.000     0.000
    -0.000     0.000     0.000
     0.000     0.000     0.000
     0.000     0.000     0.000
     0.000     0.000     0.000
     0.000     0.000     0.000
     0.000    -0.000     0.000
     0.000    -0.000     0.000
     0.000    -0.000     0.000
    -0.000    -0.000     0.000
    -0.000    -0.000     0.000
    -0.000    -0.000     0.000
    -0.000    -0.000     0.000
    -0.000    -0.000     0.000
    -0.000    -0.000     0.000
    -0.000     0.000     0.000
    -0.000     0.000     0.000
    -0.000     0.000     0.000
     0.000     0.000     0.000
     0.000     0.000     0.000
     0.000     0.000     0.000
     0.001    -0.000     0.000
     0.001    -0.000     0.000
     0.001    -0.001     0.000
     0.000    -0.001     0.000
    -0.000    -0.001     0.000
    -0.000    -0.000     0.000
    -0.000    -0.000     0.000
    -0.000     0.000     0.000
    -0.000     0.000     0.000
    -0.000     0.000     0.000
    -0.000     0.000     0.000
     0.000     0.000     0.000
     0.000     0.000     0.000
     0.000     0.000     0.000
     0.000     0.000     0.000
     0.000     0.000     0.000
     0.000     0.000     0.000
     0.000     0.000     0.000
     0.000     0.000     0.000
     0.000     0.000     0.000
     0.000     0.000     0.000
     0.000     0.000     0.000
     0.000     0.000     0.000
     0.000     0.000     0.000
     0.000     0.000     0.000
     0.000     0.000     0.000
     0.000     0.000     0.000
     0.000     0.000     0.000
     0.000     0.000     0.000
    -0.000     0.000     0.000
    -0.000     0.000     0.000
    -0.000    -0.000     0.000
    -0.000    -0.000     0.000
    -0.000    -0.000     0.000
    -0.000    -0.000     0.000
    -0.000    -0.000     0.000
    -0.000    -0.000     0.000
    -0.000    -0.000     0.000
    -0.000    -0.000     0.000
    -0.000    -0.000     0.000
    -0.000    -0.000     0.000
    -0.000    -0.000     0.000
    -0.000    -0.000     0.000
    -0.000     0.000     0.000
    -0.000     0.000     0.000
    -0.000     0.000     0.000
    -0.000     0.000     0.000
    -0.000     0.000     0.000
    -0.000     0.000     0.000
    -0.000     0.000     0.000
    -0.000     0.000     0.000
    -0.000     0.000     0.000
    -0.000     0.000     0.000
    -0.000     0.000     0.000
    -0.000     0.000     0.000
    -0.000     0.000     0.000
    -0.000     0.000     0.000
    -0.000     0.000     0.000
    -0.000     0.000     0.000
    -0.000     0.000     0.000
    -0.000     0.000     0.000
    -0.000     0.000     0.000
     0.000     0.000     0.000
     0.000     0.000     0.000
     0.000     0.000     0.000
     0.000     0.000     0.000
     0.000     0.000     0.000
     0.000    -0.000     0.000
     0.000    -0.000     0.000
     0.000    -0.000     0.000
    -0.000    -0.000     0.000
    -0.000    -0.000     0.000
    -0.000    -0.000     0.000
    -0.000    -0.000     0.000
    -0.000    -0.000     0.000
    -0.000    -0.000     0.000
    -0.000     0.000     0.000
    -0.000     0.000     0.000
    -0.000     0.000     0.000
     0.000     0.000     0.000
     0.001     0.000     0.000
     0.001    -0.000     0.000
     0.001    -0.001     0.000
     0.001    -0.002     0.000
     0.000    -0.002     0.000
    -0.000    -0.001     0.000
    -0.001    -0.001     0.000
    -0.001    -0.000     0.000
    -0.000     0.000     0.000
    -0.000     0.000     0.000
    -0.000     0.000     0.000
    -0.000     0.000     0.000
     0.000     0.000     0.000
     0.000     0.000     0.000
     0.000     0.000     0.000
     0.000     0.000     0.000
     0.000     0.000     0.000
     0.000     0.000     0.000
     0.000     0.000     0.000
     0.000     0.000     0.000
     0.000     0.000     0.000
     0.000     0.000     0.000
     0.000     0.000     0.000
     0.000     0.000     0.000
     0.000     0.000     0.000
     0.000     0.000     0.000
     0.000     0.000     0.000
     0.000     0.000     0.000
    -0.000     0.000     0.000
    -0.000     0.000     0.000
    -0.000    -0.000     0.000
    -0.000    -0.000     0.000
    -0.000    -0.000     0.000
    -0.000    -0.000     0.000
    -0.000    -0.000     0.000
    -0.000    -0.000     0.000
    -0.000    -0.000     0.000
    -0.000    -0.000     0.000
    -0.000    -0.000     0.000
    -0.000    -0.000     0.000
    -0.000    -0.000     0.000
    -0.000    -0.000     0.000
    -0.000    -0.000     0.000
    -0.000    -0.000     0.000
    -0.000     0.000     0.000
    -0.000     0.000     0.000
    -0.000     0.000     0.000
    -0.000     0.000     0.000
    -0.000     0.000     0.000
    -0.000     0.000     0.000
    -0.000     0.000     0.000
    -0.000     0.000     0.000
    -0.000     0.000     0.000
    -0.000     0.000     0.000
    -0.000     0.000     0.000
    -0.000     0.000     0.000
    -0.000     0.000     0.000
    -0.000     0.000     0.000
    -0.000     0.000     0.000
    -0.000     0.000     0.000
    -0.000     0.000     0.000
    -0.000     0.000     0.000
    -0.000     0.000     0.000
    -0.000     0.000     0.000
     0.000     0.000     0.000
     0.000     0.000     0.000
     0.000     0.000     0.000
     0.000     0.000     0.000
     0.000     0.000     0.000
     0.000    -0.000     0.000
     0.000    -0.000     0.000
     0.000    -0.000     0.000
     0.000    -0.000     0.000
    -0.000    -0.000     0.000
    -0.000    -0.000     0.000
    -0.000    -0.000     0.000
    -0.001    -0.000     0.000
    -0.001    -0.000     0.000
    -0.001     0.000     0.000
    -0.000     0.000     0.000
     0.000     0.000     0.000
     0.001    -0.000     0.000
     0.002    -0.001     0.000
     0.003    -0.003     0.000
     0.002    -0.005     0.000
     0.000    -0.005     0.000
    -0.002    -0.004     0.000
    -0.002    -0.002     0.000
    -0.002    -0.001     0.000
    -0.001     0.000     0.000
    -0.000     0.000     0.000
    -0.000     0.000     0.000
    -0.000     0.000     0.000
     0.000     0.000     0.000
     0.000     0.000     0.000
     0.000     0.000     0.000
     0.000     0.000     0.000
     0.000     0.000     0.000
     0.000     0.000     0.000
     0.000     0.000     0.000
     0.000     0.000     0.000
     0.000     0.000     0.000
     0.000     0.000     0.000
     0.000     0.000     0.000
     0.000     0.000     0.000
     0.000     0.000     0.000
     0.000     0.000     0.000
     0.000     0.000     0.000
    -0.000    -0.000     0.000
    -0.000    -0.000     0.000
    -0.000    -0.000     0.000
    -0.000    -0.000     0.000
    -0.000    -0.000     0.000
    -0.000    -0.000     0.000
    -0.000    -0.000     0.000
    -0.000    -0.000     0.000
    -0.000    -0.000     0.000
    -0.000    -0.000     0.000
    -0.000    -0.000     0.000
    -0.000    -0.000     0.000
    -0.000    -0.000     0.000
    -0.000    -0.000     0.000
    -0.000    -0.000     0.000
    -0.000    -0.000     0.000
    -0.000    -0.000     0.000
    -0.000     0.000     0.000
    -0.000     0.000     0.000
    -0.000     0.000     0.000
    -0.000     0.000     0.000
    -0.000     0.000     0.000
    -0.000     0.000     0.000
    -0.000     0.000     0.000
    -0.000     0.000     0.000
    -0.000     0.000     0.000
    -0.000     0.000     0.000
    -0.000     0.000     0.000
    -0.000     0.000     0.000
    -0.000     0.000     0.000
    -0.000     0.000     0.000
    -0.000     0.000     0.000
    -0.000     0.000     0.000
    -0.000     0.000     0.000
    -0.000     0.000     0.000
    -0.000     0.000     0.000
    -0.000     0.000     0.000
    -0.000     0.000     0.000
     0.000     0.000     0.000
     0.000     0.000     0.000
     0.000     0.000     0.000
     0.000     0.000     0.000
     0.000     0.000     0.000
     0.000    -0.000     0.000
     0.000    -0.000     0.000
     0.000    -0.000     0.000
     0.000    -0.000     0.000
    -0.000    -0.001     0.000
    -0.000    -0.001     0.000
    -0.001    -0.001     0.000
    -0.001    -0.001     0.000
    -0.001    -0.001     0.000
    -0.000    -0.000     0.000
     0.001    -0.000     0.000
     0.002    -0.001     0.000
     0.004    -0.003     0.000
     0.005    -0.006     0.000
     0.004    -0.011     0.000
    -0.001    -0.012     0.000
    -0.005    -0.009     0.000
    -0.005    -0.004     0.000
    -0.003    -0.001     0.000
    -0.002     0.000     0.000
    -0.001     0.000     0.000
    -0.000     0.000     0.000
     0.000     0.000     0.000
     0.000     0.000     0.000
     0.000     0.000     0.000
     0.000     0.000     0.000
     0.000     0.000     0.000
     0.000     0.000     0.000
     0.000    -0.000     0.000
     0.000    -0.000     0.000
     0.000    -0.000     0.000
     0.000    -0.000     0.000
     0.000    -0.000     0.000
     0.000    -0.000     0.000
     0.000    -0.000     0.000
     0.000    -0.000     0.000
    -0.000    -0.000     0.000
    -0.000    -0.000     0.000
    -0.000    -0.000     0.000
    -0.000    -0.000     0.000
    -0.000    -0.000     0.000
    -0.000    -0.000     0.000
    -0.000    -0.000     0.000
    -0.000    -0.000     0.000
    -0.000    -0.000     0.000
    -0.000    -0.000     0.000
    -0.000    -0.000     0.000
    -0.000    -0.000     0.000
    -0.000    -0.000     0.000
    -0.000    -0.000     0.000
    -0.000    -0.000     0.000
    -0.000    -0.000     0.000
    -0.000    -0.000     0.000
    -0.000    -0.000     0.000
    -0.000    -0.000     0.000
    -0.000     0.000     0.000
    -0.000     0.000     0.000
    -0.000     0.000     0.000
    -0.000     0.000     0.000
    -0.000     0.000     0.000
    -0.000     0.000     0.000
    -0.000     0.000     0.000
    -0.000     0.000     0.000
    -0.000     0.000     0.000
    -0.000     0.000     0.000
    -0.000     0.000     0.000
    -0.000     0.000     0.000
    -0.000     0.000     0.000
    -0.000     0.000     0.000
    -0.000     0.000     0.000
    -0.000     0.000     0.000
    -0.000     0.000     0.000
    -0.000     0.000     0.000
    -0.000     0.000     0.000
    -0.000     0.000     0.000
    -0.000     0.000     0.000
     0.000     0.000     0.000
     0.000     0.000     0.000
     0.000     0.000     0.000
     0.000     0.000     0.000
     0.000     0.000     0.000
     0.000     0.000     0.000
     0.000    -0.000     0.000
     0.000    -0.000     0.000
     0.000    -0.001     0.000
     0.000    -0.002     0.000
    -0.000    -0.003     0.000
    -0.001    -0.004     0.000
    -0.002    -0.003     0.000
    -0.002    -0.003     0.000
    -0.001    -0.002     0.000
     0.001    -0.001     0.000
     0.004    -0.003     0.000
     0.008    -0.006     0.000
     0.010    -0.012     0.000
     0.006    -0.019     0.000
    -0.004    -0.021     0.000
    -0.010    -0.014     0.000
    -0.009    -0.006     0.000
    -0.005    -0.001     0.000
    -0.002     0.000     0.000
    -0.001     0.001     0.000
    -0.000     0.000     0.000
     0.000     0.000     0.000
     0.000     0.000     0.000
     0.000     0.000     0.000
     0.000    -0.000     0.000
     0.000    -0.000     0.000
     0.000    -0.000     0.000
     0.000    -0.000     0.000
     0.000    -0.000     0.000
     0.000    -0.000     0.000
     0.000    -0.000     0.000
     0.000    -0.000     0.000
     0.000    -0.000     0.000
     0.000    -0.000     0.000
    -0.000    -0.000     0.000
    -0.000    -0.000     0.000
    -0.000    -0.000     0.000
    -0.000    -0.000     0.000
    -0.000    -0.000     0.000
    -0.000    -0.000     0.000
    -0.000    -0.000     0.000
    -0.000    -0.000     0.000
    -0.000    -0.000     0.000
    -0.000    -0.000     0.000
    -0.000    -0.000     0.000
    -0.000    -0.000     0.000
    -0.000    -0.000     0.000
    -0.000    -0.000     0.000
    -0.000    -0.000     0.000
    -0.000    -0.000     0.000
    -0.000    -0.000     0.000
    -0.000    -0.000     0.000
    -0.000    -0.000     0.000
    -0.000    -0.000     0.000
    -0.000     0.000     0.000
    -0.000     0.000     0.000
    -0.000     0.000     0.000
    -0.000     0.000     0.000
    -0.000     0.000     0.000
    -0.000     0.000     0.000
    -0.000     0.000     0.000
    -0.000     0.000     0.000
    -0.000     0.000     0.000
    -0.000     0.000     0.000
    -0.000     0.000     0.000
    -0.000     0.000     0.000
    -0.000     0.000     0.000
    -0.000     0.000     0.000
    -0.000     0.000     0.000
    -0.000     0.000     0.000
    -0.000     0.000     0.000
    -0.000     0.000     0.000
    -0.000     0.000     0.000
    -0.000     0.000     0.000
    -0.000     0.000     0.000
    -0.000     0.000     0.000
     0.000     0.000     0.000
     0.000     0.000     0.000
     0.000     0.000     0.000
     0.000     0.000     0.000
     0.000     0.000     0.000
     0.000     0.000     0.000
     0.001    -0.000     0.000
     0.002    -0.001     0.000
     0.002    -0.004     0.000
     0.002    -0.007     0.000
    -0.000    -0.009     0.000
    -0.002    -0.009     0.000
    -0.003    -0.007     0.000
    -0.002    -0.005     0.000
     0.001    -0.005     0.000
     0.006    -0.007     0.000
     0.014    -0.011     0.000
     0.019    -0.018     0.000
     0.013    -0.025     0.000
    -0.008    -0.023     0.000
    -0.019    -0.015     0.000
    -0.015    -0.006     0.000
    -0.008    -0.001     0.000
    -0.003     0.000     0.000
    -0.001     0.001     0.000
     0.000     0.000     0.000
     0.000     0.000     0.000
     0.000    -0.000     0.000
     0.000    -0.000     0.000
     0.000    -0.000     0.000
     0.000    -0.000     0.000
     0.000    -0.000     0.000
     0.000    -0.000     0.000
     0.000    -0.000     0.000
     0.000    -0.000     0.000
     0.000    -0.000     0.000
     0.000    -0.000     0.000
    -0.000    -0.000     0.000
    -0.000    -0.000     0.000
    -0.000    -0.000     0.000
    -0.000    -0.000     0.000
    -0.000    -0.000     0.000
    -0.000    -0.000     0.000
    -0.000    -0.000     0.000
    -0.000    -0.000     0.000
    -0.000    -0.000     0.000
    -0.000    -0.000     0.000
    -0.000    -0.000     0.000
    -0.000    -0.000     0.000
    -0.000    -0.000     0.000
    -0.000    -0.000     0.000
    -0.000    -0.000     0.000
    -0.000    -0.000     0.000
    -0.000    -0.000     0.000
    -0.000    -0.000     0.000
    -0.000    -0.000     0.000
    -0.000    -0.000     0.000
    -0.000    -0.000     0.000
    -0.000    -0.000     0.000
    -0.000     0.000     0.000
    -0.000     0.000     0.000
    -0.000     0.000     0.000
    -0.000     0.000     0.000
    -0.000     0.000     0.000
    -0.000     0.000     0.000
    -0.000     0.000     0.000
    -0.000     0.000     0.000
    -0.000     0.000     0.000
    -0.000     0.000     0.000
    -0.000     0.000     0.000
    -0.000     0.000     0.000
    -0.000     0.000     0.000
    -0.000     0.000     0.000
    -0.000     0.000     0.000
    -0.000     0.000     0.000
    -0.000     0.000     0.000
    -0.000     0.000     0.000
    -0.000     0.000     0.000
    -0.000     0.000     0.000
    -0.000     0.000     0.000
    -0.000     0.000     0.000
    -0.000     0.000     0.000
     0.000     0.000     0.000
     0.000     0.000     0.000
     0.000     0.000     0.000
     0.000     0.000     0.000
     0.001     0.000     0.000
     0.002    -0.000     0.000
     0.004    -0.002     0.000
     0.007    -0.006     0.000
     0.008    -0.012     0.000
     0.004    -0.017     0.000
    -0.003    -0.019     0.000
    -0.006    -0.017     0.000
    -0.003    -0.014     0.000
     0.002    -0.015     0.000
     0.010    -0.018     0.000
     0.021    -0.022     0.000
     0.028    -0.027     0.000
     0.015    -0.027     0.000
    -0.017    -0.020     0.000
    -0.031    -0.011     0.000
    -0.022    -0.005     0.000
    -0.011    -0.002     0.000
    -0.004    -0.000     0.000
    -0.001    -0.000     0.000
     0.000    -0.000     0.000
     0.001    -0.000     0.000
     0.001    -0.000     0.000
     0.000    -0.000     0.000
     0.000    -0.000     0.000
     0.000    -0.000     0.000
     0.000    -0.000     0.000
     0.000    -0.000     0.000
     0.000    -0.000     0.000
    -0.000    -0.000     0.000
    -0.000    -0.000     0.000
    -0.000    -0.000     0.000
    -0.000    -0.000     0.000
    -0.000    -0.000     0.000
    -0.000    -0.000     0.000
    -0.000    -0.000     0.000
    -0.000    -0.000     0.000
    -0.000    -0.000     0.000
    -0.000    -0.000     0.000
    -0.000    -0.000     0.000
    -0.000    -0.000     0.000
    -0.000    -0.000     0.000
    -0.000    -0.000     0.000
    -0.000    -0.000     0.000
    -0.000    -0.000     0.000
    -0.000    -0.000     0.000
    -0.000    -0.000     0.000
    -0.000    -0.000     0.000
    -0.000    -0.000     0.000
    -0.000    -0.000     0.000
    -0.000    -0.000     0.000
    -0.000    -0.000     0.000
    -0.000    -0.000     0.000
    -0.000    -0.000     0.000
    -0.000     0.000     0.000
    -0.000     0.000     0.000
    -0.000     0.000     0.000
    -0.000     0.000     0.000
    -0.000     0.000     0.000
    -0.000     0.000     0.000
    -0.000     0.000     0.000
    -0.000     0.000     0.000
    -0.000     0.000     0.000
    -0.000     0.000     0.000
    -0.000     0.000     0.000
    -0.000     0.000     0.000
    -0.000     0.000     0.000
    -0.000     0.000     0.000
    -0.000     0.000     0.000
    -0.000     0.000     0.000
    -0.000     0.000     0.000
    -0.000     0.000     0.000
    -0.000     0.000     0.000
    -0.000     0.000     0.000
    -0.000     0.000     0.000
    -0.000     0.000     0.000
    -0.000     0.000     0.000
    -0.000     0.000     0.000
     0.000     0.000     0.000
     0.000     0.000     0.000
     0.000     0.000     0.000
     0.001     0.001     0.000
     0.003     0.000     0.000
     0.006    -0.001     0.000
     0.012    -0.005     0.000
     0.016    -0.013     0.000
     0.010    -0.022     0.000
    -0.003    -0.030     0.000
    -0.010    -0.032     0.000
    -0.005    -0.032     0.000
     0.005    -0.037     0.000
     0.017    -0.044     0.000
     0.026    -0.044     0.000
     0.028    -0.040     0.000
     0.009    -0.033     0.000
    -0.027    -0.022     0.000
    -0.041    -0.013     0.000
    -0.028    -0.008     0.000
    -0.013    -0.005     0.000
    -0.005    -0.003     0.000
    -0.001    -0.002     0.000
     0.000    -0.002     0.000
     0.001    -0.002     0.000
     0.000    -0.002     0.000
     0.000    -0.001     0.000
     0.000    -0.001     0.000
     0.000    -0.000     0.000
    -0.000    -0.000     0.000
    -0.000    -0.000     0.000
    -0.000    -0.000     0.000
    -0.000    -0.000     0.000
    -0.000    -0.000     0.000
    -0.000    -0.000     0.000
    -0.000    -0.000     0.000
    -0.000    -0.000     0.000
    -0.000    -0.000     0.000
    -0.000    -0.000     0.000
    -0.000    -0.000     0.000
    -0.000    -0.000     0.000
    -0.000    -0.000     0.000
    -0.000    -0.000     0.000
    -0.000    -0.000     0.000
    -0.000    -0.000     0.000
    -0.000    -0.000     0.000
    -0.000    -0.000     0.000
    -0.000    -0.000     0.000
    -0.000    -0.000     0.000
    -0.000    -0.000     0.000
    -0.000    -0.000     0.000
    -0.000    -0.000     0.000
    -0.000    -0.000     0.000
    -0.000    -0.000     0.000
    -0.000    -0.000     0.000
    -0.000    -0.000     0.000
    -0.000    -0.000     0.000
    -0.000     0.000     0.000
    -0.000     0.000     0.000
    -0.000     0.000     0.000
    -0.000     0.000     0.000
    -0.000     0.000     0.000
    -0.000     0.000     0.000
    -0.000     0.000     0.000
    -0.000     0.000     0.000
    -0.000     0.000     0.000
    -0.000     0.000     0.000
    -0.000     0.000     0.000
    -0.000     0.000     0.000
    -0.000     0.000     0.000
    -0.000     0.000     0.000
    -0.000     0.000     0.000
    -0.000     0.000     0.000
    -0.000     0.000     0.000
    -0.000     0.000     0.000
    -0.000     0.000     0.000
    -0.000     0.000     0.000
    -0.000     0.000     0.000
    -0.000     0.000     0.000
    -0.000     0.000     0.000
    -0.000     0.000     0.000
    -0.000     0.000     0.000
     0.000     0.000     0.000
     0.000     0.000     0.000
     0.001     0.001     0.000
     0.003     0.001     0.000
     0.007     0.001     0.000
     0.015    -0.001     0.000
     0.024    -0.005     0.000
     0.021    -0.013     0.000
     0.004    -0.028     0.000
    -0.007    -0.042     0.000
    -0.001    -0.051     0.000
     0.013    -0.068     0.000
     0.024    -0.081     0.000
     0.023    -0.079     0.000
     0.010    -0.065     0.000
    -0.005    -0.048     0.000
    -0.031    -0.038     0.000
    -0.047    -0.029     0.000
    -0.037    -0.022     0.000
    -0.019    -0.015     0.000
    -0.007    -0.010     0.000
    -0.001    -0.008     0.000
    -0.000    -0.007     0.000
    -0.000    -0.005     0.000
    -0.000    -0.004     0.000
    -0.000    -0.002     0.000
    -0.000    -0.001     0.000
    -0.000    -0.000     0.000
    -0.000    -0.000     0.000
    -0.000    -0.000     0.000
    -0.000    -0.000     0.000
    -0.000    -0.000     0.000
    -0.000    -0.000     0.000
    -0.000    -0.000     0.000
    -0.000    -0.000     0.000
    -0.000    -0.000     0.000
    -0.000    -0.000     0.000
    -0.000    -0.000     0.000
    -0.000    -0.000     0.000
    -0.000    -0.000     0.000
    -0.000    -0.000     0.000
    -0.000    -0.000     0.000
    -0.000    -0.000     0.000
    -0.000    -0.000     0.000
    -0.000    -0.000     0.000
    -0.000    -0.000     0.000
    -0.000    -0.000     0.000
    -0.000    -0.000     0.000
    -0.000    -0.000     0.000
    -0.000    -0.000     0.000
    -0.000    -0.000     0.000
    -0.000    -0.000     0.000
    -0.000    -0.000     0.000
    -0.000    -0.000     0.000
    -0.000    -0.000     0.000
    -0.000    -0.000     0.000
    -0.000     0.000     0.000
    -0.000     0.000     0.000
    -0.000     0.000     0.000
    -0.000     0.000     0.000
    -0.000     0.000     0.000
    -0.000     0.000     0.000
    -0.000     0.000     0.000
    -0.000     0.000     0.000
    -0.000     0.000     0.000
    -0.000     0.000     0.000
    -0.000     0.000     0.000
    -0.000     0.000     0.000
    -0.000     0.000     0.000
    -0.000     0.000     0.000
    -0.000     0.000     0.000
    -0.000     0.000     0.000
    -0.000     0.000     0.000
    -0.000     0.000     0.000
    -0.000     0.000     0.000
    -0.000     0.000     0.000
    -0.000     0.000     0.000
    -0.000     0.000     0.000
    -0.000     0.000     0.000
    -0.000     0.000     0.000
    -0.000     0.000     0.000
    -0.000     0.000     0.000
     0.000     0.001     0.000
     0.001     0.001     0.000
     0.002     0.002     0.000
     0.006     0.003     0.000
     0.015     0.004     0.000
     0.028     0.006     0.000
     0.034     0.004     0.000
     0.025    -0.013     0.000
     0.012    -0.038     0.000
     0.021    -0.059     0.000
     0.031    -0.085     0.000
     0.028    -0.094     0.000
     0.017    -0.090     0.000
    -0.004    -0.082     0.000
    -0.015    -0.072     0.000
    -0.034    -0.073     0.000
    -0.058    -0.063     0.000
    -0.054    -0.050     0.000
    -0.031    -0.035     0.000
    -0.011    -0.024     0.000
    -0.003    -0.020     0.000
    -0.002    -0.016     0.000
    -0.003    -0.011     0.000
    -0.003    -0.007     0.000
    -0.002    -0.004     0.000
    -0.001    -0.001     0.000
    -0.000    -0.001     0.000
    -0.000    -0.000     0.000
    -0.000    -0.000     0.000
    -0.000    -0.000     0.000
    -0.000    -0.000     0.000
    -0.000    -0.000     0.000
    -0.000    -0.000     0.000
    -0.000    -0.000     0.000
    -0.000    -0.000     0.000
    -0.000    -0.000     0.000
    -0.000    -0.000     0.000
    -0.000    -0.000     0.000
    -0.000    -0.000     0.000
    -0.000    -0.000     0.000
    -0.000    -0.000     0.000
    -0.000    -0.000     0.000
    -0.000    -0.000     0.000
    -0.000    -0.000     0.000
    -0.000    -0.000     0.000
    -0.000    -0.000     0.000
    -0.000    -0.000     0.000
    -0.000    -0.000     0.000
    -0.000    -0.000     0.000
    -0.000    -0.000     0.000
    -0.000    -0.000     0.000
    -0.000    -0.000     0.000
    -0.000    -0.000     0.000
    -0.000    -0.000     0.000
    -0.000    -0.000     0.000
    -0.000     0.000     0.000
    -0.000     0.000     0.000
    -0.000     0.000     0.000
    -0.000     0.000     0.000
    -0.000     0.000     0.000
    -0.000     0.000     0.000
    -0.000     0.000     0.000
    -0.000     0.000     0.000
    -0.000     0.000     0.000
    -0.000     0.000     0.000
    -0.000     0.000     0.000
    -0.000     0.000     0.000
    -0.000     0.000     0.000
    -0.000     0.000     0.000
    -0.000     0.000     0.000
    -0.000     0.000     0.000
    -0.000     0.000     0.000
    -0.000     0.000     0.000
    -0.000     0.000     0.000
    -0.000     0.000     0.000
    -0.000     0.000     0.000
    -0.000     0.000     0.000
    -0.000     0.000     0.000
    -0.000     0.000     0.000
    -0.000     0.000     0.000
    -0.000     0.000     0.000
    -0.000     0.000     0.000
     0.000     0.001     0.000
     0.001     0.001     0.000
     0.005     0.003     0.000
     0.012     0.005     0.000
     0.026     0.010     0.000
     0.042     0.011     0.000
     0.046    -0.004     0.000
     0.038    -0.034     0.000
     0.047    -0.056     0.000
     0.040    -0.069     0.000
     0.019    -0.055     0.000
     0.008    -0.041     0.000
    -0.002    -0.042     0.000
    -0.013    -0.050     0.000
    -0.036    -0.064     0.000
    -0.065    -0.073     0.000
    -0.070    -0.069     0.000
    -0.043    -0.053     0.000
    -0.016    -0.041     0.000
    -0.006    -0.035     0.000
    -0.008    -0.026     0.000
    -0.011    -0.017     0.000
    -0.010    -0.009     0.000
    -0.006    -0.004     0.000
    -0.003    -0.001     0.000
    -0.001    -0.000     0.000
    -0.000    -0.000     0.000
    -0.000    -0.000     0.000
    -0.000    -0.000     0.000
    -0.000    -0.000     0.000
    -0.000    -0.000     0.000
    -0.000    -0.000     0.000
    -0.000    -0.000     0.000
    -0.000    -0.000     0.000
    -0.000    -0.000     0.000
    -0.000    -0.000     0.000
    -0.000    -0.000     0.000
    -0.000    -0.000     0.000
    -0.000    -0.000     0.000
    -0.000    -0.000     0.000
    -0.000    -0.000     0.000
    -0.000    -0.000     0.000
    -0.000    -0.000     0.000
    -0.000    -0.000     0.000
    -0.000    -0.000     0.000
    -0.000    -0.000     0.000
    -0.000    -0.000     0.000
    -0.000    -0.000     0.000
    -0.000    -0.000     0.000
    -0.000    -0.000     0.000
    -0.000    -0.000     0.000
    -0.000    -0.000     0.000
    -0.000    -0.000     0.000
    -0.000    -0.000     0.000
    -0.000     0.000     0.000
    -0.000     0.000     0.000
    -0.000     0.000     0.000
    -0.000     0.000     0.000
    -0.000     0.000     0.000
    -0.000     0.000     0.000
    -0.000     0.000     0.000
    -0.000     0.000     0.000
    -0.000     0.000     0.000
    -0.000     0.000     0.000
    -0.000     0.000     0.000
    -0.000     0.000     0.000
    -0.000     0.000     0.000
    -0.000     0.000     0.000
    -0.000     0.000     0.000
    -0.000     0.000     0.000
    -0.000     0.000     0.000
    -0.000     0.000     0.000
    -0.000     0.000     0.000
    -0.000     0.000     0.000
    -0.000    -0.000     0.000
    -0.000    -0.000     0.000
    -0.000    -0.000     0.000
    -0.000    -0.000     0.000
    -0.000    -0.000     0.000
    -0.000     0.000     0.000
    -0.000     0.000     0.000
    -0.000     0.000     0.000
     0.001     0.001     0.000
     0.003     0.001     0.000
     0.010     0.002     0.000
     0.026     0.004     0.000
     0.049     0.002     0.000
     0.066    -0.015     0.000
     0.065    -0.046     0.000
     0.050    -0.049     0.000
     0.023    -0.030     0.000
     0.003    -0.004     0.000
    -0.002     0.009     0.000
     0.000     0.006     0.000
     0.003    -0.001     0.000
    -0.012    -0.015     0.000
    -0.049    -0.043     0.000
    -0.078    -0.057     0.000
    -0.057    -0.046     0.000
    -0.023    -0.042     0.000
    -0.013    -0.036     0.000
    -0.016    -0.024     0.000
    -0.021    -0.013     0.000
    -0.017    -0.006     0.000
    -0.009    -0.002     0.000
    -0.004    -0.001     0.000
    -0.002    -0.000     0.000
    -0.001     0.000     0.000
    -0.000     0.000     0.000
    -0.000     0.000     0.000
    -0.000     0.000     0.000
    -0.000    -0.000     0.000
    -0.000    -0.000     0.000
    -0.000    -0.000     0.000
    -0.000    -0.000     0.000
    -0.000    -0.000     0.000
    -0.000    -0.000     0.000
    -0.000    -0.000     0.000
    -0.000    -0.000     0.000
    -0.000    -0.000     0.000
    -0.000    -0.000     0.000
    -0.000    -0.000     0.000
    -0.000    -0.000     0.000
    -0.000    -0.000     0.000
    -0.000    -0.000     0.000
    -0.000    -0.000     0.000
    -0.000    -0.000     0.000
    -0.000    -0.000     0.000
    -0.000    -0.000     0.000
    -0.000    -0.000     0.000
    -0.000    -0.000     0.000
    -0.000    -0.000     0.000
    -0.000    -0.000     0.000
    -0.000    -0.000     0.000
    -0.000    -0.000     0.000
    -0.000     0.000     0.000
    -0.000     0.000     0.000
    -0.000     0.000     0.000
    -0.000     0.000     0.000
    -0.000     0.000     0.000
    -0.000     0.000     0.000
    -0.000     0.000     0.000
    -0.000     0.000     0.000
    -0.000     0.000     0.000
    -0.000     0.000     0.000
    -0.000     0.000     0.000
    -0.000     0.000     0.000
    -0.000     0.000     0.000
    -0.000     0.000     0.000
    -0.000     0.000     0.000
    -0.000     0.000     0.000
    -0.000    -0.000     0.000
    -0.000    -0.000     0.000
    -0.000    -0.000     0.000
    -0.000    -0.000     0.000
    -0.000    -0.000     0.000
    -0.000    -0.000     0.000
    -0.000    -0.000     0.000
    -0.000    -0.000     0.000
    -0.000    -0.000     0.000
    -0.000    -0.000     0.000
    -0.000    -0.000     0.000
    -0.000    -0.001     0.000
     0.001    -0.001     0.000
     0.003    -0.002     0.000
     0.011    -0.003     0.000
     0.030    -0.005     0.000
     0.063    -0.011     0.000
     0.091    -0.024     0.000
     0.081    -0.035     0.000
     0.034    -0.023     0.000
    -0.001    -0.002     0.000
    -0.009     0.013     0.000
    -0.005     0.019     0.000
     0.002     0.017     0.000
     0.012     0.017     0.000
     0.009     0.012     0.000
    -0.025    -0.011     0.000
    -0.071    -0.028     0.000
    -0.062    -0.021     0.000
    -0.033    -0.015     0.000
    -0.024    -0.006     0.000
    -0.025     0.003     0.000
    -0.025     0.003     0.000
    -0.019     0.001     0.000
    -0.010     0.001     0.000
    -0.004     0.001     0.000
    -0.002     0.000     0.000
    -0.001     0.000     0.000
    -0.000     0.000     0.000
    -0.000     0.000     0.000
    -0.000     0.000     0.000
    -0.000    -0.000     0.000
    -0.000    -0.000     0.000
    -0.000    -0.000     0.000
    -0.000    -0.000     0.000
    -0.000    -0.000     0.000
    -0.000    -0.000     0.000
    -0.000    -0.000     0.000
    -0.000    -0.000     0.000
    -0.000    -0.000     0.000
    -0.000    -0.000     0.000
    -0.000    -0.000     0.000
    -0.000    -0.000     0.000
    -0.000    -0.000     0.000
    -0.000    -0.000     0.000
    -0.000    -0.000     0.000
    -0.000    -0.000     0.000
    -0.000    -0.000     0.000
    -0.000    -0.000     0.000
    -0.000    -0.000     0.000
    -0.000    -0.000     0.000
    -0.000    -0.000     0.000
    -0.000    -0.000     0.000
    -0.000    -0.000     0.000
    -0.000    -0.000     0.000
    -0.000     0.000     0.000
    -0.000     0.000     0.000
    -0.000     0.000     0.000
    -0.000     0.000     0.000
    -0.000     0.000     0.000
    -0.000     0.000     0.000
    -0.000     0.000     0.000
    -0.000     0.000     0.000
    -0.000     0.000     0.000
    -0.000     0.000     0.000
    -0.000     0.000     0.000
    -0.000     0.000     0.000
    -0.000     0.000     0.000
    -0.000     0.000     0.000
    -0.000    -0.000     0.000
    -0.000    -0.000     0.000
    -0.000    -0.000     0.000
    -0.000    -0.000     0.000
    -0.000    -0.000     0.000
    -0.000    -0.000     0.000
    -0.000    -0.000     0.000
    -0.000    -0.000     0.000
    -0.000    -0.000     0.000
    -0.000    -0.000     0.000
    -0.000    -0.000     0.000
    -0.000    -0.001     0.000
    -0.000    -0.001     0.000
     0.001    -0.002     0.000
     0.002    -0.004     0.000
     0.005    -0.007     0.000
     0.013    -0.011     0.000
     0.034    -0.016     0.000
     0.071    -0.020     0.000
     0.100    -0.021     0.000
     0.073    -0.016     0.000
     0.011    -0.002     0.000
    -0.019     0.007     0.000
    -0.014     0.010     0.000
    -0.005     0.009     0.000
     0.002     0.009     0.000
     0.011     0.011     0.000
     0.013     0.010     0.000
    -0.012    -0.001     0.000
    -0.060    -0.013     0.000
    -0.068    -0.015     0.000
    -0.046     0.007     0.000
    -0.034     0.023     0.000
    -0.027     0.023     0.000
    -0.021     0.015     0.000
    -0.014     0.007     0.000
    -0.007     0.003     0.000
    -0.003     0.001     0.000
    -0.002     0.001     0.000
    -0.001     0.000     0.000
    -0.000     0.000     0.000
    -0.000     0.000     0.000
    -0.000    -0.000     0.000
    -0.000    -0.000     0.000
    -0.000    -0.000     0.000
    -0.000    -0.000     0.000
    -0.000    -0.000     0.000
    -0.000    -0.000     0.000
    -0.000    -0.000     0.000
    -0.000    -0.000     0.000
    -0.000    -0.000     0.000
    -0.000    -0.000     0.000
    -0.000    -0.000     0.000
    -0.000    -0.000     0.000
    -0.000    -0.000     0.000
    -0.000    -0.000     0.000
    -0.000    -0.000     0.000
    -0.000    -0.000     0.000
    -0.000    -0.000     0.000
    -0.000    -0.000     0.000
    -0.000    -0.000     0.000
    -0.000    -0.000     0.000
    -0.000    -0.000     0.000
    -0.000    -0.000     0.000
    -0.000    -0.000     0.000
    -0.000    -0.000     0.000
    -0.000    -0.000     0.000
    -0.000     0.000     0.000
    -0.000     0.000     0.000
    -0.000     0.000     0.000
    -0.000     0.000     0.000
    -0.000     0.000     0.000
    -0.000     0.000     0.000
    -0.000     0.000     0.000
    -0.000     0.000     0.000
    -0.000     0.000     0.000
    -0.000     0.000     0.000
    -0.000     0.000     0.000
    -0.000     0.000     0.000
    -0.000     0.000     0.000
    -0.000    -0.000     0.000
    -0.000    -0.000     0.000
    -0.000    -0.000     0.000
    -0.000    -0.000     0.000
    -0.000    -0.000     0.000
    -0.000    -0.000     0.000
    -0.000    -0.000     0.000
    -0.000    -0.000     0.000
    -0.000    -0.000     0.000
    -0.000    -0.000     0.000
    -0.000    -0.000     0.000
     0.000    -0.000     0.000
     0.000    -0.001     0.000
     0.001    -0.002     0.000
     0.002    -0.003     0.000
     0.005    -0.007     0.000
     0.010    -0.013     0.000
     0.018    -0.021     0.000
     0.035    -0.027     0.000
     0.064    -0.020     0.000
     0.093    -0.004     0.000
     0.068     0.001     0.000
     0.006     0.005     0.000
    -0.019     0.004     0.000
    -0.013     0.003     0.000
    -0.004     0.001     0.000
     0.002     0.000     0.000
     0.009    -0.000     0.000
     0.015    -0.002     0.000
    -0.003    -0.004     0.000
    -0.057    -0.003     0.000
    -0.088    -0.000     0.000
    -0.065     0.016     0.000
    -0.037     0.027     0.000
    -0.021     0.023     0.000
    -0.012     0.014     0.000
    -0.007     0.007     0.000
    -0.004     0.003     0.000
    -0.002     0.001     0.000
    -0.001     0.000     0.000
    -0.001     0.000     0.000
    -0.000    -0.000     0.000
    -0.000    -0.000     0.000
    -0.000    -0.000     0.000
    -0.000    -0.000     0.000
    -0.000    -0.000     0.000
    -0.000    -0.000     0.000
    -0.000    -0.000     0.000
    -0.000    -0.000     0.000
    -0.000    -0.000     0.000
    -0.000    -0.000     0.000
    -0.000    -0.000     0.000
    -0.000    -0.000     0.000
    -0.000    -0.000     0.000
    -0.000    -0.000     0.000
    -0.000    -0.000     0.000
    -0.000    -0.000     0.000
    -0.000    -0.000     0.000
    -0.000    -0.000     0.000
    -0.000    -0.000     0.000
    -0.000    -0.000     0.000
    -0.000    -0.000     0.000
    -0.000    -0.000     0.000
    -0.000    -0.000     0.000
    -0.000    -0.000     0.000
    -0.000    -0.000     0.000
    -0.000    -0.000     0.000
    -0.000    -0.000     0.000
    -0.000     0.000     0.000
    -0.000     0.000     0.000
    -0.000     0.000     0.000
    -0.000     0.000     0.000
    -0.000     0.000     0.000
    -0.000     0.000     0.000
    -0.000     0.000     0.000
    -0.000     0.000     0.000
    -0.000     0.000     0.000
    -0.000     0.000     0.000
    -0.000     0.000     0.000
    -0.000     0.000     0.000
    -0.000    -0.000     0.000
    -0.000    -0.000     0.000
    -0.000    -0.000     0.000
    -0.000    -0.000     0.000
    -0.000    -0.000     0.000
    -0.000    -0.000     0.000
    -0.000    -0.000     0.000
    -0.000    -0.000     0.000
     0.000    -0.000     0.000
     0.000    -0.000     0.000
     0.000    -0.000     0.000
     0.000    -0.000     0.000
     0.000    -0.000     0.000
     0.001    -0.001     0.000
     0.002    -0.002     0.000
     0.005    -0.004     0.000
     0.010    -0.008     0.000
     0.018    -0.015     0.000
     0.025    -0.025     0.000
     0.033    -0.028     0.000
     0.047    -0.012     0.000
     0.069     0.015     0.000
     0.066     0.018     0.000
     0.019     0.008     0.000
    -0.010    -0.003     0.000
    -0.010    -0.008     0.000
    -0.002    -0.008     0.000
     0.003    -0.010     0.000
     0.011    -0.012     0.000
     0.016    -0.013     0.000
    -0.004    -0.009     0.000
    -0.061     0.004     0.000
    -0.099     0.014     0.000
    -0.077     0.018     0.000
    -0.039     0.018     0.000
    -0.016     0.013     0.000
    -0.007     0.008     0.000
    -0.003     0.004     0.000
    -0.002     0.001     0.000
    -0.001     0.000     0.000
    -0.001    -0.000     0.000
    -0.001    -0.000     0.000
    -0.000    -0.000     0.000
    -0.000    -0.000     0.000
    -0.000    -0.000     0.000
    -0.000    -0.000     0.000
    -0.000    -0.000     0.000
    -0.000    -0.000     0.000
    -0.000    -0.000     0.000
    -0.000    -0.000     0.000
    -0.000    -0.000     0.000
    -0.000    -0.000     0.000
    -0.000    -0.000     0.000
    -0.000    -0.000     0.000
    -0.000    -0.000     0.000
    -0.000    -0.000     0.000
    -0.000    -0.000     0.000
    -0.000    -0.000     0.000
    -0.000    -0.000     0.000
    -0.000    -0.000     0.000
    -0.000    -0.000     0.000
    -0.000    -0.000     0.000
    -0.000    -0.000     0.000
    -0.000    -0.000     0.000
    -0.000    -0.000     0.000
    -0.000    -0.000     0.000
    -0.000    -0.000     0.000
    -0.000    -0.000     0.000
    -0.000    -0.000     0.000
    -0.000     0.000     0.000
    -0.000     0.000     0.000
    -0.000     0.000     0.000
    -0.000     0.000     0.000
    -0.000     0.000     0.000
    -0.000     0.000     0.000
    -0.000     0.000     0.000
    -0.000     0.000     0.000
    -0.000     0.000     0.000
    -0.000     0.000     0.000
    -0.000     0.000     0.000
    -0.000     0.000     0.000
    -0.000    -0.000     0.000
    -0.000    -0.000     0.000
    -0.000    -0.000     0.000
    -0.000    -0.000     0.000
    -0.000    -0.000     0.000
     0.000    -0.000     0.000
     0.000    -0.000     0.000
     0.000    -0.000     0.000
     0.000    -0.000     0.000
     0.000    -0.000     0.000
     0.000    -0.000     0.000
     0.000    -0.000     0.000
     0.000    -0.000     0.000
     0.001    -0.001     0.000
     0.003    -0.001     0.000
     0.008    -0.002     0.000
     0.016    -0.004     0.000
     0.024    -0.007     0.000
     0.026    -0.010     0.000
     0.026    -0.004     0.000
     0.030     0.011     0.000
     0.051     0.020     0.000
     0.071     0.026     0.000
     0.036     0.017     0.000
    -0.000    -0.007     0.000
    -0.008    -0.019     0.000
    -0.000    -0.023     0.000
     0.008    -0.029     0.000
     0.013    -0.032     0.000
     0.008    -0.027     0.000
    -0.023    -0.014     0.000
    -0.078     0.003     0.000
    -0.102     0.010     0.000
    -0.077     0.008     0.000
    -0.038     0.005     0.000
    -0.013     0.003     0.000
    -0.004     0.001     0.000
    -0.001    -0.000     0.000
    -0.001    -0.001     0.000
    -0.001    -0.001     0.000
    -0.001    -0.001     0.000
    -0.001    -0.001     0.000
    -0.000    -0.000     0.000
    -0.000    -0.000     0.000
    -0.000    -0.000     0.000
    -0.000    -0.000     0.000
    -0.000    -0.000     0.000
    -0.000    -0.000     0.000
    -0.000    -0.000     0.000
    -0.000    -0.000     0.000
    -0.000    -0.000     0.000
    -0.000    -0.000     0.000
    -0.000    -0.000     0.000
    -0.000    -0.000     0.000
    -0.000    -0.000     0.000
    -0.000    -0.000     0.000
    -0.000    -0.000     0.000
    -0.000    -0.000     0.000
    -0.000    -0.000     0.000
    -0.000    -0.000     0.000
    -0.000    -0.000     0.000
    -0.000    -0.000     0.000
    -0.000    -0.000     0.000
    -0.000    -0.000     0.000
    -0.000    -0.000     0.000
    -0.000    -0.000     0.000
    -0.000    -0.000     0.000
    -0.000    -0.000     0.000
    -0.000    -0.000     0.000
    -0.000     0.000     0.000
    -0.000     0.000     0.000
    -0.000     0.000     0.000
    -0.000     0.000     0.000
     0.000     0.000     0.000
     0.000     0.000     0.000
     0.000     0.000     0.000
     0.000     0.000     0.000
     0.000     0.000     0.000
     0.000     0.000     0.000
     0.000     0.000     0.000
     0.000     0.000     0.000
     0.000    -0.000     0.000
     0.000    -0.000     0.000
     0.000    -0.000     0.000
     0.000    -0.000     0.000
     0.000    -0.000     0.000
     0.000    -0.000     0.000
     0.000    -0.000     0.000
     0.000    -0.000     0.000
     0.000    -0.000     0.000
     0.000    -0.000     0.000
     0.000    -0.000     0.000
     0.000    -0.000     0.000
     0.000    -0.000     0.000
     0.001    -0.000     0.000
     0.003    -0.000     0.000
     0.008     0.001     0.000
     0.016     0.003     0.000
     0.023     0.008     0.000
     0.020     0.016     0.000
     0.015     0.028     0.000
     0.019     0.037     0.000
     0.044     0.040     0.000
     0.074     0.049     0.000
     0.058     0.041     0.000
     0.024     0.009     0.000
     0.008    -0.017     0.000
     0.010    -0.034     0.000
     0.014    -0.049     0.000
     0.013    -0.052     0.000
    -0.008    -0.043     0.000
    -0.049    -0.024     0.000
    -0.083    -0.009     0.000
    -0.090    -0.013     0.000
    -0.071    -0.018     0.000
    -0.039    -0.015     0.000
    -0.014    -0.010     0.000
    -0.003    -0.008     0.000
    -0.001    -0.007     0.000
    -0.001    -0.006     0.000
    -0.002    -0.004     0.000
    -0.002    -0.003     0.000
    -0.001    -0.001     0.000
    -0.001    -0.001     0.000
    -0.000    -0.000     0.000
    -0.000    -0.000     0.000
    -0.000    -0.000     0.000
    -0.000    -0.000     0.000
    -0.000    -0.000     0.000
    -0.000    -0.000     0.000
    -0.000    -0.000     0.000
    -0.000    -0.000     0.000
    -0.000    -0.000     0.000
    -0.000    -0.000     0.000
    -0.000    -0.000     0.000
    -0.000    -0.000     0.000
    -0.000    -0.000     0.000
    -0.000    -0.000     0.000
    -0.000    -0.000     0.000
    -0.000    -0.000     0.000
    -0.000    -0.000     0.000
    -0.000    -0.000     0.000
    -0.000    -0.000     0.000
    -0.000    -0.000     0.000
    -0.000    -0.000     0.000
    -0.000    -0.000     0.000
    -0.000    -0.000     0.000
    -0.000    -0.000     0.000
    -0.000    -0.000     0.000
    -0.000    -0.000     0.000
     0.000     0.000     0.000
     0.000     0.000     0.000
     0.000     0.000     0.000
     0.000     0.000     0.000
     0.000     0.000     0.000
     0.000     0.000     0.000
     0.000     0.000     0.000
     0.000     0.000     0.000
     0.000     0.000     0.000
     0.000     0.000     0.000
     0.000     0.000     0.000
     0.000     0.000     0.000
     0.000     0.000     0.000
     0.000     0.000     0.000
     0.000     0.000     0.000
     0.000    -0.000     0.000
     0.000    -0.000     0.000
     0.000    -0.000     0.000
     0.000    -0.000     0.000
     0.000    -0.000     0.000
     0.000    -0.000     0.000
     0.000    -0.000     0.000
     0.000     0.000     0.000
     0.000     0.000     0.000
     0.000     0.000     0.000
     0.001     0.000     0.000
     0.002     0.001     0.000
     0.006     0.003     0.000
     0.011     0.007     0.000
     0.014     0.013     0.000
     0.011     0.023     0.000
     0.007     0.033     0.000
     0.012     0.040     0.000
     0.035     0.048     0.000
     0.068     0.062     0.000
     0.077     0.063     0.000
     0.061     0.040     0.000
     0.044     0.006     0.000
     0.035    -0.026     0.000
     0.022    -0.043     0.000
     0.008    -0.040     0.000
    -0.018    -0.032     0.000
    -0.056    -0.031     0.000
    -0.073    -0.043     0.000
    -0.084    -0.057     0.000
    -0.078    -0.055     0.000
    -0.051    -0.043     0.000
    -0.021    -0.029     0.000
    -0.006    -0.021     0.000
    -0.002    -0.017     0.000
    -0.004    -0.013     0.000
    -0.005    -0.008     0.000
    -0.004    -0.005     0.000
    -0.002    -0.002     0.000
    -0.001    -0.001     0.000
    -0.001    -0.000     0.000
    -0.000    -0.000     0.000
    -0.000    -0.000     0.000
    -0.000    -0.000     0.000
    -0.000    -0.000     0.000
    -0.000    -0.000     0.000
    -0.000    -0.000     0.000
    -0.000    -0.000     0.000
    -0.000    -0.000     0.000
    -0.000    -0.000     0.000
    -0.000    -0.000     0.000
    -0.000    -0.000     0.000
    -0.000    -0.000     0.000
    -0.000    -0.000     0.000
    -0.000    -0.000     0.000
    -0.000    -0.000     0.000
    -0.000    -0.000     0.000
    -0.000    -0.000     0.000
    -0.000    -0.000     0.000
    -0.000    -0.000     0.000
    -0.000    -0.000     0.000
    -0.000    -0.000     0.000
    -0.000    -0.000     0.000
    -0.000    -0.000     0.000
    -0.000    -0.000     0.000
    -0.000    -0.000     0.000
     0.000     0.000     0.000
     0.000     0.000     0.000
     0.000     0.000     0.000
     0.000     0.000     0.000
     0.000     0.000     0.000
     0.000     0.000     0.000
     0.000     0.000     0.000
     0.000     0.000     0.000
     0.000     0.000     0.000
     0.000     0.000     0.000
     0.000     0.000     0.000
     0.000     0.000     0.000
     0.000     0.000     0.000
     0.000     0.000     0.000
     0.000     0.000     0.000
     0.000     0.000     0.000
     0.000     0.000     0.000
     0.000     0.000     0.000
     0.000     0.000     0.000
     0.000     0.000     0.000
     0.000     0.000     0.000
     0.000     0.000     0.000
     0.000     0.000     0.000
     0.000     0.000     0.000
     0.000     0.000     0.000
     0.001     0.000     0.000
     0.001     0.001     0.000
     0.003     0.003     0.000
     0.005     0.006     0.000
     0.006     0.010     0.000
     0.004     0.015     0.000
     0.003     0.020     0.000
     0.008     0.025     0.000
     0.026     0.034     0.000
     0.056     0.047     0.000
     0.079     0.054     0.000
     0.080     0.044     0.000
     0.073     0.019     0.000
     0.056    -0.002     0.000
     0.020    -0.003     0.000
    -0.002     0.008     0.000
    -0.019     0.011     0.000
    -0.039    -0.006     0.000
    -0.055    -0.036     0.000
    -0.078    -0.064     0.000
    -0.088    -0.074     0.000
    -0.067    -0.063     0.000
    -0.030    -0.046     0.000
    -0.010    -0.038     0.000
    -0.006    -0.031     0.000
    -0.010    -0.021     0.000
    -0.012    -0.012     0.000
    -0.009    -0.006     0.000
    -0.005    -0.003     0.000
    -0.002    -0.001     0.000
    -0.001    -0.000     0.000
    -0.000    -0.000     0.000
    -0.000    -0.000     0.000
    -0.000    -0.000     0.000
    -0.000    -0.000     0.000
    -0.000    -0.000     0.000
    -0.000    -0.000     0.000
    -0.000    -0.000     0.000
    -0.000    -0.000     0.000
    -0.000    -0.000     0.000
    -0.000    -0.000     0.000
    -0.000    -0.000     0.000
    -0.000    -0.000     0.000
    -0.000    -0.000     0.000
    -0.000    -0.000     0.000
    -0.000    -0.000     0.000
    -0.000    -0.000     0.000
    -0.000    -0.000     0.000
    -0.000    -0.000     0.000
    -0.000    -0.000     0.000
    -0.000    -0.000     0.000
    -0.000    -0.000     0.000
    -0.000    -0.000     0.000
    -0.000    -0.000     0.000
    -0.000    -0.000     0.000
    -0.000    -0.000     0.000
     0.000     0.000     0.000
     0.000     0.000     0.000
     0.000     0.000     0.000
     0.000     0.000     0.000
     0.000     0.000     0.000
     0.000     0.000     0.000
     0.000     0.000     0.000
     0.000     0.000     0.000
     0.000     0.000     0.000
     0.000     0.000     0.000
     0.000     0.000     0.000
     0.000     0.000     0.000
     0.000     0.000     0.000
     0.000     0.000     0.000
     0.000     0.000     0.000
     0.000     0.000     0.000
     0.000     0.000     0.000
     0.000     0.000     0.000
     0.000     0.000     0.000
     0.000     0.000     0.000
     0.000     0.000     0.000
     0.000     0.000     0.000
     0.000     0.000     0.000
     0.000     0.000     0.000
     0.000     0.000     0.000
     0.000     0.000     0.000
     0.001     0.001     0.000
     0.001     0.002     0.000
     0.002     0.003     0.000
     0.002     0.005     0.000
     0.001     0.007     0.000
     0.001     0.008     0.000
     0.005     0.010     0.000
     0.018     0.014     0.000
     0.046     0.019     0.000
     0.078     0.019     0.000
     0.095     0.005     0.000
     0.087    -0.005     0.000
     0.052     0.008     0.000
     0.009     0.026     0.000
    -0.009     0.036     0.000
    -0.012     0.034     0.000
    -0.012     0.020     0.000
    -0.019    -0.001     0.000
    -0.046    -0.031     0.000
    -0.082    -0.059     0.000
    -0.082    -0.055     0.000
    -0.041    -0.044     0.000
    -0.016    -0.040     0.000
    -0.014    -0.030     0.000
    -0.020    -0.018     0.000
    -0.021    -0.009     0.000
    -0.014    -0.004     0.000
    -0.007    -0.001     0.000
    -0.003    -0.000     0.000
    -0.001    -0.000     0.000
    -0.000     0.000     0.000
    -0.000     0.000     0.000
    -0.000    -0.000     0.000
    -0.000    -0.000     0.000
    -0.000    -0.000     0.000
    -0.000    -0.000     0.000
    -0.000    -0.000     0.000
    -0.000    -0.000     0.000
    -0.000    -0.000     0.000
    -0.000    -0.000     0.000
    -0.000    -0.000     0.000
    -0.000    -0.000     0.000
    -0.000    -0.000     0.000
    -0.000    -0.000     0.000
    -0.000    -0.000     0.000
    -0.000    -0.000     0.000
    -0.000    -0.000     0.000
    -0.000    -0.000     0.000
    -0.000    -0.000     0.000
    -0.000    -0.000     0.000
    -0.000    -0.000     0.000
    -0.000    -0.000     0.000
    -0.000    -0.000     0.000
    -0.000    -0.000     0.000
    -0.000    -0.000     0.000
     0.000     0.000     0.000
     0.000     0.000     0.000
     0.000     0.000     0.000
     0.000     0.000     0.000
     0.000     0.000     0.000
     0.000     0.000     0.000
     0.000     0.000     0.000
     0.000     0.000     0.000
     0.000     0.000     0.000
     0.000     0.000     0.000
     0.000     0.000     0.000
     0.000     0.000     0.000
     0.000     0.000     0.000
     0.000     0.000     0.000
     0.000     0.000     0.000
     0.000     0.000     0.000
     0.000     0.000     0.000
     0.000     0.000     0.000
     0.000     0.000     0.000
     0.000     0.000     0.000
     0.000     0.000     0.000
     0.000     0.000     0.000
     0.000     0.000     0.000
     0.000     0.000     0.000
     0.000     0.000     0.000
     0.000     0.000     0.000
     0.001     0.001     0.000
     0.001     0.001     0.000
     0.001     0.001     0.000
     0.001     0.002     0.000
     0.001     0.002     0.000
     0.001     0.001     0.000
     0.004    -0.000     0.000
     0.017    -0.002     0.000
     0.047    -0.004     0.000
     0.090    -0.009     0.000
     0.113    -0.016     0.000
     0.084    -0.011     0.000
     0.027     0.008     0.000
    -0.005     0.023     0.000
    -0.011     0.028     0.000
    -0.006     0.026     0.000
     0.001     0.020     0.000
     0.002     0.013     0.000
    -0.018    -0.006     0.000
    -0.065    -0.031     0.000
    -0.086    -0.031     0.000
    -0.049    -0.021     0.000
    -0.028    -0.013     0.000
    -0.024    -0.001     0.000
    -0.026     0.004     0.000
    -0.024     0.002     0.000
    -0.015     0.001     0.000
    -0.007     0.001     0.000
    -0.003     0.001     0.000
    -0.001     0.000     0.000
    -0.001     0.000     0.000
    -0.000     0.000     0.000
    -0.000     0.000     0.000
    -0.000    -0.000     0.000
    -0.000    -0.000     0.000
    -0.000    -0.000     0.000
    -0.000    -0.000     0.000
    -0.000    -0.000     0.000
    -0.000    -0.000     0.000
    -0.000    -0.000     0.000
    -0.000    -0.000     0.000
    -0.000    -0.000     0.000
    -0.000    -0.000     0.000
    -0.000    -0.000     0.000
    -0.000    -0.000     0.000
    -0.000    -0.000     0.000
    -0.000    -0.000     0.000
    -0.000    -0.000     0.000
    -0.000    -0.000     0.000
    -0.000    -0.000     0.000
    -0.000    -0.000     0.000
    -0.000    -0.000     0.000
    -0.000    -0.000     0.000
    -0.000    -0.000     0.000
    -0.000    -0.000     0.000
     0.000     0.000     0.000
     0.000     0.000     0.000
     0.000     0.000     0.000
     0.000     0.000     0.000
     0.000     0.000     0.000
     0.000     0.000     0.000
     0.000     0.000     0.000
     0.000     0.000     0.000
     0.000     0.000     0.000
     0.000     0.000     0.000
     0.000     0.000     0.000
     0.000     0.000     0.000
     0.000     0.000     0.000
     0.000     0.000     0.000
     0.000     0.000     0.000
     0.000     0.000     0.000
     0.000     0.000     0.000
     0.000     0.000     0.000
     0.000     0.000     0.000
     0.000     0.000     0.000
     0.000     0.000     0.000
     0.000     0.000     0.000
     0.000     0.000     0.000
     0.000     0.000     0.000
     0.000     0.000     0.000
     0.000     0.000     0.000
     0.000     0.000     0.000
     0.001     0.000     0.000
     0.001     0.000     0.000
     0.001    -0.000     0.000
     0.002    -0.001     0.000
     0.003    -0.004     0.000
     0.007    -0.009     0.000
     0.020    -0.014     0.000
     0.050    -0.019     0.000
     0.095    -0.020     0.000
     0.112    -0.017     0.000
     0.065    -0.007     0.000
     0.006     0.007     0.000
    -0.014     0.012     0.000
    -0.009     0.012     0.000
    -0.003     0.010     0.000
     0.003     0.009     0.000
     0.008     0.007     0.000
    -0.004    -0.000     0.000
    -0.049    -0.015     0.000
    -0.086    -0.023     0.000
    -0.064    -0.012     0.000
    -0.041     0.015     0.000
    -0.030     0.026     0.000
    -0.024     0.021     0.000
    -0.018     0.011     0.000
    -0.011     0.005     0.000
    -0.005     0.002     0.000
    -0.002     0.001     0.000
    -0.001     0.000     0.000
    -0.001     0.000     0.000
    -0.000     0.000     0.000
    -0.000    -0.000     0.000
    -0.000    -0.000     0.000
    -0.000    -0.000     0.000
    -0.000    -0.000     0.000
    -0.000    -0.000     0.000
    -0.000    -0.000     0.000
    -0.000    -0.000     0.000
    -0.000    -0.000     0.000
    -0.000    -0.000     0.000
    -0.000    -0.000     0.000
    -0.000    -0.000     0.000
    -0.000    -0.000     0.000
    -0.000    -0.000     0.000
    -0.000    -0.000     0.000
    -0.000    -0.000     0.000
    -0.000    -0.000     0.000
    -0.000    -0.000     0.000
    -0.000    -0.000     0.000
    -0.000    -0.000     0.000
    -0.000    -0.000     0.000
    -0.000    -0.000     0.000
    -0.000    -0.000     0.000
    -0.000    -0.000     0.000
     0.000     0.000     0.000
     0.000     0.000     0.000
     0.000     0.000     0.000
     0.000     0.000     0.000
     0.000     0.000     0.000
     0.000     0.000     0.000
     0.000     0.000     0.000
     0.000     0.000     0.000
     0.000     0.000     0.000
     0.000     0.000     0.000
     0.000     0.000     0.000
     0.000     0.000     0.000
     0.000     0.000     0.000
     0.000     0.000     0.000
     0.000     0.000     0.000
     0.000     0.000     0.000
     0.000     0.000     0.000
     0.000     0.000     0.000
     0.000     0.000     0.000
     0.000     0.000     0.000
     0.000     0.000     0.000
     0.000     0.000     0.000
     0.000     0.000     0.000
     0.000     0.000     0.000
     0.000     0.000     0.000
     0.000     0.000     0.000
     0.000     0.000     0.000
     0.001    -0.000     0.000
     0.001    -0.000     0.000
     0.003    -0.001     0.000
     0.005    -0.004     0.000
     0.008    -0.008     0.000
     0.013    -0.017     0.000
     0.025    -0.026     0.000
     0.047    -0.028     0.000
     0.085    -0.014     0.000
     0.106    -0.001     0.000
     0.058     0.001     0.000
     0.002     0.004     0.000
    -0.013     0.003     0.000
    -0.007     0.002     0.000
    -0.001     0.001     0.000
     0.004    -0.000     0.000
     0.010    -0.002     0.000
     0.005    -0.005     0.000
    -0.039    -0.005     0.000
    -0.097    -0.005     0.000
    -0.093     0.003     0.000
    -0.055     0.024     0.000
    -0.030     0.028     0.000
    -0.017     0.021     0.000
    -0.010     0.011     0.000
    -0.006     0.005     0.000
    -0.003     0.002     0.000
    -0.002     0.001     0.000
    -0.001     0.000     0.000
    -0.001    -0.000     0.000
    -0.000    -0.000     0.000
    -0.000    -0.000     0.000
    -0.000    -0.000     0.000
    -0.000    -0.000     0.000
    -0.000    -0.000     0.000
    -0.000    -0.000     0.000
    -0.000    -0.000     0.000
    -0.000    -0.000     0.000
    -0.000    -0.000     0.000
    -0.000    -0.000     0.000
    -0.000    -0.000     0.000
    -0.000    -0.000     0.000
    -0.000    -0.000     0.000
    -0.000    -0.000     0.000
    -0.000    -0.000     0.000
    -0.000    -0.000     0.000
    -0.000    -0.000     0.000
    -0.000    -0.000     0.000
    -0.000    -0.000     0.000
    -0.000    -0.000     0.000
    -0.000    -0.000     0.000
    -0.000    -0.000     0.000
    -0.000    -0.000     0.000
    -0.000    -0.000     0.000
     0.000     0.000     0.000
     0.000     0.000     0.000
     0.000     0.000     0.000
     0.000     0.000     0.000
     0.000     0.000     0.000
     0.000     0.000     0.000
     0.000     0.000     0.000
     0.000     0.000     0.000
     0.000     0.000     0.000
     0.000     0.000     0.000
     0.000     0.000     0.000
     0.000     0.000     0.000
     0.000     0.000     0.000
     0.000     0.000     0.000
     0.000     0.000     0.000
     0.000     0.000     0.000
     0.000     0.000     0.000
     0.000     0.000     0.000
     0.000     0.000     0.000
     0.000     0.000     0.000
     0.000     0.000     0.000
     0.000     0.000     0.000
     0.000     0.000     0.000
     0.000     0.000     0.000
     0.000     0.000     0.000
     0.000     0.000     0.000
     0.000    -0.000     0.000
     0.001    -0.000     0.000
     0.002    -0.001     0.000
     0.004    -0.002     0.000
     0.008    -0.004     0.000
     0.015    -0.009     0.000
     0.022    -0.018     0.000
     0.029    -0.027     0.000
     0.041    -0.023     0.000
     0.063     0.003     0.000
     0.089     0.024     0.000
     0.063     0.017     0.000
     0.010     0.003     0.000
    -0.009    -0.006     0.000
    -0.006    -0.007     0.000
     0.000    -0.007     0.000
     0.006    -0.009     0.000
     0.013    -0.010     0.000
     0.005    -0.008     0.000
    -0.042     0.002     0.000
    -0.103     0.014     0.000
    -0.106     0.019     0.000
    -0.063     0.021     0.000
    -0.027     0.018     0.000
    -0.010     0.012     0.000
    -0.004     0.006     0.000
    -0.002     0.002     0.000
    -0.002     0.001     0.000
    -0.001    -0.000     0.000
    -0.001    -0.000     0.000
    -0.000    -0.000     0.000
    -0.000    -0.000     0.000
    -0.000    -0.000     0.000
    -0.000    -0.000     0.000
    -0.000    -0.000     0.000
    -0.000    -0.000     0.000
    -0.000    -0.000     0.000
    -0.000    -0.000     0.000
    -0.000    -0.000     0.000
    -0.000    -0.000     0.000
    -0.000    -0.000     0.000
    -0.000    -0.000     0.000
    -0.000    -0.000     0.000
    -0.000    -0.000     0.000
    -0.000    -0.000     0.000
    -0.000    -0.000     0.000
    -0.000    -0.000     0.000
    -0.000    -0.000     0.000
    -0.000    -0.000     0.000
    -0.000    -0.000     0.000
    -0.000    -0.000     0.000
    -0.000    -0.000     0.000
    -0.000    -0.000     0.000
    -0.000    -0.000     0.000
    -0.000    -0.000     0.000
    -0.000     0.000     0.000
     0.000     0.000     0.000
     0.000     0.000     0.000
     0.000     0.000     0.000
     0.000     0.000     0.000
     0.000     0.000     0.000
     0.000     0.000     0.000
     0.000     0.000     0.000
     0.000     0.000     0.000
     0.000     0.000     0.000
     0.000     0.000     0.000
     0.000     0.000     0.000
     0.000     0.000     0.000
     0.000     0.000     0.000
     0.000     0.000     0.000
     0.000     0.000     0.000
     0.000     0.000     0.000
     0.000     0.000     0.000
     0.000     0.000     0.000
     0.000     0.000     0.000
     0.000     0.000     0.000
     0.000     0.000     0.000
     0.000     0.000     0.000
     0.000     0.000     0.000
     0.000    -0.000     0.000
     0.000    -0.000     0.000
     0.000    -0.000     0.000
     0.001    -0.000     0.000
     0.002    -0.000     0.000
     0.005    -0.001     0.000
     0.012    -0.001     0.000
     0.021    -0.002     0.000
     0.026    -0.005     0.000
     0.026    -0.003     0.000
     0.030     0.007     0.000
     0.044     0.022     0.000
     0.079     0.034     0.000
     0.076     0.037     0.000
     0.026     0.014     0.000
    -0.002    -0.009     0.000
    -0.004    -0.016     0.000
     0.003    -0.019     0.000
     0.009    -0.021     0.000
     0.009    -0.018     0.000
    -0.010    -0.007     0.000
    -0.063     0.011     0.000
    -0.110     0.022     0.000
    -0.102     0.016     0.000
    -0.061     0.009     0.000
    -0.024     0.005     0.000
    -0.007     0.002     0.000
    -0.001     0.000     0.000
    -0.001    -0.001     0.000
    -0.001    -0.002     0.000
    -0.001    -0.002     0.000
    -0.001    -0.001     0.000
    -0.001    -0.001     0.000
    -0.000    -0.000     0.000
    -0.000    -0.000     0.000
    -0.000    -0.000     0.000
    -0.000    -0.000     0.000
    -0.000    -0.000     0.000
    -0.000    -0.000     0.000
    -0.000    -0.000     0.000
    -0.000    -0.000     0.000
    -0.000    -0.000     0.000
    -0.000    -0.000     0.000
    -0.000    -0.000     0.000
    -0.000    -0.000     0.000
    -0.000    -0.000     0.000
    -0.000    -0.000     0.000
    -0.000    -0.000     0.000
    -0.000    -0.000     0.000
    -0.000    -0.000     0.000
    -0.000    -0.000     0.000
    -0.000    -0.000     0.000
    -0.000    -0.000     0.000
    -0.000    -0.000     0.000
    -0.000    -0.000     0.000
    -0.000    -0.000     0.000
    -0.000    -0.000     0.000
    -0.000     0.000     0.000
    -0.000     0.000     0.000
    -0.000     0.000     0.000
     0.000     0.000     0.000
     0.000     0.000     0.000
     0.000     0.000     0.000
     0.000     0.000     0.000
     0.000     0.000     0.000
     0.000    -0.000     0.000
     0.000    -0.000     0.000
     0.000    -0.000     0.000
     0.000    -0.000     0.000
     0.000    -0.000     0.000
     0.000    -0.000     0.000
     0.000    -0.000     0.000
     0.000    -0.000     0.000
     0.000    -0.000     0.000
     0.000    -0.000     0.000
     0.000    -0.000     0.000
     0.000    -0.000     0.000
     0.000    -0.000     0.000
     0.000    -0.000     0.000
     0.000    -0.000     0.000
     0.000    -0.000     0.000
     0.000    -0.000     0.000
     0.000    -0.000     0.000
     0.000    -0.000     0.000
     0.001     0.000     0.000
     0.002     0.000     0.000
     0.005     0.001     0.000
     0.011     0.003     0.000
     0.019     0.007     0.000
     0.022     0.014     0.000
     0.018     0.026     0.000
     0.017     0.038     0.000
     0.033     0.045     0.000
     0.074     0.054     0.000
     0.088     0.065     0.000
     0.054     0.043     0.000
     0.021     0.010     0.000
     0.009    -0.011     0.000
     0.009    -0.023     0.000
     0.009    -0.026     0.000
    -0.001    -0.016     0.000
    -0.035     0.002     0.000
    -0.078     0.021     0.000
    -0.096     0.017     0.000
    -0.085    -0.005     0.000
    -0.054    -0.013     0.000
    -0.023    -0.012     0.000
    -0.006    -0.009     0.000
    -0.001    -0.008     0.000
    -0.001    -0.007     0.000
    -0.002    -0.006     0.000
    -0.002    -0.004     0.000
    -0.002    -0.002     0.000
    -0.001    -0.001     0.000
    -0.001    -0.001     0.000
    -0.000    -0.000     0.000
    -0.000    -0.000     0.000
    -0.000    -0.000     0.000
    -0.000    -0.000     0.000
    -0.000    -0.000     0.000
    -0.000    -0.000     0.000
    -0.000    -0.000     0.000
    -0.000    -0.000     0.000
    -0.000    -0.000     0.000
    -0.000    -0.000     0.000
    -0.000    -0.000     0.000
    -0.000    -0.000     0.000
    -0.000    -0.000     0.000
    -0.000    -0.000     0.000
    -0.000    -0.000     0.000
    -0.000    -0.000     0.000
    -0.000    -0.000     0.000
    -0.000    -0.000     0.000
    -0.000    -0.000     0.000
    -0.000    -0.000     0.000
    -0.000    -0.000     0.000
    -0.000    -0.000     0.000
    -0.000    -0.000     0.000
    -0.000    -0.000     0.000
    -0.000    -0.000     0.000
    -0.000    -0.000     0.000
     0.000    -0.000     0.000
     0.000    -0.000     0.000
     0.000    -0.000     0.000
     0.000    -0.000     0.000
     0.000    -0.000     0.000
     0.000    -0.000     0.000
     0.000    -0.000     0.000
     0.000    -0.000     0.000
     0.000    -0.000     0.000
     0.000    -0.000     0.000
     0.000    -0.000     0.000
     0.000    -0.000     0.000
     0.000    -0.000     0.000
     0.000    -0.000     0.000
     0.000    -0.000     0.000
     0.000    -0.000     0.000
     0.000    -0.000     0.000
     0.000    -0.000     0.000
     0.000    -0.000     0.000
     0.000    -0.000     0.000
     0.000    -0.000     0.000
     0.000    -0.000     0.000
     0.000    -0.000     0.000
     0.000    -0.000     0.000
     0.001     0.000     0.000
     0.002     0.001     0.000
     0.003     0.002     0.000
     0.007     0.005     0.000
     0.011     0.010     0.000
     0.012     0.018     0.000
     0.009     0.029     0.000
     0.008     0.039     0.000
     0.023     0.047     0.000
     0.057     0.062     0.000
     0.087     0.078     0.000
     0.082     0.075     0.000
     0.058     0.052     0.000
     0.037     0.023     0.000
     0.019     0.003     0.000
     0.003     0.003     0.000
    -0.015     0.016     0.000
    -0.048     0.025     0.000
    -0.068     0.012     0.000
    -0.071    -0.014     0.000
    -0.073    -0.037     0.000
    -0.058    -0.041     0.000
    -0.030    -0.033     0.000
    -0.009    -0.024     0.000
    -0.001    -0.021     0.000
    -0.002    -0.017     0.000
    -0.005    -0.012     0.000
    -0.005    -0.007     0.000
    -0.004    -0.004     0.000
    -0.002    -0.002     0.000
    -0.001    -0.001     0.000
    -0.000    -0.000     0.000
    -0.000    -0.000     0.000
    -0.000    -0.000     0.000
    -0.000    -0.000     0.000
    -0.000    -0.000     0.000
    -0.000    -0.000     0.000
    -0.000    -0.000     0.000
    -0.000    -0.000     0.000
    -0.000    -0.000     0.000
    -0.000    -0.000     0.000
    -0.000    -0.000     0.000
    -0.000    -0.000     0.000
    -0.000    -0.000     0.000
    -0.000    -0.000     0.000
    -0.000    -0.000     0.000
    -0.000    -0.000     0.000
    -0.000    -0.000     0.000
    -0.000    -0.000     0.000
    -0.000    -0.000     0.000
    -0.000    -0.000     0.000
    -0.000    -0.000     0.000
    -0.000    -0.000     0.000
    -0.000    -0.000     0.000
    -0.000    -0.000     0.000
    -0.000    -0.000     0.000
    -0.000    -0.000     0.000
    -0.000    -0.000     0.000
     0.000    -0.000     0.000
     0.000    -0.000     0.000
     0.000    -0.000     0.000
     0.000    -0.000     0.000
     0.000    -0.000     0.000
     0.000    -0.000     0.000
     0.000    -0.000     0.000
     0.000    -0.000     0.000
     0.000    -0.000     0.000
     0.000    -0.000     0.000
     0.000    -0.000     0.000
     0.000    -0.000     0.000
     0.000    -0.000     0.000
     0.000    -0.000     0.000
     0.000    -0.000     0.000
     0.000    -0.000     0.000
     0.000    -0.000     0.000
     0.000    -0.000     0.000
     0.000    -0.000     0.000
     0.000    -0.000     0.000
     0.000    -0.000     0.000
     0.000    -0.000     0.000
     0.000    -0.000     0.000
     0.001    -0.000     0.000
     0.001     0.000     0.000
     0.002     0.001     0.000
     0.003     0.003     0.000
     0.004     0.007     0.000
     0.004     0.011     0.000
     0.002     0.017     0.000
     0.003     0.023     0.000
     0.014     0.030     0.000
     0.041     0.045     0.000
     0.072     0.062     0.000
     0.083     0.073     0.000
     0.072     0.070     0.000
     0.057     0.054     0.000
     0.024     0.048     0.000
    -0.007     0.053     0.000
    -0.022     0.060     0.000
    -0.036     0.049     0.000
    -0.041     0.019     0.000
    -0.046    -0.014     0.000
    -0.062    -0.044     0.000
    -0.061    -0.055     0.000
    -0.037    -0.047     0.000
    -0.012    -0.039     0.000
    -0.004    -0.034     0.000
    -0.008    -0.027     0.000
    -0.013    -0.017     0.000
    -0.012    -0.009     0.000
    -0.008    -0.004     0.000
    -0.003    -0.002     0.000
    -0.001    -0.000     0.000
    -0.000    -0.000     0.000
    -0.000    -0.000     0.000
    -0.000    -0.000     0.000
    -0.000     0.000     0.000
    -0.000     0.000     0.000
    -0.000     0.000     0.000
    -0.000     0.000     0.000
    -0.000     0.000     0.000
    -0.000     0.000     0.000
    -0.000     0.000     0.000
    -0.000     0.000     0.000
    -0.000     0.000     0.000
    -0.000    -0.000     0.000
    -0.000    -0.000     0.000
    -0.000    -0.000     0.000
    -0.000    -0.000     0.000
    -0.000    -0.000     0.000
    -0.000    -0.000     0.000
    -0.000    -0.000     0.000
    -0.000    -0.000     0.000
    -0.000    -0.000     0.000
    -0.000    -0.000     0.000
    -0.000    -0.000     0.000
    -0.000     0.000     0.000
    -0.000     0.000     0.000
    -0.000     0.000     0.000
    -0.000     0.000     0.000
    -0.000     0.000     0.000
    -0.000     0.000     0.000
    -0.000    -0.000     0.000
    -0.000    -0.000     0.000
     0.000    -0.000     0.000
     0.000    -0.000     0.000
     0.000    -0.000     0.000
     0.000    -0.000     0.000
     0.000    -0.000     0.000
     0.000    -0.000     0.000
     0.000    -0.000     0.000
     0.000    -0.000     0.000
     0.000    -0.000     0.000
     0.000    -0.000     0.000
     0.000    -0.000     0.000
     0.000    -0.000     0.000
     0.000    -0.000     0.000
     0.000    -0.000     0.000
     0.000    -0.000     0.000
     0.000    -0.000     0.000
     0.000    -0.000     0.000
     0.000    -0.000     0.000
     0.000    -0.000     0.000
     0.001    -0.000     0.000
     0.001    -0.001     0.000
     0.001    -0.001     0.000
     0.001    -0.000     0.000
     0.001     0.001     0.000
     0.001     0.003     0.000
    -0.000     0.006     0.000
     0.000     0.009     0.000
     0.008     0.013     0.000
     0.027     0.020     0.000
     0.056     0.027     0.000
     0.077     0.030     0.000
     0.075     0.028     0.000
     0.055     0.036     0.000
     0.016     0.055     0.000
    -0.013     0.065     0.000
    -0.019     0.066     0.000
    -0.014     0.051     0.000
    -0.007     0.032     0.000
    -0.010     0.012     0.000
    -0.033    -0.019     0.000
    -0.055    -0.040     0.000
    -0.042    -0.037     0.000
    -0.015    -0.037     0.000
    -0.011    -0.032     0.000
    -0.016    -0.020     0.000
    -0.022    -0.010     0.000
    -0.019    -0.005     0.000
    -0.011    -0.001     0.000
    -0.005    -0.000     0.000
    -0.002     0.000     0.000
    -0.001     0.000     0.000
    -0.000     0.000     0.000
    -0.000     0.000     0.000
    -0.000     0.000     0.000
    -0.000     0.000     0.000
    -0.000     0.000     0.000
    -0.000     0.000     0.000
    -0.000     0.000     0.000
    -0.000     0.000     0.000
    -0.000     0.000     0.000
    -0.000     0.000     0.000
    -0.000     0.000     0.000
    -0.000     0.000     0.000
     0.000     0.000     0.000
     0.000    -0.000     0.000
     0.000    -0.000     0.000
     0.000    -0.000     0.000
     0.000    -0.000     0.000
     0.000    -0.000     0.000
     0.000    -0.000     0.000
     0.000    -0.000     0.000
     0.000    -0.000     0.000
     0.000    -0.000     0.000
    -0.000     0.000     0.000
    -0.000     0.000     0.000
    -0.000     0.000     0.000
    -0.000     0.000     0.000
    -0.000     0.000     0.000
    -0.000     0.000     0.000
    -0.000     0.000     0.000
    -0.000     0.000     0.000
    -0.000     0.000     0.000
    -0.000     0.000     0.000
    -0.000     0.000     0.000
    -0.000     0.000     0.000
    -0.000     0.000     0.000
     0.000     0.000     0.000
     0.000     0.000     0.000
     0.000     0.000     0.000
     0.000     0.000     0.000
     0.000     0.000     0.000
     0.000     0.000     0.000
     0.000     0.000     0.000
     0.000     0.000     0.000
     0.000     0.000     0.000
     0.000     0.000     0.000
     0.000     0.000     0.000
     0.000    -0.000     0.000
     0.000    -0.000     0.000
     0.001    -0.000     0.000
     0.001    -0.001     0.000
     0.002    -0.002     0.000
     0.002    -0.004     0.000
     0.002    -0.005     0.000
     0.000    -0.006     0.000
    -0.001    -0.005     0.000
    -0.002    -0.003     0.000
    -0.001    -0.001     0.000
     0.005    -0.000     0.000
     0.023     0.000     0.000
     0.057    -0.001     0.000
     0.087    -0.004     0.000
     0.079    -0.001     0.000
     0.034     0.016     0.000
    -0.004     0.032     0.000
    -0.015     0.040     0.000
    -0.012     0.040     0.000
    -0.003     0.032     0.000
     0.007     0.027     0.000
     0.011     0.021     0.000
    -0.008     0.002     0.000
    -0.043    -0.018     0.000
    -0.042    -0.017     0.000
    -0.022    -0.015     0.000
    -0.021    -0.002     0.000
    -0.024     0.009     0.000
    -0.025     0.008     0.000
    -0.019     0.004     0.000
    -0.010     0.003     0.000
    -0.004     0.002     0.000
    -0.002     0.001     0.000
    -0.001     0.000     0.000
    -0.000     0.000     0.000
    -0.000     0.000     0.000
    -0.000     0.000     0.000
    -0.000     0.000     0.000
    -0.000     0.000     0.000
    -0.000     0.000     0.000
    -0.000     0.000     0.000
     0.000     0.000     0.000
     0.000     0.000     0.000
     0.000     0.000     0.000
     0.000     0.000     0.000
     0.000     0.000     0.000
     0.000     0.000     0.000
     0.000    -0.000     0.000
     0.000    -0.000     0.000
     0.000    -0.000     0.000
     0.000    -0.000     0.000
     0.000    -0.000     0.000
     0.000    -0.000     0.000
     0.000    -0.000     0.000
     0.000    -0.000     0.000
     0.000    -0.000     0.000
    -0.000     0.000     0.000
    -0.000     0.000     0.000
    -0.000     0.000     0.000
    -0.000     0.000     0.000
    -0.000     0.000     0.000
    -0.000     0.000     0.000
    -0.000     0.000     0.000
    -0.000     0.000     0.000
    -0.000     0.000     0.000
    -0.000     0.000     0.000
    -0.000     0.000     0.000
    -0.000     0.000     0.000
    -0.000     0.000     0.000
    -0.000     0.000     0.000
    -0.000     0.000     0.000
    -0.000     0.000     0.000
    -0.000     0.000     0.000
    -0.000     0.000     0.000
     0.000     0.000     0.000
     0.000     0.000     0.000
     0.000     0.000     0.000
     0.000     0.000     0.000
     0.000     0.000     0.000
     0.000     0.000     0.000
     0.000     0.000     0.000
     0.000     0.000     0.000
     0.001    -0.000     0.000
     0.002    -0.001     0.000
     0.004    -0.003     0.000
     0.006    -0.007     0.000
     0.005    -0.012     0.000
     0.001    -0.015     0.000
    -0.003    -0.015     0.000
    -0.005    -0.014     0.000
    -0.002    -0.013     0.000
     0.006    -0.015     0.000
     0.026    -0.019     0.000
     0.061    -0.023     0.000
     0.089    -0.023     0.000
     0.068    -0.015     0.000
     0.012     0.002     0.000
    -0.018     0.013     0.000
    -0.015     0.016     0.000
    -0.007     0.014     0.000
    -0.000     0.012     0.000
     0.008     0.012     0.000
     0.017     0.011     0.000
     0.008     0.002     0.000
    -0.029    -0.013     0.000
    -0.050    -0.018     0.000
    -0.039     0.000     0.000
    -0.032     0.024     0.000
    -0.026     0.027     0.000
    -0.020     0.019     0.000
    -0.013     0.010     0.000
    -0.007     0.005     0.000
    -0.003     0.002     0.000
    -0.001     0.001     0.000
    -0.000     0.001     0.000
    -0.000     0.000     0.000
    -0.000     0.000     0.000
    -0.000     0.000     0.000
    -0.000     0.000     0.000
     0.000     0.000     0.000
     0.000     0.000     0.000
     0.000     0.000     0.000
     0.000     0.000     0.000
     0.000     0.000     0.000
     0.000     0.000     0.000
     0.000     0.000     0.000
     0.000     0.000     0.000
     0.000     0.000     0.000
     0.000    -0.000     0.000
     0.000    -0.000     0.000
     0.000    -0.000     0.000
     0.000    -0.000     0.000
     0.000    -0.000     0.000
     0.000    -0.000     0.000
     0.000    -0.000     0.000
     0.000    -0.000     0.000
     0.000    -0.000     0.000
    -0.000     0.000     0.000
    -0.000     0.000     0.000
    -0.000     0.000     0.000
    -0.000     0.000     0.000
    -0.000     0.000     0.000
    -0.000     0.000     0.000
    -0.000     0.000     0.000
    -0.000     0.000     0.000
    -0.000     0.000     0.000
    -0.000     0.000     0.000
    -0.000     0.000     0.000
    -0.000     0.000     0.000
    -0.000     0.000     0.000
    -0.000     0.000     0.000
    -0.000     0.000     0.000
    -0.000     0.000     0.000
    -0.000     0.000     0.000
    -0.000     0.000     0.000
    -0.000     0.000     0.000
    -0.000     0.000     0.000
    -0.000     0.000     0.000
     0.000     0.000     0.000
     0.000     0.000     0.000
     0.000     0.000     0.000
     0.000     0.000     0.000
     0.000     0.000     0.000
     0.001     0.000     0.000
     0.003    -0.000     0.000
     0.007    -0.003     0.000
     0.013    -0.009     0.000
     0.014    -0.017     0.000
     0.005    -0.025     0.000
    -0.005    -0.030     0.000
    -0.008    -0.030     0.000
    -0.001    -0.033     0.000
     0.012    -0.042     0.000
     0.031    -0.049     0.000
     0.056    -0.048     0.000
     0.077    -0.038     0.000
     0.055    -0.027     0.000
     0.001    -0.014     0.000
    -0.023    -0.005     0.000
    -0.016    -0.002     0.000
    -0.006     0.000     0.000
     0.000     0.001     0.000
     0.009     0.001     0.000
     0.023    -0.001     0.000
     0.023    -0.005     0.000
    -0.017    -0.007     0.000
    -0.066    -0.004     0.000
    -0.064     0.011     0.000
    -0.040     0.026     0.000
    -0.022     0.024     0.000
    -0.012     0.016     0.000
    -0.006     0.009     0.000
    -0.003     0.004     0.000
    -0.001     0.002     0.000
    -0.000     0.001     0.000
    -0.000     0.001     0.000
     0.000     0.000     0.000
     0.000     0.000     0.000
     0.000     0.000     0.000
     0.000     0.000     0.000
     0.000     0.000     0.000
     0.000     0.000     0.000
     0.000     0.000     0.000
     0.000     0.000     0.000
     0.000     0.000     0.000
     0.000     0.000     0.000
     0.000     0.000     0.000
     0.000    -0.000     0.000
     0.000    -0.000     0.000
     0.000    -0.000     0.000
     0.000    -0.000     0.000
     0.000    -0.000     0.000
     0.000    -0.000     0.000
     0.000    -0.000     0.000
     0.000    -0.000     0.000
     0.000    -0.000     0.000
     0.000    -0.000     0.000
     0.000    -0.000     0.000
    -0.000     0.000     0.000
    -0.000     0.000     0.000
    -0.000     0.000     0.000
    -0.000     0.000     0.000
    -0.000     0.000     0.000
    -0.000     0.000     0.000
    -0.000     0.000     0.000
    -0.000     0.000     0.000
    -0.000     0.000     0.000
    -0.000     0.000     0.000
    -0.000     0.000     0.000
    -0.000     0.000     0.000
    -0.000     0.000     0.000
    -0.000     0.000     0.000
    -0.000     0.000     0.000
    -0.000     0.000     0.000
    -0.000     0.000     0.000
    -0.000     0.000     0.000
    -0.000     0.000     0.000
    -0.000     0.000     0.000
    -0.000     0.000     0.000
    -0.000     0.000     0.000
    -0.000     0.000     0.000
     0.000     0.000     0.000
     0.000     0.000     0.000
     0.000     0.000     0.000
     0.001     0.001     0.000
     0.004     0.001     0.000
     0.010    -0.000     0.000
     0.018    -0.004     0.000
     0.023    -0.011     0.000
     0.013    -0.022     0.000
    -0.001    -0.037     0.000
    -0.005    -0.047     0.000
     0.006    -0.058     0.000
     0.024    -0.077     0.000
     0.038    -0.088     0.000
     0.044    -0.083     0.000
     0.051    -0.060     0.000
     0.042    -0.044     0.000
    -0.002    -0.036     0.000
    -0.027    -0.027     0.000
    -0.022    -0.020     0.000
    -0.010    -0.012     0.000
    -0.001    -0.009     0.000
     0.009    -0.009     0.000
     0.024    -0.009     0.000
     0.025    -0.006     0.000
    -0.020     0.004     0.000
    -0.075     0.015     0.000
    -0.077     0.018     0.000
    -0.044     0.017     0.000
    -0.019     0.013     0.000
    -0.007     0.008     0.000
    -0.003     0.005     0.000
    -0.001     0.003     0.000
    -0.000     0.001     0.000
     0.000     0.001     0.000
     0.000     0.000     0.000
     0.000     0.000     0.000
     0.000     0.000     0.000
     0.000     0.000     0.000
     0.000     0.000     0.000
     0.000     0.000     0.000
     0.000     0.000     0.000
     0.000     0.000     0.000
     0.000     0.000     0.000
     0.000     0.000     0.000
     0.000     0.000     0.000
     0.000    -0.000     0.000
     0.000    -0.000     0.000
     0.000    -0.000     0.000
     0.000    -0.000     0.000
     0.000    -0.000     0.000
     0.000    -0.000     0.000
     0.000    -0.000     0.000
     0.000    -0.000     0.000
     0.000    -0.000     0.000
     0.000    -0.000     0.000
     0.000    -0.000     0.000
     0.000    -0.000     0.000
    -0.000     0.000     0.000
    -0.000     0.000     0.000
    -0.000     0.000     0.000
    -0.000     0.000     0.000
    -0.000     0.000     0.000
    -0.000     0.000     0.000
    -0.000     0.000     0.000
    -0.000     0.000     0.000
    -0.000     0.000     0.000
    -0.000     0.000     0.000
    -0.000     0.000     0.000
    -0.000     0.000     0.000
    -0.000     0.000     0.000
    -0.000     0.000     0.000
    -0.000     0.000     0.000
    -0.000     0.000     0.000
    -0.000     0.000     0.000
    -0.000     0.000     0.000
    -0.000     0.000     0.000
    -0.000     0.000     0.000
    -0.000     0.000     0.000
    -0.000     0.000     0.000
    -0.000     0.000     0.000
    -0.000     0.000     0.000
     0.000     0.000     0.000
     0.000     0.001     0.000
     0.001     0.001     0.000
     0.004     0.002     0.000
     0.009     0.003     0.000
     0.019     0.004     0.000
     0.030     0.005     0.000
     0.030    -0.003     0.000
     0.017    -0.026     0.000
     0.011    -0.048     0.000
     0.027    -0.070     0.000
     0.039    -0.093     0.000
     0.040    -0.097     0.000
     0.037    -0.090     0.000
     0.034    -0.072     0.000
     0.029    -0.056     0.000
    -0.009    -0.052     0.000
    -0.037    -0.047     0.000
    -0.034    -0.040     0.000
    -0.017    -0.028     0.000
    -0.003    -0.022     0.000
     0.007    -0.020     0.000
     0.014    -0.011     0.000
     0.005     0.005     0.000
    -0.036     0.022     0.000
    -0.076     0.025     0.000
    -0.071     0.013     0.000
    -0.041     0.006     0.000
    -0.016     0.003     0.000
    -0.005     0.002     0.000
    -0.001     0.001     0.000
     0.000     0.001     0.000
     0.000     0.001     0.000
     0.000     0.000     0.000
     0.000     0.000     0.000
     0.000     0.000     0.000
     0.000     0.000     0.000
     0.000     0.000     0.000
     0.000     0.000     0.000
     0.000     0.000     0.000
     0.000     0.000     0.000
     0.000     0.000     0.000
     0.000     0.000     0.000
     0.000    -0.000     0.000
     0.000    -0.000     0.000
     0.000    -0.000     0.000
     0.000    -0.000     0.000
     0.000    -0.000     0.000
     0.000    -0.000     0.000
     0.000    -0.000     0.000
     0.000    -0.000     0.000
     0.000    -0.000     0.000
     0.000    -0.000     0.000
     0.000    -0.000     0.000
     0.000    -0.000     0.000
     0.000    -0.000     0.000
     0.000    -0.000     0.000
    -0.000     0.000     0.000
    -0.000     0.000     0.000
    -0.000     0.000     0.000
    -0.000     0.000     0.000
    -0.000     0.000     0.000
    -0.000     0.000     0.000
    -0.000     0.000     0.000
    -0.000     0.000     0.000
    -0.000     0.000     0.000
    -0.000     0.000     0.000
    -0.000     0.000     0.000
    -0.000     0.000     0.000
    -0.000     0.000     0.000
    -0.000     0.000     0.000
    -0.000     0.000     0.000
    -0.000     0.000     0.000
    -0.000     0.000     0.000
    -0.000     0.000     0.000
    -0.000     0.000     0.000
    -0.000     0.000     0.000
    -0.000     0.000     0.000
    -0.000     0.000     0.000
    -0.000     0.000     0.000
    -0.000     0.000     0.000
    -0.000     0.000     0.000
    -0.000     0.001     0.000
     0.001     0.001     0.000
     0.002     0.002     0.000
     0.007     0.004     0.000
     0.017     0.008     0.000
     0.032     0.013     0.000
     0.044     0.011     0.000
     0.042    -0.012     0.000
     0.037    -0.043     0.000
     0.050    -0.064     0.000
     0.040    -0.071     0.000
     0.024    -0.051     0.000
     0.021    -0.033     0.000
     0.026    -0.026     0.000
     0.025    -0.019     0.000
    -0.004    -0.025     0.000
    -0.035    -0.041     0.000
    -0.042    -0.043     0.000
    -0.026    -0.032     0.000
    -0.008    -0.027     0.000
    -0.000    -0.020     0.000
    -0.005    -0.000     0.000
    -0.023     0.025     0.000
    -0.039     0.038     0.000
    -0.054     0.024     0.000
    -0.053     0.000     0.000
    -0.034    -0.006     0.000
    -0.015    -0.005     0.000
    -0.005    -0.002     0.000
    -0.001    -0.001     0.000
    -0.000    -0.000     0.000
     0.000    -0.000     0.000
     0.000    -0.000     0.000
     0.000    -0.000     0.000
     0.000     0.000     0.000
     0.000     0.000     0.000
     0.000     0.000     0.000
     0.000     0.000     0.000
     0.000    -0.000     0.000
     0.000    -0.000     0.000
     0.000    -0.000     0.000
     0.000    -0.000     0.000
     0.000    -0.000     0.000
     0.000    -0.000     0.000
     0.000    -0.000     0.000
     0.000    -0.000     0.000
     0.000    -0.000     0.000
     0.000    -0.000     0.000
     0.000    -0.000     0.000
     0.000    -0.000     0.000
     0.000    -0.000     0.000
     0.000    -0.000     0.000
     0.000    -0.000     0.000
     0.000    -0.000     0.000
     0.000    -0.000     0.000
     0.000    -0.000     0.000
    -0.000     0.000     0.000
    -0.000     0.000     0.000
    -0.000     0.000     0.000
    -0.000     0.000     0.000
    -0.000     0.000     0.000
    -0.000     0.000     0.000
    -0.000     0.000     0.000
    -0.000     0.000     0.000
    -0.000     0.000     0.000
    -0.000     0.000     0.000
    -0.000     0.000     0.000
    -0.000     0.000     0.000
    -0.000     0.000     0.000
    -0.000     0.000     0.000
    -0.000     0.000     0.000
    -0.000     0.000     0.000
    -0.000     0.000     0.000
    -0.000     0.000     0.000
    -0.000     0.000     0.000
    -0.000     0.000     0.000
    -0.000     0.000     0.000
    -0.000     0.000     0.000
    -0.000     0.000     0.000
    -0.000     0.000     0.000
    -0.000     0.000     0.000
    -0.000     0.000     0.000
     0.000     0.001     0.000
     0.001     0.001     0.000
     0.005     0.003     0.000
     0.013     0.006     0.000
     0.031     0.009     0.000
     0.053     0.006     0.000
     0.067    -0.018     0.000
     0.064    -0.049     0.000
     0.049    -0.049     0.000
     0.020    -0.027     0.000
     0.003    -0.000     0.000
     0.004     0.013     0.000
     0.015     0.016     0.000
     0.025     0.020     0.000
     0.014     0.012     0.000
    -0.018    -0.008     0.000
    -0.046    -0.016     0.000
    -0.038    -0.005     0.000
    -0.021     0.002     0.000
    -0.016     0.016     0.000
    -0.024     0.036     0.000
    -0.037     0.041     0.000
    -0.026     0.029     0.000
    -0.030     0.011     0.000
    -0.041    -0.010     0.000
    -0.033    -0.014     0.000
    -0.018    -0.009     0.000
    -0.008    -0.005     0.000
    -0.003    -0.002     0.000
    -0.001    -0.001     0.000
     0.000    -0.001     0.000
     0.000    -0.000     0.000
     0.000    -0.000     0.000
     0.000    -0.000     0.000
     0.000    -0.000     0.000
     0.000    -0.000     0.000
     0.000    -0.000     0.000
     0.000    -0.000     0.000
     0.000    -0.000     0.000
     0.000    -0.000     0.000
     0.000    -0.000     0.000
     0.000    -0.000     0.000
     0.000    -0.000     0.000
     0.000    -0.000     0.000
     0.000    -0.000     0.000
     0.000    -0.000     0.000
     0.000    -0.000     0.000
     0.000    -0.000     0.000
     0.000    -0.000     0.000
     0.000    -0.000     0.000
     0.000    -0.000     0.000
     0.000    -0.000     0.000
     0.000    -0.000     0.000
     0.000    -0.000     0.000
     0.000    -0.000     0.000
    -0.000     0.000     0.000
    -0.000     0.000     0.000
    -0.000     0.000     0.000
    -0.000     0.000     0.000
    -0.000     0.000     0.000
    -0.000     0.000     0.000
    -0.000     0.000     0.000
    -0.000     0.000     0.000
    -0.000     0.000     0.000
    -0.000     0.000     0.000
    -0.000     0.000     0.000
    -0.000     0.000     0.000
    -0.000     0.000     0.000
    -0.000     0.000     0.000
    -0.000     0.000     0.000
    -0.000     0.000     0.000
    -0.000    -0.000     0.000
    -0.000    -0.000     0.000
    -0.000    -0.000     0.000
    -0.000    -0.000     0.000
    -0.000    -0.000     0.000
    -0.000    -0.000     0.000
    -0.000    -0.000     0.000
    -0.000    -0.000     0.000
    -0.000    -0.000     0.000
    -0.000    -0.000     0.000
    -0.000    -0.000     0.000
     0.001    -0.000     0.000
     0.004    -0.000     0.000
     0.012    -0.000     0.000
     0.033    -0.001     0.000
     0.067    -0.007     0.000
     0.093    -0.023     0.000
     0.081    -0.034     0.000
     0.031    -0.021     0.000
    -0.003    -0.000     0.000
    -0.008     0.014     0.000
    -0.002     0.018     0.000
     0.010     0.020     0.000
     0.023     0.025     0.000
     0.023     0.025     0.000
    -0.006     0.018     0.000
    -0.049     0.016     0.000
    -0.050     0.029     0.000
    -0.038     0.050     0.000
    -0.034     0.066     0.000
    -0.031     0.071     0.000
    -0.024     0.055     0.000
    -0.007     0.035     0.000
    -0.011     0.019     0.000
    -0.029    -0.001     0.000
    -0.032    -0.009     0.000
    -0.021    -0.007     0.000
    -0.010    -0.004     0.000
    -0.004    -0.002     0.000
    -0.001    -0.001     0.000
    -0.000    -0.001     0.000
     0.000    -0.000     0.000
     0.000    -0.000     0.000
     0.000    -0.000     0.000
     0.000    -0.000     0.000
     0.000    -0.000     0.000
     0.000    -0.000     0.000
     0.000    -0.000     0.000
     0.000    -0.000     0.000
     0.000    -0.000     0.000
     0.000    -0.000     0.000
     0.000    -0.000     0.000
     0.000    -0.000     0.000
     0.000    -0.000     0.000
     0.000    -0.000     0.000
     0.000    -0.000     0.000
     0.000    -0.000     0.000
     0.000    -0.000     0.000
     0.000    -0.000     0.000
     0.000    -0.000     0.000
     0.000    -0.000     0.000
     0.000    -0.000     0.000
     0.000    -0.000     0.000
     0.000    -0.000     0.000
     0.000    -0.000     0.000
    -0.000     0.000     0.000
    -0.000     0.000     0.000
    -0.000     0.000     0.000
    -0.000     0.000     0.000
    -0.000     0.000     0.000
    -0.000     0.000     0.000
    -0.000     0.000     0.000
    -0.000     0.000     0.000
    -0.000     0.000     0.000
    -0.000     0.000     0.000
    -0.000     0.000     0.000
    -0.000     0.000     0.000
    -0.000     0.000     0.000
    -0.000     0.000     0.000
    -0.000    -0.000     0.000
    -0.000    -0.000     0.000
    -0.000    -0.000     0.000
    -0.000    -0.000     0.000
    -0.000    -0.000     0.000
    -0.000    -0.000     0.000
    -0.000    -0.000     0.000
    -0.000    -0.000     0.000
    -0.000    -0.000     0.000
    -0.000    -0.000     0.000
    -0.000    -0.000     0.000
    -0.000    -0.001     0.000
     0.000    -0.001     0.000
     0.001    -0.002     0.000
     0.005    -0.004     0.000
     0.014    -0.007     0.000
     0.037    -0.012     0.000
     0.076    -0.017     0.000
     0.102    -0.019     0.000
     0.071    -0.015     0.000
     0.008    -0.002     0.000
    -0.019     0.007     0.000
    -0.014     0.009     0.000
    -0.003     0.008     0.000
     0.006     0.009     0.000
     0.016     0.012     0.000
     0.021     0.015     0.000
    -0.003     0.016     0.000
    -0.055     0.018     0.000
    -0.072     0.028     0.000
    -0.055     0.055     0.000
    -0.040     0.072     0.000
    -0.025     0.069     0.000
    -0.006     0.053     0.000
     0.008     0.041     0.000
     0.005     0.033     0.000
    -0.012     0.018     0.000
    -0.025     0.007     0.000
    -0.021     0.002     0.000
    -0.011    -0.001     0.000
    -0.005    -0.001     0.000
    -0.002    -0.001     0.000
    -0.001    -0.001     0.000
    -0.000    -0.000     0.000
     0.000    -0.000     0.000
     0.000    -0.000     0.000
     0.000    -0.000     0.000
     0.000    -0.000     0.000
     0.000    -0.000     0.000
     0.000    -0.000     0.000
     0.000    -0.000     0.000
     0.000    -0.000     0.000
     0.000    -0.000     0.000
     0.000    -0.000     0.000
     0.000    -0.000     0.000
     0.000    -0.000     0.000
     0.000    -0.000     0.000
     0.000    -0.000     0.000
     0.000    -0.000     0.000
     0.000    -0.000     0.000
     0.000    -0.000     0.000
     0.000    -0.000     0.000
     0.000    -0.000     0.000
     0.000    -0.000     0.000
     0.000    -0.000     0.000
     0.000    -0.000     0.000
     0.000    -0.000     0.000
    -0.000     0.000     0.000
    -0.000     0.000     0.000
    -0.000     0.000     0.000
    -0.000     0.000     0.000
    -0.000     0.000     0.000
    -0.000     0.000     0.000
    -0.000     0.000     0.000
    -0.000     0.000     0.000
    -0.000     0.000     0.000
    -0.000     0.000     0.000
    -0.000     0.000     0.000
    -0.000     0.000     0.000
    -0.000    -0.000     0.000
    -0.000    -0.000     0.000
    -0.000    -0.000     0.000
    -0.000    -0.000     0.000
    -0.000    -0.000     0.000
    -0.000    -0.000     0.000
    -0.000    -0.000     0.000
    -0.000    -0.000     0.000
    -0.000    -0.000     0.000
    -0.000    -0.000     0.000
    -0.000    -0.000     0.000
    -0.000    -0.000     0.000
     0.000    -0.001     0.000
     0.000    -0.001     0.000
     0.001    -0.003     0.000
     0.004    -0.005     0.000
     0.008    -0.010     0.000
     0.018    -0.016     0.000
     0.037    -0.022     0.000
     0.069    -0.020     0.000
     0.096    -0.007     0.000
     0.065    -0.001     0.000
     0.003     0.003     0.000
    -0.021     0.003     0.000
    -0.014     0.001     0.000
    -0.004     0.000     0.000
     0.003     0.000     0.000
     0.013     0.002     0.000
     0.021     0.004     0.000
     0.000     0.009     0.000
    -0.060     0.019     0.000
    -0.096     0.027     0.000
    -0.073     0.038     0.000
    -0.040     0.043     0.000
    -0.017     0.040     0.000
     0.000     0.032     0.000
     0.010     0.030     0.000
     0.009     0.031     0.000
    -0.004     0.026     0.000
    -0.015     0.018     0.000
    -0.016     0.009     0.000
    -0.010     0.003     0.000
    -0.004    -0.000     0.000
    -0.002    -0.001     0.000
    -0.001    -0.000     0.000
    -0.000    -0.000     0.000
    -0.000    -0.000     0.000
    -0.000    -0.000     0.000
     0.000    -0.000     0.000
     0.000    -0.000     0.000
     0.000    -0.000     0.000
     0.000    -0.000     0.000
     0.000    -0.000     0.000
     0.000    -0.000     0.000
     0.000    -0.000     0.000
     0.000    -0.000     0.000
     0.000    -0.000     0.000
     0.000    -0.000     0.000
     0.000    -0.000     0.000
     0.000    -0.000     0.000
     0.000    -0.000     0.000
     0.000    -0.000     0.000
     0.000    -0.000     0.000
     0.000    -0.000     0.000
     0.000    -0.000     0.000
     0.000    -0.000     0.000
     0.000    -0.000     0.000
     0.000    -0.000     0.000
     0.000    -0.000     0.000
    -0.000     0.000     0.000
    -0.000     0.000     0.000
    -0.000     0.000     0.000
    -0.000     0.000     0.000
    -0.000     0.000     0.000
    -0.000     0.000     0.000
    -0.000     0.000     0.000
    -0.000     0.000     0.000
    -0.000     0.000     0.000
    -0.000     0.000     0.000
    -0.000     0.000     0.000
    -0.000    -0.000     0.000
    -0.000    -0.000     0.000
    -0.000    -0.000     0.000
    -0.000    -0.000     0.000
    -0.000    -0.000     0.000
    -0.000    -0.000     0.000
    -0.000    -0.000     0.000
    -0.000    -0.000     0.000
    -0.000    -0.000     0.000
    -0.000    -0.000     0.000
     0.000    -0.000     0.000
     0.000    -0.000     0.000
     0.000    -0.000     0.000
     0.000    -0.001     0.000
     0.001    -0.002     0.000
     0.004    -0.003     0.000
     0.008    -0.007     0.000
     0.015    -0.013     0.000
     0.024    -0.023     0.000
     0.036    -0.028     0.000
     0.053    -0.015     0.000
     0.075     0.013     0.000
     0.065     0.017     0.000
     0.015     0.006     0.000
    -0.014    -0.005     0.000
    -0.013    -0.008     0.000
    -0.004    -0.007     0.000
     0.003    -0.007     0.000
     0.012    -0.006     0.000
     0.016    -0.002     0.000
    -0.008     0.008     0.000
    -0.068     0.022     0.000
    -0.102     0.028     0.000
    -0.078     0.023     0.000
    -0.038     0.018     0.000
    -0.012     0.014     0.000
     0.001     0.013     0.000
     0.006     0.015     0.000
     0.005     0.018     0.000
    -0.001     0.019     0.000
    -0.007     0.015     0.000
    -0.009     0.009     0.000
    -0.006     0.004     0.000
    -0.003     0.001     0.000
    -0.001    -0.000     0.000
    -0.000    -0.000     0.000
    -0.000    -0.000     0.000
    -0.000    -0.000     0.000
    -0.000    -0.000     0.000
    -0.000    -0.000     0.000
     0.000    -0.000     0.000
     0.000    -0.000     0.000
     0.000    -0.000     0.000
     0.000    -0.000     0.000
     0.000    -0.000     0.000
     0.000    -0.000     0.000
     0.000    -0.000     0.000
     0.000    -0.000     0.000
     0.000    -0.000     0.000
     0.000    -0.000     0.000
     0.000    -0.000     0.000
     0.000    -0.000     0.000
     0.000    -0.000     0.000
     0.000    -0.000     0.000
     0.000    -0.000     0.000
     0.000    -0.000     0.000
     0.000    -0.000     0.000
     0.000    -0.000     0.000
     0.000    -0.000     0.000
     0.000    -0.000     0.000
    -0.000     0.000     0.000
    -0.000     0.000     0.000
    -0.000     0.000     0.000
    -0.000     0.000     0.000
    -0.000     0.000     0.000
    -0.000     0.000     0.000
    -0.000     0.000     0.000
    -0.000     0.000     0.000
    -0.000     0.000     0.000
    -0.000    -0.000     0.000
    -0.000    -0.000     0.000
    -0.000    -0.000     0.000
    -0.000    -0.000     0.000
    -0.000    -0.000     0.000
    -0.000    -0.000     0.000
    -0.000    -0.000     0.000
    -0.000    -0.000     0.000
    -0.000    -0.000     0.000
    -0.000    -0.000     0.000
     0.000    -0.000     0.000
     0.000    -0.000     0.000
     0.000    -0.000     0.000
     0.000    -0.000     0.000
     0.000    -0.000     0.000
     0.001    -0.001     0.000
     0.002    -0.002     0.000
     0.006    -0.003     0.000
     0.013    -0.005     0.000
     0.022    -0.009     0.000
     0.027    -0.015     0.000
     0.030    -0.012     0.000
     0.037     0.004     0.000
     0.055     0.021     0.000
     0.070     0.029     0.000
     0.032     0.017     0.000
    -0.006    -0.006     0.000
    -0.013    -0.016     0.000
    -0.005    -0.016     0.000
     0.004    -0.018     0.000
     0.009    -0.015     0.000
     0.002    -0.000     0.000
    -0.031     0.020     0.000
    -0.078     0.035     0.000
    -0.091     0.026     0.000
    -0.067     0.009     0.000
    -0.033     0.002     0.000
    -0.011     0.001     0.000
    -0.001     0.003     0.000
     0.002     0.005     0.000
     0.002     0.008     0.000
     0.000     0.009     0.000
    -0.002     0.009     0.000
    -0.003     0.006     0.000
    -0.002     0.003     0.000
    -0.001     0.001     0.000
    -0.001     0.000     0.000
    -0.000    -0.000     0.000
    -0.000    -0.000     0.000
    -0.000    -0.000     0.000
    -0.000    -0.000     0.000
    -0.000    -0.000     0.000
    -0.000    -0.000     0.000
     0.000    -0.000     0.000
     0.000    -0.000     0.000
     0.000    -0.000     0.000
     0.000    -0.000     0.000
     0.000    -0.000     0.000
     0.000    -0.000     0.000
     0.000    -0.000     0.000
     0.000    -0.000     0.000
     0.000    -0.000     0.000
     0.000    -0.000     0.000
     0.000    -0.000     0.000
     0.000    -0.000     0.000
     0.000    -0.000     0.000
     0.000    -0.000     0.000
     0.000    -0.000     0.000
     0.000    -0.000     0.000
     0.000    -0.000     0.000
     0.000    -0.000     0.000
     0.000    -0.000     0.000
    -0.000     0.000     0.000
    -0.000     0.000     0.000
    -0.000     0.000     0.000
    -0.000     0.000     0.000
    -0.000     0.000     0.000
    -0.000     0.000     0.000
    -0.000     0.000     0.000
    -0.000     0.000     0.000
    -0.000    -0.000     0.000
    -0.000    -0.000     0.000
    -0.000    -0.000     0.000
    -0.000    -0.000     0.000
    -0.000    -0.000     0.000
    -0.000    -0.000     0.000
    -0.000    -0.000     0.000
    -0.000    -0.000     0.000
    -0.000    -0.000     0.000
     0.000    -0.000     0.000
     0.000    -0.000     0.000
     0.000    -0.000     0.000
     0.000    -0.000     0.000
     0.000    -0.000     0.000
     0.000    -0.000     0.000
     0.000    -0.000     0.000
     0.001    -0.000     0.000
     0.003    -0.001     0.000
     0.007    -0.000     0.000
     0.016     0.001     0.000
     0.023     0.004     0.000
     0.022     0.010     0.000
     0.018     0.022     0.000
     0.022     0.035     0.000
     0.044     0.041     0.000
     0.072     0.051     0.000
     0.052     0.046     0.000
     0.015     0.017     0.000
    -0.003    -0.002     0.000
    -0.001    -0.010     0.000
     0.004    -0.015     0.000
     0.001    -0.007     0.000
    -0.020     0.019     0.000
    -0.050     0.043     0.000
    -0.062     0.046     0.000
    -0.063     0.018     0.000
    -0.051    -0.005     0.000
    -0.030    -0.009     0.000
    -0.013    -0.006     0.000
    -0.004    -0.002     0.000
    -0.001     0.001     0.000
     0.000     0.003     0.000
     0.000     0.004     0.000
    -0.000     0.004     0.000
    -0.001     0.003     0.000
    -0.001     0.002     0.000
    -0.001     0.001     0.000
    -0.000     0.000     0.000
    -0.000     0.000     0.000
    -0.000     0.000     0.000
    -0.000    -0.000     0.000
    -0.000    -0.000     0.000
    -0.000    -0.000     0.000
    -0.000    -0.000     0.000
    -0.000    -0.000     0.000
     0.000    -0.000     0.000
     0.000    -0.000     0.000
     0.000    -0.000     0.000
     0.000    -0.000     0.000
     0.000    -0.000     0.000
     0.000    -0.000     0.000
     0.000    -0.000     0.000
     0.000    -0.000     0.000
     0.000    -0.000     0.000
     0.000    -0.000     0.000
     0.000    -0.000     0.000
     0.000    -0.000     0.000
     0.000    -0.000     0.000
     0.000    -0.000     0.000
     0.000    -0.000     0.000
     0.000    -0.000     0.000
     0.000    -0.000     0.000
     0.000    -0.000     0.000
    -0.000     0.000     0.000
    -0.000     0.000     0.000
    -0.000     0.000     0.000
    -0.000     0.000     0.000
    -0.000     0.000     0.000
    -0.000     0.000     0.000
    -0.000     0.000     0.000
    -0.000    -0.000     0.000
    -0.000    -0.000     0.000
    -0.000    -0.000     0.000
    -0.000    -0.000     0.000
    -0.000    -0.000     0.000
    -0.000    -0.000     0.000
    -0.000    -0.000     0.000
    -0.000    -0.000     0.000
     0.000    -0.000     0.000
     0.000    -0.000     0.000
     0.000    -0.000     0.000
     0.000    -0.000     0.000
     0.000    -0.000     0.000
     0.000    -0.000     0.000
     0.000    -0.000     0.000
     0.000    -0.000     0.000
     0.000    -0.000     0.000
     0.001     0.000     0.000
     0.002     0.000     0.000
     0.006     0.002     0.000
     0.012     0.006     0.000
     0.016     0.013     0.000
     0.013     0.023     0.000
     0.008     0.034     0.000
     0.011     0.042     0.000
     0.031     0.051     0.000
     0.061     0.067     0.000
     0.066     0.073     0.000
     0.043     0.061     0.000
     0.017     0.044     0.000
     0.006     0.032     0.000
    -0.003     0.028     0.000
    -0.016     0.040     0.000
    -0.040     0.062     0.000
    -0.056     0.057     0.000
    -0.039     0.035     0.000
    -0.039     0.008     0.000
    -0.042    -0.011     0.000
    -0.031    -0.013     0.000
    -0.016    -0.008     0.000
    -0.007    -0.003     0.000
    -0.003    -0.001     0.000
    -0.001     0.001     0.000
    -0.000     0.002     0.000
    -0.000     0.002     0.000
    -0.000     0.001     0.000
    -0.000     0.001     0.000
    -0.000     0.000     0.000
    -0.000     0.000     0.000
    -0.000     0.000     0.000
    -0.000     0.000     0.000
    -0.000     0.000     0.000
    -0.000    -0.000     0.000
    -0.000    -0.000     0.000
    -0.000    -0.000     0.000
    -0.000    -0.000     0.000
    -0.000    -0.000     0.000
     0.000    -0.000     0.000
     0.000    -0.000     0.000
     0.000    -0.000     0.000
     0.000    -0.000     0.000
     0.000    -0.000     0.000
     0.000    -0.000     0.000
     0.000    -0.000     0.000
     0.000    -0.000     0.000
     0.000    -0.000     0.000
     0.000    -0.000     0.000
     0.000    -0.000     0.000
     0.000    -0.000     0.000
     0.000    -0.000     0.000
     0.000    -0.000     0.000
     0.000    -0.000     0.000
     0.000    -0.000     0.000
     0.000    -0.000     0.000
    -0.000     0.000     0.000
    -0.000     0.000     0.000
    -0.000     0.000     0.000
    -0.000     0.000     0.000
    -0.000     0.000     0.000
    -0.000     0.000     0.000
    -0.000    -0.000     0.000
    -0.000    -0.000     0.000
    -0.000    -0.000     0.000
    -0.000    -0.000     0.000
    -0.000    -0.000     0.000
    -0.000    -0.000     0.000
    -0.000    -0.000     0.000
    -0.000    -0.000     0.000
     0.000    -0.000     0.000
     0.000    -0.000     0.000
     0.000    -0.000     0.000
     0.000    -0.000     0.000
     0.000    -0.000     0.000
     0.000    -0.000     0.000
     0.000    -0.000     0.000
     0.000    -0.000     0.000
     0.000     0.000     0.000
     0.000     0.000     0.000
     0.000     0.000     0.000
     0.001     0.001     0.000
     0.003     0.003     0.000
     0.005     0.006     0.000
     0.007     0.011     0.000
     0.005     0.018     0.000
     0.003     0.024     0.000
     0.007     0.028     0.000
     0.022     0.037     0.000
     0.047     0.054     0.000
     0.060     0.068     0.000
     0.047     0.076     0.000
     0.022     0.074     0.000
     0.012     0.074     0.000
    -0.010     0.084     0.000
    -0.030     0.091     0.000
    -0.041     0.091     0.000
    -0.035     0.068     0.000
    -0.015     0.043     0.000
    -0.017     0.022     0.000
    -0.029     0.002     0.000
    -0.030    -0.005     0.000
    -0.020    -0.003     0.000
    -0.010    -0.002     0.000
    -0.004    -0.001     0.000
    -0.002     0.000     0.000
    -0.001     0.001     0.000
    -0.000     0.001     0.000
    -0.000     0.001     0.000
    -0.000     0.000     0.000
    -0.000     0.000     0.000
    -0.000     0.000     0.000
    -0.000     0.000     0.000
    -0.000     0.000     0.000
    -0.000     0.000     0.000
    -0.000     0.000     0.000
    -0.000     0.000     0.000
    -0.000    -0.000     0.000
    -0.000    -0.000     0.000
    -0.000    -0.000     0.000
     0.000    -0.000     0.000
     0.000    -0.000     0.000
     0.000    -0.000     0.000
     0.000    -0.000     0.000
     0.000    -0.000     0.000
     0.000    -0.000     0.000
     0.000    -0.000     0.000
     0.000    -0.000     0.000
     0.000    -0.000     0.000
     0.000    -0.000     0.000
     0.000    -0.000     0.000
     0.000    -0.000     0.000
     0.000    -0.000     0.000
     0.000    -0.000     0.000
     0.000    -0.000     0.000
     0.000    -0.000     0.000
     0.000    -0.000     0.000
    -0.000     0.000     0.000
    -0.000     0.000     0.000
    -0.000     0.000     0.000
    -0.000     0.000     0.000
    -0.000     0.000     0.000
    -0.000    -0.000     0.000
    -0.000    -0.000     0.000
    -0.000    -0.000     0.000
    -0.000    -0.000     0.000
    -0.000    -0.000     0.000
    -0.000    -0.000     0.000
    -0.000    -0.000     0.000
    -0.000    -0.000     0.000
     0.000    -0.000     0.000
     0.000    -0.000     0.000
     0.000    -0.000     0.000
     0.000    -0.000     0.000
     0.000    -0.000     0.000
     0.000    -0.000     0.000
     0.000     0.000     0.000
     0.000     0.000     0.000
     0.000     0.000     0.000
     0.000     0.000     0.000
     0.000     0.000     0.000
     0.000     0.000     0.000
     0.000     0.001     0.000
     0.001     0.002     0.000
     0.001     0.004     0.000
     0.002     0.007     0.000
     0.001     0.009     0.000
     0.001     0.011     0.000
     0.004     0.013     0.000
     0.014     0.018     0.000
     0.031     0.028     0.000
     0.046     0.036     0.000
     0.041     0.044     0.000
     0.019     0.049     0.000
     0.002     0.061     0.000
    -0.018     0.080     0.000
    -0.031     0.086     0.000
    -0.026     0.078     0.000
    -0.010     0.059     0.000
     0.004     0.047     0.000
     0.002     0.037     0.000
    -0.012     0.022     0.000
    -0.023     0.011     0.000
    -0.019     0.005     0.000
    -0.010     0.001     0.000
    -0.005     0.000     0.000
    -0.002     0.000     0.000
    -0.001     0.000     0.000
    -0.000     0.000     0.000
    -0.000     0.000     0.000
    -0.000     0.000     0.000
    -0.000     0.000     0.000
    -0.000     0.000     0.000
    -0.000     0.000     0.000
    -0.000     0.000     0.000
    -0.000     0.000     0.000
    -0.000     0.000     0.000
    -0.000     0.000     0.000
    -0.000     0.000     0.000
    -0.000     0.000     0.000
    -0.000    -0.000     0.000
    -0.000    -0.000     0.000
     0.000    -0.000     0.000
     0.000    -0.000     0.000
     0.000    -0.000     0.000
     0.000    -0.000     0.000
     0.000    -0.000     0.000
     0.000    -0.000     0.000
     0.000    -0.000     0.000
     0.000    -0.000     0.000
     0.000    -0.000     0.000
     0.000    -0.000     0.000
     0.000    -0.000     0.000
     0.000    -0.000     0.000
     0.000    -0.000     0.000
     0.000    -0.000     0.000
     0.000    -0.000     0.000
     0.000    -0.000     0.000
    -0.000     0.000     0.000
    -0.000     0.000     0.000
    -0.000     0.000     0.000
    -0.000     0.000     0.000
    -0.000    -0.000     0.000
    -0.000    -0.000     0.000
    -0.000    -0.000     0.000
    -0.000    -0.000     0.000
    -0.000    -0.000     0.000
    -0.000    -0.000     0.000
    -0.000    -0.000     0.000
    -0.000    -0.000     0.000
     0.000    -0.000     0.000
     0.000    -0.000     0.000
     0.000    -0.000     0.000
     0.000    -0.000     0.000
     0.000    -0.000     0.000
     0.000     0.000     0.000
     0.000     0.000     0.000
     0.000     0.000     0.000
     0.000     0.000     0.000
     0.000     0.000     0.000
     0.000     0.000     0.000
     0.000     0.000     0.000
     0.000     0.000     0.000
     0.000     0.001     0.000
    -0.000     0.001     0.000
    -0.000     0.002     0.000
    -0.000     0.003     0.000
    -0.000     0.004     0.000
     0.000     0.004     0.000
     0.003     0.005     0.000
     0.009     0.007     0.000
     0.021     0.010     0.000
     0.037     0.015     0.000
     0.040     0.021     0.000
     0.013     0.030     0.000
    -0.020     0.039     0.000
    -0.030     0.046     0.000
    -0.026     0.049     0.000
    -0.015     0.044     0.000
    -0.002     0.035     0.000
     0.007     0.032     0.000
     0.007     0.031     0.000
    -0.004     0.026     0.000
    -0.014     0.018     0.000
    -0.013     0.010     0.000
    -0.008     0.003     0.000
    -0.004     0.001     0.000
    -0.002     0.000     0.000
    -0.001     0.000     0.000
    -0.000     0.000     0.000
    -0.000     0.000     0.000
    -0.000     0.000     0.000
    -0.000     0.000     0.000
    -0.000     0.000     0.000
    -0.000     0.000     0.000
    -0.000     0.000     0.000
    -0.000     0.000     0.000
    -0.000     0.000     0.000
    -0.000     0.000     0.000
    -0.000     0.000     0.000
    -0.000     0.000     0.000
    -0.000     0.000     0.000
    -0.000     0.000     0.000
    -0.000    -0.000     0.000
    -0.000    -0.000     0.000
     0.000    -0.000     0.000
     0.000    -0.000     0.000
     0.000    -0.000     0.000
     0.000    -0.000     0.000
     0.000    -0.000     0.000
     0.000    -0.000     0.000
     0.000    -0.000     0.000
     0.000    -0.000     0.000
     0.000    -0.000     0.000
     0.000    -0.000     0.000
     0.000    -0.000     0.000
     0.000    -0.000     0.000
     0.000    -0.000     0.000
     0.000    -0.000     0.000
    -0.000     0.000     0.000
    -0.000     0.000     0.000
    -0.000     0.000     0.000
    -0.000    -0.000     0.000
    -0.000    -0.000     0.000
    -0.000    -0.000     0.000
    -0.000    -0.000     0.000
    -0.000    -0.000     0.000
    -0.000    -0.000     0.000
    -0.000    -0.000     0.000
    -0.000    -0.000     0.000
    -0.000    -0.000     0.000
     0.000    -0.000     0.000
     0.000    -0.000     0.000
     0.000     0.000     0.000
     0.000     0.000     0.000
     0.000     0.000     0.000
     0.000     0.000     0.000
     0.000     0.000     0.000
     0.000     0.000     0.000
     0.000     0.000     0.000
     0.000     0.000     0.000
    -0.000     0.000     0.000
    -0.000     0.000     0.000
    -0.000     0.000     0.000
    -0.000     0.000     0.000
    -0.000     0.001     0.000
    -0.000     0.001     0.000
    -0.001     0.001     0.000
    -0.001     0.001     0.000
     0.000     0.001     0.000
     0.002     0.001     0.000
     0.007     0.002     0.000
     0.016     0.004     0.000
     0.030     0.009     0.000
     0.031     0.016     0.000
     0.003     0.024     0.000
    -0.026     0.028     0.000
    -0.029     0.026     0.000
    -0.019     0.021     0.000
    -0.008     0.017     0.000
    -0.000     0.015     0.000
     0.005     0.015     0.000
     0.005     0.017     0.000
    -0.000     0.017     0.000
    -0.005     0.014     0.000
    -0.006     0.008     0.000
    -0.004     0.003     0.000
    -0.002     0.001     0.000
    -0.001     0.000     0.000
    -0.001     0.000     0.000
    -0.000     0.000     0.000
    -0.000     0.000     0.000
    -0.000     0.000     0.000
    -0.000     0.000     0.000
    -0.000     0.000     0.000
    -0.000     0.000     0.000
    -0.000     0.000     0.000
    -0.000     0.000     0.000
    -0.000     0.000     0.000
    -0.000     0.000     0.000
    -0.000     0.000     0.000
    -0.000     0.000     0.000
    -0.000     0.000     0.000
    -0.000     0.000     0.000
    -0.000     0.000     0.000
    -0.000     0.000     0.000
    -0.000     0.000     0.000
     0.000     0.000     0.000
     0.000    -0.000     0.000
     0.000    -0.000     0.000
     0.000    -0.000     0.000
     0.000    -0.000     0.000
     0.000    -0.000     0.000
     0.000    -0.000     0.000
     0.000    -0.000     0.000
     0.000    -0.000     0.000
     0.000    -0.000     0.000
     0.000    -0.000     0.000
     0.000    -0.000     0.000
     0.000    -0.000     0.000
    -0.000     0.000     0.000
    -0.000     0.000     0.000
    -0.000    -0.000     0.000
    -0.000    -0.000     0.000
    -0.000    -0.000     0.000
    -0.000    -0.000     0.000
    -0.000    -0.000     0.000
    -0.000    -0.000     0.000
    -0.000    -0.000     0.000
    -0.000    -0.000     0.000
    -0.000    -0.000     0.000
    -0.000    -0.000     0.000
    -0.000     0.000     0.000
     0.000     0.000     0.000
     0.000     0.000     0.000
     0.000     0.000     0.000
     0.000     0.000     0.000
    -0.000     0.000     0.000
    -0.000     0.000     0.000
    -0.000     0.000     0.000
    -0.000     0.000     0.000
    -0.000     0.000     0.000
    -0.000     0.000     0.000
    -0.000     0.000     0.000
    -0.000     0.000     0.000
    -0.000     0.000     0.000
    -0.000     0.000     0.000
    -0.000     0.000     0.000
    -0.000     0.000     0.000
    -0.000     0.000     0.000
     0.000    -0.000     0.000
     0.002    -0.000     0.000
     0.005     0.001     0.000
     0.012     0.003     0.000
     0.020     0.010     0.000
     0.019     0.019     0.000
    -0.001     0.024     0.000
    -0.020     0.023     0.000
    -0.021     0.016     0.000
    -0.012     0.009     0.000
    -0.005     0.006     0.000
    -0.000     0.005     0.000
     0.002     0.006     0.000
     0.003     0.007     0.000
     0.001     0.008     0.000
    -0.001     0.007     0.000
    -0.002     0.005     0.000
    -0.002     0.002     0.000
    -0.001     0.001     0.000
    -0.001     0.000     0.000
    -0.000     0.000     0.000
    -0.000     0.000     0.000
    -0.000     0.000     0.000
    -0.000     0.000     0.000
    -0.000     0.000     0.000
    -0.000     0.000     0.000
    -0.000     0.000     0.000
    -0.000     0.000     0.000
    -0.000     0.000     0.000
    -0.000     0.000     0.000
    -0.000     0.000     0.000
    -0.000     0.000     0.000
    -0.000     0.000     0.000
    -0.000     0.000     0.000
    -0.000     0.000     0.000
    -0.000     0.000     0.000
    -0.000     0.000     0.000
    -0.000     0.000     0.000
    -0.000     0.000     0.000
    -0.000     0.000     0.000
     0.000     0.000     0.000
     0.000    -0.000     0.000
     0.000    -0.000     0.000
     0.000    -0.000     0.000
     0.000    -0.000     0.000
     0.000    -0.000     0.000
     0.000    -0.000     0.000
     0.000    -0.000     0.000
     0.000    -0.000     0.000
     0.000    -0.000     0.000
     0.000    -0.000     0.000
    -0.000    -0.000     0.000
    -0.000    -0.000     0.000
    -0.000    -0.000     0.000
    -0.000    -0.000     0.000
    -0.000    -0.000     0.000
    -0.000    -0.000     0.000
    -0.000    -0.000     0.000
    -0.000    -0.000     0.000
    -0.000    -0.000     0.000
    -0.000    -0.000     0.000
    -0.000    -0.000     0.000
    -0.000     0.000     0.000
    -0.000     0.000     0.000
    -0.000     0.000     0.000
    -0.000     0.000     0.000
    -0.000     0.000     0.000
    -0.000     0.000     0.000
    -0.000     0.000     0.000
    -0.000     0.000     0.000
    -0.000     0.000     0.000
    -0.000     0.000     0.000
    -0.000     0.000     0.000
    -0.000     0.000     0.000
    -0.000     0.000     0.000
    -0.000     0.000     0.000
    -0.000     0.000     0.000
    -0.000     0.000     0.000
    -0.000     0.000     0.000
    -0.000    -0.000     0.000
    -0.000    -0.000     0.000
     0.000    -0.000     0.000
     0.002    -0.000     0.000
     0.004     0.000     0.000
     0.008     0.003     0.000
     0.012     0.010     0.000
     0.010     0.019     0.000
    -0.001     0.023     0.000
    -0.011     0.018     0.000
    -0.012     0.010     0.000
    -0.007     0.005     0.000
    -0.003     0.002     0.000
    -0.000     0.001     0.000
     0.001     0.002     0.000
     0.002     0.003     0.000
     0.001     0.003     0.000
     0.001     0.003     0.000
    -0.000     0.002     0.000
    -0.000     0.001     0.000
    -0.000     0.001     0.000
    -0.000     0.000     0.000
    -0.000     0.000     0.000
    -0.000     0.000     0.000
    -0.000     0.000     0.000
    -0.000     0.000     0.000
    -0.000     0.000     0.000
    -0.000     0.000     0.000
    -0.000     0.000     0.000
    -0.000     0.000     0.000
    -0.000     0.000     0.000
    -0.000     0.000     0.000
    -0.000     0.000     0.000
    -0.000     0.000     0.000
    -0.000     0.000     0.000
    -0.000     0.000     0.000
    -0.000     0.000     0.000
    -0.000     0.000     0.000
    -0.000     0.000     0.000
    -0.000     0.000     0.000
    -0.000     0.000     0.000
    -0.000     0.000     0.000
    -0.000     0.000     0.000
    -0.000     0.000     0.000
     0.000     0.000     0.000
     0.000     0.000     0.000
     0.000    -0.000     0.000
     0.000    -0.000     0.000
     0.000    -0.000     0.000
     0.000    -0.000     0.000
     0.000    -0.000     0.000
     0.000    -0.000     0.000
     0.000    -0.000     0.000
    -0.000    -0.000     0.000
    -0.000    -0.000     0.000
    -0.000    -0.000     0.000
    -0.000    -0.000     0.000
    -0.000    -0.000     0.000
    -0.000    -0.000     0.000
    -0.000    -0.000     0.000
    -0.000    -0.000     0.000
    -0.000    -0.000     0.000
    -0.000    -0.000     0.000
    -0.000     0.000     0.000
    -0.000     0.000     0.000
    -0.000     0.000     0.000
    -0.000     0.000     0.000
    -0.000     0.000     0.000
    -0.000     0.000     0.000
    -0.000     0.000     0.000
    -0.000     0.000     0.000
    -0.000     0.000     0.000
    -0.000     0.000     0.000
    -0.000     0.000     0.000
    -0.000     0.000     0.000
    -0.000     0.000     0.000
    -0.000     0.000     0.000
    -0.000     0.000     0.000
    -0.000    -0.000     0.000
    -0.000    -0.000     0.000
    -0.000    -0.000     0.000
    -0.000    -0.000     0.000
     0.000    -0.000     0.000
     0.000    -0.000     0.000
     0.001    -0.000     0.000
     0.003     0.000     0.000
     0.005     0.002     0.000
     0.006     0.007     0.000
     0.005     0.013     0.000
    -0.001     0.015     0.000
    -0.006     0.011     0.000
    -0.006     0.006     0.000
    -0.004     0.002     0.000
    -0.002     0.000     0.000
    -0.000     0.000     0.000
     0.001     0.000     0.000
     0.001     0.001     0.000
     0.001     0.001     0.000
     0.001     0.001     0.000
     0.000     0.001     0.000
     0.000     0.001     0.000
    -0.000     0.000     0.000
    -0.000     0.000     0.000
    -0.000     0.000     0.000
    -0.000     0.000     0.000
    -0.000     0.000     0.000
    -0.000     0.000     0.000
    -0.000     0.000     0.000
    -0.000     0.000     0.000
    -0.000     0.000     0.000
    -0.000     0.000     0.000
    -0.000     0.000     0.000
    -0.000     0.000     0.000
    -0.000     0.000     0.000
    -0.000     0.000     0.000
    -0.000     0.000     0.000
    -0.000     0.000     0.000
    -0.000     0.000     0.000
    -0.000     0.000     0.000
    -0.000     0.000     0.000
    -0.000     0.000     0.000
    -0.000     0.000     0.000
    -0.000     0.000     0.000
    -0.000     0.000     0.000
    -0.000     0.000     0.000
    -0.000     0.000     0.000
     0.000     0.000     0.000
     0.000     0.000     0.000
     0.000     0.000     0.000
     0.000    -0.000     0.000
     0.000    -0.000     0.000
     0.000    -0.000     0.000
     0.000    -0.000     0.000
     0.000    -0.000     0.000
    -0.000    -0.000     0.000
    -0.000    -0.000     0.000
    -0.000    -0.000     0.000
    -0.000    -0.000     0.000
    -0.000    -0.000     0.000
    -0.000    -0.000     0.000
    -0.000    -0.000     0.000
    -0.000    -0.000     0.000
    -0.000    -0.000     0.000
    -0.000    -0.000     0.000
    -0.000    -0.000     0.000
    -0.000    -0.000     0.000
    -0.000     0.000     0.000
    -0.000     0.000     0.000
    -0.000     0.000     0.000
    -0.000     0.000     0.000
    -0.000     0.000     0.000
    -0.000     0.000     0.000
    -0.000     0.000     0.000
    -0.000     0.000     0.000
    -0.000     0.000     0.000
    -0.000     0.000     0.000
    -0.000    -0.000     0.000
    -0.000    -0.000     0.000
    -0.000    -0.000     0.000
    -0.000    -0.000     0.000
    -0.000    -0.000     0.000
    -0.000    -0.000     0.000
    -0.000    -0.000     0.000
     0.000    -0.000     0.000
     0.000    -0.000     0.000
     0.001    -0.000     0.000
     0.001     0.000     0.000
     0.002     0.001     0.000
     0.003     0.003     0.000
     0.002     0.006     0.000
    -0.001     0.007     0.000
    -0.003     0.005     0.000
    -0.003     0.003     0.000
    -0.002     0.001     0.000
    -0.001    -0.000     0.000
    -0.000    -0.000     0.000
     0.000    -0.000     0.000
     0.001     0.000     0.000
     0.001     0.000     0.000
     0.000     0.000     0.000
     0.000     0.000     0.000
     0.000     0.000     0.000
     0.000     0.000     0.000
    -0.000     0.000     0.000
    -0.000     0.000     0.000
    -0.000     0.000     0.000
    -0.000     0.000     0.000
    -0.000     0.000     0.000
    -0.000     0.000     0.000
    -0.000     0.000     0.000
    -0.000     0.000     0.000
    -0.000     0.000     0.000
    -0.000     0.000     0.000
    -0.000     0.000     0.000
    -0.000     0.000     0.000
    -0.000     0.000     0.000
    -0.000     0.000     0.000
    -0.000     0.000     0.000
    -0.000     0.000     0.000
    -0.000     0.000     0.000
    -0.000     0.000     0.000
    -0.000     0.000     0.000
    -0.000     0.000     0.000
    -0.000     0.000     0.000
    -0.000     0.000     0.000
    -0.000     0.000     0.000
    -0.000     0.000     0.000
    -0.000     0.000     0.000
    -0.000     0.000     0.000
     0.000     0.000     0.000
     0.000     0.000     0.000
     0.000     0.000     0.000
     0.000    -0.000     0.000
     0.000    -0.000     0.000
     0.000    -0.000     0.000
    -0.000    -0.000     0.000
    -0.000    -0.000     0.000
    -0.000    -0.000     0.000
    -0.000    -0.000     0.000
    -0.000    -0.000     0.000
    -0.000    -0.000     0.000
    -0.000    -0.000     0.000
    -0.000    -0.000     0.000
    -0.000    -0.000     0.000
    -0.000    -0.000     0.000
    -0.000    -0.000     0.000
    -0.000    -0.000     0.000
    -0.000    -0.000     0.000
    -0.000    -0.000     0.000
    -0.000    -0.000     0.000
    -0.000    -0.000     0.000
    -0.000    -0.000     0.000
    -0.000    -0.000     0.000
    -0.000    -0.000     0.000
    -0.000    -0.000     0.000
    -0.000    -0.000     0.000
    -0.000    -0.000     0.000
    -0.000    -0.000     0.000
    -0.000    -0.000     0.000
    -0.000    -0.000     0.000
    -0.000    -0.000     0.000
    -0.000    -0.000     0.000
    -0.000    -0.000     0.000
    -0.000    -0.000     0.000
     0.000    -0.000     0.000
     0.000    -0.000     0.000
     0.000    -0.000     0.000
     0.001     0.000     0.000
     0.001     0.001     0.000
     0.001     0.001     0.000
     0.000     0.002     0.000
    -0.001     0.002     0.000
    -0.001     0.002     0.000
    -0.002     0.001     0.000
    -0.001     0.000     0.000
    -0.001    -0.000     0.000
    -0.000    -0.000     0.000
     0.000    -0.000     0.000
     0.000    -0.000     0.000
     0.000    -0.000     0.000
     0.000     0.000     0.000
     0.000     0.000     0.000
     0.000     0.000     0.000
     0.000     0.000     0.000
     0.000     0.000     0.000
    -0.000     0.000     0.000
    -0.000     0.000     0.000
    -0.000     0.000     0.000
    -0.000     0.000     0.000
    -0.000     0.000     0.000
    -0.000     0.000     0.000
    -0.000     0.000     0.000
    -0.000     0.000     0.000
    -0.000     0.000     0.000
    -0.000     0.000     0.000
    -0.000     0.000     0.000
    -0.000     0.000     0.000
    -0.000     0.000     0.000
    -0.000     0.000     0.000
    -0.000     0.000     0.000
    -0.000     0.000     0.000
    -0.000     0.000     0.000
    -0.000     0.000     0.000
    -0.000     0.000     0.000
    -0.000     0.000     0.000
    -0.000     0.000     0.000
    -0.000     0.000     0.000
    -0.000     0.000     0.000
    -0.000     0.000     0.000
    -0.000     0.000     0.000
    -0.000     0.000     0.000
    -0.000     0.000     0.000
     0.000     0.000     0.000
     0.000     0.000     0.000
     0.000     0.000     0.000
     0.000    -0.000     0.000
    -0.000    -0.000     0.000
    -0.000    -0.000     0.000
    -0.000    -0.000     0.000
    -0.000    -0.000     0.000
    -0.000    -0.000     0.000
    -0.000    -0.000     0.000
    -0.000    -0.000     0.000
    -0.000    -0.000     0.000
    -0.000    -0.000     0.000
    -0.000    -0.000     0.000
    -0.000    -0.000     0.000
    -0.000    -0.000     0.000
    -0.000    -0.000     0.000
    -0.000    -0.000     0.000
    -0.000    -0.000     0.000
    -0.000    -0.000     0.000
    -0.000    -0.000     0.000
    -0.000    -0.000     0.000
    -0.000    -0.000     0.000
    -0.000    -0.000     0.000
    -0.000    -0.000     0.000
    -0.000    -0.000     0.000
    -0.000    -0.000     0.000
    -0.000    -0.000     0.000
    -0.000    -0.000     0.000
    -0.000    -0.000     0.000
    -0.000    -0.000     0.000
    -0.000    -0.000     0.000
     0.000    -0.000     0.000
     0.000    -0.000     0.000
     0.000    -0.000     0.000
     0.000    -0.000     0.000
     0.000     0.000     0.000
     0.000     0.000     0.000
     0.000     0.000     0.000
     0.000     0.001     0.000
    -0.000     0.001     0.000
    -0.001     0.001     0.000
    -0.001     0.000     0.000
    -0.001     0.000     0.000
    -0.000    -0.000     0.000
    -0.000    -0.000     0.000
     0.000    -0.000     0.000
     0.000    -0.000     0.000
     0.000    -0.000     0.000
     0.000    -0.000     0.000
     0.000     0.000     0.000
     0.000     0.000     0.000
     0.000     0.000     0.000
     0.000     0.000     0.000
     0.000     0.000     0.000
    -0.000     0.000     0.000
    -0.000     0.000     0.000
    -0.000     0.000     0.000
    -0.000     0.000     0.000
    -0.000     0.000     0.000
    -0.000     0.000     0.000
    -0.000     0.000     0.000
    -0.000     0.000     0.000
    -0.000     0.000     0.000
    -0.000     0.000     0.000
    -0.000     0.000     0.000
    -0.000     0.000     0.000
    -0.000     0.000     0.000
    -0.000     0.000     0.000
    -0.000     0.000     0.000
    -0.000     0.000     0.000
    -0.000     0.000     0.000
    -0.000     0.000     0.000
    -0.000     0.000     0.000
    -0.000     0.000     0.000
    -0.000     0.000     0.000
    -0.000     0.000     0.000
    -0.000     0.000     0.000
    -0.000     0.000     0.000
    -0.000     0.000     0.000
    -0.000     0.000     0.000
    -0.000     0.000     0.000
    -0.000     0.000     0.000
     0.000     0.000     0.000
     0.000     0.000     0.000
    -0.000    -0.000     0.000
    -0.000    -0.000     0.000
    -0.000    -0.000     0.000
    -0.000    -0.000     0.000
    -0.000    -0.000     0.000
    -0.000    -0.000     0.000
    -0.000    -0.000     0.000
    -0.000    -0.000     0.000
    -0.000    -0.000     0.000
    -0.000    -0.000     0.000
    -0.000    -0.000     0.000
    -0.000    -0.000     0.000
    -0.000    -0.000     0.000
    -0.000    -0.000     0.000
    -0.000    -0.000     0.000
    -0.000    -0.000     0.000
    -0.000    -0.000     0.000
    -0.000    -0.000     0.000
    -0.000    -0.000     0.000
    -0.000    -0.000     0.000
    -0.000    -0.000     0.000
    -0.000    -0.000     0.000
    -0.000    -0.000     0.000
    -0.000    -0.000     0.000
    -0.000    -0.000     0.000
    -0.000    -0.000     0.000
    -0.000    -0.000     0.000
    -0.000    -0.000     0.000
     0.000    -0.000     0.000
     0.000    -0.000     0.000
     0.000    -0.000     0.000
     0.000    -0.000     0.000
     0.000     0.000     0.000
     0.000     0.000     0.000
     0.000     0.000     0.000
    -0.000     0.000     0.000
    -0.000     0.000     0.000
    -0.000     0.000     0.000
    -0.000     0.000     0.000
    -0.000    -0.000     0.000
    -0.000    -0.000     0.000
    -0.000    -0.000     0.000
     0.000    -0.000     0.000
     0.000    -0.000     0.000
     0.000    -0.000     0.000
     0.000    -0.000     0.000
     0.000    -0.000     0.000
     0.000     0.000     0.000
     0.000     0.000     0.000
     0.000     0.000     0.000
     0.000     0.000     0.000
    -0.000     0.000     0.000
    -0.000     0.000     0.000
    -0.000     0.000     0.000
    -0.000     0.000     0.000
    -0.000     0.000     0.000
    -0.000     0.000     0.000
    -0.000     0.000     0.000
    -0.000     0.000     0.000
    -0.000     0.000     0.000
    -0.000     0.000     0.000
    -0.000     0.000     0.000
    -0.000     0.000     0.000
    -0.000     0.000     0.000
    -0.000     0.000     0.000
    -0.000     0.000     0.000
    -0.000     0.000     0.000
    -0.000     0.000     0.000
    -0.000     0.000     0.000
    -0.000     0.000     0.000
    -0.000     0.000     0.000
    -0.000     0.000     0.000
    -0.000     0.000     0.000
    -0.000     0.000     0.000
    -0.000     0.000     0.000
    -0.000     0.000     0.000
    -0.000     0.000     0.000
    -0.000     0.000     0.000
    -0.000     0.000     0.000
    -0.000     0.000     0.000
    -0.000     0.000     0.000
    -0.000    -0.000     0.000
    -0.000    -0.000     0.000
    -0.000    -0.000     0.000
    -0.000    -0.000     0.000
    -0.000    -0.000     0.000
    -0.000    -0.000     0.000
    -0.000    -0.000     0.000
    -0.000    -0.000     0.000
    -0.000    -0.000     0.000
    -0.000    -0.000     0.000
    -0.000    -0.000     0.000
    -0.000    -0.000     0.000
    -0.000    -0.000     0.000
    -0.000    -0.000     0.000
    -0.000    -0.000     0.000
    -0.000    -0.000     0.000
    -0.000    -0.000     0.000
    -0.000    -0.000     0.000
    -0.000    -0.000     0.000
    -0.000    -0.000     0.000
    -0.000    -0.000     0.000
    -0.000    -0.000     0.000
    -0.000    -0.000     0.000
    -0.000    -0.000     0.000
    -0.000    -0.000     0.000
    -0.000    -0.000     0.000
    -0.000    -0.000     0.000
    -0.000    -0.000     0.000
     0.000    -0.000     0.000
     0.000    -0.000     0.000
     0.000    -0.000     0.000
     0.000    -0.000     0.000
     0.000     0.000     0.000
     0.000     0.000     0.000
     0.000     0.000     0.000
    -0.000     0.000     0.000
    -0.000     0.000     0.000
    -0.000     0.000     0.000
    -0.000     0.000     0.000
    -0.000    -0.000     0.000
    -0.000    -0.000     0.000
    -0.000    -0.000     0.000
    -0.000    -0.000     0.000
     0.000    -0.000     0.000
     0.000    -0.000     0.000
     0.000    -0.000     0.000
     0.000    -0.000     0.000
     0.000    -0.000     0.000
     0.000     0.000     0.000
     0.000     0.000     0.000
     0.000     0.000     0.000
     0.000     0.000     0.000
    -0.000     0.000     0.000
    -0.000     0.000     0.000
    -0.000     0.000     0.000
    -0.000     0.000     0.000
    -0.000     0.000     0.000
    -0.000     0.000     0.000
    -0.000     0.000     0.000
    -0.000     0.000     0.000
    -0.000     0.000     0.000
    -0.000     0.000     0.000
    -0.000     0.000     0.000
    -0.000     0.000     0.000
    -0.000     0.000     0.000
    -0.000     0.000     0.000
    -0.000     0.000     0.000
    -0.000     0.000     0.000
    -0.000     0.000     0.000
    -0.000     0.000     0.000
    -0.000     0.000     0.000
    -0.000     0.000     0.000
    -0.000     0.000     0.000
    -0.000     0.000     0.000
    -0.000     0.000     0.000
    -0.000     0.000     0.000
    -0.000     0.000     0.000
    -0.000     0.000     0.000
    -0.000     0.000     0.000
    -0.000     0.000     0.000
    -0.000     0.000     0.000
    -0.000    -0.000     0.000
    -0.000    -0.000     0.000
    -0.000    -0.000     0.000
    -0.000    -0.000     0.000
    -0.000    -0.000     0.000
    -0.000    -0.000     0.000
    -0.000    -0.000     0.000
    -0.000    -0.000     0.000
    -0.000    -0.000     0.000
    -0.000    -0.000     0.000
    -0.000    -0.000     0.000
    -0.000    -0.000     0.000
    -0.000    -0.000     0.000
    -0.000    -0.000     0.000
    -0.000    -0.000     0.000
    -0.000    -0.000     0.000
    -0.000    -0.000     0.000
    -0.000    -0.000     0.000
    -0.000    -0.000     0.000
    -0.000    -0.000     0.000
    -0.000    -0.000     0.000
    -0.000    -0.000     0.000
    -0.000    -0.000     0.000
    -0.000    -0.000     0.000
    -0.000    -0.000     0.000
    -0.000    -0.000     0.000
    -0.000    -0.000     0.000
    -0.000    -0.000     0.000
     0.000    -0.000     0.000
     0.000    -0.000     0.000
     0.000    -0.000     0.000
     0.000    -0.000     0.000
     0.000     0.000     0.000
     0.000     0.000     0.000
     0.000     0.000     0.000
    -0.000     0.000     0.000
    -0.000     0.000     0.000
    -0.000     0.000     0.000
    -0.000     0.000     0.000
    -0.000    -0.000     0.000
    -0.000    -0.000     0.000
    -0.000    -0.000     0.000
    -0.000    -0.000     0.000
     0.000    -0.000     0.000
     0.000    -0.000     0.000
     0.000    -0.000     0.000
     0.000    -0.000     0.000
     0.000    -0.000     0.000
     0.000    -0.000     0.000
     0.000     0.000     0.000
     0.000     0.000     0.000
     0.000     0.000     0.000
     0.000     0.000     0.000
    -0.000     0.000     0.000
    -0.000     0.000     0.000
    -0.000     0.000     0.000
    -0.000     0.000     0.000
    -0.000     0.000     0.000
    -0.000     0.000     0.000
    -0.000     0.000     0.000
    -0.000     0.000     0.000
    -0.000     0.000     0.000
    -0.000     0.000     0.000
    -0.000     0.000     0.000
    -0.000     0.000     0.000
    -0.000     0.000     0.000
    -0.000     0.000     0.000
    -0.000     0.000     0.000
    -0.000     0.000     0.000
    -0.000     0.000     0.000
    -0.000     0.000     0.000
    -0.000     0.000     0.000
    -0.000     0.000     0.000
    -0.000     0.000     0.000
    -0.000     0.000     0.000
    -0.000     0.000     0.000
    -0.000     0.000     0.000
    -0.000     0.000     0.000
    -0.000     0.000     0.000
    -0.000     0.000     0.000
    -0.000     0.000     0.000
    -0.000    -0.000     0.000
    -0.000    -0.000     0.000
    -0.000    -0.000     0.000
    -0.000    -0.000     0.000
    -0.000    -0.000     0.000
    -0.000    -0.000     0.000
    -0.000    -0.000     0.000
    -0.000    -0.000     0.000
    -0.000    -0.000     0.000
    -0.000    -0.000     0.000
    -0.000    -0.000     0.000
    -0.000    -0.000     0.000
    -0.000    -0.000     0.000
    -0.000    -0.000     0.000
    -0.000    -0.000     0.000
    -0.000    -0.000     0.000
    -0.000    -0.000     0.000
    -0.000    -0.000     0.000
    -0.000    -0.000     0.000
    -0.000    -0.000     0.000
    -0.000    -0.000     0.000
    -0.000    -0.000     0.000
    -0.000    -0.000     0.000
    -0.000    -0.000     0.000
    -0.000    -0.000     0.000
    -0.000    -0.000     0.000
    -0.000    -0.000     0.000
    -0.000    -0.000     0.000
     0.000    -0.000     0.000
     0.000    -0.000     0.000
     0.000    -0.000     0.000
     0.000    -0.000     0.000
     0.000     0.000     0.000
     0.000     0.000     0.000
     0.000     0.000     0.000
    -0.000     0.000     0.000
    -0.000     0.000     0.000
    -0.000     0.000     0.000
    -0.000     0.000     0.000
    -0.000    -0.000     0.000
    -0.000    -0.000     0.000
    -0.000    -0.000     0.000
    -0.000    -0.000     0.000
     0.000    -0.000     0.000
     0.000    -0.000     0.000
     0.000    -0.000     0.000
     0.000    -0.000     0.000
     0.000    -0.000     0.000
     0.000    -0.000     0.000
     0.000    -0.000     0.000
     0.000    -0.000     0.000
     0.000     0.000     0.000
     0.000     0.000     0.000
    -0.000     0.000     0.000
    -0.000     0.000     0.000
    -0.000     0.000     0.000
    -0.000     0.000     0.000
    -0.000     0.000     0.000
    -0.000     0.000     0.000
    -0.000     0.000     0.000
    -0.000     0.000     0.000
    -0.000     0.000     0.000
    -0.000     0.000     0.000
    -0.000     0.000     0.000
    -0.000     0.000     0.000
    -0.000     0.000     0.000
    -0.000     0.000     0.000
    -0.000     0.000     0.000
    -0.000     0.000     0.000
    -0.000     0.000     0.000
    -0.000     0.000     0.000
    -0.000     0.000     0.000
    -0.000     0.000     0.000
    -0.000     0.000     0.000
    -0.000     0.000     0.000
    -0.000     0.000     0.000
    -0.000     0.000     0.000
    -0.000     0.000     0.000
    -0.000     0.000     0.000
    -0.000     0.000     0.000
    -0.000     0.000     0.000
    -0.000    -0.000     0.000
    -0.000    -0.000     0.000
    -0.000    -0.000     0.000
    -0.000    -0.000     0.000
    -0.000    -0.000     0.000
    -0.000    -0.000     0.000
    -0.000    -0.000     0.000
    -0.000    -0.000     0.000
    -0.000    -0.000     0.000
    -0.000    -0.000     0.000
    -0.000    -0.000     0.000
    -0.000    -0.000     0.000
    -0.000    -0.000     0.000
    -0.000    -0.000     0.000
    -0.000    -0.000     0.000
    -0.000    -0.000     0.000
    -0.000    -0.000     0.000
    -0.000    -0.000     0.000
    -0.000    -0.000     0.000
    -0.000    -0.000     0.000
    -0.000    -0.000     0.000
    -0.000    -0.000     0.000
    -0.000    -0.000     0.000
    -0.000    -0.000     0.000
    -0.000    -0.000     0.000
    -0.000    -0.000     0.000
    -0.000    -0.000     0.000
    -0.000    -0.000     0.000
     0.000    -0.000     0.000
     0.000    -0.000     0.000
     0.000    -0.000     0.000
     0.000    -0.000     0.000
     0.000     0.000     0.000
     0.000     0.000     0.000
     0.000     0.000     0.000
    -0.000     0.000     0.000
    -0.000     0.000     0.000
    -0.000     0.000     0.000
    -0.000    -0.000     0.000
    -0.000    -0.000     0.000
    -0.000    -0.000     0.000
    -0.000    -0.000     0.000
     0.000    -0.000     0.000
     0.000    -0.000     0.000
     0.000    -0.000     0.000
     0.000    -0.000     0.000
     0.000    -0.000     0.000
     0.000    -0.000     0.000
     0.000    -0.000     0.000
     0.000    -0.000     0.000
     0.000    -0.000     0.000
     0.000    -0.000     0.000
     0.000     0.000     0.000
     0.000     0.000     0.000
    -0.000     0.000     0.000
    -0.000     0.000     0.000
    -0.000     0.000     0.000
    -0.000     0.000     0.000
    -0.000     0.000     0.000
    -0.000     0.000     0.000
    -0.000     0.000     0.000
    -0.000     0.000     0.000
    -0.000     0.000     0.000
    -0.000     0.000     0.000
    -0.000     0.000     0.000
    -0.000     0.000     0.000
    -0.000     0.000     0.000
    -0.000     0.000     0.000
    -0.000     0.000     0.000
    -0.000     0.000     0.000
    -0.000     0.000     0.000
    -0.000     0.000     0.000
    -0.000     0.000     0.000
    -0.000     0.000     0.000
    -0.000     0.000     0.000
    -0.000     0.000     0.000
    -0.000     0.000     0.000
    -0.000     0.000     0.000
    -0.000     0.000     0.000
    -0.000     0.000     0.000
    -0.000     0.000     0.000
    -0.000    -0.000     0.000
    -0.000    -0.000     0.000
    -0.000    -0.000     0.000
    -0.000    -0.000     0.000
    -0.000    -0.000     0.000
    -0.000    -0.000     0.000
    -0.000    -0.000     0.000
    -0.000    -0.000     0.000
    -0.000    -0.000     0.000
    -0.000    -0.000     0.000
    -0.000    -0.000     0.000
    -0.000    -0.000     0.000
    -0.000    -0.000     0.000
    -0.000    -0.000     0.000
    -0.000    -0.000     0.000
    -0.000    -0.000     0.000
    -0.000    -0.000     0.000
    -0.000    -0.000     0.000
    -0.000    -0.000     0.000
    -0.000    -0.000     0.000
    -0.000    -0.000     0.000
    -0.000    -0.000     0.000
    -0.000    -0.000     0.000
    -0.000    -0.000     0.000
    -0.000    -0.000     0.000
    -0.000    -0.000     0.000
    -0.000    -0.000     0.000
    -0.000    -0.000     0.000
     0.000    -0.000     0.000
     0.000    -0.000     0.000
     0.000    -0.000     0.000
     0.000    -0.000     0.000
     0.000     0.000     0.000
     0.000     0.000     0.000
    -0.000     0.000     0.000
    -0.000     0.000     0.000
    -0.000     0.000     0.000
    -0.000     0.000     0.000
    -0.000    -0.000     0.000
    -0.000    -0.000     0.000
    -0.000    -0.000     0.000
    -0.000    -0.000     0.000
     0.000    -0.000     0.000
     0.000    -0.000     0.000
     0.000    -0.000     0.000
     0.000    -0.000     0.000
     0.000    -0.000     0.000
     0.000    -0.000     0.000
     0.000    -0.000     0.000
     0.000    -0.000     0.000
     0.000    -0.000     0.000
     0.000    -0.000     0.000
     0.000    -0.000     0.000
     0.000     0.000     0.000
    -0.000     0.000     0.000
    -0.000     0.000     0.000
    -0.000     0.000     0.000
    -0.000     0.000     0.000
    -0.000     0.000     0.000
    -0.000     0.000     0.000
    -0.000     0.000     0.000
    -0.000     0.000     0.000
    -0.000     0.000     0.000
    -0.000     0.000     0.000
    -0.000     0.000     0.000
    -0.000     0.000     0.000
    -0.000     0.000     0.000
    -0.000     0.000     0.000
    -0.000     0.000     0.000
    -0.000     0.000     0.000
    -0.000     0.000     0.000
    -0.000     0.000     0.000
    -0.000     0.000     0.000
    -0.000     0.000     0.000
    -0.000     0.000     0.000
    -0.000     0.000     0.000
    -0.000     0.000     0.000
    -0.000     0.000     0.000
    -0.000     0.000     0.000
    -0.000     0.000     0.000
    -0.000     0.000     0.000
    -0.000    -0.000     0.000
    -0.000    -0.000     0.000
    -0.000    -0.000     0.000
    -0.000    -0.000     0.000
    -0.000    -0.000     0.000
    -0.000    -0.000     0.000
    -0.000    -0.000     0.000
    -0.000    -0.000     0.000
    -0.000    -0.000     0.000
    -0.000    -0.000     0.000
    -0.000    -0.000     0.000
    -0.000    -0.000     0.000
    -0.000    -0.000     0.000
    -0.000    -0.000     0.000
    -0.000    -0.000     0.000
    -0.000    -0.000     0.000
    -0.000    -0.000     0.000
    -0.000    -0.000     0.000
    -0.000    -0.000     0.000
    -0.000    -0.000     0.000
    -0.000    -0.000     0.000
    -0.000    -0.000     0.000
    -0.000    -0.000     0.000
    -0.000    -0.000     0.000
    -0.000    -0.000     0.000
    -0.000    -0.000     0.000
    -0.000    -0.000     0.000
    -0.000    -0.000     0.000
     0.000    -0.000     0.000
     0.000    -0.000     0.000
     0.000    -0.000     0.000
     0.000    -0.000     0.000
     0.000     0.000     0.000
     0.000     0.000     0.000
    -0.000     0.000     0.000
    -0.000     0.000     0.000
    -0.000     0.000     0.000
    -0.000     0.000     0.000
    -0.000    -0.000     0.000
    -0.000    -0.000     0.000
    -0.000    -0.000     0.000
    -0.000    -0.000     0.000
     0.000    -0.000     0.000
     0.000    -0.000     0.000
     0.000    -0.000     0.000
     0.000    -0.000     0.000
     0.000    -0.000     0.000
     0.000    -0.000     0.000
     0.000    -0.000     0.000
     0.000    -0.000     0.000
     0.000    -0.000     0.000
     0.000    -0.000     0.000
     0.000    -0.000     0.000
     0.000    -0.000     0.000
     0.000    -0.000     0.000
    -0.000     0.000     0.000
    -0.000     0.000     0.000
    -0.000     0.000     0.000
    -0.000     0.000     0.000
    -0.000     0.000     0.000
    -0.000     0.000     0.000
    -0.000     0.000     0.000
    -0.000     0.000     0.000
    -0.000     0.000     0.000
    -0.000     0.000     0.000
    -0.000     0.000     0.000
    -0.000     0.000     0.000
    -0.000     0.000     0.000
    -0.000     0.000     0.000
    -0.000     0.000     0.000
    -0.000     0.000     0.000
    -0.000     0.000     0.000
    -0.000     0.000     0.000
    -0.000     0.000     0.000
    -0.000     0.000     0.000
    -0.000     0.000     0.000
    -0.000     0.000     0.000
    -0.000     0.000     0.000
    -0.000     0.000     0.000
    -0.000     0.000     0.000
    -0.000     0.000     0.000
    -0.000    -0.000     0.000
    -0.000    -0.000     0.000
    -0.000    -0.000     0.000
    -0.000    -0.000     0.000
    -0.000    -0.000     0.000
    -0.000    -0.000     0.000
    -0.000    -0.000     0.000
    -0.000    -0.000     0.000
    -0.000    -0.000     0.000
    -0.000    -0.000     0.000
    -0.000    -0.000     0.000
    -0.000    -0.000     0.000
    -0.000    -0.000     0.000
    -0.000    -0.000     0.000
    -0.000    -0.000     0.000
    -0.000    -0.000     0.000
    -0.000    -0.000     0.000
    -0.000    -0.000     0.000
    -0.000    -0.000     0.000
    -0.000    -0.000     0.000
    -0.000    -0.000     0.000
    -0.000    -0.000     0.000
    -0.000    -0.000     0.000
    -0.000    -0.000     0.000
    -0.000    -0.000     0.000
    -0.000    -0.000     0.000
    -0.000    -0.000     0.000
    -0.000    -0.000     0.000
     0.000    -0.000     0.000
     0.000    -0.000     0.000
     0.000    -0.000     0.000
     0.000    -0.000     0.000
     0.000     0.000     0.000
     0.000     0.000     0.000
    -0.000     0.000     0.000
    -0.000     0.000     0.000
    -0.000     0.000     0.000
    -0.000    -0.000     0.000
    -0.000    -0.000     0.000
    -0.000    -0.000     0.000
    -0.000    -0.000     0.000
    -0.000    -0.000     0.000
     0.000    -0.000     0.000
     0.000    -0.000     0.000
     0.000    -0.000     0.000
     0.000    -0.000     0.000
     0.000    -0.000     0.000
     0.000    -0.000     0.000
     0.000    -0.000     0.000
     0.000    -0.000     0.000
     0.000    -0.000     0.000
     0.000    -0.000     0.000
     0.000    -0.000     0.000
     0.000    -0.000     0.000
     0.000    -0.000     0.000
    -0.000     0.000     0.000
    -0.000     0.000     0.000
    -0.000     0.000     0.000
    -0.000     0.000     0.000
    -0.000     0.000     0.000
    -0.000     0.000     0.000
    -0.000     0.000     0.000
    -0.000     0.000     0.000
    -0.000     0.000     0.000
    -0.000     0.000     0.000
    -0.000     0.000     0.000
    -0.000     0.000     0.000
    -0.000     0.000     0.000
    -0.000     0.000     0.000
    -0.000     0.000     0.000
    -0.000     0.000     0.000
    -0.000     0.000     0.000
    -0.000     0.000     0.000
    -0.000     0.000     0.000
    -0.000     0.000     0.000
    -0.000     0.000     0.000
    -0.000     0.000     0.000
    -0.000     0.000     0.000
    -0.000     0.000     0.000
    -0.000     0.000     0.000
    -0.000     0.000     0.000
    -0.000    -0.000     0.000
    -0.000    -0.000     0.000
    -0.000    -0.000     0.000
    -0.000    -0.000     0.000
    -0.000    -0.000     0.000
    -0.000    -0.000     0.000
    -0.000    -0.000     0.000
    -0.000    -0.000     0.000
    -0.000    -0.000     0.000
    -0.000    -0.000     0.000
    -0.000    -0.000     0.000
    -0.000    -0.000     0.000
    -0.000    -0.000     0.000
    -0.000    -0.000     0.000
    -0.000    -0.000     0.000
    -0.000    -0.000     0.000
    -0.000    -0.000     0.000
    -0.000    -0.000     0.000
    -0.000    -0.000     0.000
    -0.000    -0.000     0.000
    -0.000    -0.000     0.000
    -0.000    -0.000     0.000
    -0.000    -0.000     0.000
    -0.000    -0.000     0.000
    -0.000    -0.000     0.000
    -0.000    -0.000     0.000
    -0.000    -0.000     0.000
    -0.000    -0.000     0.000
     0.000    -0.000     0.000
     0.000    -0.000     0.000
     0.000    -0.000     0.000
     0.000    -0.000     0.000
     0.000     0.000     0.000
     0.000     0.000     0.000
    -0.000     0.000     0.000
    -0.000     0.000     0.000
    -0.000     0.000     0.000
    -0.000    -0.000     0.000
    -0.000    -0.000     0.000
    -0.000    -0.000     0.000
    -0.000    -0.000     0.000
     0.000    -0.000     0.000
     0.000    -0.000     0.000
     0.000    -0.000     0.000
     0.000    -0.000     0.000
     0.000    -0.000     0.000
     0.000    -0.000     0.000
     0.000    -0.000     0.000
     0.000    -0.000     0.000
     0.000    -0.000     0.000
     0.000    -0.000     0.000
     0.000    -0.000     0.000
     0.000    -0.000     0.000
     0.000    -0.000     0.000
     0.000    -0.000     0.000
     0.000    -0.000     0.000
    -0.000     0.000     0.000
    -0.000     0.000     0.000
    -0.000     0.000     0.000
    -0.000     0.000     0.000
    -0.000     0.000     0.000
    -0.000     0.000     0.000
    -0.000     0.000     0.000
    -0.000     0.000     0.000
    -0.000     0.000     0.000
    -0.000     0.000     0.000
    -0.000     0.000     0.000
    -0.000     0.000     0.000
    -0.000     0.000     0.000
    -0.000     0.000     0.000
    -0.000     0.000     0.000
    -0.000     0.000     0.000
    -0.000     0.000     0.000
    -0.000     0.000     0.000
    -0.000     0.000     0.000
    -0.000     0.000     0.000
    -0.000     0.000     0.000
    -0.000     0.000     0.000
    -0.000     0.000     0.000
    -0.000     0.000     0.000
    -0.000     0.000     0.000
    -0.000    -0.000     0.000
    -0.000    -0.000     0.000
    -0.000    -0.000     0.000
    -0.000    -0.000     0.000
    -0.000    -0.000     0.000
    -0.000    -0.000     0.000
    -0.000    -0.000     0.000
    -0.000    -0.000     0.000
    -0.000    -0.000     0.000
    -0.000    -0.000     0.000
    -0.000    -0.000     0.000
    -0.000    -0.000     0.000
    -0.000    -0.000     0.000
    -0.000    -0.000     0.000
    -0.000    -0.000     0.000
    -0.000    -0.000     0.000
    -0.000    -0.000     0.000
    -0.000    -0.000     0.000
    -0.000    -0.000     0.000
    -0.000    -0.000     0.000
    -0.000    -0.000     0.000
    -0.000    -0.000     0.000
    -0.000    -0.000     0.000
    -0.000    -0.000     0.000
    -0.000    -0.000     0.000
    -0.000    -0.000     0.000
    -0.000    -0.000     0.000
    -0.000    -0.000     0.000
     0.000    -0.000     0.000
     0.000    -0.000     0.000
     0.000    -0.000     0.000
     0.000    -0.000     0.000
     0.000     0.000     0.000
     0.000     0.000     0.000
    -0.000     0.000     0.000
    -0.000     0.000     0.000
    -0.000    -0.000     0.000
    -0.000    -0.000     0.000
    -0.000    -0.000     0.000
    -0.000    -0.000     0.000
    -0.000    -0.000     0.000
     0.000    -0.000     0.000
     0.000    -0.000     0.000
     0.000    -0.000     0.000
     0.000    -0.000     0.000
     0.000    -0.000     0.000
     0.000    -0.000     0.000
     0.000    -0.000     0.000
     0.000    -0.000     0.000
     0.000    -0.000     0.000
     0.000    -0.000     0.000
     0.000    -0.000     0.000
     0.000    -0.000     0.000
     0.000    -0.000     0.000
     0.000    -0.000     0.000
     0.000    -0.000     0.000
    -0.000    -0.000     0.000
    -0.000     0.000     0.000
    -0.000     0.000     0.000
    -0.000     0.000     0.000
    -0.000     0.000     0.000
    -0.000     0.000     0.000
    -0.000     0.000     0.000
    -0.000     0.000     0.000
    -0.000     0.000     0.000
    -0.000     0.000     0.000
    -0.000     0.000     0.000
    -0.000     0.000     0.000
    -0.000     0.000     0.000
    -0.000     0.000     0.000
    -0.000     0.000     0.000
    -0.000     0.000     0.000
    -0.000     0.000     0.000
    -0.000     0.000     0.000
    -0.000     0.000     0.000
    -0.000     0.000     0.000
    -0.000     0.000     0.000
    -0.000     0.000     0.000
    -0.000     0.000     0.000
    -0.000     0.000     0.000
    -0.000     0.000     0.000
    -0.000    -0.000     0.000
    -0.000    -0.000     0.000
    -0.000    -0.000     0.000
    -0.000    -0.000     0.000
    -0.000    -0.000     0.000
    -0.000    -0.000     0.000
    -0.000    -0.000     0.000
    -0.000    -0.000     0.000
    -0.000    -0.000     0.000
    -0.000    -0.000     0.000
    -0.000    -0.000     0.000
    -0.000    -0.000     0.000
    -0.000    -0.000     0.000
    -0.000    -0.000     0.000
    -0.000    -0.000     0.000
    -0.000    -0.000     0.000
    -0.000    -0.000     0.000
    -0.000    -0.000     0.000
    -0.000    -0.000     0.000
    -0.000    -0.000     0.000
    -0.000    -0.000     0.000
    -0.000    -0.000     0.000
    -0.000    -0.000     0.000
    -0.000    -0.000     0.000
    -0.000    -0.000     0.000
    -0.000    -0.000     0.000
    -0.000    -0.000     0.000
    -0.000    -0.000     0.000
     0.000    -0.000     0.000
     0.000    -0.000     0.000
     0.000    -0.000     0.000
     0.000    -0.000     0.000
     0.000     0.000     0.000
    -0.000     0.000     0.000
    -0.000     0.000     0.000
    -0.000    -0.000     0.000
    -0.000    -0.000     0.000
    -0.000    -0.000     0.000
    -0.000    -0.000     0.000
    -0.000    -0.000     0.000
    -0.000    -0.000     0.000
     0.000    -0.000     0.000
     0.000    -0.000     0.000
     0.000    -0.000     0.000
     0.000    -0.000     0.000
     0.000    -0.000     0.000
     0.000    -0.000     0.000
     0.000    -0.000     0.000
     0.000    -0.000     0.000
     0.000    -0.000     0.000
     0.000    -0.000     0.000
     0.000    -0.000     0.000
     0.000    -0.000     0.000
     0.000    -0.000     0.000
     0.000    -0.000     0.000
     0.000    -0.000     0.000
     0.000    -0.000     0.000
    -0.000    -0.000     0.000
    -0.000     0.000     0.000
    -0.000     0.000     0.000
    -0.000     0.000     0.000
    -0.000     0.000     0.000
    -0.000     0.000     0.000
    -0.000     0.000     0.000
    -0.000     0.000     0.000
    -0.000     0.000     0.000
    -0.000     0.000     0.000
    -0.000     0.000     0.000
    -0.000     0.000     0.000
    -0.000     0.000     0.000
    -0.000     0.000     0.000
    -0.000     0.000     0.000
    -0.000     0.000     0.000
    -0.000     0.000     0.000
    -0.000     0.000     0.000
    -0.000     0.000     0.000
    -0.000     0.000     0.000
    -0.000     0.000     0.000
    -0.000     0.000     0.000
    -0.000     0.000     0.000
    -0.000     0.000     0.000
    -0.000    -0.000     0.000
    -0.000    -0.000     0.000
    -0.000    -0.000     0.000
    -0.000    -0.000     0.000
    -0.000    -0.000     0.000
    -0.000    -0.000     0.000
    -0.000    -0.000     0.000
    -0.000    -0.000     0.000
    -0.000    -0.000     0.000
    -0.000    -0.000     0.000
    -0.000    -0.000     0.000
    -0.000    -0.000     0.000
    -0.000    -0.000     0.000
    -0.000    -0.000     0.000
    -0.000    -0.000     0.000
    -0.000    -0.000     0.000
    -0.000    -0.000     0.000
    -0.000    -0.000     0.000
    -0.000    -0.000     0.000
    -0.000    -0.000     0.000
    -0.000    -0.000     0.000
    -0.000    -0.000     0.000
    -0.000    -0.000     0.000
    -0.000    -0.000     0.000
    -0.000    -0.000     0.000
    -0.000    -0.000     0.000
    -0.000    -0.000     0.000
    -0.000    -0.000     0.000
     0.000    -0.000     0.000
     0.000    -0.000     0.000
     0.000    -0.000     0.000
     0.000    -0.000     0.000
     0.000     0.000     0.000
    -0.000     0.000     0.000
    -0.000     0.000     0.000
    -0.000    -0.000     0.000
    -0.000    -0.000     0.000
    -0.000    -0.000     0.000
    -0.000    -0.000     0.000
    -0.000    -0.000     0.000
     0.000    -0.000     0.000
     0.000    -0.000     0.000
     0.000    -0.000     0.000
     0.000    -0.000     0.000
     0.000    -0.000     0.000
     0.000    -0.000     0.000
     0.000    -0.000     0.000
     0.000    -0.000     0.000
     0.000    -0.000     0.000
     0.000    -0.000     0.000
     0.000    -0.000     0.000
     0.000    -0.000     0.000
     0.000    -0.000     0.000
     0.000    -0.000     0.000
     0.000    -0.000     0.000
     0.000    -0.000     0.000
     0.000    -0.000     0.000
    -0.000    -0.000     0.000
    -0.000     0.000     0.000
    -0.000     0.000     0.000
    -0.000     0.000     0.000
    -0.000     0.000     0.000
    -0.000     0.000     0.000
    -0.000     0.000     0.000
    -0.000     0.000     0.000
    -0.000     0.000     0.000
    -0.000     0.000     0.000
    -0.000     0.000     0.000
    -0.000     0.000     0.000
    -0.000     0.000     0.000
    -0.000     0.000     0.000
    -0.000     0.000     0.000
    -0.000     0.000     0.000
    -0.000     0.000     0.000
    -0.000     0.000     0.000
    -0.000     0.000     0.000
    -0.000     0.000     0.000
    -0.000     0.000     0.000
    -0.000     0.000     0.000
    -0.000     0.000     0.000
    -0.000     0.000     0.000
    -0.000    -0.000     0.000
    -0.000    -0.000     0.000
    -0.000    -0.000     0.000
    -0.000    -0.000     0.000
    -0.000    -0.000     0.000
    -0.000    -0.000     0.000
    -0.000    -0.000     0.000
    -0.000    -0.000     0.000
    -0.000    -0.000     0.000
    -0.000    -0.000     0.000
    -0.000    -0.000     0.000
    -0.000    -0.000     0.000
    -0.000    -0.000     0.000
    -0.000    -0.000     0.000
    -0.000    -0.000     0.000
    -0.000    -0.000     0.000
    -0.000    -0.000     0.000
    -0.000    -0.000     0.000
    -0.000    -0.000     0.000
    -0.000    -0.000     0.000
    -0.000    -0.000     0.000
    -0.000    -0.000     0.000
    -0.000    -0.000     0.000
    -0.000    -0.000     0.000
    -0.000    -0.000     0.000
    -0.000    -0.000     0.000
    -0.000    -0.000     0.000
    -0.000    -0.000     0.000
    -0.000    -0.000     0.000
     0.000    -0.000     0.000
     0.000    -0.000     0.000
     0.000    -0.000     0.000
     0.000    -0.000     0.000
    -0.000    -0.000     0.000
    -0.000    -0.000     0.000
    -0.000    -0.000     0.000
    -0.000    -0.000     0.000
    -0.000    -0.000     0.000
    -0.000    -0.000     0.000
     0.000    -0.000     0.000
     0.000    -0.000     0.000
     0.000    -0.000     0.000
     0.000    -0.000     0.000
     0.000    -0.000     0.000
     0.000    -0.000     0.000
     0.000    -0.000     0.000
     0.000    -0.000     0.000
     0.000    -0.000     0.000
     0.000    -0.000     0.000
     0.000    -0.000     0.000
     0.000    -0.000     0.000
     0.000    -0.000     0.000
     0.000    -0.000     0.000
     0.000    -0.000     0.000
     0.000    -0.000     0.000
     0.000    -0.000     0.000
     0.000    -0.000     0.000
     0.000    -0.000     0.000
    -0.000    -0.000     0.000
    -0.000     0.000     0.000
    -0.000     0.000     0.000
    -0.000     0.000     0.000
    -0.000     0.000     0.000
    -0.000     0.000     0.000
    -0.000     0.000     0.000
    -0.000     0.000     0.000
    -0.000     0.000     0.000
    -0.000     0.000     0.000
    -0.000     0.000     0.000
    -0.000     0.000     0.000
    -0.000     0.000     0.000
    -0.000     0.000     0.000
    -0.000     0.000     0.000
    -0.000     0.000     0.000
    -0.000     0.000     0.000
    -0.000     0.000     0.000
    -0.000     0.000     0.000
    -0.000     0.000     0.000
    -0.000     0.000     0.000
    -0.000     0.000     0.000
    -0.000     0.000     0.000
    -0.000    -0.000     0.000
    -0.000    -0.000     0.000
    -0.000    -0.000     0.000
    -0.000    -0.000     0.000
    -0.000    -0.000     0.000
    -0.000    -0.000     0.000
    -0.000    -0.000     0.000
    -0.000    -0.000     0.000
    -0.000    -0.000     0.000
    -0.000    -0.000     0.000
    -0.000    -0.000     0.000
    -0.000    -0.000     0.000
    -0.000    -0.000     0.000
    -0.000    -0.000     0.000
    -0.000    -0.000     0.000
    -0.000    -0.000     0.000
    -0.000    -0.000     0.000
    -0.000    -0.000     0.000
    -0.000    -0.000     0.000
    -0.000    -0.000     0.000
    -0.000    -0.000     0.000
    -0.000    -0.000     0.000
    -0.000    -0.000     0.000
    -0.000    -0.000     0.000
    -0.000    -0.000     0.000
    -0.000    -0.000     0.000
    -0.000    -0.000     0.000
    -0.000    -0.000     0.000
    -0.000    -0.000     0.000
     0.000    -0.000     0.000
     0.000    -0.000     0.000
     0.000    -0.000     0.000
     0.000    -0.000     0.000
    -0.000    -0.000     0.000
    -0.000    -0.000     0.000
    -0.000    -0.000     0.000
    -0.000    -0.000     0.000
    -0.000    -0.000     0.000
    -0.000    -0.000     0.000
     0.000    -0.000     0.000
     0.000    -0.000     0.000
     0.000    -0.000     0.000
     0.000    -0.000     0.000
     0.000    -0.000     0.000
     0.000    -0.000     0.000
     0.000    -0.000     0.000
     0.000    -0.000     0.000
     0.000    -0.000     0.000
     0.000    -0.000     0.000
     0.000    -0.000     0.000
     0.000    -0.000     0.000
     0.000    -0.000     0.000
     0.000    -0.000     0.000
     0.000    -0.000     0.000
     0.000    -0.000     0.000
     0.000    -0.000     0.000
     0.000    -0.000     0.000
     0.000    -0.000     0.000
    -0.000    -0.000     0.000
    -0.000    -0.000     0.000
    -0.000     0.000     0.000
    -0.000     0.000     0.000
    -0.000     0.000     0.000
    -0.000     0.000     0.000
    -0.000     0.000     0.000
    -0.000     0.000     0.000
    -0.000     0.000     0.000
    -0.000     0.000     0.000
    -0.000     0.000     0.000
    -0.000     0.000     0.000
    -0.000     0.000     0.000
    -0.000     0.000     0.000
    -0.000     0.000     0.000
    -0.000     0.000     0.000
    -0.000     0.000     0.000
    -0.000     0.000     0.000
    -0.000     0.000     0.000
    -0.000     0.000     0.000
    -0.000     0.000     0.000
    -0.000     0.000     0.000
    -0.000     0.000     0.000

FIELD FieldData 1
VectorMagnitude 1     6561 float
     0.000
     0.000
     0.000
     0.000
     0.000
     0.000
     0.000
     0.000
     0.000
     0.000
     0.000
     0.000
     0.000
     0.000
     0.000
     0.000
     0.000
     0.000
     0.000
     0.000
     0.000
     0.000
     0.000
     0.000
     0.000
     0.000
     0.000
     0.000
     0.000
     0.000
     0.000
     0.000
     0.000
     0.000
     0.000
     0.000
     0.000
     0.000
     0.000
     0.000
     0.000
     0.000
     0.000
     0.000
     0.000
     0.000
     0.000
     0.000
     0.000
     0.000
     0.000
     0.000
     0.000
     0.000
     0.000
     0.000
     0.000
     0.000
     0.000
     0.000
     0.000
     0.000
     0.000
     0.000
     0.000
     0.000
     0.000
     0.000
     0.000
     0.000
     0.000
     0.000
     0.000
     0.000
     0.000
     0.000
     0.000
     0.000
     0.000
     0.000
     0.000
     0.000
     0.000
     0.000
     0.000
     0.000
     0.000
     0.000
     0.000
     0.000
     0.000
     0.000
     0.000
     0.000
     0.000
     0.000
     0.000
     0.000
     0.000
     0.000
     0.000
     0.000
     0.000
     0.000
     0.000
     0.000
     0.000
     0.000
     0.000
     0.000
     0.000
     0.000
     0.000
     0.000
     0.000
     0.000
     0.000
     0.000
     0.000
     0.000
     0.000
     0.000
     0.000
     0.000
     0.000
     0.000
     0.000
     0.000
     0.000
     0.000
     0.000
     0.000
     0.000
     0.000
     0.000
     0.000
     0.000
     0.000
     0.000
     0.000
     0.000
     0.000
     0.000
     0.000
     0.000
     0.000
     0.000
     0.000
     0.000
     0.000
     0.000
     0.000
     0.000
     0.000
     0.000
     0.000
     0.000
     0.000
     0.000
     0.000
     0.000
     0.000
     0.000
     0.000
     0.000
     0.000
     0.000
     0.000
     0.000
     0.000
     0.000
     0.000
     0.000
     0.000
     0.000
     0.000
     0.000
     0.000
     0.000
     0.000
     0.000
     0.000
     0.000
     0.000
     0.000
     0.000
     0.000
     0.000
     0.000
     0.000
     0.000
     0.000
     0.000
     0.000
     0.000
     0.000
     0.000
     0.000
     0.000
     0.000
     0.000
     0.000
     0.000
     0.000
     0.000
     0.000
     0.000
     0.000
     0.000
     0.000
     0.000
     0.000
     0.000
     0.000
     0.000
     0.000
     0.000
     0.000
     0.000
     0.000
     0.000
     0.000
     0.000
     0.000
     0.000
     0.000
     0.000
     0.000
     0.000
     0.000
     0.000
     0.000
     0.000
     0.000
     0.000
     0.000
     0.000
     0.000
     0.000
     0.000
     0.000
     0.000
     0.000
     0.000
     0.000
     0.000
     0.000
     0.000
     0.000
     0.000
     0.000
     0.000
     0.000
     0.000
     0.000
     0.000
     0.000
     0.000
     0.000
     0.000
     0.000
     0.000
     0.000
     0.000
     0.000
     0.000
     0.000
     0.000
     0.000
     0.000
     0.000
     0.000
     0.000
     0.000
     0.000
     0.000
     0.000
     0.000
     0.000
     0.000
     0.000
     0.000
     0.000
     0.000
     0.000
     0.000
     0.000
     0.000
     0.000
     0.000
     0.000
     0.000
     0.000
     0.000
     0.000
     0.000
     0.000
     0.000
     0.000
     0.000
     0.000
     0.000
     0.000
     0.000
     0.000
     0.000
     0.000
     0.000
     0.000
     0.000
     0.000
     0.000
     0.000
     0.000
     0.000
     0.000
     0.000
     0.000
     0.000
     0.000
     0.000
     0.000
     0.000
     0.000
     0.000
     0.000
     0.000
     0.000
     0.000
     0.000
     0.000
     0.000
     0.000
     0.000
     0.000
     0.000
     0.000
     0.000
     0.000
     0.000
     0.000
     0.000
     0.000
     0.000
     0.000
     0.000
     0.000
     0.000
     0.000
     0.000
     0.000
     0.000
     0.000
     0.000
     0.000
     0.000
     0.000
     0.000
     0.000
     0.000
     0.000
     0.000
     0.000
     0.000
     0.000
     0.000
     0.000
     0.000
     0.000
     0.000
     0.000
     0.000
     0.000
     0.000
     0.000
     0.000
     0.000
     0.000
     0.000
     0.000
     0.000
     0.000
     0.000
     0.000
     0.000
     0.000
     0.000
     0.000
     0.000
     0.000
     0.000
     0.000
     0.000
     0.000
     0.000
     0.000
     0.000
     0.000
     0.000
     0.000
     0.000
     0.000
     0.000
     0.000
     0.000
     0.000
     0.000
     0.000
     0.000
     0.000
     0.000
     0.000
     0.000
     0.000
     0.000
     0.000
     0.000
     0.000
     0.000
     0.000
     0.000
     0.000
     0.000
     0.000
     0.000
     0.000
     0.000
     0.000
     0.000
     0.000
     0.000
     0.000
     0.000
     0.000
     0.000
     0.000
     0.000
     0.000
     0.000
     0.000
     0.000
     0.000
     0.000
     0.000
     0.000
     0.000
     0.000
     0.000
     0.000
     0.000
     0.000
     0.000
     0.000
     0.000
     0.000
     0.000
     0.000
     0.000
     0.000
     0.000
     0.000
     0.000
     0.000
     0.000
     0.000
     0.000
     0.000
     0.000
     0.000
     0.000
     0.000
     0.000
     0.000
     0.000
     0.000
     0.000
     0.000
     0.000
     0.000
     0.000
     0.000
     0.000
     0.000
     0.000
     0.000
     0.000
     0.000
     0.000
     0.000
     0.000
     0.000
     0.000
     0.000
     0.000
     0.000
     0.000
     0.000
     0.000
     0.000
     0.000
     0.000
     0.000
     0.000
     0.000
     0.000
     0.000
     0.000
     0.000
     0.000
     0.000
     0.000
     0.000
     0.000
     0.000
     0.000
     0.000
     0.000
     0.000
     0.000
     0.000
     0.000
     0.000
     0.000
     0.000
     0.000
     0.000
     0.000
     0.000
     0.000
     0.000
     0.000
     0.000
     0.000
     0.000
     0.000
     0.000
     0.000
     0.000
     0.000
     0.000
     0.000
     0.000
     0.000
     0.000
     0.000
     0.000
     0.000
     0.000
     0.000
     0.000
     0.000
     0.000
     0.000
     0.000
     0.000
     0.000
     0.000
     0.000
     0.000
     0.000
     0.000
     0.000
     0.000
     0.000
     0.000
     0.000
     0.000
     0.000
     0.000
     0.000
     0.000
     0.000
     0.000
     0.000
     0.000
     0.000
     0.000
     0.000
     0.000
     0.000
     0.000
     0.000
     0.000
     0.000
     0.000
     0.000
     0.000
     0.000
     0.000
     0.000
     0.000
     0.000
     0.000
     0.000
     0.000
     0.000
     0.000
     0.000
     0.000
     0.000
     0.000
     0.000
     0.000
     0.000
     0.000
     0.000
     0.000
     0.000
     0.000
     0.000
     0.000
     0.000
     0.000
     0.000
     0.000
     0.000
     0.000
     0.000
     0.000
     0.000
     0.000
     0.000
     0.000
     0.000
     0.000
     0.000
     0.000
     0.000
     0.000
     0.000
     0.000
     0.000
     0.000
     0.000
     0.000
     0.000
     0.000
     0.000
     0.000
     0.000
     0.000
     0.000
     0.000
     0.000
     0.000
     0.000
     0.000
     0.000
     0.000
     0.000
     0.000
     0.000
     0.000
     0.000
     0.000
     0.000
     0.000
     0.000
     0.000
     0.000
     0.000
     0.000
     0.000
     0.000
     0.000
     0.000
     0.000
     0.000
     0.000
     0.000
     0.000
     0.000
     0.000
     0.000
     0.000
     0.000
     0.000
     0.000
     0.000
     0.000
     0.000
     0.000
     0.000
     0.000
     0.000
     0.000
     0.000
     0.000
     0.000
     0.000
     0.000
     0.000
     0.000
     0.000
     0.000
     0.000
     0.000
     0.000
     0.000
     0.000
     0.000
     0.000
     0.000
     0.000
     0.000
     0.000
     0.000
     0.000
     0.000
     0.000
     0.000
     0.000
     0.000
     0.000
     0.000
     0.000
     0.000
     0.000
     0.000
     0.000
     0.000
     0.000
     0.000
     0.000
     0.000
     0.000
     0.000
     0.000
     0.000
     0.000
     0.000
     0.000
     0.000
     0.000
     0.000
     0.000
     0.000
     0.000
     0.000
     0.000
     0.000
     0.000
     0.000
     0.000
     0.000
     0.000
     0.000
     0.000
     0.000
     0.000
     0.000
     0.000
     0.000
     0.000
     0.000
     0.000
     0.000
     0.000
     0.000
     0.000
     0.000
     0.000
     0.000
     0.000
     0.000
     0.000
     0.000
     0.000
     0.000
     0.000
     0.000
     0.000
     0.000
     0.000
     0.000
     0.000
     0.000
     0.000
     0.000
     0.000
     0.000
     0.000
     0.000
     0.000
     0.000
     0.000
     0.000
     0.000
     0.000
     0.000
     0.000
     0.000
     0.000
     0.000
     0.000
     0.000
     0.000
     0.000
     0.000
     0.000
     0.000
     0.000
     0.000
     0.000
     0.000
     0.000
     0.000
     0.000
     0.000
     0.000
     0.000
     0.000
     0.000
     0.000
     0.000
     0.000
     0.000
     0.000
     0.000
     0.000
     0.000
     0.000
     0.000
     0.000
     0.000
     0.000
     0.000
     0.000
     0.000
     0.000
     0.000
     0.000
     0.000
     0.000
     0.000
     0.000
     0.000
     0.000
     0.000
     0.000
     0.000
     0.000
     0.000
     0.000
     0.000
     0.000
     0.000
     0.000
     0.000
     0.000
     0.000
     0.000
     0.000
     0.000
     0.000
     0.000
     0.000
     0.000
     0.000
     0.000
     0.000
     0.000
     0.000
     0.000
     0.000
     0.000
     0.000
     0.000
     0.000
     0.000
     0.000
     0.000
     0.000
     0.000
     0.000
     0.000
     0.000
     0.000
     0.000
     0.000
     0.000
     0.000
     0.000
     0.000
     0.000
     0.000
     0.000
     0.000
     0.000
     0.000
     0.000
     0.000
     0.000
     0.000
     0.000
     0.000
     0.000
     0.000
     0.000
     0.000
     0.000
     0.000
     0.000
     0.000
     0.000
     0.000
     0.000
     0.000
     0.000
     0.000
     0.000
     0.000
     0.000
     0.000
     0.000
     0.000
     0.000
     0.000
     0.000
     0.000
     0.000
     0.000
     0.000
     0.000
     0.000
     0.000
     0.000
     0.000
     0.000
     0.000
     0.000
     0.000
     0.000
     0.000
     0.000
     0.000
     0.000
     0.000
     0.000
     0.000
     0.000
     0.000
     0.000
     0.000
     0.000
     0.000
     0.000
     0.000
     0.000
     0.000
     0.000
     0.000
     0.000
     0.000
     0.000
     0.000
     0.000
     0.000
     0.000
     0.000
     0.000
     0.000
     0.000
     0.000
     0.000
     0.000
     0.000
     0.000
     0.000
     0.000
     0.000
     0.000
     0.000
     0.000
     0.000
     0.000
     0.000
     0.000
     0.000
     0.000
     0.000
     0.000
     0.000
     0.000
     0.000
     0.000
     0.000
     0.000
     0.000
     0.000
     0.000
     0.000
     0.000
     0.000
     0.000
     0.000
     0.000
     0.000
     0.000
     0.000
     0.000
     0.000
     0.000
     0.000
     0.000
     0.000
     0.000
     0.000
     0.000
     0.000
     0.000
     0.000
     0.000
     0.000
     0.000
     0.000
     0.000
     0.000
     0.000
     0.000
     0.000
     0.000
     0.000
     0.000
     0.000
     0.000
     0.000
     0.000
     0.000
     0.000
     0.000
     0.000
     0.000
     0.000
     0.000
     0.000
     0.000
     0.000
     0.000
     0.000
     0.000
     0.000
     0.000
     0.000
     0.000
     0.000
     0.000
     0.000
     0.000
     0.000
     0.000
     0.000
     0.000
     0.000
     0.000
     0.000
     0.000
     0.000
     0.000
     0.000
     0.000
     0.000
     0.000
     0.000
     0.000
     0.000
     0.000
     0.000
     0.000
     0.000
     0.000
     0.000
     0.000
     0.000
     0.000
     0.000
     0.000
     0.000
     0.000
     0.000
     0.000
     0.000
     0.000
     0.000
     0.000
     0.000
     0.000
     0.000
     0.000
     0.000
     0.000
     0.001
     0.001
     0.001
     0.001
     0.001
     0.000
     0.000
     0.000
     0.000
     0.000
     0.000
     0.000
     0.000
     0.000
     0.000
     0.000
     0.000
     0.000
     0.000
     0.000
     0.000
     0.000
     0.000
     0.000
     0.000
     0.000
     0.000
     0.000
     0.000
     0.000
     0.000
     0.000
     0.000
     0.000
     0.000
     0.000
     0.000
     0.000
     0.000
     0.000
     0.000
     0.000
     0.000
     0.000
     0.000
     0.000
     0.000
     0.000
     0.000
     0.000
     0.000
     0.000
     0.000
     0.000
     0.000
     0.000
     0.000
     0.000
     0.000
     0.000
     0.000
     0.000
     0.000
     0.000
     0.000
     0.000
     0.000
     0.000
     0.000
     0.000
     0.000
     0.000
     0.000
     0.000
     0.000
     0.000
     0.000
     0.000
     0.000
     0.000
     0.001
     0.001
     0.002
     0.002
     0.002
     0.002
     0.001
     0.001
     0.000
     0.000
     0.000
     0.000
     0.000
     0.000
     0.000
     0.000
     0.000
     0.000
     0.000
     0.000
     0.000
     0.000
     0.000
     0.000
     0.000
     0.000
     0.000
     0.000
     0.000
     0.000
     0.000
     0.000
     0.000
     0.000
     0.000
     0.000
     0.000
     0.000
     0.000
     0.000
     0.000
     0.000
     0.000
     0.000
     0.000
     0.000
     0.000
     0.000
     0.000
     0.000
     0.000
     0.000
     0.000
     0.000
     0.000
     0.000
     0.000
     0.000
     0.000
     0.000
     0.000
     0.000
     0.000
     0.000
     0.000
     0.000
     0.000
     0.000
     0.000
     0.000
     0.000
     0.000
     0.000
     0.000
     0.000
     0.001
     0.001
     0.001
     0.001
     0.000
     0.001
     0.001
     0.003
     0.004
     0.005
     0.005
     0.004
     0.003
     0.002
     0.001
     0.001
     0.000
     0.000
     0.000
     0.000
     0.000
     0.000
     0.000
     0.000
     0.000
     0.000
     0.000
     0.000
     0.000
     0.000
     0.000
     0.000
     0.000
     0.000
     0.000
     0.000
     0.000
     0.000
     0.000
     0.000
     0.000
     0.000
     0.000
     0.000
     0.000
     0.000
     0.000
     0.000
     0.000
     0.000
     0.000
     0.000
     0.000
     0.000
     0.000
     0.000
     0.000
     0.000
     0.000
     0.000
     0.000
     0.000
     0.000
     0.000
     0.000
     0.000
     0.000
     0.000
     0.000
     0.000
     0.000
     0.000
     0.000
     0.000
     0.000
     0.000
     0.000
     0.000
     0.000
     0.000
     0.001
     0.001
     0.002
     0.002
     0.001
     0.000
     0.001
     0.002
     0.005
     0.008
     0.011
     0.012
     0.010
     0.006
     0.003
     0.002
     0.001
     0.000
     0.000
     0.000
     0.000
     0.000
     0.000
     0.000
     0.000
     0.000
     0.000
     0.000
     0.000
     0.000
     0.000
     0.000
     0.000
     0.000
     0.000
     0.000
     0.000
     0.000
     0.000
     0.000
     0.000
     0.000
     0.000
     0.000
     0.000
     0.000
     0.000
     0.000
     0.000
     0.000
     0.000
     0.000
     0.000
     0.000
     0.000
     0.000
     0.000
     0.000
     0.000
     0.000
     0.000
     0.000
     0.000
     0.000
     0.000
     0.000
     0.000
     0.000
     0.000
     0.000
     0.000
     0.000
     0.000
     0.000
     0.000
     0.000
     0.000
     0.000
     0.000
     0.000
     0.001
     0.002
     0.003
     0.004
     0.004
     0.003
     0.002
     0.002
     0.005
     0.010
     0.016
     0.020
     0.021
     0.018
     0.011
     0.006
     0.002
     0.001
     0.000
     0.000
     0.000
     0.000
     0.000
     0.000
     0.000
     0.000
     0.000
     0.000
     0.000
     0.000
     0.000
     0.000
     0.000
     0.000
     0.000
     0.000
     0.000
     0.000
     0.000
     0.000
     0.000
     0.000
     0.000
     0.000
     0.000
     0.000
     0.000
     0.000
     0.000
     0.000
     0.000
     0.000
     0.000
     0.000
     0.000
     0.000
     0.000
     0.000
     0.000
     0.000
     0.000
     0.000
     0.000
     0.000
     0.000
     0.000
     0.000
     0.000
     0.000
     0.000
     0.000
     0.000
     0.000
     0.000
     0.000
     0.000
     0.000
     0.000
     0.000
     0.000
     0.001
     0.002
     0.004
     0.007
     0.009
     0.009
     0.008
     0.006
     0.005
     0.009
     0.018
     0.027
     0.028
     0.024
     0.025
     0.016
     0.008
     0.003
     0.001
     0.000
     0.000
     0.000
     0.000
     0.000
     0.000
     0.000
     0.000
     0.000
     0.000
     0.000
     0.000
     0.000
     0.000
     0.000
     0.000
     0.000
     0.000
     0.000
     0.000
     0.000
     0.000
     0.000
     0.000
     0.000
     0.000
     0.000
     0.000
     0.000
     0.000
     0.000
     0.000
     0.000
     0.000
     0.000
     0.000
     0.000
     0.000
     0.000
     0.000
     0.000
     0.000
     0.000
     0.000
     0.000
     0.000
     0.000
     0.000
     0.000
     0.000
     0.000
     0.000
     0.000
     0.000
     0.000
     0.000
     0.000
     0.000
     0.000
     0.000
     0.000
     0.001
     0.002
     0.004
     0.009
     0.014
     0.018
     0.019
     0.018
     0.015
     0.015
     0.021
     0.030
     0.039
     0.031
     0.026
     0.033
     0.023
     0.011
     0.004
     0.001
     0.000
     0.001
     0.001
     0.001
     0.000
     0.000
     0.000
     0.000
     0.000
     0.000
     0.000
     0.000
     0.000
     0.000
     0.000
     0.000
     0.000
     0.000
     0.000
     0.000
     0.000
     0.000
     0.000
     0.000
     0.000
     0.000
     0.000
     0.000
     0.000
     0.000
     0.000
     0.000
     0.000
     0.000
     0.000
     0.000
     0.000
     0.000
     0.000
     0.000
     0.000
     0.000
     0.000
     0.000
     0.000
     0.000
     0.000
     0.000
     0.000
     0.000
     0.000
     0.000
     0.000
     0.000
     0.000
     0.000
     0.000
     0.000
     0.000
     0.000
     0.000
     0.001
     0.003
     0.006
     0.013
     0.021
     0.025
     0.030
     0.033
     0.032
     0.038
     0.047
     0.051
     0.049
     0.035
     0.035
     0.042
     0.029
     0.014
     0.005
     0.002
     0.002
     0.002
     0.002
     0.001
     0.001
     0.000
     0.000
     0.000
     0.000
     0.000
     0.000
     0.000
     0.000
     0.000
     0.000
     0.000
     0.000
     0.000
     0.000
     0.000
     0.000
     0.000
     0.000
     0.000
     0.000
     0.000
     0.000
     0.000
     0.000
     0.000
     0.000
     0.000
     0.000
     0.000
     0.000
     0.000
     0.000
     0.000
     0.000
     0.000
     0.000
     0.000
     0.000
     0.000
     0.000
     0.000
     0.000
     0.000
     0.000
     0.000
     0.000
     0.000
     0.000
     0.000
     0.000
     0.000
     0.000
     0.000
     0.000
     0.000
     0.001
     0.001
     0.003
     0.007
     0.015
     0.024
     0.024
     0.029
     0.043
     0.052
     0.069
     0.085
     0.082
     0.066
     0.049
     0.050
     0.056
     0.043
     0.024
     0.012
     0.008
     0.007
     0.005
     0.004
     0.002
     0.001
     0.000
     0.000
     0.000
     0.000
     0.000
     0.000
     0.000
     0.000
     0.000
     0.000
     0.000
     0.000
     0.000
     0.000
     0.000
     0.000
     0.000
     0.000
     0.000
     0.000
     0.000
     0.000
     0.000
     0.000
     0.000
     0.000
     0.000
     0.000
     0.000
     0.000
     0.000
     0.000
     0.000
     0.000
     0.000
     0.000
     0.000
     0.000
     0.000
     0.000
     0.000
     0.000
     0.000
     0.000
     0.000
     0.000
     0.000
     0.000
     0.000
     0.000
     0.000
     0.000
     0.000
     0.000
     0.000
     0.001
     0.001
     0.003
     0.007
     0.015
     0.028
     0.034
     0.028
     0.040
     0.063
     0.090
     0.098
     0.092
     0.083
     0.074
     0.081
     0.086
     0.074
     0.047
     0.027
     0.020
     0.016
     0.011
     0.008
     0.004
     0.002
     0.001
     0.000
     0.000
     0.000
     0.000
     0.000
     0.000
     0.000
     0.000
     0.000
     0.000
     0.000
     0.000
     0.000
     0.000
     0.000
     0.000
     0.000
     0.000
     0.000
     0.000
     0.000
     0.000
     0.000
     0.000
     0.000
     0.000
     0.000
     0.000
     0.000
     0.000
     0.000
     0.000
     0.000
     0.000
     0.000
     0.000
     0.000
     0.000
     0.000
     0.000
     0.000
     0.000
     0.000
     0.000
     0.000
     0.000
     0.000
     0.000
     0.000
     0.000
     0.000
     0.000
     0.000
     0.000
     0.000
     0.001
     0.002
     0.005
     0.013
     0.028
     0.043
     0.046
     0.051
     0.073
     0.081
     0.059
     0.042
     0.042
     0.052
     0.074
     0.098
     0.099
     0.068
     0.044
     0.036
     0.028
     0.020
     0.013
     0.007
     0.003
     0.001
     0.000
     0.000
     0.000
     0.000
     0.000
     0.000
     0.000
     0.000
     0.000
     0.000
     0.000
     0.000
     0.000
     0.000
     0.000
     0.000
     0.000
     0.000
     0.000
     0.000
     0.000
     0.000
     0.000
     0.000
     0.000
     0.000
     0.000
     0.000
     0.000
     0.000
     0.000
     0.000
     0.000
     0.000
     0.000
     0.000
     0.000
     0.000
     0.000
     0.000
     0.000
     0.000
     0.000
     0.000
     0.000
     0.000
     0.000
     0.000
     0.000
     0.000
     0.000
     0.000
     0.000
     0.000
     0.000
     0.000
     0.001
     0.003
     0.010
     0.026
     0.049
     0.068
     0.080
     0.071
     0.039
     0.005
     0.009
     0.006
     0.003
     0.019
     0.065
     0.097
     0.073
     0.048
     0.038
     0.029
     0.025
     0.018
     0.010
     0.004
     0.002
     0.001
     0.000
     0.000
     0.000
     0.000
     0.000
     0.000
     0.000
     0.000
     0.000
     0.000
     0.000
     0.000
     0.000
     0.000
     0.000
     0.000
     0.000
     0.000
     0.000
     0.000
     0.000
     0.000
     0.000
     0.000
     0.000
     0.000
     0.000
     0.000
     0.000
     0.000
     0.000
     0.000
     0.000
     0.000
     0.000
     0.000
     0.000
     0.000
     0.000
     0.000
     0.000
     0.000
     0.000
     0.000
     0.000
     0.000
     0.000
     0.000
     0.000
     0.000
     0.000
     0.000
     0.000
     0.001
     0.001
     0.001
     0.004
     0.011
     0.030
     0.064
     0.095
     0.089
     0.041
     0.003
     0.016
     0.019
     0.017
     0.021
     0.015
     0.028
     0.078
     0.067
     0.037
     0.025
     0.025
     0.025
     0.019
     0.010
     0.004
     0.002
     0.001
     0.000
     0.000
     0.000
     0.000
     0.000
     0.000
     0.000
     0.000
     0.000
     0.000
     0.000
     0.000
     0.000
     0.000
     0.000
     0.000
     0.000
     0.000
     0.000
     0.000
     0.000
     0.000
     0.000
     0.000
     0.000
     0.000
     0.000
     0.000
     0.000
     0.000
     0.000
     0.000
     0.000
     0.000
     0.000
     0.000
     0.000
     0.000
     0.000
     0.000
     0.000
     0.000
     0.000
     0.000
     0.000
     0.000
     0.000
     0.000
     0.000
     0.000
     0.000
     0.000
     0.001
     0.001
     0.002
     0.004
     0.008
     0.017
     0.037
     0.074
     0.102
     0.075
     0.011
     0.020
     0.017
     0.011
     0.009
     0.015
     0.016
     0.012
     0.062
     0.070
     0.046
     0.041
     0.035
     0.025
     0.015
     0.008
     0.004
     0.002
     0.001
     0.000
     0.000
     0.000
     0.000
     0.000
     0.000
     0.000
     0.000
     0.000
     0.000
     0.000
     0.000
     0.000
     0.000
     0.000
     0.000
     0.000
     0.000
     0.000
     0.000
     0.000
     0.000
     0.000
     0.000
     0.000
     0.000
     0.000
     0.000
     0.000
     0.000
     0.000
     0.000
     0.000
     0.000
     0.000
     0.000
     0.000
     0.000
     0.000
     0.000
     0.000
     0.000
     0.000
     0.000
     0.000
     0.000
     0.000
     0.000
     0.000
     0.000
     0.000
     0.000
     0.001
     0.002
     0.004
     0.008
     0.016
     0.028
     0.044
     0.067
     0.094
     0.069
     0.008
     0.020
     0.013
     0.004
     0.002
     0.009
     0.015
     0.005
     0.058
     0.089
     0.067
     0.046
     0.031
     0.019
     0.010
     0.005
     0.003
     0.001
     0.001
     0.000
     0.000
     0.000
     0.000
     0.000
     0.000
     0.000
     0.000
     0.000
     0.000
     0.000
     0.000
     0.000
     0.000
     0.000
     0.000
     0.000
     0.000
     0.000
     0.000
     0.000
     0.000
     0.000
     0.000
     0.000
     0.000
     0.000
     0.000
     0.000
     0.000
     0.000
     0.000
     0.000
     0.000
     0.000
     0.000
     0.000
     0.000
     0.000
     0.000
     0.000
     0.000
     0.000
     0.000
     0.000
     0.000
     0.000
     0.000
     0.000
     0.000
     0.000
     0.000
     0.001
     0.003
     0.006
     0.013
     0.023
     0.035
     0.043
     0.048
     0.072
     0.069
     0.020
     0.011
     0.013
     0.008
     0.010
     0.016
     0.021
     0.010
     0.062
     0.100
     0.079
     0.043
     0.021
     0.010
     0.005
     0.002
     0.001
     0.001
     0.001
     0.000
     0.000
     0.000
     0.000
     0.000
     0.000
     0.000
     0.000
     0.000
     0.000
     0.000
     0.000
     0.000
     0.000
     0.000
     0.000
     0.000
     0.000
     0.000
     0.000
     0.000
     0.000
     0.000
     0.000
     0.000
     0.000
     0.000
     0.000
     0.000
     0.000
     0.000
     0.000
     0.000
     0.000
     0.000
     0.000
     0.000
     0.000
     0.000
     0.000
     0.000
     0.000
     0.000
     0.000
     0.000
     0.000
     0.000
     0.000
     0.000
     0.000
     0.000
     0.000
     0.001
     0.003
     0.008
     0.016
     0.025
     0.028
     0.026
     0.032
     0.054
     0.077
     0.040
     0.007
     0.020
     0.023
     0.030
     0.034
     0.029
     0.027
     0.078
     0.102
     0.077
     0.038
     0.013
     0.004
     0.001
     0.002
     0.002
     0.001
     0.001
     0.001
     0.000
     0.000
     0.000
     0.000
     0.000
     0.000
     0.000
     0.000
     0.000
     0.000
     0.000
     0.000
     0.000
     0.000
     0.000
     0.000
     0.000
     0.000
     0.000
     0.000
     0.000
     0.000
     0.000
     0.000
     0.000
     0.000
     0.000
     0.000
     0.000
     0.000
     0.000
     0.000
     0.000
     0.000
     0.000
     0.000
     0.000
     0.000
     0.000
     0.000
     0.000
     0.000
     0.000
     0.000
     0.000
     0.000
     0.000
     0.000
     0.000
     0.000
     0.000
     0.001
     0.003
     0.008
     0.017
     0.024
     0.026
     0.032
     0.042
     0.059
     0.090
     0.071
     0.025
     0.019
     0.036
     0.051
     0.054
     0.044
     0.056
     0.084
     0.091
     0.073
     0.041
     0.018
     0.008
     0.007
     0.006
     0.004
     0.003
     0.002
     0.001
     0.000
     0.000
     0.000
     0.000
     0.000
     0.000
     0.000
     0.000
     0.000
     0.000
     0.000
     0.000
     0.000
     0.000
     0.000
     0.000
     0.000
     0.000
     0.000
     0.000
     0.000
     0.000
     0.000
     0.000
     0.000
     0.000
     0.000
     0.000
     0.000
     0.000
     0.000
     0.000
     0.000
     0.000
     0.000
     0.000
     0.000
     0.000
     0.000
     0.000
     0.000
     0.000
     0.000
     0.000
     0.000
     0.000
     0.000
     0.000
     0.000
     0.000
     0.000
     0.001
     0.003
     0.007
     0.013
     0.019
     0.026
     0.034
     0.042
     0.059
     0.092
     0.099
     0.073
     0.045
     0.044
     0.048
     0.041
     0.037
     0.064
     0.085
     0.102
     0.096
     0.067
     0.036
     0.022
     0.017
     0.013
     0.010
     0.006
     0.003
     0.002
     0.001
     0.000
     0.000
     0.000
     0.000
     0.000
     0.000
     0.000
     0.000
     0.000
     0.000
     0.000
     0.000
     0.000
     0.000
     0.000
     0.000
     0.000
     0.000
     0.000
     0.000
     0.000
     0.000
     0.000
     0.000
     0.000
     0.000
     0.000
     0.000
     0.000
     0.000
     0.000
     0.000
     0.000
     0.000
     0.000
     0.000
     0.000
     0.000
     0.000
     0.000
     0.000
     0.000
     0.000
     0.000
     0.000
     0.000
     0.000
     0.000
     0.000
     0.000
     0.001
     0.002
     0.004
     0.008
     0.012
     0.016
     0.020
     0.026
     0.043
     0.074
     0.096
     0.092
     0.075
     0.057
     0.021
     0.008
     0.022
     0.040
     0.067
     0.101
     0.115
     0.092
     0.055
     0.039
     0.031
     0.023
     0.017
     0.011
     0.005
     0.002
     0.001
     0.000
     0.000
     0.000
     0.000
     0.000
     0.000
     0.000
     0.000
     0.000
     0.000
     0.000
     0.000
     0.000
     0.000
     0.000
     0.000
     0.000
     0.000
     0.000
     0.000
     0.000
     0.000
     0.000
     0.000
     0.000
     0.000
     0.000
     0.000
     0.000
     0.000
     0.000
     0.000
     0.000
     0.000
     0.000
     0.000
     0.000
     0.000
     0.000
     0.000
     0.000
     0.000
     0.000
     0.000
     0.000
     0.000
     0.000
     0.000
     0.000
     0.000
     0.001
     0.001
     0.002
     0.004
     0.006
     0.007
     0.008
     0.011
     0.023
     0.049
     0.080
     0.095
     0.088
     0.054
     0.028
     0.038
     0.036
     0.023
     0.019
     0.056
     0.101
     0.100
     0.060
     0.043
     0.033
     0.027
     0.023
     0.015
     0.007
     0.003
     0.001
     0.000
     0.000
     0.000
     0.000
     0.000
     0.000
     0.000
     0.000
     0.000
     0.000
     0.000
     0.000
     0.000
     0.000
     0.000
     0.000
     0.000
     0.000
     0.000
     0.000
     0.000
     0.000
     0.000
     0.000
     0.000
     0.000
     0.000
     0.000
     0.000
     0.000
     0.000
     0.000
     0.000
     0.000
     0.000
     0.000
     0.000
     0.000
     0.000
     0.000
     0.000
     0.000
     0.000
     0.000
     0.000
     0.000
     0.000
     0.000
     0.000
     0.000
     0.000
     0.001
     0.001
     0.002
     0.002
     0.002
     0.002
     0.004
     0.017
     0.047
     0.090
     0.114
     0.085
     0.028
     0.023
     0.030
     0.026
     0.020
     0.013
     0.019
     0.073
     0.093
     0.053
     0.031
     0.024
     0.026
     0.024
     0.015
     0.007
     0.003
     0.001
     0.001
     0.000
     0.000
     0.000
     0.000
     0.000
     0.000
     0.000
     0.000
     0.000
     0.000
     0.000
     0.000
     0.000
     0.000
     0.000
     0.000
     0.000
     0.000
     0.000
     0.000
     0.000
     0.000
     0.000
     0.000
     0.000
     0.000
     0.000
     0.000
     0.000
     0.000
     0.000
     0.000
     0.000
     0.000
     0.000
     0.000
     0.000
     0.000
     0.000
     0.000
     0.000
     0.000
     0.000
     0.000
     0.000
     0.000
     0.000
     0.000
     0.000
     0.000
     0.001
     0.001
     0.001
     0.001
     0.003
     0.005
     0.011
     0.025
     0.054
     0.097
     0.113
     0.065
     0.009
     0.018
     0.015
     0.010
     0.009
     0.011
     0.004
     0.051
     0.090
     0.066
     0.044
     0.040
     0.032
     0.021
     0.012
     0.006
     0.003
     0.001
     0.001
     0.000
     0.000
     0.000
     0.000
     0.000
     0.000
     0.000
     0.000
     0.000
     0.000
     0.000
     0.000
     0.000
     0.000
     0.000
     0.000
     0.000
     0.000
     0.000
     0.000
     0.000
     0.000
     0.000
     0.000
     0.000
     0.000
     0.000
     0.000
     0.000
     0.000
     0.000
     0.000
     0.000
     0.000
     0.000
     0.000
     0.000
     0.000
     0.000
     0.000
     0.000
     0.000
     0.000
     0.000
     0.000
     0.000
     0.000
     0.000
     0.000
     0.000
     0.000
     0.001
     0.001
     0.003
     0.006
     0.011
     0.021
     0.035
     0.055
     0.086
     0.107
     0.059
     0.004
     0.014
     0.007
     0.001
     0.004
     0.011
     0.007
     0.040
     0.099
     0.094
     0.060
     0.041
     0.027
     0.015
     0.008
     0.004
     0.002
     0.001
     0.001
     0.000
     0.000
     0.000
     0.000
     0.000
     0.000
     0.000
     0.000
     0.000
     0.000
     0.000
     0.000
     0.000
     0.000
     0.000
     0.000
     0.000
     0.000
     0.000
     0.000
     0.000
     0.000
     0.000
     0.000
     0.000
     0.000
     0.000
     0.000
     0.000
     0.000
     0.000
     0.000
     0.000
     0.000
     0.000
     0.000
     0.000
     0.000
     0.000
     0.000
     0.000
     0.000
     0.000
     0.000
     0.000
     0.000
     0.000
     0.000
     0.000
     0.000
     0.000
     0.001
     0.002
     0.004
     0.009
     0.017
     0.028
     0.039
     0.046
     0.063
     0.094
     0.066
     0.011
     0.011
     0.010
     0.007
     0.011
     0.016
     0.010
     0.042
     0.104
     0.108
     0.067
     0.033
     0.016
     0.008
     0.003
     0.002
     0.001
     0.001
     0.001
     0.000
     0.000
     0.000
     0.000
     0.000
     0.000
     0.000
     0.000
     0.000
     0.000
     0.000
     0.000
     0.000
     0.000
     0.000
     0.000
     0.000
     0.000
     0.000
     0.000
     0.000
     0.000
     0.000
     0.000
     0.000
     0.000
     0.000
     0.000
     0.000
     0.000
     0.000
     0.000
     0.000
     0.000
     0.000
     0.000
     0.000
     0.000
     0.000
     0.000
     0.000
     0.000
     0.000
     0.000
     0.000
     0.000
     0.000
     0.000
     0.000
     0.000
     0.000
     0.001
     0.002
     0.005
     0.012
     0.021
     0.027
     0.027
     0.031
     0.050
     0.087
     0.085
     0.029
     0.009
     0.016
     0.019
     0.023
     0.020
     0.012
     0.064
     0.112
     0.104
     0.061
     0.025
     0.007
     0.001
     0.001
     0.002
     0.002
     0.001
     0.001
     0.001
     0.000
     0.000
     0.000
     0.000
     0.000
     0.000
     0.000
     0.000
     0.000
     0.000
     0.000
     0.000
     0.000
     0.000
     0.000
     0.000
     0.000
     0.000
     0.000
     0.000
     0.000
     0.000
     0.000
     0.000
     0.000
     0.000
     0.000
     0.000
     0.000
     0.000
     0.000
     0.000
     0.000
     0.000
     0.000
     0.000
     0.000
     0.000
     0.000
     0.000
     0.000
     0.000
     0.000
     0.000
     0.000
     0.000
     0.000
     0.000
     0.000
     0.000
     0.001
     0.002
     0.005
     0.012
     0.021
     0.026
     0.031
     0.042
     0.056
     0.092
     0.110
     0.069
     0.023
     0.014
     0.025
     0.027
     0.016
     0.035
     0.081
     0.098
     0.085
     0.056
     0.026
     0.011
     0.008
     0.007
     0.006
     0.004
     0.003
     0.002
     0.001
     0.000
     0.000
     0.000
     0.000
     0.000
     0.000
     0.000
     0.000
     0.000
     0.000
     0.000
     0.000
     0.000
     0.000
     0.000
     0.000
     0.000
     0.000
     0.000
     0.000
     0.000
     0.000
     0.000
     0.000
     0.000
     0.000
     0.000
     0.000
     0.000
     0.000
     0.000
     0.000
     0.000
     0.000
     0.000
     0.000
     0.000
     0.000
     0.000
     0.000
     0.000
     0.000
     0.000
     0.000
     0.000
     0.000
     0.000
     0.000
     0.000
     0.000
     0.001
     0.002
     0.004
     0.008
     0.015
     0.022
     0.031
     0.040
     0.052
     0.084
     0.117
     0.112
     0.080
     0.045
     0.019
     0.005
     0.022
     0.054
     0.069
     0.073
     0.082
     0.071
     0.044
     0.026
     0.021
     0.017
     0.013
     0.009
     0.005
     0.003
     0.001
     0.000
     0.000
     0.000
     0.000
     0.000
     0.000
     0.000
     0.000
     0.000
     0.000
     0.000
     0.000
     0.000
     0.000
     0.000
     0.000
     0.000
     0.000
     0.000
     0.000
     0.000
     0.000
     0.000
     0.000
     0.000
     0.000
     0.000
     0.000
     0.000
     0.000
     0.000
     0.000
     0.000
     0.000
     0.000
     0.000
     0.000
     0.000
     0.000
     0.000
     0.000
     0.000
     0.000
     0.000
     0.000
     0.000
     0.000
     0.000
     0.000
     0.000
     0.001
     0.001
     0.002
     0.004
     0.008
     0.012
     0.017
     0.023
     0.033
     0.061
     0.095
     0.111
     0.102
     0.078
     0.054
     0.053
     0.064
     0.062
     0.045
     0.049
     0.075
     0.082
     0.060
     0.041
     0.035
     0.028
     0.021
     0.015
     0.009
     0.004
     0.001
     0.001
     0.000
     0.000
     0.000
     0.000
     0.000
     0.000
     0.000
     0.000
     0.000
     0.000
     0.000
     0.000
     0.000
     0.000
     0.000
     0.000
     0.000
     0.000
     0.000
     0.000
     0.000
     0.000
     0.000
     0.000
     0.000
     0.000
     0.000
     0.000
     0.000
     0.000
     0.000
     0.000
     0.000
     0.000
     0.000
     0.000
     0.000
     0.000
     0.000
     0.000
     0.000
     0.000
     0.000
     0.000
     0.000
     0.000
     0.000
     0.000
     0.000
     0.001
     0.001
     0.001
     0.001
     0.002
     0.003
     0.006
     0.009
     0.015
     0.034
     0.062
     0.083
     0.080
     0.067
     0.058
     0.067
     0.068
     0.053
     0.033
     0.015
     0.038
     0.069
     0.056
     0.040
     0.033
     0.026
     0.024
     0.020
     0.011
     0.005
     0.002
     0.001
     0.000
     0.000
     0.000
     0.000
     0.000
     0.000
     0.000
     0.000
     0.000
     0.000
     0.000
     0.000
     0.000
     0.000
     0.000
     0.000
     0.000
     0.000
     0.000
     0.000
     0.000
     0.000
     0.000
     0.000
     0.000
     0.000
     0.000
     0.000
     0.000
     0.000
     0.000
     0.000
     0.000
     0.000
     0.000
     0.000
     0.000
     0.000
     0.000
     0.000
     0.000
     0.000
     0.000
     0.000
     0.000
     0.000
     0.000
     0.000
     0.001
     0.001
     0.002
     0.004
     0.006
     0.006
     0.005
     0.004
     0.002
     0.005
     0.023
     0.057
     0.087
     0.079
     0.038
     0.033
     0.043
     0.041
     0.032
     0.028
     0.024
     0.008
     0.048
     0.045
     0.027
     0.022
     0.026
     0.026
     0.020
     0.011
     0.005
     0.002
     0.001
     0.000
     0.000
     0.000
     0.000
     0.000
     0.000
     0.000
     0.000
     0.000
     0.000
     0.000
     0.000
     0.000
     0.000
     0.000
     0.000
     0.000
     0.000
     0.000
     0.000
     0.000
     0.000
     0.000
     0.000
     0.000
     0.000
     0.000
     0.000
     0.000
     0.000
     0.000
     0.000
     0.000
     0.000
     0.000
     0.000
     0.000
     0.000
     0.000
     0.000
     0.000
     0.000
     0.000
     0.000
     0.000
     0.000
     0.000
     0.000
     0.001
     0.002
     0.005
     0.009
     0.013
     0.015
     0.016
     0.014
     0.013
     0.016
     0.032
     0.065
     0.092
     0.069
     0.012
     0.022
     0.022
     0.016
     0.012
     0.015
     0.020
     0.008
     0.032
     0.054
     0.040
     0.040
     0.038
     0.027
     0.016
     0.008
     0.004
     0.002
     0.001
     0.000
     0.000
     0.000
     0.000
     0.000
     0.000
     0.000
     0.000
     0.000
     0.000
     0.000
     0.000
     0.000
     0.000
     0.000
     0.000
     0.000
     0.000
     0.000
     0.000
     0.000
     0.000
     0.000
     0.000
     0.000
     0.000
     0.000
     0.000
     0.000
     0.000
     0.000
     0.000
     0.000
     0.000
     0.000
     0.000
     0.000
     0.000
     0.000
     0.000
     0.000
     0.000
     0.000
     0.000
     0.000
     0.000
     0.000
     0.000
     0.001
     0.003
     0.008
     0.015
     0.022
     0.026
     0.030
     0.031
     0.033
     0.044
     0.058
     0.073
     0.086
     0.062
     0.014
     0.023
     0.016
     0.006
     0.001
     0.009
     0.023
     0.024
     0.019
     0.068
     0.065
     0.047
     0.033
     0.020
     0.011
     0.005
     0.002
     0.001
     0.001
     0.000
     0.000
     0.000
     0.000
     0.000
     0.000
     0.000
     0.000
     0.000
     0.000
     0.000
     0.000
     0.000
     0.000
     0.000
     0.000
     0.000
     0.000
     0.000
     0.000
     0.000
     0.000
     0.000
     0.000
     0.000
     0.000
     0.000
     0.000
     0.000
     0.000
     0.000
     0.000
     0.000
     0.000
     0.000
     0.000
     0.000
     0.000
     0.000
     0.000
     0.000
     0.000
     0.000
     0.000
     0.000
     0.000
     0.000
     0.001
     0.002
     0.004
     0.010
     0.019
     0.025
     0.026
     0.037
     0.047
     0.058
     0.080
     0.096
     0.095
     0.078
     0.062
     0.037
     0.039
     0.030
     0.016
     0.009
     0.013
     0.026
     0.026
     0.021
     0.077
     0.079
     0.047
     0.022
     0.011
     0.005
     0.003
     0.001
     0.001
     0.000
     0.000
     0.000
     0.000
     0.000
     0.000
     0.000
     0.000
     0.000
     0.000
     0.000
     0.000
     0.000
     0.000
     0.000
     0.000
     0.000
     0.000
     0.000
     0.000
     0.000
     0.000
     0.000
     0.000
     0.000
     0.000
     0.000
     0.000
     0.000
     0.000
     0.000
     0.000
     0.000
     0.000
     0.000
     0.000
     0.000
     0.000
     0.000
     0.000
     0.000
     0.000
     0.000
     0.000
     0.000
     0.000
     0.000
     0.000
     0.001
     0.002
     0.004
     0.010
     0.020
     0.031
     0.030
     0.031
     0.050
     0.075
     0.102
     0.105
     0.098
     0.082
     0.063
     0.053
     0.060
     0.052
     0.032
     0.022
     0.021
     0.018
     0.008
     0.043
     0.080
     0.072
     0.041
     0.016
     0.005
     0.002
     0.001
     0.001
     0.000
     0.000
     0.000
     0.000
     0.000
     0.000
     0.000
     0.000
     0.000
     0.000
     0.000
     0.000
     0.000
     0.000
     0.000
     0.000
     0.000
     0.000
     0.000
     0.000
     0.000
     0.000
     0.000
     0.000
     0.000
     0.000
     0.000
     0.000
     0.000
     0.000
     0.000
     0.000
     0.000
     0.000
     0.000
     0.000
     0.000
     0.000
     0.000
     0.000
     0.000
     0.000
     0.000
     0.000
     0.000
     0.000
     0.000
     0.000
     0.000
     0.001
     0.001
     0.003
     0.008
     0.019
     0.034
     0.045
     0.044
     0.057
     0.082
     0.082
     0.056
     0.040
     0.038
     0.032
     0.026
     0.054
     0.060
     0.041
     0.028
     0.020
     0.005
     0.034
     0.056
     0.060
     0.053
     0.035
     0.016
     0.006
     0.002
     0.000
     0.000
     0.000
     0.000
     0.000
     0.000
     0.000
     0.000
     0.000
     0.000
     0.000
     0.000
     0.000
     0.000
     0.000
     0.000
     0.000
     0.000
     0.000
     0.000
     0.000
     0.000
     0.000
     0.000
     0.000
     0.000
     0.000
     0.000
     0.000
     0.000
     0.000
     0.000
     0.000
     0.000
     0.000
     0.000
     0.000
     0.000
     0.000
     0.000
     0.000
     0.000
     0.000
     0.000
     0.000
     0.000
     0.000
     0.000
     0.000
     0.000
     0.000
     0.000
     0.001
     0.002
     0.005
     0.014
     0.032
     0.054
     0.070
     0.083
     0.070
     0.034
     0.003
     0.014
     0.022
     0.032
     0.019
     0.020
     0.050
     0.039
     0.022
     0.023
     0.044
     0.056
     0.039
     0.032
     0.042
     0.036
     0.020
     0.009
     0.003
     0.001
     0.001
     0.000
     0.000
     0.000
     0.000
     0.000
     0.000
     0.000
     0.000
     0.000
     0.000
     0.000
     0.000
     0.000
     0.000
     0.000
     0.000
     0.000
     0.000
     0.000
     0.000
     0.000
     0.000
     0.000
     0.000
     0.000
     0.000
     0.000
     0.000
     0.000
     0.000
     0.000
     0.000
     0.000
     0.000
     0.000
     0.000
     0.000
     0.000
     0.000
     0.000
     0.000
     0.000
     0.000
     0.000
     0.000
     0.000
     0.000
     0.000
     0.000
     0.000
     0.000
     0.001
     0.004
     0.012
     0.033
     0.067
     0.096
     0.089
     0.038
     0.004
     0.016
     0.018
     0.022
     0.034
     0.034
     0.019
     0.051
     0.058
     0.063
     0.074
     0.078
     0.060
     0.036
     0.023
     0.029
     0.034
     0.023
     0.011
     0.005
     0.002
     0.001
     0.000
     0.000
     0.000
     0.000
     0.000
     0.000
     0.000
     0.000
     0.000
     0.000
     0.000
     0.000
     0.000
     0.000
     0.000
     0.000
     0.000
     0.000
     0.000
     0.000
     0.000
     0.000
     0.000
     0.000
     0.000
     0.000
     0.000
     0.000
     0.000
     0.000
     0.000
     0.000
     0.000
     0.000
     0.000
     0.000
     0.000
     0.000
     0.000
     0.000
     0.000
     0.000
     0.000
     0.000
     0.000
     0.000
     0.000
     0.000
     0.000
     0.001
     0.001
     0.003
     0.006
     0.015
     0.039
     0.077
     0.104
     0.073
     0.009
     0.020
     0.016
     0.009
     0.010
     0.021
     0.026
     0.017
     0.059
     0.077
     0.078
     0.082
     0.073
     0.053
     0.042
     0.034
     0.022
     0.026
     0.021
     0.012
     0.005
     0.002
     0.001
     0.000
     0.000
     0.000
     0.000
     0.000
     0.000
     0.000
     0.000
     0.000
     0.000
     0.000
     0.000
     0.000
     0.000
     0.000
     0.000
     0.000
     0.000
     0.000
     0.000
     0.000
     0.000
     0.000
     0.000
     0.000
     0.000
     0.000
     0.000
     0.000
     0.000
     0.000
     0.000
     0.000
     0.000
     0.000
     0.000
     0.000
     0.000
     0.000
     0.000
     0.000
     0.000
     0.000
     0.000
     0.000
     0.000
     0.000
     0.000
     0.001
     0.002
     0.003
     0.006
     0.013
     0.024
     0.043
     0.072
     0.096
     0.066
     0.004
     0.021
     0.014
     0.004
     0.003
     0.013
     0.021
     0.009
     0.063
     0.100
     0.082
     0.059
     0.043
     0.032
     0.032
     0.032
     0.027
     0.024
     0.018
     0.010
     0.004
     0.002
     0.001
     0.000
     0.000
     0.000
     0.000
     0.000
     0.000
     0.000
     0.000
     0.000
     0.000
     0.000
     0.000
     0.000
     0.000
     0.000
     0.000
     0.000
     0.000
     0.000
     0.000
     0.000
     0.000
     0.000
     0.000
     0.000
     0.000
     0.000
     0.000
     0.000
     0.000
     0.000
     0.000
     0.000
     0.000
     0.000
     0.000
     0.000
     0.000
     0.000
     0.000
     0.000
     0.000
     0.000
     0.000
     0.000
     0.000
     0.000
     0.000
     0.001
     0.002
     0.005
     0.011
     0.020
     0.033
     0.045
     0.055
     0.077
     0.068
     0.016
     0.015
     0.016
     0.009
     0.008
     0.013
     0.017
     0.012
     0.072
     0.105
     0.082
     0.042
     0.019
     0.013
     0.016
     0.019
     0.019
     0.017
     0.013
     0.007
     0.003
     0.001
     0.001
     0.000
     0.000
     0.000
     0.000
     0.000
     0.000
     0.000
     0.000
     0.000
     0.000
     0.000
     0.000
     0.000
     0.000
     0.000
     0.000
     0.000
     0.000
     0.000
     0.000
     0.000
     0.000
     0.000
     0.000
     0.000
     0.000
     0.000
     0.000
     0.000
     0.000
     0.000
     0.000
     0.000
     0.000
     0.000
     0.000
     0.000
     0.000
     0.000
     0.000
     0.000
     0.000
     0.000
     0.000
     0.000
     0.000
     0.000
     0.000
     0.001
     0.003
     0.007
     0.014
     0.024
     0.031
     0.032
     0.037
     0.059
     0.076
     0.037
     0.009
     0.021
     0.017
     0.018
     0.017
     0.002
     0.038
     0.086
     0.095
     0.068
     0.033
     0.011
     0.003
     0.006
     0.008
     0.009
     0.009
     0.007
     0.004
     0.002
     0.001
     0.000
     0.000
     0.000
     0.000
     0.000
     0.000
     0.000
     0.000
     0.000
     0.000
     0.000
     0.000
     0.000
     0.000
     0.000
     0.000
     0.000
     0.000
     0.000
     0.000
     0.000
     0.000
     0.000
     0.000
     0.000
     0.000
     0.000
     0.000
     0.000
     0.000
     0.000
     0.000
     0.000
     0.000
     0.000
     0.000
     0.000
     0.000
     0.000
     0.000
     0.000
     0.000
     0.000
     0.000
     0.000
     0.000
     0.000
     0.000
     0.000
     0.001
     0.003
     0.007
     0.016
     0.023
     0.024
     0.028
     0.041
     0.060
     0.090
     0.070
     0.022
     0.004
     0.010
     0.016
     0.007
     0.028
     0.066
     0.078
     0.065
     0.052
     0.031
     0.014
     0.004
     0.001
     0.003
     0.004
     0.004
     0.003
     0.002
     0.001
     0.000
     0.000
     0.000
     0.000
     0.000
     0.000
     0.000
     0.000
     0.000
     0.000
     0.000
     0.000
     0.000
     0.000
     0.000
     0.000
     0.000
     0.000
     0.000
     0.000
     0.000
     0.000
     0.000
     0.000
     0.000
     0.000
     0.000
     0.000
     0.000
     0.000
     0.000
     0.000
     0.000
     0.000
     0.000
     0.000
     0.000
     0.000
     0.000
     0.000
     0.000
     0.000
     0.000
     0.000
     0.000
     0.000
     0.000
     0.000
     0.000
     0.000
     0.001
     0.002
     0.006
     0.013
     0.020
     0.027
     0.035
     0.044
     0.060
     0.091
     0.098
     0.074
     0.048
     0.033
     0.028
     0.043
     0.075
     0.082
     0.053
     0.040
     0.043
     0.033
     0.018
     0.008
     0.003
     0.001
     0.002
     0.002
     0.001
     0.001
     0.000
     0.000
     0.000
     0.000
     0.000
     0.000
     0.000
     0.000
     0.000
     0.000
     0.000
     0.000
     0.000
     0.000
     0.000
     0.000
     0.000
     0.000
     0.000
     0.000
     0.000
     0.000
     0.000
     0.000
     0.000
     0.000
     0.000
     0.000
     0.000
     0.000
     0.000
     0.000
     0.000
     0.000
     0.000
     0.000
     0.000
     0.000
     0.000
     0.000
     0.000
     0.000
     0.000
     0.000
     0.000
     0.000
     0.000
     0.000
     0.000
     0.000
     0.000
     0.001
     0.002
     0.004
     0.008
     0.013
     0.018
     0.024
     0.029
     0.043
     0.071
     0.091
     0.090
     0.078
     0.076
     0.086
     0.096
     0.100
     0.077
     0.046
     0.028
     0.029
     0.030
     0.020
     0.010
     0.004
     0.002
     0.001
     0.001
     0.001
     0.000
     0.000
     0.000
     0.000
     0.000
     0.000
     0.000
     0.000
     0.000
     0.000
     0.000
     0.000
     0.000
     0.000
     0.000
     0.000
     0.000
     0.000
     0.000
     0.000
     0.000
     0.000
     0.000
     0.000
     0.000
     0.000
     0.000
     0.000
     0.000
     0.000
     0.000
     0.000
     0.000
     0.000
     0.000
     0.000
     0.000
     0.000
     0.000
     0.000
     0.000
     0.000
     0.000
     0.000
     0.000
     0.000
     0.000
     0.000
     0.000
     0.000
     0.000
     0.000
     0.000
     0.001
     0.002
     0.004
     0.007
     0.009
     0.011
     0.014
     0.023
     0.042
     0.058
     0.060
     0.053
     0.061
     0.082
     0.092
     0.083
     0.060
     0.047
     0.037
     0.025
     0.025
     0.019
     0.010
     0.005
     0.002
     0.001
     0.001
     0.000
     0.000
     0.000
     0.000
     0.000
     0.000
     0.000
     0.000
     0.000
     0.000
     0.000
     0.000
     0.000
     0.000
     0.000
     0.000
     0.000
     0.000
     0.000
     0.000
     0.000
     0.000
     0.000
     0.000
     0.000
     0.000
     0.000
     0.000
     0.000
     0.000
     0.000
     0.000
     0.000
     0.000
     0.000
     0.000
     0.000
     0.000
     0.000
     0.000
     0.000
     0.000
     0.000
     0.000
     0.000
     0.000
     0.000
     0.000
     0.000
     0.000
     0.000
     0.000
     0.000
     0.000
     0.001
     0.001
     0.002
     0.003
     0.004
     0.004
     0.005
     0.011
     0.024
     0.040
     0.045
     0.033
     0.044
     0.055
     0.055
     0.046
     0.035
     0.033
     0.032
     0.027
     0.023
     0.016
     0.009
     0.004
     0.002
     0.001
     0.000
     0.000
     0.000
     0.000
     0.000
     0.000
     0.000
     0.000
     0.000
     0.000
     0.000
     0.000
     0.000
     0.000
     0.000
     0.000
     0.000
     0.000
     0.000
     0.000
     0.000
     0.000
     0.000
     0.000
     0.000
     0.000
     0.000
     0.000
     0.000
     0.000
     0.000
     0.000
     0.000
     0.000
     0.000
     0.000
     0.000
     0.000
     0.000
     0.000
     0.000
     0.000
     0.000
     0.000
     0.000
     0.000
     0.000
     0.000
     0.000
     0.000
     0.000
     0.000
     0.000
     0.000
     0.000
     0.000
     0.001
     0.001
     0.001
     0.001
     0.001
     0.002
     0.007
     0.017
     0.031
     0.035
     0.024
     0.039
     0.039
     0.028
     0.019
     0.015
     0.016
     0.018
     0.017
     0.015
     0.010
     0.006
     0.003
     0.001
     0.001
     0.000
     0.000
     0.000
     0.000
     0.000
     0.000
     0.000
     0.000
     0.000
     0.000
     0.000
     0.000
     0.000
     0.000
     0.000
     0.000
     0.000
     0.000
     0.000
     0.000
     0.000
     0.000
     0.000
     0.000
     0.000
     0.000
     0.000
     0.000
     0.000
     0.000
     0.000
     0.000
     0.000
     0.000
     0.000
     0.000
     0.000
     0.000
     0.000
     0.000
     0.000
     0.000
     0.000
     0.000
     0.000
     0.000
     0.000
     0.000
     0.000
     0.000
     0.000
     0.000
     0.000
     0.000
     0.000
     0.000
     0.000
     0.000
     0.001
     0.000
     0.000
     0.002
     0.005
     0.013
     0.023
     0.027
     0.025
     0.031
     0.026
     0.015
     0.008
     0.005
     0.006
     0.008
     0.008
     0.007
     0.005
     0.003
     0.001
     0.001
     0.000
     0.000
     0.000
     0.000
     0.000
     0.000
     0.000
     0.000
     0.000
     0.000
     0.000
     0.000
     0.000
     0.000
     0.000
     0.000
     0.000
     0.000
     0.000
     0.000
     0.000
     0.000
     0.000
     0.000
     0.000
     0.000
     0.000
     0.000
     0.000
     0.000
     0.000
     0.000
     0.000
     0.000
     0.000
     0.000
     0.000
     0.000
     0.000
     0.000
     0.000
     0.000
     0.000
     0.000
     0.000
     0.000
     0.000
     0.000
     0.000
     0.000
     0.000
     0.000
     0.000
     0.000
     0.000
     0.000
     0.000
     0.000
     0.000
     0.000
     0.000
     0.001
     0.002
     0.004
     0.009
     0.016
     0.021
     0.023
     0.021
     0.015
     0.008
     0.004
     0.001
     0.002
     0.003
     0.003
     0.003
     0.002
     0.001
     0.001
     0.000
     0.000
     0.000
     0.000
     0.000
     0.000
     0.000
     0.000
     0.000
     0.000
     0.000
     0.000
     0.000
     0.000
     0.000
     0.000
     0.000
     0.000
     0.000
     0.000
     0.000
     0.000
     0.000
     0.000
     0.000
     0.000
     0.000
     0.000
     0.000
     0.000
     0.000
     0.000
     0.000
     0.000
     0.000
     0.000
     0.000
     0.000
     0.000
     0.000
     0.000
     0.000
     0.000
     0.000
     0.000
     0.000
     0.000
     0.000
     0.000
     0.000
     0.000
     0.000
     0.000
     0.000
     0.000
     0.000
     0.000
     0.000
     0.000
     0.000
     0.000
     0.000
     0.001
     0.001
     0.003
     0.005
     0.009
     0.013
     0.015
     0.012
     0.008
     0.004
     0.002
     0.000
     0.001
     0.001
     0.001
     0.001
     0.001
     0.001
     0.000
     0.000
     0.000
     0.000
     0.000
     0.000
     0.000
     0.000
     0.000
     0.000
     0.000
     0.000
     0.000
     0.000
     0.000
     0.000
     0.000
     0.000
     0.000
     0.000
     0.000
     0.000
     0.000
     0.000
     0.000
     0.000
     0.000
     0.000
     0.000
     0.000
     0.000
     0.000
     0.000
     0.000
     0.000
     0.000
     0.000
     0.000
     0.000
     0.000
     0.000
     0.000
     0.000
     0.000
     0.000
     0.000
     0.000
     0.000
     0.000
     0.000
     0.000
     0.000
     0.000
     0.000
     0.000
     0.000
     0.000
     0.000
     0.000
     0.000
     0.000
     0.000
     0.000
     0.000
     0.001
     0.002
     0.003
     0.004
     0.006
     0.007
     0.006
     0.004
     0.002
     0.001
     0.000
     0.000
     0.001
     0.001
     0.001
     0.000
     0.000
     0.000
     0.000
     0.000
     0.000
     0.000
     0.000
     0.000
     0.000
     0.000
     0.000
     0.000
     0.000
     0.000
     0.000
     0.000
     0.000
     0.000
     0.000
     0.000
     0.000
     0.000
     0.000
     0.000
     0.000
     0.000
     0.000
     0.000
     0.000
     0.000
     0.000
     0.000
     0.000
     0.000
     0.000
     0.000
     0.000
     0.000
     0.000
     0.000
     0.000
     0.000
     0.000
     0.000
     0.000
     0.000
     0.000
     0.000
     0.000
     0.000
     0.000
     0.000
     0.000
     0.000
     0.000
     0.000
     0.000
     0.000
     0.000
     0.000
     0.000
     0.000
     0.000
     0.000
     0.000
     0.000
     0.001
     0.001
     0.002
     0.002
     0.003
     0.002
     0.002
     0.001
     0.001
     0.000
     0.000
     0.000
     0.000
     0.000
     0.000
     0.000
     0.000
     0.000
     0.000
     0.000
     0.000
     0.000
     0.000
     0.000
     0.000
     0.000
     0.000
     0.000
     0.000
     0.000
     0.000
     0.000
     0.000
     0.000
     0.000
     0.000
     0.000
     0.000
     0.000
     0.000
     0.000
     0.000
     0.000
     0.000
     0.000
     0.000
     0.000
     0.000
     0.000
     0.000
     0.000
     0.000
     0.000
     0.000
     0.000
     0.000
     0.000
     0.000
     0.000
     0.000
     0.000
     0.000
     0.000
     0.000
     0.000
     0.000
     0.000
     0.000
     0.000
     0.000
     0.000
     0.000
     0.000
     0.000
     0.000
     0.000
     0.000
     0.000
     0.000
     0.000
     0.000
     0.000
     0.000
     0.001
     0.001
     0.001
     0.001
     0.001
     0.001
     0.000
     0.000
     0.000
     0.000
     0.000
     0.000
     0.000
     0.000
     0.000
     0.000
     0.000
     0.000
     0.000
     0.000
     0.000
     0.000
     0.000
     0.000
     0.000
     0.000
     0.000
     0.000
     0.000
     0.000
     0.000
     0.000
     0.000
     0.000
     0.000
     0.000
     0.000
     0.000
     0.000
     0.000
     0.000
     0.000
     0.000
     0.000
     0.000
     0.000
     0.000
     0.000
     0.000
     0.000
     0.000
     0.000
     0.000
     0.000
     0.000
     0.000
     0.000
     0.000
     0.000
     0.000
     0.000
     0.000
     0.000
     0.000
     0.000
     0.000
     0.000
     0.000
     0.000
     0.000
     0.000
     0.000
     0.000
     0.000
     0.000
     0.000
     0.000
     0.000
     0.000
     0.000
     0.000
     0.000
     0.000
     0.000
     0.000
     0.000
     0.000
     0.000
     0.000
     0.000
     0.000
     0.000
     0.000
     0.000
     0.000
     0.000
     0.000
     0.000
     0.000
     0.000
     0.000
     0.000
     0.000
     0.000
     0.000
     0.000
     0.000
     0.000
     0.000
     0.000
     0.000
     0.000
     0.000
     0.000
     0.000
     0.000
     0.000
     0.000
     0.000
     0.000
     0.000
     0.000
     0.000
     0.000
     0.000
     0.000
     0.000
     0.000
     0.000
     0.000
     0.000
     0.000
     0.000
     0.000
     0.000
     0.000
     0.000
     0.000
     0.000
     0.000
     0.000
     0.000
     0.000
     0.000
     0.000
     0.000
     0.000
     0.000
     0.000
     0.000
     0.000
     0.000
     0.000
     0.000
     0.000
     0.000
     0.000
     0.000
     0.000
     0.000
     0.000
     0.000
     0.000
     0.000
     0.000
     0.000
     0.000
     0.000
     0.000
     0.000
     0.000
     0.000
     0.000
     0.000
     0.000
     0.000
     0.000
     0.000
     0.000
     0.000
     0.000
     0.000
     0.000
     0.000
     0.000
     0.000
     0.000
     0.000
     0.000
     0.000
     0.000
     0.000
     0.000
     0.000
     0.000
     0.000
     0.000
     0.000
     0.000
     0.000
     0.000
     0.000
     0.000
     0.000
     0.000
     0.000
     0.000
     0.000
     0.000
     0.000
     0.000
     0.000
     0.000
     0.000
     0.000
     0.000
     0.000
     0.000
     0.000
     0.000
     0.000
     0.000
     0.000
     0.000
     0.000
     0.000
     0.000
     0.000
     0.000
     0.000
     0.000
     0.000
     0.000
     0.000
     0.000
     0.000
     0.000
     0.000
     0.000
     0.000
     0.000
     0.000
     0.000
     0.000
     0.000
     0.000
     0.000
     0.000
     0.000
     0.000
     0.000
     0.000
     0.000
     0.000
     0.000
     0.000
     0.000
     0.000
     0.000
     0.000
     0.000
     0.000
     0.000
     0.000
     0.000
     0.000
     0.000
     0.000
     0.000
     0.000
     0.000
     0.000
     0.000
     0.000
     0.000
     0.000
     0.000
     0.000
     0.000
     0.000
     0.000
     0.000
     0.000
     0.000
     0.000
     0.000
     0.000
     0.000
     0.000
     0.000
     0.000
     0.000
     0.000
     0.000
     0.000
     0.000
     0.000
     0.000
     0.000
     0.000
     0.000
     0.000
     0.000
     0.000
     0.000
     0.000
     0.000
     0.000
     0.000
     0.000
     0.000
     0.000
     0.000
     0.000
     0.000
     0.000
     0.000
     0.000
     0.000
     0.000
     0.000
     0.000
     0.000
     0.000
     0.000
     0.000
     0.000
     0.000
     0.000
     0.000
     0.000
     0.000
     0.000
     0.000
     0.000
     0.000
     0.000
     0.000
     0.000
     0.000
     0.000
     0.000
     0.000
     0.000
     0.000
     0.000
     0.000
     0.000
     0.000
     0.000
     0.000
     0.000
     0.000
     0.000
     0.000
     0.000
     0.000
     0.000
     0.000
     0.000
     0.000
     0.000
     0.000
     0.000
     0.000
     0.000
     0.000
     0.000
     0.000
     0.000
     0.000
     0.000
     0.000
     0.000
     0.000
     0.000
     0.000
     0.000
     0.000
     0.000
     0.000
     0.000
     0.000
     0.000
     0.000
     0.000
     0.000
     0.000
     0.000
     0.000
     0.000
     0.000
     0.000
     0.000
     0.000
     0.000
     0.000
     0.000
     0.000
     0.000
     0.000
     0.000
     0.000
     0.000
     0.000
     0.000
     0.000
     0.000
     0.000
     0.000
     0.000
     0.000
     0.000
     0.000
     0.000
     0.000
     0.000
     0.000
     0.000
     0.000
     0.000
     0.000
     0.000
     0.000
     0.000
     0.000
     0.000
     0.000
     0.000
     0.000
     0.000
     0.000
     0.000
     0.000
     0.000
     0.000
     0.000
     0.000
     0.000
     0.000
     0.000
     0.000
     0.000
     0.000
     0.000
     0.000
     0.000
     0.000
     0.000
     0.000
     0.000
     0.000
     0.000
     0.000
     0.000
     0.000
     0.000
     0.000
     0.000
     0.000
     0.000
     0.000
     0.000
     0.000
     0.000
     0.000
     0.000
     0.000
     0.000
     0.000
     0.000
     0.000
     0.000
     0.000
     0.000
     0.000
     0.000
     0.000
     0.000
     0.000
     0.000
     0.000
     0.000
     0.000
     0.000
     0.000
     0.000
     0.000
     0.000
     0.000
     0.000
     0.000
     0.000
     0.000
     0.000
     0.000
     0.000
     0.000
     0.000
     0.000
     0.000
     0.000
     0.000
     0.000
     0.000
     0.000
     0.000
     0.000
     0.000
     0.000
     0.000
     0.000
     0.000
     0.000
     0.000
     0.000
     0.000
     0.000
     0.000
     0.000
     0.000
     0.000
     0.000
     0.000
     0.000
     0.000
     0.000
     0.000
     0.000
     0.000
     0.000
     0.000
     0.000
     0.000
     0.000
     0.000
     0.000
     0.000
     0.000
     0.000
     0.000
     0.000
     0.000
     0.000
     0.000
     0.000
     0.000
     0.000
     0.000
     0.000
     0.000
     0.000
     0.000
     0.000
     0.000
     0.000
     0.000
     0.000
     0.000
     0.000
     0.000
     0.000
     0.000
     0.000
     0.000
     0.000
     0.000
     0.000
     0.000
     0.000
     0.000
     0.000
     0.000
     0.000
     0.000
     0.000
     0.000
     0.000
     0.000
     0.000
     0.000
     0.000
     0.000
     0.000
     0.000
     0.000
     0.000
     0.000
     0.000
     0.000
     0.000
     0.000
     0.000
     0.000
     0.000
     0.000
     0.000
     0.000
     0.000
     0.000
     0.000
     0.000
     0.000
     0.000
     0.000
     0.000
     0.000
     0.000
     0.000
     0.000
     0.000
     0.000
     0.000
     0.000
     0.000
     0.000
     0.000
     0.000
     0.000
     0.000
     0.000
     0.000
     0.000
     0.000
     0.000
     0.000
     0.000
     0.000
     0.000
     0.000
     0.000
     0.000
     0.000
     0.000
     0.000
     0.000
     0.000
     0.000
     0.000
     0.000
     0.000
     0.000
     0.000
     0.000
     0.000
     0.000
     0.000
     0.000
     0.000
     0.000
     0.000
     0.000
     0.000
     0.000
     0.000
     0.000
     0.000
     0.000
     0.000
     0.000
     0.000
     0.000
     0.000
     0.000
     0.000
     0.000
     0.000
     0.000
     0.000
     0.000
     0.000
     0.000
     0.000
     0.000
     0.000
     0.000
     0.000
     0.000
     0.000
     0.000
     0.000
     0.000
     0.000
     0.000
     0.000
     0.000
     0.000
     0.000
     0.000
     0.000
     0.000
     0.000
     0.000
     0.000
     0.000
     0.000
     0.000
     0.000
     0.000
     0.000
     0.000
     0.000
     0.000
     0.000
     0.000
     0.000
     0.000
     0.000
     0.000
     0.000
     0.000
     0.000
     0.000
     0.000
     0.000
     0.000
     0.000
     0.000
     0.000
     0.000
     0.000
     0.000
     0.000
     0.000
     0.000
     0.000
     0.000
     0.000
     0.000
     0.000
     0.000
     0.000
     0.000
     0.000
     0.000
     0.000
     0.000
     0.000
     0.000
     0.000
     0.000
     0.000
     0.000
     0.000
     0.000
     0.000
     0.000
     0.000
     0.000
     0.000
     0.000
     0.000
     0.000
     0.000
     0.000
     0.000
     0.000
     0.000
     0.000
     0.000
     0.000
     0.000
     0.000
     0.000
     0.000
     0.000
     0.000
     0.000
     0.000
     0.000
     0.000
     0.000
     0.000
     0.000
     0.000
     0.000
     0.000
     0.000
     0.000
     0.000
     0.000
     0.000
     0.000
     0.000
     0.000
     0.000
     0.000
     0.000
     0.000
     0.000
     0.000
     0.000
     0.000
     0.000
     0.000
     0.000
     0.000
     0.000
     0.000
     0.000
     0.000
     0.000
     0.000
     0.000
     0.000
     0.000
     0.000
     0.000
     0.000
     0.000
     0.000
     0.000
     0.000
     0.000
     0.000
     0.000
     0.000
     0.000
     0.000
     0.000
     0.000
     0.000
     0.000
     0.000
     0.000
     0.000
     0.000
     0.000
     0.000
     0.000
     0.000
     0.000
     0.000
     0.000
     0.000
     0.000
     0.000
     0.000
     0.000
     0.000
     0.000
     0.000
     0.000
     0.000
     0.000
     0.000
     0.000
     0.000
     0.000
     0.000
     0.000
     0.000
     0.000
     0.000
     0.000
     0.000
     0.000
     0.000
     0.000
     0.000
     0.000
     0.000
     0.000
     0.000
     0.000
     0.000
     0.000
     0.000
     0.000
     0.000
     0.000
     0.000
     0.000
     0.000
     0.000
     0.000
     0.000
     0.000
     0.000
     0.000
     0.000
     0.000
     0.000
     0.000
     0.000
     0.000
     0.000
     0.000
     0.000
     0.000
     0.000
     0.000
     0.000
     0.000
     0.000
     0.000
     0.000
     0.000
     0.000
     0.000
     0.000
     0.000
     0.000
     0.000
     0.000
     0.000
     0.000
     0.000
     0.000
     0.000
     0.000
     0.000
     0.000
     0.000
     0.000
     0.000
     0.000
     0.000
     0.000
     0.000
     0.000
     0.000
     0.000
     0.000
     0.000
     0.000
     0.000
     0.000
     0.000
     0.000
     0.000
     0.000
     0.000
     0.000
     0.000
     0.000
     0.000
     0.000
     0.000
     0.000
     0.000
     0.000
     0.000
     0.000
     0.000
     0.000
     0.000
     0.000
     0.000
     0.000
     0.000
     0.000
     0.000
     0.000
     0.000
     0.000
     0.000
     0.000
     0.000
     0.000
     0.000
     0.000
     0.000
     0.000
     0.000
     0.000
     0.000
     0.000
     0.000
     0.000
     0.000
     0.000
     0.000
     0.000
     0.000
     0.000
     0.000
     0.000
     0.000
     0.000
     0.000
     0.000
     0.000
     0.000
     0.000
     0.000
     0.000
     0.000
     0.000
     0.000
     0.000
     0.000
     0.000
     0.000
     0.000
     0.000
     0.000
     0.000
     0.000
     0.000
     0.000
     0.000
     0.000
     0.000
     0.000
     0.000
     0.000
     0.000
     0.000
     0.000
     0.000
     0.000
     0.000
     0.000
     0.000
     0.000
     0.000
     0.000
     0.000
     0.000
     0.000
     0.000
     0.000
     0.000
     0.000
     0.000
     0.000
     0.000
     0.000
     0.000
     0.000
     0.000
     0.000
     0.000
     0.000
     0.000
     0.000
     0.000
     0.000
     0.000
     0.000
     0.000
     0.000
     0.000
     0.000
     0.000
     0.000
     0.000
     0.000
     0.000
     0.000
     0.000
     0.000
     0.000
     0.000
     0.000
     0.000
     0.000
     0.000
     0.000
     0.000
     0.000
     0.000
     0.000
     0.000
     0.000
     0.000
     0.000
     0.000
     0.000
     0.000
     0.000
     0.000
     0.000
     0.000
     0.000
     0.000
     0.000
     0.000
     0.000
     0.000
     0.000
     0.000
     0.000
     0.000
     0.000
     0.000
     0.000
     0.000
     0.000
     0.000
     0.000
     0.000
     0.000
     0.000
     0.000
     0.000
     0.000
     0.000
     0.000
     0.000
     0.000
     0.000
     0.000
     0.000
     0.000
     0.000
     0.000
     0.000
     0.000
     0.000
     0.000
     0.000
     0.000
     0.000
     0.000
     0.000
     0.000
     0.000
     0.000
     0.000
     0.000
     0.000
     0.000
     0.000
     0.000
     0.000
     0.000
     0.000
     0.000
     0.000
     0.000
     0.000
     0.000
     0.000
     0.000
     0.000
     0.000
     0.000
     0.000
     0.000
     0.000
     0.000
     0.000
     0.000
     0.000
     0.000
     0.000
     0.000
     0.000
     0.000
     0.000
     0.000
     0.000
     0.000
     0.000
     0.000
     0.000
     0.000
     0.000
     0.000
     0.000
     0.000
     0.000
     0.000
     0.000
     0.000
     0.000
     0.000
     0.000
     0.000
     0.000
     0.000
     0.000
     0.000
     0.000
     0.000
     0.000
     0.000
     0.000
     0.000
