# vtk DataFile Version 3.0
Predicted magnetic field
ASCII

DATASET STRUCTURED_GRID
DIMENSIONS 81 81 1
POINTS 6561 float
    -10.584000 -10.584000  0.529000
    -10.584000 -10.319000  0.529000
    -10.584000 -10.054000  0.529000
    -10.584000 -9.790000  0.529000
    -10.584000 -9.525000  0.529000
    -10.584000 -9.261000  0.529000
    -10.584000 -8.996000  0.529000
    -10.584000 -8.731000  0.529000
    -10.584000 -8.467000  0.529000
    -10.584000 -8.202000  0.529000
    -10.584000 -7.938000  0.529000
    -10.584000 -7.673000  0.529000
    -10.584000 -7.408000  0.529000
    -10.584000 -7.144000  0.529000
    -10.584000 -6.879000  0.529000
    -10.584000 -6.615000  0.529000
    -10.584000 -6.350000  0.529000
    -10.584000 -6.086000  0.529000
    -10.584000 -5.821000  0.529000
    -10.584000 -5.556000  0.529000
    -10.584000 -5.292000  0.529000
    -10.584000 -5.027000  0.529000
    -10.584000 -4.763000  0.529000
    -10.584000 -4.498000  0.529000
    -10.584000 -4.233000  0.529000
    -10.584000 -3.969000  0.529000
    -10.584000 -3.704000  0.529000
    -10.584000 -3.440000  0.529000
    -10.584000 -3.175000  0.529000
    -10.584000 -2.910000  0.529000
    -10.584000 -2.646000  0.529000
    -10.584000 -2.381000  0.529000
    -10.584000 -2.117000  0.529000
    -10.584000 -1.852000  0.529000
    -10.584000 -1.588000  0.529000
    -10.584000 -1.323000  0.529000
    -10.584000 -1.058000  0.529000
    -10.584000 -0.794000  0.529000
    -10.584000 -0.529000  0.529000
    -10.584000 -0.265000  0.529000
    -10.584000  0.000000  0.529000
    -10.584000  0.265000  0.529000
    -10.584000  0.529000  0.529000
    -10.584000  0.794000  0.529000
    -10.584000  1.058000  0.529000
    -10.584000  1.323000  0.529000
    -10.584000  1.588000  0.529000
    -10.584000  1.852000  0.529000
    -10.584000  2.117000  0.529000
    -10.584000  2.381000  0.529000
    -10.584000  2.646000  0.529000
    -10.584000  2.910000  0.529000
    -10.584000  3.175000  0.529000
    -10.584000  3.440000  0.529000
    -10.584000  3.704000  0.529000
    -10.584000  3.969000  0.529000
    -10.584000  4.233000  0.529000
    -10.584000  4.498000  0.529000
    -10.584000  4.763000  0.529000
    -10.584000  5.027000  0.529000
    -10.584000  5.292000  0.529000
    -10.584000  5.556000  0.529000
    -10.584000  5.821000  0.529000
    -10.584000  6.086000  0.529000
    -10.584000  6.350000  0.529000
    -10.584000  6.615000  0.529000
    -10.584000  6.879000  0.529000
    -10.584000  7.144000  0.529000
    -10.584000  7.408000  0.529000
    -10.584000  7.673000  0.529000
    -10.584000  7.938000  0.529000
    -10.584000  8.202000  0.529000
    -10.584000  8.467000  0.529000
    -10.584000  8.731000  0.529000
    -10.584000  8.996000  0.529000
    -10.584000  9.261000  0.529000
    -10.584000  9.525000  0.529000
    -10.584000  9.790000  0.529000
    -10.584000  10.054000  0.529000
    -10.584000  10.319000  0.529000
    -10.584000  10.584000  0.529000
    -10.319000 -10.584000  0.529000
    -10.319000 -10.319000  0.529000
    -10.319000 -10.054000  0.529000
    -10.319000 -9.790000  0.529000
    -10.319000 -9.525000  0.529000
    -10.319000 -9.261000  0.529000
    -10.319000 -8.996000  0.529000
    -10.319000 -8.731000  0.529000
    -10.319000 -8.467000  0.529000
    -10.319000 -8.202000  0.529000
    -10.319000 -7.938000  0.529000
    -10.319000 -7.673000  0.529000
    -10.319000 -7.408000  0.529000
    -10.319000 -7.144000  0.529000
    -10.319000 -6.879000  0.529000
    -10.319000 -6.615000  0.529000
    -10.319000 -6.350000  0.529000
    -10.319000 -6.086000  0.529000
    -10.319000 -5.821000  0.529000
    -10.319000 -5.556000  0.529000
    -10.319000 -5.292000  0.529000
    -10.319000 -5.027000  0.529000
    -10.319000 -4.763000  0.529000
    -10.319000 -4.498000  0.529000
    -10.319000 -4.233000  0.529000
    -10.319000 -3.969000  0.529000
    -10.319000 -3.704000  0.529000
    -10.319000 -3.440000  0.529000
    -10.319000 -3.175000  0.529000
    -10.319000 -2.910000  0.529000
    -10.319000 -2.646000  0.529000
    -10.319000 -2.381000  0.529000
    -10.319000 -2.117000  0.529000
    -10.319000 -1.852000  0.529000
    -10.319000 -1.588000  0.529000
    -10.319000 -1.323000  0.529000
    -10.319000 -1.058000  0.529000
    -10.319000 -0.794000  0.529000
    -10.319000 -0.529000  0.529000
    -10.319000 -0.265000  0.529000
    -10.319000  0.000000  0.529000
    -10.319000  0.265000  0.529000
    -10.319000  0.529000  0.529000
    -10.319000  0.794000  0.529000
    -10.319000  1.058000  0.529000
    -10.319000  1.323000  0.529000
    -10.319000  1.588000  0.529000
    -10.319000  1.852000  0.529000
    -10.319000  2.117000  0.529000
    -10.319000  2.381000  0.529000
    -10.319000  2.646000  0.529000
    -10.319000  2.910000  0.529000
    -10.319000  3.175000  0.529000
    -10.319000  3.440000  0.529000
    -10.319000  3.704000  0.529000
    -10.319000  3.969000  0.529000
    -10.319000  4.233000  0.529000
    -10.319000  4.498000  0.529000
    -10.319000  4.763000  0.529000
    -10.319000  5.027000  0.529000
    -10.319000  5.292000  0.529000
    -10.319000  5.556000  0.529000
    -10.319000  5.821000  0.529000
    -10.319000  6.086000  0.529000
    -10.319000  6.350000  0.529000
    -10.319000  6.615000  0.529000
    -10.319000  6.879000  0.529000
    -10.319000  7.144000  0.529000
    -10.319000  7.408000  0.529000
    -10.319000  7.673000  0.529000
    -10.319000  7.938000  0.529000
    -10.319000  8.202000  0.529000
    -10.319000  8.467000  0.529000
    -10.319000  8.731000  0.529000
    -10.319000  8.996000  0.529000
    -10.319000  9.261000  0.529000
    -10.319000  9.525000  0.529000
    -10.319000  9.790000  0.529000
    -10.319000  10.054000  0.529000
    -10.319000  10.319000  0.529000
    -10.319000  10.584000  0.529000
    -10.054000 -10.584000  0.529000
    -10.054000 -10.319000  0.529000
    -10.054000 -10.054000  0.529000
    -10.054000 -9.790000  0.529000
    -10.054000 -9.525000  0.529000
    -10.054000 -9.261000  0.529000
    -10.054000 -8.996000  0.529000
    -10.054000 -8.731000  0.529000
    -10.054000 -8.467000  0.529000
    -10.054000 -8.202000  0.529000
    -10.054000 -7.938000  0.529000
    -10.054000 -7.673000  0.529000
    -10.054000 -7.408000  0.529000
    -10.054000 -7.144000  0.529000
    -10.054000 -6.879000  0.529000
    -10.054000 -6.615000  0.529000
    -10.054000 -6.350000  0.529000
    -10.054000 -6.086000  0.529000
    -10.054000 -5.821000  0.529000
    -10.054000 -5.556000  0.529000
    -10.054000 -5.292000  0.529000
    -10.054000 -5.027000  0.529000
    -10.054000 -4.763000  0.529000
    -10.054000 -4.498000  0.529000
    -10.054000 -4.233000  0.529000
    -10.054000 -3.969000  0.529000
    -10.054000 -3.704000  0.529000
    -10.054000 -3.440000  0.529000
    -10.054000 -3.175000  0.529000
    -10.054000 -2.910000  0.529000
    -10.054000 -2.646000  0.529000
    -10.054000 -2.381000  0.529000
    -10.054000 -2.117000  0.529000
    -10.054000 -1.852000  0.529000
    -10.054000 -1.588000  0.529000
    -10.054000 -1.323000  0.529000
    -10.054000 -1.058000  0.529000
    -10.054000 -0.794000  0.529000
    -10.054000 -0.529000  0.529000
    -10.054000 -0.265000  0.529000
    -10.054000  0.000000  0.529000
    -10.054000  0.265000  0.529000
    -10.054000  0.529000  0.529000
    -10.054000  0.794000  0.529000
    -10.054000  1.058000  0.529000
    -10.054000  1.323000  0.529000
    -10.054000  1.588000  0.529000
    -10.054000  1.852000  0.529000
    -10.054000  2.117000  0.529000
    -10.054000  2.381000  0.529000
    -10.054000  2.646000  0.529000
    -10.054000  2.910000  0.529000
    -10.054000  3.175000  0.529000
    -10.054000  3.440000  0.529000
    -10.054000  3.704000  0.529000
    -10.054000  3.969000  0.529000
    -10.054000  4.233000  0.529000
    -10.054000  4.498000  0.529000
    -10.054000  4.763000  0.529000
    -10.054000  5.027000  0.529000
    -10.054000  5.292000  0.529000
    -10.054000  5.556000  0.529000
    -10.054000  5.821000  0.529000
    -10.054000  6.086000  0.529000
    -10.054000  6.350000  0.529000
    -10.054000  6.615000  0.529000
    -10.054000  6.879000  0.529000
    -10.054000  7.144000  0.529000
    -10.054000  7.408000  0.529000
    -10.054000  7.673000  0.529000
    -10.054000  7.938000  0.529000
    -10.054000  8.202000  0.529000
    -10.054000  8.467000  0.529000
    -10.054000  8.731000  0.529000
    -10.054000  8.996000  0.529000
    -10.054000  9.261000  0.529000
    -10.054000  9.525000  0.529000
    -10.054000  9.790000  0.529000
    -10.054000  10.054000  0.529000
    -10.054000  10.319000  0.529000
    -10.054000  10.584000  0.529000
    -9.790000 -10.584000  0.529000
    -9.790000 -10.319000  0.529000
    -9.790000 -10.054000  0.529000
    -9.790000 -9.790000  0.529000
    -9.790000 -9.525000  0.529000
    -9.790000 -9.261000  0.529000
    -9.790000 -8.996000  0.529000
    -9.790000 -8.731000  0.529000
    -9.790000 -8.467000  0.529000
    -9.790000 -8.202000  0.529000
    -9.790000 -7.938000  0.529000
    -9.790000 -7.673000  0.529000
    -9.790000 -7.408000  0.529000
    -9.790000 -7.144000  0.529000
    -9.790000 -6.879000  0.529000
    -9.790000 -6.615000  0.529000
    -9.790000 -6.350000  0.529000
    -9.790000 -6.086000  0.529000
    -9.790000 -5.821000  0.529000
    -9.790000 -5.556000  0.529000
    -9.790000 -5.292000  0.529000
    -9.790000 -5.027000  0.529000
    -9.790000 -4.763000  0.529000
    -9.790000 -4.498000  0.529000
    -9.790000 -4.233000  0.529000
    -9.790000 -3.969000  0.529000
    -9.790000 -3.704000  0.529000
    -9.790000 -3.440000  0.529000
    -9.790000 -3.175000  0.529000
    -9.790000 -2.910000  0.529000
    -9.790000 -2.646000  0.529000
    -9.790000 -2.381000  0.529000
    -9.790000 -2.117000  0.529000
    -9.790000 -1.852000  0.529000
    -9.790000 -1.588000  0.529000
    -9.790000 -1.323000  0.529000
    -9.790000 -1.058000  0.529000
    -9.790000 -0.794000  0.529000
    -9.790000 -0.529000  0.529000
    -9.790000 -0.265000  0.529000
    -9.790000  0.000000  0.529000
    -9.790000  0.265000  0.529000
    -9.790000  0.529000  0.529000
    -9.790000  0.794000  0.529000
    -9.790000  1.058000  0.529000
    -9.790000  1.323000  0.529000
    -9.790000  1.588000  0.529000
    -9.790000  1.852000  0.529000
    -9.790000  2.117000  0.529000
    -9.790000  2.381000  0.529000
    -9.790000  2.646000  0.529000
    -9.790000  2.910000  0.529000
    -9.790000  3.175000  0.529000
    -9.790000  3.440000  0.529000
    -9.790000  3.704000  0.529000
    -9.790000  3.969000  0.529000
    -9.790000  4.233000  0.529000
    -9.790000  4.498000  0.529000
    -9.790000  4.763000  0.529000
    -9.790000  5.027000  0.529000
    -9.790000  5.292000  0.529000
    -9.790000  5.556000  0.529000
    -9.790000  5.821000  0.529000
    -9.790000  6.086000  0.529000
    -9.790000  6.350000  0.529000
    -9.790000  6.615000  0.529000
    -9.790000  6.879000  0.529000
    -9.790000  7.144000  0.529000
    -9.790000  7.408000  0.529000
    -9.790000  7.673000  0.529000
    -9.790000  7.938000  0.529000
    -9.790000  8.202000  0.529000
    -9.790000  8.467000  0.529000
    -9.790000  8.731000  0.529000
    -9.790000  8.996000  0.529000
    -9.790000  9.261000  0.529000
    -9.790000  9.525000  0.529000
    -9.790000  9.790000  0.529000
    -9.790000  10.054000  0.529000
    -9.790000  10.319000  0.529000
    -9.790000  10.584000  0.529000
    -9.525000 -10.584000  0.529000
    -9.525000 -10.319000  0.529000
    -9.525000 -10.054000  0.529000
    -9.525000 -9.790000  0.529000
    -9.525000 -9.525000  0.529000
    -9.525000 -9.261000  0.529000
    -9.525000 -8.996000  0.529000
    -9.525000 -8.731000  0.529000
    -9.525000 -8.467000  0.529000
    -9.525000 -8.202000  0.529000
    -9.525000 -7.938000  0.529000
    -9.525000 -7.673000  0.529000
    -9.525000 -7.408000  0.529000
    -9.525000 -7.144000  0.529000
    -9.525000 -6.879000  0.529000
    -9.525000 -6.615000  0.529000
    -9.525000 -6.350000  0.529000
    -9.525000 -6.086000  0.529000
    -9.525000 -5.821000  0.529000
    -9.525000 -5.556000  0.529000
    -9.525000 -5.292000  0.529000
    -9.525000 -5.027000  0.529000
    -9.525000 -4.763000  0.529000
    -9.525000 -4.498000  0.529000
    -9.525000 -4.233000  0.529000
    -9.525000 -3.969000  0.529000
    -9.525000 -3.704000  0.529000
    -9.525000 -3.440000  0.529000
    -9.525000 -3.175000  0.529000
    -9.525000 -2.910000  0.529000
    -9.525000 -2.646000  0.529000
    -9.525000 -2.381000  0.529000
    -9.525000 -2.117000  0.529000
    -9.525000 -1.852000  0.529000
    -9.525000 -1.588000  0.529000
    -9.525000 -1.323000  0.529000
    -9.525000 -1.058000  0.529000
    -9.525000 -0.794000  0.529000
    -9.525000 -0.529000  0.529000
    -9.525000 -0.265000  0.529000
    -9.525000  0.000000  0.529000
    -9.525000  0.265000  0.529000
    -9.525000  0.529000  0.529000
    -9.525000  0.794000  0.529000
    -9.525000  1.058000  0.529000
    -9.525000  1.323000  0.529000
    -9.525000  1.588000  0.529000
    -9.525000  1.852000  0.529000
    -9.525000  2.117000  0.529000
    -9.525000  2.381000  0.529000
    -9.525000  2.646000  0.529000
    -9.525000  2.910000  0.529000
    -9.525000  3.175000  0.529000
    -9.525000  3.440000  0.529000
    -9.525000  3.704000  0.529000
    -9.525000  3.969000  0.529000
    -9.525000  4.233000  0.529000
    -9.525000  4.498000  0.529000
    -9.525000  4.763000  0.529000
    -9.525000  5.027000  0.529000
    -9.525000  5.292000  0.529000
    -9.525000  5.556000  0.529000
    -9.525000  5.821000  0.529000
    -9.525000  6.086000  0.529000
    -9.525000  6.350000  0.529000
    -9.525000  6.615000  0.529000
    -9.525000  6.879000  0.529000
    -9.525000  7.144000  0.529000
    -9.525000  7.408000  0.529000
    -9.525000  7.673000  0.529000
    -9.525000  7.938000  0.529000
    -9.525000  8.202000  0.529000
    -9.525000  8.467000  0.529000
    -9.525000  8.731000  0.529000
    -9.525000  8.996000  0.529000
    -9.525000  9.261000  0.529000
    -9.525000  9.525000  0.529000
    -9.525000  9.790000  0.529000
    -9.525000  10.054000  0.529000
    -9.525000  10.319000  0.529000
    -9.525000  10.584000  0.529000
    -9.261000 -10.584000  0.529000
    -9.261000 -10.319000  0.529000
    -9.261000 -10.054000  0.529000
    -9.261000 -9.790000  0.529000
    -9.261000 -9.525000  0.529000
    -9.261000 -9.261000  0.529000
    -9.261000 -8.996000  0.529000
    -9.261000 -8.731000  0.529000
    -9.261000 -8.467000  0.529000
    -9.261000 -8.202000  0.529000
    -9.261000 -7.938000  0.529000
    -9.261000 -7.673000  0.529000
    -9.261000 -7.408000  0.529000
    -9.261000 -7.144000  0.529000
    -9.261000 -6.879000  0.529000
    -9.261000 -6.615000  0.529000
    -9.261000 -6.350000  0.529000
    -9.261000 -6.086000  0.529000
    -9.261000 -5.821000  0.529000
    -9.261000 -5.556000  0.529000
    -9.261000 -5.292000  0.529000
    -9.261000 -5.027000  0.529000
    -9.261000 -4.763000  0.529000
    -9.261000 -4.498000  0.529000
    -9.261000 -4.233000  0.529000
    -9.261000 -3.969000  0.529000
    -9.261000 -3.704000  0.529000
    -9.261000 -3.440000  0.529000
    -9.261000 -3.175000  0.529000
    -9.261000 -2.910000  0.529000
    -9.261000 -2.646000  0.529000
    -9.261000 -2.381000  0.529000
    -9.261000 -2.117000  0.529000
    -9.261000 -1.852000  0.529000
    -9.261000 -1.588000  0.529000
    -9.261000 -1.323000  0.529000
    -9.261000 -1.058000  0.529000
    -9.261000 -0.794000  0.529000
    -9.261000 -0.529000  0.529000
    -9.261000 -0.265000  0.529000
    -9.261000  0.000000  0.529000
    -9.261000  0.265000  0.529000
    -9.261000  0.529000  0.529000
    -9.261000  0.794000  0.529000
    -9.261000  1.058000  0.529000
    -9.261000  1.323000  0.529000
    -9.261000  1.588000  0.529000
    -9.261000  1.852000  0.529000
    -9.261000  2.117000  0.529000
    -9.261000  2.381000  0.529000
    -9.261000  2.646000  0.529000
    -9.261000  2.910000  0.529000
    -9.261000  3.175000  0.529000
    -9.261000  3.440000  0.529000
    -9.261000  3.704000  0.529000
    -9.261000  3.969000  0.529000
    -9.261000  4.233000  0.529000
    -9.261000  4.498000  0.529000
    -9.261000  4.763000  0.529000
    -9.261000  5.027000  0.529000
    -9.261000  5.292000  0.529000
    -9.261000  5.556000  0.529000
    -9.261000  5.821000  0.529000
    -9.261000  6.086000  0.529000
    -9.261000  6.350000  0.529000
    -9.261000  6.615000  0.529000
    -9.261000  6.879000  0.529000
    -9.261000  7.144000  0.529000
    -9.261000  7.408000  0.529000
    -9.261000  7.673000  0.529000
    -9.261000  7.938000  0.529000
    -9.261000  8.202000  0.529000
    -9.261000  8.467000  0.529000
    -9.261000  8.731000  0.529000
    -9.261000  8.996000  0.529000
    -9.261000  9.261000  0.529000
    -9.261000  9.525000  0.529000
    -9.261000  9.790000  0.529000
    -9.261000  10.054000  0.529000
    -9.261000  10.319000  0.529000
    -9.261000  10.584000  0.529000
    -8.996000 -10.584000  0.529000
    -8.996000 -10.319000  0.529000
    -8.996000 -10.054000  0.529000
    -8.996000 -9.790000  0.529000
    -8.996000 -9.525000  0.529000
    -8.996000 -9.261000  0.529000
    -8.996000 -8.996000  0.529000
    -8.996000 -8.731000  0.529000
    -8.996000 -8.467000  0.529000
    -8.996000 -8.202000  0.529000
    -8.996000 -7.938000  0.529000
    -8.996000 -7.673000  0.529000
    -8.996000 -7.408000  0.529000
    -8.996000 -7.144000  0.529000
    -8.996000 -6.879000  0.529000
    -8.996000 -6.615000  0.529000
    -8.996000 -6.350000  0.529000
    -8.996000 -6.086000  0.529000
    -8.996000 -5.821000  0.529000
    -8.996000 -5.556000  0.529000
    -8.996000 -5.292000  0.529000
    -8.996000 -5.027000  0.529000
    -8.996000 -4.763000  0.529000
    -8.996000 -4.498000  0.529000
    -8.996000 -4.233000  0.529000
    -8.996000 -3.969000  0.529000
    -8.996000 -3.704000  0.529000
    -8.996000 -3.440000  0.529000
    -8.996000 -3.175000  0.529000
    -8.996000 -2.910000  0.529000
    -8.996000 -2.646000  0.529000
    -8.996000 -2.381000  0.529000
    -8.996000 -2.117000  0.529000
    -8.996000 -1.852000  0.529000
    -8.996000 -1.588000  0.529000
    -8.996000 -1.323000  0.529000
    -8.996000 -1.058000  0.529000
    -8.996000 -0.794000  0.529000
    -8.996000 -0.529000  0.529000
    -8.996000 -0.265000  0.529000
    -8.996000  0.000000  0.529000
    -8.996000  0.265000  0.529000
    -8.996000  0.529000  0.529000
    -8.996000  0.794000  0.529000
    -8.996000  1.058000  0.529000
    -8.996000  1.323000  0.529000
    -8.996000  1.588000  0.529000
    -8.996000  1.852000  0.529000
    -8.996000  2.117000  0.529000
    -8.996000  2.381000  0.529000
    -8.996000  2.646000  0.529000
    -8.996000  2.910000  0.529000
    -8.996000  3.175000  0.529000
    -8.996000  3.440000  0.529000
    -8.996000  3.704000  0.529000
    -8.996000  3.969000  0.529000
    -8.996000  4.233000  0.529000
    -8.996000  4.498000  0.529000
    -8.996000  4.763000  0.529000
    -8.996000  5.027000  0.529000
    -8.996000  5.292000  0.529000
    -8.996000  5.556000  0.529000
    -8.996000  5.821000  0.529000
    -8.996000  6.086000  0.529000
    -8.996000  6.350000  0.529000
    -8.996000  6.615000  0.529000
    -8.996000  6.879000  0.529000
    -8.996000  7.144000  0.529000
    -8.996000  7.408000  0.529000
    -8.996000  7.673000  0.529000
    -8.996000  7.938000  0.529000
    -8.996000  8.202000  0.529000
    -8.996000  8.467000  0.529000
    -8.996000  8.731000  0.529000
    -8.996000  8.996000  0.529000
    -8.996000  9.261000  0.529000
    -8.996000  9.525000  0.529000
    -8.996000  9.790000  0.529000
    -8.996000  10.054000  0.529000
    -8.996000  10.319000  0.529000
    -8.996000  10.584000  0.529000
    -8.731000 -10.584000  0.529000
    -8.731000 -10.319000  0.529000
    -8.731000 -10.054000  0.529000
    -8.731000 -9.790000  0.529000
    -8.731000 -9.525000  0.529000
    -8.731000 -9.261000  0.529000
    -8.731000 -8.996000  0.529000
    -8.731000 -8.731000  0.529000
    -8.731000 -8.467000  0.529000
    -8.731000 -8.202000  0.529000
    -8.731000 -7.938000  0.529000
    -8.731000 -7.673000  0.529000
    -8.731000 -7.408000  0.529000
    -8.731000 -7.144000  0.529000
    -8.731000 -6.879000  0.529000
    -8.731000 -6.615000  0.529000
    -8.731000 -6.350000  0.529000
    -8.731000 -6.086000  0.529000
    -8.731000 -5.821000  0.529000
    -8.731000 -5.556000  0.529000
    -8.731000 -5.292000  0.529000
    -8.731000 -5.027000  0.529000
    -8.731000 -4.763000  0.529000
    -8.731000 -4.498000  0.529000
    -8.731000 -4.233000  0.529000
    -8.731000 -3.969000  0.529000
    -8.731000 -3.704000  0.529000
    -8.731000 -3.440000  0.529000
    -8.731000 -3.175000  0.529000
    -8.731000 -2.910000  0.529000
    -8.731000 -2.646000  0.529000
    -8.731000 -2.381000  0.529000
    -8.731000 -2.117000  0.529000
    -8.731000 -1.852000  0.529000
    -8.731000 -1.588000  0.529000
    -8.731000 -1.323000  0.529000
    -8.731000 -1.058000  0.529000
    -8.731000 -0.794000  0.529000
    -8.731000 -0.529000  0.529000
    -8.731000 -0.265000  0.529000
    -8.731000  0.000000  0.529000
    -8.731000  0.265000  0.529000
    -8.731000  0.529000  0.529000
    -8.731000  0.794000  0.529000
    -8.731000  1.058000  0.529000
    -8.731000  1.323000  0.529000
    -8.731000  1.588000  0.529000
    -8.731000  1.852000  0.529000
    -8.731000  2.117000  0.529000
    -8.731000  2.381000  0.529000
    -8.731000  2.646000  0.529000
    -8.731000  2.910000  0.529000
    -8.731000  3.175000  0.529000
    -8.731000  3.440000  0.529000
    -8.731000  3.704000  0.529000
    -8.731000  3.969000  0.529000
    -8.731000  4.233000  0.529000
    -8.731000  4.498000  0.529000
    -8.731000  4.763000  0.529000
    -8.731000  5.027000  0.529000
    -8.731000  5.292000  0.529000
    -8.731000  5.556000  0.529000
    -8.731000  5.821000  0.529000
    -8.731000  6.086000  0.529000
    -8.731000  6.350000  0.529000
    -8.731000  6.615000  0.529000
    -8.731000  6.879000  0.529000
    -8.731000  7.144000  0.529000
    -8.731000  7.408000  0.529000
    -8.731000  7.673000  0.529000
    -8.731000  7.938000  0.529000
    -8.731000  8.202000  0.529000
    -8.731000  8.467000  0.529000
    -8.731000  8.731000  0.529000
    -8.731000  8.996000  0.529000
    -8.731000  9.261000  0.529000
    -8.731000  9.525000  0.529000
    -8.731000  9.790000  0.529000
    -8.731000  10.054000  0.529000
    -8.731000  10.319000  0.529000
    -8.731000  10.584000  0.529000
    -8.467000 -10.584000  0.529000
    -8.467000 -10.319000  0.529000
    -8.467000 -10.054000  0.529000
    -8.467000 -9.790000  0.529000
    -8.467000 -9.525000  0.529000
    -8.467000 -9.261000  0.529000
    -8.467000 -8.996000  0.529000
    -8.467000 -8.731000  0.529000
    -8.467000 -8.467000  0.529000
    -8.467000 -8.202000  0.529000
    -8.467000 -7.938000  0.529000
    -8.467000 -7.673000  0.529000
    -8.467000 -7.408000  0.529000
    -8.467000 -7.144000  0.529000
    -8.467000 -6.879000  0.529000
    -8.467000 -6.615000  0.529000
    -8.467000 -6.350000  0.529000
    -8.467000 -6.086000  0.529000
    -8.467000 -5.821000  0.529000
    -8.467000 -5.556000  0.529000
    -8.467000 -5.292000  0.529000
    -8.467000 -5.027000  0.529000
    -8.467000 -4.763000  0.529000
    -8.467000 -4.498000  0.529000
    -8.467000 -4.233000  0.529000
    -8.467000 -3.969000  0.529000
    -8.467000 -3.704000  0.529000
    -8.467000 -3.440000  0.529000
    -8.467000 -3.175000  0.529000
    -8.467000 -2.910000  0.529000
    -8.467000 -2.646000  0.529000
    -8.467000 -2.381000  0.529000
    -8.467000 -2.117000  0.529000
    -8.467000 -1.852000  0.529000
    -8.467000 -1.588000  0.529000
    -8.467000 -1.323000  0.529000
    -8.467000 -1.058000  0.529000
    -8.467000 -0.794000  0.529000
    -8.467000 -0.529000  0.529000
    -8.467000 -0.265000  0.529000
    -8.467000  0.000000  0.529000
    -8.467000  0.265000  0.529000
    -8.467000  0.529000  0.529000
    -8.467000  0.794000  0.529000
    -8.467000  1.058000  0.529000
    -8.467000  1.323000  0.529000
    -8.467000  1.588000  0.529000
    -8.467000  1.852000  0.529000
    -8.467000  2.117000  0.529000
    -8.467000  2.381000  0.529000
    -8.467000  2.646000  0.529000
    -8.467000  2.910000  0.529000
    -8.467000  3.175000  0.529000
    -8.467000  3.440000  0.529000
    -8.467000  3.704000  0.529000
    -8.467000  3.969000  0.529000
    -8.467000  4.233000  0.529000
    -8.467000  4.498000  0.529000
    -8.467000  4.763000  0.529000
    -8.467000  5.027000  0.529000
    -8.467000  5.292000  0.529000
    -8.467000  5.556000  0.529000
    -8.467000  5.821000  0.529000
    -8.467000  6.086000  0.529000
    -8.467000  6.350000  0.529000
    -8.467000  6.615000  0.529000
    -8.467000  6.879000  0.529000
    -8.467000  7.144000  0.529000
    -8.467000  7.408000  0.529000
    -8.467000  7.673000  0.529000
    -8.467000  7.938000  0.529000
    -8.467000  8.202000  0.529000
    -8.467000  8.467000  0.529000
    -8.467000  8.731000  0.529000
    -8.467000  8.996000  0.529000
    -8.467000  9.261000  0.529000
    -8.467000  9.525000  0.529000
    -8.467000  9.790000  0.529000
    -8.467000  10.054000  0.529000
    -8.467000  10.319000  0.529000
    -8.467000  10.584000  0.529000
    -8.202000 -10.584000  0.529000
    -8.202000 -10.319000  0.529000
    -8.202000 -10.054000  0.529000
    -8.202000 -9.790000  0.529000
    -8.202000 -9.525000  0.529000
    -8.202000 -9.261000  0.529000
    -8.202000 -8.996000  0.529000
    -8.202000 -8.731000  0.529000
    -8.202000 -8.467000  0.529000
    -8.202000 -8.202000  0.529000
    -8.202000 -7.938000  0.529000
    -8.202000 -7.673000  0.529000
    -8.202000 -7.408000  0.529000
    -8.202000 -7.144000  0.529000
    -8.202000 -6.879000  0.529000
    -8.202000 -6.615000  0.529000
    -8.202000 -6.350000  0.529000
    -8.202000 -6.086000  0.529000
    -8.202000 -5.821000  0.529000
    -8.202000 -5.556000  0.529000
    -8.202000 -5.292000  0.529000
    -8.202000 -5.027000  0.529000
    -8.202000 -4.763000  0.529000
    -8.202000 -4.498000  0.529000
    -8.202000 -4.233000  0.529000
    -8.202000 -3.969000  0.529000
    -8.202000 -3.704000  0.529000
    -8.202000 -3.440000  0.529000
    -8.202000 -3.175000  0.529000
    -8.202000 -2.910000  0.529000
    -8.202000 -2.646000  0.529000
    -8.202000 -2.381000  0.529000
    -8.202000 -2.117000  0.529000
    -8.202000 -1.852000  0.529000
    -8.202000 -1.588000  0.529000
    -8.202000 -1.323000  0.529000
    -8.202000 -1.058000  0.529000
    -8.202000 -0.794000  0.529000
    -8.202000 -0.529000  0.529000
    -8.202000 -0.265000  0.529000
    -8.202000  0.000000  0.529000
    -8.202000  0.265000  0.529000
    -8.202000  0.529000  0.529000
    -8.202000  0.794000  0.529000
    -8.202000  1.058000  0.529000
    -8.202000  1.323000  0.529000
    -8.202000  1.588000  0.529000
    -8.202000  1.852000  0.529000
    -8.202000  2.117000  0.529000
    -8.202000  2.381000  0.529000
    -8.202000  2.646000  0.529000
    -8.202000  2.910000  0.529000
    -8.202000  3.175000  0.529000
    -8.202000  3.440000  0.529000
    -8.202000  3.704000  0.529000
    -8.202000  3.969000  0.529000
    -8.202000  4.233000  0.529000
    -8.202000  4.498000  0.529000
    -8.202000  4.763000  0.529000
    -8.202000  5.027000  0.529000
    -8.202000  5.292000  0.529000
    -8.202000  5.556000  0.529000
    -8.202000  5.821000  0.529000
    -8.202000  6.086000  0.529000
    -8.202000  6.350000  0.529000
    -8.202000  6.615000  0.529000
    -8.202000  6.879000  0.529000
    -8.202000  7.144000  0.529000
    -8.202000  7.408000  0.529000
    -8.202000  7.673000  0.529000
    -8.202000  7.938000  0.529000
    -8.202000  8.202000  0.529000
    -8.202000  8.467000  0.529000
    -8.202000  8.731000  0.529000
    -8.202000  8.996000  0.529000
    -8.202000  9.261000  0.529000
    -8.202000  9.525000  0.529000
    -8.202000  9.790000  0.529000
    -8.202000  10.054000  0.529000
    -8.202000  10.319000  0.529000
    -8.202000  10.584000  0.529000
    -7.938000 -10.584000  0.529000
    -7.938000 -10.319000  0.529000
    -7.938000 -10.054000  0.529000
    -7.938000 -9.790000  0.529000
    -7.938000 -9.525000  0.529000
    -7.938000 -9.261000  0.529000
    -7.938000 -8.996000  0.529000
    -7.938000 -8.731000  0.529000
    -7.938000 -8.467000  0.529000
    -7.938000 -8.202000  0.529000
    -7.938000 -7.938000  0.529000
    -7.938000 -7.673000  0.529000
    -7.938000 -7.408000  0.529000
    -7.938000 -7.144000  0.529000
    -7.938000 -6.879000  0.529000
    -7.938000 -6.615000  0.529000
    -7.938000 -6.350000  0.529000
    -7.938000 -6.086000  0.529000
    -7.938000 -5.821000  0.529000
    -7.938000 -5.556000  0.529000
    -7.938000 -5.292000  0.529000
    -7.938000 -5.027000  0.529000
    -7.938000 -4.763000  0.529000
    -7.938000 -4.498000  0.529000
    -7.938000 -4.233000  0.529000
    -7.938000 -3.969000  0.529000
    -7.938000 -3.704000  0.529000
    -7.938000 -3.440000  0.529000
    -7.938000 -3.175000  0.529000
    -7.938000 -2.910000  0.529000
    -7.938000 -2.646000  0.529000
    -7.938000 -2.381000  0.529000
    -7.938000 -2.117000  0.529000
    -7.938000 -1.852000  0.529000
    -7.938000 -1.588000  0.529000
    -7.938000 -1.323000  0.529000
    -7.938000 -1.058000  0.529000
    -7.938000 -0.794000  0.529000
    -7.938000 -0.529000  0.529000
    -7.938000 -0.265000  0.529000
    -7.938000  0.000000  0.529000
    -7.938000  0.265000  0.529000
    -7.938000  0.529000  0.529000
    -7.938000  0.794000  0.529000
    -7.938000  1.058000  0.529000
    -7.938000  1.323000  0.529000
    -7.938000  1.588000  0.529000
    -7.938000  1.852000  0.529000
    -7.938000  2.117000  0.529000
    -7.938000  2.381000  0.529000
    -7.938000  2.646000  0.529000
    -7.938000  2.910000  0.529000
    -7.938000  3.175000  0.529000
    -7.938000  3.440000  0.529000
    -7.938000  3.704000  0.529000
    -7.938000  3.969000  0.529000
    -7.938000  4.233000  0.529000
    -7.938000  4.498000  0.529000
    -7.938000  4.763000  0.529000
    -7.938000  5.027000  0.529000
    -7.938000  5.292000  0.529000
    -7.938000  5.556000  0.529000
    -7.938000  5.821000  0.529000
    -7.938000  6.086000  0.529000
    -7.938000  6.350000  0.529000
    -7.938000  6.615000  0.529000
    -7.938000  6.879000  0.529000
    -7.938000  7.144000  0.529000
    -7.938000  7.408000  0.529000
    -7.938000  7.673000  0.529000
    -7.938000  7.938000  0.529000
    -7.938000  8.202000  0.529000
    -7.938000  8.467000  0.529000
    -7.938000  8.731000  0.529000
    -7.938000  8.996000  0.529000
    -7.938000  9.261000  0.529000
    -7.938000  9.525000  0.529000
    -7.938000  9.790000  0.529000
    -7.938000  10.054000  0.529000
    -7.938000  10.319000  0.529000
    -7.938000  10.584000  0.529000
    -7.673000 -10.584000  0.529000
    -7.673000 -10.319000  0.529000
    -7.673000 -10.054000  0.529000
    -7.673000 -9.790000  0.529000
    -7.673000 -9.525000  0.529000
    -7.673000 -9.261000  0.529000
    -7.673000 -8.996000  0.529000
    -7.673000 -8.731000  0.529000
    -7.673000 -8.467000  0.529000
    -7.673000 -8.202000  0.529000
    -7.673000 -7.938000  0.529000
    -7.673000 -7.673000  0.529000
    -7.673000 -7.408000  0.529000
    -7.673000 -7.144000  0.529000
    -7.673000 -6.879000  0.529000
    -7.673000 -6.615000  0.529000
    -7.673000 -6.350000  0.529000
    -7.673000 -6.086000  0.529000
    -7.673000 -5.821000  0.529000
    -7.673000 -5.556000  0.529000
    -7.673000 -5.292000  0.529000
    -7.673000 -5.027000  0.529000
    -7.673000 -4.763000  0.529000
    -7.673000 -4.498000  0.529000
    -7.673000 -4.233000  0.529000
    -7.673000 -3.969000  0.529000
    -7.673000 -3.704000  0.529000
    -7.673000 -3.440000  0.529000
    -7.673000 -3.175000  0.529000
    -7.673000 -2.910000  0.529000
    -7.673000 -2.646000  0.529000
    -7.673000 -2.381000  0.529000
    -7.673000 -2.117000  0.529000
    -7.673000 -1.852000  0.529000
    -7.673000 -1.588000  0.529000
    -7.673000 -1.323000  0.529000
    -7.673000 -1.058000  0.529000
    -7.673000 -0.794000  0.529000
    -7.673000 -0.529000  0.529000
    -7.673000 -0.265000  0.529000
    -7.673000  0.000000  0.529000
    -7.673000  0.265000  0.529000
    -7.673000  0.529000  0.529000
    -7.673000  0.794000  0.529000
    -7.673000  1.058000  0.529000
    -7.673000  1.323000  0.529000
    -7.673000  1.588000  0.529000
    -7.673000  1.852000  0.529000
    -7.673000  2.117000  0.529000
    -7.673000  2.381000  0.529000
    -7.673000  2.646000  0.529000
    -7.673000  2.910000  0.529000
    -7.673000  3.175000  0.529000
    -7.673000  3.440000  0.529000
    -7.673000  3.704000  0.529000
    -7.673000  3.969000  0.529000
    -7.673000  4.233000  0.529000
    -7.673000  4.498000  0.529000
    -7.673000  4.763000  0.529000
    -7.673000  5.027000  0.529000
    -7.673000  5.292000  0.529000
    -7.673000  5.556000  0.529000
    -7.673000  5.821000  0.529000
    -7.673000  6.086000  0.529000
    -7.673000  6.350000  0.529000
    -7.673000  6.615000  0.529000
    -7.673000  6.879000  0.529000
    -7.673000  7.144000  0.529000
    -7.673000  7.408000  0.529000
    -7.673000  7.673000  0.529000
    -7.673000  7.938000  0.529000
    -7.673000  8.202000  0.529000
    -7.673000  8.467000  0.529000
    -7.673000  8.731000  0.529000
    -7.673000  8.996000  0.529000
    -7.673000  9.261000  0.529000
    -7.673000  9.525000  0.529000
    -7.673000  9.790000  0.529000
    -7.673000  10.054000  0.529000
    -7.673000  10.319000  0.529000
    -7.673000  10.584000  0.529000
    -7.408000 -10.584000  0.529000
    -7.408000 -10.319000  0.529000
    -7.408000 -10.054000  0.529000
    -7.408000 -9.790000  0.529000
    -7.408000 -9.525000  0.529000
    -7.408000 -9.261000  0.529000
    -7.408000 -8.996000  0.529000
    -7.408000 -8.731000  0.529000
    -7.408000 -8.467000  0.529000
    -7.408000 -8.202000  0.529000
    -7.408000 -7.938000  0.529000
    -7.408000 -7.673000  0.529000
    -7.408000 -7.408000  0.529000
    -7.408000 -7.144000  0.529000
    -7.408000 -6.879000  0.529000
    -7.408000 -6.615000  0.529000
    -7.408000 -6.350000  0.529000
    -7.408000 -6.086000  0.529000
    -7.408000 -5.821000  0.529000
    -7.408000 -5.556000  0.529000
    -7.408000 -5.292000  0.529000
    -7.408000 -5.027000  0.529000
    -7.408000 -4.763000  0.529000
    -7.408000 -4.498000  0.529000
    -7.408000 -4.233000  0.529000
    -7.408000 -3.969000  0.529000
    -7.408000 -3.704000  0.529000
    -7.408000 -3.440000  0.529000
    -7.408000 -3.175000  0.529000
    -7.408000 -2.910000  0.529000
    -7.408000 -2.646000  0.529000
    -7.408000 -2.381000  0.529000
    -7.408000 -2.117000  0.529000
    -7.408000 -1.852000  0.529000
    -7.408000 -1.588000  0.529000
    -7.408000 -1.323000  0.529000
    -7.408000 -1.058000  0.529000
    -7.408000 -0.794000  0.529000
    -7.408000 -0.529000  0.529000
    -7.408000 -0.265000  0.529000
    -7.408000  0.000000  0.529000
    -7.408000  0.265000  0.529000
    -7.408000  0.529000  0.529000
    -7.408000  0.794000  0.529000
    -7.408000  1.058000  0.529000
    -7.408000  1.323000  0.529000
    -7.408000  1.588000  0.529000
    -7.408000  1.852000  0.529000
    -7.408000  2.117000  0.529000
    -7.408000  2.381000  0.529000
    -7.408000  2.646000  0.529000
    -7.408000  2.910000  0.529000
    -7.408000  3.175000  0.529000
    -7.408000  3.440000  0.529000
    -7.408000  3.704000  0.529000
    -7.408000  3.969000  0.529000
    -7.408000  4.233000  0.529000
    -7.408000  4.498000  0.529000
    -7.408000  4.763000  0.529000
    -7.408000  5.027000  0.529000
    -7.408000  5.292000  0.529000
    -7.408000  5.556000  0.529000
    -7.408000  5.821000  0.529000
    -7.408000  6.086000  0.529000
    -7.408000  6.350000  0.529000
    -7.408000  6.615000  0.529000
    -7.408000  6.879000  0.529000
    -7.408000  7.144000  0.529000
    -7.408000  7.408000  0.529000
    -7.408000  7.673000  0.529000
    -7.408000  7.938000  0.529000
    -7.408000  8.202000  0.529000
    -7.408000  8.467000  0.529000
    -7.408000  8.731000  0.529000
    -7.408000  8.996000  0.529000
    -7.408000  9.261000  0.529000
    -7.408000  9.525000  0.529000
    -7.408000  9.790000  0.529000
    -7.408000  10.054000  0.529000
    -7.408000  10.319000  0.529000
    -7.408000  10.584000  0.529000
    -7.144000 -10.584000  0.529000
    -7.144000 -10.319000  0.529000
    -7.144000 -10.054000  0.529000
    -7.144000 -9.790000  0.529000
    -7.144000 -9.525000  0.529000
    -7.144000 -9.261000  0.529000
    -7.144000 -8.996000  0.529000
    -7.144000 -8.731000  0.529000
    -7.144000 -8.467000  0.529000
    -7.144000 -8.202000  0.529000
    -7.144000 -7.938000  0.529000
    -7.144000 -7.673000  0.529000
    -7.144000 -7.408000  0.529000
    -7.144000 -7.144000  0.529000
    -7.144000 -6.879000  0.529000
    -7.144000 -6.615000  0.529000
    -7.144000 -6.350000  0.529000
    -7.144000 -6.086000  0.529000
    -7.144000 -5.821000  0.529000
    -7.144000 -5.556000  0.529000
    -7.144000 -5.292000  0.529000
    -7.144000 -5.027000  0.529000
    -7.144000 -4.763000  0.529000
    -7.144000 -4.498000  0.529000
    -7.144000 -4.233000  0.529000
    -7.144000 -3.969000  0.529000
    -7.144000 -3.704000  0.529000
    -7.144000 -3.440000  0.529000
    -7.144000 -3.175000  0.529000
    -7.144000 -2.910000  0.529000
    -7.144000 -2.646000  0.529000
    -7.144000 -2.381000  0.529000
    -7.144000 -2.117000  0.529000
    -7.144000 -1.852000  0.529000
    -7.144000 -1.588000  0.529000
    -7.144000 -1.323000  0.529000
    -7.144000 -1.058000  0.529000
    -7.144000 -0.794000  0.529000
    -7.144000 -0.529000  0.529000
    -7.144000 -0.265000  0.529000
    -7.144000  0.000000  0.529000
    -7.144000  0.265000  0.529000
    -7.144000  0.529000  0.529000
    -7.144000  0.794000  0.529000
    -7.144000  1.058000  0.529000
    -7.144000  1.323000  0.529000
    -7.144000  1.588000  0.529000
    -7.144000  1.852000  0.529000
    -7.144000  2.117000  0.529000
    -7.144000  2.381000  0.529000
    -7.144000  2.646000  0.529000
    -7.144000  2.910000  0.529000
    -7.144000  3.175000  0.529000
    -7.144000  3.440000  0.529000
    -7.144000  3.704000  0.529000
    -7.144000  3.969000  0.529000
    -7.144000  4.233000  0.529000
    -7.144000  4.498000  0.529000
    -7.144000  4.763000  0.529000
    -7.144000  5.027000  0.529000
    -7.144000  5.292000  0.529000
    -7.144000  5.556000  0.529000
    -7.144000  5.821000  0.529000
    -7.144000  6.086000  0.529000
    -7.144000  6.350000  0.529000
    -7.144000  6.615000  0.529000
    -7.144000  6.879000  0.529000
    -7.144000  7.144000  0.529000
    -7.144000  7.408000  0.529000
    -7.144000  7.673000  0.529000
    -7.144000  7.938000  0.529000
    -7.144000  8.202000  0.529000
    -7.144000  8.467000  0.529000
    -7.144000  8.731000  0.529000
    -7.144000  8.996000  0.529000
    -7.144000  9.261000  0.529000
    -7.144000  9.525000  0.529000
    -7.144000  9.790000  0.529000
    -7.144000  10.054000  0.529000
    -7.144000  10.319000  0.529000
    -7.144000  10.584000  0.529000
    -6.879000 -10.584000  0.529000
    -6.879000 -10.319000  0.529000
    -6.879000 -10.054000  0.529000
    -6.879000 -9.790000  0.529000
    -6.879000 -9.525000  0.529000
    -6.879000 -9.261000  0.529000
    -6.879000 -8.996000  0.529000
    -6.879000 -8.731000  0.529000
    -6.879000 -8.467000  0.529000
    -6.879000 -8.202000  0.529000
    -6.879000 -7.938000  0.529000
    -6.879000 -7.673000  0.529000
    -6.879000 -7.408000  0.529000
    -6.879000 -7.144000  0.529000
    -6.879000 -6.879000  0.529000
    -6.879000 -6.615000  0.529000
    -6.879000 -6.350000  0.529000
    -6.879000 -6.086000  0.529000
    -6.879000 -5.821000  0.529000
    -6.879000 -5.556000  0.529000
    -6.879000 -5.292000  0.529000
    -6.879000 -5.027000  0.529000
    -6.879000 -4.763000  0.529000
    -6.879000 -4.498000  0.529000
    -6.879000 -4.233000  0.529000
    -6.879000 -3.969000  0.529000
    -6.879000 -3.704000  0.529000
    -6.879000 -3.440000  0.529000
    -6.879000 -3.175000  0.529000
    -6.879000 -2.910000  0.529000
    -6.879000 -2.646000  0.529000
    -6.879000 -2.381000  0.529000
    -6.879000 -2.117000  0.529000
    -6.879000 -1.852000  0.529000
    -6.879000 -1.588000  0.529000
    -6.879000 -1.323000  0.529000
    -6.879000 -1.058000  0.529000
    -6.879000 -0.794000  0.529000
    -6.879000 -0.529000  0.529000
    -6.879000 -0.265000  0.529000
    -6.879000  0.000000  0.529000
    -6.879000  0.265000  0.529000
    -6.879000  0.529000  0.529000
    -6.879000  0.794000  0.529000
    -6.879000  1.058000  0.529000
    -6.879000  1.323000  0.529000
    -6.879000  1.588000  0.529000
    -6.879000  1.852000  0.529000
    -6.879000  2.117000  0.529000
    -6.879000  2.381000  0.529000
    -6.879000  2.646000  0.529000
    -6.879000  2.910000  0.529000
    -6.879000  3.175000  0.529000
    -6.879000  3.440000  0.529000
    -6.879000  3.704000  0.529000
    -6.879000  3.969000  0.529000
    -6.879000  4.233000  0.529000
    -6.879000  4.498000  0.529000
    -6.879000  4.763000  0.529000
    -6.879000  5.027000  0.529000
    -6.879000  5.292000  0.529000
    -6.879000  5.556000  0.529000
    -6.879000  5.821000  0.529000
    -6.879000  6.086000  0.529000
    -6.879000  6.350000  0.529000
    -6.879000  6.615000  0.529000
    -6.879000  6.879000  0.529000
    -6.879000  7.144000  0.529000
    -6.879000  7.408000  0.529000
    -6.879000  7.673000  0.529000
    -6.879000  7.938000  0.529000
    -6.879000  8.202000  0.529000
    -6.879000  8.467000  0.529000
    -6.879000  8.731000  0.529000
    -6.879000  8.996000  0.529000
    -6.879000  9.261000  0.529000
    -6.879000  9.525000  0.529000
    -6.879000  9.790000  0.529000
    -6.879000  10.054000  0.529000
    -6.879000  10.319000  0.529000
    -6.879000  10.584000  0.529000
    -6.615000 -10.584000  0.529000
    -6.615000 -10.319000  0.529000
    -6.615000 -10.054000  0.529000
    -6.615000 -9.790000  0.529000
    -6.615000 -9.525000  0.529000
    -6.615000 -9.261000  0.529000
    -6.615000 -8.996000  0.529000
    -6.615000 -8.731000  0.529000
    -6.615000 -8.467000  0.529000
    -6.615000 -8.202000  0.529000
    -6.615000 -7.938000  0.529000
    -6.615000 -7.673000  0.529000
    -6.615000 -7.408000  0.529000
    -6.615000 -7.144000  0.529000
    -6.615000 -6.879000  0.529000
    -6.615000 -6.615000  0.529000
    -6.615000 -6.350000  0.529000
    -6.615000 -6.086000  0.529000
    -6.615000 -5.821000  0.529000
    -6.615000 -5.556000  0.529000
    -6.615000 -5.292000  0.529000
    -6.615000 -5.027000  0.529000
    -6.615000 -4.763000  0.529000
    -6.615000 -4.498000  0.529000
    -6.615000 -4.233000  0.529000
    -6.615000 -3.969000  0.529000
    -6.615000 -3.704000  0.529000
    -6.615000 -3.440000  0.529000
    -6.615000 -3.175000  0.529000
    -6.615000 -2.910000  0.529000
    -6.615000 -2.646000  0.529000
    -6.615000 -2.381000  0.529000
    -6.615000 -2.117000  0.529000
    -6.615000 -1.852000  0.529000
    -6.615000 -1.588000  0.529000
    -6.615000 -1.323000  0.529000
    -6.615000 -1.058000  0.529000
    -6.615000 -0.794000  0.529000
    -6.615000 -0.529000  0.529000
    -6.615000 -0.265000  0.529000
    -6.615000  0.000000  0.529000
    -6.615000  0.265000  0.529000
    -6.615000  0.529000  0.529000
    -6.615000  0.794000  0.529000
    -6.615000  1.058000  0.529000
    -6.615000  1.323000  0.529000
    -6.615000  1.588000  0.529000
    -6.615000  1.852000  0.529000
    -6.615000  2.117000  0.529000
    -6.615000  2.381000  0.529000
    -6.615000  2.646000  0.529000
    -6.615000  2.910000  0.529000
    -6.615000  3.175000  0.529000
    -6.615000  3.440000  0.529000
    -6.615000  3.704000  0.529000
    -6.615000  3.969000  0.529000
    -6.615000  4.233000  0.529000
    -6.615000  4.498000  0.529000
    -6.615000  4.763000  0.529000
    -6.615000  5.027000  0.529000
    -6.615000  5.292000  0.529000
    -6.615000  5.556000  0.529000
    -6.615000  5.821000  0.529000
    -6.615000  6.086000  0.529000
    -6.615000  6.350000  0.529000
    -6.615000  6.615000  0.529000
    -6.615000  6.879000  0.529000
    -6.615000  7.144000  0.529000
    -6.615000  7.408000  0.529000
    -6.615000  7.673000  0.529000
    -6.615000  7.938000  0.529000
    -6.615000  8.202000  0.529000
    -6.615000  8.467000  0.529000
    -6.615000  8.731000  0.529000
    -6.615000  8.996000  0.529000
    -6.615000  9.261000  0.529000
    -6.615000  9.525000  0.529000
    -6.615000  9.790000  0.529000
    -6.615000  10.054000  0.529000
    -6.615000  10.319000  0.529000
    -6.615000  10.584000  0.529000
    -6.350000 -10.584000  0.529000
    -6.350000 -10.319000  0.529000
    -6.350000 -10.054000  0.529000
    -6.350000 -9.790000  0.529000
    -6.350000 -9.525000  0.529000
    -6.350000 -9.261000  0.529000
    -6.350000 -8.996000  0.529000
    -6.350000 -8.731000  0.529000
    -6.350000 -8.467000  0.529000
    -6.350000 -8.202000  0.529000
    -6.350000 -7.938000  0.529000
    -6.350000 -7.673000  0.529000
    -6.350000 -7.408000  0.529000
    -6.350000 -7.144000  0.529000
    -6.350000 -6.879000  0.529000
    -6.350000 -6.615000  0.529000
    -6.350000 -6.350000  0.529000
    -6.350000 -6.086000  0.529000
    -6.350000 -5.821000  0.529000
    -6.350000 -5.556000  0.529000
    -6.350000 -5.292000  0.529000
    -6.350000 -5.027000  0.529000
    -6.350000 -4.763000  0.529000
    -6.350000 -4.498000  0.529000
    -6.350000 -4.233000  0.529000
    -6.350000 -3.969000  0.529000
    -6.350000 -3.704000  0.529000
    -6.350000 -3.440000  0.529000
    -6.350000 -3.175000  0.529000
    -6.350000 -2.910000  0.529000
    -6.350000 -2.646000  0.529000
    -6.350000 -2.381000  0.529000
    -6.350000 -2.117000  0.529000
    -6.350000 -1.852000  0.529000
    -6.350000 -1.588000  0.529000
    -6.350000 -1.323000  0.529000
    -6.350000 -1.058000  0.529000
    -6.350000 -0.794000  0.529000
    -6.350000 -0.529000  0.529000
    -6.350000 -0.265000  0.529000
    -6.350000  0.000000  0.529000
    -6.350000  0.265000  0.529000
    -6.350000  0.529000  0.529000
    -6.350000  0.794000  0.529000
    -6.350000  1.058000  0.529000
    -6.350000  1.323000  0.529000
    -6.350000  1.588000  0.529000
    -6.350000  1.852000  0.529000
    -6.350000  2.117000  0.529000
    -6.350000  2.381000  0.529000
    -6.350000  2.646000  0.529000
    -6.350000  2.910000  0.529000
    -6.350000  3.175000  0.529000
    -6.350000  3.440000  0.529000
    -6.350000  3.704000  0.529000
    -6.350000  3.969000  0.529000
    -6.350000  4.233000  0.529000
    -6.350000  4.498000  0.529000
    -6.350000  4.763000  0.529000
    -6.350000  5.027000  0.529000
    -6.350000  5.292000  0.529000
    -6.350000  5.556000  0.529000
    -6.350000  5.821000  0.529000
    -6.350000  6.086000  0.529000
    -6.350000  6.350000  0.529000
    -6.350000  6.615000  0.529000
    -6.350000  6.879000  0.529000
    -6.350000  7.144000  0.529000
    -6.350000  7.408000  0.529000
    -6.350000  7.673000  0.529000
    -6.350000  7.938000  0.529000
    -6.350000  8.202000  0.529000
    -6.350000  8.467000  0.529000
    -6.350000  8.731000  0.529000
    -6.350000  8.996000  0.529000
    -6.350000  9.261000  0.529000
    -6.350000  9.525000  0.529000
    -6.350000  9.790000  0.529000
    -6.350000  10.054000  0.529000
    -6.350000  10.319000  0.529000
    -6.350000  10.584000  0.529000
    -6.086000 -10.584000  0.529000
    -6.086000 -10.319000  0.529000
    -6.086000 -10.054000  0.529000
    -6.086000 -9.790000  0.529000
    -6.086000 -9.525000  0.529000
    -6.086000 -9.261000  0.529000
    -6.086000 -8.996000  0.529000
    -6.086000 -8.731000  0.529000
    -6.086000 -8.467000  0.529000
    -6.086000 -8.202000  0.529000
    -6.086000 -7.938000  0.529000
    -6.086000 -7.673000  0.529000
    -6.086000 -7.408000  0.529000
    -6.086000 -7.144000  0.529000
    -6.086000 -6.879000  0.529000
    -6.086000 -6.615000  0.529000
    -6.086000 -6.350000  0.529000
    -6.086000 -6.086000  0.529000
    -6.086000 -5.821000  0.529000
    -6.086000 -5.556000  0.529000
    -6.086000 -5.292000  0.529000
    -6.086000 -5.027000  0.529000
    -6.086000 -4.763000  0.529000
    -6.086000 -4.498000  0.529000
    -6.086000 -4.233000  0.529000
    -6.086000 -3.969000  0.529000
    -6.086000 -3.704000  0.529000
    -6.086000 -3.440000  0.529000
    -6.086000 -3.175000  0.529000
    -6.086000 -2.910000  0.529000
    -6.086000 -2.646000  0.529000
    -6.086000 -2.381000  0.529000
    -6.086000 -2.117000  0.529000
    -6.086000 -1.852000  0.529000
    -6.086000 -1.588000  0.529000
    -6.086000 -1.323000  0.529000
    -6.086000 -1.058000  0.529000
    -6.086000 -0.794000  0.529000
    -6.086000 -0.529000  0.529000
    -6.086000 -0.265000  0.529000
    -6.086000  0.000000  0.529000
    -6.086000  0.265000  0.529000
    -6.086000  0.529000  0.529000
    -6.086000  0.794000  0.529000
    -6.086000  1.058000  0.529000
    -6.086000  1.323000  0.529000
    -6.086000  1.588000  0.529000
    -6.086000  1.852000  0.529000
    -6.086000  2.117000  0.529000
    -6.086000  2.381000  0.529000
    -6.086000  2.646000  0.529000
    -6.086000  2.910000  0.529000
    -6.086000  3.175000  0.529000
    -6.086000  3.440000  0.529000
    -6.086000  3.704000  0.529000
    -6.086000  3.969000  0.529000
    -6.086000  4.233000  0.529000
    -6.086000  4.498000  0.529000
    -6.086000  4.763000  0.529000
    -6.086000  5.027000  0.529000
    -6.086000  5.292000  0.529000
    -6.086000  5.556000  0.529000
    -6.086000  5.821000  0.529000
    -6.086000  6.086000  0.529000
    -6.086000  6.350000  0.529000
    -6.086000  6.615000  0.529000
    -6.086000  6.879000  0.529000
    -6.086000  7.144000  0.529000
    -6.086000  7.408000  0.529000
    -6.086000  7.673000  0.529000
    -6.086000  7.938000  0.529000
    -6.086000  8.202000  0.529000
    -6.086000  8.467000  0.529000
    -6.086000  8.731000  0.529000
    -6.086000  8.996000  0.529000
    -6.086000  9.261000  0.529000
    -6.086000  9.525000  0.529000
    -6.086000  9.790000  0.529000
    -6.086000  10.054000  0.529000
    -6.086000  10.319000  0.529000
    -6.086000  10.584000  0.529000
    -5.821000 -10.584000  0.529000
    -5.821000 -10.319000  0.529000
    -5.821000 -10.054000  0.529000
    -5.821000 -9.790000  0.529000
    -5.821000 -9.525000  0.529000
    -5.821000 -9.261000  0.529000
    -5.821000 -8.996000  0.529000
    -5.821000 -8.731000  0.529000
    -5.821000 -8.467000  0.529000
    -5.821000 -8.202000  0.529000
    -5.821000 -7.938000  0.529000
    -5.821000 -7.673000  0.529000
    -5.821000 -7.408000  0.529000
    -5.821000 -7.144000  0.529000
    -5.821000 -6.879000  0.529000
    -5.821000 -6.615000  0.529000
    -5.821000 -6.350000  0.529000
    -5.821000 -6.086000  0.529000
    -5.821000 -5.821000  0.529000
    -5.821000 -5.556000  0.529000
    -5.821000 -5.292000  0.529000
    -5.821000 -5.027000  0.529000
    -5.821000 -4.763000  0.529000
    -5.821000 -4.498000  0.529000
    -5.821000 -4.233000  0.529000
    -5.821000 -3.969000  0.529000
    -5.821000 -3.704000  0.529000
    -5.821000 -3.440000  0.529000
    -5.821000 -3.175000  0.529000
    -5.821000 -2.910000  0.529000
    -5.821000 -2.646000  0.529000
    -5.821000 -2.381000  0.529000
    -5.821000 -2.117000  0.529000
    -5.821000 -1.852000  0.529000
    -5.821000 -1.588000  0.529000
    -5.821000 -1.323000  0.529000
    -5.821000 -1.058000  0.529000
    -5.821000 -0.794000  0.529000
    -5.821000 -0.529000  0.529000
    -5.821000 -0.265000  0.529000
    -5.821000  0.000000  0.529000
    -5.821000  0.265000  0.529000
    -5.821000  0.529000  0.529000
    -5.821000  0.794000  0.529000
    -5.821000  1.058000  0.529000
    -5.821000  1.323000  0.529000
    -5.821000  1.588000  0.529000
    -5.821000  1.852000  0.529000
    -5.821000  2.117000  0.529000
    -5.821000  2.381000  0.529000
    -5.821000  2.646000  0.529000
    -5.821000  2.910000  0.529000
    -5.821000  3.175000  0.529000
    -5.821000  3.440000  0.529000
    -5.821000  3.704000  0.529000
    -5.821000  3.969000  0.529000
    -5.821000  4.233000  0.529000
    -5.821000  4.498000  0.529000
    -5.821000  4.763000  0.529000
    -5.821000  5.027000  0.529000
    -5.821000  5.292000  0.529000
    -5.821000  5.556000  0.529000
    -5.821000  5.821000  0.529000
    -5.821000  6.086000  0.529000
    -5.821000  6.350000  0.529000
    -5.821000  6.615000  0.529000
    -5.821000  6.879000  0.529000
    -5.821000  7.144000  0.529000
    -5.821000  7.408000  0.529000
    -5.821000  7.673000  0.529000
    -5.821000  7.938000  0.529000
    -5.821000  8.202000  0.529000
    -5.821000  8.467000  0.529000
    -5.821000  8.731000  0.529000
    -5.821000  8.996000  0.529000
    -5.821000  9.261000  0.529000
    -5.821000  9.525000  0.529000
    -5.821000  9.790000  0.529000
    -5.821000  10.054000  0.529000
    -5.821000  10.319000  0.529000
    -5.821000  10.584000  0.529000
    -5.556000 -10.584000  0.529000
    -5.556000 -10.319000  0.529000
    -5.556000 -10.054000  0.529000
    -5.556000 -9.790000  0.529000
    -5.556000 -9.525000  0.529000
    -5.556000 -9.261000  0.529000
    -5.556000 -8.996000  0.529000
    -5.556000 -8.731000  0.529000
    -5.556000 -8.467000  0.529000
    -5.556000 -8.202000  0.529000
    -5.556000 -7.938000  0.529000
    -5.556000 -7.673000  0.529000
    -5.556000 -7.408000  0.529000
    -5.556000 -7.144000  0.529000
    -5.556000 -6.879000  0.529000
    -5.556000 -6.615000  0.529000
    -5.556000 -6.350000  0.529000
    -5.556000 -6.086000  0.529000
    -5.556000 -5.821000  0.529000
    -5.556000 -5.556000  0.529000
    -5.556000 -5.292000  0.529000
    -5.556000 -5.027000  0.529000
    -5.556000 -4.763000  0.529000
    -5.556000 -4.498000  0.529000
    -5.556000 -4.233000  0.529000
    -5.556000 -3.969000  0.529000
    -5.556000 -3.704000  0.529000
    -5.556000 -3.440000  0.529000
    -5.556000 -3.175000  0.529000
    -5.556000 -2.910000  0.529000
    -5.556000 -2.646000  0.529000
    -5.556000 -2.381000  0.529000
    -5.556000 -2.117000  0.529000
    -5.556000 -1.852000  0.529000
    -5.556000 -1.588000  0.529000
    -5.556000 -1.323000  0.529000
    -5.556000 -1.058000  0.529000
    -5.556000 -0.794000  0.529000
    -5.556000 -0.529000  0.529000
    -5.556000 -0.265000  0.529000
    -5.556000  0.000000  0.529000
    -5.556000  0.265000  0.529000
    -5.556000  0.529000  0.529000
    -5.556000  0.794000  0.529000
    -5.556000  1.058000  0.529000
    -5.556000  1.323000  0.529000
    -5.556000  1.588000  0.529000
    -5.556000  1.852000  0.529000
    -5.556000  2.117000  0.529000
    -5.556000  2.381000  0.529000
    -5.556000  2.646000  0.529000
    -5.556000  2.910000  0.529000
    -5.556000  3.175000  0.529000
    -5.556000  3.440000  0.529000
    -5.556000  3.704000  0.529000
    -5.556000  3.969000  0.529000
    -5.556000  4.233000  0.529000
    -5.556000  4.498000  0.529000
    -5.556000  4.763000  0.529000
    -5.556000  5.027000  0.529000
    -5.556000  5.292000  0.529000
    -5.556000  5.556000  0.529000
    -5.556000  5.821000  0.529000
    -5.556000  6.086000  0.529000
    -5.556000  6.350000  0.529000
    -5.556000  6.615000  0.529000
    -5.556000  6.879000  0.529000
    -5.556000  7.144000  0.529000
    -5.556000  7.408000  0.529000
    -5.556000  7.673000  0.529000
    -5.556000  7.938000  0.529000
    -5.556000  8.202000  0.529000
    -5.556000  8.467000  0.529000
    -5.556000  8.731000  0.529000
    -5.556000  8.996000  0.529000
    -5.556000  9.261000  0.529000
    -5.556000  9.525000  0.529000
    -5.556000  9.790000  0.529000
    -5.556000  10.054000  0.529000
    -5.556000  10.319000  0.529000
    -5.556000  10.584000  0.529000
    -5.292000 -10.584000  0.529000
    -5.292000 -10.319000  0.529000
    -5.292000 -10.054000  0.529000
    -5.292000 -9.790000  0.529000
    -5.292000 -9.525000  0.529000
    -5.292000 -9.261000  0.529000
    -5.292000 -8.996000  0.529000
    -5.292000 -8.731000  0.529000
    -5.292000 -8.467000  0.529000
    -5.292000 -8.202000  0.529000
    -5.292000 -7.938000  0.529000
    -5.292000 -7.673000  0.529000
    -5.292000 -7.408000  0.529000
    -5.292000 -7.144000  0.529000
    -5.292000 -6.879000  0.529000
    -5.292000 -6.615000  0.529000
    -5.292000 -6.350000  0.529000
    -5.292000 -6.086000  0.529000
    -5.292000 -5.821000  0.529000
    -5.292000 -5.556000  0.529000
    -5.292000 -5.292000  0.529000
    -5.292000 -5.027000  0.529000
    -5.292000 -4.763000  0.529000
    -5.292000 -4.498000  0.529000
    -5.292000 -4.233000  0.529000
    -5.292000 -3.969000  0.529000
    -5.292000 -3.704000  0.529000
    -5.292000 -3.440000  0.529000
    -5.292000 -3.175000  0.529000
    -5.292000 -2.910000  0.529000
    -5.292000 -2.646000  0.529000
    -5.292000 -2.381000  0.529000
    -5.292000 -2.117000  0.529000
    -5.292000 -1.852000  0.529000
    -5.292000 -1.588000  0.529000
    -5.292000 -1.323000  0.529000
    -5.292000 -1.058000  0.529000
    -5.292000 -0.794000  0.529000
    -5.292000 -0.529000  0.529000
    -5.292000 -0.265000  0.529000
    -5.292000  0.000000  0.529000
    -5.292000  0.265000  0.529000
    -5.292000  0.529000  0.529000
    -5.292000  0.794000  0.529000
    -5.292000  1.058000  0.529000
    -5.292000  1.323000  0.529000
    -5.292000  1.588000  0.529000
    -5.292000  1.852000  0.529000
    -5.292000  2.117000  0.529000
    -5.292000  2.381000  0.529000
    -5.292000  2.646000  0.529000
    -5.292000  2.910000  0.529000
    -5.292000  3.175000  0.529000
    -5.292000  3.440000  0.529000
    -5.292000  3.704000  0.529000
    -5.292000  3.969000  0.529000
    -5.292000  4.233000  0.529000
    -5.292000  4.498000  0.529000
    -5.292000  4.763000  0.529000
    -5.292000  5.027000  0.529000
    -5.292000  5.292000  0.529000
    -5.292000  5.556000  0.529000
    -5.292000  5.821000  0.529000
    -5.292000  6.086000  0.529000
    -5.292000  6.350000  0.529000
    -5.292000  6.615000  0.529000
    -5.292000  6.879000  0.529000
    -5.292000  7.144000  0.529000
    -5.292000  7.408000  0.529000
    -5.292000  7.673000  0.529000
    -5.292000  7.938000  0.529000
    -5.292000  8.202000  0.529000
    -5.292000  8.467000  0.529000
    -5.292000  8.731000  0.529000
    -5.292000  8.996000  0.529000
    -5.292000  9.261000  0.529000
    -5.292000  9.525000  0.529000
    -5.292000  9.790000  0.529000
    -5.292000  10.054000  0.529000
    -5.292000  10.319000  0.529000
    -5.292000  10.584000  0.529000
    -5.027000 -10.584000  0.529000
    -5.027000 -10.319000  0.529000
    -5.027000 -10.054000  0.529000
    -5.027000 -9.790000  0.529000
    -5.027000 -9.525000  0.529000
    -5.027000 -9.261000  0.529000
    -5.027000 -8.996000  0.529000
    -5.027000 -8.731000  0.529000
    -5.027000 -8.467000  0.529000
    -5.027000 -8.202000  0.529000
    -5.027000 -7.938000  0.529000
    -5.027000 -7.673000  0.529000
    -5.027000 -7.408000  0.529000
    -5.027000 -7.144000  0.529000
    -5.027000 -6.879000  0.529000
    -5.027000 -6.615000  0.529000
    -5.027000 -6.350000  0.529000
    -5.027000 -6.086000  0.529000
    -5.027000 -5.821000  0.529000
    -5.027000 -5.556000  0.529000
    -5.027000 -5.292000  0.529000
    -5.027000 -5.027000  0.529000
    -5.027000 -4.763000  0.529000
    -5.027000 -4.498000  0.529000
    -5.027000 -4.233000  0.529000
    -5.027000 -3.969000  0.529000
    -5.027000 -3.704000  0.529000
    -5.027000 -3.440000  0.529000
    -5.027000 -3.175000  0.529000
    -5.027000 -2.910000  0.529000
    -5.027000 -2.646000  0.529000
    -5.027000 -2.381000  0.529000
    -5.027000 -2.117000  0.529000
    -5.027000 -1.852000  0.529000
    -5.027000 -1.588000  0.529000
    -5.027000 -1.323000  0.529000
    -5.027000 -1.058000  0.529000
    -5.027000 -0.794000  0.529000
    -5.027000 -0.529000  0.529000
    -5.027000 -0.265000  0.529000
    -5.027000  0.000000  0.529000
    -5.027000  0.265000  0.529000
    -5.027000  0.529000  0.529000
    -5.027000  0.794000  0.529000
    -5.027000  1.058000  0.529000
    -5.027000  1.323000  0.529000
    -5.027000  1.588000  0.529000
    -5.027000  1.852000  0.529000
    -5.027000  2.117000  0.529000
    -5.027000  2.381000  0.529000
    -5.027000  2.646000  0.529000
    -5.027000  2.910000  0.529000
    -5.027000  3.175000  0.529000
    -5.027000  3.440000  0.529000
    -5.027000  3.704000  0.529000
    -5.027000  3.969000  0.529000
    -5.027000  4.233000  0.529000
    -5.027000  4.498000  0.529000
    -5.027000  4.763000  0.529000
    -5.027000  5.027000  0.529000
    -5.027000  5.292000  0.529000
    -5.027000  5.556000  0.529000
    -5.027000  5.821000  0.529000
    -5.027000  6.086000  0.529000
    -5.027000  6.350000  0.529000
    -5.027000  6.615000  0.529000
    -5.027000  6.879000  0.529000
    -5.027000  7.144000  0.529000
    -5.027000  7.408000  0.529000
    -5.027000  7.673000  0.529000
    -5.027000  7.938000  0.529000
    -5.027000  8.202000  0.529000
    -5.027000  8.467000  0.529000
    -5.027000  8.731000  0.529000
    -5.027000  8.996000  0.529000
    -5.027000  9.261000  0.529000
    -5.027000  9.525000  0.529000
    -5.027000  9.790000  0.529000
    -5.027000  10.054000  0.529000
    -5.027000  10.319000  0.529000
    -5.027000  10.584000  0.529000
    -4.763000 -10.584000  0.529000
    -4.763000 -10.319000  0.529000
    -4.763000 -10.054000  0.529000
    -4.763000 -9.790000  0.529000
    -4.763000 -9.525000  0.529000
    -4.763000 -9.261000  0.529000
    -4.763000 -8.996000  0.529000
    -4.763000 -8.731000  0.529000
    -4.763000 -8.467000  0.529000
    -4.763000 -8.202000  0.529000
    -4.763000 -7.938000  0.529000
    -4.763000 -7.673000  0.529000
    -4.763000 -7.408000  0.529000
    -4.763000 -7.144000  0.529000
    -4.763000 -6.879000  0.529000
    -4.763000 -6.615000  0.529000
    -4.763000 -6.350000  0.529000
    -4.763000 -6.086000  0.529000
    -4.763000 -5.821000  0.529000
    -4.763000 -5.556000  0.529000
    -4.763000 -5.292000  0.529000
    -4.763000 -5.027000  0.529000
    -4.763000 -4.763000  0.529000
    -4.763000 -4.498000  0.529000
    -4.763000 -4.233000  0.529000
    -4.763000 -3.969000  0.529000
    -4.763000 -3.704000  0.529000
    -4.763000 -3.440000  0.529000
    -4.763000 -3.175000  0.529000
    -4.763000 -2.910000  0.529000
    -4.763000 -2.646000  0.529000
    -4.763000 -2.381000  0.529000
    -4.763000 -2.117000  0.529000
    -4.763000 -1.852000  0.529000
    -4.763000 -1.588000  0.529000
    -4.763000 -1.323000  0.529000
    -4.763000 -1.058000  0.529000
    -4.763000 -0.794000  0.529000
    -4.763000 -0.529000  0.529000
    -4.763000 -0.265000  0.529000
    -4.763000  0.000000  0.529000
    -4.763000  0.265000  0.529000
    -4.763000  0.529000  0.529000
    -4.763000  0.794000  0.529000
    -4.763000  1.058000  0.529000
    -4.763000  1.323000  0.529000
    -4.763000  1.588000  0.529000
    -4.763000  1.852000  0.529000
    -4.763000  2.117000  0.529000
    -4.763000  2.381000  0.529000
    -4.763000  2.646000  0.529000
    -4.763000  2.910000  0.529000
    -4.763000  3.175000  0.529000
    -4.763000  3.440000  0.529000
    -4.763000  3.704000  0.529000
    -4.763000  3.969000  0.529000
    -4.763000  4.233000  0.529000
    -4.763000  4.498000  0.529000
    -4.763000  4.763000  0.529000
    -4.763000  5.027000  0.529000
    -4.763000  5.292000  0.529000
    -4.763000  5.556000  0.529000
    -4.763000  5.821000  0.529000
    -4.763000  6.086000  0.529000
    -4.763000  6.350000  0.529000
    -4.763000  6.615000  0.529000
    -4.763000  6.879000  0.529000
    -4.763000  7.144000  0.529000
    -4.763000  7.408000  0.529000
    -4.763000  7.673000  0.529000
    -4.763000  7.938000  0.529000
    -4.763000  8.202000  0.529000
    -4.763000  8.467000  0.529000
    -4.763000  8.731000  0.529000
    -4.763000  8.996000  0.529000
    -4.763000  9.261000  0.529000
    -4.763000  9.525000  0.529000
    -4.763000  9.790000  0.529000
    -4.763000  10.054000  0.529000
    -4.763000  10.319000  0.529000
    -4.763000  10.584000  0.529000
    -4.498000 -10.584000  0.529000
    -4.498000 -10.319000  0.529000
    -4.498000 -10.054000  0.529000
    -4.498000 -9.790000  0.529000
    -4.498000 -9.525000  0.529000
    -4.498000 -9.261000  0.529000
    -4.498000 -8.996000  0.529000
    -4.498000 -8.731000  0.529000
    -4.498000 -8.467000  0.529000
    -4.498000 -8.202000  0.529000
    -4.498000 -7.938000  0.529000
    -4.498000 -7.673000  0.529000
    -4.498000 -7.408000  0.529000
    -4.498000 -7.144000  0.529000
    -4.498000 -6.879000  0.529000
    -4.498000 -6.615000  0.529000
    -4.498000 -6.350000  0.529000
    -4.498000 -6.086000  0.529000
    -4.498000 -5.821000  0.529000
    -4.498000 -5.556000  0.529000
    -4.498000 -5.292000  0.529000
    -4.498000 -5.027000  0.529000
    -4.498000 -4.763000  0.529000
    -4.498000 -4.498000  0.529000
    -4.498000 -4.233000  0.529000
    -4.498000 -3.969000  0.529000
    -4.498000 -3.704000  0.529000
    -4.498000 -3.440000  0.529000
    -4.498000 -3.175000  0.529000
    -4.498000 -2.910000  0.529000
    -4.498000 -2.646000  0.529000
    -4.498000 -2.381000  0.529000
    -4.498000 -2.117000  0.529000
    -4.498000 -1.852000  0.529000
    -4.498000 -1.588000  0.529000
    -4.498000 -1.323000  0.529000
    -4.498000 -1.058000  0.529000
    -4.498000 -0.794000  0.529000
    -4.498000 -0.529000  0.529000
    -4.498000 -0.265000  0.529000
    -4.498000  0.000000  0.529000
    -4.498000  0.265000  0.529000
    -4.498000  0.529000  0.529000
    -4.498000  0.794000  0.529000
    -4.498000  1.058000  0.529000
    -4.498000  1.323000  0.529000
    -4.498000  1.588000  0.529000
    -4.498000  1.852000  0.529000
    -4.498000  2.117000  0.529000
    -4.498000  2.381000  0.529000
    -4.498000  2.646000  0.529000
    -4.498000  2.910000  0.529000
    -4.498000  3.175000  0.529000
    -4.498000  3.440000  0.529000
    -4.498000  3.704000  0.529000
    -4.498000  3.969000  0.529000
    -4.498000  4.233000  0.529000
    -4.498000  4.498000  0.529000
    -4.498000  4.763000  0.529000
    -4.498000  5.027000  0.529000
    -4.498000  5.292000  0.529000
    -4.498000  5.556000  0.529000
    -4.498000  5.821000  0.529000
    -4.498000  6.086000  0.529000
    -4.498000  6.350000  0.529000
    -4.498000  6.615000  0.529000
    -4.498000  6.879000  0.529000
    -4.498000  7.144000  0.529000
    -4.498000  7.408000  0.529000
    -4.498000  7.673000  0.529000
    -4.498000  7.938000  0.529000
    -4.498000  8.202000  0.529000
    -4.498000  8.467000  0.529000
    -4.498000  8.731000  0.529000
    -4.498000  8.996000  0.529000
    -4.498000  9.261000  0.529000
    -4.498000  9.525000  0.529000
    -4.498000  9.790000  0.529000
    -4.498000  10.054000  0.529000
    -4.498000  10.319000  0.529000
    -4.498000  10.584000  0.529000
    -4.233000 -10.584000  0.529000
    -4.233000 -10.319000  0.529000
    -4.233000 -10.054000  0.529000
    -4.233000 -9.790000  0.529000
    -4.233000 -9.525000  0.529000
    -4.233000 -9.261000  0.529000
    -4.233000 -8.996000  0.529000
    -4.233000 -8.731000  0.529000
    -4.233000 -8.467000  0.529000
    -4.233000 -8.202000  0.529000
    -4.233000 -7.938000  0.529000
    -4.233000 -7.673000  0.529000
    -4.233000 -7.408000  0.529000
    -4.233000 -7.144000  0.529000
    -4.233000 -6.879000  0.529000
    -4.233000 -6.615000  0.529000
    -4.233000 -6.350000  0.529000
    -4.233000 -6.086000  0.529000
    -4.233000 -5.821000  0.529000
    -4.233000 -5.556000  0.529000
    -4.233000 -5.292000  0.529000
    -4.233000 -5.027000  0.529000
    -4.233000 -4.763000  0.529000
    -4.233000 -4.498000  0.529000
    -4.233000 -4.233000  0.529000
    -4.233000 -3.969000  0.529000
    -4.233000 -3.704000  0.529000
    -4.233000 -3.440000  0.529000
    -4.233000 -3.175000  0.529000
    -4.233000 -2.910000  0.529000
    -4.233000 -2.646000  0.529000
    -4.233000 -2.381000  0.529000
    -4.233000 -2.117000  0.529000
    -4.233000 -1.852000  0.529000
    -4.233000 -1.588000  0.529000
    -4.233000 -1.323000  0.529000
    -4.233000 -1.058000  0.529000
    -4.233000 -0.794000  0.529000
    -4.233000 -0.529000  0.529000
    -4.233000 -0.265000  0.529000
    -4.233000  0.000000  0.529000
    -4.233000  0.265000  0.529000
    -4.233000  0.529000  0.529000
    -4.233000  0.794000  0.529000
    -4.233000  1.058000  0.529000
    -4.233000  1.323000  0.529000
    -4.233000  1.588000  0.529000
    -4.233000  1.852000  0.529000
    -4.233000  2.117000  0.529000
    -4.233000  2.381000  0.529000
    -4.233000  2.646000  0.529000
    -4.233000  2.910000  0.529000
    -4.233000  3.175000  0.529000
    -4.233000  3.440000  0.529000
    -4.233000  3.704000  0.529000
    -4.233000  3.969000  0.529000
    -4.233000  4.233000  0.529000
    -4.233000  4.498000  0.529000
    -4.233000  4.763000  0.529000
    -4.233000  5.027000  0.529000
    -4.233000  5.292000  0.529000
    -4.233000  5.556000  0.529000
    -4.233000  5.821000  0.529000
    -4.233000  6.086000  0.529000
    -4.233000  6.350000  0.529000
    -4.233000  6.615000  0.529000
    -4.233000  6.879000  0.529000
    -4.233000  7.144000  0.529000
    -4.233000  7.408000  0.529000
    -4.233000  7.673000  0.529000
    -4.233000  7.938000  0.529000
    -4.233000  8.202000  0.529000
    -4.233000  8.467000  0.529000
    -4.233000  8.731000  0.529000
    -4.233000  8.996000  0.529000
    -4.233000  9.261000  0.529000
    -4.233000  9.525000  0.529000
    -4.233000  9.790000  0.529000
    -4.233000  10.054000  0.529000
    -4.233000  10.319000  0.529000
    -4.233000  10.584000  0.529000
    -3.969000 -10.584000  0.529000
    -3.969000 -10.319000  0.529000
    -3.969000 -10.054000  0.529000
    -3.969000 -9.790000  0.529000
    -3.969000 -9.525000  0.529000
    -3.969000 -9.261000  0.529000
    -3.969000 -8.996000  0.529000
    -3.969000 -8.731000  0.529000
    -3.969000 -8.467000  0.529000
    -3.969000 -8.202000  0.529000
    -3.969000 -7.938000  0.529000
    -3.969000 -7.673000  0.529000
    -3.969000 -7.408000  0.529000
    -3.969000 -7.144000  0.529000
    -3.969000 -6.879000  0.529000
    -3.969000 -6.615000  0.529000
    -3.969000 -6.350000  0.529000
    -3.969000 -6.086000  0.529000
    -3.969000 -5.821000  0.529000
    -3.969000 -5.556000  0.529000
    -3.969000 -5.292000  0.529000
    -3.969000 -5.027000  0.529000
    -3.969000 -4.763000  0.529000
    -3.969000 -4.498000  0.529000
    -3.969000 -4.233000  0.529000
    -3.969000 -3.969000  0.529000
    -3.969000 -3.704000  0.529000
    -3.969000 -3.440000  0.529000
    -3.969000 -3.175000  0.529000
    -3.969000 -2.910000  0.529000
    -3.969000 -2.646000  0.529000
    -3.969000 -2.381000  0.529000
    -3.969000 -2.117000  0.529000
    -3.969000 -1.852000  0.529000
    -3.969000 -1.588000  0.529000
    -3.969000 -1.323000  0.529000
    -3.969000 -1.058000  0.529000
    -3.969000 -0.794000  0.529000
    -3.969000 -0.529000  0.529000
    -3.969000 -0.265000  0.529000
    -3.969000  0.000000  0.529000
    -3.969000  0.265000  0.529000
    -3.969000  0.529000  0.529000
    -3.969000  0.794000  0.529000
    -3.969000  1.058000  0.529000
    -3.969000  1.323000  0.529000
    -3.969000  1.588000  0.529000
    -3.969000  1.852000  0.529000
    -3.969000  2.117000  0.529000
    -3.969000  2.381000  0.529000
    -3.969000  2.646000  0.529000
    -3.969000  2.910000  0.529000
    -3.969000  3.175000  0.529000
    -3.969000  3.440000  0.529000
    -3.969000  3.704000  0.529000
    -3.969000  3.969000  0.529000
    -3.969000  4.233000  0.529000
    -3.969000  4.498000  0.529000
    -3.969000  4.763000  0.529000
    -3.969000  5.027000  0.529000
    -3.969000  5.292000  0.529000
    -3.969000  5.556000  0.529000
    -3.969000  5.821000  0.529000
    -3.969000  6.086000  0.529000
    -3.969000  6.350000  0.529000
    -3.969000  6.615000  0.529000
    -3.969000  6.879000  0.529000
    -3.969000  7.144000  0.529000
    -3.969000  7.408000  0.529000
    -3.969000  7.673000  0.529000
    -3.969000  7.938000  0.529000
    -3.969000  8.202000  0.529000
    -3.969000  8.467000  0.529000
    -3.969000  8.731000  0.529000
    -3.969000  8.996000  0.529000
    -3.969000  9.261000  0.529000
    -3.969000  9.525000  0.529000
    -3.969000  9.790000  0.529000
    -3.969000  10.054000  0.529000
    -3.969000  10.319000  0.529000
    -3.969000  10.584000  0.529000
    -3.704000 -10.584000  0.529000
    -3.704000 -10.319000  0.529000
    -3.704000 -10.054000  0.529000
    -3.704000 -9.790000  0.529000
    -3.704000 -9.525000  0.529000
    -3.704000 -9.261000  0.529000
    -3.704000 -8.996000  0.529000
    -3.704000 -8.731000  0.529000
    -3.704000 -8.467000  0.529000
    -3.704000 -8.202000  0.529000
    -3.704000 -7.938000  0.529000
    -3.704000 -7.673000  0.529000
    -3.704000 -7.408000  0.529000
    -3.704000 -7.144000  0.529000
    -3.704000 -6.879000  0.529000
    -3.704000 -6.615000  0.529000
    -3.704000 -6.350000  0.529000
    -3.704000 -6.086000  0.529000
    -3.704000 -5.821000  0.529000
    -3.704000 -5.556000  0.529000
    -3.704000 -5.292000  0.529000
    -3.704000 -5.027000  0.529000
    -3.704000 -4.763000  0.529000
    -3.704000 -4.498000  0.529000
    -3.704000 -4.233000  0.529000
    -3.704000 -3.969000  0.529000
    -3.704000 -3.704000  0.529000
    -3.704000 -3.440000  0.529000
    -3.704000 -3.175000  0.529000
    -3.704000 -2.910000  0.529000
    -3.704000 -2.646000  0.529000
    -3.704000 -2.381000  0.529000
    -3.704000 -2.117000  0.529000
    -3.704000 -1.852000  0.529000
    -3.704000 -1.588000  0.529000
    -3.704000 -1.323000  0.529000
    -3.704000 -1.058000  0.529000
    -3.704000 -0.794000  0.529000
    -3.704000 -0.529000  0.529000
    -3.704000 -0.265000  0.529000
    -3.704000  0.000000  0.529000
    -3.704000  0.265000  0.529000
    -3.704000  0.529000  0.529000
    -3.704000  0.794000  0.529000
    -3.704000  1.058000  0.529000
    -3.704000  1.323000  0.529000
    -3.704000  1.588000  0.529000
    -3.704000  1.852000  0.529000
    -3.704000  2.117000  0.529000
    -3.704000  2.381000  0.529000
    -3.704000  2.646000  0.529000
    -3.704000  2.910000  0.529000
    -3.704000  3.175000  0.529000
    -3.704000  3.440000  0.529000
    -3.704000  3.704000  0.529000
    -3.704000  3.969000  0.529000
    -3.704000  4.233000  0.529000
    -3.704000  4.498000  0.529000
    -3.704000  4.763000  0.529000
    -3.704000  5.027000  0.529000
    -3.704000  5.292000  0.529000
    -3.704000  5.556000  0.529000
    -3.704000  5.821000  0.529000
    -3.704000  6.086000  0.529000
    -3.704000  6.350000  0.529000
    -3.704000  6.615000  0.529000
    -3.704000  6.879000  0.529000
    -3.704000  7.144000  0.529000
    -3.704000  7.408000  0.529000
    -3.704000  7.673000  0.529000
    -3.704000  7.938000  0.529000
    -3.704000  8.202000  0.529000
    -3.704000  8.467000  0.529000
    -3.704000  8.731000  0.529000
    -3.704000  8.996000  0.529000
    -3.704000  9.261000  0.529000
    -3.704000  9.525000  0.529000
    -3.704000  9.790000  0.529000
    -3.704000  10.054000  0.529000
    -3.704000  10.319000  0.529000
    -3.704000  10.584000  0.529000
    -3.440000 -10.584000  0.529000
    -3.440000 -10.319000  0.529000
    -3.440000 -10.054000  0.529000
    -3.440000 -9.790000  0.529000
    -3.440000 -9.525000  0.529000
    -3.440000 -9.261000  0.529000
    -3.440000 -8.996000  0.529000
    -3.440000 -8.731000  0.529000
    -3.440000 -8.467000  0.529000
    -3.440000 -8.202000  0.529000
    -3.440000 -7.938000  0.529000
    -3.440000 -7.673000  0.529000
    -3.440000 -7.408000  0.529000
    -3.440000 -7.144000  0.529000
    -3.440000 -6.879000  0.529000
    -3.440000 -6.615000  0.529000
    -3.440000 -6.350000  0.529000
    -3.440000 -6.086000  0.529000
    -3.440000 -5.821000  0.529000
    -3.440000 -5.556000  0.529000
    -3.440000 -5.292000  0.529000
    -3.440000 -5.027000  0.529000
    -3.440000 -4.763000  0.529000
    -3.440000 -4.498000  0.529000
    -3.440000 -4.233000  0.529000
    -3.440000 -3.969000  0.529000
    -3.440000 -3.704000  0.529000
    -3.440000 -3.440000  0.529000
    -3.440000 -3.175000  0.529000
    -3.440000 -2.910000  0.529000
    -3.440000 -2.646000  0.529000
    -3.440000 -2.381000  0.529000
    -3.440000 -2.117000  0.529000
    -3.440000 -1.852000  0.529000
    -3.440000 -1.588000  0.529000
    -3.440000 -1.323000  0.529000
    -3.440000 -1.058000  0.529000
    -3.440000 -0.794000  0.529000
    -3.440000 -0.529000  0.529000
    -3.440000 -0.265000  0.529000
    -3.440000  0.000000  0.529000
    -3.440000  0.265000  0.529000
    -3.440000  0.529000  0.529000
    -3.440000  0.794000  0.529000
    -3.440000  1.058000  0.529000
    -3.440000  1.323000  0.529000
    -3.440000  1.588000  0.529000
    -3.440000  1.852000  0.529000
    -3.440000  2.117000  0.529000
    -3.440000  2.381000  0.529000
    -3.440000  2.646000  0.529000
    -3.440000  2.910000  0.529000
    -3.440000  3.175000  0.529000
    -3.440000  3.440000  0.529000
    -3.440000  3.704000  0.529000
    -3.440000  3.969000  0.529000
    -3.440000  4.233000  0.529000
    -3.440000  4.498000  0.529000
    -3.440000  4.763000  0.529000
    -3.440000  5.027000  0.529000
    -3.440000  5.292000  0.529000
    -3.440000  5.556000  0.529000
    -3.440000  5.821000  0.529000
    -3.440000  6.086000  0.529000
    -3.440000  6.350000  0.529000
    -3.440000  6.615000  0.529000
    -3.440000  6.879000  0.529000
    -3.440000  7.144000  0.529000
    -3.440000  7.408000  0.529000
    -3.440000  7.673000  0.529000
    -3.440000  7.938000  0.529000
    -3.440000  8.202000  0.529000
    -3.440000  8.467000  0.529000
    -3.440000  8.731000  0.529000
    -3.440000  8.996000  0.529000
    -3.440000  9.261000  0.529000
    -3.440000  9.525000  0.529000
    -3.440000  9.790000  0.529000
    -3.440000  10.054000  0.529000
    -3.440000  10.319000  0.529000
    -3.440000  10.584000  0.529000
    -3.175000 -10.584000  0.529000
    -3.175000 -10.319000  0.529000
    -3.175000 -10.054000  0.529000
    -3.175000 -9.790000  0.529000
    -3.175000 -9.525000  0.529000
    -3.175000 -9.261000  0.529000
    -3.175000 -8.996000  0.529000
    -3.175000 -8.731000  0.529000
    -3.175000 -8.467000  0.529000
    -3.175000 -8.202000  0.529000
    -3.175000 -7.938000  0.529000
    -3.175000 -7.673000  0.529000
    -3.175000 -7.408000  0.529000
    -3.175000 -7.144000  0.529000
    -3.175000 -6.879000  0.529000
    -3.175000 -6.615000  0.529000
    -3.175000 -6.350000  0.529000
    -3.175000 -6.086000  0.529000
    -3.175000 -5.821000  0.529000
    -3.175000 -5.556000  0.529000
    -3.175000 -5.292000  0.529000
    -3.175000 -5.027000  0.529000
    -3.175000 -4.763000  0.529000
    -3.175000 -4.498000  0.529000
    -3.175000 -4.233000  0.529000
    -3.175000 -3.969000  0.529000
    -3.175000 -3.704000  0.529000
    -3.175000 -3.440000  0.529000
    -3.175000 -3.175000  0.529000
    -3.175000 -2.910000  0.529000
    -3.175000 -2.646000  0.529000
    -3.175000 -2.381000  0.529000
    -3.175000 -2.117000  0.529000
    -3.175000 -1.852000  0.529000
    -3.175000 -1.588000  0.529000
    -3.175000 -1.323000  0.529000
    -3.175000 -1.058000  0.529000
    -3.175000 -0.794000  0.529000
    -3.175000 -0.529000  0.529000
    -3.175000 -0.265000  0.529000
    -3.175000  0.000000  0.529000
    -3.175000  0.265000  0.529000
    -3.175000  0.529000  0.529000
    -3.175000  0.794000  0.529000
    -3.175000  1.058000  0.529000
    -3.175000  1.323000  0.529000
    -3.175000  1.588000  0.529000
    -3.175000  1.852000  0.529000
    -3.175000  2.117000  0.529000
    -3.175000  2.381000  0.529000
    -3.175000  2.646000  0.529000
    -3.175000  2.910000  0.529000
    -3.175000  3.175000  0.529000
    -3.175000  3.440000  0.529000
    -3.175000  3.704000  0.529000
    -3.175000  3.969000  0.529000
    -3.175000  4.233000  0.529000
    -3.175000  4.498000  0.529000
    -3.175000  4.763000  0.529000
    -3.175000  5.027000  0.529000
    -3.175000  5.292000  0.529000
    -3.175000  5.556000  0.529000
    -3.175000  5.821000  0.529000
    -3.175000  6.086000  0.529000
    -3.175000  6.350000  0.529000
    -3.175000  6.615000  0.529000
    -3.175000  6.879000  0.529000
    -3.175000  7.144000  0.529000
    -3.175000  7.408000  0.529000
    -3.175000  7.673000  0.529000
    -3.175000  7.938000  0.529000
    -3.175000  8.202000  0.529000
    -3.175000  8.467000  0.529000
    -3.175000  8.731000  0.529000
    -3.175000  8.996000  0.529000
    -3.175000  9.261000  0.529000
    -3.175000  9.525000  0.529000
    -3.175000  9.790000  0.529000
    -3.175000  10.054000  0.529000
    -3.175000  10.319000  0.529000
    -3.175000  10.584000  0.529000
    -2.910000 -10.584000  0.529000
    -2.910000 -10.319000  0.529000
    -2.910000 -10.054000  0.529000
    -2.910000 -9.790000  0.529000
    -2.910000 -9.525000  0.529000
    -2.910000 -9.261000  0.529000
    -2.910000 -8.996000  0.529000
    -2.910000 -8.731000  0.529000
    -2.910000 -8.467000  0.529000
    -2.910000 -8.202000  0.529000
    -2.910000 -7.938000  0.529000
    -2.910000 -7.673000  0.529000
    -2.910000 -7.408000  0.529000
    -2.910000 -7.144000  0.529000
    -2.910000 -6.879000  0.529000
    -2.910000 -6.615000  0.529000
    -2.910000 -6.350000  0.529000
    -2.910000 -6.086000  0.529000
    -2.910000 -5.821000  0.529000
    -2.910000 -5.556000  0.529000
    -2.910000 -5.292000  0.529000
    -2.910000 -5.027000  0.529000
    -2.910000 -4.763000  0.529000
    -2.910000 -4.498000  0.529000
    -2.910000 -4.233000  0.529000
    -2.910000 -3.969000  0.529000
    -2.910000 -3.704000  0.529000
    -2.910000 -3.440000  0.529000
    -2.910000 -3.175000  0.529000
    -2.910000 -2.910000  0.529000
    -2.910000 -2.646000  0.529000
    -2.910000 -2.381000  0.529000
    -2.910000 -2.117000  0.529000
    -2.910000 -1.852000  0.529000
    -2.910000 -1.588000  0.529000
    -2.910000 -1.323000  0.529000
    -2.910000 -1.058000  0.529000
    -2.910000 -0.794000  0.529000
    -2.910000 -0.529000  0.529000
    -2.910000 -0.265000  0.529000
    -2.910000  0.000000  0.529000
    -2.910000  0.265000  0.529000
    -2.910000  0.529000  0.529000
    -2.910000  0.794000  0.529000
    -2.910000  1.058000  0.529000
    -2.910000  1.323000  0.529000
    -2.910000  1.588000  0.529000
    -2.910000  1.852000  0.529000
    -2.910000  2.117000  0.529000
    -2.910000  2.381000  0.529000
    -2.910000  2.646000  0.529000
    -2.910000  2.910000  0.529000
    -2.910000  3.175000  0.529000
    -2.910000  3.440000  0.529000
    -2.910000  3.704000  0.529000
    -2.910000  3.969000  0.529000
    -2.910000  4.233000  0.529000
    -2.910000  4.498000  0.529000
    -2.910000  4.763000  0.529000
    -2.910000  5.027000  0.529000
    -2.910000  5.292000  0.529000
    -2.910000  5.556000  0.529000
    -2.910000  5.821000  0.529000
    -2.910000  6.086000  0.529000
    -2.910000  6.350000  0.529000
    -2.910000  6.615000  0.529000
    -2.910000  6.879000  0.529000
    -2.910000  7.144000  0.529000
    -2.910000  7.408000  0.529000
    -2.910000  7.673000  0.529000
    -2.910000  7.938000  0.529000
    -2.910000  8.202000  0.529000
    -2.910000  8.467000  0.529000
    -2.910000  8.731000  0.529000
    -2.910000  8.996000  0.529000
    -2.910000  9.261000  0.529000
    -2.910000  9.525000  0.529000
    -2.910000  9.790000  0.529000
    -2.910000  10.054000  0.529000
    -2.910000  10.319000  0.529000
    -2.910000  10.584000  0.529000
    -2.646000 -10.584000  0.529000
    -2.646000 -10.319000  0.529000
    -2.646000 -10.054000  0.529000
    -2.646000 -9.790000  0.529000
    -2.646000 -9.525000  0.529000
    -2.646000 -9.261000  0.529000
    -2.646000 -8.996000  0.529000
    -2.646000 -8.731000  0.529000
    -2.646000 -8.467000  0.529000
    -2.646000 -8.202000  0.529000
    -2.646000 -7.938000  0.529000
    -2.646000 -7.673000  0.529000
    -2.646000 -7.408000  0.529000
    -2.646000 -7.144000  0.529000
    -2.646000 -6.879000  0.529000
    -2.646000 -6.615000  0.529000
    -2.646000 -6.350000  0.529000
    -2.646000 -6.086000  0.529000
    -2.646000 -5.821000  0.529000
    -2.646000 -5.556000  0.529000
    -2.646000 -5.292000  0.529000
    -2.646000 -5.027000  0.529000
    -2.646000 -4.763000  0.529000
    -2.646000 -4.498000  0.529000
    -2.646000 -4.233000  0.529000
    -2.646000 -3.969000  0.529000
    -2.646000 -3.704000  0.529000
    -2.646000 -3.440000  0.529000
    -2.646000 -3.175000  0.529000
    -2.646000 -2.910000  0.529000
    -2.646000 -2.646000  0.529000
    -2.646000 -2.381000  0.529000
    -2.646000 -2.117000  0.529000
    -2.646000 -1.852000  0.529000
    -2.646000 -1.588000  0.529000
    -2.646000 -1.323000  0.529000
    -2.646000 -1.058000  0.529000
    -2.646000 -0.794000  0.529000
    -2.646000 -0.529000  0.529000
    -2.646000 -0.265000  0.529000
    -2.646000  0.000000  0.529000
    -2.646000  0.265000  0.529000
    -2.646000  0.529000  0.529000
    -2.646000  0.794000  0.529000
    -2.646000  1.058000  0.529000
    -2.646000  1.323000  0.529000
    -2.646000  1.588000  0.529000
    -2.646000  1.852000  0.529000
    -2.646000  2.117000  0.529000
    -2.646000  2.381000  0.529000
    -2.646000  2.646000  0.529000
    -2.646000  2.910000  0.529000
    -2.646000  3.175000  0.529000
    -2.646000  3.440000  0.529000
    -2.646000  3.704000  0.529000
    -2.646000  3.969000  0.529000
    -2.646000  4.233000  0.529000
    -2.646000  4.498000  0.529000
    -2.646000  4.763000  0.529000
    -2.646000  5.027000  0.529000
    -2.646000  5.292000  0.529000
    -2.646000  5.556000  0.529000
    -2.646000  5.821000  0.529000
    -2.646000  6.086000  0.529000
    -2.646000  6.350000  0.529000
    -2.646000  6.615000  0.529000
    -2.646000  6.879000  0.529000
    -2.646000  7.144000  0.529000
    -2.646000  7.408000  0.529000
    -2.646000  7.673000  0.529000
    -2.646000  7.938000  0.529000
    -2.646000  8.202000  0.529000
    -2.646000  8.467000  0.529000
    -2.646000  8.731000  0.529000
    -2.646000  8.996000  0.529000
    -2.646000  9.261000  0.529000
    -2.646000  9.525000  0.529000
    -2.646000  9.790000  0.529000
    -2.646000  10.054000  0.529000
    -2.646000  10.319000  0.529000
    -2.646000  10.584000  0.529000
    -2.381000 -10.584000  0.529000
    -2.381000 -10.319000  0.529000
    -2.381000 -10.054000  0.529000
    -2.381000 -9.790000  0.529000
    -2.381000 -9.525000  0.529000
    -2.381000 -9.261000  0.529000
    -2.381000 -8.996000  0.529000
    -2.381000 -8.731000  0.529000
    -2.381000 -8.467000  0.529000
    -2.381000 -8.202000  0.529000
    -2.381000 -7.938000  0.529000
    -2.381000 -7.673000  0.529000
    -2.381000 -7.408000  0.529000
    -2.381000 -7.144000  0.529000
    -2.381000 -6.879000  0.529000
    -2.381000 -6.615000  0.529000
    -2.381000 -6.350000  0.529000
    -2.381000 -6.086000  0.529000
    -2.381000 -5.821000  0.529000
    -2.381000 -5.556000  0.529000
    -2.381000 -5.292000  0.529000
    -2.381000 -5.027000  0.529000
    -2.381000 -4.763000  0.529000
    -2.381000 -4.498000  0.529000
    -2.381000 -4.233000  0.529000
    -2.381000 -3.969000  0.529000
    -2.381000 -3.704000  0.529000
    -2.381000 -3.440000  0.529000
    -2.381000 -3.175000  0.529000
    -2.381000 -2.910000  0.529000
    -2.381000 -2.646000  0.529000
    -2.381000 -2.381000  0.529000
    -2.381000 -2.117000  0.529000
    -2.381000 -1.852000  0.529000
    -2.381000 -1.588000  0.529000
    -2.381000 -1.323000  0.529000
    -2.381000 -1.058000  0.529000
    -2.381000 -0.794000  0.529000
    -2.381000 -0.529000  0.529000
    -2.381000 -0.265000  0.529000
    -2.381000  0.000000  0.529000
    -2.381000  0.265000  0.529000
    -2.381000  0.529000  0.529000
    -2.381000  0.794000  0.529000
    -2.381000  1.058000  0.529000
    -2.381000  1.323000  0.529000
    -2.381000  1.588000  0.529000
    -2.381000  1.852000  0.529000
    -2.381000  2.117000  0.529000
    -2.381000  2.381000  0.529000
    -2.381000  2.646000  0.529000
    -2.381000  2.910000  0.529000
    -2.381000  3.175000  0.529000
    -2.381000  3.440000  0.529000
    -2.381000  3.704000  0.529000
    -2.381000  3.969000  0.529000
    -2.381000  4.233000  0.529000
    -2.381000  4.498000  0.529000
    -2.381000  4.763000  0.529000
    -2.381000  5.027000  0.529000
    -2.381000  5.292000  0.529000
    -2.381000  5.556000  0.529000
    -2.381000  5.821000  0.529000
    -2.381000  6.086000  0.529000
    -2.381000  6.350000  0.529000
    -2.381000  6.615000  0.529000
    -2.381000  6.879000  0.529000
    -2.381000  7.144000  0.529000
    -2.381000  7.408000  0.529000
    -2.381000  7.673000  0.529000
    -2.381000  7.938000  0.529000
    -2.381000  8.202000  0.529000
    -2.381000  8.467000  0.529000
    -2.381000  8.731000  0.529000
    -2.381000  8.996000  0.529000
    -2.381000  9.261000  0.529000
    -2.381000  9.525000  0.529000
    -2.381000  9.790000  0.529000
    -2.381000  10.054000  0.529000
    -2.381000  10.319000  0.529000
    -2.381000  10.584000  0.529000
    -2.117000 -10.584000  0.529000
    -2.117000 -10.319000  0.529000
    -2.117000 -10.054000  0.529000
    -2.117000 -9.790000  0.529000
    -2.117000 -9.525000  0.529000
    -2.117000 -9.261000  0.529000
    -2.117000 -8.996000  0.529000
    -2.117000 -8.731000  0.529000
    -2.117000 -8.467000  0.529000
    -2.117000 -8.202000  0.529000
    -2.117000 -7.938000  0.529000
    -2.117000 -7.673000  0.529000
    -2.117000 -7.408000  0.529000
    -2.117000 -7.144000  0.529000
    -2.117000 -6.879000  0.529000
    -2.117000 -6.615000  0.529000
    -2.117000 -6.350000  0.529000
    -2.117000 -6.086000  0.529000
    -2.117000 -5.821000  0.529000
    -2.117000 -5.556000  0.529000
    -2.117000 -5.292000  0.529000
    -2.117000 -5.027000  0.529000
    -2.117000 -4.763000  0.529000
    -2.117000 -4.498000  0.529000
    -2.117000 -4.233000  0.529000
    -2.117000 -3.969000  0.529000
    -2.117000 -3.704000  0.529000
    -2.117000 -3.440000  0.529000
    -2.117000 -3.175000  0.529000
    -2.117000 -2.910000  0.529000
    -2.117000 -2.646000  0.529000
    -2.117000 -2.381000  0.529000
    -2.117000 -2.117000  0.529000
    -2.117000 -1.852000  0.529000
    -2.117000 -1.588000  0.529000
    -2.117000 -1.323000  0.529000
    -2.117000 -1.058000  0.529000
    -2.117000 -0.794000  0.529000
    -2.117000 -0.529000  0.529000
    -2.117000 -0.265000  0.529000
    -2.117000  0.000000  0.529000
    -2.117000  0.265000  0.529000
    -2.117000  0.529000  0.529000
    -2.117000  0.794000  0.529000
    -2.117000  1.058000  0.529000
    -2.117000  1.323000  0.529000
    -2.117000  1.588000  0.529000
    -2.117000  1.852000  0.529000
    -2.117000  2.117000  0.529000
    -2.117000  2.381000  0.529000
    -2.117000  2.646000  0.529000
    -2.117000  2.910000  0.529000
    -2.117000  3.175000  0.529000
    -2.117000  3.440000  0.529000
    -2.117000  3.704000  0.529000
    -2.117000  3.969000  0.529000
    -2.117000  4.233000  0.529000
    -2.117000  4.498000  0.529000
    -2.117000  4.763000  0.529000
    -2.117000  5.027000  0.529000
    -2.117000  5.292000  0.529000
    -2.117000  5.556000  0.529000
    -2.117000  5.821000  0.529000
    -2.117000  6.086000  0.529000
    -2.117000  6.350000  0.529000
    -2.117000  6.615000  0.529000
    -2.117000  6.879000  0.529000
    -2.117000  7.144000  0.529000
    -2.117000  7.408000  0.529000
    -2.117000  7.673000  0.529000
    -2.117000  7.938000  0.529000
    -2.117000  8.202000  0.529000
    -2.117000  8.467000  0.529000
    -2.117000  8.731000  0.529000
    -2.117000  8.996000  0.529000
    -2.117000  9.261000  0.529000
    -2.117000  9.525000  0.529000
    -2.117000  9.790000  0.529000
    -2.117000  10.054000  0.529000
    -2.117000  10.319000  0.529000
    -2.117000  10.584000  0.529000
    -1.852000 -10.584000  0.529000
    -1.852000 -10.319000  0.529000
    -1.852000 -10.054000  0.529000
    -1.852000 -9.790000  0.529000
    -1.852000 -9.525000  0.529000
    -1.852000 -9.261000  0.529000
    -1.852000 -8.996000  0.529000
    -1.852000 -8.731000  0.529000
    -1.852000 -8.467000  0.529000
    -1.852000 -8.202000  0.529000
    -1.852000 -7.938000  0.529000
    -1.852000 -7.673000  0.529000
    -1.852000 -7.408000  0.529000
    -1.852000 -7.144000  0.529000
    -1.852000 -6.879000  0.529000
    -1.852000 -6.615000  0.529000
    -1.852000 -6.350000  0.529000
    -1.852000 -6.086000  0.529000
    -1.852000 -5.821000  0.529000
    -1.852000 -5.556000  0.529000
    -1.852000 -5.292000  0.529000
    -1.852000 -5.027000  0.529000
    -1.852000 -4.763000  0.529000
    -1.852000 -4.498000  0.529000
    -1.852000 -4.233000  0.529000
    -1.852000 -3.969000  0.529000
    -1.852000 -3.704000  0.529000
    -1.852000 -3.440000  0.529000
    -1.852000 -3.175000  0.529000
    -1.852000 -2.910000  0.529000
    -1.852000 -2.646000  0.529000
    -1.852000 -2.381000  0.529000
    -1.852000 -2.117000  0.529000
    -1.852000 -1.852000  0.529000
    -1.852000 -1.588000  0.529000
    -1.852000 -1.323000  0.529000
    -1.852000 -1.058000  0.529000
    -1.852000 -0.794000  0.529000
    -1.852000 -0.529000  0.529000
    -1.852000 -0.265000  0.529000
    -1.852000  0.000000  0.529000
    -1.852000  0.265000  0.529000
    -1.852000  0.529000  0.529000
    -1.852000  0.794000  0.529000
    -1.852000  1.058000  0.529000
    -1.852000  1.323000  0.529000
    -1.852000  1.588000  0.529000
    -1.852000  1.852000  0.529000
    -1.852000  2.117000  0.529000
    -1.852000  2.381000  0.529000
    -1.852000  2.646000  0.529000
    -1.852000  2.910000  0.529000
    -1.852000  3.175000  0.529000
    -1.852000  3.440000  0.529000
    -1.852000  3.704000  0.529000
    -1.852000  3.969000  0.529000
    -1.852000  4.233000  0.529000
    -1.852000  4.498000  0.529000
    -1.852000  4.763000  0.529000
    -1.852000  5.027000  0.529000
    -1.852000  5.292000  0.529000
    -1.852000  5.556000  0.529000
    -1.852000  5.821000  0.529000
    -1.852000  6.086000  0.529000
    -1.852000  6.350000  0.529000
    -1.852000  6.615000  0.529000
    -1.852000  6.879000  0.529000
    -1.852000  7.144000  0.529000
    -1.852000  7.408000  0.529000
    -1.852000  7.673000  0.529000
    -1.852000  7.938000  0.529000
    -1.852000  8.202000  0.529000
    -1.852000  8.467000  0.529000
    -1.852000  8.731000  0.529000
    -1.852000  8.996000  0.529000
    -1.852000  9.261000  0.529000
    -1.852000  9.525000  0.529000
    -1.852000  9.790000  0.529000
    -1.852000  10.054000  0.529000
    -1.852000  10.319000  0.529000
    -1.852000  10.584000  0.529000
    -1.588000 -10.584000  0.529000
    -1.588000 -10.319000  0.529000
    -1.588000 -10.054000  0.529000
    -1.588000 -9.790000  0.529000
    -1.588000 -9.525000  0.529000
    -1.588000 -9.261000  0.529000
    -1.588000 -8.996000  0.529000
    -1.588000 -8.731000  0.529000
    -1.588000 -8.467000  0.529000
    -1.588000 -8.202000  0.529000
    -1.588000 -7.938000  0.529000
    -1.588000 -7.673000  0.529000
    -1.588000 -7.408000  0.529000
    -1.588000 -7.144000  0.529000
    -1.588000 -6.879000  0.529000
    -1.588000 -6.615000  0.529000
    -1.588000 -6.350000  0.529000
    -1.588000 -6.086000  0.529000
    -1.588000 -5.821000  0.529000
    -1.588000 -5.556000  0.529000
    -1.588000 -5.292000  0.529000
    -1.588000 -5.027000  0.529000
    -1.588000 -4.763000  0.529000
    -1.588000 -4.498000  0.529000
    -1.588000 -4.233000  0.529000
    -1.588000 -3.969000  0.529000
    -1.588000 -3.704000  0.529000
    -1.588000 -3.440000  0.529000
    -1.588000 -3.175000  0.529000
    -1.588000 -2.910000  0.529000
    -1.588000 -2.646000  0.529000
    -1.588000 -2.381000  0.529000
    -1.588000 -2.117000  0.529000
    -1.588000 -1.852000  0.529000
    -1.588000 -1.588000  0.529000
    -1.588000 -1.323000  0.529000
    -1.588000 -1.058000  0.529000
    -1.588000 -0.794000  0.529000
    -1.588000 -0.529000  0.529000
    -1.588000 -0.265000  0.529000
    -1.588000  0.000000  0.529000
    -1.588000  0.265000  0.529000
    -1.588000  0.529000  0.529000
    -1.588000  0.794000  0.529000
    -1.588000  1.058000  0.529000
    -1.588000  1.323000  0.529000
    -1.588000  1.588000  0.529000
    -1.588000  1.852000  0.529000
    -1.588000  2.117000  0.529000
    -1.588000  2.381000  0.529000
    -1.588000  2.646000  0.529000
    -1.588000  2.910000  0.529000
    -1.588000  3.175000  0.529000
    -1.588000  3.440000  0.529000
    -1.588000  3.704000  0.529000
    -1.588000  3.969000  0.529000
    -1.588000  4.233000  0.529000
    -1.588000  4.498000  0.529000
    -1.588000  4.763000  0.529000
    -1.588000  5.027000  0.529000
    -1.588000  5.292000  0.529000
    -1.588000  5.556000  0.529000
    -1.588000  5.821000  0.529000
    -1.588000  6.086000  0.529000
    -1.588000  6.350000  0.529000
    -1.588000  6.615000  0.529000
    -1.588000  6.879000  0.529000
    -1.588000  7.144000  0.529000
    -1.588000  7.408000  0.529000
    -1.588000  7.673000  0.529000
    -1.588000  7.938000  0.529000
    -1.588000  8.202000  0.529000
    -1.588000  8.467000  0.529000
    -1.588000  8.731000  0.529000
    -1.588000  8.996000  0.529000
    -1.588000  9.261000  0.529000
    -1.588000  9.525000  0.529000
    -1.588000  9.790000  0.529000
    -1.588000  10.054000  0.529000
    -1.588000  10.319000  0.529000
    -1.588000  10.584000  0.529000
    -1.323000 -10.584000  0.529000
    -1.323000 -10.319000  0.529000
    -1.323000 -10.054000  0.529000
    -1.323000 -9.790000  0.529000
    -1.323000 -9.525000  0.529000
    -1.323000 -9.261000  0.529000
    -1.323000 -8.996000  0.529000
    -1.323000 -8.731000  0.529000
    -1.323000 -8.467000  0.529000
    -1.323000 -8.202000  0.529000
    -1.323000 -7.938000  0.529000
    -1.323000 -7.673000  0.529000
    -1.323000 -7.408000  0.529000
    -1.323000 -7.144000  0.529000
    -1.323000 -6.879000  0.529000
    -1.323000 -6.615000  0.529000
    -1.323000 -6.350000  0.529000
    -1.323000 -6.086000  0.529000
    -1.323000 -5.821000  0.529000
    -1.323000 -5.556000  0.529000
    -1.323000 -5.292000  0.529000
    -1.323000 -5.027000  0.529000
    -1.323000 -4.763000  0.529000
    -1.323000 -4.498000  0.529000
    -1.323000 -4.233000  0.529000
    -1.323000 -3.969000  0.529000
    -1.323000 -3.704000  0.529000
    -1.323000 -3.440000  0.529000
    -1.323000 -3.175000  0.529000
    -1.323000 -2.910000  0.529000
    -1.323000 -2.646000  0.529000
    -1.323000 -2.381000  0.529000
    -1.323000 -2.117000  0.529000
    -1.323000 -1.852000  0.529000
    -1.323000 -1.588000  0.529000
    -1.323000 -1.323000  0.529000
    -1.323000 -1.058000  0.529000
    -1.323000 -0.794000  0.529000
    -1.323000 -0.529000  0.529000
    -1.323000 -0.265000  0.529000
    -1.323000  0.000000  0.529000
    -1.323000  0.265000  0.529000
    -1.323000  0.529000  0.529000
    -1.323000  0.794000  0.529000
    -1.323000  1.058000  0.529000
    -1.323000  1.323000  0.529000
    -1.323000  1.588000  0.529000
    -1.323000  1.852000  0.529000
    -1.323000  2.117000  0.529000
    -1.323000  2.381000  0.529000
    -1.323000  2.646000  0.529000
    -1.323000  2.910000  0.529000
    -1.323000  3.175000  0.529000
    -1.323000  3.440000  0.529000
    -1.323000  3.704000  0.529000
    -1.323000  3.969000  0.529000
    -1.323000  4.233000  0.529000
    -1.323000  4.498000  0.529000
    -1.323000  4.763000  0.529000
    -1.323000  5.027000  0.529000
    -1.323000  5.292000  0.529000
    -1.323000  5.556000  0.529000
    -1.323000  5.821000  0.529000
    -1.323000  6.086000  0.529000
    -1.323000  6.350000  0.529000
    -1.323000  6.615000  0.529000
    -1.323000  6.879000  0.529000
    -1.323000  7.144000  0.529000
    -1.323000  7.408000  0.529000
    -1.323000  7.673000  0.529000
    -1.323000  7.938000  0.529000
    -1.323000  8.202000  0.529000
    -1.323000  8.467000  0.529000
    -1.323000  8.731000  0.529000
    -1.323000  8.996000  0.529000
    -1.323000  9.261000  0.529000
    -1.323000  9.525000  0.529000
    -1.323000  9.790000  0.529000
    -1.323000  10.054000  0.529000
    -1.323000  10.319000  0.529000
    -1.323000  10.584000  0.529000
    -1.058000 -10.584000  0.529000
    -1.058000 -10.319000  0.529000
    -1.058000 -10.054000  0.529000
    -1.058000 -9.790000  0.529000
    -1.058000 -9.525000  0.529000
    -1.058000 -9.261000  0.529000
    -1.058000 -8.996000  0.529000
    -1.058000 -8.731000  0.529000
    -1.058000 -8.467000  0.529000
    -1.058000 -8.202000  0.529000
    -1.058000 -7.938000  0.529000
    -1.058000 -7.673000  0.529000
    -1.058000 -7.408000  0.529000
    -1.058000 -7.144000  0.529000
    -1.058000 -6.879000  0.529000
    -1.058000 -6.615000  0.529000
    -1.058000 -6.350000  0.529000
    -1.058000 -6.086000  0.529000
    -1.058000 -5.821000  0.529000
    -1.058000 -5.556000  0.529000
    -1.058000 -5.292000  0.529000
    -1.058000 -5.027000  0.529000
    -1.058000 -4.763000  0.529000
    -1.058000 -4.498000  0.529000
    -1.058000 -4.233000  0.529000
    -1.058000 -3.969000  0.529000
    -1.058000 -3.704000  0.529000
    -1.058000 -3.440000  0.529000
    -1.058000 -3.175000  0.529000
    -1.058000 -2.910000  0.529000
    -1.058000 -2.646000  0.529000
    -1.058000 -2.381000  0.529000
    -1.058000 -2.117000  0.529000
    -1.058000 -1.852000  0.529000
    -1.058000 -1.588000  0.529000
    -1.058000 -1.323000  0.529000
    -1.058000 -1.058000  0.529000
    -1.058000 -0.794000  0.529000
    -1.058000 -0.529000  0.529000
    -1.058000 -0.265000  0.529000
    -1.058000  0.000000  0.529000
    -1.058000  0.265000  0.529000
    -1.058000  0.529000  0.529000
    -1.058000  0.794000  0.529000
    -1.058000  1.058000  0.529000
    -1.058000  1.323000  0.529000
    -1.058000  1.588000  0.529000
    -1.058000  1.852000  0.529000
    -1.058000  2.117000  0.529000
    -1.058000  2.381000  0.529000
    -1.058000  2.646000  0.529000
    -1.058000  2.910000  0.529000
    -1.058000  3.175000  0.529000
    -1.058000  3.440000  0.529000
    -1.058000  3.704000  0.529000
    -1.058000  3.969000  0.529000
    -1.058000  4.233000  0.529000
    -1.058000  4.498000  0.529000
    -1.058000  4.763000  0.529000
    -1.058000  5.027000  0.529000
    -1.058000  5.292000  0.529000
    -1.058000  5.556000  0.529000
    -1.058000  5.821000  0.529000
    -1.058000  6.086000  0.529000
    -1.058000  6.350000  0.529000
    -1.058000  6.615000  0.529000
    -1.058000  6.879000  0.529000
    -1.058000  7.144000  0.529000
    -1.058000  7.408000  0.529000
    -1.058000  7.673000  0.529000
    -1.058000  7.938000  0.529000
    -1.058000  8.202000  0.529000
    -1.058000  8.467000  0.529000
    -1.058000  8.731000  0.529000
    -1.058000  8.996000  0.529000
    -1.058000  9.261000  0.529000
    -1.058000  9.525000  0.529000
    -1.058000  9.790000  0.529000
    -1.058000  10.054000  0.529000
    -1.058000  10.319000  0.529000
    -1.058000  10.584000  0.529000
    -0.794000 -10.584000  0.529000
    -0.794000 -10.319000  0.529000
    -0.794000 -10.054000  0.529000
    -0.794000 -9.790000  0.529000
    -0.794000 -9.525000  0.529000
    -0.794000 -9.261000  0.529000
    -0.794000 -8.996000  0.529000
    -0.794000 -8.731000  0.529000
    -0.794000 -8.467000  0.529000
    -0.794000 -8.202000  0.529000
    -0.794000 -7.938000  0.529000
    -0.794000 -7.673000  0.529000
    -0.794000 -7.408000  0.529000
    -0.794000 -7.144000  0.529000
    -0.794000 -6.879000  0.529000
    -0.794000 -6.615000  0.529000
    -0.794000 -6.350000  0.529000
    -0.794000 -6.086000  0.529000
    -0.794000 -5.821000  0.529000
    -0.794000 -5.556000  0.529000
    -0.794000 -5.292000  0.529000
    -0.794000 -5.027000  0.529000
    -0.794000 -4.763000  0.529000
    -0.794000 -4.498000  0.529000
    -0.794000 -4.233000  0.529000
    -0.794000 -3.969000  0.529000
    -0.794000 -3.704000  0.529000
    -0.794000 -3.440000  0.529000
    -0.794000 -3.175000  0.529000
    -0.794000 -2.910000  0.529000
    -0.794000 -2.646000  0.529000
    -0.794000 -2.381000  0.529000
    -0.794000 -2.117000  0.529000
    -0.794000 -1.852000  0.529000
    -0.794000 -1.588000  0.529000
    -0.794000 -1.323000  0.529000
    -0.794000 -1.058000  0.529000
    -0.794000 -0.794000  0.529000
    -0.794000 -0.529000  0.529000
    -0.794000 -0.265000  0.529000
    -0.794000  0.000000  0.529000
    -0.794000  0.265000  0.529000
    -0.794000  0.529000  0.529000
    -0.794000  0.794000  0.529000
    -0.794000  1.058000  0.529000
    -0.794000  1.323000  0.529000
    -0.794000  1.588000  0.529000
    -0.794000  1.852000  0.529000
    -0.794000  2.117000  0.529000
    -0.794000  2.381000  0.529000
    -0.794000  2.646000  0.529000
    -0.794000  2.910000  0.529000
    -0.794000  3.175000  0.529000
    -0.794000  3.440000  0.529000
    -0.794000  3.704000  0.529000
    -0.794000  3.969000  0.529000
    -0.794000  4.233000  0.529000
    -0.794000  4.498000  0.529000
    -0.794000  4.763000  0.529000
    -0.794000  5.027000  0.529000
    -0.794000  5.292000  0.529000
    -0.794000  5.556000  0.529000
    -0.794000  5.821000  0.529000
    -0.794000  6.086000  0.529000
    -0.794000  6.350000  0.529000
    -0.794000  6.615000  0.529000
    -0.794000  6.879000  0.529000
    -0.794000  7.144000  0.529000
    -0.794000  7.408000  0.529000
    -0.794000  7.673000  0.529000
    -0.794000  7.938000  0.529000
    -0.794000  8.202000  0.529000
    -0.794000  8.467000  0.529000
    -0.794000  8.731000  0.529000
    -0.794000  8.996000  0.529000
    -0.794000  9.261000  0.529000
    -0.794000  9.525000  0.529000
    -0.794000  9.790000  0.529000
    -0.794000  10.054000  0.529000
    -0.794000  10.319000  0.529000
    -0.794000  10.584000  0.529000
    -0.529000 -10.584000  0.529000
    -0.529000 -10.319000  0.529000
    -0.529000 -10.054000  0.529000
    -0.529000 -9.790000  0.529000
    -0.529000 -9.525000  0.529000
    -0.529000 -9.261000  0.529000
    -0.529000 -8.996000  0.529000
    -0.529000 -8.731000  0.529000
    -0.529000 -8.467000  0.529000
    -0.529000 -8.202000  0.529000
    -0.529000 -7.938000  0.529000
    -0.529000 -7.673000  0.529000
    -0.529000 -7.408000  0.529000
    -0.529000 -7.144000  0.529000
    -0.529000 -6.879000  0.529000
    -0.529000 -6.615000  0.529000
    -0.529000 -6.350000  0.529000
    -0.529000 -6.086000  0.529000
    -0.529000 -5.821000  0.529000
    -0.529000 -5.556000  0.529000
    -0.529000 -5.292000  0.529000
    -0.529000 -5.027000  0.529000
    -0.529000 -4.763000  0.529000
    -0.529000 -4.498000  0.529000
    -0.529000 -4.233000  0.529000
    -0.529000 -3.969000  0.529000
    -0.529000 -3.704000  0.529000
    -0.529000 -3.440000  0.529000
    -0.529000 -3.175000  0.529000
    -0.529000 -2.910000  0.529000
    -0.529000 -2.646000  0.529000
    -0.529000 -2.381000  0.529000
    -0.529000 -2.117000  0.529000
    -0.529000 -1.852000  0.529000
    -0.529000 -1.588000  0.529000
    -0.529000 -1.323000  0.529000
    -0.529000 -1.058000  0.529000
    -0.529000 -0.794000  0.529000
    -0.529000 -0.529000  0.529000
    -0.529000 -0.265000  0.529000
    -0.529000  0.000000  0.529000
    -0.529000  0.265000  0.529000
    -0.529000  0.529000  0.529000
    -0.529000  0.794000  0.529000
    -0.529000  1.058000  0.529000
    -0.529000  1.323000  0.529000
    -0.529000  1.588000  0.529000
    -0.529000  1.852000  0.529000
    -0.529000  2.117000  0.529000
    -0.529000  2.381000  0.529000
    -0.529000  2.646000  0.529000
    -0.529000  2.910000  0.529000
    -0.529000  3.175000  0.529000
    -0.529000  3.440000  0.529000
    -0.529000  3.704000  0.529000
    -0.529000  3.969000  0.529000
    -0.529000  4.233000  0.529000
    -0.529000  4.498000  0.529000
    -0.529000  4.763000  0.529000
    -0.529000  5.027000  0.529000
    -0.529000  5.292000  0.529000
    -0.529000  5.556000  0.529000
    -0.529000  5.821000  0.529000
    -0.529000  6.086000  0.529000
    -0.529000  6.350000  0.529000
    -0.529000  6.615000  0.529000
    -0.529000  6.879000  0.529000
    -0.529000  7.144000  0.529000
    -0.529000  7.408000  0.529000
    -0.529000  7.673000  0.529000
    -0.529000  7.938000  0.529000
    -0.529000  8.202000  0.529000
    -0.529000  8.467000  0.529000
    -0.529000  8.731000  0.529000
    -0.529000  8.996000  0.529000
    -0.529000  9.261000  0.529000
    -0.529000  9.525000  0.529000
    -0.529000  9.790000  0.529000
    -0.529000  10.054000  0.529000
    -0.529000  10.319000  0.529000
    -0.529000  10.584000  0.529000
    -0.265000 -10.584000  0.529000
    -0.265000 -10.319000  0.529000
    -0.265000 -10.054000  0.529000
    -0.265000 -9.790000  0.529000
    -0.265000 -9.525000  0.529000
    -0.265000 -9.261000  0.529000
    -0.265000 -8.996000  0.529000
    -0.265000 -8.731000  0.529000
    -0.265000 -8.467000  0.529000
    -0.265000 -8.202000  0.529000
    -0.265000 -7.938000  0.529000
    -0.265000 -7.673000  0.529000
    -0.265000 -7.408000  0.529000
    -0.265000 -7.144000  0.529000
    -0.265000 -6.879000  0.529000
    -0.265000 -6.615000  0.529000
    -0.265000 -6.350000  0.529000
    -0.265000 -6.086000  0.529000
    -0.265000 -5.821000  0.529000
    -0.265000 -5.556000  0.529000
    -0.265000 -5.292000  0.529000
    -0.265000 -5.027000  0.529000
    -0.265000 -4.763000  0.529000
    -0.265000 -4.498000  0.529000
    -0.265000 -4.233000  0.529000
    -0.265000 -3.969000  0.529000
    -0.265000 -3.704000  0.529000
    -0.265000 -3.440000  0.529000
    -0.265000 -3.175000  0.529000
    -0.265000 -2.910000  0.529000
    -0.265000 -2.646000  0.529000
    -0.265000 -2.381000  0.529000
    -0.265000 -2.117000  0.529000
    -0.265000 -1.852000  0.529000
    -0.265000 -1.588000  0.529000
    -0.265000 -1.323000  0.529000
    -0.265000 -1.058000  0.529000
    -0.265000 -0.794000  0.529000
    -0.265000 -0.529000  0.529000
    -0.265000 -0.265000  0.529000
    -0.265000  0.000000  0.529000
    -0.265000  0.265000  0.529000
    -0.265000  0.529000  0.529000
    -0.265000  0.794000  0.529000
    -0.265000  1.058000  0.529000
    -0.265000  1.323000  0.529000
    -0.265000  1.588000  0.529000
    -0.265000  1.852000  0.529000
    -0.265000  2.117000  0.529000
    -0.265000  2.381000  0.529000
    -0.265000  2.646000  0.529000
    -0.265000  2.910000  0.529000
    -0.265000  3.175000  0.529000
    -0.265000  3.440000  0.529000
    -0.265000  3.704000  0.529000
    -0.265000  3.969000  0.529000
    -0.265000  4.233000  0.529000
    -0.265000  4.498000  0.529000
    -0.265000  4.763000  0.529000
    -0.265000  5.027000  0.529000
    -0.265000  5.292000  0.529000
    -0.265000  5.556000  0.529000
    -0.265000  5.821000  0.529000
    -0.265000  6.086000  0.529000
    -0.265000  6.350000  0.529000
    -0.265000  6.615000  0.529000
    -0.265000  6.879000  0.529000
    -0.265000  7.144000  0.529000
    -0.265000  7.408000  0.529000
    -0.265000  7.673000  0.529000
    -0.265000  7.938000  0.529000
    -0.265000  8.202000  0.529000
    -0.265000  8.467000  0.529000
    -0.265000  8.731000  0.529000
    -0.265000  8.996000  0.529000
    -0.265000  9.261000  0.529000
    -0.265000  9.525000  0.529000
    -0.265000  9.790000  0.529000
    -0.265000  10.054000  0.529000
    -0.265000  10.319000  0.529000
    -0.265000  10.584000  0.529000
     0.000000 -10.584000  0.529000
     0.000000 -10.319000  0.529000
     0.000000 -10.054000  0.529000
     0.000000 -9.790000  0.529000
     0.000000 -9.525000  0.529000
     0.000000 -9.261000  0.529000
     0.000000 -8.996000  0.529000
     0.000000 -8.731000  0.529000
     0.000000 -8.467000  0.529000
     0.000000 -8.202000  0.529000
     0.000000 -7.938000  0.529000
     0.000000 -7.673000  0.529000
     0.000000 -7.408000  0.529000
     0.000000 -7.144000  0.529000
     0.000000 -6.879000  0.529000
     0.000000 -6.615000  0.529000
     0.000000 -6.350000  0.529000
     0.000000 -6.086000  0.529000
     0.000000 -5.821000  0.529000
     0.000000 -5.556000  0.529000
     0.000000 -5.292000  0.529000
     0.000000 -5.027000  0.529000
     0.000000 -4.763000  0.529000
     0.000000 -4.498000  0.529000
     0.000000 -4.233000  0.529000
     0.000000 -3.969000  0.529000
     0.000000 -3.704000  0.529000
     0.000000 -3.440000  0.529000
     0.000000 -3.175000  0.529000
     0.000000 -2.910000  0.529000
     0.000000 -2.646000  0.529000
     0.000000 -2.381000  0.529000
     0.000000 -2.117000  0.529000
     0.000000 -1.852000  0.529000
     0.000000 -1.588000  0.529000
     0.000000 -1.323000  0.529000
     0.000000 -1.058000  0.529000
     0.000000 -0.794000  0.529000
     0.000000 -0.529000  0.529000
     0.000000 -0.265000  0.529000
     0.000000  0.000000  0.529000
     0.000000  0.265000  0.529000
     0.000000  0.529000  0.529000
     0.000000  0.794000  0.529000
     0.000000  1.058000  0.529000
     0.000000  1.323000  0.529000
     0.000000  1.588000  0.529000
     0.000000  1.852000  0.529000
     0.000000  2.117000  0.529000
     0.000000  2.381000  0.529000
     0.000000  2.646000  0.529000
     0.000000  2.910000  0.529000
     0.000000  3.175000  0.529000
     0.000000  3.440000  0.529000
     0.000000  3.704000  0.529000
     0.000000  3.969000  0.529000
     0.000000  4.233000  0.529000
     0.000000  4.498000  0.529000
     0.000000  4.763000  0.529000
     0.000000  5.027000  0.529000
     0.000000  5.292000  0.529000
     0.000000  5.556000  0.529000
     0.000000  5.821000  0.529000
     0.000000  6.086000  0.529000
     0.000000  6.350000  0.529000
     0.000000  6.615000  0.529000
     0.000000  6.879000  0.529000
     0.000000  7.144000  0.529000
     0.000000  7.408000  0.529000
     0.000000  7.673000  0.529000
     0.000000  7.938000  0.529000
     0.000000  8.202000  0.529000
     0.000000  8.467000  0.529000
     0.000000  8.731000  0.529000
     0.000000  8.996000  0.529000
     0.000000  9.261000  0.529000
     0.000000  9.525000  0.529000
     0.000000  9.790000  0.529000
     0.000000  10.054000  0.529000
     0.000000  10.319000  0.529000
     0.000000  10.584000  0.529000
     0.265000 -10.584000  0.529000
     0.265000 -10.319000  0.529000
     0.265000 -10.054000  0.529000
     0.265000 -9.790000  0.529000
     0.265000 -9.525000  0.529000
     0.265000 -9.261000  0.529000
     0.265000 -8.996000  0.529000
     0.265000 -8.731000  0.529000
     0.265000 -8.467000  0.529000
     0.265000 -8.202000  0.529000
     0.265000 -7.938000  0.529000
     0.265000 -7.673000  0.529000
     0.265000 -7.408000  0.529000
     0.265000 -7.144000  0.529000
     0.265000 -6.879000  0.529000
     0.265000 -6.615000  0.529000
     0.265000 -6.350000  0.529000
     0.265000 -6.086000  0.529000
     0.265000 -5.821000  0.529000
     0.265000 -5.556000  0.529000
     0.265000 -5.292000  0.529000
     0.265000 -5.027000  0.529000
     0.265000 -4.763000  0.529000
     0.265000 -4.498000  0.529000
     0.265000 -4.233000  0.529000
     0.265000 -3.969000  0.529000
     0.265000 -3.704000  0.529000
     0.265000 -3.440000  0.529000
     0.265000 -3.175000  0.529000
     0.265000 -2.910000  0.529000
     0.265000 -2.646000  0.529000
     0.265000 -2.381000  0.529000
     0.265000 -2.117000  0.529000
     0.265000 -1.852000  0.529000
     0.265000 -1.588000  0.529000
     0.265000 -1.323000  0.529000
     0.265000 -1.058000  0.529000
     0.265000 -0.794000  0.529000
     0.265000 -0.529000  0.529000
     0.265000 -0.265000  0.529000
     0.265000  0.000000  0.529000
     0.265000  0.265000  0.529000
     0.265000  0.529000  0.529000
     0.265000  0.794000  0.529000
     0.265000  1.058000  0.529000
     0.265000  1.323000  0.529000
     0.265000  1.588000  0.529000
     0.265000  1.852000  0.529000
     0.265000  2.117000  0.529000
     0.265000  2.381000  0.529000
     0.265000  2.646000  0.529000
     0.265000  2.910000  0.529000
     0.265000  3.175000  0.529000
     0.265000  3.440000  0.529000
     0.265000  3.704000  0.529000
     0.265000  3.969000  0.529000
     0.265000  4.233000  0.529000
     0.265000  4.498000  0.529000
     0.265000  4.763000  0.529000
     0.265000  5.027000  0.529000
     0.265000  5.292000  0.529000
     0.265000  5.556000  0.529000
     0.265000  5.821000  0.529000
     0.265000  6.086000  0.529000
     0.265000  6.350000  0.529000
     0.265000  6.615000  0.529000
     0.265000  6.879000  0.529000
     0.265000  7.144000  0.529000
     0.265000  7.408000  0.529000
     0.265000  7.673000  0.529000
     0.265000  7.938000  0.529000
     0.265000  8.202000  0.529000
     0.265000  8.467000  0.529000
     0.265000  8.731000  0.529000
     0.265000  8.996000  0.529000
     0.265000  9.261000  0.529000
     0.265000  9.525000  0.529000
     0.265000  9.790000  0.529000
     0.265000  10.054000  0.529000
     0.265000  10.319000  0.529000
     0.265000  10.584000  0.529000
     0.529000 -10.584000  0.529000
     0.529000 -10.319000  0.529000
     0.529000 -10.054000  0.529000
     0.529000 -9.790000  0.529000
     0.529000 -9.525000  0.529000
     0.529000 -9.261000  0.529000
     0.529000 -8.996000  0.529000
     0.529000 -8.731000  0.529000
     0.529000 -8.467000  0.529000
     0.529000 -8.202000  0.529000
     0.529000 -7.938000  0.529000
     0.529000 -7.673000  0.529000
     0.529000 -7.408000  0.529000
     0.529000 -7.144000  0.529000
     0.529000 -6.879000  0.529000
     0.529000 -6.615000  0.529000
     0.529000 -6.350000  0.529000
     0.529000 -6.086000  0.529000
     0.529000 -5.821000  0.529000
     0.529000 -5.556000  0.529000
     0.529000 -5.292000  0.529000
     0.529000 -5.027000  0.529000
     0.529000 -4.763000  0.529000
     0.529000 -4.498000  0.529000
     0.529000 -4.233000  0.529000
     0.529000 -3.969000  0.529000
     0.529000 -3.704000  0.529000
     0.529000 -3.440000  0.529000
     0.529000 -3.175000  0.529000
     0.529000 -2.910000  0.529000
     0.529000 -2.646000  0.529000
     0.529000 -2.381000  0.529000
     0.529000 -2.117000  0.529000
     0.529000 -1.852000  0.529000
     0.529000 -1.588000  0.529000
     0.529000 -1.323000  0.529000
     0.529000 -1.058000  0.529000
     0.529000 -0.794000  0.529000
     0.529000 -0.529000  0.529000
     0.529000 -0.265000  0.529000
     0.529000  0.000000  0.529000
     0.529000  0.265000  0.529000
     0.529000  0.529000  0.529000
     0.529000  0.794000  0.529000
     0.529000  1.058000  0.529000
     0.529000  1.323000  0.529000
     0.529000  1.588000  0.529000
     0.529000  1.852000  0.529000
     0.529000  2.117000  0.529000
     0.529000  2.381000  0.529000
     0.529000  2.646000  0.529000
     0.529000  2.910000  0.529000
     0.529000  3.175000  0.529000
     0.529000  3.440000  0.529000
     0.529000  3.704000  0.529000
     0.529000  3.969000  0.529000
     0.529000  4.233000  0.529000
     0.529000  4.498000  0.529000
     0.529000  4.763000  0.529000
     0.529000  5.027000  0.529000
     0.529000  5.292000  0.529000
     0.529000  5.556000  0.529000
     0.529000  5.821000  0.529000
     0.529000  6.086000  0.529000
     0.529000  6.350000  0.529000
     0.529000  6.615000  0.529000
     0.529000  6.879000  0.529000
     0.529000  7.144000  0.529000
     0.529000  7.408000  0.529000
     0.529000  7.673000  0.529000
     0.529000  7.938000  0.529000
     0.529000  8.202000  0.529000
     0.529000  8.467000  0.529000
     0.529000  8.731000  0.529000
     0.529000  8.996000  0.529000
     0.529000  9.261000  0.529000
     0.529000  9.525000  0.529000
     0.529000  9.790000  0.529000
     0.529000  10.054000  0.529000
     0.529000  10.319000  0.529000
     0.529000  10.584000  0.529000
     0.794000 -10.584000  0.529000
     0.794000 -10.319000  0.529000
     0.794000 -10.054000  0.529000
     0.794000 -9.790000  0.529000
     0.794000 -9.525000  0.529000
     0.794000 -9.261000  0.529000
     0.794000 -8.996000  0.529000
     0.794000 -8.731000  0.529000
     0.794000 -8.467000  0.529000
     0.794000 -8.202000  0.529000
     0.794000 -7.938000  0.529000
     0.794000 -7.673000  0.529000
     0.794000 -7.408000  0.529000
     0.794000 -7.144000  0.529000
     0.794000 -6.879000  0.529000
     0.794000 -6.615000  0.529000
     0.794000 -6.350000  0.529000
     0.794000 -6.086000  0.529000
     0.794000 -5.821000  0.529000
     0.794000 -5.556000  0.529000
     0.794000 -5.292000  0.529000
     0.794000 -5.027000  0.529000
     0.794000 -4.763000  0.529000
     0.794000 -4.498000  0.529000
     0.794000 -4.233000  0.529000
     0.794000 -3.969000  0.529000
     0.794000 -3.704000  0.529000
     0.794000 -3.440000  0.529000
     0.794000 -3.175000  0.529000
     0.794000 -2.910000  0.529000
     0.794000 -2.646000  0.529000
     0.794000 -2.381000  0.529000
     0.794000 -2.117000  0.529000
     0.794000 -1.852000  0.529000
     0.794000 -1.588000  0.529000
     0.794000 -1.323000  0.529000
     0.794000 -1.058000  0.529000
     0.794000 -0.794000  0.529000
     0.794000 -0.529000  0.529000
     0.794000 -0.265000  0.529000
     0.794000  0.000000  0.529000
     0.794000  0.265000  0.529000
     0.794000  0.529000  0.529000
     0.794000  0.794000  0.529000
     0.794000  1.058000  0.529000
     0.794000  1.323000  0.529000
     0.794000  1.588000  0.529000
     0.794000  1.852000  0.529000
     0.794000  2.117000  0.529000
     0.794000  2.381000  0.529000
     0.794000  2.646000  0.529000
     0.794000  2.910000  0.529000
     0.794000  3.175000  0.529000
     0.794000  3.440000  0.529000
     0.794000  3.704000  0.529000
     0.794000  3.969000  0.529000
     0.794000  4.233000  0.529000
     0.794000  4.498000  0.529000
     0.794000  4.763000  0.529000
     0.794000  5.027000  0.529000
     0.794000  5.292000  0.529000
     0.794000  5.556000  0.529000
     0.794000  5.821000  0.529000
     0.794000  6.086000  0.529000
     0.794000  6.350000  0.529000
     0.794000  6.615000  0.529000
     0.794000  6.879000  0.529000
     0.794000  7.144000  0.529000
     0.794000  7.408000  0.529000
     0.794000  7.673000  0.529000
     0.794000  7.938000  0.529000
     0.794000  8.202000  0.529000
     0.794000  8.467000  0.529000
     0.794000  8.731000  0.529000
     0.794000  8.996000  0.529000
     0.794000  9.261000  0.529000
     0.794000  9.525000  0.529000
     0.794000  9.790000  0.529000
     0.794000  10.054000  0.529000
     0.794000  10.319000  0.529000
     0.794000  10.584000  0.529000
     1.058000 -10.584000  0.529000
     1.058000 -10.319000  0.529000
     1.058000 -10.054000  0.529000
     1.058000 -9.790000  0.529000
     1.058000 -9.525000  0.529000
     1.058000 -9.261000  0.529000
     1.058000 -8.996000  0.529000
     1.058000 -8.731000  0.529000
     1.058000 -8.467000  0.529000
     1.058000 -8.202000  0.529000
     1.058000 -7.938000  0.529000
     1.058000 -7.673000  0.529000
     1.058000 -7.408000  0.529000
     1.058000 -7.144000  0.529000
     1.058000 -6.879000  0.529000
     1.058000 -6.615000  0.529000
     1.058000 -6.350000  0.529000
     1.058000 -6.086000  0.529000
     1.058000 -5.821000  0.529000
     1.058000 -5.556000  0.529000
     1.058000 -5.292000  0.529000
     1.058000 -5.027000  0.529000
     1.058000 -4.763000  0.529000
     1.058000 -4.498000  0.529000
     1.058000 -4.233000  0.529000
     1.058000 -3.969000  0.529000
     1.058000 -3.704000  0.529000
     1.058000 -3.440000  0.529000
     1.058000 -3.175000  0.529000
     1.058000 -2.910000  0.529000
     1.058000 -2.646000  0.529000
     1.058000 -2.381000  0.529000
     1.058000 -2.117000  0.529000
     1.058000 -1.852000  0.529000
     1.058000 -1.588000  0.529000
     1.058000 -1.323000  0.529000
     1.058000 -1.058000  0.529000
     1.058000 -0.794000  0.529000
     1.058000 -0.529000  0.529000
     1.058000 -0.265000  0.529000
     1.058000  0.000000  0.529000
     1.058000  0.265000  0.529000
     1.058000  0.529000  0.529000
     1.058000  0.794000  0.529000
     1.058000  1.058000  0.529000
     1.058000  1.323000  0.529000
     1.058000  1.588000  0.529000
     1.058000  1.852000  0.529000
     1.058000  2.117000  0.529000
     1.058000  2.381000  0.529000
     1.058000  2.646000  0.529000
     1.058000  2.910000  0.529000
     1.058000  3.175000  0.529000
     1.058000  3.440000  0.529000
     1.058000  3.704000  0.529000
     1.058000  3.969000  0.529000
     1.058000  4.233000  0.529000
     1.058000  4.498000  0.529000
     1.058000  4.763000  0.529000
     1.058000  5.027000  0.529000
     1.058000  5.292000  0.529000
     1.058000  5.556000  0.529000
     1.058000  5.821000  0.529000
     1.058000  6.086000  0.529000
     1.058000  6.350000  0.529000
     1.058000  6.615000  0.529000
     1.058000  6.879000  0.529000
     1.058000  7.144000  0.529000
     1.058000  7.408000  0.529000
     1.058000  7.673000  0.529000
     1.058000  7.938000  0.529000
     1.058000  8.202000  0.529000
     1.058000  8.467000  0.529000
     1.058000  8.731000  0.529000
     1.058000  8.996000  0.529000
     1.058000  9.261000  0.529000
     1.058000  9.525000  0.529000
     1.058000  9.790000  0.529000
     1.058000  10.054000  0.529000
     1.058000  10.319000  0.529000
     1.058000  10.584000  0.529000
     1.323000 -10.584000  0.529000
     1.323000 -10.319000  0.529000
     1.323000 -10.054000  0.529000
     1.323000 -9.790000  0.529000
     1.323000 -9.525000  0.529000
     1.323000 -9.261000  0.529000
     1.323000 -8.996000  0.529000
     1.323000 -8.731000  0.529000
     1.323000 -8.467000  0.529000
     1.323000 -8.202000  0.529000
     1.323000 -7.938000  0.529000
     1.323000 -7.673000  0.529000
     1.323000 -7.408000  0.529000
     1.323000 -7.144000  0.529000
     1.323000 -6.879000  0.529000
     1.323000 -6.615000  0.529000
     1.323000 -6.350000  0.529000
     1.323000 -6.086000  0.529000
     1.323000 -5.821000  0.529000
     1.323000 -5.556000  0.529000
     1.323000 -5.292000  0.529000
     1.323000 -5.027000  0.529000
     1.323000 -4.763000  0.529000
     1.323000 -4.498000  0.529000
     1.323000 -4.233000  0.529000
     1.323000 -3.969000  0.529000
     1.323000 -3.704000  0.529000
     1.323000 -3.440000  0.529000
     1.323000 -3.175000  0.529000
     1.323000 -2.910000  0.529000
     1.323000 -2.646000  0.529000
     1.323000 -2.381000  0.529000
     1.323000 -2.117000  0.529000
     1.323000 -1.852000  0.529000
     1.323000 -1.588000  0.529000
     1.323000 -1.323000  0.529000
     1.323000 -1.058000  0.529000
     1.323000 -0.794000  0.529000
     1.323000 -0.529000  0.529000
     1.323000 -0.265000  0.529000
     1.323000  0.000000  0.529000
     1.323000  0.265000  0.529000
     1.323000  0.529000  0.529000
     1.323000  0.794000  0.529000
     1.323000  1.058000  0.529000
     1.323000  1.323000  0.529000
     1.323000  1.588000  0.529000
     1.323000  1.852000  0.529000
     1.323000  2.117000  0.529000
     1.323000  2.381000  0.529000
     1.323000  2.646000  0.529000
     1.323000  2.910000  0.529000
     1.323000  3.175000  0.529000
     1.323000  3.440000  0.529000
     1.323000  3.704000  0.529000
     1.323000  3.969000  0.529000
     1.323000  4.233000  0.529000
     1.323000  4.498000  0.529000
     1.323000  4.763000  0.529000
     1.323000  5.027000  0.529000
     1.323000  5.292000  0.529000
     1.323000  5.556000  0.529000
     1.323000  5.821000  0.529000
     1.323000  6.086000  0.529000
     1.323000  6.350000  0.529000
     1.323000  6.615000  0.529000
     1.323000  6.879000  0.529000
     1.323000  7.144000  0.529000
     1.323000  7.408000  0.529000
     1.323000  7.673000  0.529000
     1.323000  7.938000  0.529000
     1.323000  8.202000  0.529000
     1.323000  8.467000  0.529000
     1.323000  8.731000  0.529000
     1.323000  8.996000  0.529000
     1.323000  9.261000  0.529000
     1.323000  9.525000  0.529000
     1.323000  9.790000  0.529000
     1.323000  10.054000  0.529000
     1.323000  10.319000  0.529000
     1.323000  10.584000  0.529000
     1.588000 -10.584000  0.529000
     1.588000 -10.319000  0.529000
     1.588000 -10.054000  0.529000
     1.588000 -9.790000  0.529000
     1.588000 -9.525000  0.529000
     1.588000 -9.261000  0.529000
     1.588000 -8.996000  0.529000
     1.588000 -8.731000  0.529000
     1.588000 -8.467000  0.529000
     1.588000 -8.202000  0.529000
     1.588000 -7.938000  0.529000
     1.588000 -7.673000  0.529000
     1.588000 -7.408000  0.529000
     1.588000 -7.144000  0.529000
     1.588000 -6.879000  0.529000
     1.588000 -6.615000  0.529000
     1.588000 -6.350000  0.529000
     1.588000 -6.086000  0.529000
     1.588000 -5.821000  0.529000
     1.588000 -5.556000  0.529000
     1.588000 -5.292000  0.529000
     1.588000 -5.027000  0.529000
     1.588000 -4.763000  0.529000
     1.588000 -4.498000  0.529000
     1.588000 -4.233000  0.529000
     1.588000 -3.969000  0.529000
     1.588000 -3.704000  0.529000
     1.588000 -3.440000  0.529000
     1.588000 -3.175000  0.529000
     1.588000 -2.910000  0.529000
     1.588000 -2.646000  0.529000
     1.588000 -2.381000  0.529000
     1.588000 -2.117000  0.529000
     1.588000 -1.852000  0.529000
     1.588000 -1.588000  0.529000
     1.588000 -1.323000  0.529000
     1.588000 -1.058000  0.529000
     1.588000 -0.794000  0.529000
     1.588000 -0.529000  0.529000
     1.588000 -0.265000  0.529000
     1.588000  0.000000  0.529000
     1.588000  0.265000  0.529000
     1.588000  0.529000  0.529000
     1.588000  0.794000  0.529000
     1.588000  1.058000  0.529000
     1.588000  1.323000  0.529000
     1.588000  1.588000  0.529000
     1.588000  1.852000  0.529000
     1.588000  2.117000  0.529000
     1.588000  2.381000  0.529000
     1.588000  2.646000  0.529000
     1.588000  2.910000  0.529000
     1.588000  3.175000  0.529000
     1.588000  3.440000  0.529000
     1.588000  3.704000  0.529000
     1.588000  3.969000  0.529000
     1.588000  4.233000  0.529000
     1.588000  4.498000  0.529000
     1.588000  4.763000  0.529000
     1.588000  5.027000  0.529000
     1.588000  5.292000  0.529000
     1.588000  5.556000  0.529000
     1.588000  5.821000  0.529000
     1.588000  6.086000  0.529000
     1.588000  6.350000  0.529000
     1.588000  6.615000  0.529000
     1.588000  6.879000  0.529000
     1.588000  7.144000  0.529000
     1.588000  7.408000  0.529000
     1.588000  7.673000  0.529000
     1.588000  7.938000  0.529000
     1.588000  8.202000  0.529000
     1.588000  8.467000  0.529000
     1.588000  8.731000  0.529000
     1.588000  8.996000  0.529000
     1.588000  9.261000  0.529000
     1.588000  9.525000  0.529000
     1.588000  9.790000  0.529000
     1.588000  10.054000  0.529000
     1.588000  10.319000  0.529000
     1.588000  10.584000  0.529000
     1.852000 -10.584000  0.529000
     1.852000 -10.319000  0.529000
     1.852000 -10.054000  0.529000
     1.852000 -9.790000  0.529000
     1.852000 -9.525000  0.529000
     1.852000 -9.261000  0.529000
     1.852000 -8.996000  0.529000
     1.852000 -8.731000  0.529000
     1.852000 -8.467000  0.529000
     1.852000 -8.202000  0.529000
     1.852000 -7.938000  0.529000
     1.852000 -7.673000  0.529000
     1.852000 -7.408000  0.529000
     1.852000 -7.144000  0.529000
     1.852000 -6.879000  0.529000
     1.852000 -6.615000  0.529000
     1.852000 -6.350000  0.529000
     1.852000 -6.086000  0.529000
     1.852000 -5.821000  0.529000
     1.852000 -5.556000  0.529000
     1.852000 -5.292000  0.529000
     1.852000 -5.027000  0.529000
     1.852000 -4.763000  0.529000
     1.852000 -4.498000  0.529000
     1.852000 -4.233000  0.529000
     1.852000 -3.969000  0.529000
     1.852000 -3.704000  0.529000
     1.852000 -3.440000  0.529000
     1.852000 -3.175000  0.529000
     1.852000 -2.910000  0.529000
     1.852000 -2.646000  0.529000
     1.852000 -2.381000  0.529000
     1.852000 -2.117000  0.529000
     1.852000 -1.852000  0.529000
     1.852000 -1.588000  0.529000
     1.852000 -1.323000  0.529000
     1.852000 -1.058000  0.529000
     1.852000 -0.794000  0.529000
     1.852000 -0.529000  0.529000
     1.852000 -0.265000  0.529000
     1.852000  0.000000  0.529000
     1.852000  0.265000  0.529000
     1.852000  0.529000  0.529000
     1.852000  0.794000  0.529000
     1.852000  1.058000  0.529000
     1.852000  1.323000  0.529000
     1.852000  1.588000  0.529000
     1.852000  1.852000  0.529000
     1.852000  2.117000  0.529000
     1.852000  2.381000  0.529000
     1.852000  2.646000  0.529000
     1.852000  2.910000  0.529000
     1.852000  3.175000  0.529000
     1.852000  3.440000  0.529000
     1.852000  3.704000  0.529000
     1.852000  3.969000  0.529000
     1.852000  4.233000  0.529000
     1.852000  4.498000  0.529000
     1.852000  4.763000  0.529000
     1.852000  5.027000  0.529000
     1.852000  5.292000  0.529000
     1.852000  5.556000  0.529000
     1.852000  5.821000  0.529000
     1.852000  6.086000  0.529000
     1.852000  6.350000  0.529000
     1.852000  6.615000  0.529000
     1.852000  6.879000  0.529000
     1.852000  7.144000  0.529000
     1.852000  7.408000  0.529000
     1.852000  7.673000  0.529000
     1.852000  7.938000  0.529000
     1.852000  8.202000  0.529000
     1.852000  8.467000  0.529000
     1.852000  8.731000  0.529000
     1.852000  8.996000  0.529000
     1.852000  9.261000  0.529000
     1.852000  9.525000  0.529000
     1.852000  9.790000  0.529000
     1.852000  10.054000  0.529000
     1.852000  10.319000  0.529000
     1.852000  10.584000  0.529000
     2.117000 -10.584000  0.529000
     2.117000 -10.319000  0.529000
     2.117000 -10.054000  0.529000
     2.117000 -9.790000  0.529000
     2.117000 -9.525000  0.529000
     2.117000 -9.261000  0.529000
     2.117000 -8.996000  0.529000
     2.117000 -8.731000  0.529000
     2.117000 -8.467000  0.529000
     2.117000 -8.202000  0.529000
     2.117000 -7.938000  0.529000
     2.117000 -7.673000  0.529000
     2.117000 -7.408000  0.529000
     2.117000 -7.144000  0.529000
     2.117000 -6.879000  0.529000
     2.117000 -6.615000  0.529000
     2.117000 -6.350000  0.529000
     2.117000 -6.086000  0.529000
     2.117000 -5.821000  0.529000
     2.117000 -5.556000  0.529000
     2.117000 -5.292000  0.529000
     2.117000 -5.027000  0.529000
     2.117000 -4.763000  0.529000
     2.117000 -4.498000  0.529000
     2.117000 -4.233000  0.529000
     2.117000 -3.969000  0.529000
     2.117000 -3.704000  0.529000
     2.117000 -3.440000  0.529000
     2.117000 -3.175000  0.529000
     2.117000 -2.910000  0.529000
     2.117000 -2.646000  0.529000
     2.117000 -2.381000  0.529000
     2.117000 -2.117000  0.529000
     2.117000 -1.852000  0.529000
     2.117000 -1.588000  0.529000
     2.117000 -1.323000  0.529000
     2.117000 -1.058000  0.529000
     2.117000 -0.794000  0.529000
     2.117000 -0.529000  0.529000
     2.117000 -0.265000  0.529000
     2.117000  0.000000  0.529000
     2.117000  0.265000  0.529000
     2.117000  0.529000  0.529000
     2.117000  0.794000  0.529000
     2.117000  1.058000  0.529000
     2.117000  1.323000  0.529000
     2.117000  1.588000  0.529000
     2.117000  1.852000  0.529000
     2.117000  2.117000  0.529000
     2.117000  2.381000  0.529000
     2.117000  2.646000  0.529000
     2.117000  2.910000  0.529000
     2.117000  3.175000  0.529000
     2.117000  3.440000  0.529000
     2.117000  3.704000  0.529000
     2.117000  3.969000  0.529000
     2.117000  4.233000  0.529000
     2.117000  4.498000  0.529000
     2.117000  4.763000  0.529000
     2.117000  5.027000  0.529000
     2.117000  5.292000  0.529000
     2.117000  5.556000  0.529000
     2.117000  5.821000  0.529000
     2.117000  6.086000  0.529000
     2.117000  6.350000  0.529000
     2.117000  6.615000  0.529000
     2.117000  6.879000  0.529000
     2.117000  7.144000  0.529000
     2.117000  7.408000  0.529000
     2.117000  7.673000  0.529000
     2.117000  7.938000  0.529000
     2.117000  8.202000  0.529000
     2.117000  8.467000  0.529000
     2.117000  8.731000  0.529000
     2.117000  8.996000  0.529000
     2.117000  9.261000  0.529000
     2.117000  9.525000  0.529000
     2.117000  9.790000  0.529000
     2.117000  10.054000  0.529000
     2.117000  10.319000  0.529000
     2.117000  10.584000  0.529000
     2.381000 -10.584000  0.529000
     2.381000 -10.319000  0.529000
     2.381000 -10.054000  0.529000
     2.381000 -9.790000  0.529000
     2.381000 -9.525000  0.529000
     2.381000 -9.261000  0.529000
     2.381000 -8.996000  0.529000
     2.381000 -8.731000  0.529000
     2.381000 -8.467000  0.529000
     2.381000 -8.202000  0.529000
     2.381000 -7.938000  0.529000
     2.381000 -7.673000  0.529000
     2.381000 -7.408000  0.529000
     2.381000 -7.144000  0.529000
     2.381000 -6.879000  0.529000
     2.381000 -6.615000  0.529000
     2.381000 -6.350000  0.529000
     2.381000 -6.086000  0.529000
     2.381000 -5.821000  0.529000
     2.381000 -5.556000  0.529000
     2.381000 -5.292000  0.529000
     2.381000 -5.027000  0.529000
     2.381000 -4.763000  0.529000
     2.381000 -4.498000  0.529000
     2.381000 -4.233000  0.529000
     2.381000 -3.969000  0.529000
     2.381000 -3.704000  0.529000
     2.381000 -3.440000  0.529000
     2.381000 -3.175000  0.529000
     2.381000 -2.910000  0.529000
     2.381000 -2.646000  0.529000
     2.381000 -2.381000  0.529000
     2.381000 -2.117000  0.529000
     2.381000 -1.852000  0.529000
     2.381000 -1.588000  0.529000
     2.381000 -1.323000  0.529000
     2.381000 -1.058000  0.529000
     2.381000 -0.794000  0.529000
     2.381000 -0.529000  0.529000
     2.381000 -0.265000  0.529000
     2.381000  0.000000  0.529000
     2.381000  0.265000  0.529000
     2.381000  0.529000  0.529000
     2.381000  0.794000  0.529000
     2.381000  1.058000  0.529000
     2.381000  1.323000  0.529000
     2.381000  1.588000  0.529000
     2.381000  1.852000  0.529000
     2.381000  2.117000  0.529000
     2.381000  2.381000  0.529000
     2.381000  2.646000  0.529000
     2.381000  2.910000  0.529000
     2.381000  3.175000  0.529000
     2.381000  3.440000  0.529000
     2.381000  3.704000  0.529000
     2.381000  3.969000  0.529000
     2.381000  4.233000  0.529000
     2.381000  4.498000  0.529000
     2.381000  4.763000  0.529000
     2.381000  5.027000  0.529000
     2.381000  5.292000  0.529000
     2.381000  5.556000  0.529000
     2.381000  5.821000  0.529000
     2.381000  6.086000  0.529000
     2.381000  6.350000  0.529000
     2.381000  6.615000  0.529000
     2.381000  6.879000  0.529000
     2.381000  7.144000  0.529000
     2.381000  7.408000  0.529000
     2.381000  7.673000  0.529000
     2.381000  7.938000  0.529000
     2.381000  8.202000  0.529000
     2.381000  8.467000  0.529000
     2.381000  8.731000  0.529000
     2.381000  8.996000  0.529000
     2.381000  9.261000  0.529000
     2.381000  9.525000  0.529000
     2.381000  9.790000  0.529000
     2.381000  10.054000  0.529000
     2.381000  10.319000  0.529000
     2.381000  10.584000  0.529000
     2.646000 -10.584000  0.529000
     2.646000 -10.319000  0.529000
     2.646000 -10.054000  0.529000
     2.646000 -9.790000  0.529000
     2.646000 -9.525000  0.529000
     2.646000 -9.261000  0.529000
     2.646000 -8.996000  0.529000
     2.646000 -8.731000  0.529000
     2.646000 -8.467000  0.529000
     2.646000 -8.202000  0.529000
     2.646000 -7.938000  0.529000
     2.646000 -7.673000  0.529000
     2.646000 -7.408000  0.529000
     2.646000 -7.144000  0.529000
     2.646000 -6.879000  0.529000
     2.646000 -6.615000  0.529000
     2.646000 -6.350000  0.529000
     2.646000 -6.086000  0.529000
     2.646000 -5.821000  0.529000
     2.646000 -5.556000  0.529000
     2.646000 -5.292000  0.529000
     2.646000 -5.027000  0.529000
     2.646000 -4.763000  0.529000
     2.646000 -4.498000  0.529000
     2.646000 -4.233000  0.529000
     2.646000 -3.969000  0.529000
     2.646000 -3.704000  0.529000
     2.646000 -3.440000  0.529000
     2.646000 -3.175000  0.529000
     2.646000 -2.910000  0.529000
     2.646000 -2.646000  0.529000
     2.646000 -2.381000  0.529000
     2.646000 -2.117000  0.529000
     2.646000 -1.852000  0.529000
     2.646000 -1.588000  0.529000
     2.646000 -1.323000  0.529000
     2.646000 -1.058000  0.529000
     2.646000 -0.794000  0.529000
     2.646000 -0.529000  0.529000
     2.646000 -0.265000  0.529000
     2.646000  0.000000  0.529000
     2.646000  0.265000  0.529000
     2.646000  0.529000  0.529000
     2.646000  0.794000  0.529000
     2.646000  1.058000  0.529000
     2.646000  1.323000  0.529000
     2.646000  1.588000  0.529000
     2.646000  1.852000  0.529000
     2.646000  2.117000  0.529000
     2.646000  2.381000  0.529000
     2.646000  2.646000  0.529000
     2.646000  2.910000  0.529000
     2.646000  3.175000  0.529000
     2.646000  3.440000  0.529000
     2.646000  3.704000  0.529000
     2.646000  3.969000  0.529000
     2.646000  4.233000  0.529000
     2.646000  4.498000  0.529000
     2.646000  4.763000  0.529000
     2.646000  5.027000  0.529000
     2.646000  5.292000  0.529000
     2.646000  5.556000  0.529000
     2.646000  5.821000  0.529000
     2.646000  6.086000  0.529000
     2.646000  6.350000  0.529000
     2.646000  6.615000  0.529000
     2.646000  6.879000  0.529000
     2.646000  7.144000  0.529000
     2.646000  7.408000  0.529000
     2.646000  7.673000  0.529000
     2.646000  7.938000  0.529000
     2.646000  8.202000  0.529000
     2.646000  8.467000  0.529000
     2.646000  8.731000  0.529000
     2.646000  8.996000  0.529000
     2.646000  9.261000  0.529000
     2.646000  9.525000  0.529000
     2.646000  9.790000  0.529000
     2.646000  10.054000  0.529000
     2.646000  10.319000  0.529000
     2.646000  10.584000  0.529000
     2.910000 -10.584000  0.529000
     2.910000 -10.319000  0.529000
     2.910000 -10.054000  0.529000
     2.910000 -9.790000  0.529000
     2.910000 -9.525000  0.529000
     2.910000 -9.261000  0.529000
     2.910000 -8.996000  0.529000
     2.910000 -8.731000  0.529000
     2.910000 -8.467000  0.529000
     2.910000 -8.202000  0.529000
     2.910000 -7.938000  0.529000
     2.910000 -7.673000  0.529000
     2.910000 -7.408000  0.529000
     2.910000 -7.144000  0.529000
     2.910000 -6.879000  0.529000
     2.910000 -6.615000  0.529000
     2.910000 -6.350000  0.529000
     2.910000 -6.086000  0.529000
     2.910000 -5.821000  0.529000
     2.910000 -5.556000  0.529000
     2.910000 -5.292000  0.529000
     2.910000 -5.027000  0.529000
     2.910000 -4.763000  0.529000
     2.910000 -4.498000  0.529000
     2.910000 -4.233000  0.529000
     2.910000 -3.969000  0.529000
     2.910000 -3.704000  0.529000
     2.910000 -3.440000  0.529000
     2.910000 -3.175000  0.529000
     2.910000 -2.910000  0.529000
     2.910000 -2.646000  0.529000
     2.910000 -2.381000  0.529000
     2.910000 -2.117000  0.529000
     2.910000 -1.852000  0.529000
     2.910000 -1.588000  0.529000
     2.910000 -1.323000  0.529000
     2.910000 -1.058000  0.529000
     2.910000 -0.794000  0.529000
     2.910000 -0.529000  0.529000
     2.910000 -0.265000  0.529000
     2.910000  0.000000  0.529000
     2.910000  0.265000  0.529000
     2.910000  0.529000  0.529000
     2.910000  0.794000  0.529000
     2.910000  1.058000  0.529000
     2.910000  1.323000  0.529000
     2.910000  1.588000  0.529000
     2.910000  1.852000  0.529000
     2.910000  2.117000  0.529000
     2.910000  2.381000  0.529000
     2.910000  2.646000  0.529000
     2.910000  2.910000  0.529000
     2.910000  3.175000  0.529000
     2.910000  3.440000  0.529000
     2.910000  3.704000  0.529000
     2.910000  3.969000  0.529000
     2.910000  4.233000  0.529000
     2.910000  4.498000  0.529000
     2.910000  4.763000  0.529000
     2.910000  5.027000  0.529000
     2.910000  5.292000  0.529000
     2.910000  5.556000  0.529000
     2.910000  5.821000  0.529000
     2.910000  6.086000  0.529000
     2.910000  6.350000  0.529000
     2.910000  6.615000  0.529000
     2.910000  6.879000  0.529000
     2.910000  7.144000  0.529000
     2.910000  7.408000  0.529000
     2.910000  7.673000  0.529000
     2.910000  7.938000  0.529000
     2.910000  8.202000  0.529000
     2.910000  8.467000  0.529000
     2.910000  8.731000  0.529000
     2.910000  8.996000  0.529000
     2.910000  9.261000  0.529000
     2.910000  9.525000  0.529000
     2.910000  9.790000  0.529000
     2.910000  10.054000  0.529000
     2.910000  10.319000  0.529000
     2.910000  10.584000  0.529000
     3.175000 -10.584000  0.529000
     3.175000 -10.319000  0.529000
     3.175000 -10.054000  0.529000
     3.175000 -9.790000  0.529000
     3.175000 -9.525000  0.529000
     3.175000 -9.261000  0.529000
     3.175000 -8.996000  0.529000
     3.175000 -8.731000  0.529000
     3.175000 -8.467000  0.529000
     3.175000 -8.202000  0.529000
     3.175000 -7.938000  0.529000
     3.175000 -7.673000  0.529000
     3.175000 -7.408000  0.529000
     3.175000 -7.144000  0.529000
     3.175000 -6.879000  0.529000
     3.175000 -6.615000  0.529000
     3.175000 -6.350000  0.529000
     3.175000 -6.086000  0.529000
     3.175000 -5.821000  0.529000
     3.175000 -5.556000  0.529000
     3.175000 -5.292000  0.529000
     3.175000 -5.027000  0.529000
     3.175000 -4.763000  0.529000
     3.175000 -4.498000  0.529000
     3.175000 -4.233000  0.529000
     3.175000 -3.969000  0.529000
     3.175000 -3.704000  0.529000
     3.175000 -3.440000  0.529000
     3.175000 -3.175000  0.529000
     3.175000 -2.910000  0.529000
     3.175000 -2.646000  0.529000
     3.175000 -2.381000  0.529000
     3.175000 -2.117000  0.529000
     3.175000 -1.852000  0.529000
     3.175000 -1.588000  0.529000
     3.175000 -1.323000  0.529000
     3.175000 -1.058000  0.529000
     3.175000 -0.794000  0.529000
     3.175000 -0.529000  0.529000
     3.175000 -0.265000  0.529000
     3.175000  0.000000  0.529000
     3.175000  0.265000  0.529000
     3.175000  0.529000  0.529000
     3.175000  0.794000  0.529000
     3.175000  1.058000  0.529000
     3.175000  1.323000  0.529000
     3.175000  1.588000  0.529000
     3.175000  1.852000  0.529000
     3.175000  2.117000  0.529000
     3.175000  2.381000  0.529000
     3.175000  2.646000  0.529000
     3.175000  2.910000  0.529000
     3.175000  3.175000  0.529000
     3.175000  3.440000  0.529000
     3.175000  3.704000  0.529000
     3.175000  3.969000  0.529000
     3.175000  4.233000  0.529000
     3.175000  4.498000  0.529000
     3.175000  4.763000  0.529000
     3.175000  5.027000  0.529000
     3.175000  5.292000  0.529000
     3.175000  5.556000  0.529000
     3.175000  5.821000  0.529000
     3.175000  6.086000  0.529000
     3.175000  6.350000  0.529000
     3.175000  6.615000  0.529000
     3.175000  6.879000  0.529000
     3.175000  7.144000  0.529000
     3.175000  7.408000  0.529000
     3.175000  7.673000  0.529000
     3.175000  7.938000  0.529000
     3.175000  8.202000  0.529000
     3.175000  8.467000  0.529000
     3.175000  8.731000  0.529000
     3.175000  8.996000  0.529000
     3.175000  9.261000  0.529000
     3.175000  9.525000  0.529000
     3.175000  9.790000  0.529000
     3.175000  10.054000  0.529000
     3.175000  10.319000  0.529000
     3.175000  10.584000  0.529000
     3.440000 -10.584000  0.529000
     3.440000 -10.319000  0.529000
     3.440000 -10.054000  0.529000
     3.440000 -9.790000  0.529000
     3.440000 -9.525000  0.529000
     3.440000 -9.261000  0.529000
     3.440000 -8.996000  0.529000
     3.440000 -8.731000  0.529000
     3.440000 -8.467000  0.529000
     3.440000 -8.202000  0.529000
     3.440000 -7.938000  0.529000
     3.440000 -7.673000  0.529000
     3.440000 -7.408000  0.529000
     3.440000 -7.144000  0.529000
     3.440000 -6.879000  0.529000
     3.440000 -6.615000  0.529000
     3.440000 -6.350000  0.529000
     3.440000 -6.086000  0.529000
     3.440000 -5.821000  0.529000
     3.440000 -5.556000  0.529000
     3.440000 -5.292000  0.529000
     3.440000 -5.027000  0.529000
     3.440000 -4.763000  0.529000
     3.440000 -4.498000  0.529000
     3.440000 -4.233000  0.529000
     3.440000 -3.969000  0.529000
     3.440000 -3.704000  0.529000
     3.440000 -3.440000  0.529000
     3.440000 -3.175000  0.529000
     3.440000 -2.910000  0.529000
     3.440000 -2.646000  0.529000
     3.440000 -2.381000  0.529000
     3.440000 -2.117000  0.529000
     3.440000 -1.852000  0.529000
     3.440000 -1.588000  0.529000
     3.440000 -1.323000  0.529000
     3.440000 -1.058000  0.529000
     3.440000 -0.794000  0.529000
     3.440000 -0.529000  0.529000
     3.440000 -0.265000  0.529000
     3.440000  0.000000  0.529000
     3.440000  0.265000  0.529000
     3.440000  0.529000  0.529000
     3.440000  0.794000  0.529000
     3.440000  1.058000  0.529000
     3.440000  1.323000  0.529000
     3.440000  1.588000  0.529000
     3.440000  1.852000  0.529000
     3.440000  2.117000  0.529000
     3.440000  2.381000  0.529000
     3.440000  2.646000  0.529000
     3.440000  2.910000  0.529000
     3.440000  3.175000  0.529000
     3.440000  3.440000  0.529000
     3.440000  3.704000  0.529000
     3.440000  3.969000  0.529000
     3.440000  4.233000  0.529000
     3.440000  4.498000  0.529000
     3.440000  4.763000  0.529000
     3.440000  5.027000  0.529000
     3.440000  5.292000  0.529000
     3.440000  5.556000  0.529000
     3.440000  5.821000  0.529000
     3.440000  6.086000  0.529000
     3.440000  6.350000  0.529000
     3.440000  6.615000  0.529000
     3.440000  6.879000  0.529000
     3.440000  7.144000  0.529000
     3.440000  7.408000  0.529000
     3.440000  7.673000  0.529000
     3.440000  7.938000  0.529000
     3.440000  8.202000  0.529000
     3.440000  8.467000  0.529000
     3.440000  8.731000  0.529000
     3.440000  8.996000  0.529000
     3.440000  9.261000  0.529000
     3.440000  9.525000  0.529000
     3.440000  9.790000  0.529000
     3.440000  10.054000  0.529000
     3.440000  10.319000  0.529000
     3.440000  10.584000  0.529000
     3.704000 -10.584000  0.529000
     3.704000 -10.319000  0.529000
     3.704000 -10.054000  0.529000
     3.704000 -9.790000  0.529000
     3.704000 -9.525000  0.529000
     3.704000 -9.261000  0.529000
     3.704000 -8.996000  0.529000
     3.704000 -8.731000  0.529000
     3.704000 -8.467000  0.529000
     3.704000 -8.202000  0.529000
     3.704000 -7.938000  0.529000
     3.704000 -7.673000  0.529000
     3.704000 -7.408000  0.529000
     3.704000 -7.144000  0.529000
     3.704000 -6.879000  0.529000
     3.704000 -6.615000  0.529000
     3.704000 -6.350000  0.529000
     3.704000 -6.086000  0.529000
     3.704000 -5.821000  0.529000
     3.704000 -5.556000  0.529000
     3.704000 -5.292000  0.529000
     3.704000 -5.027000  0.529000
     3.704000 -4.763000  0.529000
     3.704000 -4.498000  0.529000
     3.704000 -4.233000  0.529000
     3.704000 -3.969000  0.529000
     3.704000 -3.704000  0.529000
     3.704000 -3.440000  0.529000
     3.704000 -3.175000  0.529000
     3.704000 -2.910000  0.529000
     3.704000 -2.646000  0.529000
     3.704000 -2.381000  0.529000
     3.704000 -2.117000  0.529000
     3.704000 -1.852000  0.529000
     3.704000 -1.588000  0.529000
     3.704000 -1.323000  0.529000
     3.704000 -1.058000  0.529000
     3.704000 -0.794000  0.529000
     3.704000 -0.529000  0.529000
     3.704000 -0.265000  0.529000
     3.704000  0.000000  0.529000
     3.704000  0.265000  0.529000
     3.704000  0.529000  0.529000
     3.704000  0.794000  0.529000
     3.704000  1.058000  0.529000
     3.704000  1.323000  0.529000
     3.704000  1.588000  0.529000
     3.704000  1.852000  0.529000
     3.704000  2.117000  0.529000
     3.704000  2.381000  0.529000
     3.704000  2.646000  0.529000
     3.704000  2.910000  0.529000
     3.704000  3.175000  0.529000
     3.704000  3.440000  0.529000
     3.704000  3.704000  0.529000
     3.704000  3.969000  0.529000
     3.704000  4.233000  0.529000
     3.704000  4.498000  0.529000
     3.704000  4.763000  0.529000
     3.704000  5.027000  0.529000
     3.704000  5.292000  0.529000
     3.704000  5.556000  0.529000
     3.704000  5.821000  0.529000
     3.704000  6.086000  0.529000
     3.704000  6.350000  0.529000
     3.704000  6.615000  0.529000
     3.704000  6.879000  0.529000
     3.704000  7.144000  0.529000
     3.704000  7.408000  0.529000
     3.704000  7.673000  0.529000
     3.704000  7.938000  0.529000
     3.704000  8.202000  0.529000
     3.704000  8.467000  0.529000
     3.704000  8.731000  0.529000
     3.704000  8.996000  0.529000
     3.704000  9.261000  0.529000
     3.704000  9.525000  0.529000
     3.704000  9.790000  0.529000
     3.704000  10.054000  0.529000
     3.704000  10.319000  0.529000
     3.704000  10.584000  0.529000
     3.969000 -10.584000  0.529000
     3.969000 -10.319000  0.529000
     3.969000 -10.054000  0.529000
     3.969000 -9.790000  0.529000
     3.969000 -9.525000  0.529000
     3.969000 -9.261000  0.529000
     3.969000 -8.996000  0.529000
     3.969000 -8.731000  0.529000
     3.969000 -8.467000  0.529000
     3.969000 -8.202000  0.529000
     3.969000 -7.938000  0.529000
     3.969000 -7.673000  0.529000
     3.969000 -7.408000  0.529000
     3.969000 -7.144000  0.529000
     3.969000 -6.879000  0.529000
     3.969000 -6.615000  0.529000
     3.969000 -6.350000  0.529000
     3.969000 -6.086000  0.529000
     3.969000 -5.821000  0.529000
     3.969000 -5.556000  0.529000
     3.969000 -5.292000  0.529000
     3.969000 -5.027000  0.529000
     3.969000 -4.763000  0.529000
     3.969000 -4.498000  0.529000
     3.969000 -4.233000  0.529000
     3.969000 -3.969000  0.529000
     3.969000 -3.704000  0.529000
     3.969000 -3.440000  0.529000
     3.969000 -3.175000  0.529000
     3.969000 -2.910000  0.529000
     3.969000 -2.646000  0.529000
     3.969000 -2.381000  0.529000
     3.969000 -2.117000  0.529000
     3.969000 -1.852000  0.529000
     3.969000 -1.588000  0.529000
     3.969000 -1.323000  0.529000
     3.969000 -1.058000  0.529000
     3.969000 -0.794000  0.529000
     3.969000 -0.529000  0.529000
     3.969000 -0.265000  0.529000
     3.969000  0.000000  0.529000
     3.969000  0.265000  0.529000
     3.969000  0.529000  0.529000
     3.969000  0.794000  0.529000
     3.969000  1.058000  0.529000
     3.969000  1.323000  0.529000
     3.969000  1.588000  0.529000
     3.969000  1.852000  0.529000
     3.969000  2.117000  0.529000
     3.969000  2.381000  0.529000
     3.969000  2.646000  0.529000
     3.969000  2.910000  0.529000
     3.969000  3.175000  0.529000
     3.969000  3.440000  0.529000
     3.969000  3.704000  0.529000
     3.969000  3.969000  0.529000
     3.969000  4.233000  0.529000
     3.969000  4.498000  0.529000
     3.969000  4.763000  0.529000
     3.969000  5.027000  0.529000
     3.969000  5.292000  0.529000
     3.969000  5.556000  0.529000
     3.969000  5.821000  0.529000
     3.969000  6.086000  0.529000
     3.969000  6.350000  0.529000
     3.969000  6.615000  0.529000
     3.969000  6.879000  0.529000
     3.969000  7.144000  0.529000
     3.969000  7.408000  0.529000
     3.969000  7.673000  0.529000
     3.969000  7.938000  0.529000
     3.969000  8.202000  0.529000
     3.969000  8.467000  0.529000
     3.969000  8.731000  0.529000
     3.969000  8.996000  0.529000
     3.969000  9.261000  0.529000
     3.969000  9.525000  0.529000
     3.969000  9.790000  0.529000
     3.969000  10.054000  0.529000
     3.969000  10.319000  0.529000
     3.969000  10.584000  0.529000
     4.233000 -10.584000  0.529000
     4.233000 -10.319000  0.529000
     4.233000 -10.054000  0.529000
     4.233000 -9.790000  0.529000
     4.233000 -9.525000  0.529000
     4.233000 -9.261000  0.529000
     4.233000 -8.996000  0.529000
     4.233000 -8.731000  0.529000
     4.233000 -8.467000  0.529000
     4.233000 -8.202000  0.529000
     4.233000 -7.938000  0.529000
     4.233000 -7.673000  0.529000
     4.233000 -7.408000  0.529000
     4.233000 -7.144000  0.529000
     4.233000 -6.879000  0.529000
     4.233000 -6.615000  0.529000
     4.233000 -6.350000  0.529000
     4.233000 -6.086000  0.529000
     4.233000 -5.821000  0.529000
     4.233000 -5.556000  0.529000
     4.233000 -5.292000  0.529000
     4.233000 -5.027000  0.529000
     4.233000 -4.763000  0.529000
     4.233000 -4.498000  0.529000
     4.233000 -4.233000  0.529000
     4.233000 -3.969000  0.529000
     4.233000 -3.704000  0.529000
     4.233000 -3.440000  0.529000
     4.233000 -3.175000  0.529000
     4.233000 -2.910000  0.529000
     4.233000 -2.646000  0.529000
     4.233000 -2.381000  0.529000
     4.233000 -2.117000  0.529000
     4.233000 -1.852000  0.529000
     4.233000 -1.588000  0.529000
     4.233000 -1.323000  0.529000
     4.233000 -1.058000  0.529000
     4.233000 -0.794000  0.529000
     4.233000 -0.529000  0.529000
     4.233000 -0.265000  0.529000
     4.233000  0.000000  0.529000
     4.233000  0.265000  0.529000
     4.233000  0.529000  0.529000
     4.233000  0.794000  0.529000
     4.233000  1.058000  0.529000
     4.233000  1.323000  0.529000
     4.233000  1.588000  0.529000
     4.233000  1.852000  0.529000
     4.233000  2.117000  0.529000
     4.233000  2.381000  0.529000
     4.233000  2.646000  0.529000
     4.233000  2.910000  0.529000
     4.233000  3.175000  0.529000
     4.233000  3.440000  0.529000
     4.233000  3.704000  0.529000
     4.233000  3.969000  0.529000
     4.233000  4.233000  0.529000
     4.233000  4.498000  0.529000
     4.233000  4.763000  0.529000
     4.233000  5.027000  0.529000
     4.233000  5.292000  0.529000
     4.233000  5.556000  0.529000
     4.233000  5.821000  0.529000
     4.233000  6.086000  0.529000
     4.233000  6.350000  0.529000
     4.233000  6.615000  0.529000
     4.233000  6.879000  0.529000
     4.233000  7.144000  0.529000
     4.233000  7.408000  0.529000
     4.233000  7.673000  0.529000
     4.233000  7.938000  0.529000
     4.233000  8.202000  0.529000
     4.233000  8.467000  0.529000
     4.233000  8.731000  0.529000
     4.233000  8.996000  0.529000
     4.233000  9.261000  0.529000
     4.233000  9.525000  0.529000
     4.233000  9.790000  0.529000
     4.233000  10.054000  0.529000
     4.233000  10.319000  0.529000
     4.233000  10.584000  0.529000
     4.498000 -10.584000  0.529000
     4.498000 -10.319000  0.529000
     4.498000 -10.054000  0.529000
     4.498000 -9.790000  0.529000
     4.498000 -9.525000  0.529000
     4.498000 -9.261000  0.529000
     4.498000 -8.996000  0.529000
     4.498000 -8.731000  0.529000
     4.498000 -8.467000  0.529000
     4.498000 -8.202000  0.529000
     4.498000 -7.938000  0.529000
     4.498000 -7.673000  0.529000
     4.498000 -7.408000  0.529000
     4.498000 -7.144000  0.529000
     4.498000 -6.879000  0.529000
     4.498000 -6.615000  0.529000
     4.498000 -6.350000  0.529000
     4.498000 -6.086000  0.529000
     4.498000 -5.821000  0.529000
     4.498000 -5.556000  0.529000
     4.498000 -5.292000  0.529000
     4.498000 -5.027000  0.529000
     4.498000 -4.763000  0.529000
     4.498000 -4.498000  0.529000
     4.498000 -4.233000  0.529000
     4.498000 -3.969000  0.529000
     4.498000 -3.704000  0.529000
     4.498000 -3.440000  0.529000
     4.498000 -3.175000  0.529000
     4.498000 -2.910000  0.529000
     4.498000 -2.646000  0.529000
     4.498000 -2.381000  0.529000
     4.498000 -2.117000  0.529000
     4.498000 -1.852000  0.529000
     4.498000 -1.588000  0.529000
     4.498000 -1.323000  0.529000
     4.498000 -1.058000  0.529000
     4.498000 -0.794000  0.529000
     4.498000 -0.529000  0.529000
     4.498000 -0.265000  0.529000
     4.498000  0.000000  0.529000
     4.498000  0.265000  0.529000
     4.498000  0.529000  0.529000
     4.498000  0.794000  0.529000
     4.498000  1.058000  0.529000
     4.498000  1.323000  0.529000
     4.498000  1.588000  0.529000
     4.498000  1.852000  0.529000
     4.498000  2.117000  0.529000
     4.498000  2.381000  0.529000
     4.498000  2.646000  0.529000
     4.498000  2.910000  0.529000
     4.498000  3.175000  0.529000
     4.498000  3.440000  0.529000
     4.498000  3.704000  0.529000
     4.498000  3.969000  0.529000
     4.498000  4.233000  0.529000
     4.498000  4.498000  0.529000
     4.498000  4.763000  0.529000
     4.498000  5.027000  0.529000
     4.498000  5.292000  0.529000
     4.498000  5.556000  0.529000
     4.498000  5.821000  0.529000
     4.498000  6.086000  0.529000
     4.498000  6.350000  0.529000
     4.498000  6.615000  0.529000
     4.498000  6.879000  0.529000
     4.498000  7.144000  0.529000
     4.498000  7.408000  0.529000
     4.498000  7.673000  0.529000
     4.498000  7.938000  0.529000
     4.498000  8.202000  0.529000
     4.498000  8.467000  0.529000
     4.498000  8.731000  0.529000
     4.498000  8.996000  0.529000
     4.498000  9.261000  0.529000
     4.498000  9.525000  0.529000
     4.498000  9.790000  0.529000
     4.498000  10.054000  0.529000
     4.498000  10.319000  0.529000
     4.498000  10.584000  0.529000
     4.763000 -10.584000  0.529000
     4.763000 -10.319000  0.529000
     4.763000 -10.054000  0.529000
     4.763000 -9.790000  0.529000
     4.763000 -9.525000  0.529000
     4.763000 -9.261000  0.529000
     4.763000 -8.996000  0.529000
     4.763000 -8.731000  0.529000
     4.763000 -8.467000  0.529000
     4.763000 -8.202000  0.529000
     4.763000 -7.938000  0.529000
     4.763000 -7.673000  0.529000
     4.763000 -7.408000  0.529000
     4.763000 -7.144000  0.529000
     4.763000 -6.879000  0.529000
     4.763000 -6.615000  0.529000
     4.763000 -6.350000  0.529000
     4.763000 -6.086000  0.529000
     4.763000 -5.821000  0.529000
     4.763000 -5.556000  0.529000
     4.763000 -5.292000  0.529000
     4.763000 -5.027000  0.529000
     4.763000 -4.763000  0.529000
     4.763000 -4.498000  0.529000
     4.763000 -4.233000  0.529000
     4.763000 -3.969000  0.529000
     4.763000 -3.704000  0.529000
     4.763000 -3.440000  0.529000
     4.763000 -3.175000  0.529000
     4.763000 -2.910000  0.529000
     4.763000 -2.646000  0.529000
     4.763000 -2.381000  0.529000
     4.763000 -2.117000  0.529000
     4.763000 -1.852000  0.529000
     4.763000 -1.588000  0.529000
     4.763000 -1.323000  0.529000
     4.763000 -1.058000  0.529000
     4.763000 -0.794000  0.529000
     4.763000 -0.529000  0.529000
     4.763000 -0.265000  0.529000
     4.763000  0.000000  0.529000
     4.763000  0.265000  0.529000
     4.763000  0.529000  0.529000
     4.763000  0.794000  0.529000
     4.763000  1.058000  0.529000
     4.763000  1.323000  0.529000
     4.763000  1.588000  0.529000
     4.763000  1.852000  0.529000
     4.763000  2.117000  0.529000
     4.763000  2.381000  0.529000
     4.763000  2.646000  0.529000
     4.763000  2.910000  0.529000
     4.763000  3.175000  0.529000
     4.763000  3.440000  0.529000
     4.763000  3.704000  0.529000
     4.763000  3.969000  0.529000
     4.763000  4.233000  0.529000
     4.763000  4.498000  0.529000
     4.763000  4.763000  0.529000
     4.763000  5.027000  0.529000
     4.763000  5.292000  0.529000
     4.763000  5.556000  0.529000
     4.763000  5.821000  0.529000
     4.763000  6.086000  0.529000
     4.763000  6.350000  0.529000
     4.763000  6.615000  0.529000
     4.763000  6.879000  0.529000
     4.763000  7.144000  0.529000
     4.763000  7.408000  0.529000
     4.763000  7.673000  0.529000
     4.763000  7.938000  0.529000
     4.763000  8.202000  0.529000
     4.763000  8.467000  0.529000
     4.763000  8.731000  0.529000
     4.763000  8.996000  0.529000
     4.763000  9.261000  0.529000
     4.763000  9.525000  0.529000
     4.763000  9.790000  0.529000
     4.763000  10.054000  0.529000
     4.763000  10.319000  0.529000
     4.763000  10.584000  0.529000
     5.027000 -10.584000  0.529000
     5.027000 -10.319000  0.529000
     5.027000 -10.054000  0.529000
     5.027000 -9.790000  0.529000
     5.027000 -9.525000  0.529000
     5.027000 -9.261000  0.529000
     5.027000 -8.996000  0.529000
     5.027000 -8.731000  0.529000
     5.027000 -8.467000  0.529000
     5.027000 -8.202000  0.529000
     5.027000 -7.938000  0.529000
     5.027000 -7.673000  0.529000
     5.027000 -7.408000  0.529000
     5.027000 -7.144000  0.529000
     5.027000 -6.879000  0.529000
     5.027000 -6.615000  0.529000
     5.027000 -6.350000  0.529000
     5.027000 -6.086000  0.529000
     5.027000 -5.821000  0.529000
     5.027000 -5.556000  0.529000
     5.027000 -5.292000  0.529000
     5.027000 -5.027000  0.529000
     5.027000 -4.763000  0.529000
     5.027000 -4.498000  0.529000
     5.027000 -4.233000  0.529000
     5.027000 -3.969000  0.529000
     5.027000 -3.704000  0.529000
     5.027000 -3.440000  0.529000
     5.027000 -3.175000  0.529000
     5.027000 -2.910000  0.529000
     5.027000 -2.646000  0.529000
     5.027000 -2.381000  0.529000
     5.027000 -2.117000  0.529000
     5.027000 -1.852000  0.529000
     5.027000 -1.588000  0.529000
     5.027000 -1.323000  0.529000
     5.027000 -1.058000  0.529000
     5.027000 -0.794000  0.529000
     5.027000 -0.529000  0.529000
     5.027000 -0.265000  0.529000
     5.027000  0.000000  0.529000
     5.027000  0.265000  0.529000
     5.027000  0.529000  0.529000
     5.027000  0.794000  0.529000
     5.027000  1.058000  0.529000
     5.027000  1.323000  0.529000
     5.027000  1.588000  0.529000
     5.027000  1.852000  0.529000
     5.027000  2.117000  0.529000
     5.027000  2.381000  0.529000
     5.027000  2.646000  0.529000
     5.027000  2.910000  0.529000
     5.027000  3.175000  0.529000
     5.027000  3.440000  0.529000
     5.027000  3.704000  0.529000
     5.027000  3.969000  0.529000
     5.027000  4.233000  0.529000
     5.027000  4.498000  0.529000
     5.027000  4.763000  0.529000
     5.027000  5.027000  0.529000
     5.027000  5.292000  0.529000
     5.027000  5.556000  0.529000
     5.027000  5.821000  0.529000
     5.027000  6.086000  0.529000
     5.027000  6.350000  0.529000
     5.027000  6.615000  0.529000
     5.027000  6.879000  0.529000
     5.027000  7.144000  0.529000
     5.027000  7.408000  0.529000
     5.027000  7.673000  0.529000
     5.027000  7.938000  0.529000
     5.027000  8.202000  0.529000
     5.027000  8.467000  0.529000
     5.027000  8.731000  0.529000
     5.027000  8.996000  0.529000
     5.027000  9.261000  0.529000
     5.027000  9.525000  0.529000
     5.027000  9.790000  0.529000
     5.027000  10.054000  0.529000
     5.027000  10.319000  0.529000
     5.027000  10.584000  0.529000
     5.292000 -10.584000  0.529000
     5.292000 -10.319000  0.529000
     5.292000 -10.054000  0.529000
     5.292000 -9.790000  0.529000
     5.292000 -9.525000  0.529000
     5.292000 -9.261000  0.529000
     5.292000 -8.996000  0.529000
     5.292000 -8.731000  0.529000
     5.292000 -8.467000  0.529000
     5.292000 -8.202000  0.529000
     5.292000 -7.938000  0.529000
     5.292000 -7.673000  0.529000
     5.292000 -7.408000  0.529000
     5.292000 -7.144000  0.529000
     5.292000 -6.879000  0.529000
     5.292000 -6.615000  0.529000
     5.292000 -6.350000  0.529000
     5.292000 -6.086000  0.529000
     5.292000 -5.821000  0.529000
     5.292000 -5.556000  0.529000
     5.292000 -5.292000  0.529000
     5.292000 -5.027000  0.529000
     5.292000 -4.763000  0.529000
     5.292000 -4.498000  0.529000
     5.292000 -4.233000  0.529000
     5.292000 -3.969000  0.529000
     5.292000 -3.704000  0.529000
     5.292000 -3.440000  0.529000
     5.292000 -3.175000  0.529000
     5.292000 -2.910000  0.529000
     5.292000 -2.646000  0.529000
     5.292000 -2.381000  0.529000
     5.292000 -2.117000  0.529000
     5.292000 -1.852000  0.529000
     5.292000 -1.588000  0.529000
     5.292000 -1.323000  0.529000
     5.292000 -1.058000  0.529000
     5.292000 -0.794000  0.529000
     5.292000 -0.529000  0.529000
     5.292000 -0.265000  0.529000
     5.292000  0.000000  0.529000
     5.292000  0.265000  0.529000
     5.292000  0.529000  0.529000
     5.292000  0.794000  0.529000
     5.292000  1.058000  0.529000
     5.292000  1.323000  0.529000
     5.292000  1.588000  0.529000
     5.292000  1.852000  0.529000
     5.292000  2.117000  0.529000
     5.292000  2.381000  0.529000
     5.292000  2.646000  0.529000
     5.292000  2.910000  0.529000
     5.292000  3.175000  0.529000
     5.292000  3.440000  0.529000
     5.292000  3.704000  0.529000
     5.292000  3.969000  0.529000
     5.292000  4.233000  0.529000
     5.292000  4.498000  0.529000
     5.292000  4.763000  0.529000
     5.292000  5.027000  0.529000
     5.292000  5.292000  0.529000
     5.292000  5.556000  0.529000
     5.292000  5.821000  0.529000
     5.292000  6.086000  0.529000
     5.292000  6.350000  0.529000
     5.292000  6.615000  0.529000
     5.292000  6.879000  0.529000
     5.292000  7.144000  0.529000
     5.292000  7.408000  0.529000
     5.292000  7.673000  0.529000
     5.292000  7.938000  0.529000
     5.292000  8.202000  0.529000
     5.292000  8.467000  0.529000
     5.292000  8.731000  0.529000
     5.292000  8.996000  0.529000
     5.292000  9.261000  0.529000
     5.292000  9.525000  0.529000
     5.292000  9.790000  0.529000
     5.292000  10.054000  0.529000
     5.292000  10.319000  0.529000
     5.292000  10.584000  0.529000
     5.556000 -10.584000  0.529000
     5.556000 -10.319000  0.529000
     5.556000 -10.054000  0.529000
     5.556000 -9.790000  0.529000
     5.556000 -9.525000  0.529000
     5.556000 -9.261000  0.529000
     5.556000 -8.996000  0.529000
     5.556000 -8.731000  0.529000
     5.556000 -8.467000  0.529000
     5.556000 -8.202000  0.529000
     5.556000 -7.938000  0.529000
     5.556000 -7.673000  0.529000
     5.556000 -7.408000  0.529000
     5.556000 -7.144000  0.529000
     5.556000 -6.879000  0.529000
     5.556000 -6.615000  0.529000
     5.556000 -6.350000  0.529000
     5.556000 -6.086000  0.529000
     5.556000 -5.821000  0.529000
     5.556000 -5.556000  0.529000
     5.556000 -5.292000  0.529000
     5.556000 -5.027000  0.529000
     5.556000 -4.763000  0.529000
     5.556000 -4.498000  0.529000
     5.556000 -4.233000  0.529000
     5.556000 -3.969000  0.529000
     5.556000 -3.704000  0.529000
     5.556000 -3.440000  0.529000
     5.556000 -3.175000  0.529000
     5.556000 -2.910000  0.529000
     5.556000 -2.646000  0.529000
     5.556000 -2.381000  0.529000
     5.556000 -2.117000  0.529000
     5.556000 -1.852000  0.529000
     5.556000 -1.588000  0.529000
     5.556000 -1.323000  0.529000
     5.556000 -1.058000  0.529000
     5.556000 -0.794000  0.529000
     5.556000 -0.529000  0.529000
     5.556000 -0.265000  0.529000
     5.556000  0.000000  0.529000
     5.556000  0.265000  0.529000
     5.556000  0.529000  0.529000
     5.556000  0.794000  0.529000
     5.556000  1.058000  0.529000
     5.556000  1.323000  0.529000
     5.556000  1.588000  0.529000
     5.556000  1.852000  0.529000
     5.556000  2.117000  0.529000
     5.556000  2.381000  0.529000
     5.556000  2.646000  0.529000
     5.556000  2.910000  0.529000
     5.556000  3.175000  0.529000
     5.556000  3.440000  0.529000
     5.556000  3.704000  0.529000
     5.556000  3.969000  0.529000
     5.556000  4.233000  0.529000
     5.556000  4.498000  0.529000
     5.556000  4.763000  0.529000
     5.556000  5.027000  0.529000
     5.556000  5.292000  0.529000
     5.556000  5.556000  0.529000
     5.556000  5.821000  0.529000
     5.556000  6.086000  0.529000
     5.556000  6.350000  0.529000
     5.556000  6.615000  0.529000
     5.556000  6.879000  0.529000
     5.556000  7.144000  0.529000
     5.556000  7.408000  0.529000
     5.556000  7.673000  0.529000
     5.556000  7.938000  0.529000
     5.556000  8.202000  0.529000
     5.556000  8.467000  0.529000
     5.556000  8.731000  0.529000
     5.556000  8.996000  0.529000
     5.556000  9.261000  0.529000
     5.556000  9.525000  0.529000
     5.556000  9.790000  0.529000
     5.556000  10.054000  0.529000
     5.556000  10.319000  0.529000
     5.556000  10.584000  0.529000
     5.821000 -10.584000  0.529000
     5.821000 -10.319000  0.529000
     5.821000 -10.054000  0.529000
     5.821000 -9.790000  0.529000
     5.821000 -9.525000  0.529000
     5.821000 -9.261000  0.529000
     5.821000 -8.996000  0.529000
     5.821000 -8.731000  0.529000
     5.821000 -8.467000  0.529000
     5.821000 -8.202000  0.529000
     5.821000 -7.938000  0.529000
     5.821000 -7.673000  0.529000
     5.821000 -7.408000  0.529000
     5.821000 -7.144000  0.529000
     5.821000 -6.879000  0.529000
     5.821000 -6.615000  0.529000
     5.821000 -6.350000  0.529000
     5.821000 -6.086000  0.529000
     5.821000 -5.821000  0.529000
     5.821000 -5.556000  0.529000
     5.821000 -5.292000  0.529000
     5.821000 -5.027000  0.529000
     5.821000 -4.763000  0.529000
     5.821000 -4.498000  0.529000
     5.821000 -4.233000  0.529000
     5.821000 -3.969000  0.529000
     5.821000 -3.704000  0.529000
     5.821000 -3.440000  0.529000
     5.821000 -3.175000  0.529000
     5.821000 -2.910000  0.529000
     5.821000 -2.646000  0.529000
     5.821000 -2.381000  0.529000
     5.821000 -2.117000  0.529000
     5.821000 -1.852000  0.529000
     5.821000 -1.588000  0.529000
     5.821000 -1.323000  0.529000
     5.821000 -1.058000  0.529000
     5.821000 -0.794000  0.529000
     5.821000 -0.529000  0.529000
     5.821000 -0.265000  0.529000
     5.821000  0.000000  0.529000
     5.821000  0.265000  0.529000
     5.821000  0.529000  0.529000
     5.821000  0.794000  0.529000
     5.821000  1.058000  0.529000
     5.821000  1.323000  0.529000
     5.821000  1.588000  0.529000
     5.821000  1.852000  0.529000
     5.821000  2.117000  0.529000
     5.821000  2.381000  0.529000
     5.821000  2.646000  0.529000
     5.821000  2.910000  0.529000
     5.821000  3.175000  0.529000
     5.821000  3.440000  0.529000
     5.821000  3.704000  0.529000
     5.821000  3.969000  0.529000
     5.821000  4.233000  0.529000
     5.821000  4.498000  0.529000
     5.821000  4.763000  0.529000
     5.821000  5.027000  0.529000
     5.821000  5.292000  0.529000
     5.821000  5.556000  0.529000
     5.821000  5.821000  0.529000
     5.821000  6.086000  0.529000
     5.821000  6.350000  0.529000
     5.821000  6.615000  0.529000
     5.821000  6.879000  0.529000
     5.821000  7.144000  0.529000
     5.821000  7.408000  0.529000
     5.821000  7.673000  0.529000
     5.821000  7.938000  0.529000
     5.821000  8.202000  0.529000
     5.821000  8.467000  0.529000
     5.821000  8.731000  0.529000
     5.821000  8.996000  0.529000
     5.821000  9.261000  0.529000
     5.821000  9.525000  0.529000
     5.821000  9.790000  0.529000
     5.821000  10.054000  0.529000
     5.821000  10.319000  0.529000
     5.821000  10.584000  0.529000
     6.086000 -10.584000  0.529000
     6.086000 -10.319000  0.529000
     6.086000 -10.054000  0.529000
     6.086000 -9.790000  0.529000
     6.086000 -9.525000  0.529000
     6.086000 -9.261000  0.529000
     6.086000 -8.996000  0.529000
     6.086000 -8.731000  0.529000
     6.086000 -8.467000  0.529000
     6.086000 -8.202000  0.529000
     6.086000 -7.938000  0.529000
     6.086000 -7.673000  0.529000
     6.086000 -7.408000  0.529000
     6.086000 -7.144000  0.529000
     6.086000 -6.879000  0.529000
     6.086000 -6.615000  0.529000
     6.086000 -6.350000  0.529000
     6.086000 -6.086000  0.529000
     6.086000 -5.821000  0.529000
     6.086000 -5.556000  0.529000
     6.086000 -5.292000  0.529000
     6.086000 -5.027000  0.529000
     6.086000 -4.763000  0.529000
     6.086000 -4.498000  0.529000
     6.086000 -4.233000  0.529000
     6.086000 -3.969000  0.529000
     6.086000 -3.704000  0.529000
     6.086000 -3.440000  0.529000
     6.086000 -3.175000  0.529000
     6.086000 -2.910000  0.529000
     6.086000 -2.646000  0.529000
     6.086000 -2.381000  0.529000
     6.086000 -2.117000  0.529000
     6.086000 -1.852000  0.529000
     6.086000 -1.588000  0.529000
     6.086000 -1.323000  0.529000
     6.086000 -1.058000  0.529000
     6.086000 -0.794000  0.529000
     6.086000 -0.529000  0.529000
     6.086000 -0.265000  0.529000
     6.086000  0.000000  0.529000
     6.086000  0.265000  0.529000
     6.086000  0.529000  0.529000
     6.086000  0.794000  0.529000
     6.086000  1.058000  0.529000
     6.086000  1.323000  0.529000
     6.086000  1.588000  0.529000
     6.086000  1.852000  0.529000
     6.086000  2.117000  0.529000
     6.086000  2.381000  0.529000
     6.086000  2.646000  0.529000
     6.086000  2.910000  0.529000
     6.086000  3.175000  0.529000
     6.086000  3.440000  0.529000
     6.086000  3.704000  0.529000
     6.086000  3.969000  0.529000
     6.086000  4.233000  0.529000
     6.086000  4.498000  0.529000
     6.086000  4.763000  0.529000
     6.086000  5.027000  0.529000
     6.086000  5.292000  0.529000
     6.086000  5.556000  0.529000
     6.086000  5.821000  0.529000
     6.086000  6.086000  0.529000
     6.086000  6.350000  0.529000
     6.086000  6.615000  0.529000
     6.086000  6.879000  0.529000
     6.086000  7.144000  0.529000
     6.086000  7.408000  0.529000
     6.086000  7.673000  0.529000
     6.086000  7.938000  0.529000
     6.086000  8.202000  0.529000
     6.086000  8.467000  0.529000
     6.086000  8.731000  0.529000
     6.086000  8.996000  0.529000
     6.086000  9.261000  0.529000
     6.086000  9.525000  0.529000
     6.086000  9.790000  0.529000
     6.086000  10.054000  0.529000
     6.086000  10.319000  0.529000
     6.086000  10.584000  0.529000
     6.350000 -10.584000  0.529000
     6.350000 -10.319000  0.529000
     6.350000 -10.054000  0.529000
     6.350000 -9.790000  0.529000
     6.350000 -9.525000  0.529000
     6.350000 -9.261000  0.529000
     6.350000 -8.996000  0.529000
     6.350000 -8.731000  0.529000
     6.350000 -8.467000  0.529000
     6.350000 -8.202000  0.529000
     6.350000 -7.938000  0.529000
     6.350000 -7.673000  0.529000
     6.350000 -7.408000  0.529000
     6.350000 -7.144000  0.529000
     6.350000 -6.879000  0.529000
     6.350000 -6.615000  0.529000
     6.350000 -6.350000  0.529000
     6.350000 -6.086000  0.529000
     6.350000 -5.821000  0.529000
     6.350000 -5.556000  0.529000
     6.350000 -5.292000  0.529000
     6.350000 -5.027000  0.529000
     6.350000 -4.763000  0.529000
     6.350000 -4.498000  0.529000
     6.350000 -4.233000  0.529000
     6.350000 -3.969000  0.529000
     6.350000 -3.704000  0.529000
     6.350000 -3.440000  0.529000
     6.350000 -3.175000  0.529000
     6.350000 -2.910000  0.529000
     6.350000 -2.646000  0.529000
     6.350000 -2.381000  0.529000
     6.350000 -2.117000  0.529000
     6.350000 -1.852000  0.529000
     6.350000 -1.588000  0.529000
     6.350000 -1.323000  0.529000
     6.350000 -1.058000  0.529000
     6.350000 -0.794000  0.529000
     6.350000 -0.529000  0.529000
     6.350000 -0.265000  0.529000
     6.350000  0.000000  0.529000
     6.350000  0.265000  0.529000
     6.350000  0.529000  0.529000
     6.350000  0.794000  0.529000
     6.350000  1.058000  0.529000
     6.350000  1.323000  0.529000
     6.350000  1.588000  0.529000
     6.350000  1.852000  0.529000
     6.350000  2.117000  0.529000
     6.350000  2.381000  0.529000
     6.350000  2.646000  0.529000
     6.350000  2.910000  0.529000
     6.350000  3.175000  0.529000
     6.350000  3.440000  0.529000
     6.350000  3.704000  0.529000
     6.350000  3.969000  0.529000
     6.350000  4.233000  0.529000
     6.350000  4.498000  0.529000
     6.350000  4.763000  0.529000
     6.350000  5.027000  0.529000
     6.350000  5.292000  0.529000
     6.350000  5.556000  0.529000
     6.350000  5.821000  0.529000
     6.350000  6.086000  0.529000
     6.350000  6.350000  0.529000
     6.350000  6.615000  0.529000
     6.350000  6.879000  0.529000
     6.350000  7.144000  0.529000
     6.350000  7.408000  0.529000
     6.350000  7.673000  0.529000
     6.350000  7.938000  0.529000
     6.350000  8.202000  0.529000
     6.350000  8.467000  0.529000
     6.350000  8.731000  0.529000
     6.350000  8.996000  0.529000
     6.350000  9.261000  0.529000
     6.350000  9.525000  0.529000
     6.350000  9.790000  0.529000
     6.350000  10.054000  0.529000
     6.350000  10.319000  0.529000
     6.350000  10.584000  0.529000
     6.615000 -10.584000  0.529000
     6.615000 -10.319000  0.529000
     6.615000 -10.054000  0.529000
     6.615000 -9.790000  0.529000
     6.615000 -9.525000  0.529000
     6.615000 -9.261000  0.529000
     6.615000 -8.996000  0.529000
     6.615000 -8.731000  0.529000
     6.615000 -8.467000  0.529000
     6.615000 -8.202000  0.529000
     6.615000 -7.938000  0.529000
     6.615000 -7.673000  0.529000
     6.615000 -7.408000  0.529000
     6.615000 -7.144000  0.529000
     6.615000 -6.879000  0.529000
     6.615000 -6.615000  0.529000
     6.615000 -6.350000  0.529000
     6.615000 -6.086000  0.529000
     6.615000 -5.821000  0.529000
     6.615000 -5.556000  0.529000
     6.615000 -5.292000  0.529000
     6.615000 -5.027000  0.529000
     6.615000 -4.763000  0.529000
     6.615000 -4.498000  0.529000
     6.615000 -4.233000  0.529000
     6.615000 -3.969000  0.529000
     6.615000 -3.704000  0.529000
     6.615000 -3.440000  0.529000
     6.615000 -3.175000  0.529000
     6.615000 -2.910000  0.529000
     6.615000 -2.646000  0.529000
     6.615000 -2.381000  0.529000
     6.615000 -2.117000  0.529000
     6.615000 -1.852000  0.529000
     6.615000 -1.588000  0.529000
     6.615000 -1.323000  0.529000
     6.615000 -1.058000  0.529000
     6.615000 -0.794000  0.529000
     6.615000 -0.529000  0.529000
     6.615000 -0.265000  0.529000
     6.615000  0.000000  0.529000
     6.615000  0.265000  0.529000
     6.615000  0.529000  0.529000
     6.615000  0.794000  0.529000
     6.615000  1.058000  0.529000
     6.615000  1.323000  0.529000
     6.615000  1.588000  0.529000
     6.615000  1.852000  0.529000
     6.615000  2.117000  0.529000
     6.615000  2.381000  0.529000
     6.615000  2.646000  0.529000
     6.615000  2.910000  0.529000
     6.615000  3.175000  0.529000
     6.615000  3.440000  0.529000
     6.615000  3.704000  0.529000
     6.615000  3.969000  0.529000
     6.615000  4.233000  0.529000
     6.615000  4.498000  0.529000
     6.615000  4.763000  0.529000
     6.615000  5.027000  0.529000
     6.615000  5.292000  0.529000
     6.615000  5.556000  0.529000
     6.615000  5.821000  0.529000
     6.615000  6.086000  0.529000
     6.615000  6.350000  0.529000
     6.615000  6.615000  0.529000
     6.615000  6.879000  0.529000
     6.615000  7.144000  0.529000
     6.615000  7.408000  0.529000
     6.615000  7.673000  0.529000
     6.615000  7.938000  0.529000
     6.615000  8.202000  0.529000
     6.615000  8.467000  0.529000
     6.615000  8.731000  0.529000
     6.615000  8.996000  0.529000
     6.615000  9.261000  0.529000
     6.615000  9.525000  0.529000
     6.615000  9.790000  0.529000
     6.615000  10.054000  0.529000
     6.615000  10.319000  0.529000
     6.615000  10.584000  0.529000
     6.879000 -10.584000  0.529000
     6.879000 -10.319000  0.529000
     6.879000 -10.054000  0.529000
     6.879000 -9.790000  0.529000
     6.879000 -9.525000  0.529000
     6.879000 -9.261000  0.529000
     6.879000 -8.996000  0.529000
     6.879000 -8.731000  0.529000
     6.879000 -8.467000  0.529000
     6.879000 -8.202000  0.529000
     6.879000 -7.938000  0.529000
     6.879000 -7.673000  0.529000
     6.879000 -7.408000  0.529000
     6.879000 -7.144000  0.529000
     6.879000 -6.879000  0.529000
     6.879000 -6.615000  0.529000
     6.879000 -6.350000  0.529000
     6.879000 -6.086000  0.529000
     6.879000 -5.821000  0.529000
     6.879000 -5.556000  0.529000
     6.879000 -5.292000  0.529000
     6.879000 -5.027000  0.529000
     6.879000 -4.763000  0.529000
     6.879000 -4.498000  0.529000
     6.879000 -4.233000  0.529000
     6.879000 -3.969000  0.529000
     6.879000 -3.704000  0.529000
     6.879000 -3.440000  0.529000
     6.879000 -3.175000  0.529000
     6.879000 -2.910000  0.529000
     6.879000 -2.646000  0.529000
     6.879000 -2.381000  0.529000
     6.879000 -2.117000  0.529000
     6.879000 -1.852000  0.529000
     6.879000 -1.588000  0.529000
     6.879000 -1.323000  0.529000
     6.879000 -1.058000  0.529000
     6.879000 -0.794000  0.529000
     6.879000 -0.529000  0.529000
     6.879000 -0.265000  0.529000
     6.879000  0.000000  0.529000
     6.879000  0.265000  0.529000
     6.879000  0.529000  0.529000
     6.879000  0.794000  0.529000
     6.879000  1.058000  0.529000
     6.879000  1.323000  0.529000
     6.879000  1.588000  0.529000
     6.879000  1.852000  0.529000
     6.879000  2.117000  0.529000
     6.879000  2.381000  0.529000
     6.879000  2.646000  0.529000
     6.879000  2.910000  0.529000
     6.879000  3.175000  0.529000
     6.879000  3.440000  0.529000
     6.879000  3.704000  0.529000
     6.879000  3.969000  0.529000
     6.879000  4.233000  0.529000
     6.879000  4.498000  0.529000
     6.879000  4.763000  0.529000
     6.879000  5.027000  0.529000
     6.879000  5.292000  0.529000
     6.879000  5.556000  0.529000
     6.879000  5.821000  0.529000
     6.879000  6.086000  0.529000
     6.879000  6.350000  0.529000
     6.879000  6.615000  0.529000
     6.879000  6.879000  0.529000
     6.879000  7.144000  0.529000
     6.879000  7.408000  0.529000
     6.879000  7.673000  0.529000
     6.879000  7.938000  0.529000
     6.879000  8.202000  0.529000
     6.879000  8.467000  0.529000
     6.879000  8.731000  0.529000
     6.879000  8.996000  0.529000
     6.879000  9.261000  0.529000
     6.879000  9.525000  0.529000
     6.879000  9.790000  0.529000
     6.879000  10.054000  0.529000
     6.879000  10.319000  0.529000
     6.879000  10.584000  0.529000
     7.144000 -10.584000  0.529000
     7.144000 -10.319000  0.529000
     7.144000 -10.054000  0.529000
     7.144000 -9.790000  0.529000
     7.144000 -9.525000  0.529000
     7.144000 -9.261000  0.529000
     7.144000 -8.996000  0.529000
     7.144000 -8.731000  0.529000
     7.144000 -8.467000  0.529000
     7.144000 -8.202000  0.529000
     7.144000 -7.938000  0.529000
     7.144000 -7.673000  0.529000
     7.144000 -7.408000  0.529000
     7.144000 -7.144000  0.529000
     7.144000 -6.879000  0.529000
     7.144000 -6.615000  0.529000
     7.144000 -6.350000  0.529000
     7.144000 -6.086000  0.529000
     7.144000 -5.821000  0.529000
     7.144000 -5.556000  0.529000
     7.144000 -5.292000  0.529000
     7.144000 -5.027000  0.529000
     7.144000 -4.763000  0.529000
     7.144000 -4.498000  0.529000
     7.144000 -4.233000  0.529000
     7.144000 -3.969000  0.529000
     7.144000 -3.704000  0.529000
     7.144000 -3.440000  0.529000
     7.144000 -3.175000  0.529000
     7.144000 -2.910000  0.529000
     7.144000 -2.646000  0.529000
     7.144000 -2.381000  0.529000
     7.144000 -2.117000  0.529000
     7.144000 -1.852000  0.529000
     7.144000 -1.588000  0.529000
     7.144000 -1.323000  0.529000
     7.144000 -1.058000  0.529000
     7.144000 -0.794000  0.529000
     7.144000 -0.529000  0.529000
     7.144000 -0.265000  0.529000
     7.144000  0.000000  0.529000
     7.144000  0.265000  0.529000
     7.144000  0.529000  0.529000
     7.144000  0.794000  0.529000
     7.144000  1.058000  0.529000
     7.144000  1.323000  0.529000
     7.144000  1.588000  0.529000
     7.144000  1.852000  0.529000
     7.144000  2.117000  0.529000
     7.144000  2.381000  0.529000
     7.144000  2.646000  0.529000
     7.144000  2.910000  0.529000
     7.144000  3.175000  0.529000
     7.144000  3.440000  0.529000
     7.144000  3.704000  0.529000
     7.144000  3.969000  0.529000
     7.144000  4.233000  0.529000
     7.144000  4.498000  0.529000
     7.144000  4.763000  0.529000
     7.144000  5.027000  0.529000
     7.144000  5.292000  0.529000
     7.144000  5.556000  0.529000
     7.144000  5.821000  0.529000
     7.144000  6.086000  0.529000
     7.144000  6.350000  0.529000
     7.144000  6.615000  0.529000
     7.144000  6.879000  0.529000
     7.144000  7.144000  0.529000
     7.144000  7.408000  0.529000
     7.144000  7.673000  0.529000
     7.144000  7.938000  0.529000
     7.144000  8.202000  0.529000
     7.144000  8.467000  0.529000
     7.144000  8.731000  0.529000
     7.144000  8.996000  0.529000
     7.144000  9.261000  0.529000
     7.144000  9.525000  0.529000
     7.144000  9.790000  0.529000
     7.144000  10.054000  0.529000
     7.144000  10.319000  0.529000
     7.144000  10.584000  0.529000
     7.408000 -10.584000  0.529000
     7.408000 -10.319000  0.529000
     7.408000 -10.054000  0.529000
     7.408000 -9.790000  0.529000
     7.408000 -9.525000  0.529000
     7.408000 -9.261000  0.529000
     7.408000 -8.996000  0.529000
     7.408000 -8.731000  0.529000
     7.408000 -8.467000  0.529000
     7.408000 -8.202000  0.529000
     7.408000 -7.938000  0.529000
     7.408000 -7.673000  0.529000
     7.408000 -7.408000  0.529000
     7.408000 -7.144000  0.529000
     7.408000 -6.879000  0.529000
     7.408000 -6.615000  0.529000
     7.408000 -6.350000  0.529000
     7.408000 -6.086000  0.529000
     7.408000 -5.821000  0.529000
     7.408000 -5.556000  0.529000
     7.408000 -5.292000  0.529000
     7.408000 -5.027000  0.529000
     7.408000 -4.763000  0.529000
     7.408000 -4.498000  0.529000
     7.408000 -4.233000  0.529000
     7.408000 -3.969000  0.529000
     7.408000 -3.704000  0.529000
     7.408000 -3.440000  0.529000
     7.408000 -3.175000  0.529000
     7.408000 -2.910000  0.529000
     7.408000 -2.646000  0.529000
     7.408000 -2.381000  0.529000
     7.408000 -2.117000  0.529000
     7.408000 -1.852000  0.529000
     7.408000 -1.588000  0.529000
     7.408000 -1.323000  0.529000
     7.408000 -1.058000  0.529000
     7.408000 -0.794000  0.529000
     7.408000 -0.529000  0.529000
     7.408000 -0.265000  0.529000
     7.408000  0.000000  0.529000
     7.408000  0.265000  0.529000
     7.408000  0.529000  0.529000
     7.408000  0.794000  0.529000
     7.408000  1.058000  0.529000
     7.408000  1.323000  0.529000
     7.408000  1.588000  0.529000
     7.408000  1.852000  0.529000
     7.408000  2.117000  0.529000
     7.408000  2.381000  0.529000
     7.408000  2.646000  0.529000
     7.408000  2.910000  0.529000
     7.408000  3.175000  0.529000
     7.408000  3.440000  0.529000
     7.408000  3.704000  0.529000
     7.408000  3.969000  0.529000
     7.408000  4.233000  0.529000
     7.408000  4.498000  0.529000
     7.408000  4.763000  0.529000
     7.408000  5.027000  0.529000
     7.408000  5.292000  0.529000
     7.408000  5.556000  0.529000
     7.408000  5.821000  0.529000
     7.408000  6.086000  0.529000
     7.408000  6.350000  0.529000
     7.408000  6.615000  0.529000
     7.408000  6.879000  0.529000
     7.408000  7.144000  0.529000
     7.408000  7.408000  0.529000
     7.408000  7.673000  0.529000
     7.408000  7.938000  0.529000
     7.408000  8.202000  0.529000
     7.408000  8.467000  0.529000
     7.408000  8.731000  0.529000
     7.408000  8.996000  0.529000
     7.408000  9.261000  0.529000
     7.408000  9.525000  0.529000
     7.408000  9.790000  0.529000
     7.408000  10.054000  0.529000
     7.408000  10.319000  0.529000
     7.408000  10.584000  0.529000
     7.673000 -10.584000  0.529000
     7.673000 -10.319000  0.529000
     7.673000 -10.054000  0.529000
     7.673000 -9.790000  0.529000
     7.673000 -9.525000  0.529000
     7.673000 -9.261000  0.529000
     7.673000 -8.996000  0.529000
     7.673000 -8.731000  0.529000
     7.673000 -8.467000  0.529000
     7.673000 -8.202000  0.529000
     7.673000 -7.938000  0.529000
     7.673000 -7.673000  0.529000
     7.673000 -7.408000  0.529000
     7.673000 -7.144000  0.529000
     7.673000 -6.879000  0.529000
     7.673000 -6.615000  0.529000
     7.673000 -6.350000  0.529000
     7.673000 -6.086000  0.529000
     7.673000 -5.821000  0.529000
     7.673000 -5.556000  0.529000
     7.673000 -5.292000  0.529000
     7.673000 -5.027000  0.529000
     7.673000 -4.763000  0.529000
     7.673000 -4.498000  0.529000
     7.673000 -4.233000  0.529000
     7.673000 -3.969000  0.529000
     7.673000 -3.704000  0.529000
     7.673000 -3.440000  0.529000
     7.673000 -3.175000  0.529000
     7.673000 -2.910000  0.529000
     7.673000 -2.646000  0.529000
     7.673000 -2.381000  0.529000
     7.673000 -2.117000  0.529000
     7.673000 -1.852000  0.529000
     7.673000 -1.588000  0.529000
     7.673000 -1.323000  0.529000
     7.673000 -1.058000  0.529000
     7.673000 -0.794000  0.529000
     7.673000 -0.529000  0.529000
     7.673000 -0.265000  0.529000
     7.673000  0.000000  0.529000
     7.673000  0.265000  0.529000
     7.673000  0.529000  0.529000
     7.673000  0.794000  0.529000
     7.673000  1.058000  0.529000
     7.673000  1.323000  0.529000
     7.673000  1.588000  0.529000
     7.673000  1.852000  0.529000
     7.673000  2.117000  0.529000
     7.673000  2.381000  0.529000
     7.673000  2.646000  0.529000
     7.673000  2.910000  0.529000
     7.673000  3.175000  0.529000
     7.673000  3.440000  0.529000
     7.673000  3.704000  0.529000
     7.673000  3.969000  0.529000
     7.673000  4.233000  0.529000
     7.673000  4.498000  0.529000
     7.673000  4.763000  0.529000
     7.673000  5.027000  0.529000
     7.673000  5.292000  0.529000
     7.673000  5.556000  0.529000
     7.673000  5.821000  0.529000
     7.673000  6.086000  0.529000
     7.673000  6.350000  0.529000
     7.673000  6.615000  0.529000
     7.673000  6.879000  0.529000
     7.673000  7.144000  0.529000
     7.673000  7.408000  0.529000
     7.673000  7.673000  0.529000
     7.673000  7.938000  0.529000
     7.673000  8.202000  0.529000
     7.673000  8.467000  0.529000
     7.673000  8.731000  0.529000
     7.673000  8.996000  0.529000
     7.673000  9.261000  0.529000
     7.673000  9.525000  0.529000
     7.673000  9.790000  0.529000
     7.673000  10.054000  0.529000
     7.673000  10.319000  0.529000
     7.673000  10.584000  0.529000
     7.938000 -10.584000  0.529000
     7.938000 -10.319000  0.529000
     7.938000 -10.054000  0.529000
     7.938000 -9.790000  0.529000
     7.938000 -9.525000  0.529000
     7.938000 -9.261000  0.529000
     7.938000 -8.996000  0.529000
     7.938000 -8.731000  0.529000
     7.938000 -8.467000  0.529000
     7.938000 -8.202000  0.529000
     7.938000 -7.938000  0.529000
     7.938000 -7.673000  0.529000
     7.938000 -7.408000  0.529000
     7.938000 -7.144000  0.529000
     7.938000 -6.879000  0.529000
     7.938000 -6.615000  0.529000
     7.938000 -6.350000  0.529000
     7.938000 -6.086000  0.529000
     7.938000 -5.821000  0.529000
     7.938000 -5.556000  0.529000
     7.938000 -5.292000  0.529000
     7.938000 -5.027000  0.529000
     7.938000 -4.763000  0.529000
     7.938000 -4.498000  0.529000
     7.938000 -4.233000  0.529000
     7.938000 -3.969000  0.529000
     7.938000 -3.704000  0.529000
     7.938000 -3.440000  0.529000
     7.938000 -3.175000  0.529000
     7.938000 -2.910000  0.529000
     7.938000 -2.646000  0.529000
     7.938000 -2.381000  0.529000
     7.938000 -2.117000  0.529000
     7.938000 -1.852000  0.529000
     7.938000 -1.588000  0.529000
     7.938000 -1.323000  0.529000
     7.938000 -1.058000  0.529000
     7.938000 -0.794000  0.529000
     7.938000 -0.529000  0.529000
     7.938000 -0.265000  0.529000
     7.938000  0.000000  0.529000
     7.938000  0.265000  0.529000
     7.938000  0.529000  0.529000
     7.938000  0.794000  0.529000
     7.938000  1.058000  0.529000
     7.938000  1.323000  0.529000
     7.938000  1.588000  0.529000
     7.938000  1.852000  0.529000
     7.938000  2.117000  0.529000
     7.938000  2.381000  0.529000
     7.938000  2.646000  0.529000
     7.938000  2.910000  0.529000
     7.938000  3.175000  0.529000
     7.938000  3.440000  0.529000
     7.938000  3.704000  0.529000
     7.938000  3.969000  0.529000
     7.938000  4.233000  0.529000
     7.938000  4.498000  0.529000
     7.938000  4.763000  0.529000
     7.938000  5.027000  0.529000
     7.938000  5.292000  0.529000
     7.938000  5.556000  0.529000
     7.938000  5.821000  0.529000
     7.938000  6.086000  0.529000
     7.938000  6.350000  0.529000
     7.938000  6.615000  0.529000
     7.938000  6.879000  0.529000
     7.938000  7.144000  0.529000
     7.938000  7.408000  0.529000
     7.938000  7.673000  0.529000
     7.938000  7.938000  0.529000
     7.938000  8.202000  0.529000
     7.938000  8.467000  0.529000
     7.938000  8.731000  0.529000
     7.938000  8.996000  0.529000
     7.938000  9.261000  0.529000
     7.938000  9.525000  0.529000
     7.938000  9.790000  0.529000
     7.938000  10.054000  0.529000
     7.938000  10.319000  0.529000
     7.938000  10.584000  0.529000
     8.202000 -10.584000  0.529000
     8.202000 -10.319000  0.529000
     8.202000 -10.054000  0.529000
     8.202000 -9.790000  0.529000
     8.202000 -9.525000  0.529000
     8.202000 -9.261000  0.529000
     8.202000 -8.996000  0.529000
     8.202000 -8.731000  0.529000
     8.202000 -8.467000  0.529000
     8.202000 -8.202000  0.529000
     8.202000 -7.938000  0.529000
     8.202000 -7.673000  0.529000
     8.202000 -7.408000  0.529000
     8.202000 -7.144000  0.529000
     8.202000 -6.879000  0.529000
     8.202000 -6.615000  0.529000
     8.202000 -6.350000  0.529000
     8.202000 -6.086000  0.529000
     8.202000 -5.821000  0.529000
     8.202000 -5.556000  0.529000
     8.202000 -5.292000  0.529000
     8.202000 -5.027000  0.529000
     8.202000 -4.763000  0.529000
     8.202000 -4.498000  0.529000
     8.202000 -4.233000  0.529000
     8.202000 -3.969000  0.529000
     8.202000 -3.704000  0.529000
     8.202000 -3.440000  0.529000
     8.202000 -3.175000  0.529000
     8.202000 -2.910000  0.529000
     8.202000 -2.646000  0.529000
     8.202000 -2.381000  0.529000
     8.202000 -2.117000  0.529000
     8.202000 -1.852000  0.529000
     8.202000 -1.588000  0.529000
     8.202000 -1.323000  0.529000
     8.202000 -1.058000  0.529000
     8.202000 -0.794000  0.529000
     8.202000 -0.529000  0.529000
     8.202000 -0.265000  0.529000
     8.202000  0.000000  0.529000
     8.202000  0.265000  0.529000
     8.202000  0.529000  0.529000
     8.202000  0.794000  0.529000
     8.202000  1.058000  0.529000
     8.202000  1.323000  0.529000
     8.202000  1.588000  0.529000
     8.202000  1.852000  0.529000
     8.202000  2.117000  0.529000
     8.202000  2.381000  0.529000
     8.202000  2.646000  0.529000
     8.202000  2.910000  0.529000
     8.202000  3.175000  0.529000
     8.202000  3.440000  0.529000
     8.202000  3.704000  0.529000
     8.202000  3.969000  0.529000
     8.202000  4.233000  0.529000
     8.202000  4.498000  0.529000
     8.202000  4.763000  0.529000
     8.202000  5.027000  0.529000
     8.202000  5.292000  0.529000
     8.202000  5.556000  0.529000
     8.202000  5.821000  0.529000
     8.202000  6.086000  0.529000
     8.202000  6.350000  0.529000
     8.202000  6.615000  0.529000
     8.202000  6.879000  0.529000
     8.202000  7.144000  0.529000
     8.202000  7.408000  0.529000
     8.202000  7.673000  0.529000
     8.202000  7.938000  0.529000
     8.202000  8.202000  0.529000
     8.202000  8.467000  0.529000
     8.202000  8.731000  0.529000
     8.202000  8.996000  0.529000
     8.202000  9.261000  0.529000
     8.202000  9.525000  0.529000
     8.202000  9.790000  0.529000
     8.202000  10.054000  0.529000
     8.202000  10.319000  0.529000
     8.202000  10.584000  0.529000
     8.467000 -10.584000  0.529000
     8.467000 -10.319000  0.529000
     8.467000 -10.054000  0.529000
     8.467000 -9.790000  0.529000
     8.467000 -9.525000  0.529000
     8.467000 -9.261000  0.529000
     8.467000 -8.996000  0.529000
     8.467000 -8.731000  0.529000
     8.467000 -8.467000  0.529000
     8.467000 -8.202000  0.529000
     8.467000 -7.938000  0.529000
     8.467000 -7.673000  0.529000
     8.467000 -7.408000  0.529000
     8.467000 -7.144000  0.529000
     8.467000 -6.879000  0.529000
     8.467000 -6.615000  0.529000
     8.467000 -6.350000  0.529000
     8.467000 -6.086000  0.529000
     8.467000 -5.821000  0.529000
     8.467000 -5.556000  0.529000
     8.467000 -5.292000  0.529000
     8.467000 -5.027000  0.529000
     8.467000 -4.763000  0.529000
     8.467000 -4.498000  0.529000
     8.467000 -4.233000  0.529000
     8.467000 -3.969000  0.529000
     8.467000 -3.704000  0.529000
     8.467000 -3.440000  0.529000
     8.467000 -3.175000  0.529000
     8.467000 -2.910000  0.529000
     8.467000 -2.646000  0.529000
     8.467000 -2.381000  0.529000
     8.467000 -2.117000  0.529000
     8.467000 -1.852000  0.529000
     8.467000 -1.588000  0.529000
     8.467000 -1.323000  0.529000
     8.467000 -1.058000  0.529000
     8.467000 -0.794000  0.529000
     8.467000 -0.529000  0.529000
     8.467000 -0.265000  0.529000
     8.467000  0.000000  0.529000
     8.467000  0.265000  0.529000
     8.467000  0.529000  0.529000
     8.467000  0.794000  0.529000
     8.467000  1.058000  0.529000
     8.467000  1.323000  0.529000
     8.467000  1.588000  0.529000
     8.467000  1.852000  0.529000
     8.467000  2.117000  0.529000
     8.467000  2.381000  0.529000
     8.467000  2.646000  0.529000
     8.467000  2.910000  0.529000
     8.467000  3.175000  0.529000
     8.467000  3.440000  0.529000
     8.467000  3.704000  0.529000
     8.467000  3.969000  0.529000
     8.467000  4.233000  0.529000
     8.467000  4.498000  0.529000
     8.467000  4.763000  0.529000
     8.467000  5.027000  0.529000
     8.467000  5.292000  0.529000
     8.467000  5.556000  0.529000
     8.467000  5.821000  0.529000
     8.467000  6.086000  0.529000
     8.467000  6.350000  0.529000
     8.467000  6.615000  0.529000
     8.467000  6.879000  0.529000
     8.467000  7.144000  0.529000
     8.467000  7.408000  0.529000
     8.467000  7.673000  0.529000
     8.467000  7.938000  0.529000
     8.467000  8.202000  0.529000
     8.467000  8.467000  0.529000
     8.467000  8.731000  0.529000
     8.467000  8.996000  0.529000
     8.467000  9.261000  0.529000
     8.467000  9.525000  0.529000
     8.467000  9.790000  0.529000
     8.467000  10.054000  0.529000
     8.467000  10.319000  0.529000
     8.467000  10.584000  0.529000
     8.731000 -10.584000  0.529000
     8.731000 -10.319000  0.529000
     8.731000 -10.054000  0.529000
     8.731000 -9.790000  0.529000
     8.731000 -9.525000  0.529000
     8.731000 -9.261000  0.529000
     8.731000 -8.996000  0.529000
     8.731000 -8.731000  0.529000
     8.731000 -8.467000  0.529000
     8.731000 -8.202000  0.529000
     8.731000 -7.938000  0.529000
     8.731000 -7.673000  0.529000
     8.731000 -7.408000  0.529000
     8.731000 -7.144000  0.529000
     8.731000 -6.879000  0.529000
     8.731000 -6.615000  0.529000
     8.731000 -6.350000  0.529000
     8.731000 -6.086000  0.529000
     8.731000 -5.821000  0.529000
     8.731000 -5.556000  0.529000
     8.731000 -5.292000  0.529000
     8.731000 -5.027000  0.529000
     8.731000 -4.763000  0.529000
     8.731000 -4.498000  0.529000
     8.731000 -4.233000  0.529000
     8.731000 -3.969000  0.529000
     8.731000 -3.704000  0.529000
     8.731000 -3.440000  0.529000
     8.731000 -3.175000  0.529000
     8.731000 -2.910000  0.529000
     8.731000 -2.646000  0.529000
     8.731000 -2.381000  0.529000
     8.731000 -2.117000  0.529000
     8.731000 -1.852000  0.529000
     8.731000 -1.588000  0.529000
     8.731000 -1.323000  0.529000
     8.731000 -1.058000  0.529000
     8.731000 -0.794000  0.529000
     8.731000 -0.529000  0.529000
     8.731000 -0.265000  0.529000
     8.731000  0.000000  0.529000
     8.731000  0.265000  0.529000
     8.731000  0.529000  0.529000
     8.731000  0.794000  0.529000
     8.731000  1.058000  0.529000
     8.731000  1.323000  0.529000
     8.731000  1.588000  0.529000
     8.731000  1.852000  0.529000
     8.731000  2.117000  0.529000
     8.731000  2.381000  0.529000
     8.731000  2.646000  0.529000
     8.731000  2.910000  0.529000
     8.731000  3.175000  0.529000
     8.731000  3.440000  0.529000
     8.731000  3.704000  0.529000
     8.731000  3.969000  0.529000
     8.731000  4.233000  0.529000
     8.731000  4.498000  0.529000
     8.731000  4.763000  0.529000
     8.731000  5.027000  0.529000
     8.731000  5.292000  0.529000
     8.731000  5.556000  0.529000
     8.731000  5.821000  0.529000
     8.731000  6.086000  0.529000
     8.731000  6.350000  0.529000
     8.731000  6.615000  0.529000
     8.731000  6.879000  0.529000
     8.731000  7.144000  0.529000
     8.731000  7.408000  0.529000
     8.731000  7.673000  0.529000
     8.731000  7.938000  0.529000
     8.731000  8.202000  0.529000
     8.731000  8.467000  0.529000
     8.731000  8.731000  0.529000
     8.731000  8.996000  0.529000
     8.731000  9.261000  0.529000
     8.731000  9.525000  0.529000
     8.731000  9.790000  0.529000
     8.731000  10.054000  0.529000
     8.731000  10.319000  0.529000
     8.731000  10.584000  0.529000
     8.996000 -10.584000  0.529000
     8.996000 -10.319000  0.529000
     8.996000 -10.054000  0.529000
     8.996000 -9.790000  0.529000
     8.996000 -9.525000  0.529000
     8.996000 -9.261000  0.529000
     8.996000 -8.996000  0.529000
     8.996000 -8.731000  0.529000
     8.996000 -8.467000  0.529000
     8.996000 -8.202000  0.529000
     8.996000 -7.938000  0.529000
     8.996000 -7.673000  0.529000
     8.996000 -7.408000  0.529000
     8.996000 -7.144000  0.529000
     8.996000 -6.879000  0.529000
     8.996000 -6.615000  0.529000
     8.996000 -6.350000  0.529000
     8.996000 -6.086000  0.529000
     8.996000 -5.821000  0.529000
     8.996000 -5.556000  0.529000
     8.996000 -5.292000  0.529000
     8.996000 -5.027000  0.529000
     8.996000 -4.763000  0.529000
     8.996000 -4.498000  0.529000
     8.996000 -4.233000  0.529000
     8.996000 -3.969000  0.529000
     8.996000 -3.704000  0.529000
     8.996000 -3.440000  0.529000
     8.996000 -3.175000  0.529000
     8.996000 -2.910000  0.529000
     8.996000 -2.646000  0.529000
     8.996000 -2.381000  0.529000
     8.996000 -2.117000  0.529000
     8.996000 -1.852000  0.529000
     8.996000 -1.588000  0.529000
     8.996000 -1.323000  0.529000
     8.996000 -1.058000  0.529000
     8.996000 -0.794000  0.529000
     8.996000 -0.529000  0.529000
     8.996000 -0.265000  0.529000
     8.996000  0.000000  0.529000
     8.996000  0.265000  0.529000
     8.996000  0.529000  0.529000
     8.996000  0.794000  0.529000
     8.996000  1.058000  0.529000
     8.996000  1.323000  0.529000
     8.996000  1.588000  0.529000
     8.996000  1.852000  0.529000
     8.996000  2.117000  0.529000
     8.996000  2.381000  0.529000
     8.996000  2.646000  0.529000
     8.996000  2.910000  0.529000
     8.996000  3.175000  0.529000
     8.996000  3.440000  0.529000
     8.996000  3.704000  0.529000
     8.996000  3.969000  0.529000
     8.996000  4.233000  0.529000
     8.996000  4.498000  0.529000
     8.996000  4.763000  0.529000
     8.996000  5.027000  0.529000
     8.996000  5.292000  0.529000
     8.996000  5.556000  0.529000
     8.996000  5.821000  0.529000
     8.996000  6.086000  0.529000
     8.996000  6.350000  0.529000
     8.996000  6.615000  0.529000
     8.996000  6.879000  0.529000
     8.996000  7.144000  0.529000
     8.996000  7.408000  0.529000
     8.996000  7.673000  0.529000
     8.996000  7.938000  0.529000
     8.996000  8.202000  0.529000
     8.996000  8.467000  0.529000
     8.996000  8.731000  0.529000
     8.996000  8.996000  0.529000
     8.996000  9.261000  0.529000
     8.996000  9.525000  0.529000
     8.996000  9.790000  0.529000
     8.996000  10.054000  0.529000
     8.996000  10.319000  0.529000
     8.996000  10.584000  0.529000
     9.261000 -10.584000  0.529000
     9.261000 -10.319000  0.529000
     9.261000 -10.054000  0.529000
     9.261000 -9.790000  0.529000
     9.261000 -9.525000  0.529000
     9.261000 -9.261000  0.529000
     9.261000 -8.996000  0.529000
     9.261000 -8.731000  0.529000
     9.261000 -8.467000  0.529000
     9.261000 -8.202000  0.529000
     9.261000 -7.938000  0.529000
     9.261000 -7.673000  0.529000
     9.261000 -7.408000  0.529000
     9.261000 -7.144000  0.529000
     9.261000 -6.879000  0.529000
     9.261000 -6.615000  0.529000
     9.261000 -6.350000  0.529000
     9.261000 -6.086000  0.529000
     9.261000 -5.821000  0.529000
     9.261000 -5.556000  0.529000
     9.261000 -5.292000  0.529000
     9.261000 -5.027000  0.529000
     9.261000 -4.763000  0.529000
     9.261000 -4.498000  0.529000
     9.261000 -4.233000  0.529000
     9.261000 -3.969000  0.529000
     9.261000 -3.704000  0.529000
     9.261000 -3.440000  0.529000
     9.261000 -3.175000  0.529000
     9.261000 -2.910000  0.529000
     9.261000 -2.646000  0.529000
     9.261000 -2.381000  0.529000
     9.261000 -2.117000  0.529000
     9.261000 -1.852000  0.529000
     9.261000 -1.588000  0.529000
     9.261000 -1.323000  0.529000
     9.261000 -1.058000  0.529000
     9.261000 -0.794000  0.529000
     9.261000 -0.529000  0.529000
     9.261000 -0.265000  0.529000
     9.261000  0.000000  0.529000
     9.261000  0.265000  0.529000
     9.261000  0.529000  0.529000
     9.261000  0.794000  0.529000
     9.261000  1.058000  0.529000
     9.261000  1.323000  0.529000
     9.261000  1.588000  0.529000
     9.261000  1.852000  0.529000
     9.261000  2.117000  0.529000
     9.261000  2.381000  0.529000
     9.261000  2.646000  0.529000
     9.261000  2.910000  0.529000
     9.261000  3.175000  0.529000
     9.261000  3.440000  0.529000
     9.261000  3.704000  0.529000
     9.261000  3.969000  0.529000
     9.261000  4.233000  0.529000
     9.261000  4.498000  0.529000
     9.261000  4.763000  0.529000
     9.261000  5.027000  0.529000
     9.261000  5.292000  0.529000
     9.261000  5.556000  0.529000
     9.261000  5.821000  0.529000
     9.261000  6.086000  0.529000
     9.261000  6.350000  0.529000
     9.261000  6.615000  0.529000
     9.261000  6.879000  0.529000
     9.261000  7.144000  0.529000
     9.261000  7.408000  0.529000
     9.261000  7.673000  0.529000
     9.261000  7.938000  0.529000
     9.261000  8.202000  0.529000
     9.261000  8.467000  0.529000
     9.261000  8.731000  0.529000
     9.261000  8.996000  0.529000
     9.261000  9.261000  0.529000
     9.261000  9.525000  0.529000
     9.261000  9.790000  0.529000
     9.261000  10.054000  0.529000
     9.261000  10.319000  0.529000
     9.261000  10.584000  0.529000
     9.525000 -10.584000  0.529000
     9.525000 -10.319000  0.529000
     9.525000 -10.054000  0.529000
     9.525000 -9.790000  0.529000
     9.525000 -9.525000  0.529000
     9.525000 -9.261000  0.529000
     9.525000 -8.996000  0.529000
     9.525000 -8.731000  0.529000
     9.525000 -8.467000  0.529000
     9.525000 -8.202000  0.529000
     9.525000 -7.938000  0.529000
     9.525000 -7.673000  0.529000
     9.525000 -7.408000  0.529000
     9.525000 -7.144000  0.529000
     9.525000 -6.879000  0.529000
     9.525000 -6.615000  0.529000
     9.525000 -6.350000  0.529000
     9.525000 -6.086000  0.529000
     9.525000 -5.821000  0.529000
     9.525000 -5.556000  0.529000
     9.525000 -5.292000  0.529000
     9.525000 -5.027000  0.529000
     9.525000 -4.763000  0.529000
     9.525000 -4.498000  0.529000
     9.525000 -4.233000  0.529000
     9.525000 -3.969000  0.529000
     9.525000 -3.704000  0.529000
     9.525000 -3.440000  0.529000
     9.525000 -3.175000  0.529000
     9.525000 -2.910000  0.529000
     9.525000 -2.646000  0.529000
     9.525000 -2.381000  0.529000
     9.525000 -2.117000  0.529000
     9.525000 -1.852000  0.529000
     9.525000 -1.588000  0.529000
     9.525000 -1.323000  0.529000
     9.525000 -1.058000  0.529000
     9.525000 -0.794000  0.529000
     9.525000 -0.529000  0.529000
     9.525000 -0.265000  0.529000
     9.525000  0.000000  0.529000
     9.525000  0.265000  0.529000
     9.525000  0.529000  0.529000
     9.525000  0.794000  0.529000
     9.525000  1.058000  0.529000
     9.525000  1.323000  0.529000
     9.525000  1.588000  0.529000
     9.525000  1.852000  0.529000
     9.525000  2.117000  0.529000
     9.525000  2.381000  0.529000
     9.525000  2.646000  0.529000
     9.525000  2.910000  0.529000
     9.525000  3.175000  0.529000
     9.525000  3.440000  0.529000
     9.525000  3.704000  0.529000
     9.525000  3.969000  0.529000
     9.525000  4.233000  0.529000
     9.525000  4.498000  0.529000
     9.525000  4.763000  0.529000
     9.525000  5.027000  0.529000
     9.525000  5.292000  0.529000
     9.525000  5.556000  0.529000
     9.525000  5.821000  0.529000
     9.525000  6.086000  0.529000
     9.525000  6.350000  0.529000
     9.525000  6.615000  0.529000
     9.525000  6.879000  0.529000
     9.525000  7.144000  0.529000
     9.525000  7.408000  0.529000
     9.525000  7.673000  0.529000
     9.525000  7.938000  0.529000
     9.525000  8.202000  0.529000
     9.525000  8.467000  0.529000
     9.525000  8.731000  0.529000
     9.525000  8.996000  0.529000
     9.525000  9.261000  0.529000
     9.525000  9.525000  0.529000
     9.525000  9.790000  0.529000
     9.525000  10.054000  0.529000
     9.525000  10.319000  0.529000
     9.525000  10.584000  0.529000
     9.790000 -10.584000  0.529000
     9.790000 -10.319000  0.529000
     9.790000 -10.054000  0.529000
     9.790000 -9.790000  0.529000
     9.790000 -9.525000  0.529000
     9.790000 -9.261000  0.529000
     9.790000 -8.996000  0.529000
     9.790000 -8.731000  0.529000
     9.790000 -8.467000  0.529000
     9.790000 -8.202000  0.529000
     9.790000 -7.938000  0.529000
     9.790000 -7.673000  0.529000
     9.790000 -7.408000  0.529000
     9.790000 -7.144000  0.529000
     9.790000 -6.879000  0.529000
     9.790000 -6.615000  0.529000
     9.790000 -6.350000  0.529000
     9.790000 -6.086000  0.529000
     9.790000 -5.821000  0.529000
     9.790000 -5.556000  0.529000
     9.790000 -5.292000  0.529000
     9.790000 -5.027000  0.529000
     9.790000 -4.763000  0.529000
     9.790000 -4.498000  0.529000
     9.790000 -4.233000  0.529000
     9.790000 -3.969000  0.529000
     9.790000 -3.704000  0.529000
     9.790000 -3.440000  0.529000
     9.790000 -3.175000  0.529000
     9.790000 -2.910000  0.529000
     9.790000 -2.646000  0.529000
     9.790000 -2.381000  0.529000
     9.790000 -2.117000  0.529000
     9.790000 -1.852000  0.529000
     9.790000 -1.588000  0.529000
     9.790000 -1.323000  0.529000
     9.790000 -1.058000  0.529000
     9.790000 -0.794000  0.529000
     9.790000 -0.529000  0.529000
     9.790000 -0.265000  0.529000
     9.790000  0.000000  0.529000
     9.790000  0.265000  0.529000
     9.790000  0.529000  0.529000
     9.790000  0.794000  0.529000
     9.790000  1.058000  0.529000
     9.790000  1.323000  0.529000
     9.790000  1.588000  0.529000
     9.790000  1.852000  0.529000
     9.790000  2.117000  0.529000
     9.790000  2.381000  0.529000
     9.790000  2.646000  0.529000
     9.790000  2.910000  0.529000
     9.790000  3.175000  0.529000
     9.790000  3.440000  0.529000
     9.790000  3.704000  0.529000
     9.790000  3.969000  0.529000
     9.790000  4.233000  0.529000
     9.790000  4.498000  0.529000
     9.790000  4.763000  0.529000
     9.790000  5.027000  0.529000
     9.790000  5.292000  0.529000
     9.790000  5.556000  0.529000
     9.790000  5.821000  0.529000
     9.790000  6.086000  0.529000
     9.790000  6.350000  0.529000
     9.790000  6.615000  0.529000
     9.790000  6.879000  0.529000
     9.790000  7.144000  0.529000
     9.790000  7.408000  0.529000
     9.790000  7.673000  0.529000
     9.790000  7.938000  0.529000
     9.790000  8.202000  0.529000
     9.790000  8.467000  0.529000
     9.790000  8.731000  0.529000
     9.790000  8.996000  0.529000
     9.790000  9.261000  0.529000
     9.790000  9.525000  0.529000
     9.790000  9.790000  0.529000
     9.790000  10.054000  0.529000
     9.790000  10.319000  0.529000
     9.790000  10.584000  0.529000
     10.054000 -10.584000  0.529000
     10.054000 -10.319000  0.529000
     10.054000 -10.054000  0.529000
     10.054000 -9.790000  0.529000
     10.054000 -9.525000  0.529000
     10.054000 -9.261000  0.529000
     10.054000 -8.996000  0.529000
     10.054000 -8.731000  0.529000
     10.054000 -8.467000  0.529000
     10.054000 -8.202000  0.529000
     10.054000 -7.938000  0.529000
     10.054000 -7.673000  0.529000
     10.054000 -7.408000  0.529000
     10.054000 -7.144000  0.529000
     10.054000 -6.879000  0.529000
     10.054000 -6.615000  0.529000
     10.054000 -6.350000  0.529000
     10.054000 -6.086000  0.529000
     10.054000 -5.821000  0.529000
     10.054000 -5.556000  0.529000
     10.054000 -5.292000  0.529000
     10.054000 -5.027000  0.529000
     10.054000 -4.763000  0.529000
     10.054000 -4.498000  0.529000
     10.054000 -4.233000  0.529000
     10.054000 -3.969000  0.529000
     10.054000 -3.704000  0.529000
     10.054000 -3.440000  0.529000
     10.054000 -3.175000  0.529000
     10.054000 -2.910000  0.529000
     10.054000 -2.646000  0.529000
     10.054000 -2.381000  0.529000
     10.054000 -2.117000  0.529000
     10.054000 -1.852000  0.529000
     10.054000 -1.588000  0.529000
     10.054000 -1.323000  0.529000
     10.054000 -1.058000  0.529000
     10.054000 -0.794000  0.529000
     10.054000 -0.529000  0.529000
     10.054000 -0.265000  0.529000
     10.054000  0.000000  0.529000
     10.054000  0.265000  0.529000
     10.054000  0.529000  0.529000
     10.054000  0.794000  0.529000
     10.054000  1.058000  0.529000
     10.054000  1.323000  0.529000
     10.054000  1.588000  0.529000
     10.054000  1.852000  0.529000
     10.054000  2.117000  0.529000
     10.054000  2.381000  0.529000
     10.054000  2.646000  0.529000
     10.054000  2.910000  0.529000
     10.054000  3.175000  0.529000
     10.054000  3.440000  0.529000
     10.054000  3.704000  0.529000
     10.054000  3.969000  0.529000
     10.054000  4.233000  0.529000
     10.054000  4.498000  0.529000
     10.054000  4.763000  0.529000
     10.054000  5.027000  0.529000
     10.054000  5.292000  0.529000
     10.054000  5.556000  0.529000
     10.054000  5.821000  0.529000
     10.054000  6.086000  0.529000
     10.054000  6.350000  0.529000
     10.054000  6.615000  0.529000
     10.054000  6.879000  0.529000
     10.054000  7.144000  0.529000
     10.054000  7.408000  0.529000
     10.054000  7.673000  0.529000
     10.054000  7.938000  0.529000
     10.054000  8.202000  0.529000
     10.054000  8.467000  0.529000
     10.054000  8.731000  0.529000
     10.054000  8.996000  0.529000
     10.054000  9.261000  0.529000
     10.054000  9.525000  0.529000
     10.054000  9.790000  0.529000
     10.054000  10.054000  0.529000
     10.054000  10.319000  0.529000
     10.054000  10.584000  0.529000
     10.319000 -10.584000  0.529000
     10.319000 -10.319000  0.529000
     10.319000 -10.054000  0.529000
     10.319000 -9.790000  0.529000
     10.319000 -9.525000  0.529000
     10.319000 -9.261000  0.529000
     10.319000 -8.996000  0.529000
     10.319000 -8.731000  0.529000
     10.319000 -8.467000  0.529000
     10.319000 -8.202000  0.529000
     10.319000 -7.938000  0.529000
     10.319000 -7.673000  0.529000
     10.319000 -7.408000  0.529000
     10.319000 -7.144000  0.529000
     10.319000 -6.879000  0.529000
     10.319000 -6.615000  0.529000
     10.319000 -6.350000  0.529000
     10.319000 -6.086000  0.529000
     10.319000 -5.821000  0.529000
     10.319000 -5.556000  0.529000
     10.319000 -5.292000  0.529000
     10.319000 -5.027000  0.529000
     10.319000 -4.763000  0.529000
     10.319000 -4.498000  0.529000
     10.319000 -4.233000  0.529000
     10.319000 -3.969000  0.529000
     10.319000 -3.704000  0.529000
     10.319000 -3.440000  0.529000
     10.319000 -3.175000  0.529000
     10.319000 -2.910000  0.529000
     10.319000 -2.646000  0.529000
     10.319000 -2.381000  0.529000
     10.319000 -2.117000  0.529000
     10.319000 -1.852000  0.529000
     10.319000 -1.588000  0.529000
     10.319000 -1.323000  0.529000
     10.319000 -1.058000  0.529000
     10.319000 -0.794000  0.529000
     10.319000 -0.529000  0.529000
     10.319000 -0.265000  0.529000
     10.319000  0.000000  0.529000
     10.319000  0.265000  0.529000
     10.319000  0.529000  0.529000
     10.319000  0.794000  0.529000
     10.319000  1.058000  0.529000
     10.319000  1.323000  0.529000
     10.319000  1.588000  0.529000
     10.319000  1.852000  0.529000
     10.319000  2.117000  0.529000
     10.319000  2.381000  0.529000
     10.319000  2.646000  0.529000
     10.319000  2.910000  0.529000
     10.319000  3.175000  0.529000
     10.319000  3.440000  0.529000
     10.319000  3.704000  0.529000
     10.319000  3.969000  0.529000
     10.319000  4.233000  0.529000
     10.319000  4.498000  0.529000
     10.319000  4.763000  0.529000
     10.319000  5.027000  0.529000
     10.319000  5.292000  0.529000
     10.319000  5.556000  0.529000
     10.319000  5.821000  0.529000
     10.319000  6.086000  0.529000
     10.319000  6.350000  0.529000
     10.319000  6.615000  0.529000
     10.319000  6.879000  0.529000
     10.319000  7.144000  0.529000
     10.319000  7.408000  0.529000
     10.319000  7.673000  0.529000
     10.319000  7.938000  0.529000
     10.319000  8.202000  0.529000
     10.319000  8.467000  0.529000
     10.319000  8.731000  0.529000
     10.319000  8.996000  0.529000
     10.319000  9.261000  0.529000
     10.319000  9.525000  0.529000
     10.319000  9.790000  0.529000
     10.319000  10.054000  0.529000
     10.319000  10.319000  0.529000
     10.319000  10.584000  0.529000
     10.584000 -10.584000  0.529000
     10.584000 -10.319000  0.529000
     10.584000 -10.054000  0.529000
     10.584000 -9.790000  0.529000
     10.584000 -9.525000  0.529000
     10.584000 -9.261000  0.529000
     10.584000 -8.996000  0.529000
     10.584000 -8.731000  0.529000
     10.584000 -8.467000  0.529000
     10.584000 -8.202000  0.529000
     10.584000 -7.938000  0.529000
     10.584000 -7.673000  0.529000
     10.584000 -7.408000  0.529000
     10.584000 -7.144000  0.529000
     10.584000 -6.879000  0.529000
     10.584000 -6.615000  0.529000
     10.584000 -6.350000  0.529000
     10.584000 -6.086000  0.529000
     10.584000 -5.821000  0.529000
     10.584000 -5.556000  0.529000
     10.584000 -5.292000  0.529000
     10.584000 -5.027000  0.529000
     10.584000 -4.763000  0.529000
     10.584000 -4.498000  0.529000
     10.584000 -4.233000  0.529000
     10.584000 -3.969000  0.529000
     10.584000 -3.704000  0.529000
     10.584000 -3.440000  0.529000
     10.584000 -3.175000  0.529000
     10.584000 -2.910000  0.529000
     10.584000 -2.646000  0.529000
     10.584000 -2.381000  0.529000
     10.584000 -2.117000  0.529000
     10.584000 -1.852000  0.529000
     10.584000 -1.588000  0.529000
     10.584000 -1.323000  0.529000
     10.584000 -1.058000  0.529000
     10.584000 -0.794000  0.529000
     10.584000 -0.529000  0.529000
     10.584000 -0.265000  0.529000
     10.584000  0.000000  0.529000
     10.584000  0.265000  0.529000
     10.584000  0.529000  0.529000
     10.584000  0.794000  0.529000
     10.584000  1.058000  0.529000
     10.584000  1.323000  0.529000
     10.584000  1.588000  0.529000
     10.584000  1.852000  0.529000
     10.584000  2.117000  0.529000
     10.584000  2.381000  0.529000
     10.584000  2.646000  0.529000
     10.584000  2.910000  0.529000
     10.584000  3.175000  0.529000
     10.584000  3.440000  0.529000
     10.584000  3.704000  0.529000
     10.584000  3.969000  0.529000
     10.584000  4.233000  0.529000
     10.584000  4.498000  0.529000
     10.584000  4.763000  0.529000
     10.584000  5.027000  0.529000
     10.584000  5.292000  0.529000
     10.584000  5.556000  0.529000
     10.584000  5.821000  0.529000
     10.584000  6.086000  0.529000
     10.584000  6.350000  0.529000
     10.584000  6.615000  0.529000
     10.584000  6.879000  0.529000
     10.584000  7.144000  0.529000
     10.584000  7.408000  0.529000
     10.584000  7.673000  0.529000
     10.584000  7.938000  0.529000
     10.584000  8.202000  0.529000
     10.584000  8.467000  0.529000
     10.584000  8.731000  0.529000
     10.584000  8.996000  0.529000
     10.584000  9.261000  0.529000
     10.584000  9.525000  0.529000
     10.584000  9.790000  0.529000
     10.584000  10.054000  0.529000
     10.584000  10.319000  0.529000
     10.584000  10.584000  0.529000

POINT_DATA 6561
VECTORS point_vectors float
    -0.000531 -0.000284  0.000599
    -0.000531 -0.000284  0.000599
    -0.000531 -0.000284  0.000599
    -0.000531 -0.000284  0.000599
    -0.000531 -0.000284  0.000599
    -0.000531 -0.000284  0.000599
    -0.000531 -0.000284  0.000599
    -0.000531 -0.000284  0.000599
    -0.000531 -0.000284  0.000599
    -0.000531 -0.000284  0.000599
    -0.000531 -0.000284  0.000599
    -0.000531 -0.000284  0.000599
    -0.000531 -0.000284  0.000599
    -0.000531 -0.000284  0.000599
    -0.000531 -0.000284  0.000599
    -0.000531 -0.000284  0.000599
    -0.000531 -0.000284  0.000599
    -0.000531 -0.000284  0.000599
    -0.000530 -0.000292  0.000598
    -0.000541 -0.000245  0.000606
    -0.000533 -0.000278  0.000600
    -0.000518 -0.000332  0.000587
    -0.000507 -0.000363  0.000576
    -0.000503 -0.000367  0.000571
    -0.000504 -0.000357  0.000570
    -0.000508 -0.000343  0.000573
    -0.000504 -0.000348  0.000567
    -0.000462 -0.000455  0.000506
    -0.000452 -0.000453  0.000483
    -0.000431 -0.000497  0.000454
    -0.000418 -0.000534  0.000437
    -0.000397 -0.000579  0.000410
    -0.000345 -0.000695  0.000333
    -0.000326 -0.000714  0.000300
    -0.000306 -0.000729  0.000264
    -0.000284 -0.000745  0.000226
    -0.000267 -0.000748  0.000194
    -0.000251 -0.000746  0.000164
    -0.000240 -0.000733  0.000140
    -0.000237 -0.000703  0.000128
    -0.000234 -0.000679  0.000114
    -0.000213 -0.000675  0.000078
    -0.000189 -0.000673  0.000033
    -0.000177 -0.000660  0.000010
    -0.000175 -0.000640  0.000002
    -0.000175 -0.000619 -0.000001
    -0.000187 -0.000591  0.000016
    -0.000197 -0.000564  0.000031
    -0.000210 -0.000539  0.000054
    -0.000300 -0.000466  0.000208
    -0.000336 -0.000439  0.000267
    -0.000365 -0.000421  0.000316
    -0.000400 -0.000393  0.000376
    -0.000396 -0.000379  0.000369
    -0.000479 -0.000319  0.000515
    -0.000482 -0.000314  0.000520
    -0.000471 -0.000319  0.000501
    -0.000463 -0.000320  0.000487
    -0.000466 -0.000316  0.000491
    -0.000492 -0.000302  0.000533
    -0.000536 -0.000282  0.000606
    -0.000563 -0.000271  0.000653
    -0.000525 -0.000286  0.000588
    -0.000531 -0.000284  0.000599
    -0.000531 -0.000284  0.000599
    -0.000531 -0.000284  0.000599
    -0.000531 -0.000284  0.000599
    -0.000531 -0.000284  0.000599
    -0.000531 -0.000284  0.000599
    -0.000531 -0.000284  0.000599
    -0.000531 -0.000284  0.000599
    -0.000531 -0.000284  0.000599
    -0.000531 -0.000284  0.000599
    -0.000531 -0.000284  0.000599
    -0.000531 -0.000284  0.000599
    -0.000531 -0.000284  0.000599
    -0.000531 -0.000284  0.000599
    -0.000531 -0.000284  0.000599
    -0.000531 -0.000284  0.000599
    -0.000531 -0.000284  0.000599
    -0.000531 -0.000284  0.000599
    -0.000531 -0.000284  0.000599
    -0.000531 -0.000284  0.000599
    -0.000531 -0.000284  0.000599
    -0.000531 -0.000284  0.000599
    -0.000531 -0.000284  0.000599
    -0.000531 -0.000284  0.000599
    -0.000531 -0.000284  0.000599
    -0.000531 -0.000284  0.000599
    -0.000531 -0.000284  0.000599
    -0.000531 -0.000284  0.000599
    -0.000531 -0.000284  0.000599
    -0.000531 -0.000284  0.000599
    -0.000531 -0.000284  0.000599
    -0.000531 -0.000284  0.000599
    -0.000531 -0.000284  0.000599
    -0.000531 -0.000284  0.000599
    -0.000531 -0.000284  0.000599
    -0.000534 -0.000268  0.000600
    -0.000537 -0.000259  0.000602
    -0.000527 -0.000304  0.000597
    -0.000511 -0.000360  0.000586
    -0.000507 -0.000369  0.000580
    -0.000507 -0.000360  0.000579
    -0.000511 -0.000343  0.000581
    -0.000508 -0.000348  0.000576
    -0.000463 -0.000479  0.000519
    -0.000445 -0.000517  0.000493
    -0.000451 -0.000474  0.000487
    -0.000435 -0.000518  0.000469
    -0.000414 -0.000579  0.000447
    -0.000362 -0.000715  0.000381
    -0.000335 -0.000755  0.000340
    -0.000310 -0.000777  0.000299
    -0.000290 -0.000788  0.000266
    -0.000279 -0.000776  0.000243
    -0.000273 -0.000752  0.000228
    -0.000285 -0.000695  0.000234
    -0.000290 -0.000659  0.000235
    -0.000300 -0.000621  0.000243
    -0.000307 -0.000593  0.000248
    -0.000306 -0.000578  0.000242
    -0.000293 -0.000578  0.000219
    -0.000270 -0.000587  0.000180
    -0.000239 -0.000600  0.000128
    -0.000210 -0.000608  0.000077
    -0.000163 -0.000624 -0.000002
    -0.000143 -0.000619 -0.000039
    -0.000133 -0.000606 -0.000061
    -0.000141 -0.000581 -0.000053
    -0.000157 -0.000550 -0.000029
    -0.000188 -0.000514  0.000020
    -0.000297 -0.000443  0.000204
    -0.000347 -0.000416  0.000285
    -0.000383 -0.000395  0.000344
    -0.000345 -0.000401  0.000285
    -0.000374 -0.000377  0.000335
    -0.000478 -0.000313  0.000514
    -0.000482 -0.000309  0.000520
    -0.000468 -0.000314  0.000496
    -0.000460 -0.000315  0.000484
    -0.000468 -0.000309  0.000495
    -0.000515 -0.000290  0.000572
    -0.000552 -0.000277  0.000633
    -0.000545 -0.000279  0.000621
    -0.000531 -0.000284  0.000599
    -0.000531 -0.000284  0.000599
    -0.000531 -0.000284  0.000599
    -0.000531 -0.000284  0.000599
    -0.000531 -0.000284  0.000599
    -0.000531 -0.000284  0.000599
    -0.000531 -0.000284  0.000599
    -0.000531 -0.000284  0.000599
    -0.000531 -0.000284  0.000599
    -0.000531 -0.000284  0.000599
    -0.000531 -0.000284  0.000599
    -0.000531 -0.000284  0.000599
    -0.000531 -0.000284  0.000599
    -0.000531 -0.000284  0.000599
    -0.000531 -0.000284  0.000599
    -0.000531 -0.000284  0.000599
    -0.000531 -0.000284  0.000599
    -0.000531 -0.000284  0.000599
    -0.000531 -0.000284  0.000599
    -0.000531 -0.000284  0.000599
    -0.000531 -0.000284  0.000599
    -0.000531 -0.000284  0.000599
    -0.000531 -0.000284  0.000599
    -0.000531 -0.000284  0.000599
    -0.000531 -0.000284  0.000599
    -0.000531 -0.000284  0.000599
    -0.000531 -0.000284  0.000599
    -0.000531 -0.000284  0.000599
    -0.000531 -0.000284  0.000599
    -0.000531 -0.000284  0.000599
    -0.000531 -0.000284  0.000599
    -0.000531 -0.000284  0.000599
    -0.000531 -0.000284  0.000599
    -0.000537 -0.000252  0.000599
    -0.000534 -0.000271  0.000600
    -0.000521 -0.000332  0.000596
    -0.000511 -0.000368  0.000590
    -0.000509 -0.000368  0.000587
    -0.000512 -0.000351  0.000586
    -0.000510 -0.000351  0.000583
    -0.000471 -0.000484  0.000541
    -0.000457 -0.000517  0.000520
    -0.000454 -0.000509  0.000508
    -0.000450 -0.000498  0.000496
    -0.000434 -0.000547  0.000482
    -0.000373 -0.000736  0.000423
    -0.000340 -0.000796  0.000382
    -0.000328 -0.000798  0.000359
    -0.000314 -0.000794  0.000335
    -0.000306 -0.000770  0.000319
    -0.000309 -0.000726  0.000315
    -0.000336 -0.000637  0.000339
    -0.000353 -0.000576  0.000356
    -0.000365 -0.000534  0.000369
    -0.000372 -0.000508  0.000377
    -0.000370 -0.000500  0.000375
    -0.000388 -0.000464  0.000399
    -0.000397 -0.000448  0.000410
    -0.000384 -0.000459  0.000389
    -0.000354 -0.000482  0.000343
    -0.000349 -0.000482  0.000330
    -0.000329 -0.000492  0.000293
    -0.000295 -0.000509  0.000234
    -0.000246 -0.000533  0.000152
    -0.000172 -0.000568  0.000029
    -0.000137 -0.000573 -0.000035
    -0.000118 -0.000567 -0.000073
    -0.000115 -0.000551 -0.000084
    -0.000116 -0.000535 -0.000086
    -0.000164 -0.000495 -0.000010
    -0.000320 -0.000415  0.000246
    -0.000361 -0.000395  0.000311
    -0.000351 -0.000390  0.000294
    -0.000342 -0.000384  0.000281
    -0.000368 -0.000364  0.000326
    -0.000474 -0.000310  0.000509
    -0.000474 -0.000307  0.000508
    -0.000459 -0.000311  0.000484
    -0.000460 -0.000308  0.000484
    -0.000491 -0.000296  0.000533
    -0.000542 -0.000280  0.000616
    -0.000558 -0.000277  0.000643
    -0.000531 -0.000284  0.000599
    -0.000531 -0.000284  0.000599
    -0.000531 -0.000284  0.000599
    -0.000531 -0.000284  0.000599
    -0.000531 -0.000284  0.000599
    -0.000531 -0.000284  0.000599
    -0.000531 -0.000284  0.000599
    -0.000531 -0.000284  0.000599
    -0.000531 -0.000284  0.000599
    -0.000531 -0.000284  0.000599
    -0.000531 -0.000284  0.000599
    -0.000531 -0.000284  0.000599
    -0.000531 -0.000284  0.000599
    -0.000531 -0.000284  0.000599
    -0.000531 -0.000284  0.000599
    -0.000531 -0.000284  0.000599
    -0.000531 -0.000284  0.000599
    -0.000531 -0.000284  0.000599
    -0.000531 -0.000284  0.000599
    -0.000531 -0.000284  0.000599
    -0.000531 -0.000284  0.000599
    -0.000531 -0.000284  0.000599
    -0.000531 -0.000284  0.000599
    -0.000531 -0.000284  0.000599
    -0.000531 -0.000284  0.000599
    -0.000531 -0.000284  0.000599
    -0.000531 -0.000284  0.000599
    -0.000531 -0.000284  0.000599
    -0.000531 -0.000284  0.000599
    -0.000531 -0.000284  0.000599
    -0.000531 -0.000284  0.000599
    -0.000537 -0.000248  0.000596
    -0.000532 -0.000278  0.000599
    -0.000519 -0.000349  0.000600
    -0.000513 -0.000370  0.000596
    -0.000513 -0.000362  0.000594
    -0.000514 -0.000347  0.000592
    -0.000484 -0.000468  0.000567
    -0.000467 -0.000520  0.000547
    -0.000462 -0.000524  0.000535
    -0.000458 -0.000510  0.000521
    -0.000443 -0.000528  0.000499
    -0.000423 -0.000593  0.000493
    -0.000381 -0.000760  0.000466
    -0.000356 -0.000802  0.000440
    -0.000359 -0.000760  0.000435
    -0.000311 -0.000813  0.000349
    -0.000311 -0.000769  0.000337
    -0.000332 -0.000666  0.000345
    -0.000349 -0.000590  0.000355
    -0.000367 -0.000521  0.000372
    -0.000372 -0.000492  0.000377
    -0.000391 -0.000448  0.000403
    -0.000405 -0.000421  0.000426
    -0.000422 -0.000394  0.000454
    -0.000450 -0.000350  0.000496
    -0.000536 -0.000260  0.000643
    -0.000470 -0.000373  0.000538
    -0.000436 -0.000410  0.000484
    -0.000415 -0.000433  0.000449
    -0.000396 -0.000453  0.000413
    -0.000361 -0.000479  0.000354
    -0.000338 -0.000488  0.000312
    -0.000282 -0.000513  0.000217
    -0.000220 -0.000536  0.000111
    -0.000134 -0.000564 -0.000032
    -0.000097 -0.000565 -0.000098
    -0.000134 -0.000499 -0.000033
    -0.000099 -0.000505 -0.000095
    -0.000137 -0.000476 -0.000043
    -0.000276 -0.000422  0.000186
    -0.000334 -0.000401  0.000270
    -0.000348 -0.000382  0.000292
    -0.000335 -0.000376  0.000269
    -0.000336 -0.000369  0.000275
    -0.000378 -0.000345  0.000346
    -0.000476 -0.000303  0.000513
    -0.000464 -0.000306  0.000493
    -0.000457 -0.000306  0.000481
    -0.000475 -0.000299  0.000509
    -0.000536 -0.000282  0.000607
    -0.000562 -0.000277  0.000649
    -0.000531 -0.000284  0.000599
    -0.000531 -0.000284  0.000599
    -0.000531 -0.000284  0.000599
    -0.000531 -0.000284  0.000599
    -0.000531 -0.000284  0.000599
    -0.000531 -0.000284  0.000599
    -0.000531 -0.000284  0.000599
    -0.000531 -0.000284  0.000599
    -0.000531 -0.000284  0.000599
    -0.000531 -0.000284  0.000599
    -0.000531 -0.000284  0.000599
    -0.000531 -0.000284  0.000599
    -0.000531 -0.000284  0.000599
    -0.000531 -0.000284  0.000599
    -0.000531 -0.000284  0.000599
    -0.000531 -0.000284  0.000599
    -0.000531 -0.000284  0.000599
    -0.000531 -0.000284  0.000599
    -0.000531 -0.000284  0.000599
    -0.000531 -0.000284  0.000599
    -0.000531 -0.000284  0.000599
    -0.000531 -0.000284  0.000599
    -0.000531 -0.000284  0.000599
    -0.000531 -0.000284  0.000599
    -0.000531 -0.000284  0.000599
    -0.000531 -0.000284  0.000599
    -0.000531 -0.000284  0.000599
    -0.000531 -0.000284  0.000599
    -0.000531 -0.000284  0.000599
    -0.000536 -0.000247  0.000594
    -0.000532 -0.000281  0.000599
    -0.000519 -0.000356  0.000605
    -0.000514 -0.000372  0.000603
    -0.000515 -0.000358  0.000599
    -0.000514 -0.000354  0.000596
    -0.000482 -0.000500  0.000577
    -0.000473 -0.000524  0.000563
    -0.000472 -0.000519  0.000560
    -0.000476 -0.000485  0.000559
    -0.000458 -0.000516  0.000541
    -0.000413 -0.000704  0.000521
    -0.000325 -0.000922  0.000416
    -0.000306 -0.000924  0.000379
    -0.000282 -0.000917  0.000332
    -0.000270 -0.000883  0.000302
    -0.000303 -0.000744  0.000318
    -0.000350 -0.000592  0.000355
    -0.000403 -0.000455  0.000410
    -0.000434 -0.000393  0.000454
    -0.000475 -0.000314  0.000508
    -0.000496 -0.000283  0.000546
    -0.000528 -0.000230  0.000592
    -0.000501 -0.000315  0.000557
    -0.000488 -0.000343  0.000544
    -0.000463 -0.000370  0.000504
    -0.000453 -0.000380  0.000486
    -0.000461 -0.000367  0.000499
    -0.000481 -0.000335  0.000530
    -0.000505 -0.000319  0.000565
    -0.000571 -0.000280  0.000682
    -0.000529 -0.000322  0.000615
    -0.000508 -0.000352  0.000576
    -0.000444 -0.000404  0.000475
    -0.000395 -0.000446  0.000394
    -0.000282 -0.000513  0.000213
    -0.000154 -0.000571  0.000007
    -0.000037 -0.000613 -0.000182
    -0.000008 -0.000600 -0.000237
    -0.000001 -0.000570 -0.000255
    -0.000000 -0.000546 -0.000260
    -0.000177 -0.000431  0.000029
    -0.000336 -0.000375  0.000287
    -0.000363 -0.000354  0.000324
    -0.000336 -0.000361  0.000276
    -0.000332 -0.000360  0.000269
    -0.000349 -0.000347  0.000302
    -0.000470 -0.000302  0.000504
    -0.000466 -0.000302  0.000498
    -0.000455 -0.000303  0.000478
    -0.000468 -0.000297  0.000499
    -0.000534 -0.000283  0.000603
    -0.000563 -0.000278  0.000650
    -0.000531 -0.000284  0.000599
    -0.000531 -0.000284  0.000599
    -0.000531 -0.000284  0.000599
    -0.000531 -0.000284  0.000599
    -0.000531 -0.000284  0.000599
    -0.000531 -0.000284  0.000599
    -0.000531 -0.000284  0.000599
    -0.000531 -0.000284  0.000599
    -0.000531 -0.000284  0.000599
    -0.000531 -0.000284  0.000599
    -0.000531 -0.000284  0.000599
    -0.000531 -0.000284  0.000599
    -0.000531 -0.000284  0.000599
    -0.000531 -0.000284  0.000599
    -0.000531 -0.000284  0.000599
    -0.000531 -0.000284  0.000599
    -0.000531 -0.000284  0.000599
    -0.000531 -0.000284  0.000599
    -0.000531 -0.000284  0.000599
    -0.000531 -0.000284  0.000599
    -0.000531 -0.000284  0.000599
    -0.000531 -0.000284  0.000599
    -0.000531 -0.000284  0.000599
    -0.000531 -0.000284  0.000599
    -0.000531 -0.000284  0.000599
    -0.000531 -0.000284  0.000599
    -0.000531 -0.000284  0.000599
    -0.000535 -0.000250  0.000592
    -0.000532 -0.000279  0.000598
    -0.000520 -0.000357  0.000610
    -0.000516 -0.000372  0.000609
    -0.000517 -0.000357  0.000605
    -0.000517 -0.000352  0.000602
    -0.000486 -0.000512  0.000595
    -0.000491 -0.000498  0.000597
    -0.000479 -0.000516  0.000579
    -0.000459 -0.000545  0.000553
    -0.000406 -0.000655  0.000476
    -0.000326 -0.000941  0.000427
    -0.000285 -0.001035  0.000380
    -0.000258 -0.001040  0.000336
    -0.000264 -0.000954  0.000322
    -0.000298 -0.000811  0.000336
    -0.000366 -0.000590  0.000380
    -0.000435 -0.000401  0.000437
    -0.000481 -0.000300  0.000484
    -0.000524 -0.000218  0.000536
    -0.000553 -0.000173  0.000578
    -0.000539 -0.000241  0.000560
    -0.000528 -0.000280  0.000553
    -0.000499 -0.000352  0.000521
    -0.000497 -0.000364  0.000522
    -0.000500 -0.000367  0.000529
    -0.000514 -0.000323  0.000548
    -0.000513 -0.000320  0.000545
    -0.000510 -0.000319  0.000539
    -0.000476 -0.000339  0.000479
    -0.000479 -0.000343  0.000484
    -0.000489 -0.000341  0.000502
    -0.000550 -0.000304  0.000597
    -0.000582 -0.000291  0.000649
    -0.000625 -0.000242  0.000688
    -0.000598 -0.000304  0.000691
    -0.000530 -0.000357  0.000588
    -0.000445 -0.000412  0.000458
    -0.000283 -0.000495  0.000209
    -0.000095 -0.000576 -0.000087
     0.000026 -0.000618 -0.000282
     0.000098 -0.000627 -0.000405
     0.000094 -0.000596 -0.000408
     0.000016 -0.000544 -0.000286
    -0.000226 -0.000446  0.000101
    -0.000311 -0.000373  0.000244
    -0.000335 -0.000349  0.000279
    -0.000349 -0.000334  0.000303
    -0.000336 -0.000339  0.000284
    -0.000471 -0.000299  0.000507
    -0.000467 -0.000298  0.000500
    -0.000453 -0.000299  0.000478
    -0.000466 -0.000295  0.000498
    -0.000535 -0.000283  0.000606
    -0.000560 -0.000280  0.000645
    -0.000531 -0.000284  0.000599
    -0.000531 -0.000284  0.000599
    -0.000531 -0.000284  0.000599
    -0.000531 -0.000284  0.000599
    -0.000531 -0.000284  0.000599
    -0.000531 -0.000284  0.000599
    -0.000531 -0.000284  0.000599
    -0.000531 -0.000284  0.000599
    -0.000531 -0.000284  0.000599
    -0.000531 -0.000284  0.000599
    -0.000531 -0.000284  0.000599
    -0.000531 -0.000284  0.000599
    -0.000531 -0.000284  0.000599
    -0.000531 -0.000284  0.000599
    -0.000531 -0.000284  0.000599
    -0.000531 -0.000284  0.000599
    -0.000531 -0.000284  0.000599
    -0.000531 -0.000284  0.000599
    -0.000531 -0.000284  0.000599
    -0.000531 -0.000284  0.000599
    -0.000531 -0.000284  0.000599
    -0.000531 -0.000284  0.000599
    -0.000531 -0.000284  0.000599
    -0.000531 -0.000284  0.000599
    -0.000531 -0.000284  0.000599
    -0.000533 -0.000263  0.000594
    -0.000533 -0.000273  0.000597
    -0.000523 -0.000352  0.000614
    -0.000518 -0.000372  0.000615
    -0.000519 -0.000357  0.000610
    -0.000506 -0.000450  0.000620
    -0.000496 -0.000506  0.000620
    -0.000484 -0.000533  0.000599
    -0.000466 -0.000565  0.000573
    -0.000397 -0.000756  0.000499
    -0.000370 -0.000764  0.000448
    -0.000318 -0.000989  0.000438
    -0.000283 -0.001078  0.000414
    -0.000290 -0.000990  0.000402
    -0.000328 -0.000831  0.000415
    -0.000398 -0.000606  0.000457
    -0.000479 -0.000358  0.000505
    -0.000549 -0.000183  0.000563
    -0.000585 -0.000112  0.000605
    -0.000625 -0.000034  0.000654
    -0.000609 -0.000131  0.000651
    -0.000585 -0.000207  0.000634
    -0.000537 -0.000321  0.000590
    -0.000505 -0.000382  0.000551
    -0.000494 -0.000382  0.000526
    -0.000514 -0.000321  0.000532
    -0.000529 -0.000299  0.000534
    -0.000532 -0.000302  0.000532
    -0.000530 -0.000319  0.000528
    -0.000543 -0.000314  0.000554
    -0.000542 -0.000315  0.000562
    -0.000518 -0.000325  0.000540
    -0.000463 -0.000345  0.000460
    -0.000460 -0.000330  0.000458
    -0.000511 -0.000290  0.000535
    -0.000608 -0.000234  0.000681
    -0.000654 -0.000154  0.000662
    -0.000690 -0.000015  0.000520
    -0.000656 -0.000146  0.000616
    -0.000625 -0.000265  0.000703
    -0.000479 -0.000357  0.000505
    -0.000264 -0.000450  0.000178
    -0.000070 -0.000532 -0.000122
     0.000066 -0.000577 -0.000339
     0.000140 -0.000588 -0.000465
     0.000061 -0.000550 -0.000352
    -0.000133 -0.000490 -0.000045
    -0.000136 -0.000455 -0.000043
    -0.000293 -0.000365  0.000213
    -0.000319 -0.000341  0.000255
    -0.000338 -0.000323  0.000292
    -0.000385 -0.000310  0.000369
    -0.000466 -0.000295  0.000500
    -0.000452 -0.000296  0.000477
    -0.000470 -0.000291  0.000505
    -0.000541 -0.000283  0.000614
    -0.000550 -0.000282  0.000628
    -0.000531 -0.000284  0.000599
    -0.000531 -0.000284  0.000599
    -0.000531 -0.000284  0.000599
    -0.000531 -0.000284  0.000599
    -0.000531 -0.000284  0.000599
    -0.000531 -0.000284  0.000599
    -0.000531 -0.000284  0.000599
    -0.000531 -0.000284  0.000599
    -0.000531 -0.000284  0.000599
    -0.000531 -0.000284  0.000599
    -0.000531 -0.000284  0.000599
    -0.000531 -0.000284  0.000599
    -0.000531 -0.000284  0.000599
    -0.000531 -0.000284  0.000599
    -0.000531 -0.000284  0.000599
    -0.000531 -0.000284  0.000599
    -0.000531 -0.000284  0.000599
    -0.000531 -0.000284  0.000599
    -0.000531 -0.000284  0.000599
    -0.000531 -0.000284  0.000599
    -0.000531 -0.000284  0.000599
    -0.000531 -0.000284  0.000599
    -0.000531 -0.000284  0.000599
    -0.000531 -0.000286  0.000600
    -0.000533 -0.000262  0.000593
    -0.000526 -0.000337  0.000614
    -0.000520 -0.000372  0.000621
    -0.000523 -0.000349  0.000618
    -0.000513 -0.000439  0.000636
    -0.000490 -0.000544  0.000627
    -0.000473 -0.000584  0.000598
    -0.000424 -0.000735  0.000546
    -0.000390 -0.000805  0.000510
    -0.000365 -0.000799  0.000464
    -0.000336 -0.000975  0.000483
    -0.000316 -0.001037  0.000489
    -0.000345 -0.000888  0.000488
    -0.000410 -0.000649  0.000511
    -0.000484 -0.000421  0.000549
    -0.000563 -0.000171  0.000588
    -0.000615 -0.000034  0.000628
    -0.000649  0.000038  0.000678
    -0.000627 -0.000065  0.000674
    -0.000590 -0.000172  0.000658
    -0.000538 -0.000312  0.000631
    -0.000505 -0.000392  0.000607
    -0.000496 -0.000396  0.000593
    -0.000526 -0.000300  0.000607
    -0.000547 -0.000258  0.000614
    -0.000504 -0.000324  0.000524
    -0.000506 -0.000325  0.000521
    -0.000564 -0.000248  0.000624
    -0.000560 -0.000257  0.000623
    -0.000568 -0.000253  0.000634
    -0.000514 -0.000334  0.000537
    -0.000512 -0.000333  0.000540
    -0.000554 -0.000267  0.000629
    -0.000513 -0.000285  0.000579
    -0.000429 -0.000318  0.000453
    -0.000432 -0.000308  0.000457
    -0.000503 -0.000271  0.000558
    -0.000624 -0.000205  0.000711
    -0.000676 -0.000050  0.000570
    -0.000720  0.000096  0.000425
    -0.000693 -0.000027  0.000514
    -0.000630 -0.000237  0.000694
    -0.000419 -0.000346  0.000415
    -0.000220 -0.000428  0.000115
    -0.000011 -0.000502 -0.000206
     0.000117 -0.000536 -0.000410
     0.000057 -0.000521 -0.000333
    -0.000099 -0.000490 -0.000091
    -0.000092 -0.000460 -0.000110
    -0.000152 -0.000420 -0.000020
    -0.000274 -0.000354  0.000184
    -0.000303 -0.000328  0.000238
    -0.000392 -0.000298  0.000384
    -0.000471 -0.000289  0.000510
    -0.000451 -0.000292  0.000478
    -0.000483 -0.000287  0.000525
    -0.000551 -0.000282  0.000629
    -0.000529 -0.000284  0.000596
    -0.000531 -0.000284  0.000599
    -0.000531 -0.000284  0.000599
    -0.000531 -0.000284  0.000599
    -0.000531 -0.000284  0.000599
    -0.000531 -0.000284  0.000599
    -0.000531 -0.000284  0.000599
    -0.000531 -0.000284  0.000599
    -0.000531 -0.000284  0.000599
    -0.000531 -0.000284  0.000599
    -0.000531 -0.000284  0.000599
    -0.000531 -0.000284  0.000599
    -0.000531 -0.000284  0.000599
    -0.000531 -0.000284  0.000599
    -0.000531 -0.000284  0.000599
    -0.000531 -0.000284  0.000599
    -0.000531 -0.000284  0.000599
    -0.000531 -0.000284  0.000599
    -0.000531 -0.000284  0.000599
    -0.000531 -0.000284  0.000599
    -0.000531 -0.000284  0.000599
    -0.000531 -0.000284  0.000599
    -0.000531 -0.000284  0.000599
    -0.000534 -0.000246  0.000585
    -0.000529 -0.000310  0.000608
    -0.000522 -0.000370  0.000627
    -0.000530 -0.000325  0.000628
    -0.000511 -0.000461  0.000642
    -0.000484 -0.000586  0.000636
    -0.000468 -0.000623  0.000609
    -0.000423 -0.000780  0.000569
    -0.000393 -0.000840  0.000540
    -0.000380 -0.000793  0.000505
    -0.000359 -0.000932  0.000531
    -0.000353 -0.000965  0.000554
    -0.000399 -0.000773  0.000562
    -0.000478 -0.000490  0.000583
    -0.000563 -0.000240  0.000630
    -0.000634 -0.000018  0.000663
    -0.000678  0.000116  0.000699
    -0.000688  0.000138  0.000736
    -0.000662  0.000006  0.000736
    -0.000609 -0.000192  0.000709
    -0.000598 -0.000274  0.000703
    -0.000620 -0.000213  0.000670
    -0.000662 -0.000095  0.000658
    -0.000709  0.000030  0.000639
    -0.000715 -0.000032  0.000661
    -0.000710 -0.000070  0.000670
    -0.000697 -0.000107  0.000682
    -0.000670 -0.000173  0.000705
    -0.000650 -0.000202  0.000715
    -0.000639 -0.000181  0.000692
    -0.000622 -0.000170  0.000657
    -0.000637 -0.000144  0.000663
    -0.000680 -0.000109  0.000709
    -0.000703 -0.000090  0.000734
    -0.000711 -0.000042  0.000695
    -0.000710  0.000034  0.000628
    -0.000648 -0.000112  0.000724
    -0.000556 -0.000161  0.000601
    -0.000525 -0.000196  0.000570
    -0.000607 -0.000189  0.000704
    -0.000689  0.000078  0.000496
    -0.000754  0.000265  0.000292
    -0.000755  0.000214  0.000323
    -0.000698  0.000010  0.000502
    -0.000572 -0.000250  0.000649
    -0.000352 -0.000344  0.000321
    -0.000102 -0.000430 -0.000054
     0.000064 -0.000481 -0.000315
     0.000028 -0.000484 -0.000275
    -0.000097 -0.000465 -0.000085
    -0.000058 -0.000451 -0.000158
    -0.000110 -0.000417 -0.000082
    -0.000239 -0.000357  0.000132
    -0.000266 -0.000333  0.000181
    -0.000372 -0.000300  0.000353
    -0.000490 -0.000278  0.000543
    -0.000452 -0.000288  0.000480
    -0.000507 -0.000284  0.000563
    -0.000566 -0.000283  0.000652
    -0.000531 -0.000284  0.000599
    -0.000531 -0.000284  0.000599
    -0.000531 -0.000284  0.000599
    -0.000531 -0.000284  0.000599
    -0.000531 -0.000284  0.000599
    -0.000531 -0.000284  0.000599
    -0.000531 -0.000284  0.000599
    -0.000531 -0.000284  0.000599
    -0.000531 -0.000284  0.000599
    -0.000531 -0.000284  0.000599
    -0.000531 -0.000284  0.000599
    -0.000531 -0.000284  0.000599
    -0.000531 -0.000284  0.000599
    -0.000531 -0.000284  0.000599
    -0.000531 -0.000284  0.000599
    -0.000531 -0.000284  0.000599
    -0.000531 -0.000284  0.000599
    -0.000531 -0.000284  0.000599
    -0.000531 -0.000284  0.000599
    -0.000531 -0.000284  0.000599
    -0.000531 -0.000284  0.000599
    -0.000533 -0.000254  0.000586
    -0.000531 -0.000283  0.000599
    -0.000526 -0.000359  0.000631
    -0.000529 -0.000338  0.000633
    -0.000521 -0.000360  0.000620
    -0.000482 -0.000618  0.000650
    -0.000450 -0.000752  0.000626
    -0.000428 -0.000809  0.000600
    -0.000406 -0.000844  0.000582
    -0.000393 -0.000817  0.000556
    -0.000383 -0.000878  0.000572
    -0.000395 -0.000868  0.000613
    -0.000465 -0.000618  0.000641
    -0.000552 -0.000313  0.000656
    -0.000615 -0.000118  0.000680
    -0.000671  0.000084  0.000697
    -0.000699  0.000196  0.000721
    -0.000649  0.000009  0.000692
    -0.000659 -0.000044  0.000725
    -0.000676 -0.000060  0.000712
    -0.000673 -0.000087  0.000658
    -0.000692 -0.000057  0.000628
    -0.000733 -0.000006  0.000655
    -0.000786  0.000109  0.000635
    -0.000829  0.000210  0.000585
    -0.000847  0.000275  0.000524
    -0.000837  0.000291  0.000475
    -0.000822  0.000115  0.000401
    -0.000801 -0.000139  0.000345
    -0.000785 -0.000305  0.000314
    -0.000787 -0.000309  0.000328
    -0.000787 -0.000269  0.000354
    -0.000803 -0.000072  0.000421
    -0.000826  0.000212  0.000511
    -0.000826  0.000261  0.000575
    -0.000845  0.000271  0.000539
    -0.000834  0.000225  0.000537
    -0.000792  0.000125  0.000583
    -0.000730 -0.000013  0.000679
    -0.000672 -0.000081  0.000721
    -0.000660 -0.000106  0.000727
    -0.000685 -0.000036  0.000634
    -0.000688  0.000001  0.000559
    -0.000706  0.000062  0.000469
    -0.000765  0.000177  0.000191
    -0.000742  0.000168  0.000368
    -0.000650 -0.000120  0.000643
    -0.000501 -0.000254  0.000550
    -0.000229 -0.000344  0.000148
    -0.000012 -0.000423 -0.000184
    -0.000011 -0.000448 -0.000201
    -0.000068 -0.000441 -0.000119
    -0.000048 -0.000428 -0.000165
    -0.000080 -0.000406 -0.000123
    -0.000127 -0.000376 -0.000048
    -0.000236 -0.000333  0.000138
    -0.000461 -0.000291  0.000496
    -0.000478 -0.000278  0.000526
    -0.000460 -0.000284  0.000495
    -0.000532 -0.000284  0.000600
    -0.000559 -0.000284  0.000640
    -0.000531 -0.000284  0.000599
    -0.000531 -0.000284  0.000599
    -0.000531 -0.000284  0.000599
    -0.000531 -0.000284  0.000599
    -0.000531 -0.000284  0.000599
    -0.000531 -0.000284  0.000599
    -0.000531 -0.000284  0.000599
    -0.000531 -0.000284  0.000599
    -0.000531 -0.000284  0.000599
    -0.000531 -0.000284  0.000599
    -0.000531 -0.000284  0.000599
    -0.000531 -0.000284  0.000599
    -0.000531 -0.000284  0.000599
    -0.000531 -0.000284  0.000599
    -0.000531 -0.000284  0.000599
    -0.000531 -0.000284  0.000599
    -0.000531 -0.000284  0.000599
    -0.000531 -0.000284  0.000599
    -0.000531 -0.000284  0.000599
    -0.000531 -0.000295  0.000605
    -0.000532 -0.000261  0.000588
    -0.000531 -0.000322  0.000626
    -0.000528 -0.000352  0.000637
    -0.000517 -0.000383  0.000623
    -0.000488 -0.000609  0.000666
    -0.000457 -0.000768  0.000658
    -0.000437 -0.000826  0.000638
    -0.000415 -0.000862  0.000621
    -0.000407 -0.000814  0.000599
    -0.000411 -0.000793  0.000605
    -0.000443 -0.000724  0.000659
    -0.000511 -0.000499  0.000688
    -0.000583 -0.000237  0.000684
    -0.000636 -0.000047  0.000688
    -0.000664  0.000092  0.000686
    -0.000635  0.000071  0.000633
    -0.000633  0.000005  0.000639
    -0.000660 -0.000019  0.000666
    -0.000671 -0.000093  0.000691
    -0.000670 -0.000172  0.000713
    -0.000644 -0.000293  0.000668
    -0.000720 -0.000112  0.000679
    -0.000800  0.000035  0.000714
    -0.000843  0.000097  0.000730
    -0.000845  0.000158  0.000657
    -0.000840  0.000209  0.000592
    -0.000867  0.000233  0.000525
    -0.000836 -0.000250  0.000398
    -0.000817 -0.000514  0.000298
    -0.000795 -0.000836  0.000206
    -0.000795 -0.000852  0.000183
    -0.000794 -0.000881  0.000156
    -0.000815 -0.000570  0.000235
    -0.000832 -0.000372  0.000260
    -0.000863  0.000119  0.000396
    -0.000847  0.000225  0.000539
    -0.000860  0.000197  0.000529
    -0.000868  0.000160  0.000518
    -0.000836  0.000075  0.000556
    -0.000744 -0.000138  0.000725
    -0.000568 -0.000205  0.000511
    -0.000657 -0.000157  0.000687
    -0.000701 -0.000091  0.000650
    -0.000720  0.000004  0.000526
    -0.000713  0.000031  0.000467
    -0.000734  0.000122  0.000365
    -0.000742  0.000175  0.000350
    -0.000682 -0.000018  0.000548
    -0.000566 -0.000218  0.000649
    -0.000327 -0.000287  0.000306
    -0.000131 -0.000362  0.000008
    -0.000080 -0.000409 -0.000085
    -0.000064 -0.000416 -0.000116
    -0.000025 -0.000410 -0.000191
    -0.000059 -0.000388 -0.000148
    -0.000107 -0.000362 -0.000071
    -0.000241 -0.000322  0.000151
    -0.000440 -0.000294  0.000463
    -0.000464 -0.000279  0.000505
    -0.000493 -0.000278  0.000547
    -0.000553 -0.000284  0.000631
    -0.000521 -0.000283  0.000584
    -0.000531 -0.000284  0.000599
    -0.000531 -0.000284  0.000599
    -0.000531 -0.000284  0.000599
    -0.000531 -0.000284  0.000599
    -0.000531 -0.000284  0.000599
    -0.000531 -0.000284  0.000599
    -0.000531 -0.000284  0.000599
    -0.000531 -0.000284  0.000599
    -0.000531 -0.000284  0.000599
    -0.000531 -0.000284  0.000599
    -0.000531 -0.000284  0.000599
    -0.000531 -0.000284  0.000599
    -0.000531 -0.000284  0.000599
    -0.000531 -0.000284  0.000599
    -0.000531 -0.000284  0.000599
    -0.000531 -0.000284  0.000599
    -0.000531 -0.000284  0.000599
    -0.000531 -0.000284  0.000599
    -0.000532 -0.000248  0.000579
    -0.000535 -0.000267  0.000604
    -0.000528 -0.000356  0.000641
    -0.000515 -0.000414  0.000635
    -0.000496 -0.000590  0.000681
    -0.000452 -0.000762  0.000624
    -0.000444 -0.000815  0.000641
    -0.000429 -0.000856  0.000653
    -0.000425 -0.000797  0.000637
    -0.000445 -0.000726  0.000657
    -0.000472 -0.000620  0.000678
    -0.000526 -0.000444  0.000698
    -0.000584 -0.000226  0.000684
    -0.000638 -0.000015  0.000676
    -0.000612 -0.000064  0.000633
    -0.000582 -0.000033  0.000564
    -0.000603 -0.000016  0.000555
    -0.000634 -0.000028  0.000575
    -0.000640 -0.000121  0.000608
    -0.000600 -0.000348  0.000600
    -0.000618 -0.000330  0.000589
    -0.000666 -0.000177  0.000564
    -0.000737 -0.000004  0.000579
    -0.000784  0.000068  0.000639
    -0.000766  0.000011  0.000691
    -0.000786  0.000063  0.000746
    -0.000799  0.000117  0.000719
    -0.000811  0.000148  0.000695
    -0.000845  0.000233  0.000665
    -0.000878  0.000320  0.000600
    -0.000881  0.000247  0.000535
    -0.000888  0.000278  0.000488
    -0.000876  0.000119  0.000390
    -0.000880  0.000193  0.000376
    -0.000875  0.000309  0.000410
    -0.000838  0.000217  0.000465
    -0.000828  0.000192  0.000469
    -0.000817  0.000137  0.000496
    -0.000810  0.000036  0.000567
    -0.000862  0.000084  0.000497
    -0.000828 -0.000043  0.000578
    -0.000706 -0.000223  0.000647
    -0.000554 -0.000256  0.000456
    -0.000526 -0.000262  0.000446
    -0.000702 -0.000172  0.000678
    -0.000733 -0.000054  0.000527
    -0.000718 -0.000041  0.000485
    -0.000691 -0.000054  0.000491
    -0.000681 -0.000067  0.000559
    -0.000697  0.000021  0.000500
    -0.000575 -0.000216  0.000665
    -0.000370 -0.000264  0.000376
    -0.000218 -0.000326  0.000149
    -0.000130 -0.000362  0.000003
    -0.000074 -0.000390 -0.000094
    -0.000022 -0.000387 -0.000188
    -0.000049 -0.000366 -0.000155
    -0.000076 -0.000344 -0.000107
    -0.000254 -0.000310  0.000177
    -0.000412 -0.000295  0.000421
    -0.000461 -0.000278  0.000500
    -0.000544 -0.000277  0.000623
    -0.000565 -0.000286  0.000649
    -0.000531 -0.000284  0.000599
    -0.000531 -0.000284  0.000599
    -0.000531 -0.000284  0.000599
    -0.000531 -0.000284  0.000599
    -0.000531 -0.000284  0.000599
    -0.000531 -0.000284  0.000599
    -0.000531 -0.000284  0.000599
    -0.000531 -0.000284  0.000599
    -0.000531 -0.000284  0.000599
    -0.000531 -0.000284  0.000599
    -0.000531 -0.000284  0.000599
    -0.000531 -0.000284  0.000599
    -0.000531 -0.000284  0.000599
    -0.000531 -0.000284  0.000599
    -0.000531 -0.000284  0.000599
    -0.000531 -0.000284  0.000599
    -0.000531 -0.000284  0.000599
    -0.000531 -0.000294  0.000606
    -0.000536 -0.000234  0.000583
    -0.000530 -0.000341  0.000636
    -0.000516 -0.000435  0.000651
    -0.000504 -0.000555  0.000686
    -0.000452 -0.000728  0.000586
    -0.000439 -0.000796  0.000593
    -0.000434 -0.000817  0.000620
    -0.000448 -0.000752  0.000665
    -0.000468 -0.000593  0.000647
    -0.000487 -0.000547  0.000679
    -0.000522 -0.000430  0.000692
    -0.000588 -0.000207  0.000688
    -0.000593 -0.000160  0.000629
    -0.000580 -0.000149  0.000601
    -0.000543 -0.000137  0.000532
    -0.000553 -0.000091  0.000471
    -0.000594 -0.000068  0.000490
    -0.000610 -0.000151  0.000540
    -0.000593 -0.000357  0.000558
    -0.000615 -0.000342  0.000576
    -0.000684 -0.000116  0.000572
    -0.000758  0.000078  0.000591
    -0.000761  0.000114  0.000632
    -0.000723  0.000055  0.000698
    -0.000684  0.000027  0.000714
    -0.000652 -0.000008  0.000710
    -0.000639 -0.000018  0.000701
    -0.000648  0.000013  0.000694
    -0.000713  0.000082  0.000741
    -0.000754  0.000133  0.000699
    -0.000798  0.000216  0.000628
    -0.000809  0.000224  0.000549
    -0.000819  0.000270  0.000447
    -0.000784  0.000212  0.000436
    -0.000759  0.000181  0.000401
    -0.000705  0.000070  0.000461
    -0.000687  0.000031  0.000502
    -0.000697  0.000047  0.000496
    -0.000733  0.000092  0.000468
    -0.000780  0.000114  0.000459
    -0.000855  0.000153  0.000404
    -0.000861  0.000077  0.000465
    -0.000756 -0.000196  0.000712
    -0.000548 -0.000265  0.000437
    -0.000530 -0.000284  0.000427
    -0.000696 -0.000247  0.000707
    -0.000723 -0.000150  0.000566
    -0.000690 -0.000185  0.000570
    -0.000644 -0.000214  0.000627
    -0.000645 -0.000202  0.000672
    -0.000642 -0.000205  0.000697
    -0.000590 -0.000210  0.000693
    -0.000384 -0.000270  0.000404
    -0.000281 -0.000308  0.000250
    -0.000246 -0.000337  0.000186
    -0.000106 -0.000358 -0.000041
    -0.000027 -0.000364 -0.000175
    -0.000026 -0.000347 -0.000181
    -0.000072 -0.000323 -0.000102
    -0.000283 -0.000299  0.000225
    -0.000391 -0.000291  0.000393
    -0.000475 -0.000277  0.000520
    -0.000577 -0.000281  0.000669
    -0.000521 -0.000282  0.000585
    -0.000531 -0.000284  0.000599
    -0.000531 -0.000284  0.000599
    -0.000531 -0.000284  0.000599
    -0.000531 -0.000284  0.000599
    -0.000531 -0.000284  0.000599
    -0.000531 -0.000284  0.000599
    -0.000531 -0.000284  0.000599
    -0.000531 -0.000284  0.000599
    -0.000531 -0.000284  0.000599
    -0.000531 -0.000284  0.000599
    -0.000531 -0.000284  0.000599
    -0.000531 -0.000284  0.000599
    -0.000531 -0.000284  0.000599
    -0.000531 -0.000284  0.000599
    -0.000531 -0.000284  0.000599
    -0.000531 -0.000284  0.000599
    -0.000534 -0.000227  0.000573
    -0.000533 -0.000283  0.000604
    -0.000519 -0.000432  0.000659
    -0.000512 -0.000446  0.000652
    -0.000462 -0.000671  0.000580
    -0.000433 -0.000772  0.000540
    -0.000433 -0.000786  0.000576
    -0.000448 -0.000722  0.000619
    -0.000475 -0.000606  0.000677
    -0.000489 -0.000543  0.000682
    -0.000523 -0.000387  0.000675
    -0.000568 -0.000245  0.000677
    -0.000585 -0.000205  0.000632
    -0.000551 -0.000242  0.000579
    -0.000489 -0.000323  0.000526
    -0.000532 -0.000139  0.000449
    -0.000593 -0.000033  0.000456
    -0.000615 -0.000191  0.000526
    -0.000676 -0.000193  0.000609
    -0.000717 -0.000179  0.000689
    -0.000818  0.000106  0.000725
    -0.000866  0.000280  0.000747
    -0.000834  0.000167  0.000733
    -0.000741  0.000114  0.000642
    -0.000650  0.000181  0.000630
    -0.000531 -0.000154  0.000733
    -0.000429 -0.000234  0.000634
    -0.000398 -0.000197  0.000558
    -0.000385 -0.000177  0.000507
    -0.000422 -0.000126  0.000520
    -0.000466 -0.000110  0.000582
    -0.000449 -0.000220  0.000568
    -0.000507 -0.000258  0.000677
    -0.000527 -0.000291  0.000675
    -0.000563 -0.000128  0.000513
    -0.000546 -0.000175  0.000506
    -0.000507 -0.000246  0.000557
    -0.000492 -0.000251  0.000595
    -0.000478 -0.000269  0.000673
    -0.000546 -0.000121  0.000622
    -0.000680  0.000257  0.000375
    -0.000725 -0.000353  0.000113
    -0.000813 -0.000471  0.000010
    -0.000898  0.000056  0.000175
    -0.000864  0.000180  0.000456
    -0.000690 -0.000148  0.000632
    -0.000683 -0.000201  0.000624
    -0.000678 -0.000263  0.000657
    -0.000746 -0.000119  0.000513
    -0.000669 -0.000262  0.000630
    -0.000503 -0.000340  0.000555
    -0.000582 -0.000277  0.000642
    -0.000610 -0.000234  0.000685
    -0.000554 -0.000228  0.000647
    -0.000422 -0.000270  0.000466
    -0.000274 -0.000298  0.000246
    -0.000230 -0.000323  0.000168
    -0.000094 -0.000335 -0.000052
    -0.000017 -0.000341 -0.000182
    -0.000002 -0.000325 -0.000205
    -0.000110 -0.000304 -0.000036
    -0.000381 -0.000293  0.000378
    -0.000392 -0.000285  0.000396
    -0.000531 -0.000281  0.000600
    -0.000584 -0.000285  0.000677
    -0.000531 -0.000284  0.000599
    -0.000531 -0.000284  0.000599
    -0.000531 -0.000284  0.000599
    -0.000531 -0.000284  0.000599
    -0.000531 -0.000284  0.000599
    -0.000531 -0.000284  0.000599
    -0.000531 -0.000284  0.000599
    -0.000531 -0.000284  0.000599
    -0.000531 -0.000284  0.000599
    -0.000531 -0.000284  0.000599
    -0.000531 -0.000284  0.000599
    -0.000531 -0.000284  0.000599
    -0.000531 -0.000284  0.000599
    -0.000531 -0.000284  0.000599
    -0.000531 -0.000284  0.000599
    -0.000532 -0.000274  0.000596
    -0.000533 -0.000239  0.000576
    -0.000523 -0.000398  0.000650
    -0.000516 -0.000457  0.000671
    -0.000477 -0.000612  0.000595
    -0.000429 -0.000737  0.000486
    -0.000430 -0.000757  0.000524
    -0.000452 -0.000693  0.000591
    -0.000481 -0.000595  0.000672
    -0.000494 -0.000439  0.000641
    -0.000515 -0.000388  0.000665
    -0.000538 -0.000340  0.000652
    -0.000562 -0.000293  0.000636
    -0.000533 -0.000325  0.000579
    -0.000482 -0.000392  0.000551
    -0.000526 -0.000191  0.000474
    -0.000631  0.000096  0.000447
    -0.000696  0.000024  0.000545
    -0.000776  0.000034  0.000662
    -0.000813  0.000054  0.000706
    -0.000851  0.000232  0.000723
    -0.000847  0.000086  0.000744
    -0.000777  0.000262  0.000725
    -0.000642  0.000073  0.000745
    -0.000407 -0.000332  0.000697
    -0.000188 -0.000617  0.000565
    -0.000058 -0.000680  0.000426
     0.000055 -0.000765  0.000243
     0.000084 -0.000723  0.000148
     0.000102 -0.000688  0.000075
     0.000186 -0.000800  0.000009
     0.000288 -0.000929 -0.000073
     0.000405 -0.001104 -0.000168
     0.000428 -0.001172 -0.000182
     0.000369 -0.001146 -0.000093
     0.000202 -0.001028  0.000104
     0.000075 -0.000929  0.000240
    -0.000035 -0.000847  0.000360
     0.000006 -0.000813  0.000309
     0.000054 -0.000766  0.000245
    -0.000011 -0.000626  0.000329
    -0.000087 -0.000500  0.000354
    -0.000383 -0.000304  0.000647
    -0.000693  0.000187  0.000355
    -0.000819 -0.000010  0.000124
    -0.000823 -0.000627 -0.000064
    -0.000895  0.000344  0.000337
    -0.000827  0.000090  0.000588
    -0.000836  0.000050  0.000542
    -0.000812 -0.000011  0.000501
    -0.000815  0.000054  0.000341
    -0.000640 -0.000321  0.000705
    -0.000439 -0.000342  0.000460
    -0.000509 -0.000298  0.000530
    -0.000530 -0.000256  0.000569
    -0.000475 -0.000266  0.000519
    -0.000420 -0.000278  0.000467
    -0.000379 -0.000305  0.000401
    -0.000229 -0.000310  0.000166
    -0.000096 -0.000317 -0.000047
     0.000002 -0.000318 -0.000200
     0.000015 -0.000300 -0.000214
    -0.000165 -0.000289  0.000054
    -0.000367 -0.000285  0.000363
    -0.000424 -0.000282  0.000443
    -0.000574 -0.000286  0.000661
    -0.000540 -0.000283  0.000613
    -0.000531 -0.000284  0.000599
    -0.000531 -0.000284  0.000599
    -0.000531 -0.000284  0.000599
    -0.000531 -0.000284  0.000599
    -0.000531 -0.000284  0.000599
    -0.000531 -0.000284  0.000599
    -0.000531 -0.000284  0.000599
    -0.000531 -0.000284  0.000599
    -0.000531 -0.000284  0.000599
    -0.000531 -0.000284  0.000599
    -0.000531 -0.000284  0.000599
    -0.000531 -0.000284  0.000599
    -0.000531 -0.000284  0.000599
    -0.000531 -0.000296  0.000603
    -0.000534 -0.000245  0.000583
    -0.000527 -0.000319  0.000607
    -0.000520 -0.000449  0.000677
    -0.000518 -0.000437  0.000670
    -0.000442 -0.000672  0.000486
    -0.000421 -0.000733  0.000456
    -0.000448 -0.000676  0.000544
    -0.000471 -0.000602  0.000623
    -0.000492 -0.000499  0.000675
    -0.000504 -0.000459  0.000694
    -0.000526 -0.000351  0.000642
    -0.000538 -0.000372  0.000640
    -0.000532 -0.000378  0.000604
    -0.000502 -0.000393  0.000578
    -0.000537 -0.000156  0.000516
    -0.000658  0.000188  0.000452
    -0.000737  0.000185  0.000526
    -0.000818  0.000190  0.000642
    -0.000843  0.000152  0.000737
    -0.000760  0.000028  0.000694
    -0.000698  0.000077  0.000624
    -0.000567 -0.000007  0.000531
    -0.000334 -0.000327  0.000473
     0.000016 -0.000921  0.000417
     0.000265 -0.001233  0.000288
     0.000433 -0.001364  0.000068
     0.000472 -0.001282 -0.000096
     0.000461 -0.001188 -0.000193
     0.000440 -0.001100 -0.000236
     0.000532 -0.001232 -0.000268
     0.000683 -0.001437 -0.000313
     0.001255 -0.001379 -0.000212
     0.001996 -0.001071 -0.000151
     0.002225 -0.000865 -0.000225
     0.002033 -0.000830 -0.000337
     0.001295 -0.001122 -0.000411
     0.000719 -0.001377 -0.000413
     0.000505 -0.001263 -0.000212
     0.000363 -0.001189 -0.000075
     0.000457 -0.001193 -0.000184
     0.000568 -0.001171 -0.000295
     0.000664 -0.001096 -0.000413
     0.000545 -0.000909 -0.000294
     0.000209 -0.000698  0.000016
    -0.000424 -0.000432  0.000660
    -0.000698 -0.000032  0.000440
    -0.000795  0.000110  0.000411
    -0.000807  0.000064  0.000535
    -0.000893  0.000247  0.000403
    -0.000919  0.000254  0.000332
    -0.000897  0.000201  0.000282
    -0.000859  0.000184  0.000216
    -0.000642 -0.000249  0.000654
    -0.000440 -0.000321  0.000451
    -0.000461 -0.000295  0.000455
    -0.000455 -0.000276  0.000468
    -0.000463 -0.000277  0.000511
    -0.000350 -0.000281  0.000375
    -0.000320 -0.000301  0.000318
    -0.000186 -0.000298  0.000105
    -0.000074 -0.000298 -0.000075
     0.000038 -0.000292 -0.000239
    -0.000033 -0.000279 -0.000133
    -0.000384 -0.000282  0.000391
    -0.000374 -0.000280  0.000374
    -0.000500 -0.000288  0.000550
    -0.000567 -0.000284  0.000652
    -0.000520 -0.000284  0.000582
    -0.000531 -0.000284  0.000599
    -0.000531 -0.000284  0.000599
    -0.000531 -0.000284  0.000599
    -0.000531 -0.000284  0.000599
    -0.000531 -0.000284  0.000599
    -0.000531 -0.000284  0.000599
    -0.000531 -0.000284  0.000599
    -0.000531 -0.000284  0.000599
    -0.000531 -0.000284  0.000599
    -0.000531 -0.000284  0.000599
    -0.000531 -0.000284  0.000599
    -0.000531 -0.000284  0.000599
    -0.000534 -0.000244  0.000584
    -0.000529 -0.000265  0.000576
    -0.000523 -0.000390  0.000643
    -0.000521 -0.000447  0.000686
    -0.000464 -0.000598  0.000524
    -0.000419 -0.000692  0.000408
    -0.000439 -0.000662  0.000480
    -0.000468 -0.000599  0.000585
    -0.000495 -0.000527  0.000693
    -0.000501 -0.000356  0.000618
    -0.000517 -0.000398  0.000661
    -0.000524 -0.000368  0.000621
    -0.000531 -0.000415  0.000631
    -0.000532 -0.000368  0.000607
    -0.000541 -0.000235  0.000586
    -0.000646  0.000147  0.000480
    -0.000734  0.000278  0.000462
    -0.000792  0.000269  0.000537
    -0.000747  0.000023  0.000579
    -0.000681 -0.000102  0.000610
    -0.000576 -0.000171  0.000554
    -0.000439 -0.000241  0.000460
    -0.000202 -0.000531  0.000405
     0.000188 -0.001256  0.000375
     0.000478 -0.001673  0.000301
     0.000626 -0.001720  0.000201
     0.000531 -0.001476 -0.000036
     0.000552 -0.001372 -0.000191
     0.000609 -0.001344 -0.000316
     0.001123 -0.001314 -0.000273
     0.001841 -0.001145 -0.000119
     0.002268 -0.001147 -0.000002
     0.002535 -0.000875  0.000013
     0.002954 -0.000810 -0.000009
     0.004207  0.000234 -0.000047
     0.004338  0.000725 -0.000219
     0.004094  0.000868 -0.000349
     0.002872 -0.000037 -0.000394
     0.001898 -0.000777 -0.000405
     0.001147 -0.001164 -0.000390
     0.000618 -0.001334 -0.000334
     0.000648 -0.001260 -0.000392
     0.000769 -0.001200 -0.000531
     0.000943 -0.001155 -0.000742
     0.000968 -0.001057 -0.000788
     0.000546 -0.000841 -0.000370
    -0.000217 -0.000549  0.000437
    -0.000557 -0.000378  0.000705
    -0.000656 -0.000259  0.000707
    -0.000741 -0.000153  0.000682
    -0.000842 -0.000006  0.000543
    -0.000961  0.000316  0.000195
    -0.000944  0.000301  0.000137
    -0.000827  0.000143  0.000269
    -0.000578 -0.000278  0.000663
    -0.000467 -0.000292  0.000472
    -0.000423 -0.000289  0.000405
    -0.000456 -0.000290  0.000480
    -0.000416 -0.000281  0.000451
    -0.000452 -0.000300  0.000516
    -0.000295 -0.000295  0.000276
    -0.000161 -0.000286  0.000067
    -0.000033 -0.000276 -0.000123
     0.000046 -0.000267 -0.000235
    -0.000119 -0.000266  0.000001
    -0.000372 -0.000275  0.000377
    -0.000432 -0.000284  0.000453
    -0.000552 -0.000292  0.000624
    -0.000567 -0.000283  0.000654
    -0.000531 -0.000284  0.000599
    -0.000531 -0.000284  0.000599
    -0.000531 -0.000284  0.000599
    -0.000531 -0.000284  0.000599
    -0.000531 -0.000284  0.000599
    -0.000531 -0.000284  0.000599
    -0.000531 -0.000284  0.000599
    -0.000531 -0.000284  0.000599
    -0.000531 -0.000284  0.000599
    -0.000531 -0.000284  0.000599
    -0.000531 -0.000284  0.000599
    -0.000532 -0.000264  0.000591
    -0.000532 -0.000277  0.000597
    -0.000524 -0.000332  0.000604
    -0.000523 -0.000426  0.000677
    -0.000500 -0.000512  0.000630
    -0.000436 -0.000630  0.000427
    -0.000422 -0.000645  0.000392
    -0.000455 -0.000602  0.000514
    -0.000475 -0.000557  0.000614
    -0.000494 -0.000465  0.000674
    -0.000508 -0.000444  0.000678
    -0.000514 -0.000388  0.000630
    -0.000528 -0.000413  0.000635
    -0.000554 -0.000358  0.000636
    -0.000558 -0.000248  0.000611
    -0.000618  0.000019  0.000538
    -0.000697  0.000258  0.000420
    -0.000718  0.000201  0.000396
    -0.000714  0.000040  0.000479
    -0.000683 -0.000112  0.000559
    -0.000560 -0.000273  0.000566
    -0.000427 -0.000355  0.000512
    -0.000195 -0.000586  0.000452
     0.000121 -0.001192  0.000485
     0.000346 -0.001629  0.000535
     0.000373 -0.001576  0.000439
     0.000378 -0.001436  0.000310
     0.000371 -0.001241  0.000186
     0.000421 -0.001191  0.000069
     0.000521 -0.001271  0.000010
     0.000629 -0.001385  0.000006
     0.000815 -0.001595 -0.000021
     0.001169 -0.001889  0.000065
     0.001572 -0.002162  0.000087
     0.001468 -0.001939 -0.000125
     0.001442 -0.001843 -0.000238
     0.001464 -0.001787 -0.000340
     0.001626 -0.001565 -0.000510
     0.001266 -0.001467 -0.000582
     0.001037 -0.001338 -0.000483
     0.000777 -0.001213 -0.000303
     0.000629 -0.001146 -0.000215
     0.000530 -0.001065 -0.000158
     0.000579 -0.001000 -0.000246
     0.000772 -0.000980 -0.000510
     0.000919 -0.000943 -0.000698
     0.000977 -0.000898 -0.000777
     0.000498 -0.000755 -0.000299
    -0.000155 -0.000540  0.000369
    -0.000446 -0.000377  0.000553
    -0.000569 -0.000283  0.000585
    -0.000762 -0.000197  0.000706
    -0.000861 -0.000031  0.000500
    -0.000938  0.000155  0.000255
    -0.000924  0.000257  0.000143
    -0.000746 -0.000003  0.000442
    -0.000570 -0.000261  0.000636
    -0.000477 -0.000269  0.000476
    -0.000421 -0.000289  0.000413
    -0.000432 -0.000294  0.000460
    -0.000370 -0.000284  0.000390
    -0.000347 -0.000295  0.000370
    -0.000211 -0.000284  0.000157
    -0.000104 -0.000267 -0.000009
     0.000025 -0.000248 -0.000190
    -0.000016 -0.000251 -0.000138
    -0.000265 -0.000268  0.000220
    -0.000393 -0.000275  0.000405
    -0.000489 -0.000292  0.000531
    -0.000537 -0.000284  0.000608
    -0.000550 -0.000284  0.000627
    -0.000531 -0.000284  0.000599
    -0.000531 -0.000284  0.000599
    -0.000531 -0.000284  0.000599
    -0.000531 -0.000284  0.000599
    -0.000531 -0.000284  0.000599
    -0.000531 -0.000284  0.000599
    -0.000531 -0.000284  0.000599
    -0.000531 -0.000284  0.000599
    -0.000531 -0.000284  0.000599
    -0.000531 -0.000284  0.000599
    -0.000533 -0.000255  0.000585
    -0.000529 -0.000340  0.000628
    -0.000524 -0.000359  0.000625
    -0.000526 -0.000426  0.000692
    -0.000456 -0.000564  0.000466
    -0.000425 -0.000609  0.000365
    -0.000433 -0.000601  0.000414
    -0.000461 -0.000572  0.000548
    -0.000495 -0.000505  0.000688
    -0.000501 -0.000385  0.000620
    -0.000512 -0.000422  0.000664
    -0.000522 -0.000390  0.000631
    -0.000561 -0.000345  0.000645
    -0.000578 -0.000254  0.000628
    -0.000586 -0.000038  0.000552
    -0.000639  0.000093  0.000467
    -0.000669  0.000161  0.000337
    -0.000711  0.000098  0.000411
    -0.000684 -0.000115  0.000528
    -0.000599 -0.000255  0.000572
    -0.000476 -0.000366  0.000602
    -0.000297 -0.000573  0.000587
    -0.000063 -0.000917  0.000652
     0.000190 -0.001317  0.000508
     0.000233 -0.001369  0.000482
     0.000229 -0.001400  0.000621
     0.000237 -0.001215  0.000475
     0.000272 -0.001103  0.000364
     0.000336 -0.001043  0.000310
     0.000452 -0.001121  0.000348
     0.000628 -0.001298  0.000380
     0.000850 -0.001545  0.000366
     0.000876 -0.001487  0.000322
     0.000680 -0.001230  0.000319
     0.000571 -0.001148  0.000224
     0.000579 -0.001099  0.000124
     0.000647 -0.001060  0.000067
     0.000808 -0.001080  0.000050
     0.001120 -0.001204 -0.000186
     0.001163 -0.001182 -0.000284
     0.000849 -0.001041 -0.000081
     0.000599 -0.000950  0.000042
     0.000456 -0.000903  0.000059
     0.000481 -0.000861 -0.000070
     0.000583 -0.000815 -0.000244
     0.000768 -0.000776 -0.000499
     0.000846 -0.000720 -0.000618
     0.000767 -0.000699 -0.000546
     0.000243 -0.000562  0.000016
    -0.000179 -0.000435  0.000340
    -0.000435 -0.000319  0.000519
    -0.000604 -0.000261  0.000583
    -0.000776 -0.000219  0.000715
    -0.000900  0.000016  0.000411
    -0.000910  0.000076  0.000283
    -0.000813  0.000059  0.000351
    -0.000698 -0.000069  0.000504
    -0.000571 -0.000246  0.000614
    -0.000487 -0.000260  0.000492
    -0.000436 -0.000289  0.000451
    -0.000394 -0.000285  0.000418
    -0.000431 -0.000303  0.000473
    -0.000305 -0.000288  0.000302
    -0.000149 -0.000269  0.000068
    -0.000023 -0.000241 -0.000110
     0.000019 -0.000230 -0.000172
    -0.000096 -0.000241 -0.000014
    -0.000389 -0.000268  0.000407
    -0.000461 -0.000287  0.000496
    -0.000478 -0.000280  0.000522
    -0.000559 -0.000285  0.000639
    -0.000531 -0.000284  0.000599
    -0.000531 -0.000284  0.000599
    -0.000531 -0.000284  0.000599
    -0.000531 -0.000284  0.000599
    -0.000531 -0.000284  0.000599
    -0.000531 -0.000284  0.000599
    -0.000531 -0.000284  0.000599
    -0.000531 -0.000284  0.000599
    -0.000531 -0.000284  0.000599
    -0.000532 -0.000252  0.000582
    -0.000531 -0.000288  0.000602
    -0.000526 -0.000352  0.000626
    -0.000525 -0.000363  0.000637
    -0.000494 -0.000494  0.000590
    -0.000438 -0.000568  0.000393
    -0.000423 -0.000577  0.000345
    -0.000441 -0.000568  0.000443
    -0.000482 -0.000516  0.000613
    -0.000506 -0.000385  0.000647
    -0.000507 -0.000424  0.000653
    -0.000522 -0.000436  0.000687
    -0.000549 -0.000350  0.000645
    -0.000582 -0.000278  0.000645
    -0.000582 -0.000135  0.000588
    -0.000566 -0.000204  0.000534
    -0.000637  0.000069  0.000364
    -0.000712  0.000209  0.000335
    -0.000727  0.000066  0.000451
    -0.000680 -0.000103  0.000537
    -0.000529 -0.000357  0.000568
    -0.000359 -0.000614  0.000586
    -0.000154 -0.000826  0.000613
     0.000040 -0.001061  0.000556
     0.000205 -0.001222  0.000323
     0.000223 -0.001229  0.000403
     0.000183 -0.001179  0.000595
     0.000140 -0.000943  0.000624
     0.000195 -0.000782  0.000589
     0.000329 -0.000847  0.000632
     0.000580 -0.001099  0.000651
     0.000885 -0.001486  0.000605
     0.000987 -0.001547  0.000611
     0.000813 -0.001244  0.000502
     0.000511 -0.000962  0.000435
     0.000161 -0.000717  0.000461
    -0.000103 -0.000541  0.000532
     0.000163 -0.000714  0.000457
     0.000550 -0.000917  0.000355
     0.000968 -0.001064  0.000179
     0.001338 -0.001140 -0.000119
     0.001268 -0.001059 -0.000145
     0.000797 -0.000857  0.000228
     0.000425 -0.000736  0.000431
     0.000279 -0.000684  0.000415
     0.000377 -0.000668  0.000132
     0.000621 -0.000694 -0.000252
     0.000805 -0.000656 -0.000519
     0.000839 -0.000618 -0.000618
     0.000479 -0.000594 -0.000238
     0.000106 -0.000525  0.000073
    -0.000186 -0.000414  0.000227
    -0.000487 -0.000308  0.000481
    -0.000771 -0.000196  0.000691
    -0.000889 -0.000011  0.000471
    -0.000961  0.000134  0.000242
    -0.000849 -0.000034  0.000399
    -0.000636 -0.000284  0.000678
    -0.000655 -0.000190  0.000652
    -0.000550 -0.000241  0.000578
    -0.000476 -0.000266  0.000494
    -0.000382 -0.000272  0.000394
    -0.000393 -0.000292  0.000415
    -0.000423 -0.000289  0.000476
    -0.000240 -0.000270  0.000208
    -0.000068 -0.000240 -0.000035
     0.000014 -0.000215 -0.000149
    -0.000033 -0.000224 -0.000091
    -0.000246 -0.000252  0.000204
    -0.000455 -0.000282  0.000490
    -0.000467 -0.000285  0.000505
    -0.000527 -0.000283  0.000592
    -0.000562 -0.000286  0.000643
    -0.000531 -0.000284  0.000599
    -0.000531 -0.000284  0.000599
    -0.000531 -0.000284  0.000599
    -0.000531 -0.000284  0.000599
    -0.000531 -0.000284  0.000599
    -0.000531 -0.000284  0.000599
    -0.000531 -0.000284  0.000599
    -0.000531 -0.000284  0.000599
    -0.000532 -0.000259  0.000585
    -0.000529 -0.000342  0.000632
    -0.000525 -0.000341  0.000615
    -0.000527 -0.000361  0.000646
    -0.000479 -0.000502  0.000532
    -0.000434 -0.000539  0.000357
    -0.000420 -0.000549  0.000328
    -0.000452 -0.000530  0.000483
    -0.000497 -0.000480  0.000670
    -0.000495 -0.000451  0.000652
    -0.000518 -0.000384  0.000638
    -0.000542 -0.000383  0.000683
    -0.000572 -0.000271  0.000628
    -0.000584 -0.000200  0.000611
    -0.000544 -0.000255  0.000551
    -0.000617 -0.000053  0.000469
    -0.000695  0.000214  0.000316
    -0.000715  0.000126  0.000348
    -0.000647 -0.000209  0.000420
    -0.000552 -0.000435  0.000457
    -0.000436 -0.000556  0.000532
    -0.000280 -0.000689  0.000632
    -0.000067 -0.000855  0.000590
     0.000136 -0.001026  0.000355
     0.000365 -0.001168  0.000228
     0.000239 -0.001047  0.000422
     0.000202 -0.000941  0.000596
     0.000270 -0.000817  0.000671
     0.000411 -0.000789  0.000625
     0.000667 -0.001202  0.000646
     0.000870 -0.001414  0.000572
     0.000999 -0.001557  0.000541
     0.000957 -0.001499  0.000567
     0.000892 -0.001337  0.000351
     0.000682 -0.001029  0.000217
     0.000390 -0.000771  0.000223
     0.000212 -0.000773  0.000395
     0.000257 -0.000925  0.000500
     0.000625 -0.001096  0.000336
     0.001030 -0.001177  0.000065
     0.001268 -0.001138 -0.000081
     0.001429 -0.001100 -0.000235
     0.001235 -0.001024 -0.000092
     0.000900 -0.000932  0.000161
     0.000430 -0.000767  0.000586
     0.000381 -0.000689  0.000440
     0.000486 -0.000646  0.000103
     0.000691 -0.000626 -0.000225
     0.000909 -0.000611 -0.000550
     0.000654 -0.000555 -0.000352
     0.000259 -0.000513  0.000014
    -0.000066 -0.000441  0.000187
    -0.000297 -0.000394  0.000241
    -0.000484 -0.000356  0.000315
    -0.000723 -0.000297  0.000577
    -0.000938  0.000020  0.000377
    -0.000955  0.000135  0.000221
    -0.000757 -0.000146  0.000564
    -0.000578 -0.000294  0.000621
    -0.000621 -0.000243  0.000687
    -0.000555 -0.000252  0.000593
    -0.000434 -0.000258  0.000458
    -0.000435 -0.000287  0.000465
    -0.000367 -0.000302  0.000384
    -0.000310 -0.000276  0.000316
    -0.000125 -0.000240  0.000058
     0.000010 -0.000204 -0.000127
    -0.000025 -0.000206 -0.000089
    -0.000193 -0.000240  0.000135
    -0.000455 -0.000277  0.000495
    -0.000479 -0.000288  0.000520
    -0.000475 -0.000279  0.000519
    -0.000555 -0.000286  0.000633
    -0.000531 -0.000284  0.000599
    -0.000531 -0.000284  0.000599
    -0.000531 -0.000284  0.000599
    -0.000531 -0.000284  0.000599
    -0.000531 -0.000284  0.000599
    -0.000531 -0.000284  0.000599
    -0.000531 -0.000284  0.000599
    -0.000531 -0.000257  0.000582
    -0.000531 -0.000287  0.000601
    -0.000529 -0.000365  0.000649
    -0.000525 -0.000326  0.000606
    -0.000509 -0.000461  0.000628
    -0.000474 -0.000489  0.000505
    -0.000427 -0.000516  0.000319
    -0.000412 -0.000532  0.000314
    -0.000461 -0.000506  0.000530
    -0.000491 -0.000507  0.000666
    -0.000505 -0.000357  0.000594
    -0.000540 -0.000322  0.000632
    -0.000561 -0.000318  0.000672
    -0.000572 -0.000235  0.000610
    -0.000557 -0.000236  0.000572
    -0.000580 -0.000228  0.000553
    -0.000645  0.000032  0.000388
    -0.000652  0.000002  0.000242
    -0.000645 -0.000149  0.000283
    -0.000599 -0.000376  0.000376
    -0.000534 -0.000391  0.000436
    -0.000417 -0.000432  0.000587
    -0.000160 -0.000660  0.000621
     0.000089 -0.000841  0.000436
     0.000394 -0.001036  0.000157
     0.000444 -0.001109  0.000225
     0.000347 -0.001044  0.000496
     0.000461 -0.001044  0.000663
     0.000698 -0.001124  0.000534
     0.000864 -0.001313  0.000504
     0.000891 -0.001538  0.000561
     0.000291 -0.001189  0.000609
    -0.000346 -0.000688  0.000494
    -0.000290 -0.000815  0.000581
     0.000468 -0.001174  0.000352
     0.001090 -0.001263 -0.000052
     0.001313 -0.001372 -0.000101
     0.001362 -0.001544  0.000052
     0.001150 -0.001562  0.000239
     0.000950 -0.001425  0.000240
     0.000649 -0.000964 -0.000025
     0.000092 -0.000409 -0.000109
     0.000035 -0.000325 -0.000074
     0.000689 -0.000746 -0.000168
     0.001254 -0.001117 -0.000195
     0.001052 -0.001097  0.000115
     0.000820 -0.000982  0.000280
     0.000677 -0.000800  0.000230
     0.000711 -0.000695 -0.000052
     0.000957 -0.000641 -0.000400
     0.000888 -0.000565 -0.000424
     0.000455 -0.000520 -0.000029
     0.000057 -0.000439  0.000257
    -0.000356 -0.000361  0.000459
    -0.000513 -0.000367  0.000393
    -0.000586 -0.000361  0.000349
    -0.000816 -0.000347  0.000639
    -0.000895 -0.000204  0.000531
    -0.000836 -0.000076  0.000462
    -0.000618 -0.000273  0.000634
    -0.000592 -0.000277  0.000645
    -0.000588 -0.000254  0.000643
    -0.000497 -0.000244  0.000541
    -0.000496 -0.000272  0.000542
    -0.000463 -0.000308  0.000507
    -0.000287 -0.000282  0.000276
    -0.000177 -0.000248  0.000140
     0.000014 -0.000199 -0.000114
    -0.000009 -0.000190 -0.000096
    -0.000180 -0.000230  0.000125
    -0.000302 -0.000252  0.000284
    -0.000493 -0.000290  0.000541
    -0.000451 -0.000276  0.000488
    -0.000528 -0.000283  0.000595
    -0.000557 -0.000287  0.000636
    -0.000531 -0.000284  0.000599
    -0.000531 -0.000284  0.000599
    -0.000531 -0.000284  0.000599
    -0.000531 -0.000284  0.000599
    -0.000531 -0.000284  0.000599
    -0.000531 -0.000284  0.000599
    -0.000531 -0.000251  0.000576
    -0.000531 -0.000330  0.000631
    -0.000529 -0.000369  0.000655
    -0.000526 -0.000312  0.000600
    -0.000492 -0.000464  0.000561
    -0.000442 -0.000479  0.000355
    -0.000419 -0.000494  0.000285
    -0.000419 -0.000497  0.000337
    -0.000480 -0.000468  0.000593
    -0.000501 -0.000498  0.000696
    -0.000519 -0.000257  0.000530
    -0.000557 -0.000301  0.000650
    -0.000569 -0.000266  0.000676
    -0.000537 -0.000369  0.000620
    -0.000559 -0.000263  0.000514
    -0.000601 -0.000161  0.000472
    -0.000622 -0.000098  0.000283
    -0.000636 -0.000129  0.000245
    -0.000611 -0.000330  0.000341
    -0.000601 -0.000297  0.000384
    -0.000519 -0.000189  0.000452
    -0.000315 -0.000450  0.000710
     0.000064 -0.000729  0.000437
     0.000317 -0.000942  0.000251
     0.001003 -0.001310 -0.000009
     0.000606 -0.001264  0.000356
     0.000623 -0.001317  0.000608
     0.000855 -0.001358  0.000581
     0.000985 -0.001372  0.000490
     0.000930 -0.001507  0.000523
    -0.000531 -0.000553  0.000457
    -0.002456  0.000609  0.000730
    -0.003414  0.000687  0.000227
    -0.003344  0.000930  0.000096
    -0.002138  0.000475  0.000356
     0.000451 -0.001110  0.000325
     0.003137 -0.002755  0.000031
     0.003918 -0.003320  0.000220
     0.003138 -0.002783  0.000070
     0.000582 -0.000958  0.000052
    -0.001776  0.000734  0.000060
    -0.002998  0.001528  0.000093
    -0.003240  0.001537  0.000345
    -0.002326  0.000761  0.000458
    -0.000384 -0.000383  0.000152
     0.001241 -0.001146 -0.000125
     0.001163 -0.001165  0.000118
     0.001107 -0.001066  0.000058
     0.000988 -0.000912 -0.000099
     0.001112 -0.000805 -0.000334
     0.001277 -0.000704 -0.000627
     0.000791 -0.000574 -0.000218
     0.000370 -0.000484  0.000111
    -0.000234 -0.000357  0.000542
    -0.000644 -0.000330  0.000700
    -0.000643 -0.000345  0.000471
    -0.000640 -0.000364  0.000403
    -0.000839 -0.000365  0.000667
    -0.000828 -0.000320  0.000662
    -0.000711 -0.000289  0.000702
    -0.000595 -0.000304  0.000589
    -0.000464 -0.000285  0.000469
    -0.000539 -0.000231  0.000614
    -0.000516 -0.000253  0.000565
    -0.000568 -0.000315  0.000633
    -0.000319 -0.000287  0.000318
    -0.000255 -0.000253  0.000254
    -0.000028 -0.000196 -0.000041
     0.000006 -0.000177 -0.000098
    -0.000066 -0.000188 -0.000013
    -0.000245 -0.000236  0.000214
    -0.000507 -0.000290  0.000560
    -0.000446 -0.000273  0.000483
    -0.000485 -0.000277  0.000535
    -0.000564 -0.000289  0.000644
    -0.000531 -0.000284  0.000599
    -0.000531 -0.000284  0.000599
    -0.000531 -0.000284  0.000599
    -0.000531 -0.000284  0.000599
    -0.000531 -0.000284  0.000599
    -0.000531 -0.000282  0.000598
    -0.000531 -0.000274  0.000592
    -0.000531 -0.000359  0.000654
    -0.000529 -0.000364  0.000655
    -0.000529 -0.000433  0.000695
    -0.000482 -0.000455  0.000514
    -0.000436 -0.000457  0.000321
    -0.000406 -0.000478  0.000248
    -0.000421 -0.000473  0.000356
    -0.000463 -0.000511  0.000546
    -0.000510 -0.000408  0.000635
    -0.000548 -0.000236  0.000567
    -0.000574 -0.000227  0.000647
    -0.000528 -0.000448  0.000687
    -0.000516 -0.000384  0.000541
    -0.000563 -0.000371  0.000470
    -0.000592 -0.000252  0.000379
    -0.000633 -0.000124  0.000268
    -0.000624 -0.000242  0.000306
    -0.000616 -0.000268  0.000362
    -0.000587 -0.000068  0.000363
    -0.000454 -0.000074  0.000514
    -0.000098 -0.000482  0.000513
     0.000283 -0.000785  0.000274
     0.001019 -0.001179 -0.000061
     0.001344 -0.001341 -0.000103
     0.000628 -0.001090  0.000356
     0.000630 -0.001108  0.000497
     0.000714 -0.001042  0.000538
     0.000802 -0.001149  0.000495
    -0.000112 -0.000761  0.000651
    -0.002744  0.001096  0.000402
    -0.004719  0.001475  0.000581
    -0.005584 -0.000243  0.000107
    -0.005706 -0.002272 -0.000657
    -0.004631 -0.002520 -0.001045
    -0.001801  0.000663 -0.000297
     0.003066 -0.002586  0.000491
     0.004630 -0.003337  0.000193
     0.003061 -0.002028 -0.000285
    -0.000614  0.000660 -0.000203
     0.005105 -0.005555 -0.000191
     0.000537 -0.005065  0.000050
    -0.005494  0.000869  0.000258
    -0.004739  0.001333  0.000636
    -0.002931  0.000953  0.000578
     0.000098 -0.000518  0.000215
     0.001078 -0.000906  0.000142
     0.000926 -0.000860  0.000278
     0.000938 -0.000827  0.000072
     0.001019 -0.000773 -0.000070
     0.001482 -0.000778 -0.000551
     0.001255 -0.000667 -0.000487
     0.000657 -0.000530  0.000006
     0.000060 -0.000385  0.000430
    -0.000590 -0.000111  0.000452
    -0.000771 -0.000221  0.000573
    -0.000681 -0.000344  0.000498
    -0.000726 -0.000360  0.000519
    -0.000832 -0.000355  0.000682
    -0.000672 -0.000345  0.000546
    -0.000534 -0.000337  0.000409
    -0.000469 -0.000330  0.000444
    -0.000376 -0.000272  0.000370
    -0.000582 -0.000236  0.000663
    -0.000589 -0.000283  0.000652
    -0.000413 -0.000296  0.000435
    -0.000186 -0.000254  0.000152
    -0.000056 -0.000196  0.000013
     0.000029 -0.000166 -0.000109
    -0.000053 -0.000174 -0.000015
    -0.000212 -0.000221  0.000178
    -0.000385 -0.000266  0.000394
    -0.000450 -0.000272  0.000491
    -0.000456 -0.000272  0.000497
    -0.000541 -0.000285  0.000612
    -0.000533 -0.000284  0.000602
    -0.000531 -0.000284  0.000599
    -0.000531 -0.000284  0.000599
    -0.000531 -0.000284  0.000599
    -0.000531 -0.000284  0.000599
    -0.000530 -0.000251  0.000573
    -0.000532 -0.000298  0.000611
    -0.000531 -0.000366  0.000663
    -0.000530 -0.000353  0.000651
    -0.000523 -0.000438  0.000674
    -0.000484 -0.000435  0.000509
    -0.000427 -0.000436  0.000284
    -0.000405 -0.000448  0.000242
    -0.000431 -0.000442  0.000392
    -0.000475 -0.000500  0.000585
    -0.000528 -0.000275  0.000569
    -0.000561 -0.000168  0.000525
    -0.000539 -0.000444  0.000688
    -0.000484 -0.000589  0.000679
    -0.000519 -0.000482  0.000496
    -0.000585 -0.000336  0.000417
    -0.000616 -0.000222  0.000372
    -0.000651 -0.000071  0.000293
    -0.000639 -0.000163  0.000341
    -0.000623 -0.000019  0.000379
    -0.000568  0.000207  0.000362
    -0.000310 -0.000226  0.000638
     0.000125 -0.000578  0.000354
     0.000730 -0.000897 -0.000019
     0.001478 -0.001298 -0.000241
     0.001070 -0.001164 -0.000009
     0.000302 -0.000762  0.000434
     0.000215 -0.000527  0.000427
     0.000410 -0.000620  0.000332
     0.000624 -0.000991  0.000278
    -0.001054 -0.000179  0.000500
    -0.003953  0.001707  0.000030
    -0.006214  0.002183  0.000247
    -0.005995 -0.003988  0.000379
    -0.009447 -0.014110 -0.000216
    -0.015711 -0.022435 -0.001105
    -0.019708 -0.015036 -0.000293
     0.001101 -0.003115 -0.001485
     0.002306 -0.001194  0.000023
     0.001287 -0.000850  0.000380
     0.021082 -0.018748 -0.000654
     0.016164 -0.024152 -0.000247
    -0.000025 -0.014630 -0.000104
    -0.007149 -0.002473 -0.000037
    -0.006353  0.001156  0.000584
    -0.004297  0.001328  0.000689
    -0.000966 -0.000077  0.000317
     0.001007 -0.000721 -0.000023
     0.000601 -0.000563  0.000406
     0.000352 -0.000494  0.000502
     0.000549 -0.000588  0.000242
     0.001310 -0.000729 -0.000347
     0.001517 -0.000728 -0.000581
     0.001041 -0.000568 -0.000205
     0.000371 -0.000444  0.000276
    -0.000374 -0.000225  0.000557
    -0.000823  0.000182  0.000119
    -0.000808 -0.000150  0.000524
    -0.000780 -0.000328  0.000636
    -0.000855 -0.000282  0.000642
    -0.000712 -0.000333  0.000570
    -0.000592 -0.000345  0.000432
    -0.000415 -0.000362  0.000280
    -0.000240 -0.000310  0.000181
    -0.000386 -0.000266  0.000369
    -0.000655 -0.000267  0.000693
    -0.000547 -0.000297  0.000607
    -0.000227 -0.000259  0.000203
    -0.000105 -0.000197  0.000092
     0.000015 -0.000157 -0.000072
    -0.000036 -0.000159 -0.000023
    -0.000222 -0.000214  0.000200
    -0.000356 -0.000256  0.000359
    -0.000460 -0.000272  0.000506
    -0.000447 -0.000269  0.000488
    -0.000517 -0.000281  0.000579
    -0.000564 -0.000290  0.000643
    -0.000531 -0.000284  0.000599
    -0.000531 -0.000284  0.000599
    -0.000531 -0.000284  0.000599
    -0.000531 -0.000284  0.000599
    -0.000530 -0.000251  0.000571
    -0.000532 -0.000331  0.000639
    -0.000531 -0.000366  0.000667
    -0.000530 -0.000344  0.000647
    -0.000514 -0.000436  0.000633
    -0.000482 -0.000420  0.000497
    -0.000413 -0.000419  0.000233
    -0.000397 -0.000428  0.000228
    -0.000404 -0.000471  0.000298
    -0.000508 -0.000442  0.000664
    -0.000535 -0.000209  0.000496
    -0.000543 -0.000304  0.000517
    -0.000490 -0.000548  0.000628
    -0.000474 -0.000637  0.000633
    -0.000554 -0.000347  0.000403
    -0.000629 -0.000208  0.000358
    -0.000652 -0.000089  0.000352
    -0.000671 -0.000082  0.000390
    -0.000643  0.000013  0.000416
    -0.000594  0.000215  0.000361
    -0.000432  0.000107  0.000384
    -0.000135 -0.000442  0.000700
     0.000305 -0.000757  0.000225
     0.001258 -0.001098 -0.000251
     0.001356 -0.001226 -0.000189
     0.000447 -0.000815  0.000224
    -0.000093 -0.000466  0.000576
    -0.000063 -0.000557  0.000513
     0.000342 -0.000769  0.000263
     0.000997 -0.001132  0.000060
    -0.000824 -0.000490  0.000425
    -0.004065  0.001695 -0.000420
     0.000961  0.003067 -0.000603
     0.009362 -0.014086 -0.000486
     0.002504 -0.025841  0.000021
    -0.020818 -0.037352 -0.000787
    -0.029766 -0.037209 -0.000579
    -0.013278 -0.030962 -0.001693
    -0.005278 -0.023060 -0.000961
     0.015278 -0.026110 -0.000452
     0.030196 -0.036907 -0.000571
     0.017588 -0.035896  0.000310
    -0.009461 -0.025651 -0.000238
    -0.012845 -0.006021 -0.001395
    -0.008713  0.001428 -0.000108
    -0.004536  0.001150  0.000558
    -0.000623 -0.000256  0.000005
     0.001283 -0.000750 -0.000252
     0.000694 -0.000547  0.000061
     0.000129 -0.000417  0.000350
     0.000012 -0.000405  0.000531
     0.000817 -0.000588  0.000030
     0.001445 -0.000713 -0.000488
     0.001339 -0.000620 -0.000453
     0.000686 -0.000516  0.000006
    -0.000113 -0.000426  0.000679
    -0.000670  0.000083  0.000159
    -0.000848  0.000186  0.000129
    -0.000818 -0.000087  0.000487
    -0.000830 -0.000247  0.000666
    -0.000827 -0.000273  0.000665
    -0.000735 -0.000331  0.000579
    -0.000570 -0.000366  0.000437
    -0.000223 -0.000346  0.000112
    -0.000235 -0.000280  0.000174
    -0.000554 -0.000316  0.000539
    -0.000627 -0.000315  0.000686
    -0.000336 -0.000260  0.000353
    -0.000007 -0.000182 -0.000040
     0.000017 -0.000150 -0.000056
    -0.000002 -0.000144 -0.000048
    -0.000222 -0.000207  0.000208
    -0.000324 -0.000245  0.000322
    -0.000469 -0.000273  0.000520
    -0.000445 -0.000267  0.000488
    -0.000482 -0.000273  0.000535
    -0.000565 -0.000291  0.000643
    -0.000531 -0.000284  0.000599
    -0.000531 -0.000284  0.000599
    -0.000531 -0.000284  0.000599
    -0.000532 -0.000296  0.000611
    -0.000531 -0.000267  0.000584
    -0.000533 -0.000353  0.000662
    -0.000532 -0.000362  0.000668
    -0.000530 -0.000350  0.000655
    -0.000510 -0.000428  0.000610
    -0.000481 -0.000408  0.000492
    -0.000405 -0.000396  0.000206
    -0.000405 -0.000398  0.000254
    -0.000407 -0.000427  0.000293
    -0.000519 -0.000427  0.000668
    -0.000529 -0.000215  0.000436
    -0.000531 -0.000372  0.000527
    -0.000430 -0.000699  0.000533
    -0.000495 -0.000647  0.000644
    -0.000577 -0.000255  0.000355
    -0.000680 -0.000051  0.000339
    -0.000691 -0.000026  0.000414
    -0.000690  0.000094  0.000430
    -0.000618  0.000194  0.000407
    -0.000484  0.000194  0.000356
    -0.000255 -0.000173  0.000403
     0.000028 -0.000737  0.000617
     0.000415 -0.000906  0.000153
     0.001472 -0.001215 -0.000340
     0.000863 -0.001000  0.000008
     0.000239 -0.000771  0.000367
    -0.000134 -0.000815  0.000651
    -0.000017 -0.000918  0.000643
     0.000729 -0.001261  0.000351
     0.002437 -0.001932 -0.000095
     0.000942 -0.001796  0.000429
    -0.001899  0.004164 -0.000832
     0.017638  0.011624 -0.001133
     0.030573 -0.007068 -0.000302
     0.020505 -0.023357 -0.000037
    -0.010524 -0.046244 -0.000603
    -0.026284 -0.055283 -0.000673
    -0.019895 -0.062659 -0.000684
    -0.006691 -0.066053 -0.000553
     0.008525 -0.062578 -0.000080
     0.021959 -0.054169  0.000774
     0.007175 -0.045245  0.000529
    -0.025240 -0.026682 -0.000827
    -0.033154 -0.004856 -0.000607
    -0.023093  0.007433 -0.000023
    -0.003140  0.000185  0.000217
     0.001428 -0.001233 -0.000582
     0.002312 -0.001268 -0.000621
     0.001194 -0.000853 -0.000242
     0.000269 -0.000587  0.000048
     0.000124 -0.000517  0.000115
     0.000557 -0.000541  0.000103
     0.001155 -0.000648 -0.000225
     0.001465 -0.000645 -0.000602
     0.000888 -0.000567 -0.000211
     0.000231 -0.000534  0.000286
    -0.000437 -0.000269  0.000450
    -0.000749  0.000181  0.000067
    -0.000844  0.000176  0.000178
    -0.000873  0.000027  0.000397
    -0.000851 -0.000158  0.000592
    -0.000867 -0.000234  0.000631
    -0.000670 -0.000363  0.000549
    -0.000225 -0.000334  0.000081
    -0.000040 -0.000307 -0.000106
    -0.000493 -0.000327  0.000447
    -0.000640 -0.000344  0.000668
    -0.000393 -0.000281  0.000405
    -0.000033 -0.000169  0.000015
    -0.000024 -0.000149  0.000013
     0.000007 -0.000132 -0.000041
    -0.000226 -0.000203  0.000221
    -0.000310 -0.000237  0.000309
    -0.000461 -0.000270  0.000512
    -0.000448 -0.000266  0.000495
    -0.000458 -0.000267  0.000506
    -0.000548 -0.000288  0.000621
    -0.000518 -0.000280  0.000582
    -0.000531 -0.000284  0.000599
    -0.000531 -0.000284  0.000599
    -0.000531 -0.000275  0.000591
    -0.000531 -0.000280  0.000596
    -0.000533 -0.000359  0.000671
    -0.000532 -0.000354  0.000664
    -0.000519 -0.000402  0.000638
    -0.000514 -0.000417  0.000617
    -0.000481 -0.000397  0.000491
    -0.000402 -0.000370  0.000193
    -0.000387 -0.000374  0.000163
    -0.000403 -0.000445  0.000289
    -0.000515 -0.000428  0.000621
    -0.000524 -0.000322  0.000453
    -0.000500 -0.000597  0.000583
    -0.000432 -0.000695  0.000554
    -0.000529 -0.000494  0.000594
    -0.000638 -0.000149  0.000416
    -0.000733  0.000160  0.000298
    -0.000720  0.000124  0.000410
    -0.000664  0.000204  0.000434
    -0.000536  0.000174  0.000446
    -0.000297 -0.000135  0.000384
    -0.000093 -0.000528  0.000420
     0.000133 -0.000955  0.000568
     0.000613 -0.001073  0.000087
     0.001231 -0.001094 -0.000245
     0.000876 -0.001120  0.000039
     0.000403 -0.001092  0.000404
     0.000189 -0.001056  0.000582
     0.000465 -0.001273  0.000571
     0.002197 -0.002082  0.000181
     0.003664 -0.001283 -0.000251
     0.005071 -0.003384  0.000569
    -0.000020 -0.000438 -0.000838
     0.031969  0.010775 -0.001389
     0.051130  0.000289 -0.000604
     0.042167 -0.020504 -0.000313
     0.016565 -0.047982  0.000565
    -0.000921 -0.075877 -0.000095
    -0.001456 -0.095572  0.000231
    -0.001715 -0.101724  0.000619
    -0.001852 -0.095562  0.000238
    -0.001845 -0.075924 -0.000149
    -0.016615 -0.051206 -0.000997
    -0.043902 -0.023263 -0.000548
    -0.050728 -0.002547 -0.000449
    -0.033167  0.013153 -0.000633
    -0.000628 -0.001143  0.000428
     0.004042 -0.002370 -0.000831
     0.004861 -0.001032 -0.000987
     0.002268 -0.001384 -0.000637
     0.000801 -0.000884 -0.000127
     0.000474 -0.000725 -0.000013
     0.000839 -0.000698 -0.000186
     0.001188 -0.000682 -0.000356
     0.001322 -0.000613 -0.000460
     0.001018 -0.000605 -0.000416
     0.000467 -0.000611 -0.000004
    -0.000147 -0.000591  0.000532
    -0.000492 -0.000234  0.000427
    -0.000752  0.000191  0.000134
    -0.000876  0.000195  0.000198
    -0.000915  0.000051  0.000378
    -0.000983  0.000036  0.000343
    -0.000763 -0.000294  0.000677
    -0.000377 -0.000318  0.000276
    -0.000058 -0.000312 -0.000078
    -0.000287 -0.000350  0.000140
    -0.000552 -0.000354  0.000512
    -0.000407 -0.000303  0.000396
    -0.000017 -0.000173 -0.000012
     0.000034 -0.000119 -0.000048
     0.000001 -0.000122 -0.000017
    -0.000232 -0.000200  0.000236
    -0.000325 -0.000235  0.000331
    -0.000351 -0.000237  0.000373
    -0.000456 -0.000266  0.000507
    -0.000450 -0.000263  0.000498
    -0.000535 -0.000285  0.000604
    -0.000540 -0.000286  0.000610
    -0.000531 -0.000284  0.000599
    -0.000531 -0.000284  0.000599
    -0.000530 -0.000258  0.000573
    -0.000532 -0.000293  0.000609
    -0.000534 -0.000361  0.000677
    -0.000532 -0.000349  0.000663
    -0.000512 -0.000394  0.000610
    -0.000512 -0.000408  0.000606
    -0.000480 -0.000389  0.000492
    -0.000403 -0.000319  0.000186
    -0.000367 -0.000392  0.000105
    -0.000394 -0.000474  0.000276
    -0.000520 -0.000379  0.000578
    -0.000508 -0.000496  0.000477
    -0.000482 -0.000686  0.000623
    -0.000472 -0.000633  0.000594
    -0.000579 -0.000286  0.000564
    -0.000686  0.000051  0.000368
    -0.000756  0.000178  0.000299
    -0.000730  0.000300  0.000341
    -0.000603  0.000171  0.000404
    -0.000373 -0.000148  0.000482
    -0.000099 -0.000553  0.000448
    -0.000030 -0.000646  0.000389
     0.000116 -0.000974  0.000570
     0.000336 -0.000840  0.000165
     0.001045 -0.000965 -0.000207
     0.001281 -0.001100 -0.000152
     0.000684 -0.001037  0.000296
     0.000628 -0.001233  0.000511
     0.000927 -0.001578  0.000584
     0.003138 -0.002262 -0.000014
     0.005618 -0.001786 -0.000448
     0.005404 -0.002637 -0.000174
     0.001228 -0.000424 -0.000098
     0.036012 -0.015356 -0.001936
     0.061279 -0.024390 -0.001488
     0.060547 -0.036472 -0.000815
     0.043959 -0.053335 -0.000321
     0.027477 -0.071132  0.000976
     0.013568 -0.083639  0.000617
    -0.000104 -0.088435  0.000080
    -0.012704 -0.085021 -0.000599
    -0.027885 -0.072689 -0.000790
    -0.045167 -0.055395 -0.000394
    -0.061318 -0.035991  0.000485
    -0.063752 -0.016885  0.000530
    -0.038709 -0.002825  0.000498
     0.001315 -0.000649 -0.000519
     0.004331 -0.002386 -0.000143
     0.004657 -0.002126 -0.000870
     0.002840 -0.001609 -0.000644
     0.001366 -0.001091 -0.000269
     0.001005 -0.000860 -0.000091
     0.001063 -0.000762 -0.000023
     0.001395 -0.000706 -0.000294
     0.001194 -0.000559 -0.000345
     0.000798 -0.000527 -0.000159
     0.000467 -0.000610 -0.000041
    -0.000032 -0.000649  0.000395
    -0.000122 -0.000580  0.000497
    -0.000513 -0.000216  0.000503
    -0.000827  0.000145  0.000203
    -0.000996  0.000264  0.000113
    -0.001007  0.000058  0.000334
    -0.000886 -0.000070  0.000469
    -0.000571 -0.000278  0.000549
    -0.000149 -0.000295  0.000027
    -0.000196 -0.000354  0.000027
    -0.000405 -0.000377  0.000263
    -0.000462 -0.000311  0.000457
     0.000016 -0.000180 -0.000061
     0.000097 -0.000112 -0.000125
    -0.000026 -0.000108  0.000046
    -0.000237 -0.000199  0.000248
    -0.000322 -0.000230  0.000332
    -0.000333 -0.000228  0.000355
    -0.000461 -0.000266  0.000514
    -0.000447 -0.000261  0.000496
    -0.000521 -0.000280  0.000586
    -0.000559 -0.000292  0.000634
    -0.000531 -0.000284  0.000599
    -0.000531 -0.000284  0.000599
    -0.000529 -0.000251  0.000563
    -0.000533 -0.000307  0.000624
    -0.000534 -0.000361  0.000681
    -0.000532 -0.000340  0.000658
    -0.000507 -0.000385  0.000584
    -0.000509 -0.000396  0.000592
    -0.000486 -0.000362  0.000509
    -0.000390 -0.000324  0.000159
    -0.000335 -0.000422  0.000015
    -0.000402 -0.000453  0.000300
    -0.000513 -0.000626  0.000672
    -0.000499 -0.000554  0.000472
    -0.000482 -0.000618  0.000590
    -0.000538 -0.000419  0.000616
    -0.000615 -0.000107  0.000524
    -0.000709  0.000073  0.000397
    -0.000780  0.000315  0.000242
    -0.000701  0.000286  0.000262
    -0.000501 -0.000004  0.000384
    -0.000205 -0.000474  0.000564
    -0.000012 -0.000702  0.000549
    -0.000055 -0.000645  0.000530
     0.000071 -0.000818  0.000484
     0.000243 -0.000741  0.000163
     0.001103 -0.000919 -0.000224
     0.001713 -0.001078 -0.000342
     0.001235 -0.001058  0.000020
     0.001177 -0.001163  0.000074
     0.000631 -0.001030  0.000288
     0.001103 -0.001002 -0.000026
     0.002755 -0.001061 -0.000724
     0.001717 -0.000614  0.000029
     0.012071 -0.007517 -0.000263
     0.047909 -0.032894 -0.001805
     0.071370 -0.049302 -0.001975
     0.072559 -0.054011 -0.001312
     0.049625 -0.047679 -0.000653
     0.028504 -0.038995 -0.000110
     0.014513 -0.031835  0.000218
    -0.000878 -0.034289  0.000121
    -0.015221 -0.037543 -0.000929
    -0.030883 -0.044222 -0.000709
    -0.049190 -0.052658 -0.000294
    -0.073963 -0.050337  0.000622
    -0.074584 -0.036324  0.000762
    -0.049817 -0.024062  0.000364
    -0.006750 -0.009204 -0.001324
     0.001762 -0.000731  0.000420
     0.002200 -0.000892  0.000065
     0.001311 -0.000726 -0.000093
     0.001029 -0.000736 -0.000062
     0.001418 -0.000838 -0.000142
     0.001427 -0.000819 -0.000012
     0.001620 -0.000743 -0.000206
     0.001223 -0.000569 -0.000254
     0.000676 -0.000465 -0.000091
     0.000397 -0.000524  0.000046
     0.000002 -0.000578  0.000410
     0.000079 -0.000598  0.000361
    -0.000203 -0.000472  0.000560
    -0.000703 -0.000095  0.000395
    -0.001001  0.000207  0.000118
    -0.001086  0.000219  0.000142
    -0.000898 -0.000028  0.000451
    -0.000718 -0.000193  0.000642
    -0.000429 -0.000293  0.000390
    -0.000258 -0.000358  0.000123
    -0.000359 -0.000391  0.000180
    -0.000241 -0.000311  0.000106
    -0.000019 -0.000179 -0.000010
     0.000196 -0.000101 -0.000249
     0.000003 -0.000105  0.000017
    -0.000268 -0.000196  0.000303
    -0.000317 -0.000223  0.000333
    -0.000318 -0.000219  0.000342
    -0.000468 -0.000266  0.000525
    -0.000446 -0.000259  0.000498
    -0.000506 -0.000276  0.000568
    -0.000567 -0.000295  0.000643
    -0.000531 -0.000284  0.000599
    -0.000531 -0.000284  0.000599
    -0.000529 -0.000249  0.000560
    -0.000534 -0.000320  0.000641
    -0.000535 -0.000360  0.000685
    -0.000533 -0.000339  0.000660
    -0.000503 -0.000375  0.000564
    -0.000504 -0.000374  0.000565
    -0.000482 -0.000369  0.000506
    -0.000349 -0.000362  0.000012
    -0.000318 -0.000400 -0.000042
    -0.000390 -0.000495  0.000257
    -0.000491 -0.000684  0.000609
    -0.000500 -0.000525  0.000457
    -0.000498 -0.000427  0.000480
    -0.000567 -0.000186  0.000468
    -0.000637  0.000012  0.000490
    -0.000726  0.000148  0.000413
    -0.000771  0.000268  0.000215
    -0.000641  0.000146  0.000188
    -0.000413 -0.000175  0.000413
    -0.000142 -0.000528  0.000697
    -0.000056 -0.000581  0.000686
    -0.000107 -0.000620  0.000669
     0.000009 -0.000703  0.000487
     0.000278 -0.000775  0.000200
     0.001149 -0.001026 -0.000100
     0.001746 -0.001022 -0.000286
     0.001647 -0.001034 -0.000219
    -0.000013 -0.000270 -0.000078
    -0.001787  0.000462  0.000085
    -0.002786 -0.001121 -0.000175
    -0.003004 -0.003886 -0.000901
    -0.003320 -0.012628 -0.000577
     0.024695 -0.029043 -0.000408
     0.058033 -0.044096 -0.001662
     0.076091 -0.050709 -0.001745
     0.066293 -0.039510 -0.000805
     0.033527 -0.023040 -0.000247
     0.007519 -0.004061  0.000063
    -0.005819  0.012835 -0.000415
    -0.010988  0.019763 -0.000207
    -0.013074  0.013981 -0.000401
    -0.015297 -0.000399 -0.000671
    -0.036668 -0.026874 -0.000600
    -0.066879 -0.041157  0.000615
    -0.079017 -0.040542  0.000727
    -0.060543 -0.034316  0.000302
    -0.023314 -0.026963 -0.000773
    -0.005944 -0.014640 -0.000871
    -0.002992 -0.003740 -0.000021
    -0.002790 -0.000298  0.000547
    -0.001571  0.000749  0.000402
     0.000377 -0.000165  0.000102
     0.001619 -0.000809 -0.000007
     0.001661 -0.000799 -0.000011
     0.001316 -0.000689 -0.000203
     0.000696 -0.000500 -0.000071
     0.000284 -0.000472  0.000166
     0.000003 -0.000492  0.000440
     0.000034 -0.000486  0.000525
    -0.000064 -0.000442  0.000549
    -0.000571 -0.000305  0.000589
    -0.000945 -0.000024  0.000299
    -0.001077  0.000137  0.000212
    -0.000925  0.000086  0.000344
    -0.000781 -0.000046  0.000476
    -0.000673 -0.000309  0.000689
    -0.000448 -0.000370  0.000377
    -0.000386 -0.000393  0.000219
    -0.000140 -0.000305 -0.000042
     0.000043 -0.000179 -0.000110
     0.000231 -0.000082 -0.000273
     0.000152 -0.000080 -0.000179
    -0.000260 -0.000198  0.000292
    -0.000310 -0.000211  0.000337
    -0.000308 -0.000211  0.000336
    -0.000469 -0.000265  0.000528
    -0.000445 -0.000257  0.000499
    -0.000491 -0.000270  0.000551
    -0.000569 -0.000296  0.000645
    -0.000531 -0.000284  0.000599
    -0.000531 -0.000284  0.000599
    -0.000529 -0.000252  0.000562
    -0.000534 -0.000328  0.000652
    -0.000535 -0.000359  0.000688
    -0.000533 -0.000340  0.000665
    -0.000500 -0.000364  0.000549
    -0.000499 -0.000342  0.000536
    -0.000473 -0.000395  0.000488
    -0.000343 -0.000354 -0.000006
    -0.000315 -0.000357 -0.000066
    -0.000342 -0.000560  0.000079
    -0.000475 -0.000671  0.000544
    -0.000509 -0.000463  0.000454
    -0.000505 -0.000264  0.000372
    -0.000585 -0.000013  0.000342
    -0.000655  0.000080  0.000448
    -0.000722  0.000076  0.000441
    -0.000729  0.000115  0.000229
    -0.000618  0.000118  0.000113
    -0.000413 -0.000039  0.000392
    -0.000118 -0.000318  0.000602
    -0.000020 -0.000477  0.000516
    -0.000031 -0.000596  0.000525
     0.000116 -0.000767  0.000399
     0.000450 -0.000946  0.000196
     0.000854 -0.000945  0.000156
     0.001572 -0.000986 -0.000161
     0.000576 -0.000533 -0.000073
    -0.001891 -0.000357 -0.000068
    -0.004033 -0.001411 -0.000178
    -0.005828 -0.004216  0.000009
     0.003289 -0.021829 -0.000090
     0.008946 -0.040522  0.000181
     0.029986 -0.044667  0.000071
     0.055538 -0.045043 -0.001176
     0.067486 -0.034230 -0.000953
     0.050017 -0.017622 -0.000397
     0.011338  0.001381  0.000292
    -0.010377  0.015720 -0.000061
    -0.005285  0.011494  0.000016
    -0.003370  0.009959 -0.000404
    -0.004599  0.014493 -0.000491
    -0.009596  0.017192 -0.000029
    -0.018662  0.005784 -0.000661
    -0.050694 -0.019349 -0.000425
    -0.068806 -0.033297  0.000690
    -0.056972 -0.037922  0.000248
    -0.030468 -0.047041 -0.000701
    -0.017011 -0.040337 -0.000262
    -0.011882 -0.021703 -0.000242
    -0.005859 -0.003762 -0.000185
    -0.004040 -0.000714  0.000463
    -0.001855  0.000766  0.000571
     0.000875 -0.000450  0.000165
     0.001585 -0.000820  0.000094
     0.001202 -0.000758  0.000070
     0.000918 -0.000610 -0.000188
     0.000452 -0.000501  0.000054
     0.000166 -0.000444  0.000333
     0.000106 -0.000417  0.000501
    -0.000106 -0.000349  0.000705
    -0.000614 -0.000120  0.000375
    -0.000949 -0.000101  0.000331
    -0.000997 -0.000067  0.000419
    -0.000892 -0.000002  0.000453
    -0.000831  0.000025  0.000388
    -0.000792 -0.000153  0.000487
    -0.000613 -0.000389  0.000595
    -0.000438 -0.000381  0.000307
    -0.000094 -0.000286 -0.000087
     0.000234 -0.000152 -0.000378
     0.000222 -0.000065 -0.000237
     0.000162 -0.000074 -0.000184
    -0.000225 -0.000202  0.000240
    -0.000308 -0.000195  0.000352
    -0.000303 -0.000205  0.000336
    -0.000467 -0.000263  0.000527
    -0.000446 -0.000255  0.000502
    -0.000481 -0.000266  0.000542
    -0.000566 -0.000296  0.000640
    -0.000531 -0.000284  0.000599
    -0.000531 -0.000284  0.000599
    -0.000529 -0.000255  0.000563
    -0.000535 -0.000331  0.000659
    -0.000535 -0.000357  0.000691
    -0.000533 -0.000340  0.000669
    -0.000505 -0.000335  0.000562
    -0.000490 -0.000355  0.000510
    -0.000467 -0.000414  0.000479
    -0.000347 -0.000335  0.000006
    -0.000014 -0.000444 -0.000270
    -0.000274 -0.000568 -0.000016
    -0.000474 -0.000598  0.000509
    -0.000512 -0.000392  0.000439
    -0.000519 -0.000192  0.000360
    -0.000595  0.000140  0.000211
    -0.000661  0.000098  0.000357
    -0.000707 -0.000054  0.000506
    -0.000716  0.000064  0.000268
    -0.000640  0.000224  0.000059
    -0.000434  0.000128  0.000260
    -0.000095 -0.000323  0.000513
     0.000047 -0.000430  0.000372
     0.000117 -0.000593  0.000300
     0.000217 -0.000677  0.000256
     0.000490 -0.000909  0.000270
     0.000769 -0.000908  0.000365
     0.001401 -0.000920 -0.000117
    -0.000491  0.000060  0.000197
    -0.003254 -0.000389  0.000160
    -0.005326 -0.001144 -0.000100
    -0.000778 -0.007065  0.000099
     0.012666 -0.021286 -0.000225
     0.017250 -0.026845  0.000006
     0.026318 -0.024778 -0.000166
     0.044944 -0.021424 -0.000332
     0.058606 -0.015218 -0.000344
     0.040628 -0.010402 -0.000248
     0.001780 -0.000419 -0.000188
    -0.008438  0.001665  0.000231
    -0.001735 -0.000257  0.000549
     0.001147 -0.001408  0.000099
    -0.001187  0.000328 -0.000448
    -0.002696  0.003159 -0.000329
    -0.013793  0.002299 -0.000500
    -0.043020 -0.009254 -0.000365
    -0.058105 -0.017414 -0.000038
    -0.046080 -0.024457 -0.000588
    -0.030469 -0.029200 -0.000696
    -0.021104 -0.029041 -0.000904
    -0.016205 -0.017288 -0.001059
    -0.007939 -0.002339 -0.000565
    -0.005290 -0.000280  0.000318
    -0.003257  0.000113  0.000601
    -0.000325  0.000015  0.000531
     0.001476 -0.000780  0.000133
     0.000994 -0.000791  0.000308
     0.000872 -0.000643 -0.000017
     0.000559 -0.000472  0.000089
     0.000411 -0.000426  0.000185
     0.000217 -0.000383  0.000448
    -0.000036 -0.000349  0.000659
    -0.000729  0.000043  0.000140
    -0.001018  0.000017  0.000186
    -0.000957 -0.000115  0.000485
    -0.000820 -0.000149  0.000640
    -0.000880 -0.000001  0.000373
    -0.000893 -0.000008  0.000265
    -0.000679 -0.000377  0.000691
    -0.000498 -0.000376  0.000410
    -0.000116 -0.000257 -0.000024
     0.000303 -0.000132 -0.000460
     0.000372 -0.000043 -0.000437
     0.000140 -0.000072 -0.000145
    -0.000204 -0.000206  0.000208
    -0.000276 -0.000193  0.000310
    -0.000333 -0.000200  0.000388
    -0.000466 -0.000262  0.000528
    -0.000446 -0.000254  0.000505
    -0.000477 -0.000264  0.000538
    -0.000564 -0.000296  0.000636
    -0.000531 -0.000284  0.000599
    -0.000531 -0.000284  0.000599
    -0.000529 -0.000256  0.000562
    -0.000535 -0.000331  0.000662
    -0.000536 -0.000356  0.000694
    -0.000533 -0.000341  0.000672
    -0.000499 -0.000335  0.000541
    -0.000474 -0.000375  0.000459
    -0.000467 -0.000408  0.000482
    -0.000336 -0.000373 -0.000035
    -0.001806  0.000381 -0.000224
    -0.000258 -0.000513 -0.000056
    -0.000476 -0.000545  0.000503
    -0.000512 -0.000323  0.000419
    -0.000519 -0.000069  0.000242
    -0.000596  0.000210  0.000060
    -0.000667  0.000107  0.000265
    -0.000717 -0.000095  0.000577
    -0.000725  0.000074  0.000329
    -0.000645  0.000285  0.000004
    -0.000466  0.000267  0.000089
    -0.000086 -0.000306  0.000531
     0.000097 -0.000280  0.000218
     0.000204 -0.000385  0.000053
     0.000356 -0.000651  0.000050
     0.000539 -0.000757  0.000205
     0.000664 -0.000745  0.000472
     0.001049 -0.000676 -0.000047
    -0.000852  0.000160  0.000320
    -0.003931  0.001026  0.000641
    -0.005874  0.000378  0.000342
    -0.004123  0.000082 -0.000098
     0.005961  0.005356  0.000024
     0.009002  0.014268  0.000286
     0.023171  0.010992 -0.000001
     0.047449 -0.000358 -0.000134
     0.062936 -0.009312 -0.000267
     0.044637 -0.017784 -0.000401
     0.005886 -0.017067 -0.000236
    -0.008812 -0.005753 -0.001013
    -0.000636 -0.003420 -0.001294
     0.002004 -0.002262 -0.000257
     0.000516 -0.001837  0.000364
     0.004896 -0.011470 -0.000063
    -0.011640 -0.017642 -0.000660
    -0.046614 -0.019950 -0.000309
    -0.062219 -0.012459  0.000163
    -0.047053 -0.000006 -0.000216
    -0.027612  0.017074 -0.000265
    -0.018119  0.016793 -0.000732
    -0.014365  0.005397 -0.000519
    -0.008738  0.000200  0.000085
    -0.005771  0.001368  0.000278
    -0.003887  0.001435  0.000600
    -0.000707  0.000144  0.000546
     0.001232 -0.000677  0.000343
     0.000753 -0.000746  0.000586
     0.000855 -0.000605  0.000160
     0.000771 -0.000451 -0.000011
     0.000505 -0.000326  0.000255
     0.000260 -0.000315  0.000518
    -0.000052 -0.000355  0.000710
    -0.000863  0.000139 -0.000036
    -0.001060  0.000073  0.000099
    -0.000941 -0.000069  0.000470
    -0.000788 -0.000171  0.000706
    -0.000925 -0.000043  0.000374
    -0.000975  0.000008  0.000170
    -0.000762 -0.000274  0.000530
    -0.000557 -0.000374  0.000511
    -0.000146 -0.000241  0.000042
     0.000293 -0.000106 -0.000419
     0.000606 -0.000019 -0.000667
     0.000198 -0.000071 -0.000240
    -0.000210 -0.000205  0.000220
    -0.000220 -0.000187  0.000235
    -0.000316 -0.000195  0.000369
    -0.000463 -0.000260  0.000527
    -0.000446 -0.000252  0.000508
    -0.000476 -0.000262  0.000539
    -0.000563 -0.000296  0.000635
    -0.000531 -0.000284  0.000599
    -0.000531 -0.000284  0.000599
    -0.000528 -0.000255  0.000559
    -0.000535 -0.000327  0.000659
    -0.000536 -0.000354  0.000697
    -0.000534 -0.000298  0.000651
    -0.000489 -0.000342  0.000509
    -0.000467 -0.000370  0.000437
    -0.000459 -0.000374  0.000443
    -0.000329 -0.000389 -0.000057
    -0.002140  0.000580 -0.000239
    -0.000196 -0.000468 -0.000124
    -0.000470 -0.000516  0.000493
    -0.000512 -0.000251  0.000391
    -0.000517  0.000150  0.000021
    -0.000603  0.000162  0.000042
    -0.000679  0.000124  0.000233
    -0.000735 -0.000110  0.000612
    -0.000713  0.000014  0.000392
    -0.000641  0.000378 -0.000029
    -0.000483  0.000275 -0.000011
    -0.000180 -0.000220  0.000658
     0.000157 -0.000129 -0.000005
     0.000502 -0.000331 -0.000267
     0.000594 -0.000479 -0.000182
     0.000500 -0.000421  0.000116
     0.000627 -0.000533  0.000410
     0.000867 -0.000568  0.000024
    -0.000338 -0.000046  0.000156
    -0.003204  0.000835  0.000715
    -0.005448  0.001845  0.000555
    -0.007202  0.006001  0.000184
    -0.007431  0.023253 -0.000222
     0.004344  0.036432 -0.000089
     0.030148  0.038717  0.000285
     0.063340  0.027236  0.000694
     0.080558  0.008170  0.000599
     0.060157 -0.018993 -0.000706
     0.021749 -0.028443 -0.000118
    -0.012175 -0.028515 -0.000201
    -0.011158 -0.025393 -0.000754
    -0.006336 -0.022313 -0.000740
     0.004948 -0.023595 -0.000338
     0.005113 -0.028739  0.000188
    -0.021668 -0.035756 -0.000911
    -0.061165 -0.023205  0.000356
    -0.080009  0.004197  0.000746
    -0.060175  0.027702 -0.000568
    -0.031394  0.037570 -0.000208
    -0.012985  0.030666 -0.000641
    -0.009028  0.020037 -0.000223
    -0.007170  0.006160  0.000154
    -0.005140  0.002202 -0.000087
    -0.002942  0.001133  0.000188
    -0.000131 -0.000059  0.000448
     0.001076 -0.000632  0.000465
     0.000657 -0.000612  0.000673
     0.000681 -0.000478  0.000503
     0.000839 -0.000372  0.000105
     0.000726 -0.000263  0.000141
     0.000355 -0.000226  0.000516
    -0.000194 -0.000184  0.000539
    -0.000922  0.000090 -0.000023
    -0.001094  0.000189 -0.000048
    -0.000889 -0.000117  0.000548
    -0.000780 -0.000162  0.000705
    -0.000953 -0.000039  0.000361
    -0.000977 -0.000074  0.000256
    -0.000907 -0.000082  0.000202
    -0.000620 -0.000376  0.000615
    -0.000153 -0.000234  0.000077
     0.000306 -0.000079 -0.000400
     0.001391 -0.000245 -0.000697
     0.000227 -0.000070 -0.000282
    -0.000200 -0.000187  0.000229
    -0.000204 -0.000180  0.000220
    -0.000283 -0.000190  0.000327
    -0.000503 -0.000263  0.000586
    -0.000446 -0.000250  0.000511
    -0.000480 -0.000263  0.000544
    -0.000565 -0.000298  0.000636
    -0.000531 -0.000284  0.000599
    -0.000531 -0.000284  0.000599
    -0.000528 -0.000253  0.000554
    -0.000535 -0.000319  0.000652
    -0.000536 -0.000356  0.000702
    -0.000534 -0.000319  0.000663
    -0.000476 -0.000354  0.000466
    -0.000465 -0.000356  0.000426
    -0.000426 -0.000386  0.000310
    -0.000268 -0.000402 -0.000101
    -0.002123  0.000621 -0.000274
    -0.000130 -0.000421 -0.000192
    -0.000482 -0.000463  0.000536
    -0.000520 -0.000131  0.000348
    -0.000512  0.000069  0.000042
    -0.000612  0.000226 -0.000035
    -0.000688  0.000115  0.000173
    -0.000731 -0.000098  0.000480
    -0.000709  0.000095  0.000329
    -0.000655  0.000323  0.000042
    -0.000565  0.000460 -0.000048
    -0.000307 -0.000033  0.000609
     0.000157 -0.000094 -0.000036
     0.000735 -0.000239 -0.000466
     0.000587 -0.000262 -0.000265
     0.000415 -0.000211  0.000124
     0.000640 -0.000416  0.000256
     0.000893 -0.000671  0.000048
     0.000992 -0.000732 -0.000199
    -0.001089 -0.000259  0.000272
    -0.003178  0.000454  0.000622
    -0.004925  0.001386  0.000218
    -0.004835  0.013370 -0.000175
    -0.001024  0.032082 -0.000682
     0.026900  0.045337 -0.000048
     0.074353  0.038350  0.001365
     0.101179  0.031060  0.002352
     0.086716  0.013098  0.000395
     0.036557 -0.004328 -0.000405
     0.005945 -0.019213  0.000043
    -0.004590 -0.034265 -0.000187
    -0.003352 -0.035876  0.000096
    -0.001365 -0.034289 -0.000109
    -0.006066 -0.021525 -0.000103
    -0.040200 -0.004017  0.000257
    -0.085040  0.010573  0.001425
    -0.098356  0.030314  0.001861
    -0.069893  0.043987 -0.000581
    -0.030532  0.036848 -0.000891
    -0.005415  0.025783 -0.000516
    -0.004520  0.014748 -0.000408
    -0.004417  0.003496 -0.000375
    -0.002694  0.001015 -0.000384
    -0.000575  0.000159 -0.000287
     0.001137 -0.000537 -0.000008
     0.001140 -0.000675  0.000365
     0.000691 -0.000549  0.000699
     0.000490 -0.000397  0.000747
     0.000780 -0.000299  0.000318
     0.000801 -0.000206  0.000174
     0.000353 -0.000207  0.000530
    -0.000431  0.000039  0.000249
    -0.001055  0.000317 -0.000244
    -0.001062  0.000147  0.000043
    -0.000933 -0.000035  0.000424
    -0.000834 -0.000218  0.000695
    -0.000984 -0.000089  0.000390
    -0.001033 -0.000026  0.000169
    -0.000874 -0.000186  0.000325
    -0.000704 -0.000304  0.000618
    -0.000221 -0.000231  0.000193
     0.000320 -0.000053 -0.000376
     0.001667 -0.000318 -0.000682
     0.000257 -0.000064 -0.000320
    -0.000082 -0.000157  0.000078
    -0.000203 -0.000174  0.000229
    -0.000238 -0.000183  0.000270
    -0.000483 -0.000260  0.000558
    -0.000443 -0.000248  0.000509
    -0.000488 -0.000265  0.000554
    -0.000568 -0.000300  0.000638
    -0.000531 -0.000284  0.000599
    -0.000531 -0.000284  0.000599
    -0.000528 -0.000254  0.000554
    -0.000534 -0.000308  0.000637
    -0.000536 -0.000315  0.000678
    -0.000534 -0.000347  0.000682
    -0.000473 -0.000349  0.000458
    -0.000467 -0.000337  0.000429
    -0.000415 -0.000381  0.000261
    -0.000278 -0.000428 -0.000085
    -0.001461  0.000331 -0.000318
    -0.000050 -0.000385 -0.000264
    -0.000476 -0.000423  0.000530
    -0.000516 -0.000183  0.000353
    -0.000528  0.000133  0.000057
    -0.000615  0.000185 -0.000031
    -0.000677  0.000064  0.000100
    -0.000715 -0.000052  0.000363
    -0.000722  0.000148  0.000279
    -0.000730  0.000528  0.000014
    -0.000649  0.000617 -0.000044
    -0.000379  0.000020  0.000521
     0.000104 -0.000202  0.000094
     0.000792 -0.000257 -0.000526
     0.000685 -0.000694 -0.000420
     0.000452 -0.000168  0.000038
     0.000758 -0.000518  0.000034
     0.001422 -0.001002 -0.000133
     0.001740 -0.001164 -0.000284
     0.001614 -0.001091 -0.000338
     0.000029 -0.000561  0.000058
    -0.000782 -0.000407  0.000292
    -0.001210 -0.000505  0.000457
    -0.002048  0.000142 -0.000226
     0.016972  0.021941 -0.001430
     0.071400  0.036001  0.001059
     0.105234  0.044357  0.002838
     0.097689  0.050528  0.002499
     0.059142  0.046198  0.000767
     0.025044  0.024616 -0.000093
     0.009553  0.012753  0.000053
     0.000348  0.007453 -0.000085
    -0.007136  0.014397 -0.000382
    -0.025866  0.030844  0.000381
    -0.055254  0.053596  0.000898
    -0.089392  0.057300  0.001573
    -0.100520  0.049838  0.001688
    -0.068747  0.039695 -0.001094
    -0.022992  0.012568 -0.000479
    -0.002079  0.000106 -0.000161
    -0.000626  0.000086 -0.000511
    -0.000293 -0.000009 -0.000242
     0.000494 -0.000298 -0.000121
     0.001554 -0.000705 -0.000295
     0.001672 -0.000803 -0.000232
     0.001492 -0.000779 -0.000004
     0.000966 -0.000579  0.000465
     0.000545 -0.000372  0.000736
     0.000744 -0.000239  0.000537
     0.000807 -0.000185  0.000258
     0.000298 -0.000256  0.000489
    -0.000544  0.000048  0.000236
    -0.001128  0.000192 -0.000459
    -0.001190  0.000410 -0.000217
    -0.000978  0.000011  0.000355
    -0.000887 -0.000230  0.000660
    -0.000993 -0.000202  0.000470
    -0.001024 -0.000085  0.000236
    -0.000898 -0.000088  0.000235
    -0.000685 -0.000377  0.000698
    -0.000238 -0.000222  0.000248
     0.000344 -0.000031 -0.000364
     0.000769 -0.000045 -0.000592
     0.000259 -0.000073 -0.000345
    -0.000046 -0.000143  0.000038
    -0.000218 -0.000170  0.000258
    -0.000234 -0.000180  0.000270
    -0.000455 -0.000257  0.000519
    -0.000482 -0.000252  0.000566
    -0.000501 -0.000270  0.000569
    -0.000567 -0.000300  0.000636
    -0.000531 -0.000284  0.000599
    -0.000531 -0.000284  0.000599
    -0.000528 -0.000259  0.000560
    -0.000533 -0.000296  0.000619
    -0.000536 -0.000323  0.000686
    -0.000528 -0.000382  0.000689
    -0.000475 -0.000341  0.000466
    -0.000467 -0.000320  0.000427
    -0.000406 -0.000377  0.000217
    -0.000112 -0.000384 -0.000236
    -0.000824  0.000044 -0.000357
    -0.000037 -0.000337 -0.000290
    -0.000469 -0.000359  0.000513
    -0.000528 -0.000110  0.000324
    -0.000546  0.000145  0.000104
    -0.000610  0.000062  0.000092
    -0.000657  0.000040  0.000043
    -0.000695  0.000037  0.000196
    -0.000782  0.000435  0.000051
    -0.000197  0.000510 -0.000080
    -0.000550  0.000612  0.000007
    -0.000439 -0.000021  0.000562
     0.000043 -0.000305  0.000242
     0.000340 -0.000188 -0.000098
     0.000823 -0.000820 -0.000446
     0.000870 -0.000422 -0.000224
     0.001101 -0.000841 -0.000121
     0.001969 -0.001358 -0.000345
     0.001709 -0.001506 -0.000021
     0.001382 -0.001223  0.000109
     0.001486 -0.000790 -0.000121
     0.002577 -0.000798 -0.000667
     0.003996 -0.000879 -0.001130
     0.001860 -0.001163 -0.000010
    -0.001342  0.000698 -0.000946
     0.054893  0.027176  0.000031
     0.088401  0.048642  0.002201
     0.092030  0.062927  0.002951
     0.066498  0.070673  0.002185
     0.037560  0.077967  0.000901
     0.018760  0.086610  0.000680
     0.002514  0.089833  0.000230
    -0.017338  0.087414  0.000255
    -0.037525  0.077983  0.000181
    -0.062050  0.075837  0.000842
    -0.082310  0.073461  0.000893
    -0.082836  0.056694  0.000001
    -0.054430  0.024845 -0.001342
    -0.004263  0.000823  0.000457
     0.001865 -0.001066  0.000261
     0.002799 -0.001007  0.000189
     0.002072 -0.000853  0.000422
     0.001521 -0.000809  0.000394
     0.001582 -0.000955 -0.000028
     0.001788 -0.001002 -0.000408
     0.001827 -0.000859 -0.000450
     0.001255 -0.000646  0.000018
     0.001011 -0.000456  0.000344
     0.000830 -0.000282  0.000577
     0.000574 -0.000283  0.000462
     0.000224 -0.000307  0.000471
    -0.000569 -0.000003  0.000349
    -0.001130 -0.000119 -0.000532
    -0.001282  0.000131 -0.000488
    -0.001197  0.000283 -0.000027
    -0.000962 -0.000191  0.000519
    -0.000993 -0.000264  0.000497
    -0.000937 -0.000192  0.000416
    -0.000896 -0.000050  0.000227
    -0.000725 -0.000290  0.000594
    -0.000261 -0.000204  0.000323
     0.000338 -0.000015 -0.000318
     0.000478  0.000025 -0.000528
     0.000311 -0.000026 -0.000369
    -0.000014 -0.000131 -0.000001
    -0.000228 -0.000165  0.000281
    -0.000245 -0.000181  0.000290
    -0.000404 -0.000246  0.000454
    -0.000473 -0.000250  0.000555
    -0.000516 -0.000276  0.000584
    -0.000562 -0.000298  0.000629
    -0.000531 -0.000284  0.000599
    -0.000531 -0.000284  0.000599
    -0.000530 -0.000272  0.000579
    -0.000531 -0.000270  0.000589
    -0.000537 -0.000342  0.000701
    -0.000520 -0.000379  0.000659
    -0.000482 -0.000333  0.000494
    -0.000434 -0.000338  0.000293
    -0.000411 -0.000353  0.000218
    -0.000076 -0.000356 -0.000278
    -0.000189 -0.000235 -0.000399
    -0.000151 -0.000303 -0.000213
    -0.000426 -0.000380  0.000390
    -0.000535 -0.000077  0.000321
    -0.000571  0.000066  0.000163
    -0.000588  0.000020  0.000140
    -0.000628  0.000023  0.000038
    -0.000709  0.000147  0.000061
    -0.000843  0.000574 -0.000082
     0.002970 -0.000409 -0.000344
    -0.000765  0.000613  0.000028
    -0.000482 -0.000103  0.000591
    -0.000006 -0.000394  0.000394
     0.000307 -0.000365  0.000237
     0.000924 -0.000419 -0.000273
     0.001902 -0.000737 -0.000711
     0.002177 -0.001132 -0.000618
     0.001173 -0.000892 -0.000253
     0.001234 -0.001422  0.000226
     0.000576 -0.000883  0.000514
     0.000318 -0.000356  0.000351
     0.000787 -0.000832 -0.000262
     0.004063 -0.001852 -0.001630
     0.004416 -0.000860 -0.001207
     0.000138 -0.000516  0.000229
     0.026781  0.016575 -0.001099
     0.070218  0.040794  0.001167
     0.078051  0.054306  0.002062
     0.049321  0.072026  0.001571
     0.016125  0.092963  0.000953
    -0.002106  0.114409  0.000199
     0.001158  0.121658  0.000658
     0.002658  0.114418  0.000581
    -0.014558  0.092384 -0.000376
    -0.049130  0.070152 -0.000511
    -0.071199  0.060582 -0.000127
    -0.067569  0.042878 -0.001187
    -0.029996  0.013058 -0.000915
    -0.000082 -0.000767  0.000676
     0.002971 -0.001033 -0.000075
     0.002524 -0.000672  0.000180
     0.000812 -0.000381  0.000770
     0.000365 -0.000470  0.000734
     0.000752 -0.000757  0.000371
     0.001544 -0.000988 -0.000280
     0.002071 -0.000914 -0.000800
     0.001820 -0.000707 -0.000461
     0.001573 -0.000529 -0.000066
     0.001029 -0.000441  0.000320
     0.000438 -0.000428  0.000579
     0.000145 -0.000361  0.000485
    -0.000574 -0.000116  0.000514
    -0.001209  0.000295 -0.000349
    -0.002136  0.000277 -0.000584
    -0.001341  0.000394 -0.000181
    -0.001058 -0.000111  0.000368
    -0.000966 -0.000284  0.000499
    -0.000887 -0.000220  0.000458
    -0.000874 -0.000137  0.000368
    -0.000741 -0.000246  0.000548
    -0.000139 -0.000184  0.000182
     0.000285 -0.000024 -0.000239
     0.000434  0.000016 -0.000469
     0.000317 -0.000007 -0.000359
    -0.000032 -0.000124  0.000030
    -0.000106 -0.000137  0.000122
    -0.000274 -0.000186  0.000329
    -0.000381 -0.000238  0.000429
    -0.000455 -0.000247  0.000530
    -0.000545 -0.000286  0.000618
    -0.000546 -0.000291  0.000613
    -0.000531 -0.000284  0.000599
    -0.000531 -0.000284  0.000599
    -0.000532 -0.000288  0.000608
    -0.000529 -0.000239  0.000554
    -0.000535 -0.000358  0.000705
    -0.000516 -0.000371  0.000641
    -0.000524 -0.000373  0.000680
    -0.000420 -0.000323  0.000240
    -0.000411 -0.000331  0.000208
    -0.000005 -0.000328 -0.000346
     0.000004 -0.000355 -0.000324
    -0.000270 -0.000264 -0.000135
    -0.000427 -0.000341  0.000396
    -0.000542 -0.000083  0.000347
    -0.000588  0.000107  0.000117
    -0.000575 -0.000085  0.000353
    -0.000598 -0.000025  0.000153
    -0.000727  0.000324 -0.000104
     0.000175  0.000368 -0.000323
     0.001039  0.000136 -0.000311
    -0.000771  0.000439  0.000038
    -0.000486 -0.000173  0.000581
    -0.000033 -0.000430  0.000493
     0.000363 -0.000589  0.000391
     0.000930 -0.000781 -0.000035
     0.002045 -0.000957 -0.000658
    -0.001730  0.001484 -0.000309
     0.000437 -0.000102 -0.000334
     0.000613 -0.001095  0.000434
    -0.000224 -0.000412  0.000507
    -0.000812 -0.000040  0.000672
    -0.000761  0.000129  0.000278
     0.000961 -0.000182 -0.000887
     0.000294  0.000719 -0.000837
    -0.000048 -0.000373  0.000332
     0.007897 -0.001586 -0.001344
     0.055833  0.011147 -0.000326
     0.059996  0.028600  0.000539
     0.023873  0.046558  0.000470
    -0.012059  0.056498 -0.000630
    -0.017566  0.066510 -0.001164
    -0.001069  0.074126 -0.000215
     0.016220  0.070977  0.000823
     0.008360  0.060474  0.000324
    -0.026719  0.045831 -0.000602
    -0.056142  0.030791 -0.000918
    -0.054871  0.012308 -0.000673
    -0.011840  0.003963  0.000391
     0.000146 -0.000317  0.000410
     0.004331 -0.001205 -0.000442
     0.001504 -0.000247 -0.000229
    -0.000600  0.000113  0.000521
    -0.000845 -0.000060  0.000690
    -0.000281 -0.000479  0.000626
     0.000960 -0.000795  0.000003
     0.002233 -0.000847 -0.000773
     0.004769 -0.001472 -0.000868
     0.001716 -0.000637 -0.000222
     0.001163 -0.000638  0.000105
     0.000512 -0.000557  0.000484
     0.000084 -0.000393  0.000531
    -0.000565 -0.000224  0.000631
    -0.001194  0.000284 -0.000041
    -0.001522  0.000584 -0.000436
    -0.001496  0.000476 -0.000356
    -0.001187  0.000047  0.000120
    -0.000880 -0.000281  0.000538
    -0.000761 -0.000248  0.000592
    -0.000919 -0.000108  0.000323
    -0.000735 -0.000240  0.000560
    -0.000168 -0.000176  0.000244
     0.000229 -0.000033 -0.000156
     0.000355 -0.000006 -0.000365
     0.000337  0.000015 -0.000360
    -0.000039 -0.000115  0.000050
    -0.000071 -0.000120  0.000091
    -0.000399 -0.000242  0.000458
    -0.000370 -0.000232  0.000423
    -0.000434 -0.000243  0.000502
    -0.000580 -0.000297  0.000659
    -0.000525 -0.000280  0.000593
    -0.000531 -0.000284  0.000599
    -0.000531 -0.000284  0.000599
    -0.000531 -0.000284  0.000599
    -0.000528 -0.000237  0.000539
    -0.000531 -0.000367  0.000689
    -0.000512 -0.000361  0.000626
    -0.000524 -0.000368  0.000682
    -0.000408 -0.000306  0.000193
    -0.000410 -0.000307  0.000200
     0.000088 -0.000303 -0.000427
     0.000084 -0.000314 -0.000401
    -0.000119 -0.000305 -0.000234
    -0.000433 -0.000351  0.000428
    -0.000546 -0.000079  0.000351
    -0.000598  0.000141  0.000108
    -0.000571 -0.000106  0.000401
    -0.000611 -0.000040  0.000344
    -0.000739  0.000552 -0.000320
     0.001944 -0.000172 -0.000587
     0.001997 -0.000184 -0.000591
    -0.000795  0.000416 -0.000114
    -0.000474 -0.000247  0.000518
    -0.000069 -0.000581  0.000636
     0.000423 -0.000776  0.000445
     0.000926 -0.000907  0.000067
     0.002072 -0.001087 -0.000599
    -0.003251  0.002350 -0.000255
     0.000803  0.000190 -0.000598
     0.000549 -0.000803  0.000301
    -0.000565 -0.000138  0.000437
    -0.001418  0.000395  0.000301
    -0.001645  0.000200  0.000609
    -0.001261  0.000310 -0.000370
    -0.002474  0.001401 -0.000358
    -0.000445 -0.000303  0.000252
     0.006335 -0.001050 -0.000935
     0.047561 -0.004710 -0.001143
     0.046705 -0.003236 -0.000251
     0.013471 -0.000935  0.000140
    -0.013142  0.002510 -0.000771
    -0.020932  0.003771 -0.000627
    -0.003621  0.001188 -0.000366
     0.014646 -0.001250  0.000167
     0.009569 -0.000514  0.000184
    -0.018609  0.003254 -0.000658
    -0.045913 -0.003973 -0.000463
    -0.048493 -0.000588  0.000096
    -0.008703  0.002474  0.000043
    -0.000107 -0.000109  0.000115
     0.004634 -0.001274 -0.000807
     0.000595  0.000083 -0.000480
    -0.001448  0.000378  0.000341
    -0.001639  0.000209  0.000560
    -0.000703 -0.000275  0.000658
     0.000826 -0.000653  0.000215
     0.002336 -0.000765 -0.000589
     0.006677 -0.002039 -0.000973
     0.001771 -0.000697 -0.000321
     0.001213 -0.000718  0.000054
     0.000631 -0.000645  0.000327
     0.000058 -0.000463  0.000456
    -0.000552 -0.000339  0.000681
    -0.001274  0.000158  0.000033
    -0.003377  0.001162 -0.000143
    -0.003321  0.001137 -0.000148
    -0.001345  0.000252 -0.000209
    -0.000807 -0.000198  0.000553
    -0.000731 -0.000251  0.000616
    -0.000940 -0.000066  0.000278
    -0.000738 -0.000233  0.000557
    -0.000187 -0.000187  0.000262
     0.000299 -0.000022 -0.000249
     0.000376  0.000021 -0.000350
     0.000368  0.000039 -0.000368
    -0.000048 -0.000107  0.000075
    -0.000042 -0.000105  0.000069
    -0.000404 -0.000242  0.000467
    -0.000364 -0.000226  0.000422
    -0.000414 -0.000241  0.000473
    -0.000585 -0.000304  0.000658
    -0.000531 -0.000284  0.000599
    -0.000531 -0.000284  0.000599
    -0.000531 -0.000284  0.000599
    -0.000532 -0.000290  0.000605
    -0.000527 -0.000247  0.000539
    -0.000535 -0.000373  0.000699
    -0.000513 -0.000353  0.000629
    -0.000522 -0.000362  0.000672
    -0.000417 -0.000297  0.000223
    -0.000404 -0.000282  0.000175
     0.000024 -0.000264 -0.000396
     0.000048 -0.000259 -0.000399
    -0.000292 -0.000320 -0.000093
    -0.000429 -0.000353  0.000404
    -0.000543 -0.000078  0.000355
    -0.000592  0.000126  0.000151
    -0.000578 -0.000068  0.000383
    -0.000620  0.000086  0.000354
    -0.000735  0.000366 -0.000027
    -0.000860  0.000615 -0.000475
    -0.000877  0.000609 -0.000560
    -0.000745  0.000306 -0.000203
    -0.000466 -0.000274  0.000398
    -0.000074 -0.000725  0.000688
     0.000318 -0.000908  0.000604
     0.000843 -0.000970  0.000111
     0.001944 -0.001176 -0.000488
    -0.001712  0.001568 -0.000395
     0.001618  0.000054 -0.000903
     0.000684 -0.000590  0.000097
    -0.000232 -0.000370  0.000583
    -0.000785 -0.000178  0.000422
    -0.000845 -0.000484  0.000670
    -0.000411 -0.000375 -0.000232
    -0.001063  0.000550 -0.000184
    -0.000092 -0.000691  0.000543
     0.010686 -0.002853 -0.000959
     0.053191 -0.021655 -0.001487
     0.057725 -0.031927 -0.000825
     0.026130 -0.044732  0.000144
    -0.009463 -0.063426 -0.000595
    -0.014601 -0.072594 -0.000781
    -0.000671 -0.076528  0.000002
     0.014778 -0.070978  0.000704
     0.008961 -0.062227  0.000599
    -0.027349 -0.049270 -0.000828
    -0.058810 -0.029884  0.000330
    -0.055715 -0.013166  0.000564
    -0.010283  0.001519 -0.000349
     0.000172 -0.000447  0.000173
     0.002039 -0.000717 -0.000891
     0.001085 -0.000366 -0.000714
    -0.000550 -0.000143  0.000057
    -0.000830 -0.000230  0.000515
    -0.000290 -0.000436  0.000702
     0.000919 -0.000587  0.000379
     0.002398 -0.000679 -0.000347
     0.005243 -0.001590 -0.000809
     0.001735 -0.000732 -0.000394
     0.001179 -0.000719 -0.000043
     0.000537 -0.000688  0.000246
     0.000108 -0.000514  0.000310
    -0.000572 -0.000396  0.000617
    -0.001240 -0.000040  0.000175
    -0.002238  0.000437 -0.000058
    -0.001719  0.000303 -0.000161
    -0.001172  0.000151  0.000051
    -0.000842 -0.000011  0.000358
    -0.000755 -0.000208  0.000565
    -0.000912 -0.000061  0.000292
    -0.000733 -0.000229  0.000553
    -0.000167 -0.000181  0.000235
     0.000233 -0.000057 -0.000199
     0.000346  0.000036 -0.000289
     0.000332  0.000043 -0.000310
    -0.000042 -0.000095  0.000086
    -0.000073 -0.000110  0.000110
    -0.000400 -0.000238  0.000467
    -0.000372 -0.000224  0.000436
    -0.000432 -0.000253  0.000483
    -0.000578 -0.000306  0.000644
    -0.000525 -0.000282  0.000591
    -0.000531 -0.000284  0.000599
    -0.000531 -0.000284  0.000599
    -0.000530 -0.000269  0.000585
    -0.000530 -0.000275  0.000581
    -0.000533 -0.000359  0.000670
    -0.000516 -0.000348  0.000639
    -0.000485 -0.000356  0.000509
    -0.000428 -0.000294  0.000263
    -0.000398 -0.000261  0.000157
    -0.000018 -0.000228 -0.000377
     0.000109 -0.000193 -0.000541
    -0.000149 -0.000299 -0.000216
    -0.000415 -0.000304  0.000339
    -0.000538 -0.000062  0.000348
    -0.000574  0.000081  0.000191
    -0.000603  0.000097  0.000279
    -0.000660  0.000184  0.000329
    -0.000723  0.000221  0.000194
    -0.000816  0.000438 -0.000329
    -0.000201  0.000383 -0.000740
    -0.000710  0.000335 -0.000475
    -0.000449 -0.000273  0.000284
    -0.000055 -0.000744  0.000628
     0.000218 -0.001021  0.000652
     0.000603 -0.001208  0.000325
     0.001656 -0.001275 -0.000294
     0.002263 -0.000944 -0.000766
     0.002882 -0.000564 -0.001138
     0.001569 -0.000689 -0.000341
     0.000581 -0.000849  0.000491
     0.000268 -0.000967  0.000496
     0.000549 -0.001428  0.000472
     0.000753 -0.000322 -0.000296
     0.003245 -0.001433 -0.000391
     0.000105 -0.000350  0.000529
     0.028680 -0.019992 -0.001309
     0.066146 -0.046305 -0.001859
     0.074735 -0.056196 -0.001164
     0.046012 -0.071624  0.000333
     0.012570 -0.094151  0.001591
    -0.000274 -0.111726  0.003404
     0.002057 -0.116629  0.005304
     0.004251 -0.112036  0.003587
    -0.008968 -0.096579 -0.000173
    -0.049543 -0.071410  0.000301
    -0.075638 -0.052883  0.000650
    -0.069290 -0.034169  0.000594
    -0.030173 -0.012989  0.000201
    -0.000026 -0.000364  0.000407
     0.003047 -0.001423 -0.000781
     0.003581 -0.000342 -0.001004
     0.000930 -0.000986 -0.000321
     0.000426 -0.000783  0.000167
     0.000750 -0.000743  0.000396
     0.001482 -0.000671  0.000294
     0.001996 -0.000531 -0.000107
     0.001804 -0.000624 -0.000312
     0.001619 -0.000762 -0.000488
     0.001096 -0.000780 -0.000293
     0.000492 -0.000703  0.000081
     0.000174 -0.000505  0.000224
    -0.000603 -0.000452  0.000607
    -0.001331 -0.000143  0.000128
    -0.003460  0.000828  0.000125
    -0.001388  0.000062  0.000040
    -0.001033  0.000068  0.000249
    -0.000912  0.000107  0.000238
    -0.000861 -0.000033  0.000333
    -0.000869 -0.000100  0.000344
    -0.000736 -0.000209  0.000524
    -0.000145 -0.000152  0.000239
     0.000285 -0.000023 -0.000236
     0.000422  0.000076 -0.000361
     0.000306  0.000048 -0.000259
    -0.000039 -0.000086  0.000099
    -0.000109 -0.000118  0.000155
    -0.000272 -0.000195  0.000312
    -0.000383 -0.000225  0.000452
    -0.000451 -0.000264  0.000499
    -0.000544 -0.000291  0.000609
    -0.000547 -0.000288  0.000619
    -0.000531 -0.000284  0.000599
    -0.000531 -0.000284  0.000599
    -0.000529 -0.000254  0.000568
    -0.000532 -0.000298  0.000615
    -0.000532 -0.000346  0.000645
    -0.000524 -0.000352  0.000669
    -0.000474 -0.000339  0.000464
    -0.000471 -0.000352  0.000449
    -0.000386 -0.000237  0.000124
    -0.000027 -0.000199 -0.000379
    -0.000460  0.000096 -0.000531
    -0.000011 -0.000282 -0.000333
    -0.000467 -0.000348  0.000505
    -0.000535 -0.000073  0.000392
    -0.000541  0.000122  0.000063
    -0.000626  0.000145  0.000243
    -0.000687  0.000195  0.000324
    -0.000709  0.000107  0.000324
    -0.000755  0.000301 -0.000192
    -0.000753  0.000429 -0.000574
    -0.000651  0.000333 -0.000593
    -0.000392 -0.000259  0.000131
    -0.000029 -0.000823  0.000588
     0.000212 -0.001104  0.000513
     0.000420 -0.001429  0.000582
     0.000602 -0.001211  0.000356
     0.001043 -0.000967 -0.000023
     0.002182 -0.000892 -0.000705
     0.002040 -0.000783 -0.000581
     0.001489 -0.000989 -0.000072
     0.001186 -0.001447  0.000387
     0.002049 -0.001953  0.000227
     0.003455 -0.002067 -0.000198
     0.001732 -0.001443  0.000206
     0.004406 -0.000686 -0.000128
     0.052262 -0.032988 -0.001896
     0.081723 -0.056638 -0.002066
     0.090011 -0.064129 -0.000063
     0.063439 -0.070685  0.000991
     0.031393 -0.081396  0.003454
     0.013781 -0.089726  0.002519
     0.002182 -0.094026  0.001886
    -0.009545 -0.091204  0.000070
    -0.029272 -0.083175 -0.001335
    -0.063580 -0.073992  0.001578
    -0.086445 -0.063014  0.002717
    -0.084779 -0.043159  0.000994
    -0.054996 -0.022139  0.000669
    -0.001637 -0.001729 -0.001096
     0.001889 -0.001187  0.000042
     0.002901 -0.001526 -0.000750
     0.002170 -0.001352 -0.000482
     0.001577 -0.001093 -0.000120
     0.001562 -0.000854  0.000155
     0.001727 -0.000690  0.000158
     0.001788 -0.000657 -0.000085
     0.001266 -0.000701 -0.000081
     0.001077 -0.000791 -0.000262
     0.000940 -0.000846 -0.000444
     0.000648 -0.000659 -0.000220
     0.000265 -0.000520  0.000085
    -0.000635 -0.000540  0.000636
    -0.001328 -0.000198  0.000093
    -0.001433 -0.000074  0.000026
    -0.001243 -0.000043  0.000191
    -0.000938 -0.000019  0.000404
    -0.000940  0.000113  0.000245
    -0.000908  0.000010  0.000281
    -0.000904 -0.000105  0.000263
    -0.000712 -0.000199  0.000533
    -0.000262 -0.000199  0.000332
     0.000333  0.000009 -0.000274
     0.000707  0.000018 -0.000403
     0.000296  0.000054 -0.000225
    -0.000025 -0.000073  0.000103
    -0.000225 -0.000179  0.000256
    -0.000246 -0.000180  0.000291
    -0.000406 -0.000234  0.000476
    -0.000469 -0.000273  0.000514
    -0.000515 -0.000279  0.000579
    -0.000563 -0.000293  0.000638
    -0.000531 -0.000284  0.000599
    -0.000531 -0.000284  0.000599
    -0.000529 -0.000250  0.000562
    -0.000533 -0.000312  0.000630
    -0.000531 -0.000340  0.000634
    -0.000533 -0.000348  0.000680
    -0.000470 -0.000327  0.000443
    -0.000466 -0.000332  0.000426
    -0.000396 -0.000245  0.000171
    -0.000145 -0.000137 -0.000310
    -0.001049  0.000388 -0.000515
     0.000021 -0.000230 -0.000383
    -0.000455 -0.000273  0.000430
    -0.000531 -0.000108  0.000490
    -0.000531  0.000145  0.000078
    -0.000627  0.000249  0.000084
    -0.000698  0.000168  0.000290
    -0.000723 -0.000011  0.000438
    -0.000709  0.000078  0.000153
    -0.000688  0.000317 -0.000368
    -0.000594  0.000336 -0.000553
    -0.000326 -0.000251  0.000031
     0.000001 -0.000934  0.000582
     0.000336 -0.001134  0.000238
     0.000327 -0.001346  0.000548
     0.000338 -0.001193  0.000499
     0.000659 -0.001230  0.000509
     0.001393 -0.001065 -0.000084
     0.001817 -0.000997 -0.000413
     0.001700 -0.000904 -0.000483
     0.000052 -0.000400 -0.000050
    -0.000701  0.000168 -0.000093
    -0.000892 -0.000703 -0.000473
    -0.001646 -0.002185 -0.000122
     0.022159 -0.020552 -0.000671
     0.066587 -0.044267 -0.001963
     0.099675 -0.051259 -0.000857
     0.094483 -0.052646  0.000181
     0.058896 -0.040649 -0.000544
     0.029207 -0.023955 -0.000374
     0.012287 -0.011195 -0.000070
     0.001774 -0.004856 -0.000115
    -0.007041 -0.014174  0.000061
    -0.024682 -0.031734 -0.000076
    -0.058686 -0.053009 -0.000004
    -0.092421 -0.059396  0.002994
    -0.101339 -0.044704  0.001728
    -0.069989 -0.031402  0.000762
    -0.021184 -0.016645 -0.000325
    -0.001643 -0.002263 -0.000211
    -0.000720  0.000565  0.000357
    -0.000339  0.000227  0.000186
     0.000481 -0.000232 -0.000002
     0.001538 -0.000624 -0.000148
     0.001658 -0.000730 -0.000102
     0.001497 -0.000806 -0.000053
     0.001024 -0.000872 -0.000065
     0.000638 -0.000846 -0.000124
     0.000850 -0.000776 -0.000437
     0.000889 -0.000605 -0.000504
     0.000357 -0.000557 -0.000056
    -0.000636 -0.000610  0.000676
    -0.001262 -0.000158  0.000035
    -0.001262 -0.000103  0.000126
    -0.001002 -0.000158  0.000469
    -0.000873 -0.000130  0.000593
    -0.000957  0.000053  0.000300
    -0.001002  0.000071  0.000133
    -0.000894 -0.000061  0.000216
    -0.000659 -0.000193  0.000575
    -0.000251 -0.000160  0.000359
     0.000331  0.000036 -0.000243
     0.001721 -0.000283 -0.000473
     0.000234  0.000053 -0.000117
    -0.000057 -0.000088  0.000139
    -0.000219 -0.000168  0.000262
    -0.000236 -0.000171  0.000287
    -0.000455 -0.000258  0.000517
    -0.000477 -0.000277  0.000521
    -0.000500 -0.000274  0.000562
    -0.000568 -0.000296  0.000644
    -0.000531 -0.000284  0.000599
    -0.000531 -0.000284  0.000599
    -0.000529 -0.000250  0.000560
    -0.000534 -0.000323  0.000645
    -0.000535 -0.000362  0.000691
    -0.000532 -0.000331  0.000641
    -0.000472 -0.000321  0.000444
    -0.000458 -0.000310  0.000395
    -0.000407 -0.000253  0.000220
    -0.000160 -0.000166 -0.000284
    -0.001638  0.000689 -0.000505
    -0.000020 -0.000180 -0.000378
    -0.000448 -0.000221  0.000375
    -0.000527 -0.000095  0.000413
    -0.000526  0.000139  0.000168
    -0.000618  0.000256  0.000019
    -0.000691  0.000131  0.000202
    -0.000732 -0.000090  0.000493
    -0.000697  0.000031  0.000214
    -0.000638  0.000237 -0.000115
    -0.000530  0.000280 -0.000375
    -0.000245 -0.000348  0.000037
     0.000023 -0.001052  0.000604
     0.000372 -0.001033  0.000149
     0.000344 -0.001100  0.000337
     0.000320 -0.001131  0.000487
     0.000575 -0.001171  0.000461
     0.000819 -0.001199  0.000400
     0.000908 -0.000917 -0.000055
    -0.001007  0.000333 -0.000123
    -0.002763 -0.000829 -0.000294
    -0.004286 -0.002238 -0.000462
    -0.005940 -0.008511 -0.000556
     0.002916 -0.026098 -0.000131
     0.031917 -0.037459 -0.000493
     0.069810 -0.044206 -0.001466
     0.098125 -0.033744  0.000053
     0.085573 -0.013676 -0.000182
     0.036173  0.000151 -0.000391
     0.001658  0.021747  0.000009
    -0.010399  0.035116 -0.000617
    -0.006619  0.036971 -0.000551
    -0.008451  0.035630 -0.000512
    -0.008476  0.022737 -0.000438
    -0.039540  0.001477  0.000316
    -0.085042 -0.020449  0.001943
    -0.099785 -0.037359  0.001857
    -0.072203 -0.036278  0.000633
    -0.031400 -0.037699 -0.000621
    -0.012489 -0.025976 -0.000287
    -0.004089 -0.009075 -0.000235
    -0.004303 -0.001399  0.000386
    -0.002696  0.000679  0.000392
    -0.000623  0.000402  0.000153
     0.001153 -0.000617 -0.000153
     0.001183 -0.000892 -0.000027
     0.000753 -0.000965  0.000090
     0.000576 -0.000835 -0.000046
     0.000849 -0.000652 -0.000321
     0.000869 -0.000549 -0.000448
     0.000430 -0.000601 -0.000183
    -0.000513 -0.000659  0.000594
    -0.001117 -0.000122  0.000049
    -0.001092 -0.000064  0.000183
    -0.000954 -0.000189  0.000527
    -0.000836 -0.000211  0.000709
    -0.000979 -0.000050  0.000364
    -0.001023  0.000047  0.000120
    -0.000851 -0.000017  0.000212
    -0.000691 -0.000217  0.000560
    -0.000241 -0.000131  0.000373
     0.000299  0.000051 -0.000187
     0.002788 -0.000598 -0.000542
     0.000237  0.000038 -0.000135
    -0.000093 -0.000102  0.000178
    -0.000207 -0.000155  0.000263
    -0.000241 -0.000170  0.000295
    -0.000481 -0.000272  0.000536
    -0.000442 -0.000254  0.000498
    -0.000487 -0.000269  0.000547
    -0.000569 -0.000297  0.000644
    -0.000531 -0.000284  0.000599
    -0.000531 -0.000284  0.000599
    -0.000529 -0.000254  0.000562
    -0.000534 -0.000329  0.000655
    -0.000535 -0.000358  0.000689
    -0.000530 -0.000319  0.000613
    -0.000490 -0.000344  0.000510
    -0.000457 -0.000296  0.000388
    -0.000450 -0.000304  0.000397
    -0.000235 -0.000169 -0.000225
    -0.001495  0.000671 -0.000546
    -0.000037 -0.000122 -0.000391
    -0.000418 -0.000148  0.000247
    -0.000533 -0.000145  0.000582
    -0.000521  0.000167  0.000051
    -0.000608  0.000191  0.000095
    -0.000672  0.000088  0.000167
    -0.000721 -0.000180  0.000485
    -0.000706 -0.000022  0.000327
    -0.000623  0.000287 -0.000193
    -0.000467  0.000192 -0.000160
    -0.000149 -0.000567  0.000300
     0.000031 -0.001026  0.000593
     0.000252 -0.000888  0.000163
     0.000414 -0.000874  0.000124
     0.000403 -0.001111  0.000577
     0.000593 -0.001085  0.000456
     0.000767 -0.001283  0.000502
    -0.000427 -0.000676  0.000576
    -0.003172  0.001067  0.000560
    -0.005136  0.000044  0.000183
    -0.007061 -0.001120  0.000284
     0.001794 -0.016404  0.000131
     0.010975 -0.031626  0.000194
     0.033526 -0.035304 -0.000289
     0.060681 -0.028797 -0.000602
     0.079190 -0.008378 -0.000208
     0.064052  0.016436  0.000162
     0.016204  0.031643  0.000332
    -0.009383  0.028789 -0.000571
    -0.004940  0.023333 -0.001193
     0.002853  0.025003 -0.000940
     0.002968  0.031219 -0.000943
    -0.003421  0.033970 -0.000351
    -0.022380  0.034171 -0.000487
    -0.062500  0.015556  0.000241
    -0.080112 -0.013178  0.000842
    -0.061264 -0.032111  0.000212
    -0.035422 -0.037948 -0.000641
    -0.016352 -0.032047 -0.000570
    -0.010597 -0.014990 -0.000241
    -0.007051 -0.001266  0.000346
    -0.005044  0.001135  0.000309
    -0.002961  0.001228  0.000360
    -0.000081 -0.000318 -0.000020
     0.001133 -0.000926 -0.000067
     0.000699 -0.000963  0.000236
     0.000736 -0.000762 -0.000010
     0.000873 -0.000543 -0.000204
     0.000773 -0.000503 -0.000294
     0.000427 -0.000595 -0.000151
    -0.000196 -0.000622  0.000399
    -0.000950 -0.000111  0.000111
    -0.001124 -0.000031  0.000099
    -0.000902 -0.000204  0.000607
    -0.000766 -0.000232  0.000579
    -0.000966 -0.000127  0.000420
    -0.000967 -0.000003  0.000208
    -0.000902 -0.000041  0.000175
    -0.000612 -0.000195  0.000627
    -0.000182 -0.000082  0.000351
     0.000276  0.000070 -0.000130
     0.002879 -0.000617 -0.000511
     0.000208  0.000024 -0.000111
    -0.000206 -0.000158  0.000281
    -0.000210 -0.000150  0.000275
    -0.000283 -0.000191  0.000326
    -0.000499 -0.000284  0.000548
    -0.000446 -0.000255  0.000503
    -0.000479 -0.000265  0.000540
    -0.000565 -0.000296  0.000638
    -0.000531 -0.000284  0.000599
    -0.000531 -0.000284  0.000599
    -0.000529 -0.000256  0.000563
    -0.000535 -0.000331  0.000660
    -0.000535 -0.000357  0.000692
    -0.000533 -0.000341  0.000673
    -0.000503 -0.000361  0.000559
    -0.000463 -0.000295  0.000406
    -0.000448 -0.000276  0.000394
    -0.000307 -0.000181 -0.000164
    -0.001023  0.000491 -0.000598
    -0.000056 -0.000072 -0.000397
    -0.000415 -0.000111  0.000213
    -0.000541 -0.000175  0.000687
    -0.000530 -0.000014  0.000341
    -0.000591  0.000183  0.000010
    -0.000657  0.000058  0.000177
    -0.000704 -0.000162  0.000456
    -0.000717  0.000034  0.000258
    -0.000638  0.000253 -0.000055
    -0.000436  0.000116 -0.000184
    -0.000101 -0.000679  0.000506
     0.000011 -0.000899  0.000631
     0.000146 -0.000799  0.000329
     0.000358 -0.000642  0.000044
     0.000534 -0.000796  0.000231
     0.000622 -0.001072  0.000659
     0.000883 -0.001246  0.000362
    -0.000924 -0.000419  0.000642
    -0.003972  0.001295  0.000446
    -0.006148  0.002274  0.000550
    -0.005639  0.004262 -0.000061
     0.007974 -0.006111 -0.000105
     0.012824 -0.013457  0.000127
     0.025975 -0.013237 -0.000128
     0.046875 -0.005418 -0.000260
     0.064555  0.007007  0.000032
     0.045171  0.015374  0.000165
     0.000556  0.020346 -0.000081
    -0.008496  0.007508  0.000133
    -0.001724 -0.000528  0.000396
     0.001725 -0.001869 -0.000223
     0.000188  0.001152 -0.000966
    -0.003159  0.013726 -0.000611
    -0.014552  0.021633 -0.000735
    -0.044025  0.017804 -0.000143
    -0.062896  0.004301 -0.000240
    -0.047536 -0.004860 -0.000251
    -0.030847 -0.013245 -0.000423
    -0.017543 -0.013394 -0.000823
    -0.013622 -0.002717 -0.001302
    -0.008987  0.001733  0.000267
    -0.005888  0.002575  0.000010
    -0.003867  0.001417  0.000227
    -0.000657 -0.000110  0.000086
     0.001280 -0.000916 -0.000091
     0.000781 -0.000888  0.000329
     0.000858 -0.000621  0.000131
     0.000771 -0.000447 -0.000004
     0.000538 -0.000496 -0.000053
     0.000310 -0.000569  0.000058
    -0.000010 -0.000573  0.000315
    -0.000914 -0.000228  0.000209
    -0.001071 -0.000006  0.000152
    -0.000955 -0.000164  0.000534
    -0.000780 -0.000250  0.000613
    -0.000942 -0.000161  0.000453
    -0.000985 -0.000058  0.000215
    -0.000744 -0.000142  0.000441
    -0.000569 -0.000181  0.000670
    -0.000181 -0.000063  0.000365
     0.000255  0.000084 -0.000074
     0.002414 -0.000470 -0.000441
     0.000183  0.000008 -0.000097
    -0.000221 -0.000151  0.000319
    -0.000226 -0.000154  0.000294
    -0.000314 -0.000206  0.000350
    -0.000463 -0.000260  0.000527
    -0.000446 -0.000253  0.000506
    -0.000476 -0.000263  0.000538
    -0.000563 -0.000296  0.000635
    -0.000531 -0.000284  0.000599
    -0.000531 -0.000284  0.000599
    -0.000529 -0.000256  0.000562
    -0.000535 -0.000330  0.000661
    -0.000536 -0.000355  0.000695
    -0.000533 -0.000338  0.000672
    -0.000509 -0.000365  0.000581
    -0.000487 -0.000329  0.000492
    -0.000446 -0.000267  0.000381
    -0.000334 -0.000237 -0.000059
     0.000107 -0.000178 -0.000476
    -0.000025 -0.000023 -0.000438
    -0.000398 -0.000053  0.000145
    -0.000531 -0.000149  0.000669
    -0.000535 -0.000113  0.000504
    -0.000581  0.000069  0.000083
    -0.000640 -0.000008  0.000165
    -0.000696 -0.000112  0.000401
    -0.000717  0.000071  0.000280
    -0.000636  0.000204  0.000023
    -0.000403 -0.000034 -0.000034
    -0.000118 -0.000684  0.000557
     0.000003 -0.000747  0.000583
     0.000118 -0.000587  0.000296
     0.000232 -0.000570  0.000184
     0.000534 -0.000594  0.000061
     0.000763 -0.000949  0.000393
     0.001283 -0.001179  0.000084
    -0.000591 -0.000657  0.000670
    -0.003516  0.000889  0.000325
    -0.005821  0.001971  0.000340
    -0.007073  0.011103 -0.000159
     0.006105  0.023207 -0.000386
     0.010817  0.029373  0.000325
     0.021889  0.027037  0.000380
     0.045131  0.020533  0.000239
     0.060896  0.011929 -0.000007
     0.040822  0.004793 -0.000036
     0.001455  0.001326 -0.000176
    -0.008009 -0.000094 -0.000212
    -0.001402 -0.000648 -0.000381
     0.001168 -0.000457  0.000289
    -0.001279  0.000796  0.000400
    -0.000816 -0.000659 -0.000255
    -0.014142  0.004031 -0.000501
    -0.041401  0.007000 -0.000247
    -0.058966  0.009205 -0.000434
    -0.042805  0.021502 -0.000505
    -0.025974  0.028229 -0.000165
    -0.018904  0.028510 -0.000353
    -0.015325  0.018071  0.000055
    -0.008498  0.007037  0.000218
    -0.005462  0.003033 -0.000210
    -0.003331  0.001103 -0.000060
    -0.000267 -0.000281 -0.000005
     0.001498 -0.000892 -0.000070
     0.000997 -0.000808  0.000277
     0.000847 -0.000514  0.000217
     0.000550 -0.000428  0.000169
     0.000411 -0.000423  0.000189
     0.000243 -0.000514  0.000212
     0.000002 -0.000544  0.000306
    -0.000784 -0.000351  0.000403
    -0.001024 -0.000032  0.000219
    -0.000954 -0.000099  0.000474
    -0.000832 -0.000269  0.000684
    -0.000916 -0.000260  0.000546
    -0.000917 -0.000180  0.000380
    -0.000655 -0.000192  0.000585
    -0.000527 -0.000159  0.000704
    -0.000160 -0.000033  0.000381
     0.000257  0.000104 -0.000033
     0.000350  0.000072 -0.000229
     0.000132 -0.000032 -0.000073
    -0.000216 -0.000145  0.000318
    -0.000279 -0.000182  0.000330
    -0.000330 -0.000212  0.000366
    -0.000466 -0.000260  0.000531
    -0.000446 -0.000252  0.000509
    -0.000477 -0.000262  0.000540
    -0.000564 -0.000297  0.000635
    -0.000531 -0.000284  0.000599
    -0.000531 -0.000284  0.000599
    -0.000528 -0.000254  0.000558
    -0.000535 -0.000325  0.000658
    -0.000536 -0.000353  0.000698
    -0.000534 -0.000336  0.000672
    -0.000495 -0.000329  0.000526
    -0.000500 -0.000349  0.000541
    -0.000457 -0.000287  0.000416
    -0.000323 -0.000212 -0.000101
    -0.000268 -0.000211 -0.000172
    -0.000195 -0.000021 -0.000306
    -0.000378  0.000017  0.000085
    -0.000504 -0.000081  0.000558
    -0.000530 -0.000137  0.000601
    -0.000579 -0.000046  0.000282
    -0.000625 -0.000075  0.000168
    -0.000699 -0.000042  0.000228
    -0.000728  0.000111  0.000221
    -0.000622  0.000142  0.000157
    -0.000390 -0.000157  0.000179
    -0.000114 -0.000626  0.000461
    -0.000051 -0.000695  0.000662
    -0.000024 -0.000544  0.000490
     0.000163 -0.000430  0.000175
     0.000634 -0.000485 -0.000152
     0.000883 -0.000881  0.000106
     0.001469 -0.001212  0.000014
     0.000466 -0.000914  0.000200
    -0.002159  0.000036  0.000554
    -0.004512  0.001278  0.000266
    -0.005708  0.008734 -0.000100
    -0.003485  0.028331 -0.000566
     0.002609  0.046495 -0.000528
     0.025337  0.053300  0.000187
     0.056775  0.042184  0.000772
     0.071517  0.030378  0.001074
     0.051834  0.014595  0.000162
     0.012159 -0.003168  0.000248
    -0.008089 -0.008787 -0.000160
    -0.006471 -0.007692 -0.000687
    -0.003851 -0.006042 -0.000604
    -0.001436 -0.009790  0.000013
    -0.003329 -0.010846  0.000043
    -0.018325  0.001470 -0.000855
    -0.049935  0.013897 -0.000396
    -0.067967  0.032038 -0.000446
    -0.054025  0.043130 -0.000972
    -0.029103  0.044972 -0.001334
    -0.010060  0.037211 -0.001435
    -0.006333  0.022857 -0.000280
    -0.005844  0.008136  0.000001
    -0.004252  0.001579 -0.000274
    -0.001785  0.000471 -0.000225
     0.000906 -0.000610 -0.000125
     0.001604 -0.000918 -0.000083
     0.001197 -0.000730  0.000121
     0.000880 -0.000412  0.000170
     0.000425 -0.000363  0.000304
     0.000162 -0.000423  0.000371
     0.000123 -0.000507  0.000338
    -0.000072 -0.000578  0.000375
    -0.000654 -0.000406  0.000565
    -0.000940 -0.000042  0.000291
    -0.000998 -0.000078  0.000426
    -0.000932 -0.000289  0.000645
    -0.000884 -0.000351  0.000639
    -0.000803 -0.000234  0.000541
    -0.000604 -0.000172  0.000610
    -0.000483 -0.000134  0.000734
    -0.000150 -0.000003  0.000425
     0.000189  0.000074  0.000033
     0.000210 -0.000003 -0.000125
     0.000151 -0.000016 -0.000078
    -0.000234 -0.000158  0.000321
    -0.000307 -0.000198  0.000348
    -0.000306 -0.000190  0.000363
    -0.000467 -0.000259  0.000535
    -0.000447 -0.000250  0.000512
    -0.000482 -0.000263  0.000547
    -0.000566 -0.000298  0.000636
    -0.000531 -0.000284  0.000599
    -0.000531 -0.000284  0.000599
    -0.000528 -0.000253  0.000553
    -0.000534 -0.000316  0.000648
    -0.000536 -0.000352  0.000701
    -0.000534 -0.000333  0.000672
    -0.000495 -0.000321  0.000528
    -0.000497 -0.000321  0.000530
    -0.000475 -0.000319  0.000473
    -0.000327 -0.000205 -0.000093
    -0.000238 -0.000171 -0.000211
    -0.000339 -0.000133  0.000016
    -0.000393  0.000015  0.000142
    -0.000476 -0.000020  0.000463
    -0.000504 -0.000156  0.000627
    -0.000571 -0.000165  0.000506
    -0.000611 -0.000121  0.000250
    -0.000695 -0.000011  0.000126
    -0.000750  0.000160  0.000019
    -0.000633  0.000105  0.000115
    -0.000410 -0.000191  0.000384
    -0.000140 -0.000566  0.000666
    -0.000058 -0.000614  0.000693
    -0.000097 -0.000502  0.000636
     0.000046 -0.000438  0.000310
     0.000318 -0.000487  0.000008
     0.001262 -0.000781 -0.000290
     0.001664 -0.001200 -0.000148
     0.001591 -0.001157 -0.000123
    -0.000064 -0.000633  0.000165
    -0.001923 -0.000001  0.000612
    -0.003184  0.000571  0.000356
    -0.003455  0.002679 -0.000075
     0.000349  0.018584 -0.000778
     0.018248  0.035611 -0.000703
     0.059644  0.045071  0.000833
     0.081682  0.044029  0.001817
     0.069212  0.038232  0.001251
     0.031049  0.024016  0.000372
     0.006176  0.003722  0.000110
    -0.001752 -0.009609 -0.000413
    -0.004656 -0.013045 -0.000198
    -0.008828 -0.008135 -0.000383
    -0.016209  0.006901 -0.000676
    -0.031458  0.025970  0.000061
    -0.063939  0.042794 -0.000460
    -0.076495  0.051694 -0.000199
    -0.057861  0.041025 -0.001658
    -0.023475  0.025439 -0.000881
    -0.002113  0.014559 -0.000574
    -0.002706  0.005953 -0.000628
    -0.002881  0.000922 -0.000275
    -0.001511  0.000444 -0.000151
     0.000406 -0.000314 -0.000169
     0.001630 -0.000863 -0.000103
     0.001676 -0.000876 -0.000150
     0.001295 -0.000582 -0.000011
     0.000673 -0.000382  0.000144
     0.000262 -0.000363  0.000364
    -0.000009 -0.000433  0.000547
     0.000037 -0.000503  0.000494
    -0.000058 -0.000471  0.000496
    -0.000577 -0.000344  0.000615
    -0.000959 -0.000122  0.000364
    -0.001114 -0.000126  0.000388
    -0.000979 -0.000300  0.000602
    -0.000826 -0.000369  0.000692
    -0.000672 -0.000277  0.000699
    -0.000485 -0.000181  0.000720
    -0.000443 -0.000103  0.000743
    -0.000196 -0.000018  0.000479
     0.000014 -0.000031  0.000159
     0.000212  0.000015 -0.000097
     0.000139 -0.000015 -0.000062
    -0.000264 -0.000178  0.000329
    -0.000315 -0.000189  0.000377
    -0.000313 -0.000189  0.000377
    -0.000470 -0.000259  0.000539
    -0.000447 -0.000248  0.000515
    -0.000491 -0.000266  0.000559
    -0.000569 -0.000300  0.000638
    -0.000531 -0.000284  0.000599
    -0.000531 -0.000284  0.000599
    -0.000528 -0.000255  0.000555
    -0.000533 -0.000304  0.000631
    -0.000536 -0.000349  0.000702
    -0.000534 -0.000332  0.000674
    -0.000497 -0.000315  0.000537
    -0.000496 -0.000303  0.000529
    -0.000480 -0.000326  0.000485
    -0.000385 -0.000286  0.000134
    -0.000297 -0.000151 -0.000166
    -0.000366 -0.000192  0.000126
    -0.000435 -0.000062  0.000308
    -0.000464  0.000000  0.000420
    -0.000420 -0.000038  0.000338
    -0.000529 -0.000233  0.000620
    -0.000602 -0.000171  0.000408
    -0.000691 -0.000018  0.000232
    -0.000748  0.000153 -0.000052
    -0.000665  0.000102 -0.000073
    -0.000481 -0.000109  0.000194
    -0.000215 -0.000426  0.000651
     0.000001 -0.000410  0.000566
    -0.000057 -0.000416  0.000624
     0.000134 -0.000365  0.000182
     0.000281 -0.000471 -0.000016
     0.001186 -0.000738 -0.000364
     0.001739 -0.001021 -0.000387
     0.001277 -0.000965 -0.000052
     0.001335 -0.000818 -0.000194
     0.000690 -0.000610  0.000008
     0.001172 -0.000852 -0.000141
     0.002461 -0.001703 -0.000227
     0.001630 -0.001808  0.000231
     0.004985  0.009046 -0.001392
     0.048910  0.030779  0.000089
     0.076451  0.042578  0.001484
     0.076185  0.051901  0.001905
     0.048570  0.052126  0.000886
     0.025294  0.042339  0.000465
     0.008736  0.033324  0.000314
    -0.004809  0.033904 -0.000235
    -0.017631  0.035506 -0.000619
    -0.027688  0.041998 -0.000451
    -0.048041  0.053153 -0.000136
    -0.069724  0.057991 -0.000263
    -0.073234  0.046578 -0.000891
    -0.049652  0.025322 -0.001535
    -0.011416  0.005410 -0.000107
     0.001787 -0.001626 -0.000095
     0.002254 -0.001170 -0.000438
     0.001298 -0.000661  0.000025
     0.000995 -0.000564  0.000251
     0.001389 -0.000689  0.000128
     0.001419 -0.000779  0.000060
     0.001616 -0.000718 -0.000161
     0.001208 -0.000491 -0.000112
     0.000654 -0.000354  0.000110
     0.000361 -0.000338  0.000384
    -0.000028 -0.000425  0.000687
     0.000045 -0.000427  0.000670
    -0.000213 -0.000424  0.000647
    -0.000739 -0.000350  0.000566
    -0.001064 -0.000243  0.000418
    -0.001141 -0.000177  0.000407
    -0.000929 -0.000249  0.000599
    -0.000727 -0.000317  0.000669
    -0.000450 -0.000186  0.000584
    -0.000311 -0.000087  0.000613
    -0.000418 -0.000088  0.000729
    -0.000287 -0.000076  0.000531
    -0.000040 -0.000072  0.000184
     0.000174  0.000011 -0.000048
     0.000000 -0.000089  0.000045
    -0.000271 -0.000181  0.000330
    -0.000325 -0.000185  0.000403
    -0.000324 -0.000190  0.000395
    -0.000470 -0.000258  0.000541
    -0.000448 -0.000247  0.000519
    -0.000506 -0.000272  0.000574
    -0.000566 -0.000300  0.000634
    -0.000531 -0.000284  0.000599
    -0.000531 -0.000284  0.000599
    -0.000529 -0.000263  0.000564
    -0.000532 -0.000292  0.000613
    -0.000537 -0.000347  0.000704
    -0.000535 -0.000336  0.000686
    -0.000501 -0.000311  0.000554
    -0.000496 -0.000294  0.000530
    -0.000466 -0.000289  0.000426
    -0.000399 -0.000293  0.000168
    -0.000340 -0.000200 -0.000023
    -0.000350 -0.000164  0.000069
    -0.000531 -0.000268  0.000696
    -0.000491 -0.000062  0.000507
    -0.000394  0.000015  0.000231
    -0.000391 -0.000059  0.000211
    -0.000588 -0.000240  0.000648
    -0.000674 -0.000011  0.000255
    -0.000737  0.000084  0.000127
    -0.000683  0.000062 -0.000090
    -0.000559 -0.000054 -0.000002
    -0.000352 -0.000252  0.000295
    -0.000128 -0.000404  0.000717
    -0.000047 -0.000327  0.000630
     0.000215 -0.000271  0.000101
     0.000450 -0.000464 -0.000106
     0.001197 -0.000632 -0.000464
     0.001439 -0.000754 -0.000420
     0.000736 -0.000663  0.000046
     0.000734 -0.000482  0.000009
     0.001235 -0.000454 -0.000217
     0.003706 -0.001017 -0.000991
     0.006742 -0.000958 -0.001555
     0.005647 -0.002103 -0.000593
     0.001258 -0.000578 -0.000376
     0.037147  0.002620 -0.001496
     0.064540  0.014952  0.000170
     0.062803  0.034356  0.000847
     0.043307  0.056251  0.000800
     0.029380  0.073592  0.000885
     0.016503  0.082333  0.000925
    -0.000410  0.087011 -0.000350
    -0.015125  0.080485 -0.001109
    -0.032504  0.066388 -0.001606
    -0.043831  0.054844 -0.000507
    -0.058489  0.038285 -0.000840
    -0.063524  0.015138 -0.000691
    -0.037553  0.015427 -0.000294
     0.001153 -0.001004 -0.000244
     0.004285 -0.002153  0.000279
     0.004565 -0.001710 -0.000029
     0.002734 -0.001066  0.000341
     0.001274 -0.000618  0.000586
     0.000944 -0.000552  0.000468
     0.001033 -0.000609  0.000255
     0.001365 -0.000557 -0.000023
     0.001165 -0.000415 -0.000084
     0.000767 -0.000369  0.000128
     0.000410 -0.000321  0.000483
    -0.000047 -0.000325  0.000623
    -0.000137 -0.000394  0.000675
    -0.000549 -0.000468  0.000671
    -0.000904 -0.000401  0.000567
    -0.001077 -0.000314  0.000499
    -0.001039 -0.000172  0.000487
    -0.000907 -0.000222  0.000570
    -0.000580 -0.000232  0.000633
    -0.000195 -0.000059  0.000455
    -0.000256 -0.000048  0.000582
    -0.000455 -0.000122  0.000724
    -0.000480 -0.000220  0.000621
    -0.000009 -0.000052  0.000170
     0.000081 -0.000033  0.000018
    -0.000028 -0.000097  0.000066
    -0.000245 -0.000158  0.000323
    -0.000331 -0.000183  0.000417
    -0.000339 -0.000194  0.000416
    -0.000463 -0.000253  0.000537
    -0.000450 -0.000246  0.000523
    -0.000521 -0.000279  0.000589
    -0.000558 -0.000296  0.000625
    -0.000531 -0.000284  0.000599
    -0.000531 -0.000284  0.000599
    -0.000530 -0.000277  0.000588
    -0.000531 -0.000281  0.000594
    -0.000537 -0.000343  0.000702
    -0.000535 -0.000338  0.000693
    -0.000506 -0.000311  0.000577
    -0.000495 -0.000287  0.000530
    -0.000465 -0.000278  0.000412
    -0.000383 -0.000236  0.000104
    -0.000367 -0.000230  0.000067
    -0.000368 -0.000196  0.000122
    -0.000506 -0.000251  0.000624
    -0.000549 -0.000193  0.000686
    -0.000442 -0.000038  0.000358
    -0.000336 -0.000005  0.000093
    -0.000499 -0.000136  0.000503
    -0.000648 -0.000094  0.000515
    -0.000716  0.000072  0.000139
    -0.000693 -0.000015  0.000159
    -0.000615 -0.000043 -0.000014
    -0.000480 -0.000110 -0.000069
    -0.000281 -0.000215  0.000238
    -0.000121 -0.000384  0.000682
     0.000223 -0.000311  0.000138
     0.000937 -0.000365 -0.000461
     0.001456 -0.000601 -0.000626
     0.001150 -0.000521 -0.000424
     0.000507 -0.000351 -0.000090
     0.000288 -0.000236  0.000151
     0.000590 -0.000268  0.000015
     0.002868 -0.001143 -0.000921
     0.005686 -0.001264 -0.001743
     0.005734 -0.002092 -0.001385
     0.000018 -0.001422  0.000566
     0.032051 -0.018436 -0.001425
     0.050648 -0.006926 -0.000677
     0.042069  0.019600  0.000342
     0.014006  0.047247  0.000410
    -0.000158  0.074504 -0.000369
     0.003854  0.095997 -0.001751
     0.004977  0.102085 -0.001364
     0.003564  0.095922 -0.001803
    -0.000802  0.074242 -0.000503
    -0.018772  0.045252 -0.000399
    -0.039874  0.021556 -0.000410
    -0.051014 -0.007096 -0.000150
    -0.034254 -0.008916  0.000514
     0.000055 -0.002994 -0.001072
     0.003872 -0.001558  0.000656
     0.003812 -0.001332  0.000229
     0.002152 -0.000794  0.000430
     0.000714 -0.000444  0.000670
     0.000403 -0.000360  0.000648
     0.000780 -0.000393  0.000365
     0.001138 -0.000423  0.000112
     0.001280 -0.000400 -0.000074
     0.000958 -0.000299  0.000139
     0.000415 -0.000346  0.000476
    -0.000151 -0.000382  0.000641
    -0.000519 -0.000429  0.000557
    -0.000849 -0.000501  0.000596
    -0.000960 -0.000406  0.000600
    -0.000963 -0.000287  0.000604
    -0.001013 -0.000178  0.000486
    -0.000754 -0.000188  0.000652
    -0.000412 -0.000135  0.000607
    -0.000113 -0.000029  0.000435
    -0.000339 -0.000085  0.000620
    -0.000571 -0.000210  0.000706
    -0.000427 -0.000201  0.000580
    -0.000037 -0.000071  0.000174
     0.000022 -0.000060  0.000060
    -0.000010 -0.000067  0.000082
    -0.000242 -0.000151  0.000324
    -0.000335 -0.000182  0.000427
    -0.000359 -0.000199  0.000441
    -0.000460 -0.000250  0.000536
    -0.000454 -0.000246  0.000529
    -0.000535 -0.000285  0.000603
    -0.000540 -0.000288  0.000607
    -0.000531 -0.000284  0.000599
    -0.000531 -0.000284  0.000599
    -0.000533 -0.000293  0.000616
    -0.000530 -0.000271  0.000577
    -0.000537 -0.000336  0.000694
    -0.000536 -0.000342  0.000705
    -0.000534 -0.000332  0.000688
    -0.000488 -0.000274  0.000507
    -0.000461 -0.000265  0.000397
    -0.000379 -0.000208  0.000081
    -0.000382 -0.000232  0.000144
    -0.000377 -0.000215  0.000152
    -0.000506 -0.000286  0.000626
    -0.000539 -0.000164  0.000529
    -0.000547 -0.000223  0.000695
    -0.000331  0.000008  0.000062
    -0.000416 -0.000033  0.000285
    -0.000608 -0.000094  0.000646
    -0.000688 -0.000009  0.000415
    -0.000686 -0.000052  0.000368
    -0.000663 -0.000046  0.000177
    -0.000571 -0.000046 -0.000028
    -0.000433 -0.000068 -0.000119
    -0.000239 -0.000251  0.000261
     0.000063 -0.000488  0.000451
     0.000615 -0.000469 -0.000185
     0.001764 -0.000575 -0.000836
     0.001027 -0.000640 -0.000271
     0.000271 -0.000540  0.000213
    -0.000057 -0.000230  0.000297
     0.000074 -0.000227  0.000219
     0.001026 -0.000503 -0.000219
     0.002925 -0.000864 -0.000921
     0.001688 -0.001993 -0.000760
    -0.001257 -0.003121  0.000340
     0.020505 -0.016192 -0.000834
     0.029797 -0.000967 -0.000222
     0.014886  0.025156  0.000345
    -0.012387  0.041717 -0.000773
    -0.024126  0.051436 -0.001899
    -0.005398  0.061983 -0.002239
     0.006792  0.066926 -0.002049
     0.010464  0.066408 -0.000709
     0.019309  0.060176  0.000301
     0.003252  0.045943 -0.000061
    -0.021954  0.025979 -0.000322
    -0.032149  0.001219 -0.000461
    -0.022227 -0.007996 -0.000633
    -0.002275 -0.003766 -0.001131
     0.001324 -0.000715  0.000702
     0.002222 -0.000807  0.000215
     0.001130 -0.000528  0.000346
     0.000211 -0.000293  0.000579
     0.000075 -0.000267  0.000567
     0.000539 -0.000446  0.000274
     0.001124 -0.000493  0.000056
     0.001411 -0.000369 -0.000101
     0.000851 -0.000378  0.000131
     0.000211 -0.000431  0.000471
    -0.000464 -0.000458  0.000577
    -0.000838 -0.000457  0.000493
    -0.000926 -0.000407  0.000567
    -0.000921 -0.000313  0.000624
    -0.000860 -0.000220  0.000634
    -0.000852 -0.000132  0.000562
    -0.000664 -0.000103  0.000603
    -0.000277 -0.000069  0.000560
    -0.000097 -0.000017  0.000420
    -0.000517 -0.000203  0.000672
    -0.000635 -0.000254  0.000667
    -0.000407 -0.000210  0.000533
    -0.000051 -0.000082  0.000173
    -0.000037 -0.000081  0.000136
    -0.000008 -0.000055  0.000098
    -0.000238 -0.000144  0.000327
    -0.000323 -0.000173  0.000424
    -0.000465 -0.000252  0.000544
    -0.000452 -0.000245  0.000532
    -0.000461 -0.000249  0.000538
    -0.000547 -0.000292  0.000614
    -0.000519 -0.000277  0.000588
    -0.000531 -0.000284  0.000599
    -0.000531 -0.000284  0.000599
    -0.000531 -0.000284  0.000599
    -0.000528 -0.000260  0.000555
    -0.000535 -0.000317  0.000664
    -0.000536 -0.000342  0.000712
    -0.000534 -0.000325  0.000680
    -0.000491 -0.000272  0.000524
    -0.000459 -0.000252  0.000384
    -0.000380 -0.000186  0.000078
    -0.000364 -0.000189  0.000068
    -0.000362 -0.000168  0.000095
    -0.000486 -0.000287  0.000560
    -0.000537 -0.000201  0.000510
    -0.000558 -0.000226  0.000659
    -0.000435 -0.000160  0.000368
    -0.000402 -0.000060  0.000318
    -0.000584 -0.000128  0.000706
    -0.000657 -0.000067  0.000613
    -0.000663 -0.000036  0.000448
    -0.000677 -0.000052  0.000443
    -0.000628 -0.000068  0.000269
    -0.000548 -0.000022 -0.000068
    -0.000387 -0.000123 -0.000031
    -0.000119 -0.000567  0.000536
     0.000334 -0.000553  0.000089
     0.001477 -0.000618 -0.000623
     0.001637 -0.000612 -0.000665
     0.000472 -0.000637  0.000105
    -0.000117 -0.000653  0.000686
    -0.000062 -0.000550  0.000508
     0.000366 -0.000599  0.000149
     0.001214 -0.000656 -0.000308
    -0.000755  0.000245  0.000256
    -0.003737  0.000217  0.000275
     0.003089 -0.002779 -0.000442
     0.004389  0.012961 -0.000589
    -0.006508  0.030186 -0.000473
    -0.017590  0.034717 -0.000814
    -0.029167  0.036193 -0.001146
    -0.010507  0.025670 -0.001145
     0.005362  0.025275 -0.000861
     0.010203  0.037288 -0.000813
     0.024808  0.045175  0.000064
     0.011575  0.043068 -0.000243
    -0.010035  0.027750 -0.000521
    -0.014285  0.008605  0.000220
    -0.008211 -0.000625 -0.000624
    -0.004018 -0.001194 -0.000350
    -0.000705  0.000163  0.000764
     0.001242 -0.000544  0.000121
     0.000680 -0.000477  0.000188
     0.000128 -0.000414  0.000355
     0.000027 -0.000485  0.000385
     0.000802 -0.000514  0.000163
     0.001393 -0.000448 -0.000007
     0.001298 -0.000412 -0.000078
     0.000670 -0.000432  0.000158
    -0.000092 -0.000536  0.000479
    -0.000748 -0.000474  0.000531
    -0.000929 -0.000389  0.000513
    -0.000846 -0.000284  0.000619
    -0.000820 -0.000175  0.000618
    -0.000809 -0.000145  0.000579
    -0.000727 -0.000095  0.000606
    -0.000588 -0.000116  0.000667
    -0.000273 -0.000093  0.000571
    -0.000266 -0.000120  0.000463
    -0.000569 -0.000238  0.000681
    -0.000628 -0.000307  0.000701
    -0.000349 -0.000196  0.000469
    -0.000032 -0.000057  0.000187
    -0.000002 -0.000052  0.000122
    -0.000021 -0.000048  0.000125
    -0.000236 -0.000138  0.000333
    -0.000337 -0.000178  0.000444
    -0.000472 -0.000254  0.000552
    -0.000450 -0.000242  0.000533
    -0.000485 -0.000259  0.000560
    -0.000563 -0.000300  0.000627
    -0.000531 -0.000284  0.000599
    -0.000531 -0.000284  0.000599
    -0.000531 -0.000284  0.000599
    -0.000531 -0.000284  0.000599
    -0.000528 -0.000262  0.000555
    -0.000533 -0.000293  0.000619
    -0.000536 -0.000339  0.000712
    -0.000534 -0.000330  0.000694
    -0.000501 -0.000281  0.000569
    -0.000456 -0.000239  0.000378
    -0.000391 -0.000178  0.000112
    -0.000365 -0.000165  0.000053
    -0.000401 -0.000224  0.000246
    -0.000435 -0.000211  0.000392
    -0.000531 -0.000263  0.000591
    -0.000554 -0.000204  0.000461
    -0.000516 -0.000261  0.000585
    -0.000422 -0.000144  0.000383
    -0.000502 -0.000082  0.000523
    -0.000613 -0.000119  0.000701
    -0.000644 -0.000084  0.000623
    -0.000666  0.000006  0.000434
    -0.000662 -0.000045  0.000555
    -0.000615 -0.000056  0.000311
    -0.000521 -0.000035 -0.000075
    -0.000277 -0.000396  0.000332
     0.000116 -0.000643  0.000398
     0.000859 -0.000615 -0.000237
     0.001807 -0.000579 -0.000797
     0.001325 -0.000607 -0.000441
     0.000317 -0.000655  0.000363
     0.000171 -0.000841  0.000637
     0.000372 -0.000890  0.000512
     0.000672 -0.000644  0.000047
    -0.001052  0.000132  0.000597
    -0.003980  0.001848  0.000286
    -0.006278  0.002819  0.000149
    -0.007067  0.008796  0.000027
    -0.006807  0.018968 -0.000114
    -0.016003  0.020752 -0.000300
    -0.021985  0.010267 -0.000452
    -0.000910 -0.000634  0.000163
     0.002206 -0.002041 -0.000062
     0.001702  0.000646 -0.000987
     0.015839  0.019796 -0.001483
     0.008580  0.029739 -0.001074
    -0.006049  0.021243 -0.000348
    -0.007344  0.007459  0.000273
    -0.006505  0.002440  0.000635
    -0.004188  0.001132  0.000400
    -0.001005  0.000123  0.000679
     0.000979 -0.000578  0.000235
     0.000623 -0.000675  0.000205
     0.000377 -0.000624  0.000268
     0.000541 -0.000544  0.000321
     0.001263 -0.000488  0.000089
     0.001456 -0.000417 -0.000019
     0.001017 -0.000446  0.000015
     0.000377 -0.000471  0.000227
    -0.000390 -0.000527  0.000567
    -0.000905 -0.000406  0.000511
    -0.000821 -0.000240  0.000585
    -0.000761 -0.000097  0.000581
    -0.000829 -0.000092  0.000516
    -0.000708 -0.000111  0.000620
    -0.000615 -0.000113  0.000683
    -0.000461 -0.000128  0.000704
    -0.000276 -0.000127  0.000512
    -0.000401 -0.000186  0.000513
    -0.000655 -0.000321  0.000670
    -0.000549 -0.000284  0.000629
    -0.000250 -0.000141  0.000419
    -0.000123 -0.000107  0.000254
    -0.000008 -0.000041  0.000138
    -0.000056 -0.000053  0.000169
    -0.000238 -0.000133  0.000346
    -0.000368 -0.000191  0.000477
    -0.000465 -0.000249  0.000548
    -0.000453 -0.000242  0.000537
    -0.000517 -0.000276  0.000588
    -0.000562 -0.000300  0.000625
    -0.000531 -0.000284  0.000599
    -0.000531 -0.000284  0.000599
    -0.000531 -0.000284  0.000599
    -0.000531 -0.000284  0.000599
    -0.000531 -0.000282  0.000597
    -0.000531 -0.000277  0.000586
    -0.000536 -0.000332  0.000703
    -0.000535 -0.000334  0.000709
    -0.000511 -0.000290  0.000611
    -0.000449 -0.000219  0.000356
    -0.000395 -0.000163  0.000125
    -0.000357 -0.000131  0.000016
    -0.000380 -0.000178  0.000159
    -0.000418 -0.000190  0.000332
    -0.000508 -0.000292  0.000663
    -0.000545 -0.000248  0.000545
    -0.000562 -0.000289  0.000534
    -0.000506 -0.000267  0.000586
    -0.000529 -0.000237  0.000689
    -0.000578 -0.000145  0.000667
    -0.000621 -0.000103  0.000648
    -0.000659  0.000008  0.000508
    -0.000663 -0.000039  0.000674
    -0.000652 -0.000084  0.000695
    -0.000587 -0.000068  0.000363
    -0.000424 -0.000227  0.000236
    -0.000115 -0.000603  0.000594
     0.000320 -0.000520  0.000097
     0.001343 -0.000471 -0.000610
     0.001711 -0.000536 -0.000726
     0.000701 -0.000571  0.000009
     0.000697 -0.000628  0.000177
     0.000745 -0.000820  0.000390
     0.000856 -0.000764  0.000238
    -0.000056 -0.000316  0.000400
    -0.002723  0.000993  0.000215
    -0.004745  0.001828  0.000331
    -0.005963  0.002087  0.000524
    -0.006663  0.002188  0.000385
    -0.006777  0.001522  0.000558
    -0.001852  0.000298 -0.000053
     0.003658 -0.001294 -0.000492
     0.004953 -0.001803 -0.000178
     0.002951 -0.001465  0.000735
    -0.001207  0.000716 -0.000455
    -0.002278  0.005129 -0.000812
    -0.005434  0.007243 -0.000429
    -0.005646  0.002454 -0.000135
    -0.004777  0.001791  0.000397
    -0.002961  0.000718  0.000708
     0.000060 -0.000324  0.000566
     0.001047 -0.000748  0.000429
     0.000908 -0.000769  0.000443
     0.000899 -0.000629  0.000430
     0.000977 -0.000559  0.000317
     0.001414 -0.000430  0.000079
     0.001195 -0.000361  0.000068
     0.000635 -0.000421  0.000203
     0.000069 -0.000435  0.000341
    -0.000640 -0.000477  0.000684
    -0.000771 -0.000220  0.000573
    -0.000685 -0.000072  0.000620
    -0.000715 -0.000022  0.000560
    -0.000792 -0.000046  0.000499
    -0.000673 -0.000119  0.000629
    -0.000568 -0.000161  0.000727
    -0.000493 -0.000211  0.000659
    -0.000391 -0.000192  0.000514
    -0.000570 -0.000298  0.000550
    -0.000586 -0.000295  0.000630
    -0.000427 -0.000224  0.000566
    -0.000212 -0.000122  0.000391
    -0.000080 -0.000075  0.000233
     0.000001 -0.000023  0.000149
    -0.000077 -0.000053  0.000203
    -0.000231 -0.000124  0.000355
    -0.000397 -0.000204  0.000506
    -0.000456 -0.000243  0.000545
    -0.000461 -0.000245  0.000546
    -0.000540 -0.000289  0.000606
    -0.000533 -0.000284  0.000601
    -0.000531 -0.000284  0.000599
    -0.000531 -0.000284  0.000599
    -0.000531 -0.000284  0.000599
    -0.000531 -0.000284  0.000599
    -0.000531 -0.000284  0.000599
    -0.000529 -0.000263  0.000554
    -0.000534 -0.000312  0.000664
    -0.000535 -0.000333  0.000711
    -0.000530 -0.000290  0.000639
    -0.000459 -0.000223  0.000401
    -0.000396 -0.000147  0.000134
    -0.000366 -0.000117  0.000034
    -0.000369 -0.000142  0.000100
    -0.000449 -0.000248  0.000446
    -0.000465 -0.000245  0.000528
    -0.000523 -0.000238  0.000565
    -0.000555 -0.000310  0.000633
    -0.000559 -0.000317  0.000584
    -0.000544 -0.000296  0.000703
    -0.000569 -0.000211  0.000608
    -0.000603 -0.000149  0.000492
    -0.000641 -0.000003  0.000456
    -0.000666  0.000024  0.000523
    -0.000643 -0.000037  0.000686
    -0.000638 -0.000110  0.000723
    -0.000522 -0.000175  0.000479
    -0.000310 -0.000476  0.000666
     0.000104 -0.000438  0.000242
     0.000458 -0.000366 -0.000154
     0.001463 -0.000435 -0.000779
     0.000966 -0.000376 -0.000316
     0.000748 -0.000428  0.000015
     0.000947 -0.000595  0.000183
     0.001053 -0.000644  0.000254
     0.001054 -0.000453 -0.000006
    -0.000493  0.000046  0.000395
    -0.002450  0.000576  0.000670
    -0.003577  0.000878  0.000684
    -0.003443  0.000966  0.000393
    -0.002129  0.000539  0.000313
     0.000504 -0.000245  0.000247
     0.003158 -0.002595 -0.000381
     0.003934 -0.003179 -0.000610
     0.003207 -0.002636 -0.000430
     0.000542 -0.000343  0.000574
    -0.001782  0.000761  0.000109
    -0.002967  0.001374 -0.000186
    -0.003195  0.001307 -0.000071
    -0.002319  0.000728  0.000398
    -0.000448 -0.000057  0.000743
     0.001148 -0.000671  0.000735
     0.001104 -0.000777  0.000698
     0.001040 -0.000726  0.000673
     0.000917 -0.000547  0.000562
     0.001037 -0.000424  0.000356
     0.001194 -0.000281  0.000141
     0.000744 -0.000332  0.000219
     0.000346 -0.000364  0.000328
    -0.000229 -0.000382  0.000497
    -0.000639 -0.000294  0.000675
    -0.000654 -0.000090  0.000646
    -0.000651 -0.000015  0.000611
    -0.000796 -0.000016  0.000478
    -0.000795 -0.000087  0.000506
    -0.000711 -0.000270  0.000704
    -0.000605 -0.000252  0.000682
    -0.000476 -0.000224  0.000580
    -0.000529 -0.000282  0.000522
    -0.000514 -0.000262  0.000548
    -0.000572 -0.000295  0.000668
    -0.000339 -0.000183  0.000507
    -0.000273 -0.000162  0.000419
    -0.000056 -0.000050  0.000223
    -0.000025 -0.000022  0.000182
    -0.000092 -0.000052  0.000235
    -0.000264 -0.000137  0.000393
    -0.000511 -0.000268  0.000599
    -0.000453 -0.000239  0.000545
    -0.000488 -0.000259  0.000568
    -0.000561 -0.000301  0.000622
    -0.000531 -0.000284  0.000599
    -0.000531 -0.000284  0.000599
    -0.000531 -0.000284  0.000599
    -0.000531 -0.000284  0.000599
    -0.000531 -0.000284  0.000599
    -0.000531 -0.000284  0.000599
    -0.000529 -0.000268  0.000562
    -0.000532 -0.000285  0.000604
    -0.000536 -0.000330  0.000712
    -0.000530 -0.000297  0.000658
    -0.000478 -0.000244  0.000483
    -0.000431 -0.000181  0.000300
    -0.000369 -0.000100  0.000041
    -0.000351 -0.000093  0.000021
    -0.000416 -0.000189  0.000318
    -0.000452 -0.000228  0.000480
    -0.000516 -0.000302  0.000694
    -0.000542 -0.000308  0.000657
    -0.000559 -0.000326  0.000658
    -0.000566 -0.000267  0.000553
    -0.000555 -0.000247  0.000552
    -0.000581 -0.000224  0.000562
    -0.000630 -0.000046  0.000248
    -0.000661  0.000052  0.000333
    -0.000674 -0.000000  0.000551
    -0.000615 -0.000023  0.000621
    -0.000550 -0.000124  0.000653
    -0.000426 -0.000323  0.000690
    -0.000120 -0.000379  0.000434
     0.000161 -0.000331  0.000096
     0.000746 -0.000268 -0.000437
     0.000816 -0.000296 -0.000404
     0.000437 -0.000397  0.000064
     0.000522 -0.000611  0.000374
     0.000734 -0.000663  0.000436
     0.000934 -0.000595  0.000256
     0.001035 -0.000405 -0.000083
     0.000427 -0.000223 -0.000036
    -0.000260 -0.000074  0.000084
    -0.000180 -0.000029  0.000057
     0.000542 -0.000210  0.000159
     0.001060 -0.000446  0.000468
     0.001279 -0.000515  0.000460
     0.001390 -0.000492  0.000233
     0.001254 -0.000584  0.000032
     0.001026 -0.000396  0.000112
     0.000593 -0.000345  0.000610
     0.000029 -0.000086  0.000476
    -0.000015 -0.000073  0.000383
     0.000611 -0.000348  0.000551
     0.001158 -0.000625  0.000697
     0.000987 -0.000734  0.000721
     0.000773 -0.000743  0.000712
     0.000642 -0.000622  0.000553
     0.000659 -0.000429  0.000429
     0.000889 -0.000290  0.000237
     0.000823 -0.000233  0.000178
     0.000414 -0.000311  0.000351
     0.000034 -0.000324  0.000467
    -0.000373 -0.000274  0.000617
    -0.000544 -0.000139  0.000705
    -0.000611 -0.000033  0.000654
    -0.000785 -0.000038  0.000521
    -0.000878 -0.000083  0.000450
    -0.000862 -0.000265  0.000588
    -0.000619 -0.000269  0.000642
    -0.000590 -0.000288  0.000625
    -0.000582 -0.000285  0.000586
    -0.000496 -0.000252  0.000526
    -0.000499 -0.000258  0.000567
    -0.000474 -0.000253  0.000606
    -0.000309 -0.000168  0.000484
    -0.000202 -0.000117  0.000377
    -0.000021 -0.000018  0.000213
    -0.000042 -0.000019  0.000214
    -0.000205 -0.000103  0.000355
    -0.000319 -0.000162  0.000446
    -0.000499 -0.000261  0.000593
    -0.000458 -0.000241  0.000551
    -0.000528 -0.000282  0.000597
    -0.000555 -0.000298  0.000616
    -0.000531 -0.000284  0.000599
    -0.000531 -0.000284  0.000599
    -0.000531 -0.000284  0.000599
    -0.000531 -0.000284  0.000599
    -0.000531 -0.000284  0.000599
    -0.000531 -0.000284  0.000599
    -0.000531 -0.000284  0.000599
    -0.000530 -0.000270  0.000565
    -0.000534 -0.000315  0.000680
    -0.000531 -0.000306  0.000679
    -0.000534 -0.000329  0.000705
    -0.000433 -0.000175  0.000314
    -0.000371 -0.000085  0.000054
    -0.000353 -0.000073  0.000010
    -0.000398 -0.000144  0.000226
    -0.000465 -0.000258  0.000522
    -0.000480 -0.000271  0.000605
    -0.000522 -0.000314  0.000695
    -0.000539 -0.000325  0.000681
    -0.000569 -0.000284  0.000605
    -0.000573 -0.000257  0.000509
    -0.000547 -0.000241  0.000577
    -0.000603 -0.000125  0.000338
    -0.000663  0.000051  0.000021
    -0.000696  0.000025  0.000166
    -0.000668 -0.000101  0.000615
    -0.000550 -0.000069  0.000569
    -0.000406 -0.000113  0.000470
    -0.000222 -0.000206  0.000385
     0.000021 -0.000228  0.000172
     0.000325 -0.000125 -0.000267
     0.000876 -0.000455 -0.000611
     0.000353 -0.000238 -0.000118
     0.000275 -0.000419  0.000248
     0.000285 -0.000675  0.000610
     0.000409 -0.000776  0.000649
     0.000743 -0.000628  0.000293
     0.000990 -0.000560  0.000002
     0.001313 -0.000537 -0.000197
     0.001078 -0.000526  0.000031
     0.000951 -0.000473  0.000227
     0.000663 -0.000500  0.000551
     0.000335 -0.000491  0.000730
     0.000199 -0.000442  0.000614
     0.000295 -0.000396  0.000411
     0.000647 -0.000458  0.000408
     0.000991 -0.000576  0.000570
     0.001185 -0.000711  0.000692
     0.001345 -0.000669  0.000544
     0.001166 -0.000673  0.000544
     0.000852 -0.000689  0.000601
     0.000428 -0.000754  0.000609
     0.000368 -0.000622  0.000560
     0.000443 -0.000431  0.000491
     0.000625 -0.000293  0.000378
     0.000820 -0.000162  0.000262
     0.000581 -0.000181  0.000326
     0.000208 -0.000255  0.000480
    -0.000108 -0.000224  0.000579
    -0.000343 -0.000156  0.000672
    -0.000530 -0.000120  0.000739
    -0.000728 -0.000146  0.000670
    -0.000972 -0.000225  0.000540
    -0.001010 -0.000262  0.000486
    -0.000781 -0.000322  0.000681
    -0.000581 -0.000280  0.000646
    -0.000609 -0.000300  0.000585
    -0.000553 -0.000264  0.000570
    -0.000440 -0.000225  0.000517
    -0.000445 -0.000234  0.000562
    -0.000385 -0.000210  0.000550
    -0.000328 -0.000184  0.000482
    -0.000157 -0.000082  0.000345
    -0.000028 -0.000009  0.000227
    -0.000061 -0.000020  0.000248
    -0.000219 -0.000106  0.000379
    -0.000461 -0.000244  0.000553
    -0.000486 -0.000253  0.000584
    -0.000480 -0.000252  0.000567
    -0.000553 -0.000297  0.000613
    -0.000531 -0.000284  0.000599
    -0.000531 -0.000284  0.000599
    -0.000531 -0.000284  0.000599
    -0.000531 -0.000284  0.000599
    -0.000531 -0.000284  0.000599
    -0.000531 -0.000284  0.000599
    -0.000531 -0.000284  0.000599
    -0.000531 -0.000284  0.000599
    -0.000529 -0.000267  0.000555
    -0.000532 -0.000286  0.000606
    -0.000533 -0.000314  0.000695
    -0.000533 -0.000323  0.000709
    -0.000453 -0.000200  0.000394
    -0.000368 -0.000065  0.000058
    -0.000349 -0.000045 -0.000010
    -0.000374 -0.000089  0.000123
    -0.000437 -0.000199  0.000401
    -0.000511 -0.000333  0.000704
    -0.000499 -0.000289  0.000638
    -0.000505 -0.000288  0.000612
    -0.000555 -0.000317  0.000705
    -0.000580 -0.000292  0.000619
    -0.000562 -0.000233  0.000412
    -0.000564 -0.000213  0.000517
    -0.000619 -0.000027  0.000190
    -0.000680  0.000045  0.000038
    -0.000704 -0.000049  0.000243
    -0.000671 -0.000152  0.000449
    -0.000545 -0.000275  0.000718
    -0.000317 -0.000171  0.000441
    -0.000073 -0.000164  0.000260
     0.000178 -0.000077 -0.000101
     0.000872 -0.000936 -0.000730
     0.000711 -0.000696 -0.000554
     0.000333 -0.000110 -0.000119
     0.000213 -0.000351  0.000301
     0.000204 -0.000571  0.000603
     0.000341 -0.000672  0.000605
     0.000640 -0.000667  0.000363
     0.001023 -0.000506 -0.000049
     0.001123 -0.000539 -0.000018
     0.000867 -0.000619  0.000327
     0.000515 -0.000573  0.000545
     0.000143 -0.000507  0.000671
    -0.000119 -0.000458  0.000682
     0.000144 -0.000509  0.000677
     0.000526 -0.000602  0.000641
     0.000912 -0.000735  0.000714
     0.001255 -0.000715  0.000650
     0.001189 -0.000656  0.000584
     0.000762 -0.000680  0.000550
     0.000407 -0.000642  0.000601
     0.000255 -0.000561  0.000638
     0.000326 -0.000408  0.000603
     0.000535 -0.000255  0.000543
     0.000705 -0.000146  0.000404
     0.000735 -0.000088  0.000341
     0.000400 -0.000190  0.000494
     0.000048 -0.000232  0.000604
    -0.000229 -0.000196  0.000621
    -0.000503 -0.000226  0.000631
    -0.000769 -0.000266  0.000654
    -0.000928 -0.000290  0.000658
    -0.001017 -0.000265  0.000509
    -0.000881 -0.000267  0.000554
    -0.000634 -0.000293  0.000661
    -0.000657 -0.000342  0.000607
    -0.000548 -0.000255  0.000553
    -0.000483 -0.000233  0.000554
    -0.000395 -0.000206  0.000514
    -0.000408 -0.000218  0.000549
    -0.000432 -0.000246  0.000553
    -0.000266 -0.000140  0.000445
    -0.000107 -0.000043  0.000322
    -0.000029  0.000003  0.000247
    -0.000074 -0.000018  0.000283
    -0.000270 -0.000131  0.000422
    -0.000463 -0.000242  0.000563
    -0.000475 -0.000247  0.000573
    -0.000527 -0.000281  0.000597
    -0.000559 -0.000301  0.000616
    -0.000531 -0.000284  0.000599
    -0.000531 -0.000284  0.000599
    -0.000531 -0.000284  0.000599
    -0.000531 -0.000284  0.000599
    -0.000531 -0.000284  0.000599
    -0.000531 -0.000284  0.000599
    -0.000531 -0.000284  0.000599
    -0.000531 -0.000284  0.000599
    -0.000531 -0.000284  0.000599
    -0.000530 -0.000269  0.000559
    -0.000534 -0.000313  0.000678
    -0.000532 -0.000316  0.000704
    -0.000510 -0.000299  0.000624
    -0.000390 -0.000089  0.000149
    -0.000341 -0.000015 -0.000031
    -0.000355 -0.000042  0.000040
    -0.000398 -0.000119  0.000246
    -0.000458 -0.000238  0.000509
    -0.000509 -0.000316  0.000705
    -0.000503 -0.000296  0.000640
    -0.000524 -0.000296  0.000681
    -0.000567 -0.000311  0.000706
    -0.000573 -0.000279  0.000583
    -0.000555 -0.000193  0.000272
    -0.000603 -0.000093  0.000131
    -0.000641  0.000018  0.000079
    -0.000687 -0.000024  0.000191
    -0.000678 -0.000145  0.000473
    -0.000603 -0.000232  0.000613
    -0.000484 -0.000321  0.000683
    -0.000279 -0.000287  0.000557
     0.000037 -0.000187  0.000187
     0.000703 -0.001065 -0.000605
     0.000897 -0.001327 -0.000742
     0.000657 -0.001150 -0.000528
     0.000432 -0.000543 -0.000138
     0.000363 -0.000165  0.000114
     0.000384 -0.000188  0.000265
     0.000511 -0.000252  0.000232
     0.000719 -0.000259  0.000085
     0.001073 -0.000962 -0.000228
     0.001035 -0.000699 -0.000082
     0.000735 -0.000344  0.000231
     0.000610 -0.000248  0.000271
     0.000592 -0.000233  0.000349
     0.000631 -0.000305  0.000460
     0.000772 -0.000441  0.000552
     0.001054 -0.000437  0.000575
     0.001075 -0.000430  0.000636
     0.000782 -0.000424  0.000636
     0.000553 -0.000362  0.000599
     0.000419 -0.000279  0.000565
     0.000414 -0.000250  0.000642
     0.000474 -0.000262  0.000757
     0.000647 -0.000162  0.000614
     0.000725 -0.000106  0.000495
     0.000653 -0.000118  0.000506
     0.000183 -0.000257  0.000568
    -0.000209 -0.000280  0.000622
    -0.000444 -0.000275  0.000599
    -0.000609 -0.000238  0.000624
    -0.000770 -0.000251  0.000663
    -0.000941 -0.000279  0.000608
    -0.000959 -0.000271  0.000514
    -0.000876 -0.000393  0.000652
    -0.000733 -0.000398  0.000641
    -0.000566 -0.000271  0.000569
    -0.000494 -0.000226  0.000554
    -0.000448 -0.000224  0.000569
    -0.000407 -0.000219  0.000537
    -0.000442 -0.000243  0.000581
    -0.000326 -0.000178  0.000501
    -0.000186 -0.000083  0.000405
    -0.000068 -0.000011  0.000306
    -0.000029  0.000015  0.000270
    -0.000134 -0.000046  0.000340
    -0.000400 -0.000211  0.000509
    -0.000470 -0.000243  0.000574
    -0.000483 -0.000253  0.000571
    -0.000556 -0.000299  0.000613
    -0.000531 -0.000284  0.000599
    -0.000531 -0.000284  0.000599
    -0.000531 -0.000284  0.000599
    -0.000531 -0.000284  0.000599
    -0.000531 -0.000284  0.000599
    -0.000531 -0.000284  0.000599
    -0.000531 -0.000284  0.000599
    -0.000531 -0.000284  0.000599
    -0.000531 -0.000284  0.000599
    -0.000531 -0.000284  0.000599
    -0.000530 -0.000274  0.000571
    -0.000531 -0.000281  0.000590
    -0.000531 -0.000297  0.000668
    -0.000510 -0.000289  0.000625
    -0.000455 -0.000193  0.000417
    -0.000349 -0.000011  0.000014
    -0.000330  0.000011 -0.000046
    -0.000381 -0.000072  0.000160
    -0.000419 -0.000158  0.000348
    -0.000472 -0.000274  0.000586
    -0.000491 -0.000286  0.000608
    -0.000518 -0.000307  0.000690
    -0.000521 -0.000267  0.000640
    -0.000561 -0.000304  0.000709
    -0.000553 -0.000275  0.000562
    -0.000582 -0.000161  0.000212
    -0.000644 -0.000012 -0.000069
    -0.000680  0.000005  0.000041
    -0.000692 -0.000076  0.000268
    -0.000672 -0.000167  0.000460
    -0.000565 -0.000247  0.000612
    -0.000442 -0.000279  0.000649
    -0.000200 -0.000271  0.000603
     0.000359 -0.000730 -0.000220
     0.001294 -0.002498 -0.001054
     0.001128 -0.002424 -0.000913
     0.000802 -0.002002 -0.000589
     0.000630 -0.001315 -0.000199
     0.000640 -0.001284 -0.000083
     0.000791 -0.001657 -0.000186
     0.000961 -0.002004 -0.000326
     0.001278 -0.002764 -0.000617
     0.001551 -0.003240 -0.000783
     0.001799 -0.003710 -0.000856
     0.001739 -0.003333 -0.000618
     0.001722 -0.003206 -0.000504
     0.001733 -0.003148 -0.000409
     0.001782 -0.003210 -0.000291
     0.001530 -0.002607 -0.000066
     0.001259 -0.002205  0.000016
     0.000948 -0.001630  0.000097
     0.000782 -0.001385  0.000123
     0.000631 -0.001010  0.000228
     0.000612 -0.000791  0.000394
     0.000768 -0.001010  0.000535
     0.000859 -0.001010  0.000699
     0.000893 -0.000760  0.000630
     0.000385 -0.000180  0.000743
    -0.000188 -0.000301  0.000702
    -0.000461 -0.000302  0.000689
    -0.000574 -0.000258  0.000631
    -0.000755 -0.000262  0.000632
    -0.000900 -0.000313  0.000688
    -0.001005 -0.000322  0.000573
    -0.001016 -0.000400  0.000581
    -0.000795 -0.000407  0.000654
    -0.000565 -0.000289  0.000586
    -0.000487 -0.000221  0.000563
    -0.000437 -0.000205  0.000565
    -0.000444 -0.000233  0.000570
    -0.000384 -0.000210  0.000524
    -0.000365 -0.000207  0.000528
    -0.000243 -0.000119  0.000454
    -0.000147 -0.000049  0.000386
    -0.000028  0.000021  0.000299
    -0.000066  0.000003  0.000323
    -0.000291 -0.000137  0.000458
    -0.000406 -0.000209  0.000524
    -0.000496 -0.000257  0.000595
    -0.000537 -0.000287  0.000602
    -0.000548 -0.000294  0.000608
    -0.000531 -0.000284  0.000599
    -0.000531 -0.000284  0.000599
    -0.000531 -0.000284  0.000599
    -0.000531 -0.000284  0.000599
    -0.000531 -0.000284  0.000599
    -0.000531 -0.000284  0.000599
    -0.000531 -0.000284  0.000599
    -0.000531 -0.000284  0.000599
    -0.000531 -0.000284  0.000599
    -0.000531 -0.000284  0.000599
    -0.000531 -0.000284  0.000599
    -0.000530 -0.000267  0.000544
    -0.000529 -0.000266  0.000574
    -0.000524 -0.000305  0.000682
    -0.000500 -0.000275  0.000594
    -0.000390 -0.000072  0.000173
    -0.000314  0.000056 -0.000091
    -0.000346  0.000002  0.000037
    -0.000398 -0.000098  0.000250
    -0.000451 -0.000214  0.000484
    -0.000508 -0.000320  0.000684
    -0.000515 -0.000317  0.000676
    -0.000534 -0.000311  0.000714
    -0.000524 -0.000257  0.000633
    -0.000542 -0.000293  0.000708
    -0.000536 -0.000263  0.000535
    -0.000599 -0.000091  0.000050
    -0.000675 -0.000022 -0.000081
    -0.000730 -0.000049 -0.000039
    -0.000716 -0.000134  0.000296
    -0.000661 -0.000201  0.000431
    -0.000567 -0.000217  0.000470
    -0.000443 -0.000222  0.000494
    -0.000228 -0.000291  0.000684
     0.000501 -0.001296 -0.000354
     0.001322 -0.003189 -0.001089
     0.001247 -0.003410 -0.001014
     0.001046 -0.003003 -0.000694
     0.001000 -0.002876 -0.000504
     0.001042 -0.002983 -0.000439
     0.001337 -0.003849 -0.000709
     0.001632 -0.004675 -0.000996
     0.001835 -0.005111 -0.001165
     0.002103 -0.005585 -0.001339
     0.002230 -0.005755 -0.001317
     0.002319 -0.005864 -0.001230
     0.002220 -0.005480 -0.001006
     0.002066 -0.005152 -0.000848
     0.001823 -0.004768 -0.000777
     0.001624 -0.004442 -0.000732
     0.001334 -0.003754 -0.000601
     0.001041 -0.002961 -0.000414
     0.000992 -0.002633 -0.000229
     0.001026 -0.002403 -0.000014
     0.001126 -0.002350  0.000191
     0.001043 -0.001855  0.000433
     0.000471 -0.000394  0.000667
    -0.000232 -0.000279  0.000645
    -0.000552 -0.000333  0.000680
    -0.000650 -0.000313  0.000642
    -0.000734 -0.000285  0.000582
    -0.000866 -0.000308  0.000609
    -0.001059 -0.000431  0.000647
    -0.001046 -0.000429  0.000625
    -0.000908 -0.000435  0.000655
    -0.000573 -0.000306  0.000612
    -0.000480 -0.000226  0.000592
    -0.000441 -0.000199  0.000569
    -0.000467 -0.000235  0.000578
    -0.000425 -0.000231  0.000540
    -0.000459 -0.000263  0.000583
    -0.000320 -0.000166  0.000509
    -0.000202 -0.000080  0.000440
    -0.000087 -0.000003  0.000372
    -0.000015  0.000041  0.000321
    -0.000161 -0.000050  0.000393
    -0.000387 -0.000199  0.000515
    -0.000443 -0.000227  0.000557
    -0.000552 -0.000293  0.000622
    -0.000563 -0.000305  0.000613
    -0.000531 -0.000284  0.000599
    -0.000531 -0.000284  0.000599
    -0.000531 -0.000284  0.000599
    -0.000531 -0.000284  0.000599
    -0.000531 -0.000284  0.000599
    -0.000531 -0.000284  0.000599
    -0.000531 -0.000284  0.000599
    -0.000531 -0.000284  0.000599
    -0.000531 -0.000284  0.000599
    -0.000531 -0.000284  0.000599
    -0.000531 -0.000284  0.000599
    -0.000531 -0.000284  0.000599
    -0.000532 -0.000288  0.000616
    -0.000529 -0.000266  0.000546
    -0.000532 -0.000296  0.000649
    -0.000499 -0.000267  0.000592
    -0.000502 -0.000277  0.000611
    -0.000346  0.000014  0.000028
    -0.000307  0.000081 -0.000087
    -0.000354 -0.000005  0.000096
    -0.000403 -0.000111  0.000295
    -0.000459 -0.000236  0.000531
    -0.000481 -0.000286  0.000589
    -0.000531 -0.000325  0.000689
    -0.000543 -0.000307  0.000698
    -0.000539 -0.000278  0.000691
    -0.000511 -0.000273  0.000689
    -0.000528 -0.000205  0.000426
    -0.000609 -0.000060  0.000001
    -0.000686 -0.000077  0.000051
    -0.000756 -0.000122  0.000078
    -0.000778 -0.000181  0.000134
    -0.000715 -0.000205  0.000272
    -0.000648 -0.000177  0.000165
    -0.000532 -0.000181  0.000214
    -0.000342 -0.000288  0.000544
     0.000085 -0.000076  0.000221
     0.000540 -0.001229 -0.000252
     0.000840 -0.002274 -0.000486
     0.000830 -0.002252 -0.000333
     0.000760 -0.002081 -0.000176
     0.000670 -0.001777 -0.000013
     0.000867 -0.002389 -0.000237
     0.001164 -0.003301 -0.000566
     0.001415 -0.003970 -0.000772
     0.001702 -0.004744 -0.000982
     0.001781 -0.004890 -0.000957
     0.001697 -0.004592 -0.000809
     0.001409 -0.003808 -0.000588
     0.001160 -0.003188 -0.000438
     0.000869 -0.002457 -0.000313
     0.000677 -0.001971 -0.000234
     0.000761 -0.002093 -0.000189
     0.000821 -0.002011 -0.000059
     0.000821 -0.001691  0.000174
     0.000516 -0.000525  0.000546
     0.000140 -0.000220  0.000702
    -0.000426 -0.000376  0.000693
    -0.000748 -0.000431  0.000663
    -0.000841 -0.000400  0.000566
    -0.000821 -0.000329  0.000494
    -0.000928 -0.000356  0.000448
    -0.000979 -0.000380  0.000542
    -0.000979 -0.000417  0.000660
    -0.000944 -0.000421  0.000620
    -0.000650 -0.000347  0.000681
    -0.000459 -0.000227  0.000622
    -0.000476 -0.000217  0.000595
    -0.000465 -0.000225  0.000559
    -0.000468 -0.000252  0.000557
    -0.000365 -0.000208  0.000508
    -0.000343 -0.000185  0.000528
    -0.000226 -0.000097  0.000470
    -0.000128 -0.000022  0.000425
    -0.000028  0.000042  0.000367
    -0.000089  0.000003  0.000378
    -0.000399 -0.000204  0.000531
    -0.000390 -0.000197  0.000524
    -0.000504 -0.000264  0.000592
    -0.000563 -0.000305  0.000615
    -0.000522 -0.000277  0.000595
    -0.000531 -0.000284  0.000599
    -0.000531 -0.000284  0.000599
    -0.000531 -0.000284  0.000599
    -0.000531 -0.000284  0.000599
    -0.000531 -0.000284  0.000599
    -0.000531 -0.000284  0.000599
    -0.000531 -0.000284  0.000599
    -0.000531 -0.000284  0.000599
    -0.000531 -0.000284  0.000599
    -0.000531 -0.000284  0.000599
    -0.000531 -0.000284  0.000599
    -0.000531 -0.000284  0.000599
    -0.000531 -0.000284  0.000599
    -0.000531 -0.000280  0.000585
    -0.000529 -0.000260  0.000537
    -0.000521 -0.000301  0.000669
    -0.000493 -0.000257  0.000580
    -0.000402 -0.000078  0.000238
    -0.000315  0.000078 -0.000057
    -0.000312  0.000084 -0.000037
    -0.000356 -0.000006  0.000132
    -0.000416 -0.000136  0.000365
    -0.000484 -0.000277  0.000625
    -0.000516 -0.000333  0.000692
    -0.000541 -0.000325  0.000680
    -0.000561 -0.000297  0.000629
    -0.000542 -0.000275  0.000669
    -0.000497 -0.000272  0.000702
    -0.000526 -0.000187  0.000480
    -0.000596 -0.000082  0.000125
    -0.000665 -0.000132  0.000263
    -0.000735 -0.000175  0.000282
    -0.000774 -0.000236  0.000308
    -0.000783 -0.000209  0.000061
    -0.000776 -0.000166 -0.000196
    -0.000689 -0.000184 -0.000084
    -0.000572 -0.000283  0.000100
    -0.000392 -0.000410  0.000557
    -0.000175 -0.000334  0.000568
    -0.000056 -0.000287  0.000556
     0.000052 -0.000160  0.000490
     0.000054 -0.000163  0.000573
     0.000051 -0.000164  0.000638
     0.000153 -0.000069  0.000517
     0.000353 -0.000659  0.000302
     0.000634 -0.001666 -0.000027
     0.000725 -0.002047 -0.000171
     0.000637 -0.001758 -0.000131
     0.000361 -0.000873  0.000059
     0.000146 -0.000199  0.000216
     0.000012 -0.000062  0.000297
     0.000032 -0.000105  0.000380
     0.000051 -0.000159  0.000488
    -0.000043 -0.000322  0.000673
    -0.000119 -0.000338  0.000648
    -0.000368 -0.000382  0.000507
    -0.000739 -0.000476  0.000447
    -0.000951 -0.000488  0.000461
    -0.001059 -0.000494  0.000393
    -0.000938 -0.000388  0.000383
    -0.000821 -0.000292  0.000408
    -0.000852 -0.000311  0.000526
    -0.000848 -0.000344  0.000644
    -0.000876 -0.000380  0.000631
    -0.000639 -0.000312  0.000699
    -0.000459 -0.000237  0.000650
    -0.000519 -0.000248  0.000620
    -0.000529 -0.000260  0.000562
    -0.000478 -0.000251  0.000547
    -0.000427 -0.000241  0.000536
    -0.000396 -0.000217  0.000560
    -0.000266 -0.000121  0.000507
    -0.000152 -0.000034  0.000464
    -0.000066  0.000028  0.000426
    -0.000051  0.000035  0.000392
    -0.000208 -0.000069  0.000451
    -0.000386 -0.000193  0.000531
    -0.000436 -0.000223  0.000551
    -0.000570 -0.000308  0.000622
    -0.000539 -0.000289  0.000602
    -0.000531 -0.000284  0.000599
    -0.000531 -0.000284  0.000599
    -0.000531 -0.000284  0.000599
    -0.000531 -0.000284  0.000599
    -0.000531 -0.000284  0.000599
    -0.000531 -0.000284  0.000599
    -0.000531 -0.000284  0.000599
    -0.000531 -0.000284  0.000599
    -0.000531 -0.000284  0.000599
    -0.000531 -0.000284  0.000599
    -0.000531 -0.000284  0.000599
    -0.000531 -0.000284  0.000599
    -0.000531 -0.000284  0.000599
    -0.000531 -0.000284  0.000599
    -0.000531 -0.000284  0.000599
    -0.000528 -0.000256  0.000520
    -0.000532 -0.000286  0.000598
    -0.000505 -0.000273  0.000618
    -0.000496 -0.000258  0.000600
    -0.000370 -0.000015  0.000142
    -0.000312  0.000097 -0.000040
    -0.000310  0.000094 -0.000011
    -0.000345  0.000009  0.000131
    -0.000409 -0.000130  0.000370
    -0.000440 -0.000196  0.000451
    -0.000522 -0.000335  0.000690
    -0.000554 -0.000315  0.000550
    -0.000571 -0.000272  0.000511
    -0.000549 -0.000255  0.000555
    -0.000501 -0.000258  0.000644
    -0.000528 -0.000160  0.000411
    -0.000576 -0.000123  0.000293
    -0.000616 -0.000185  0.000537
    -0.000672 -0.000216  0.000569
    -0.000703 -0.000250  0.000560
    -0.000760 -0.000190  0.000189
    -0.000780 -0.000159 -0.000049
    -0.000760 -0.000190 -0.000147
    -0.000696 -0.000279 -0.000072
    -0.000605 -0.000354  0.000100
    -0.000491 -0.000355  0.000368
    -0.000408 -0.000343  0.000436
    -0.000378 -0.000299  0.000373
    -0.000367 -0.000268  0.000342
    -0.000397 -0.000253  0.000290
    -0.000434 -0.000274  0.000285
    -0.000436 -0.000288  0.000445
    -0.000491 -0.000343  0.000523
    -0.000526 -0.000392  0.000632
    -0.000593 -0.000459  0.000616
    -0.000584 -0.000470  0.000679
    -0.000536 -0.000463  0.000694
    -0.000509 -0.000450  0.000644
    -0.000471 -0.000416  0.000568
    -0.000539 -0.000410  0.000466
    -0.000707 -0.000473  0.000313
    -0.000881 -0.000494  0.000314
    -0.001014 -0.000484  0.000380
    -0.001013 -0.000429  0.000436
    -0.000891 -0.000342  0.000461
    -0.000676 -0.000219  0.000504
    -0.000679 -0.000224  0.000584
    -0.000679 -0.000258  0.000668
    -0.000777 -0.000338  0.000659
    -0.000676 -0.000312  0.000664
    -0.000516 -0.000274  0.000674
    -0.000579 -0.000290  0.000618
    -0.000597 -0.000301  0.000564
    -0.000540 -0.000299  0.000520
    -0.000429 -0.000237  0.000526
    -0.000302 -0.000155  0.000505
    -0.000269 -0.000124  0.000528
    -0.000153 -0.000035  0.000493
    -0.000088  0.000020  0.000473
    -0.000072  0.000032  0.000442
    -0.000163 -0.000034  0.000452
    -0.000399 -0.000199  0.000549
    -0.000408 -0.000205  0.000542
    -0.000530 -0.000284  0.000595
    -0.000578 -0.000315  0.000625
    -0.000531 -0.000284  0.000599
    -0.000531 -0.000284  0.000599
    -0.000531 -0.000284  0.000599
    -0.000531 -0.000284  0.000599
    -0.000531 -0.000284  0.000599
    -0.000531 -0.000284  0.000599
    -0.000531 -0.000284  0.000599
    -0.000531 -0.000284  0.000599
    -0.000531 -0.000284  0.000599
    -0.000531 -0.000284  0.000599
    -0.000531 -0.000284  0.000599
    -0.000531 -0.000284  0.000599
    -0.000531 -0.000284  0.000599
    -0.000531 -0.000284  0.000599
    -0.000531 -0.000284  0.000599
    -0.000531 -0.000284  0.000599
    -0.000532 -0.000289  0.000614
    -0.000530 -0.000264  0.000529
    -0.000535 -0.000318  0.000679
    -0.000502 -0.000267  0.000616
    -0.000450 -0.000166  0.000432
    -0.000345  0.000039  0.000075
    -0.000313  0.000103 -0.000007
    -0.000304  0.000108  0.000002
    -0.000340  0.000021  0.000149
    -0.000410 -0.000129  0.000395
    -0.000439 -0.000189  0.000458
    -0.000506 -0.000298  0.000621
    -0.000568 -0.000308  0.000504
    -0.000574 -0.000260  0.000449
    -0.000562 -0.000244  0.000429
    -0.000528 -0.000212  0.000397
    -0.000540 -0.000159  0.000348
    -0.000577 -0.000151  0.000339
    -0.000602 -0.000190  0.000469
    -0.000601 -0.000199  0.000673
    -0.000623 -0.000208  0.000682
    -0.000673 -0.000176  0.000464
    -0.000718 -0.000129  0.000218
    -0.000709 -0.000150  0.000154
    -0.000669 -0.000219  0.000201
    -0.000630 -0.000250  0.000210
    -0.000601 -0.000267  0.000240
    -0.000589 -0.000268  0.000248
    -0.000595 -0.000255  0.000209
    -0.000647 -0.000249  0.000141
    -0.000701 -0.000268  0.000162
    -0.000759 -0.000284  0.000159
    -0.000795 -0.000320  0.000248
    -0.000832 -0.000368  0.000310
    -0.000807 -0.000391  0.000381
    -0.000796 -0.000421  0.000449
    -0.000735 -0.000416  0.000499
    -0.000707 -0.000404  0.000492
    -0.000717 -0.000402  0.000483
    -0.000758 -0.000399  0.000478
    -0.000809 -0.000381  0.000492
    -0.000902 -0.000373  0.000555
    -0.000900 -0.000339  0.000596
    -0.000747 -0.000262  0.000619
    -0.000568 -0.000163  0.000621
    -0.000553 -0.000167  0.000639
    -0.000691 -0.000294  0.000654
    -0.000752 -0.000353  0.000701
    -0.000713 -0.000350  0.000680
    -0.000656 -0.000360  0.000664
    -0.000641 -0.000336  0.000595
    -0.000630 -0.000325  0.000566
    -0.000570 -0.000311  0.000509
    -0.000395 -0.000211  0.000510
    -0.000311 -0.000156  0.000525
    -0.000286 -0.000132  0.000557
    -0.000169 -0.000040  0.000535
    -0.000102  0.000017  0.000513
    -0.000099  0.000022  0.000489
    -0.000134 -0.000008  0.000469
    -0.000314 -0.000137  0.000517
    -0.000408 -0.000204  0.000550
    -0.000479 -0.000253  0.000563
    -0.000571 -0.000311  0.000614
    -0.000522 -0.000278  0.000593
    -0.000531 -0.000284  0.000599
    -0.000531 -0.000284  0.000599
    -0.000531 -0.000284  0.000599
    -0.000531 -0.000284  0.000599
    -0.000531 -0.000284  0.000599
    -0.000531 -0.000284  0.000599
    -0.000531 -0.000284  0.000599
    -0.000531 -0.000284  0.000599
    -0.000531 -0.000284  0.000599
    -0.000531 -0.000284  0.000599
    -0.000531 -0.000284  0.000599
    -0.000531 -0.000284  0.000599
    -0.000531 -0.000284  0.000599
    -0.000531 -0.000284  0.000599
    -0.000531 -0.000284  0.000599
    -0.000531 -0.000284  0.000599
    -0.000531 -0.000284  0.000599
    -0.000529 -0.000265  0.000549
    -0.000532 -0.000282  0.000576
    -0.000535 -0.000324  0.000700
    -0.000510 -0.000279  0.000648
    -0.000432 -0.000129  0.000380
    -0.000337  0.000060  0.000075
    -0.000315  0.000106  0.000026
    -0.000290  0.000132 -0.000007
    -0.000309  0.000073  0.000096
    -0.000347 -0.000005  0.000197
    -0.000403 -0.000117  0.000350
    -0.000504 -0.000283  0.000590
    -0.000568 -0.000310  0.000532
    -0.000592 -0.000251  0.000249
    -0.000578 -0.000240  0.000314
    -0.000549 -0.000201  0.000259
    -0.000570 -0.000183  0.000252
    -0.000603 -0.000186  0.000288
    -0.000621 -0.000219  0.000430
    -0.000606 -0.000237  0.000686
    -0.000628 -0.000230  0.000700
    -0.000664 -0.000187  0.000546
    -0.000710 -0.000141  0.000330
    -0.000741 -0.000151  0.000241
    -0.000724 -0.000203  0.000303
    -0.000730 -0.000224  0.000226
    -0.000745 -0.000236  0.000194
    -0.000761 -0.000243  0.000186
    -0.000795 -0.000242  0.000125
    -0.000839 -0.000259  0.000100
    -0.000866 -0.000279  0.000115
    -0.000887 -0.000304  0.000182
    -0.000917 -0.000338  0.000221
    -0.000921 -0.000354  0.000270
    -0.000898 -0.000360  0.000338
    -0.000854 -0.000350  0.000378
    -0.000846 -0.000353  0.000403
    -0.000833 -0.000344  0.000442
    -0.000817 -0.000311  0.000497
    -0.000889 -0.000322  0.000548
    -0.000845 -0.000297  0.000610
    -0.000704 -0.000233  0.000629
    -0.000571 -0.000172  0.000607
    -0.000542 -0.000178  0.000597
    -0.000696 -0.000306  0.000585
    -0.000761 -0.000369  0.000617
    -0.000756 -0.000399  0.000638
    -0.000727 -0.000408  0.000630
    -0.000696 -0.000377  0.000561
    -0.000721 -0.000400  0.000517
    -0.000559 -0.000300  0.000513
    -0.000383 -0.000198  0.000496
    -0.000259 -0.000117  0.000527
    -0.000190 -0.000060  0.000549
    -0.000146 -0.000022  0.000571
    -0.000102  0.000020  0.000548
    -0.000123  0.000012  0.000530
    -0.000143 -0.000006  0.000506
    -0.000291 -0.000118  0.000523
    -0.000427 -0.000215  0.000565
    -0.000467 -0.000245  0.000559
    -0.000541 -0.000293  0.000595
    -0.000562 -0.000303  0.000618
    -0.000531 -0.000284  0.000599
    -0.000531 -0.000284  0.000599
    -0.000531 -0.000284  0.000599
    -0.000531 -0.000284  0.000599
    -0.000531 -0.000284  0.000599
    -0.000531 -0.000284  0.000599
    -0.000531 -0.000284  0.000599
    -0.000531 -0.000284  0.000599
    -0.000531 -0.000284  0.000599
    -0.000531 -0.000284  0.000599
    -0.000531 -0.000284  0.000599
    -0.000531 -0.000284  0.000599
    -0.000531 -0.000284  0.000599
    -0.000531 -0.000284  0.000599
    -0.000531 -0.000284  0.000599
    -0.000531 -0.000284  0.000599
    -0.000531 -0.000284  0.000599
    -0.000531 -0.000284  0.000599
    -0.000532 -0.000289  0.000615
    -0.000530 -0.000272  0.000567
    -0.000534 -0.000307  0.000653
    -0.000534 -0.000321  0.000694
    -0.000523 -0.000303  0.000695
    -0.000421 -0.000104  0.000355
    -0.000343  0.000057  0.000119
    -0.000309  0.000120  0.000040
    -0.000266  0.000027 -0.000018
    -0.000291  0.000106  0.000079
    -0.000301  0.000080  0.000111
    -0.000346 -0.000011  0.000202
    -0.000474 -0.000226  0.000517
    -0.000568 -0.000312  0.000548
    -0.000593 -0.000265  0.000294
    -0.000601 -0.000231  0.000101
    -0.000580 -0.000210  0.000124
    -0.000588 -0.000225  0.000222
    -0.000617 -0.000235  0.000274
    -0.000638 -0.000259  0.000390
    -0.000647 -0.000285  0.000507
    -0.000646 -0.000284  0.000685
    -0.000697 -0.000232  0.000461
    -0.000754 -0.000201  0.000288
    -0.000792 -0.000209  0.000241
    -0.000809 -0.000246  0.000241
    -0.000817 -0.000282  0.000242
    -0.000857 -0.000290  0.000120
    -0.000899 -0.000302  0.000042
    -0.000929 -0.000326  0.000034
    -0.000958 -0.000338 -0.000010
    -0.000966 -0.000348  0.000010
    -0.000976 -0.000359  0.000027
    -0.000951 -0.000351  0.000080
    -0.000947 -0.000358  0.000143
    -0.000902 -0.000342  0.000214
    -0.000839 -0.000307  0.000287
    -0.000860 -0.000306  0.000348
    -0.000877 -0.000308  0.000418
    -0.000843 -0.000304  0.000473
    -0.000722 -0.000261  0.000513
    -0.000570 -0.000196  0.000527
    -0.000635 -0.000271  0.000481
    -0.000692 -0.000321  0.000502
    -0.000739 -0.000376  0.000527
    -0.000747 -0.000409  0.000553
    -0.000789 -0.000452  0.000558
    -0.000795 -0.000456  0.000505
    -0.000694 -0.000383  0.000505
    -0.000552 -0.000293  0.000513
    -0.000350 -0.000171  0.000514
    -0.000189 -0.000064  0.000548
    -0.000154 -0.000029  0.000603
    -0.000143 -0.000016  0.000610
    -0.000109  0.000020  0.000588
    -0.000137  0.000008  0.000570
    -0.000174 -0.000020  0.000548
    -0.000283 -0.000108  0.000538
    -0.000453 -0.000231  0.000577
    -0.000471 -0.000248  0.000562
    -0.000496 -0.000263  0.000573
    -0.000551 -0.000296  0.000610
    -0.000522 -0.000277  0.000594
    -0.000531 -0.000284  0.000599
    -0.000531 -0.000284  0.000599
    -0.000531 -0.000284  0.000599
    -0.000531 -0.000284  0.000599
    -0.000531 -0.000284  0.000599
    -0.000531 -0.000284  0.000599
    -0.000531 -0.000284  0.000599
    -0.000531 -0.000284  0.000599
    -0.000531 -0.000284  0.000599
    -0.000531 -0.000284  0.000599
    -0.000531 -0.000284  0.000599
    -0.000531 -0.000284  0.000599
    -0.000531 -0.000284  0.000599
    -0.000531 -0.000284  0.000599
    -0.000531 -0.000284  0.000599
    -0.000531 -0.000284  0.000599
    -0.000531 -0.000284  0.000599
    -0.000531 -0.000284  0.000599
    -0.000531 -0.000284  0.000599
    -0.000530 -0.000270  0.000558
    -0.000531 -0.000283  0.000599
    -0.000534 -0.000318  0.000705
    -0.000534 -0.000315  0.000673
    -0.000530 -0.000313  0.000704
    -0.000414 -0.000087  0.000344
    -0.000346  0.000056  0.000149
    -0.000310  0.000120  0.000072
    -0.000267  0.000024  0.000016
    -0.000281  0.000128  0.000082
    -0.000216 -0.000140 -0.000043
    -0.000250  0.000033 -0.000009
    -0.000401 -0.000097  0.000355
    -0.000551 -0.000318  0.000648
    -0.000583 -0.000278  0.000388
    -0.000608 -0.000237  0.000117
    -0.000616 -0.000225 -0.000042
    -0.000597 -0.000254  0.000216
    -0.000613 -0.000279  0.000299
    -0.000641 -0.000300  0.000365
    -0.000659 -0.000330  0.000467
    -0.000684 -0.000336  0.000472
    -0.000713 -0.000302  0.000397
    -0.000760 -0.000287  0.000295
    -0.000807 -0.000291  0.000240
    -0.000836 -0.000314  0.000232
    -0.000840 -0.000344  0.000261
    -0.000858 -0.000361  0.000205
    -0.000871 -0.000364  0.000151
    -0.000876 -0.000365  0.000111
    -0.000873 -0.000356  0.000092
    -0.000862 -0.000348  0.000081
    -0.000844 -0.000333  0.000096
    -0.000819 -0.000316  0.000125
    -0.000800 -0.000298  0.000178
    -0.000830 -0.000308  0.000219
    -0.000826 -0.000314  0.000280
    -0.000780 -0.000311  0.000338
    -0.000703 -0.000291  0.000377
    -0.000633 -0.000277  0.000365
    -0.000624 -0.000289  0.000394
    -0.000672 -0.000336  0.000431
    -0.000694 -0.000374  0.000468
    -0.000734 -0.000412  0.000500
    -0.000861 -0.000509  0.000468
    -0.000789 -0.000447  0.000494
    -0.000644 -0.000349  0.000515
    -0.000501 -0.000259  0.000542
    -0.000274 -0.000115  0.000564
    -0.000096  0.000008  0.000596
    -0.000102  0.000015  0.000637
    -0.000152 -0.000016  0.000652
    -0.000133  0.000009  0.000627
    -0.000159 -0.000002  0.000607
    -0.000195 -0.000030  0.000580
    -0.000281 -0.000103  0.000554
    -0.000470 -0.000244  0.000580
    -0.000482 -0.000256  0.000566
    -0.000468 -0.000243  0.000569
    -0.000532 -0.000284  0.000599
    -0.000556 -0.000300  0.000612
    -0.000531 -0.000284  0.000599
    -0.000531 -0.000284  0.000599
    -0.000531 -0.000284  0.000599
    -0.000531 -0.000284  0.000599
    -0.000531 -0.000284  0.000599
    -0.000531 -0.000284  0.000599
    -0.000531 -0.000284  0.000599
    -0.000531 -0.000284  0.000599
    -0.000531 -0.000284  0.000599
    -0.000531 -0.000284  0.000599
    -0.000531 -0.000284  0.000599
    -0.000531 -0.000284  0.000599
    -0.000531 -0.000284  0.000599
    -0.000531 -0.000284  0.000599
    -0.000531 -0.000284  0.000599
    -0.000531 -0.000284  0.000599
    -0.000531 -0.000284  0.000599
    -0.000531 -0.000284  0.000599
    -0.000531 -0.000284  0.000599
    -0.000531 -0.000284  0.000599
    -0.000531 -0.000284  0.000599
    -0.000530 -0.000267  0.000546
    -0.000532 -0.000294  0.000636
    -0.000531 -0.000316  0.000713
    -0.000533 -0.000309  0.000656
    -0.000490 -0.000233  0.000575
    -0.000428 -0.000110  0.000392
    -0.000404 -0.000063  0.000343
    -0.000318  0.000106  0.000121
    -0.000250 -0.000060  0.000018
    -0.000283  0.000128  0.000126
    -0.000129 -0.000533 -0.000168
    -0.000099 -0.000629 -0.000227
    -0.000301  0.000077  0.000150
    -0.000459 -0.000186  0.000548
    -0.000554 -0.000284  0.000549
    -0.000589 -0.000245  0.000253
    -0.000610 -0.000230  0.000072
    -0.000612 -0.000248  0.000037
    -0.000609 -0.000294  0.000234
    -0.000586 -0.000311  0.000492
    -0.000591 -0.000343  0.000627
    -0.000617 -0.000349  0.000595
    -0.000648 -0.000335  0.000470
    -0.000686 -0.000322  0.000346
    -0.000696 -0.000308  0.000415
    -0.000693 -0.000306  0.000456
    -0.000680 -0.000306  0.000484
    -0.000653 -0.000307  0.000532
    -0.000631 -0.000300  0.000538
    -0.000619 -0.000286  0.000502
    -0.000603 -0.000267  0.000480
    -0.000614 -0.000261  0.000450
    -0.000648 -0.000269  0.000418
    -0.000667 -0.000275  0.000402
    -0.000682 -0.000292  0.000387
    -0.000691 -0.000327  0.000356
    -0.000612 -0.000294  0.000395
    -0.000537 -0.000257  0.000429
    -0.000514 -0.000254  0.000466
    -0.000584 -0.000309  0.000487
    -0.000705 -0.000405  0.000434
    -0.000813 -0.000481  0.000454
    -0.000812 -0.000464  0.000492
    -0.000722 -0.000399  0.000529
    -0.000563 -0.000295  0.000567
    -0.000385 -0.000179  0.000620
    -0.000178 -0.000044  0.000645
    -0.000041  0.000055  0.000657
    -0.000075  0.000043  0.000679
    -0.000182 -0.000030  0.000703
    -0.000147  0.000005  0.000668
    -0.000188 -0.000019  0.000638
    -0.000289 -0.000101  0.000595
    -0.000308 -0.000120  0.000567
    -0.000394 -0.000187  0.000559
    -0.000493 -0.000262  0.000572
    -0.000462 -0.000237  0.000573
    -0.000510 -0.000269  0.000591
    -0.000562 -0.000304  0.000613
    -0.000531 -0.000284  0.000599
    -0.000531 -0.000284  0.000599
    -0.000531 -0.000284  0.000599
    -0.000531 -0.000284  0.000599
    -0.000531 -0.000284  0.000599
    -0.000531 -0.000284  0.000599
    -0.000531 -0.000284  0.000599
    -0.000531 -0.000284  0.000599
    -0.000531 -0.000284  0.000599
    -0.000531 -0.000284  0.000599
    -0.000531 -0.000284  0.000599
    -0.000531 -0.000284  0.000599
    -0.000531 -0.000284  0.000599
    -0.000531 -0.000284  0.000599
    -0.000531 -0.000284  0.000599
    -0.000531 -0.000284  0.000599
    -0.000531 -0.000284  0.000599
    -0.000531 -0.000284  0.000599
    -0.000531 -0.000284  0.000599
    -0.000531 -0.000284  0.000599
    -0.000531 -0.000284  0.000599
    -0.000531 -0.000284  0.000599
    -0.000531 -0.000284  0.000602
    -0.000531 -0.000275  0.000569
    -0.000532 -0.000304  0.000674
    -0.000529 -0.000312  0.000712
    -0.000530 -0.000309  0.000689
    -0.000500 -0.000252  0.000608
    -0.000447 -0.000146  0.000455
    -0.000422 -0.000094  0.000401
    -0.000336  0.000073  0.000190
    -0.000276  0.000047  0.000088
    -0.000255 -0.000004  0.000108
    -0.000052 -0.000885 -0.000269
     0.000023 -0.001168 -0.000390
    -0.000156 -0.000382 -0.000068
    -0.000355 -0.000015  0.000339
    -0.000489 -0.000235  0.000654
    -0.000549 -0.000246  0.000453
    -0.000576 -0.000231  0.000271
    -0.000595 -0.000240  0.000176
    -0.000588 -0.000262  0.000318
    -0.000568 -0.000282  0.000459
    -0.000539 -0.000307  0.000641
    -0.000511 -0.000294  0.000690
    -0.000503 -0.000286  0.000688
    -0.000528 -0.000294  0.000620
    -0.000542 -0.000283  0.000568
    -0.000519 -0.000250  0.000659
    -0.000521 -0.000247  0.000662
    -0.000557 -0.000281  0.000564
    -0.000555 -0.000283  0.000575
    -0.000562 -0.000287  0.000573
    -0.000529 -0.000256  0.000678
    -0.000526 -0.000259  0.000675
    -0.000549 -0.000292  0.000584
    -0.000514 -0.000278  0.000592
    -0.000445 -0.000233  0.000607
    -0.000447 -0.000232  0.000594
    -0.000504 -0.000266  0.000568
    -0.000606 -0.000326  0.000538
    -0.000685 -0.000374  0.000520
    -0.000758 -0.000428  0.000514
    -0.000718 -0.000395  0.000565
    -0.000624 -0.000332  0.000608
    -0.000445 -0.000215  0.000652
    -0.000283 -0.000108  0.000695
    -0.000112  0.000010  0.000722
     0.000007 -0.000023  0.000711
    -0.000058  0.000065  0.000728
    -0.000189 -0.000029  0.000744
    -0.000180 -0.000015  0.000697
    -0.000226 -0.000044  0.000661
    -0.000320 -0.000121  0.000605
    -0.000340 -0.000142  0.000576
    -0.000412 -0.000198  0.000565
    -0.000479 -0.000250  0.000582
    -0.000462 -0.000237  0.000579
    -0.000489 -0.000254  0.000585
    -0.000548 -0.000295  0.000606
    -0.000530 -0.000282  0.000598
    -0.000531 -0.000284  0.000599
    -0.000531 -0.000284  0.000599
    -0.000531 -0.000284  0.000599
    -0.000531 -0.000284  0.000599
    -0.000531 -0.000284  0.000599
    -0.000531 -0.000284  0.000599
    -0.000531 -0.000284  0.000599
    -0.000531 -0.000284  0.000599
    -0.000531 -0.000284  0.000599
    -0.000531 -0.000284  0.000599
    -0.000531 -0.000284  0.000599
    -0.000531 -0.000284  0.000599
    -0.000531 -0.000284  0.000599
    -0.000531 -0.000284  0.000599
    -0.000531 -0.000284  0.000599
    -0.000531 -0.000284  0.000599
    -0.000531 -0.000284  0.000599
    -0.000531 -0.000284  0.000599
    -0.000531 -0.000284  0.000599
    -0.000531 -0.000284  0.000599
    -0.000531 -0.000284  0.000599
    -0.000531 -0.000284  0.000599
    -0.000531 -0.000284  0.000599
    -0.000531 -0.000276  0.000570
    -0.000531 -0.000280  0.000584
    -0.000531 -0.000307  0.000695
    -0.000528 -0.000308  0.000711
    -0.000529 -0.000307  0.000700
    -0.000492 -0.000233  0.000595
    -0.000465 -0.000180  0.000512
    -0.000448 -0.000143  0.000476
    -0.000424 -0.000103  0.000435
    -0.000310  0.000107  0.000173
    -0.000289  0.000128  0.000177
    -0.000011 -0.001079 -0.000308
     0.000113 -0.001579 -0.000492
     0.000015 -0.001123 -0.000296
    -0.000184 -0.000253  0.000049
    -0.000364 -0.000035  0.000414
    -0.000500 -0.000253  0.000695
    -0.000539 -0.000237  0.000466
    -0.000560 -0.000240  0.000374
    -0.000583 -0.000244  0.000272
    -0.000583 -0.000263  0.000411
    -0.000572 -0.000273  0.000515
    -0.000545 -0.000281  0.000664
    -0.000519 -0.000259  0.000701
    -0.000512 -0.000250  0.000706
    -0.000528 -0.000251  0.000659
    -0.000540 -0.000243  0.000637
    -0.000544 -0.000240  0.000644
    -0.000546 -0.000241  0.000670
    -0.000555 -0.000253  0.000666
    -0.000553 -0.000258  0.000664
    -0.000532 -0.000255  0.000666
    -0.000486 -0.000227  0.000674
    -0.000481 -0.000224  0.000649
    -0.000519 -0.000249  0.000608
    -0.000595 -0.000299  0.000563
    -0.000647 -0.000337  0.000544
    -0.000711 -0.000393  0.000539
    -0.000663 -0.000360  0.000589
    -0.000619 -0.000330  0.000634
    -0.000500 -0.000252  0.000695
    -0.000325 -0.000135  0.000747
    -0.000161 -0.000004  0.000741
    -0.000015 -0.000226  0.000721
     0.000077 -0.000514  0.000714
    -0.000040 -0.000114  0.000753
    -0.000220 -0.000046  0.000760
    -0.000218 -0.000040  0.000708
    -0.000338 -0.000134  0.000630
    -0.000356 -0.000148  0.000604
    -0.000369 -0.000163  0.000582
    -0.000408 -0.000193  0.000581
    -0.000476 -0.000245  0.000590
    -0.000464 -0.000236  0.000585
    -0.000479 -0.000246  0.000586
    -0.000540 -0.000289  0.000602
    -0.000547 -0.000295  0.000605
    -0.000531 -0.000284  0.000599
    -0.000531 -0.000284  0.000599
    -0.000531 -0.000284  0.000599
    -0.000531 -0.000284  0.000599
    -0.000531 -0.000284  0.000599
    -0.000531 -0.000284  0.000599
    -0.000531 -0.000284  0.000599
    -0.000531 -0.000284  0.000599
    -0.000531 -0.000284  0.000599
    -0.000531 -0.000284  0.000599
    -0.000531 -0.000284  0.000599
    -0.000531 -0.000284  0.000599
    -0.000531 -0.000284  0.000599
    -0.000531 -0.000284  0.000599
    -0.000531 -0.000284  0.000599
    -0.000531 -0.000284  0.000599
    -0.000531 -0.000284  0.000599
    -0.000531 -0.000284  0.000599
    -0.000531 -0.000284  0.000599
    -0.000531 -0.000284  0.000599
    -0.000531 -0.000284  0.000599
    -0.000531 -0.000284  0.000599
    -0.000531 -0.000284  0.000599
    -0.000531 -0.000284  0.000599
    -0.000531 -0.000284  0.000599
    -0.000531 -0.000272  0.000553
    -0.000531 -0.000282  0.000593
    -0.000530 -0.000306  0.000702
    -0.000527 -0.000306  0.000713
    -0.000528 -0.000304  0.000700
    -0.000526 -0.000301  0.000693
    -0.000457 -0.000163  0.000508
    -0.000465 -0.000176  0.000528
    -0.000451 -0.000152  0.000505
    -0.000427 -0.000118  0.000471
    -0.000353  0.000016  0.000329
    -0.000064 -0.000855 -0.000207
     0.000077 -0.001451 -0.000409
     0.000111 -0.001554 -0.000413
     0.000017 -0.001119 -0.000222
    -0.000163 -0.000327  0.000089
    -0.000348 -0.000025  0.000457
    -0.000464 -0.000220  0.000715
    -0.000494 -0.000229  0.000612
    -0.000520 -0.000235  0.000507
    -0.000539 -0.000244  0.000449
    -0.000538 -0.000247  0.000548
    -0.000534 -0.000252  0.000602
    -0.000518 -0.000254  0.000697
    -0.000518 -0.000258  0.000716
    -0.000520 -0.000262  0.000720
    -0.000526 -0.000262  0.000660
    -0.000525 -0.000260  0.000654
    -0.000522 -0.000257  0.000651
    -0.000496 -0.000234  0.000670
    -0.000500 -0.000236  0.000678
    -0.000509 -0.000244  0.000678
    -0.000555 -0.000277  0.000646
    -0.000581 -0.000297  0.000637
    -0.000620 -0.000338  0.000618
    -0.000594 -0.000320  0.000661
    -0.000544 -0.000287  0.000715
    -0.000467 -0.000212  0.000691
    -0.000325 -0.000087  0.000662
    -0.000164  0.000046  0.000653
    -0.000007 -0.000388  0.000606
     0.000080 -0.000657  0.000603
     0.000045 -0.000497  0.000672
    -0.000093  0.000008  0.000771
    -0.000294 -0.000098  0.000729
    -0.000354 -0.000149  0.000650
    -0.000372 -0.000159  0.000623
    -0.000382 -0.000167  0.000605
    -0.000371 -0.000160  0.000607
    -0.000481 -0.000249  0.000598
    -0.000477 -0.000246  0.000595
    -0.000465 -0.000237  0.000591
    -0.000476 -0.000244  0.000590
    -0.000535 -0.000286  0.000600
    -0.000556 -0.000302  0.000606
    -0.000531 -0.000284  0.000599
    -0.000531 -0.000284  0.000599
    -0.000531 -0.000284  0.000599
    -0.000531 -0.000284  0.000599
    -0.000531 -0.000284  0.000599
    -0.000531 -0.000284  0.000599
    -0.000531 -0.000284  0.000599
    -0.000531 -0.000284  0.000599
    -0.000531 -0.000284  0.000599
    -0.000531 -0.000284  0.000599
    -0.000531 -0.000284  0.000599
    -0.000531 -0.000284  0.000599
    -0.000531 -0.000284  0.000599
    -0.000531 -0.000284  0.000599
    -0.000531 -0.000284  0.000599
    -0.000531 -0.000284  0.000599
    -0.000531 -0.000284  0.000599
    -0.000531 -0.000284  0.000599
    -0.000531 -0.000284  0.000599
    -0.000531 -0.000284  0.000599
    -0.000531 -0.000284  0.000599
    -0.000531 -0.000284  0.000599
    -0.000531 -0.000284  0.000599
    -0.000531 -0.000284  0.000599
    -0.000531 -0.000284  0.000599
    -0.000531 -0.000284  0.000599
    -0.000531 -0.000284  0.000599
    -0.000531 -0.000273  0.000548
    -0.000531 -0.000283  0.000595
    -0.000529 -0.000303  0.000701
    -0.000526 -0.000303  0.000714
    -0.000526 -0.000301  0.000702
    -0.000525 -0.000299  0.000695
    -0.000459 -0.000167  0.000530
    -0.000445 -0.000136  0.000497
    -0.000446 -0.000140  0.000504
    -0.000460 -0.000175  0.000556
    -0.000436 -0.000144  0.000519
    -0.000339  0.000045  0.000246
    -0.000080 -0.000781 -0.000167
    -0.000056 -0.000863 -0.000168
    -0.000035 -0.000918 -0.000150
    -0.000057 -0.000784 -0.000068
    -0.000233 -0.000010  0.000233
    -0.000337 -0.000020  0.000465
    -0.000422 -0.000169  0.000650
    -0.000464 -0.000242  0.000727
    -0.000488 -0.000250  0.000624
    -0.000500 -0.000262  0.000584
    -0.000520 -0.000272  0.000516
    -0.000510 -0.000272  0.000634
    -0.000501 -0.000273  0.000670
    -0.000485 -0.000260  0.000702
    -0.000478 -0.000254  0.000715
    -0.000482 -0.000257  0.000697
    -0.000495 -0.000266  0.000656
    -0.000514 -0.000277  0.000642
    -0.000563 -0.000322  0.000606
    -0.000534 -0.000300  0.000653
    -0.000520 -0.000288  0.000692
    -0.000467 -0.000236  0.000706
    -0.000419 -0.000175  0.000670
    -0.000317 -0.000071  0.000634
    -0.000208  0.000027  0.000622
    -0.000077 -0.000199  0.000595
    -0.000059 -0.000228  0.000632
    -0.000082 -0.000095  0.000702
    -0.000108  0.000037  0.000760
    -0.000248 -0.000069  0.000685
    -0.000376 -0.000168  0.000662
    -0.000398 -0.000179  0.000643
    -0.000376 -0.000158  0.000643
    -0.000372 -0.000155  0.000640
    -0.000385 -0.000168  0.000625
    -0.000481 -0.000248  0.000603
    -0.000478 -0.000245  0.000601
    -0.000467 -0.000237  0.000597
    -0.000478 -0.000244  0.000595
    -0.000533 -0.000285  0.000599
    -0.000558 -0.000304  0.000604
    -0.000531 -0.000284  0.000599
    -0.000531 -0.000284  0.000599
    -0.000531 -0.000284  0.000599
    -0.000531 -0.000284  0.000599
    -0.000531 -0.000284  0.000599
    -0.000531 -0.000284  0.000599
    -0.000531 -0.000284  0.000599
    -0.000531 -0.000284  0.000599
    -0.000531 -0.000284  0.000599
    -0.000531 -0.000284  0.000599
    -0.000531 -0.000284  0.000599
    -0.000531 -0.000284  0.000599
    -0.000531 -0.000284  0.000599
    -0.000531 -0.000284  0.000599
    -0.000531 -0.000284  0.000599
    -0.000531 -0.000284  0.000599
    -0.000531 -0.000284  0.000599
    -0.000531 -0.000284  0.000599
    -0.000531 -0.000284  0.000599
    -0.000531 -0.000284  0.000599
    -0.000531 -0.000284  0.000599
    -0.000531 -0.000284  0.000599
    -0.000531 -0.000284  0.000599
    -0.000531 -0.000284  0.000599
    -0.000531 -0.000284  0.000599
    -0.000531 -0.000284  0.000599
    -0.000531 -0.000284  0.000599
    -0.000531 -0.000284  0.000599
    -0.000531 -0.000284  0.000599
    -0.000532 -0.000274  0.000549
    -0.000532 -0.000282  0.000591
    -0.000529 -0.000299  0.000691
    -0.000526 -0.000302  0.000718
    -0.000525 -0.000299  0.000707
    -0.000525 -0.000295  0.000687
    -0.000472 -0.000193  0.000578
    -0.000442 -0.000135  0.000506
    -0.000438 -0.000125  0.000501
    -0.000440 -0.000135  0.000527
    -0.000424 -0.000111  0.000507
    -0.000386 -0.000052  0.000417
    -0.000298  0.000121  0.000177
    -0.000237 -0.000083  0.000097
    -0.000282  0.000122  0.000191
    -0.000171 -0.000333  0.000074
    -0.000216 -0.000112  0.000176
    -0.000298  0.000056  0.000358
    -0.000336 -0.000023  0.000468
    -0.000373 -0.000098  0.000568
    -0.000386 -0.000132  0.000612
    -0.000414 -0.000184  0.000671
    -0.000433 -0.000220  0.000706
    -0.000450 -0.000248  0.000718
    -0.000469 -0.000258  0.000663
    -0.000526 -0.000308  0.000556
    -0.000488 -0.000281  0.000704
    -0.000457 -0.000246  0.000704
    -0.000436 -0.000212  0.000679
    -0.000416 -0.000181  0.000659
    -0.000383 -0.000140  0.000639
    -0.000365 -0.000120  0.000639
    -0.000317 -0.000073  0.000634
    -0.000266 -0.000028  0.000637
    -0.000196  0.000029  0.000647
    -0.000171  0.000043  0.000669
    -0.000218 -0.000046  0.000752
    -0.000192 -0.000027  0.000765
    -0.000221 -0.000043  0.000741
    -0.000333 -0.000132  0.000712
    -0.000381 -0.000161  0.000704
    -0.000390 -0.000167  0.000681
    -0.000378 -0.000157  0.000667
    -0.000377 -0.000159  0.000655
    -0.000409 -0.000186  0.000635
    -0.000487 -0.000251  0.000608
    -0.000477 -0.000243  0.000606
    -0.000471 -0.000238  0.000604
    -0.000485 -0.000248  0.000600
    -0.000535 -0.000287  0.000599
    -0.000557 -0.000303  0.000601
    -0.000531 -0.000284  0.000599
    -0.000531 -0.000284  0.000599
    -0.000531 -0.000284  0.000599
    -0.000531 -0.000284  0.000599
    -0.000531 -0.000284  0.000599
    -0.000531 -0.000284  0.000599
    -0.000531 -0.000284  0.000599
    -0.000531 -0.000284  0.000599
    -0.000531 -0.000284  0.000599
    -0.000531 -0.000284  0.000599
    -0.000531 -0.000284  0.000599
    -0.000531 -0.000284  0.000599
    -0.000531 -0.000284  0.000599
    -0.000531 -0.000284  0.000599
    -0.000531 -0.000284  0.000599
    -0.000531 -0.000284  0.000599
    -0.000531 -0.000284  0.000599
    -0.000531 -0.000284  0.000599
    -0.000531 -0.000284  0.000599
    -0.000531 -0.000284  0.000599
    -0.000531 -0.000284  0.000599
    -0.000531 -0.000284  0.000599
    -0.000531 -0.000284  0.000599
    -0.000531 -0.000284  0.000599
    -0.000531 -0.000284  0.000599
    -0.000531 -0.000284  0.000599
    -0.000531 -0.000284  0.000599
    -0.000531 -0.000284  0.000599
    -0.000531 -0.000284  0.000599
    -0.000531 -0.000284  0.000599
    -0.000531 -0.000284  0.000599
    -0.000532 -0.000276  0.000555
    -0.000532 -0.000281  0.000582
    -0.000529 -0.000293  0.000666
    -0.000525 -0.000298  0.000716
    -0.000523 -0.000297  0.000716
    -0.000523 -0.000293  0.000691
    -0.000522 -0.000292  0.000691
    -0.000458 -0.000168  0.000561
    -0.000437 -0.000127  0.000516
    -0.000438 -0.000130  0.000531
    -0.000440 -0.000137  0.000551
    -0.000411 -0.000087  0.000483
    -0.000302  0.000119  0.000218
    -0.000215 -0.000203  0.000100
    -0.000199 -0.000258  0.000097
    -0.000188 -0.000277  0.000110
    -0.000205 -0.000172  0.000167
    -0.000254  0.000065  0.000268
    -0.000311  0.000030  0.000402
    -0.000344 -0.000035  0.000487
    -0.000367 -0.000083  0.000548
    -0.000380 -0.000113  0.000586
    -0.000381 -0.000123  0.000600
    -0.000407 -0.000165  0.000647
    -0.000419 -0.000184  0.000667
    -0.000406 -0.000168  0.000658
    -0.000377 -0.000134  0.000638
    -0.000374 -0.000130  0.000642
    -0.000357 -0.000110  0.000639
    -0.000327 -0.000079  0.000633
    -0.000285 -0.000037  0.000625
    -0.000222  0.000025  0.000616
    -0.000196  0.000046  0.000629
    -0.000186  0.000049  0.000651
    -0.000189  0.000036  0.000678
    -0.000195  0.000020  0.000703
    -0.000243 -0.000036  0.000736
    -0.000371 -0.000153  0.000721
    -0.000404 -0.000176  0.000706
    -0.000395 -0.000168  0.000695
    -0.000386 -0.000163  0.000682
    -0.000404 -0.000179  0.000661
    -0.000486 -0.000250  0.000616
    -0.000486 -0.000250  0.000613
    -0.000473 -0.000240  0.000613
    -0.000474 -0.000239  0.000609
    -0.000498 -0.000258  0.000603
    -0.000540 -0.000290  0.000599
    -0.000553 -0.000301  0.000599
    -0.000531 -0.000284  0.000599
    -0.000531 -0.000284  0.000599
    -0.000531 -0.000284  0.000599
    -0.000531 -0.000284  0.000599
    -0.000531 -0.000284  0.000599
    -0.000531 -0.000284  0.000599
    -0.000531 -0.000284  0.000599
    -0.000531 -0.000284  0.000599
    -0.000531 -0.000284  0.000599
    -0.000531 -0.000284  0.000599
    -0.000531 -0.000284  0.000599
    -0.000531 -0.000284  0.000599
    -0.000531 -0.000284  0.000599
    -0.000531 -0.000284  0.000599
    -0.000531 -0.000284  0.000599
    -0.000531 -0.000284  0.000599
    -0.000531 -0.000284  0.000599
    -0.000531 -0.000284  0.000599
    -0.000531 -0.000284  0.000599
    -0.000531 -0.000284  0.000599
    -0.000531 -0.000284  0.000599
    -0.000531 -0.000284  0.000599
    -0.000531 -0.000284  0.000599
    -0.000531 -0.000284  0.000599
    -0.000531 -0.000284  0.000599
    -0.000531 -0.000284  0.000599
    -0.000531 -0.000284  0.000599
    -0.000531 -0.000284  0.000599
    -0.000531 -0.000284  0.000599
    -0.000531 -0.000284  0.000599
    -0.000531 -0.000284  0.000599
    -0.000531 -0.000284  0.000599
    -0.000531 -0.000284  0.000599
    -0.000532 -0.000280  0.000577
    -0.000533 -0.000279  0.000565
    -0.000530 -0.000287  0.000627
    -0.000524 -0.000294  0.000704
    -0.000522 -0.000294  0.000716
    -0.000521 -0.000291  0.000704
    -0.000522 -0.000288  0.000680
    -0.000520 -0.000287  0.000686
    -0.000455 -0.000164  0.000573
    -0.000430 -0.000117  0.000523
    -0.000449 -0.000156  0.000588
    -0.000423 -0.000108  0.000527
    -0.000387 -0.000042  0.000444
    -0.000304  0.000117  0.000257
    -0.000241 -0.000095  0.000181
    -0.000191 -0.000295  0.000134
    -0.000157 -0.000415  0.000115
    -0.000158 -0.000389  0.000145
    -0.000177 -0.000284  0.000201
    -0.000247  0.000034  0.000326
    -0.000274  0.000093  0.000391
    -0.000294  0.000053  0.000446
    -0.000309  0.000023  0.000487
    -0.000314  0.000008  0.000512
    -0.000305  0.000012  0.000521
    -0.000286  0.000030  0.000520
    -0.000260  0.000055  0.000519
    -0.000237  0.000074  0.000525
    -0.000186 -0.000006  0.000517
    -0.000169 -0.000048  0.000532
    -0.000171 -0.000019  0.000563
    -0.000199  0.000074  0.000612
    -0.000221  0.000035  0.000652
    -0.000254 -0.000013  0.000689
    -0.000353 -0.000129  0.000735
    -0.000396 -0.000168  0.000734
    -0.000423 -0.000190  0.000716
    -0.000391 -0.000166  0.000710
    -0.000412 -0.000184  0.000683
    -0.000490 -0.000253  0.000624
    -0.000493 -0.000254  0.000619
    -0.000481 -0.000245  0.000621
    -0.000475 -0.000240  0.000620
    -0.000481 -0.000244  0.000614
    -0.000518 -0.000273  0.000602
    -0.000548 -0.000297  0.000597
    -0.000542 -0.000292  0.000598
    -0.000531 -0.000284  0.000599
    -0.000531 -0.000284  0.000599
    -0.000531 -0.000284  0.000599
    -0.000531 -0.000284  0.000599
    -0.000531 -0.000284  0.000599
    -0.000531 -0.000284  0.000599
    -0.000531 -0.000284  0.000599
    -0.000531 -0.000284  0.000599
    -0.000531 -0.000284  0.000599
    -0.000531 -0.000284  0.000599
    -0.000531 -0.000284  0.000599
    -0.000531 -0.000284  0.000599
    -0.000531 -0.000284  0.000599
    -0.000531 -0.000284  0.000599
    -0.000531 -0.000284  0.000599
    -0.000531 -0.000284  0.000599
    -0.000531 -0.000284  0.000599
    -0.000531 -0.000284  0.000599
    -0.000531 -0.000284  0.000599
    -0.000531 -0.000284  0.000599
    -0.000531 -0.000284  0.000599
    -0.000531 -0.000284  0.000599
    -0.000531 -0.000284  0.000599
    -0.000531 -0.000284  0.000599
    -0.000531 -0.000284  0.000599
    -0.000531 -0.000284  0.000599
    -0.000531 -0.000284  0.000599
    -0.000531 -0.000284  0.000599
    -0.000531 -0.000284  0.000599
    -0.000531 -0.000284  0.000599
    -0.000531 -0.000284  0.000599
    -0.000531 -0.000284  0.000599
    -0.000531 -0.000284  0.000599
    -0.000531 -0.000284  0.000599
    -0.000531 -0.000284  0.000599
    -0.000531 -0.000285  0.000611
    -0.000534 -0.000278  0.000545
    -0.000532 -0.000283  0.000592
    -0.000526 -0.000288  0.000666
    -0.000521 -0.000290  0.000709
    -0.000519 -0.000288  0.000713
    -0.000518 -0.000286  0.000699
    -0.000519 -0.000284  0.000680
    -0.000517 -0.000283  0.000685
    -0.000462 -0.000183  0.000612
    -0.000457 -0.000178  0.000622
    -0.000427 -0.000124  0.000563
    -0.000406 -0.000081  0.000512
    -0.000376 -0.000029  0.000454
    -0.000300  0.000113  0.000299
    -0.000268  0.000032  0.000268
    -0.000229 -0.000123  0.000236
    -0.000187 -0.000289  0.000202
    -0.000165 -0.000363  0.000199
    -0.000149 -0.000410  0.000206
    -0.000149 -0.000386  0.000238
    -0.000177 -0.000246  0.000306
    -0.000197 -0.000139  0.000361
    -0.000179 -0.000185  0.000374
    -0.000154 -0.000256  0.000384
    -0.000155 -0.000224  0.000418
    -0.000173 -0.000130  0.000463
    -0.000196 -0.000015  0.000512
    -0.000228  0.000079  0.000566
    -0.000244  0.000046  0.000602
    -0.000262  0.000013  0.000634
    -0.000348 -0.000102  0.000695
    -0.000382 -0.000142  0.000716
    -0.000409 -0.000173  0.000727
    -0.000437 -0.000204  0.000718
    -0.000431 -0.000199  0.000695
    -0.000492 -0.000254  0.000632
    -0.000494 -0.000255  0.000627
    -0.000485 -0.000247  0.000630
    -0.000478 -0.000242  0.000629
    -0.000480 -0.000243  0.000624
    -0.000500 -0.000258  0.000612
    -0.000535 -0.000286  0.000598
    -0.000557 -0.000304  0.000592
    -0.000526 -0.000279  0.000600
    -0.000531 -0.000284  0.000599
    -0.000531 -0.000284  0.000599
    -0.000531 -0.000284  0.000599
    -0.000531 -0.000284  0.000599
    -0.000531 -0.000284  0.000599
    -0.000531 -0.000284  0.000599
    -0.000531 -0.000284  0.000599
    -0.000531 -0.000284  0.000599
    -0.000531 -0.000284  0.000599
    -0.000531 -0.000284  0.000599
    -0.000531 -0.000284  0.000599
    -0.000531 -0.000284  0.000599
    -0.000531 -0.000284  0.000599
    -0.000531 -0.000284  0.000599
    -0.000531 -0.000284  0.000599
    -0.000531 -0.000284  0.000599
    -0.000531 -0.000284  0.000599
    -0.000531 -0.000284  0.000599
