# vtk DataFile Version 3.0
Predicted magnetic field
ASCII

DATASET STRUCTURED_GRID
DIMENSIONS 81 81 1
POINTS 6561 float
    -10.584000 -10.584000  0.529000
    -10.584000 -10.319000  0.529000
    -10.584000 -10.054000  0.529000
    -10.584000 -9.790000  0.529000
    -10.584000 -9.525000  0.529000
    -10.584000 -9.261000  0.529000
    -10.584000 -8.996000  0.529000
    -10.584000 -8.731000  0.529000
    -10.584000 -8.467000  0.529000
    -10.584000 -8.202000  0.529000
    -10.584000 -7.938000  0.529000
    -10.584000 -7.673000  0.529000
    -10.584000 -7.408000  0.529000
    -10.584000 -7.144000  0.529000
    -10.584000 -6.879000  0.529000
    -10.584000 -6.615000  0.529000
    -10.584000 -6.350000  0.529000
    -10.584000 -6.086000  0.529000
    -10.584000 -5.821000  0.529000
    -10.584000 -5.556000  0.529000
    -10.584000 -5.292000  0.529000
    -10.584000 -5.027000  0.529000
    -10.584000 -4.763000  0.529000
    -10.584000 -4.498000  0.529000
    -10.584000 -4.233000  0.529000
    -10.584000 -3.969000  0.529000
    -10.584000 -3.704000  0.529000
    -10.584000 -3.440000  0.529000
    -10.584000 -3.175000  0.529000
    -10.584000 -2.910000  0.529000
    -10.584000 -2.646000  0.529000
    -10.584000 -2.381000  0.529000
    -10.584000 -2.117000  0.529000
    -10.584000 -1.852000  0.529000
    -10.584000 -1.588000  0.529000
    -10.584000 -1.323000  0.529000
    -10.584000 -1.058000  0.529000
    -10.584000 -0.794000  0.529000
    -10.584000 -0.529000  0.529000
    -10.584000 -0.265000  0.529000
    -10.584000  0.000000  0.529000
    -10.584000  0.265000  0.529000
    -10.584000  0.529000  0.529000
    -10.584000  0.794000  0.529000
    -10.584000  1.058000  0.529000
    -10.584000  1.323000  0.529000
    -10.584000  1.588000  0.529000
    -10.584000  1.852000  0.529000
    -10.584000  2.117000  0.529000
    -10.584000  2.381000  0.529000
    -10.584000  2.646000  0.529000
    -10.584000  2.910000  0.529000
    -10.584000  3.175000  0.529000
    -10.584000  3.440000  0.529000
    -10.584000  3.704000  0.529000
    -10.584000  3.969000  0.529000
    -10.584000  4.233000  0.529000
    -10.584000  4.498000  0.529000
    -10.584000  4.763000  0.529000
    -10.584000  5.027000  0.529000
    -10.584000  5.292000  0.529000
    -10.584000  5.556000  0.529000
    -10.584000  5.821000  0.529000
    -10.584000  6.086000  0.529000
    -10.584000  6.350000  0.529000
    -10.584000  6.615000  0.529000
    -10.584000  6.879000  0.529000
    -10.584000  7.144000  0.529000
    -10.584000  7.408000  0.529000
    -10.584000  7.673000  0.529000
    -10.584000  7.938000  0.529000
    -10.584000  8.202000  0.529000
    -10.584000  8.467000  0.529000
    -10.584000  8.731000  0.529000
    -10.584000  8.996000  0.529000
    -10.584000  9.261000  0.529000
    -10.584000  9.525000  0.529000
    -10.584000  9.790000  0.529000
    -10.584000  10.054000  0.529000
    -10.584000  10.319000  0.529000
    -10.584000  10.584000  0.529000
    -10.319000 -10.584000  0.529000
    -10.319000 -10.319000  0.529000
    -10.319000 -10.054000  0.529000
    -10.319000 -9.790000  0.529000
    -10.319000 -9.525000  0.529000
    -10.319000 -9.261000  0.529000
    -10.319000 -8.996000  0.529000
    -10.319000 -8.731000  0.529000
    -10.319000 -8.467000  0.529000
    -10.319000 -8.202000  0.529000
    -10.319000 -7.938000  0.529000
    -10.319000 -7.673000  0.529000
    -10.319000 -7.408000  0.529000
    -10.319000 -7.144000  0.529000
    -10.319000 -6.879000  0.529000
    -10.319000 -6.615000  0.529000
    -10.319000 -6.350000  0.529000
    -10.319000 -6.086000  0.529000
    -10.319000 -5.821000  0.529000
    -10.319000 -5.556000  0.529000
    -10.319000 -5.292000  0.529000
    -10.319000 -5.027000  0.529000
    -10.319000 -4.763000  0.529000
    -10.319000 -4.498000  0.529000
    -10.319000 -4.233000  0.529000
    -10.319000 -3.969000  0.529000
    -10.319000 -3.704000  0.529000
    -10.319000 -3.440000  0.529000
    -10.319000 -3.175000  0.529000
    -10.319000 -2.910000  0.529000
    -10.319000 -2.646000  0.529000
    -10.319000 -2.381000  0.529000
    -10.319000 -2.117000  0.529000
    -10.319000 -1.852000  0.529000
    -10.319000 -1.588000  0.529000
    -10.319000 -1.323000  0.529000
    -10.319000 -1.058000  0.529000
    -10.319000 -0.794000  0.529000
    -10.319000 -0.529000  0.529000
    -10.319000 -0.265000  0.529000
    -10.319000  0.000000  0.529000
    -10.319000  0.265000  0.529000
    -10.319000  0.529000  0.529000
    -10.319000  0.794000  0.529000
    -10.319000  1.058000  0.529000
    -10.319000  1.323000  0.529000
    -10.319000  1.588000  0.529000
    -10.319000  1.852000  0.529000
    -10.319000  2.117000  0.529000
    -10.319000  2.381000  0.529000
    -10.319000  2.646000  0.529000
    -10.319000  2.910000  0.529000
    -10.319000  3.175000  0.529000
    -10.319000  3.440000  0.529000
    -10.319000  3.704000  0.529000
    -10.319000  3.969000  0.529000
    -10.319000  4.233000  0.529000
    -10.319000  4.498000  0.529000
    -10.319000  4.763000  0.529000
    -10.319000  5.027000  0.529000
    -10.319000  5.292000  0.529000
    -10.319000  5.556000  0.529000
    -10.319000  5.821000  0.529000
    -10.319000  6.086000  0.529000
    -10.319000  6.350000  0.529000
    -10.319000  6.615000  0.529000
    -10.319000  6.879000  0.529000
    -10.319000  7.144000  0.529000
    -10.319000  7.408000  0.529000
    -10.319000  7.673000  0.529000
    -10.319000  7.938000  0.529000
    -10.319000  8.202000  0.529000
    -10.319000  8.467000  0.529000
    -10.319000  8.731000  0.529000
    -10.319000  8.996000  0.529000
    -10.319000  9.261000  0.529000
    -10.319000  9.525000  0.529000
    -10.319000  9.790000  0.529000
    -10.319000  10.054000  0.529000
    -10.319000  10.319000  0.529000
    -10.319000  10.584000  0.529000
    -10.054000 -10.584000  0.529000
    -10.054000 -10.319000  0.529000
    -10.054000 -10.054000  0.529000
    -10.054000 -9.790000  0.529000
    -10.054000 -9.525000  0.529000
    -10.054000 -9.261000  0.529000
    -10.054000 -8.996000  0.529000
    -10.054000 -8.731000  0.529000
    -10.054000 -8.467000  0.529000
    -10.054000 -8.202000  0.529000
    -10.054000 -7.938000  0.529000
    -10.054000 -7.673000  0.529000
    -10.054000 -7.408000  0.529000
    -10.054000 -7.144000  0.529000
    -10.054000 -6.879000  0.529000
    -10.054000 -6.615000  0.529000
    -10.054000 -6.350000  0.529000
    -10.054000 -6.086000  0.529000
    -10.054000 -5.821000  0.529000
    -10.054000 -5.556000  0.529000
    -10.054000 -5.292000  0.529000
    -10.054000 -5.027000  0.529000
    -10.054000 -4.763000  0.529000
    -10.054000 -4.498000  0.529000
    -10.054000 -4.233000  0.529000
    -10.054000 -3.969000  0.529000
    -10.054000 -3.704000  0.529000
    -10.054000 -3.440000  0.529000
    -10.054000 -3.175000  0.529000
    -10.054000 -2.910000  0.529000
    -10.054000 -2.646000  0.529000
    -10.054000 -2.381000  0.529000
    -10.054000 -2.117000  0.529000
    -10.054000 -1.852000  0.529000
    -10.054000 -1.588000  0.529000
    -10.054000 -1.323000  0.529000
    -10.054000 -1.058000  0.529000
    -10.054000 -0.794000  0.529000
    -10.054000 -0.529000  0.529000
    -10.054000 -0.265000  0.529000
    -10.054000  0.000000  0.529000
    -10.054000  0.265000  0.529000
    -10.054000  0.529000  0.529000
    -10.054000  0.794000  0.529000
    -10.054000  1.058000  0.529000
    -10.054000  1.323000  0.529000
    -10.054000  1.588000  0.529000
    -10.054000  1.852000  0.529000
    -10.054000  2.117000  0.529000
    -10.054000  2.381000  0.529000
    -10.054000  2.646000  0.529000
    -10.054000  2.910000  0.529000
    -10.054000  3.175000  0.529000
    -10.054000  3.440000  0.529000
    -10.054000  3.704000  0.529000
    -10.054000  3.969000  0.529000
    -10.054000  4.233000  0.529000
    -10.054000  4.498000  0.529000
    -10.054000  4.763000  0.529000
    -10.054000  5.027000  0.529000
    -10.054000  5.292000  0.529000
    -10.054000  5.556000  0.529000
    -10.054000  5.821000  0.529000
    -10.054000  6.086000  0.529000
    -10.054000  6.350000  0.529000
    -10.054000  6.615000  0.529000
    -10.054000  6.879000  0.529000
    -10.054000  7.144000  0.529000
    -10.054000  7.408000  0.529000
    -10.054000  7.673000  0.529000
    -10.054000  7.938000  0.529000
    -10.054000  8.202000  0.529000
    -10.054000  8.467000  0.529000
    -10.054000  8.731000  0.529000
    -10.054000  8.996000  0.529000
    -10.054000  9.261000  0.529000
    -10.054000  9.525000  0.529000
    -10.054000  9.790000  0.529000
    -10.054000  10.054000  0.529000
    -10.054000  10.319000  0.529000
    -10.054000  10.584000  0.529000
    -9.790000 -10.584000  0.529000
    -9.790000 -10.319000  0.529000
    -9.790000 -10.054000  0.529000
    -9.790000 -9.790000  0.529000
    -9.790000 -9.525000  0.529000
    -9.790000 -9.261000  0.529000
    -9.790000 -8.996000  0.529000
    -9.790000 -8.731000  0.529000
    -9.790000 -8.467000  0.529000
    -9.790000 -8.202000  0.529000
    -9.790000 -7.938000  0.529000
    -9.790000 -7.673000  0.529000
    -9.790000 -7.408000  0.529000
    -9.790000 -7.144000  0.529000
    -9.790000 -6.879000  0.529000
    -9.790000 -6.615000  0.529000
    -9.790000 -6.350000  0.529000
    -9.790000 -6.086000  0.529000
    -9.790000 -5.821000  0.529000
    -9.790000 -5.556000  0.529000
    -9.790000 -5.292000  0.529000
    -9.790000 -5.027000  0.529000
    -9.790000 -4.763000  0.529000
    -9.790000 -4.498000  0.529000
    -9.790000 -4.233000  0.529000
    -9.790000 -3.969000  0.529000
    -9.790000 -3.704000  0.529000
    -9.790000 -3.440000  0.529000
    -9.790000 -3.175000  0.529000
    -9.790000 -2.910000  0.529000
    -9.790000 -2.646000  0.529000
    -9.790000 -2.381000  0.529000
    -9.790000 -2.117000  0.529000
    -9.790000 -1.852000  0.529000
    -9.790000 -1.588000  0.529000
    -9.790000 -1.323000  0.529000
    -9.790000 -1.058000  0.529000
    -9.790000 -0.794000  0.529000
    -9.790000 -0.529000  0.529000
    -9.790000 -0.265000  0.529000
    -9.790000  0.000000  0.529000
    -9.790000  0.265000  0.529000
    -9.790000  0.529000  0.529000
    -9.790000  0.794000  0.529000
    -9.790000  1.058000  0.529000
    -9.790000  1.323000  0.529000
    -9.790000  1.588000  0.529000
    -9.790000  1.852000  0.529000
    -9.790000  2.117000  0.529000
    -9.790000  2.381000  0.529000
    -9.790000  2.646000  0.529000
    -9.790000  2.910000  0.529000
    -9.790000  3.175000  0.529000
    -9.790000  3.440000  0.529000
    -9.790000  3.704000  0.529000
    -9.790000  3.969000  0.529000
    -9.790000  4.233000  0.529000
    -9.790000  4.498000  0.529000
    -9.790000  4.763000  0.529000
    -9.790000  5.027000  0.529000
    -9.790000  5.292000  0.529000
    -9.790000  5.556000  0.529000
    -9.790000  5.821000  0.529000
    -9.790000  6.086000  0.529000
    -9.790000  6.350000  0.529000
    -9.790000  6.615000  0.529000
    -9.790000  6.879000  0.529000
    -9.790000  7.144000  0.529000
    -9.790000  7.408000  0.529000
    -9.790000  7.673000  0.529000
    -9.790000  7.938000  0.529000
    -9.790000  8.202000  0.529000
    -9.790000  8.467000  0.529000
    -9.790000  8.731000  0.529000
    -9.790000  8.996000  0.529000
    -9.790000  9.261000  0.529000
    -9.790000  9.525000  0.529000
    -9.790000  9.790000  0.529000
    -9.790000  10.054000  0.529000
    -9.790000  10.319000  0.529000
    -9.790000  10.584000  0.529000
    -9.525000 -10.584000  0.529000
    -9.525000 -10.319000  0.529000
    -9.525000 -10.054000  0.529000
    -9.525000 -9.790000  0.529000
    -9.525000 -9.525000  0.529000
    -9.525000 -9.261000  0.529000
    -9.525000 -8.996000  0.529000
    -9.525000 -8.731000  0.529000
    -9.525000 -8.467000  0.529000
    -9.525000 -8.202000  0.529000
    -9.525000 -7.938000  0.529000
    -9.525000 -7.673000  0.529000
    -9.525000 -7.408000  0.529000
    -9.525000 -7.144000  0.529000
    -9.525000 -6.879000  0.529000
    -9.525000 -6.615000  0.529000
    -9.525000 -6.350000  0.529000
    -9.525000 -6.086000  0.529000
    -9.525000 -5.821000  0.529000
    -9.525000 -5.556000  0.529000
    -9.525000 -5.292000  0.529000
    -9.525000 -5.027000  0.529000
    -9.525000 -4.763000  0.529000
    -9.525000 -4.498000  0.529000
    -9.525000 -4.233000  0.529000
    -9.525000 -3.969000  0.529000
    -9.525000 -3.704000  0.529000
    -9.525000 -3.440000  0.529000
    -9.525000 -3.175000  0.529000
    -9.525000 -2.910000  0.529000
    -9.525000 -2.646000  0.529000
    -9.525000 -2.381000  0.529000
    -9.525000 -2.117000  0.529000
    -9.525000 -1.852000  0.529000
    -9.525000 -1.588000  0.529000
    -9.525000 -1.323000  0.529000
    -9.525000 -1.058000  0.529000
    -9.525000 -0.794000  0.529000
    -9.525000 -0.529000  0.529000
    -9.525000 -0.265000  0.529000
    -9.525000  0.000000  0.529000
    -9.525000  0.265000  0.529000
    -9.525000  0.529000  0.529000
    -9.525000  0.794000  0.529000
    -9.525000  1.058000  0.529000
    -9.525000  1.323000  0.529000
    -9.525000  1.588000  0.529000
    -9.525000  1.852000  0.529000
    -9.525000  2.117000  0.529000
    -9.525000  2.381000  0.529000
    -9.525000  2.646000  0.529000
    -9.525000  2.910000  0.529000
    -9.525000  3.175000  0.529000
    -9.525000  3.440000  0.529000
    -9.525000  3.704000  0.529000
    -9.525000  3.969000  0.529000
    -9.525000  4.233000  0.529000
    -9.525000  4.498000  0.529000
    -9.525000  4.763000  0.529000
    -9.525000  5.027000  0.529000
    -9.525000  5.292000  0.529000
    -9.525000  5.556000  0.529000
    -9.525000  5.821000  0.529000
    -9.525000  6.086000  0.529000
    -9.525000  6.350000  0.529000
    -9.525000  6.615000  0.529000
    -9.525000  6.879000  0.529000
    -9.525000  7.144000  0.529000
    -9.525000  7.408000  0.529000
    -9.525000  7.673000  0.529000
    -9.525000  7.938000  0.529000
    -9.525000  8.202000  0.529000
    -9.525000  8.467000  0.529000
    -9.525000  8.731000  0.529000
    -9.525000  8.996000  0.529000
    -9.525000  9.261000  0.529000
    -9.525000  9.525000  0.529000
    -9.525000  9.790000  0.529000
    -9.525000  10.054000  0.529000
    -9.525000  10.319000  0.529000
    -9.525000  10.584000  0.529000
    -9.261000 -10.584000  0.529000
    -9.261000 -10.319000  0.529000
    -9.261000 -10.054000  0.529000
    -9.261000 -9.790000  0.529000
    -9.261000 -9.525000  0.529000
    -9.261000 -9.261000  0.529000
    -9.261000 -8.996000  0.529000
    -9.261000 -8.731000  0.529000
    -9.261000 -8.467000  0.529000
    -9.261000 -8.202000  0.529000
    -9.261000 -7.938000  0.529000
    -9.261000 -7.673000  0.529000
    -9.261000 -7.408000  0.529000
    -9.261000 -7.144000  0.529000
    -9.261000 -6.879000  0.529000
    -9.261000 -6.615000  0.529000
    -9.261000 -6.350000  0.529000
    -9.261000 -6.086000  0.529000
    -9.261000 -5.821000  0.529000
    -9.261000 -5.556000  0.529000
    -9.261000 -5.292000  0.529000
    -9.261000 -5.027000  0.529000
    -9.261000 -4.763000  0.529000
    -9.261000 -4.498000  0.529000
    -9.261000 -4.233000  0.529000
    -9.261000 -3.969000  0.529000
    -9.261000 -3.704000  0.529000
    -9.261000 -3.440000  0.529000
    -9.261000 -3.175000  0.529000
    -9.261000 -2.910000  0.529000
    -9.261000 -2.646000  0.529000
    -9.261000 -2.381000  0.529000
    -9.261000 -2.117000  0.529000
    -9.261000 -1.852000  0.529000
    -9.261000 -1.588000  0.529000
    -9.261000 -1.323000  0.529000
    -9.261000 -1.058000  0.529000
    -9.261000 -0.794000  0.529000
    -9.261000 -0.529000  0.529000
    -9.261000 -0.265000  0.529000
    -9.261000  0.000000  0.529000
    -9.261000  0.265000  0.529000
    -9.261000  0.529000  0.529000
    -9.261000  0.794000  0.529000
    -9.261000  1.058000  0.529000
    -9.261000  1.323000  0.529000
    -9.261000  1.588000  0.529000
    -9.261000  1.852000  0.529000
    -9.261000  2.117000  0.529000
    -9.261000  2.381000  0.529000
    -9.261000  2.646000  0.529000
    -9.261000  2.910000  0.529000
    -9.261000  3.175000  0.529000
    -9.261000  3.440000  0.529000
    -9.261000  3.704000  0.529000
    -9.261000  3.969000  0.529000
    -9.261000  4.233000  0.529000
    -9.261000  4.498000  0.529000
    -9.261000  4.763000  0.529000
    -9.261000  5.027000  0.529000
    -9.261000  5.292000  0.529000
    -9.261000  5.556000  0.529000
    -9.261000  5.821000  0.529000
    -9.261000  6.086000  0.529000
    -9.261000  6.350000  0.529000
    -9.261000  6.615000  0.529000
    -9.261000  6.879000  0.529000
    -9.261000  7.144000  0.529000
    -9.261000  7.408000  0.529000
    -9.261000  7.673000  0.529000
    -9.261000  7.938000  0.529000
    -9.261000  8.202000  0.529000
    -9.261000  8.467000  0.529000
    -9.261000  8.731000  0.529000
    -9.261000  8.996000  0.529000
    -9.261000  9.261000  0.529000
    -9.261000  9.525000  0.529000
    -9.261000  9.790000  0.529000
    -9.261000  10.054000  0.529000
    -9.261000  10.319000  0.529000
    -9.261000  10.584000  0.529000
    -8.996000 -10.584000  0.529000
    -8.996000 -10.319000  0.529000
    -8.996000 -10.054000  0.529000
    -8.996000 -9.790000  0.529000
    -8.996000 -9.525000  0.529000
    -8.996000 -9.261000  0.529000
    -8.996000 -8.996000  0.529000
    -8.996000 -8.731000  0.529000
    -8.996000 -8.467000  0.529000
    -8.996000 -8.202000  0.529000
    -8.996000 -7.938000  0.529000
    -8.996000 -7.673000  0.529000
    -8.996000 -7.408000  0.529000
    -8.996000 -7.144000  0.529000
    -8.996000 -6.879000  0.529000
    -8.996000 -6.615000  0.529000
    -8.996000 -6.350000  0.529000
    -8.996000 -6.086000  0.529000
    -8.996000 -5.821000  0.529000
    -8.996000 -5.556000  0.529000
    -8.996000 -5.292000  0.529000
    -8.996000 -5.027000  0.529000
    -8.996000 -4.763000  0.529000
    -8.996000 -4.498000  0.529000
    -8.996000 -4.233000  0.529000
    -8.996000 -3.969000  0.529000
    -8.996000 -3.704000  0.529000
    -8.996000 -3.440000  0.529000
    -8.996000 -3.175000  0.529000
    -8.996000 -2.910000  0.529000
    -8.996000 -2.646000  0.529000
    -8.996000 -2.381000  0.529000
    -8.996000 -2.117000  0.529000
    -8.996000 -1.852000  0.529000
    -8.996000 -1.588000  0.529000
    -8.996000 -1.323000  0.529000
    -8.996000 -1.058000  0.529000
    -8.996000 -0.794000  0.529000
    -8.996000 -0.529000  0.529000
    -8.996000 -0.265000  0.529000
    -8.996000  0.000000  0.529000
    -8.996000  0.265000  0.529000
    -8.996000  0.529000  0.529000
    -8.996000  0.794000  0.529000
    -8.996000  1.058000  0.529000
    -8.996000  1.323000  0.529000
    -8.996000  1.588000  0.529000
    -8.996000  1.852000  0.529000
    -8.996000  2.117000  0.529000
    -8.996000  2.381000  0.529000
    -8.996000  2.646000  0.529000
    -8.996000  2.910000  0.529000
    -8.996000  3.175000  0.529000
    -8.996000  3.440000  0.529000
    -8.996000  3.704000  0.529000
    -8.996000  3.969000  0.529000
    -8.996000  4.233000  0.529000
    -8.996000  4.498000  0.529000
    -8.996000  4.763000  0.529000
    -8.996000  5.027000  0.529000
    -8.996000  5.292000  0.529000
    -8.996000  5.556000  0.529000
    -8.996000  5.821000  0.529000
    -8.996000  6.086000  0.529000
    -8.996000  6.350000  0.529000
    -8.996000  6.615000  0.529000
    -8.996000  6.879000  0.529000
    -8.996000  7.144000  0.529000
    -8.996000  7.408000  0.529000
    -8.996000  7.673000  0.529000
    -8.996000  7.938000  0.529000
    -8.996000  8.202000  0.529000
    -8.996000  8.467000  0.529000
    -8.996000  8.731000  0.529000
    -8.996000  8.996000  0.529000
    -8.996000  9.261000  0.529000
    -8.996000  9.525000  0.529000
    -8.996000  9.790000  0.529000
    -8.996000  10.054000  0.529000
    -8.996000  10.319000  0.529000
    -8.996000  10.584000  0.529000
    -8.731000 -10.584000  0.529000
    -8.731000 -10.319000  0.529000
    -8.731000 -10.054000  0.529000
    -8.731000 -9.790000  0.529000
    -8.731000 -9.525000  0.529000
    -8.731000 -9.261000  0.529000
    -8.731000 -8.996000  0.529000
    -8.731000 -8.731000  0.529000
    -8.731000 -8.467000  0.529000
    -8.731000 -8.202000  0.529000
    -8.731000 -7.938000  0.529000
    -8.731000 -7.673000  0.529000
    -8.731000 -7.408000  0.529000
    -8.731000 -7.144000  0.529000
    -8.731000 -6.879000  0.529000
    -8.731000 -6.615000  0.529000
    -8.731000 -6.350000  0.529000
    -8.731000 -6.086000  0.529000
    -8.731000 -5.821000  0.529000
    -8.731000 -5.556000  0.529000
    -8.731000 -5.292000  0.529000
    -8.731000 -5.027000  0.529000
    -8.731000 -4.763000  0.529000
    -8.731000 -4.498000  0.529000
    -8.731000 -4.233000  0.529000
    -8.731000 -3.969000  0.529000
    -8.731000 -3.704000  0.529000
    -8.731000 -3.440000  0.529000
    -8.731000 -3.175000  0.529000
    -8.731000 -2.910000  0.529000
    -8.731000 -2.646000  0.529000
    -8.731000 -2.381000  0.529000
    -8.731000 -2.117000  0.529000
    -8.731000 -1.852000  0.529000
    -8.731000 -1.588000  0.529000
    -8.731000 -1.323000  0.529000
    -8.731000 -1.058000  0.529000
    -8.731000 -0.794000  0.529000
    -8.731000 -0.529000  0.529000
    -8.731000 -0.265000  0.529000
    -8.731000  0.000000  0.529000
    -8.731000  0.265000  0.529000
    -8.731000  0.529000  0.529000
    -8.731000  0.794000  0.529000
    -8.731000  1.058000  0.529000
    -8.731000  1.323000  0.529000
    -8.731000  1.588000  0.529000
    -8.731000  1.852000  0.529000
    -8.731000  2.117000  0.529000
    -8.731000  2.381000  0.529000
    -8.731000  2.646000  0.529000
    -8.731000  2.910000  0.529000
    -8.731000  3.175000  0.529000
    -8.731000  3.440000  0.529000
    -8.731000  3.704000  0.529000
    -8.731000  3.969000  0.529000
    -8.731000  4.233000  0.529000
    -8.731000  4.498000  0.529000
    -8.731000  4.763000  0.529000
    -8.731000  5.027000  0.529000
    -8.731000  5.292000  0.529000
    -8.731000  5.556000  0.529000
    -8.731000  5.821000  0.529000
    -8.731000  6.086000  0.529000
    -8.731000  6.350000  0.529000
    -8.731000  6.615000  0.529000
    -8.731000  6.879000  0.529000
    -8.731000  7.144000  0.529000
    -8.731000  7.408000  0.529000
    -8.731000  7.673000  0.529000
    -8.731000  7.938000  0.529000
    -8.731000  8.202000  0.529000
    -8.731000  8.467000  0.529000
    -8.731000  8.731000  0.529000
    -8.731000  8.996000  0.529000
    -8.731000  9.261000  0.529000
    -8.731000  9.525000  0.529000
    -8.731000  9.790000  0.529000
    -8.731000  10.054000  0.529000
    -8.731000  10.319000  0.529000
    -8.731000  10.584000  0.529000
    -8.467000 -10.584000  0.529000
    -8.467000 -10.319000  0.529000
    -8.467000 -10.054000  0.529000
    -8.467000 -9.790000  0.529000
    -8.467000 -9.525000  0.529000
    -8.467000 -9.261000  0.529000
    -8.467000 -8.996000  0.529000
    -8.467000 -8.731000  0.529000
    -8.467000 -8.467000  0.529000
    -8.467000 -8.202000  0.529000
    -8.467000 -7.938000  0.529000
    -8.467000 -7.673000  0.529000
    -8.467000 -7.408000  0.529000
    -8.467000 -7.144000  0.529000
    -8.467000 -6.879000  0.529000
    -8.467000 -6.615000  0.529000
    -8.467000 -6.350000  0.529000
    -8.467000 -6.086000  0.529000
    -8.467000 -5.821000  0.529000
    -8.467000 -5.556000  0.529000
    -8.467000 -5.292000  0.529000
    -8.467000 -5.027000  0.529000
    -8.467000 -4.763000  0.529000
    -8.467000 -4.498000  0.529000
    -8.467000 -4.233000  0.529000
    -8.467000 -3.969000  0.529000
    -8.467000 -3.704000  0.529000
    -8.467000 -3.440000  0.529000
    -8.467000 -3.175000  0.529000
    -8.467000 -2.910000  0.529000
    -8.467000 -2.646000  0.529000
    -8.467000 -2.381000  0.529000
    -8.467000 -2.117000  0.529000
    -8.467000 -1.852000  0.529000
    -8.467000 -1.588000  0.529000
    -8.467000 -1.323000  0.529000
    -8.467000 -1.058000  0.529000
    -8.467000 -0.794000  0.529000
    -8.467000 -0.529000  0.529000
    -8.467000 -0.265000  0.529000
    -8.467000  0.000000  0.529000
    -8.467000  0.265000  0.529000
    -8.467000  0.529000  0.529000
    -8.467000  0.794000  0.529000
    -8.467000  1.058000  0.529000
    -8.467000  1.323000  0.529000
    -8.467000  1.588000  0.529000
    -8.467000  1.852000  0.529000
    -8.467000  2.117000  0.529000
    -8.467000  2.381000  0.529000
    -8.467000  2.646000  0.529000
    -8.467000  2.910000  0.529000
    -8.467000  3.175000  0.529000
    -8.467000  3.440000  0.529000
    -8.467000  3.704000  0.529000
    -8.467000  3.969000  0.529000
    -8.467000  4.233000  0.529000
    -8.467000  4.498000  0.529000
    -8.467000  4.763000  0.529000
    -8.467000  5.027000  0.529000
    -8.467000  5.292000  0.529000
    -8.467000  5.556000  0.529000
    -8.467000  5.821000  0.529000
    -8.467000  6.086000  0.529000
    -8.467000  6.350000  0.529000
    -8.467000  6.615000  0.529000
    -8.467000  6.879000  0.529000
    -8.467000  7.144000  0.529000
    -8.467000  7.408000  0.529000
    -8.467000  7.673000  0.529000
    -8.467000  7.938000  0.529000
    -8.467000  8.202000  0.529000
    -8.467000  8.467000  0.529000
    -8.467000  8.731000  0.529000
    -8.467000  8.996000  0.529000
    -8.467000  9.261000  0.529000
    -8.467000  9.525000  0.529000
    -8.467000  9.790000  0.529000
    -8.467000  10.054000  0.529000
    -8.467000  10.319000  0.529000
    -8.467000  10.584000  0.529000
    -8.202000 -10.584000  0.529000
    -8.202000 -10.319000  0.529000
    -8.202000 -10.054000  0.529000
    -8.202000 -9.790000  0.529000
    -8.202000 -9.525000  0.529000
    -8.202000 -9.261000  0.529000
    -8.202000 -8.996000  0.529000
    -8.202000 -8.731000  0.529000
    -8.202000 -8.467000  0.529000
    -8.202000 -8.202000  0.529000
    -8.202000 -7.938000  0.529000
    -8.202000 -7.673000  0.529000
    -8.202000 -7.408000  0.529000
    -8.202000 -7.144000  0.529000
    -8.202000 -6.879000  0.529000
    -8.202000 -6.615000  0.529000
    -8.202000 -6.350000  0.529000
    -8.202000 -6.086000  0.529000
    -8.202000 -5.821000  0.529000
    -8.202000 -5.556000  0.529000
    -8.202000 -5.292000  0.529000
    -8.202000 -5.027000  0.529000
    -8.202000 -4.763000  0.529000
    -8.202000 -4.498000  0.529000
    -8.202000 -4.233000  0.529000
    -8.202000 -3.969000  0.529000
    -8.202000 -3.704000  0.529000
    -8.202000 -3.440000  0.529000
    -8.202000 -3.175000  0.529000
    -8.202000 -2.910000  0.529000
    -8.202000 -2.646000  0.529000
    -8.202000 -2.381000  0.529000
    -8.202000 -2.117000  0.529000
    -8.202000 -1.852000  0.529000
    -8.202000 -1.588000  0.529000
    -8.202000 -1.323000  0.529000
    -8.202000 -1.058000  0.529000
    -8.202000 -0.794000  0.529000
    -8.202000 -0.529000  0.529000
    -8.202000 -0.265000  0.529000
    -8.202000  0.000000  0.529000
    -8.202000  0.265000  0.529000
    -8.202000  0.529000  0.529000
    -8.202000  0.794000  0.529000
    -8.202000  1.058000  0.529000
    -8.202000  1.323000  0.529000
    -8.202000  1.588000  0.529000
    -8.202000  1.852000  0.529000
    -8.202000  2.117000  0.529000
    -8.202000  2.381000  0.529000
    -8.202000  2.646000  0.529000
    -8.202000  2.910000  0.529000
    -8.202000  3.175000  0.529000
    -8.202000  3.440000  0.529000
    -8.202000  3.704000  0.529000
    -8.202000  3.969000  0.529000
    -8.202000  4.233000  0.529000
    -8.202000  4.498000  0.529000
    -8.202000  4.763000  0.529000
    -8.202000  5.027000  0.529000
    -8.202000  5.292000  0.529000
    -8.202000  5.556000  0.529000
    -8.202000  5.821000  0.529000
    -8.202000  6.086000  0.529000
    -8.202000  6.350000  0.529000
    -8.202000  6.615000  0.529000
    -8.202000  6.879000  0.529000
    -8.202000  7.144000  0.529000
    -8.202000  7.408000  0.529000
    -8.202000  7.673000  0.529000
    -8.202000  7.938000  0.529000
    -8.202000  8.202000  0.529000
    -8.202000  8.467000  0.529000
    -8.202000  8.731000  0.529000
    -8.202000  8.996000  0.529000
    -8.202000  9.261000  0.529000
    -8.202000  9.525000  0.529000
    -8.202000  9.790000  0.529000
    -8.202000  10.054000  0.529000
    -8.202000  10.319000  0.529000
    -8.202000  10.584000  0.529000
    -7.938000 -10.584000  0.529000
    -7.938000 -10.319000  0.529000
    -7.938000 -10.054000  0.529000
    -7.938000 -9.790000  0.529000
    -7.938000 -9.525000  0.529000
    -7.938000 -9.261000  0.529000
    -7.938000 -8.996000  0.529000
    -7.938000 -8.731000  0.529000
    -7.938000 -8.467000  0.529000
    -7.938000 -8.202000  0.529000
    -7.938000 -7.938000  0.529000
    -7.938000 -7.673000  0.529000
    -7.938000 -7.408000  0.529000
    -7.938000 -7.144000  0.529000
    -7.938000 -6.879000  0.529000
    -7.938000 -6.615000  0.529000
    -7.938000 -6.350000  0.529000
    -7.938000 -6.086000  0.529000
    -7.938000 -5.821000  0.529000
    -7.938000 -5.556000  0.529000
    -7.938000 -5.292000  0.529000
    -7.938000 -5.027000  0.529000
    -7.938000 -4.763000  0.529000
    -7.938000 -4.498000  0.529000
    -7.938000 -4.233000  0.529000
    -7.938000 -3.969000  0.529000
    -7.938000 -3.704000  0.529000
    -7.938000 -3.440000  0.529000
    -7.938000 -3.175000  0.529000
    -7.938000 -2.910000  0.529000
    -7.938000 -2.646000  0.529000
    -7.938000 -2.381000  0.529000
    -7.938000 -2.117000  0.529000
    -7.938000 -1.852000  0.529000
    -7.938000 -1.588000  0.529000
    -7.938000 -1.323000  0.529000
    -7.938000 -1.058000  0.529000
    -7.938000 -0.794000  0.529000
    -7.938000 -0.529000  0.529000
    -7.938000 -0.265000  0.529000
    -7.938000  0.000000  0.529000
    -7.938000  0.265000  0.529000
    -7.938000  0.529000  0.529000
    -7.938000  0.794000  0.529000
    -7.938000  1.058000  0.529000
    -7.938000  1.323000  0.529000
    -7.938000  1.588000  0.529000
    -7.938000  1.852000  0.529000
    -7.938000  2.117000  0.529000
    -7.938000  2.381000  0.529000
    -7.938000  2.646000  0.529000
    -7.938000  2.910000  0.529000
    -7.938000  3.175000  0.529000
    -7.938000  3.440000  0.529000
    -7.938000  3.704000  0.529000
    -7.938000  3.969000  0.529000
    -7.938000  4.233000  0.529000
    -7.938000  4.498000  0.529000
    -7.938000  4.763000  0.529000
    -7.938000  5.027000  0.529000
    -7.938000  5.292000  0.529000
    -7.938000  5.556000  0.529000
    -7.938000  5.821000  0.529000
    -7.938000  6.086000  0.529000
    -7.938000  6.350000  0.529000
    -7.938000  6.615000  0.529000
    -7.938000  6.879000  0.529000
    -7.938000  7.144000  0.529000
    -7.938000  7.408000  0.529000
    -7.938000  7.673000  0.529000
    -7.938000  7.938000  0.529000
    -7.938000  8.202000  0.529000
    -7.938000  8.467000  0.529000
    -7.938000  8.731000  0.529000
    -7.938000  8.996000  0.529000
    -7.938000  9.261000  0.529000
    -7.938000  9.525000  0.529000
    -7.938000  9.790000  0.529000
    -7.938000  10.054000  0.529000
    -7.938000  10.319000  0.529000
    -7.938000  10.584000  0.529000
    -7.673000 -10.584000  0.529000
    -7.673000 -10.319000  0.529000
    -7.673000 -10.054000  0.529000
    -7.673000 -9.790000  0.529000
    -7.673000 -9.525000  0.529000
    -7.673000 -9.261000  0.529000
    -7.673000 -8.996000  0.529000
    -7.673000 -8.731000  0.529000
    -7.673000 -8.467000  0.529000
    -7.673000 -8.202000  0.529000
    -7.673000 -7.938000  0.529000
    -7.673000 -7.673000  0.529000
    -7.673000 -7.408000  0.529000
    -7.673000 -7.144000  0.529000
    -7.673000 -6.879000  0.529000
    -7.673000 -6.615000  0.529000
    -7.673000 -6.350000  0.529000
    -7.673000 -6.086000  0.529000
    -7.673000 -5.821000  0.529000
    -7.673000 -5.556000  0.529000
    -7.673000 -5.292000  0.529000
    -7.673000 -5.027000  0.529000
    -7.673000 -4.763000  0.529000
    -7.673000 -4.498000  0.529000
    -7.673000 -4.233000  0.529000
    -7.673000 -3.969000  0.529000
    -7.673000 -3.704000  0.529000
    -7.673000 -3.440000  0.529000
    -7.673000 -3.175000  0.529000
    -7.673000 -2.910000  0.529000
    -7.673000 -2.646000  0.529000
    -7.673000 -2.381000  0.529000
    -7.673000 -2.117000  0.529000
    -7.673000 -1.852000  0.529000
    -7.673000 -1.588000  0.529000
    -7.673000 -1.323000  0.529000
    -7.673000 -1.058000  0.529000
    -7.673000 -0.794000  0.529000
    -7.673000 -0.529000  0.529000
    -7.673000 -0.265000  0.529000
    -7.673000  0.000000  0.529000
    -7.673000  0.265000  0.529000
    -7.673000  0.529000  0.529000
    -7.673000  0.794000  0.529000
    -7.673000  1.058000  0.529000
    -7.673000  1.323000  0.529000
    -7.673000  1.588000  0.529000
    -7.673000  1.852000  0.529000
    -7.673000  2.117000  0.529000
    -7.673000  2.381000  0.529000
    -7.673000  2.646000  0.529000
    -7.673000  2.910000  0.529000
    -7.673000  3.175000  0.529000
    -7.673000  3.440000  0.529000
    -7.673000  3.704000  0.529000
    -7.673000  3.969000  0.529000
    -7.673000  4.233000  0.529000
    -7.673000  4.498000  0.529000
    -7.673000  4.763000  0.529000
    -7.673000  5.027000  0.529000
    -7.673000  5.292000  0.529000
    -7.673000  5.556000  0.529000
    -7.673000  5.821000  0.529000
    -7.673000  6.086000  0.529000
    -7.673000  6.350000  0.529000
    -7.673000  6.615000  0.529000
    -7.673000  6.879000  0.529000
    -7.673000  7.144000  0.529000
    -7.673000  7.408000  0.529000
    -7.673000  7.673000  0.529000
    -7.673000  7.938000  0.529000
    -7.673000  8.202000  0.529000
    -7.673000  8.467000  0.529000
    -7.673000  8.731000  0.529000
    -7.673000  8.996000  0.529000
    -7.673000  9.261000  0.529000
    -7.673000  9.525000  0.529000
    -7.673000  9.790000  0.529000
    -7.673000  10.054000  0.529000
    -7.673000  10.319000  0.529000
    -7.673000  10.584000  0.529000
    -7.408000 -10.584000  0.529000
    -7.408000 -10.319000  0.529000
    -7.408000 -10.054000  0.529000
    -7.408000 -9.790000  0.529000
    -7.408000 -9.525000  0.529000
    -7.408000 -9.261000  0.529000
    -7.408000 -8.996000  0.529000
    -7.408000 -8.731000  0.529000
    -7.408000 -8.467000  0.529000
    -7.408000 -8.202000  0.529000
    -7.408000 -7.938000  0.529000
    -7.408000 -7.673000  0.529000
    -7.408000 -7.408000  0.529000
    -7.408000 -7.144000  0.529000
    -7.408000 -6.879000  0.529000
    -7.408000 -6.615000  0.529000
    -7.408000 -6.350000  0.529000
    -7.408000 -6.086000  0.529000
    -7.408000 -5.821000  0.529000
    -7.408000 -5.556000  0.529000
    -7.408000 -5.292000  0.529000
    -7.408000 -5.027000  0.529000
    -7.408000 -4.763000  0.529000
    -7.408000 -4.498000  0.529000
    -7.408000 -4.233000  0.529000
    -7.408000 -3.969000  0.529000
    -7.408000 -3.704000  0.529000
    -7.408000 -3.440000  0.529000
    -7.408000 -3.175000  0.529000
    -7.408000 -2.910000  0.529000
    -7.408000 -2.646000  0.529000
    -7.408000 -2.381000  0.529000
    -7.408000 -2.117000  0.529000
    -7.408000 -1.852000  0.529000
    -7.408000 -1.588000  0.529000
    -7.408000 -1.323000  0.529000
    -7.408000 -1.058000  0.529000
    -7.408000 -0.794000  0.529000
    -7.408000 -0.529000  0.529000
    -7.408000 -0.265000  0.529000
    -7.408000  0.000000  0.529000
    -7.408000  0.265000  0.529000
    -7.408000  0.529000  0.529000
    -7.408000  0.794000  0.529000
    -7.408000  1.058000  0.529000
    -7.408000  1.323000  0.529000
    -7.408000  1.588000  0.529000
    -7.408000  1.852000  0.529000
    -7.408000  2.117000  0.529000
    -7.408000  2.381000  0.529000
    -7.408000  2.646000  0.529000
    -7.408000  2.910000  0.529000
    -7.408000  3.175000  0.529000
    -7.408000  3.440000  0.529000
    -7.408000  3.704000  0.529000
    -7.408000  3.969000  0.529000
    -7.408000  4.233000  0.529000
    -7.408000  4.498000  0.529000
    -7.408000  4.763000  0.529000
    -7.408000  5.027000  0.529000
    -7.408000  5.292000  0.529000
    -7.408000  5.556000  0.529000
    -7.408000  5.821000  0.529000
    -7.408000  6.086000  0.529000
    -7.408000  6.350000  0.529000
    -7.408000  6.615000  0.529000
    -7.408000  6.879000  0.529000
    -7.408000  7.144000  0.529000
    -7.408000  7.408000  0.529000
    -7.408000  7.673000  0.529000
    -7.408000  7.938000  0.529000
    -7.408000  8.202000  0.529000
    -7.408000  8.467000  0.529000
    -7.408000  8.731000  0.529000
    -7.408000  8.996000  0.529000
    -7.408000  9.261000  0.529000
    -7.408000  9.525000  0.529000
    -7.408000  9.790000  0.529000
    -7.408000  10.054000  0.529000
    -7.408000  10.319000  0.529000
    -7.408000  10.584000  0.529000
    -7.144000 -10.584000  0.529000
    -7.144000 -10.319000  0.529000
    -7.144000 -10.054000  0.529000
    -7.144000 -9.790000  0.529000
    -7.144000 -9.525000  0.529000
    -7.144000 -9.261000  0.529000
    -7.144000 -8.996000  0.529000
    -7.144000 -8.731000  0.529000
    -7.144000 -8.467000  0.529000
    -7.144000 -8.202000  0.529000
    -7.144000 -7.938000  0.529000
    -7.144000 -7.673000  0.529000
    -7.144000 -7.408000  0.529000
    -7.144000 -7.144000  0.529000
    -7.144000 -6.879000  0.529000
    -7.144000 -6.615000  0.529000
    -7.144000 -6.350000  0.529000
    -7.144000 -6.086000  0.529000
    -7.144000 -5.821000  0.529000
    -7.144000 -5.556000  0.529000
    -7.144000 -5.292000  0.529000
    -7.144000 -5.027000  0.529000
    -7.144000 -4.763000  0.529000
    -7.144000 -4.498000  0.529000
    -7.144000 -4.233000  0.529000
    -7.144000 -3.969000  0.529000
    -7.144000 -3.704000  0.529000
    -7.144000 -3.440000  0.529000
    -7.144000 -3.175000  0.529000
    -7.144000 -2.910000  0.529000
    -7.144000 -2.646000  0.529000
    -7.144000 -2.381000  0.529000
    -7.144000 -2.117000  0.529000
    -7.144000 -1.852000  0.529000
    -7.144000 -1.588000  0.529000
    -7.144000 -1.323000  0.529000
    -7.144000 -1.058000  0.529000
    -7.144000 -0.794000  0.529000
    -7.144000 -0.529000  0.529000
    -7.144000 -0.265000  0.529000
    -7.144000  0.000000  0.529000
    -7.144000  0.265000  0.529000
    -7.144000  0.529000  0.529000
    -7.144000  0.794000  0.529000
    -7.144000  1.058000  0.529000
    -7.144000  1.323000  0.529000
    -7.144000  1.588000  0.529000
    -7.144000  1.852000  0.529000
    -7.144000  2.117000  0.529000
    -7.144000  2.381000  0.529000
    -7.144000  2.646000  0.529000
    -7.144000  2.910000  0.529000
    -7.144000  3.175000  0.529000
    -7.144000  3.440000  0.529000
    -7.144000  3.704000  0.529000
    -7.144000  3.969000  0.529000
    -7.144000  4.233000  0.529000
    -7.144000  4.498000  0.529000
    -7.144000  4.763000  0.529000
    -7.144000  5.027000  0.529000
    -7.144000  5.292000  0.529000
    -7.144000  5.556000  0.529000
    -7.144000  5.821000  0.529000
    -7.144000  6.086000  0.529000
    -7.144000  6.350000  0.529000
    -7.144000  6.615000  0.529000
    -7.144000  6.879000  0.529000
    -7.144000  7.144000  0.529000
    -7.144000  7.408000  0.529000
    -7.144000  7.673000  0.529000
    -7.144000  7.938000  0.529000
    -7.144000  8.202000  0.529000
    -7.144000  8.467000  0.529000
    -7.144000  8.731000  0.529000
    -7.144000  8.996000  0.529000
    -7.144000  9.261000  0.529000
    -7.144000  9.525000  0.529000
    -7.144000  9.790000  0.529000
    -7.144000  10.054000  0.529000
    -7.144000  10.319000  0.529000
    -7.144000  10.584000  0.529000
    -6.879000 -10.584000  0.529000
    -6.879000 -10.319000  0.529000
    -6.879000 -10.054000  0.529000
    -6.879000 -9.790000  0.529000
    -6.879000 -9.525000  0.529000
    -6.879000 -9.261000  0.529000
    -6.879000 -8.996000  0.529000
    -6.879000 -8.731000  0.529000
    -6.879000 -8.467000  0.529000
    -6.879000 -8.202000  0.529000
    -6.879000 -7.938000  0.529000
    -6.879000 -7.673000  0.529000
    -6.879000 -7.408000  0.529000
    -6.879000 -7.144000  0.529000
    -6.879000 -6.879000  0.529000
    -6.879000 -6.615000  0.529000
    -6.879000 -6.350000  0.529000
    -6.879000 -6.086000  0.529000
    -6.879000 -5.821000  0.529000
    -6.879000 -5.556000  0.529000
    -6.879000 -5.292000  0.529000
    -6.879000 -5.027000  0.529000
    -6.879000 -4.763000  0.529000
    -6.879000 -4.498000  0.529000
    -6.879000 -4.233000  0.529000
    -6.879000 -3.969000  0.529000
    -6.879000 -3.704000  0.529000
    -6.879000 -3.440000  0.529000
    -6.879000 -3.175000  0.529000
    -6.879000 -2.910000  0.529000
    -6.879000 -2.646000  0.529000
    -6.879000 -2.381000  0.529000
    -6.879000 -2.117000  0.529000
    -6.879000 -1.852000  0.529000
    -6.879000 -1.588000  0.529000
    -6.879000 -1.323000  0.529000
    -6.879000 -1.058000  0.529000
    -6.879000 -0.794000  0.529000
    -6.879000 -0.529000  0.529000
    -6.879000 -0.265000  0.529000
    -6.879000  0.000000  0.529000
    -6.879000  0.265000  0.529000
    -6.879000  0.529000  0.529000
    -6.879000  0.794000  0.529000
    -6.879000  1.058000  0.529000
    -6.879000  1.323000  0.529000
    -6.879000  1.588000  0.529000
    -6.879000  1.852000  0.529000
    -6.879000  2.117000  0.529000
    -6.879000  2.381000  0.529000
    -6.879000  2.646000  0.529000
    -6.879000  2.910000  0.529000
    -6.879000  3.175000  0.529000
    -6.879000  3.440000  0.529000
    -6.879000  3.704000  0.529000
    -6.879000  3.969000  0.529000
    -6.879000  4.233000  0.529000
    -6.879000  4.498000  0.529000
    -6.879000  4.763000  0.529000
    -6.879000  5.027000  0.529000
    -6.879000  5.292000  0.529000
    -6.879000  5.556000  0.529000
    -6.879000  5.821000  0.529000
    -6.879000  6.086000  0.529000
    -6.879000  6.350000  0.529000
    -6.879000  6.615000  0.529000
    -6.879000  6.879000  0.529000
    -6.879000  7.144000  0.529000
    -6.879000  7.408000  0.529000
    -6.879000  7.673000  0.529000
    -6.879000  7.938000  0.529000
    -6.879000  8.202000  0.529000
    -6.879000  8.467000  0.529000
    -6.879000  8.731000  0.529000
    -6.879000  8.996000  0.529000
    -6.879000  9.261000  0.529000
    -6.879000  9.525000  0.529000
    -6.879000  9.790000  0.529000
    -6.879000  10.054000  0.529000
    -6.879000  10.319000  0.529000
    -6.879000  10.584000  0.529000
    -6.615000 -10.584000  0.529000
    -6.615000 -10.319000  0.529000
    -6.615000 -10.054000  0.529000
    -6.615000 -9.790000  0.529000
    -6.615000 -9.525000  0.529000
    -6.615000 -9.261000  0.529000
    -6.615000 -8.996000  0.529000
    -6.615000 -8.731000  0.529000
    -6.615000 -8.467000  0.529000
    -6.615000 -8.202000  0.529000
    -6.615000 -7.938000  0.529000
    -6.615000 -7.673000  0.529000
    -6.615000 -7.408000  0.529000
    -6.615000 -7.144000  0.529000
    -6.615000 -6.879000  0.529000
    -6.615000 -6.615000  0.529000
    -6.615000 -6.350000  0.529000
    -6.615000 -6.086000  0.529000
    -6.615000 -5.821000  0.529000
    -6.615000 -5.556000  0.529000
    -6.615000 -5.292000  0.529000
    -6.615000 -5.027000  0.529000
    -6.615000 -4.763000  0.529000
    -6.615000 -4.498000  0.529000
    -6.615000 -4.233000  0.529000
    -6.615000 -3.969000  0.529000
    -6.615000 -3.704000  0.529000
    -6.615000 -3.440000  0.529000
    -6.615000 -3.175000  0.529000
    -6.615000 -2.910000  0.529000
    -6.615000 -2.646000  0.529000
    -6.615000 -2.381000  0.529000
    -6.615000 -2.117000  0.529000
    -6.615000 -1.852000  0.529000
    -6.615000 -1.588000  0.529000
    -6.615000 -1.323000  0.529000
    -6.615000 -1.058000  0.529000
    -6.615000 -0.794000  0.529000
    -6.615000 -0.529000  0.529000
    -6.615000 -0.265000  0.529000
    -6.615000  0.000000  0.529000
    -6.615000  0.265000  0.529000
    -6.615000  0.529000  0.529000
    -6.615000  0.794000  0.529000
    -6.615000  1.058000  0.529000
    -6.615000  1.323000  0.529000
    -6.615000  1.588000  0.529000
    -6.615000  1.852000  0.529000
    -6.615000  2.117000  0.529000
    -6.615000  2.381000  0.529000
    -6.615000  2.646000  0.529000
    -6.615000  2.910000  0.529000
    -6.615000  3.175000  0.529000
    -6.615000  3.440000  0.529000
    -6.615000  3.704000  0.529000
    -6.615000  3.969000  0.529000
    -6.615000  4.233000  0.529000
    -6.615000  4.498000  0.529000
    -6.615000  4.763000  0.529000
    -6.615000  5.027000  0.529000
    -6.615000  5.292000  0.529000
    -6.615000  5.556000  0.529000
    -6.615000  5.821000  0.529000
    -6.615000  6.086000  0.529000
    -6.615000  6.350000  0.529000
    -6.615000  6.615000  0.529000
    -6.615000  6.879000  0.529000
    -6.615000  7.144000  0.529000
    -6.615000  7.408000  0.529000
    -6.615000  7.673000  0.529000
    -6.615000  7.938000  0.529000
    -6.615000  8.202000  0.529000
    -6.615000  8.467000  0.529000
    -6.615000  8.731000  0.529000
    -6.615000  8.996000  0.529000
    -6.615000  9.261000  0.529000
    -6.615000  9.525000  0.529000
    -6.615000  9.790000  0.529000
    -6.615000  10.054000  0.529000
    -6.615000  10.319000  0.529000
    -6.615000  10.584000  0.529000
    -6.350000 -10.584000  0.529000
    -6.350000 -10.319000  0.529000
    -6.350000 -10.054000  0.529000
    -6.350000 -9.790000  0.529000
    -6.350000 -9.525000  0.529000
    -6.350000 -9.261000  0.529000
    -6.350000 -8.996000  0.529000
    -6.350000 -8.731000  0.529000
    -6.350000 -8.467000  0.529000
    -6.350000 -8.202000  0.529000
    -6.350000 -7.938000  0.529000
    -6.350000 -7.673000  0.529000
    -6.350000 -7.408000  0.529000
    -6.350000 -7.144000  0.529000
    -6.350000 -6.879000  0.529000
    -6.350000 -6.615000  0.529000
    -6.350000 -6.350000  0.529000
    -6.350000 -6.086000  0.529000
    -6.350000 -5.821000  0.529000
    -6.350000 -5.556000  0.529000
    -6.350000 -5.292000  0.529000
    -6.350000 -5.027000  0.529000
    -6.350000 -4.763000  0.529000
    -6.350000 -4.498000  0.529000
    -6.350000 -4.233000  0.529000
    -6.350000 -3.969000  0.529000
    -6.350000 -3.704000  0.529000
    -6.350000 -3.440000  0.529000
    -6.350000 -3.175000  0.529000
    -6.350000 -2.910000  0.529000
    -6.350000 -2.646000  0.529000
    -6.350000 -2.381000  0.529000
    -6.350000 -2.117000  0.529000
    -6.350000 -1.852000  0.529000
    -6.350000 -1.588000  0.529000
    -6.350000 -1.323000  0.529000
    -6.350000 -1.058000  0.529000
    -6.350000 -0.794000  0.529000
    -6.350000 -0.529000  0.529000
    -6.350000 -0.265000  0.529000
    -6.350000  0.000000  0.529000
    -6.350000  0.265000  0.529000
    -6.350000  0.529000  0.529000
    -6.350000  0.794000  0.529000
    -6.350000  1.058000  0.529000
    -6.350000  1.323000  0.529000
    -6.350000  1.588000  0.529000
    -6.350000  1.852000  0.529000
    -6.350000  2.117000  0.529000
    -6.350000  2.381000  0.529000
    -6.350000  2.646000  0.529000
    -6.350000  2.910000  0.529000
    -6.350000  3.175000  0.529000
    -6.350000  3.440000  0.529000
    -6.350000  3.704000  0.529000
    -6.350000  3.969000  0.529000
    -6.350000  4.233000  0.529000
    -6.350000  4.498000  0.529000
    -6.350000  4.763000  0.529000
    -6.350000  5.027000  0.529000
    -6.350000  5.292000  0.529000
    -6.350000  5.556000  0.529000
    -6.350000  5.821000  0.529000
    -6.350000  6.086000  0.529000
    -6.350000  6.350000  0.529000
    -6.350000  6.615000  0.529000
    -6.350000  6.879000  0.529000
    -6.350000  7.144000  0.529000
    -6.350000  7.408000  0.529000
    -6.350000  7.673000  0.529000
    -6.350000  7.938000  0.529000
    -6.350000  8.202000  0.529000
    -6.350000  8.467000  0.529000
    -6.350000  8.731000  0.529000
    -6.350000  8.996000  0.529000
    -6.350000  9.261000  0.529000
    -6.350000  9.525000  0.529000
    -6.350000  9.790000  0.529000
    -6.350000  10.054000  0.529000
    -6.350000  10.319000  0.529000
    -6.350000  10.584000  0.529000
    -6.086000 -10.584000  0.529000
    -6.086000 -10.319000  0.529000
    -6.086000 -10.054000  0.529000
    -6.086000 -9.790000  0.529000
    -6.086000 -9.525000  0.529000
    -6.086000 -9.261000  0.529000
    -6.086000 -8.996000  0.529000
    -6.086000 -8.731000  0.529000
    -6.086000 -8.467000  0.529000
    -6.086000 -8.202000  0.529000
    -6.086000 -7.938000  0.529000
    -6.086000 -7.673000  0.529000
    -6.086000 -7.408000  0.529000
    -6.086000 -7.144000  0.529000
    -6.086000 -6.879000  0.529000
    -6.086000 -6.615000  0.529000
    -6.086000 -6.350000  0.529000
    -6.086000 -6.086000  0.529000
    -6.086000 -5.821000  0.529000
    -6.086000 -5.556000  0.529000
    -6.086000 -5.292000  0.529000
    -6.086000 -5.027000  0.529000
    -6.086000 -4.763000  0.529000
    -6.086000 -4.498000  0.529000
    -6.086000 -4.233000  0.529000
    -6.086000 -3.969000  0.529000
    -6.086000 -3.704000  0.529000
    -6.086000 -3.440000  0.529000
    -6.086000 -3.175000  0.529000
    -6.086000 -2.910000  0.529000
    -6.086000 -2.646000  0.529000
    -6.086000 -2.381000  0.529000
    -6.086000 -2.117000  0.529000
    -6.086000 -1.852000  0.529000
    -6.086000 -1.588000  0.529000
    -6.086000 -1.323000  0.529000
    -6.086000 -1.058000  0.529000
    -6.086000 -0.794000  0.529000
    -6.086000 -0.529000  0.529000
    -6.086000 -0.265000  0.529000
    -6.086000  0.000000  0.529000
    -6.086000  0.265000  0.529000
    -6.086000  0.529000  0.529000
    -6.086000  0.794000  0.529000
    -6.086000  1.058000  0.529000
    -6.086000  1.323000  0.529000
    -6.086000  1.588000  0.529000
    -6.086000  1.852000  0.529000
    -6.086000  2.117000  0.529000
    -6.086000  2.381000  0.529000
    -6.086000  2.646000  0.529000
    -6.086000  2.910000  0.529000
    -6.086000  3.175000  0.529000
    -6.086000  3.440000  0.529000
    -6.086000  3.704000  0.529000
    -6.086000  3.969000  0.529000
    -6.086000  4.233000  0.529000
    -6.086000  4.498000  0.529000
    -6.086000  4.763000  0.529000
    -6.086000  5.027000  0.529000
    -6.086000  5.292000  0.529000
    -6.086000  5.556000  0.529000
    -6.086000  5.821000  0.529000
    -6.086000  6.086000  0.529000
    -6.086000  6.350000  0.529000
    -6.086000  6.615000  0.529000
    -6.086000  6.879000  0.529000
    -6.086000  7.144000  0.529000
    -6.086000  7.408000  0.529000
    -6.086000  7.673000  0.529000
    -6.086000  7.938000  0.529000
    -6.086000  8.202000  0.529000
    -6.086000  8.467000  0.529000
    -6.086000  8.731000  0.529000
    -6.086000  8.996000  0.529000
    -6.086000  9.261000  0.529000
    -6.086000  9.525000  0.529000
    -6.086000  9.790000  0.529000
    -6.086000  10.054000  0.529000
    -6.086000  10.319000  0.529000
    -6.086000  10.584000  0.529000
    -5.821000 -10.584000  0.529000
    -5.821000 -10.319000  0.529000
    -5.821000 -10.054000  0.529000
    -5.821000 -9.790000  0.529000
    -5.821000 -9.525000  0.529000
    -5.821000 -9.261000  0.529000
    -5.821000 -8.996000  0.529000
    -5.821000 -8.731000  0.529000
    -5.821000 -8.467000  0.529000
    -5.821000 -8.202000  0.529000
    -5.821000 -7.938000  0.529000
    -5.821000 -7.673000  0.529000
    -5.821000 -7.408000  0.529000
    -5.821000 -7.144000  0.529000
    -5.821000 -6.879000  0.529000
    -5.821000 -6.615000  0.529000
    -5.821000 -6.350000  0.529000
    -5.821000 -6.086000  0.529000
    -5.821000 -5.821000  0.529000
    -5.821000 -5.556000  0.529000
    -5.821000 -5.292000  0.529000
    -5.821000 -5.027000  0.529000
    -5.821000 -4.763000  0.529000
    -5.821000 -4.498000  0.529000
    -5.821000 -4.233000  0.529000
    -5.821000 -3.969000  0.529000
    -5.821000 -3.704000  0.529000
    -5.821000 -3.440000  0.529000
    -5.821000 -3.175000  0.529000
    -5.821000 -2.910000  0.529000
    -5.821000 -2.646000  0.529000
    -5.821000 -2.381000  0.529000
    -5.821000 -2.117000  0.529000
    -5.821000 -1.852000  0.529000
    -5.821000 -1.588000  0.529000
    -5.821000 -1.323000  0.529000
    -5.821000 -1.058000  0.529000
    -5.821000 -0.794000  0.529000
    -5.821000 -0.529000  0.529000
    -5.821000 -0.265000  0.529000
    -5.821000  0.000000  0.529000
    -5.821000  0.265000  0.529000
    -5.821000  0.529000  0.529000
    -5.821000  0.794000  0.529000
    -5.821000  1.058000  0.529000
    -5.821000  1.323000  0.529000
    -5.821000  1.588000  0.529000
    -5.821000  1.852000  0.529000
    -5.821000  2.117000  0.529000
    -5.821000  2.381000  0.529000
    -5.821000  2.646000  0.529000
    -5.821000  2.910000  0.529000
    -5.821000  3.175000  0.529000
    -5.821000  3.440000  0.529000
    -5.821000  3.704000  0.529000
    -5.821000  3.969000  0.529000
    -5.821000  4.233000  0.529000
    -5.821000  4.498000  0.529000
    -5.821000  4.763000  0.529000
    -5.821000  5.027000  0.529000
    -5.821000  5.292000  0.529000
    -5.821000  5.556000  0.529000
    -5.821000  5.821000  0.529000
    -5.821000  6.086000  0.529000
    -5.821000  6.350000  0.529000
    -5.821000  6.615000  0.529000
    -5.821000  6.879000  0.529000
    -5.821000  7.144000  0.529000
    -5.821000  7.408000  0.529000
    -5.821000  7.673000  0.529000
    -5.821000  7.938000  0.529000
    -5.821000  8.202000  0.529000
    -5.821000  8.467000  0.529000
    -5.821000  8.731000  0.529000
    -5.821000  8.996000  0.529000
    -5.821000  9.261000  0.529000
    -5.821000  9.525000  0.529000
    -5.821000  9.790000  0.529000
    -5.821000  10.054000  0.529000
    -5.821000  10.319000  0.529000
    -5.821000  10.584000  0.529000
    -5.556000 -10.584000  0.529000
    -5.556000 -10.319000  0.529000
    -5.556000 -10.054000  0.529000
    -5.556000 -9.790000  0.529000
    -5.556000 -9.525000  0.529000
    -5.556000 -9.261000  0.529000
    -5.556000 -8.996000  0.529000
    -5.556000 -8.731000  0.529000
    -5.556000 -8.467000  0.529000
    -5.556000 -8.202000  0.529000
    -5.556000 -7.938000  0.529000
    -5.556000 -7.673000  0.529000
    -5.556000 -7.408000  0.529000
    -5.556000 -7.144000  0.529000
    -5.556000 -6.879000  0.529000
    -5.556000 -6.615000  0.529000
    -5.556000 -6.350000  0.529000
    -5.556000 -6.086000  0.529000
    -5.556000 -5.821000  0.529000
    -5.556000 -5.556000  0.529000
    -5.556000 -5.292000  0.529000
    -5.556000 -5.027000  0.529000
    -5.556000 -4.763000  0.529000
    -5.556000 -4.498000  0.529000
    -5.556000 -4.233000  0.529000
    -5.556000 -3.969000  0.529000
    -5.556000 -3.704000  0.529000
    -5.556000 -3.440000  0.529000
    -5.556000 -3.175000  0.529000
    -5.556000 -2.910000  0.529000
    -5.556000 -2.646000  0.529000
    -5.556000 -2.381000  0.529000
    -5.556000 -2.117000  0.529000
    -5.556000 -1.852000  0.529000
    -5.556000 -1.588000  0.529000
    -5.556000 -1.323000  0.529000
    -5.556000 -1.058000  0.529000
    -5.556000 -0.794000  0.529000
    -5.556000 -0.529000  0.529000
    -5.556000 -0.265000  0.529000
    -5.556000  0.000000  0.529000
    -5.556000  0.265000  0.529000
    -5.556000  0.529000  0.529000
    -5.556000  0.794000  0.529000
    -5.556000  1.058000  0.529000
    -5.556000  1.323000  0.529000
    -5.556000  1.588000  0.529000
    -5.556000  1.852000  0.529000
    -5.556000  2.117000  0.529000
    -5.556000  2.381000  0.529000
    -5.556000  2.646000  0.529000
    -5.556000  2.910000  0.529000
    -5.556000  3.175000  0.529000
    -5.556000  3.440000  0.529000
    -5.556000  3.704000  0.529000
    -5.556000  3.969000  0.529000
    -5.556000  4.233000  0.529000
    -5.556000  4.498000  0.529000
    -5.556000  4.763000  0.529000
    -5.556000  5.027000  0.529000
    -5.556000  5.292000  0.529000
    -5.556000  5.556000  0.529000
    -5.556000  5.821000  0.529000
    -5.556000  6.086000  0.529000
    -5.556000  6.350000  0.529000
    -5.556000  6.615000  0.529000
    -5.556000  6.879000  0.529000
    -5.556000  7.144000  0.529000
    -5.556000  7.408000  0.529000
    -5.556000  7.673000  0.529000
    -5.556000  7.938000  0.529000
    -5.556000  8.202000  0.529000
    -5.556000  8.467000  0.529000
    -5.556000  8.731000  0.529000
    -5.556000  8.996000  0.529000
    -5.556000  9.261000  0.529000
    -5.556000  9.525000  0.529000
    -5.556000  9.790000  0.529000
    -5.556000  10.054000  0.529000
    -5.556000  10.319000  0.529000
    -5.556000  10.584000  0.529000
    -5.292000 -10.584000  0.529000
    -5.292000 -10.319000  0.529000
    -5.292000 -10.054000  0.529000
    -5.292000 -9.790000  0.529000
    -5.292000 -9.525000  0.529000
    -5.292000 -9.261000  0.529000
    -5.292000 -8.996000  0.529000
    -5.292000 -8.731000  0.529000
    -5.292000 -8.467000  0.529000
    -5.292000 -8.202000  0.529000
    -5.292000 -7.938000  0.529000
    -5.292000 -7.673000  0.529000
    -5.292000 -7.408000  0.529000
    -5.292000 -7.144000  0.529000
    -5.292000 -6.879000  0.529000
    -5.292000 -6.615000  0.529000
    -5.292000 -6.350000  0.529000
    -5.292000 -6.086000  0.529000
    -5.292000 -5.821000  0.529000
    -5.292000 -5.556000  0.529000
    -5.292000 -5.292000  0.529000
    -5.292000 -5.027000  0.529000
    -5.292000 -4.763000  0.529000
    -5.292000 -4.498000  0.529000
    -5.292000 -4.233000  0.529000
    -5.292000 -3.969000  0.529000
    -5.292000 -3.704000  0.529000
    -5.292000 -3.440000  0.529000
    -5.292000 -3.175000  0.529000
    -5.292000 -2.910000  0.529000
    -5.292000 -2.646000  0.529000
    -5.292000 -2.381000  0.529000
    -5.292000 -2.117000  0.529000
    -5.292000 -1.852000  0.529000
    -5.292000 -1.588000  0.529000
    -5.292000 -1.323000  0.529000
    -5.292000 -1.058000  0.529000
    -5.292000 -0.794000  0.529000
    -5.292000 -0.529000  0.529000
    -5.292000 -0.265000  0.529000
    -5.292000  0.000000  0.529000
    -5.292000  0.265000  0.529000
    -5.292000  0.529000  0.529000
    -5.292000  0.794000  0.529000
    -5.292000  1.058000  0.529000
    -5.292000  1.323000  0.529000
    -5.292000  1.588000  0.529000
    -5.292000  1.852000  0.529000
    -5.292000  2.117000  0.529000
    -5.292000  2.381000  0.529000
    -5.292000  2.646000  0.529000
    -5.292000  2.910000  0.529000
    -5.292000  3.175000  0.529000
    -5.292000  3.440000  0.529000
    -5.292000  3.704000  0.529000
    -5.292000  3.969000  0.529000
    -5.292000  4.233000  0.529000
    -5.292000  4.498000  0.529000
    -5.292000  4.763000  0.529000
    -5.292000  5.027000  0.529000
    -5.292000  5.292000  0.529000
    -5.292000  5.556000  0.529000
    -5.292000  5.821000  0.529000
    -5.292000  6.086000  0.529000
    -5.292000  6.350000  0.529000
    -5.292000  6.615000  0.529000
    -5.292000  6.879000  0.529000
    -5.292000  7.144000  0.529000
    -5.292000  7.408000  0.529000
    -5.292000  7.673000  0.529000
    -5.292000  7.938000  0.529000
    -5.292000  8.202000  0.529000
    -5.292000  8.467000  0.529000
    -5.292000  8.731000  0.529000
    -5.292000  8.996000  0.529000
    -5.292000  9.261000  0.529000
    -5.292000  9.525000  0.529000
    -5.292000  9.790000  0.529000
    -5.292000  10.054000  0.529000
    -5.292000  10.319000  0.529000
    -5.292000  10.584000  0.529000
    -5.027000 -10.584000  0.529000
    -5.027000 -10.319000  0.529000
    -5.027000 -10.054000  0.529000
    -5.027000 -9.790000  0.529000
    -5.027000 -9.525000  0.529000
    -5.027000 -9.261000  0.529000
    -5.027000 -8.996000  0.529000
    -5.027000 -8.731000  0.529000
    -5.027000 -8.467000  0.529000
    -5.027000 -8.202000  0.529000
    -5.027000 -7.938000  0.529000
    -5.027000 -7.673000  0.529000
    -5.027000 -7.408000  0.529000
    -5.027000 -7.144000  0.529000
    -5.027000 -6.879000  0.529000
    -5.027000 -6.615000  0.529000
    -5.027000 -6.350000  0.529000
    -5.027000 -6.086000  0.529000
    -5.027000 -5.821000  0.529000
    -5.027000 -5.556000  0.529000
    -5.027000 -5.292000  0.529000
    -5.027000 -5.027000  0.529000
    -5.027000 -4.763000  0.529000
    -5.027000 -4.498000  0.529000
    -5.027000 -4.233000  0.529000
    -5.027000 -3.969000  0.529000
    -5.027000 -3.704000  0.529000
    -5.027000 -3.440000  0.529000
    -5.027000 -3.175000  0.529000
    -5.027000 -2.910000  0.529000
    -5.027000 -2.646000  0.529000
    -5.027000 -2.381000  0.529000
    -5.027000 -2.117000  0.529000
    -5.027000 -1.852000  0.529000
    -5.027000 -1.588000  0.529000
    -5.027000 -1.323000  0.529000
    -5.027000 -1.058000  0.529000
    -5.027000 -0.794000  0.529000
    -5.027000 -0.529000  0.529000
    -5.027000 -0.265000  0.529000
    -5.027000  0.000000  0.529000
    -5.027000  0.265000  0.529000
    -5.027000  0.529000  0.529000
    -5.027000  0.794000  0.529000
    -5.027000  1.058000  0.529000
    -5.027000  1.323000  0.529000
    -5.027000  1.588000  0.529000
    -5.027000  1.852000  0.529000
    -5.027000  2.117000  0.529000
    -5.027000  2.381000  0.529000
    -5.027000  2.646000  0.529000
    -5.027000  2.910000  0.529000
    -5.027000  3.175000  0.529000
    -5.027000  3.440000  0.529000
    -5.027000  3.704000  0.529000
    -5.027000  3.969000  0.529000
    -5.027000  4.233000  0.529000
    -5.027000  4.498000  0.529000
    -5.027000  4.763000  0.529000
    -5.027000  5.027000  0.529000
    -5.027000  5.292000  0.529000
    -5.027000  5.556000  0.529000
    -5.027000  5.821000  0.529000
    -5.027000  6.086000  0.529000
    -5.027000  6.350000  0.529000
    -5.027000  6.615000  0.529000
    -5.027000  6.879000  0.529000
    -5.027000  7.144000  0.529000
    -5.027000  7.408000  0.529000
    -5.027000  7.673000  0.529000
    -5.027000  7.938000  0.529000
    -5.027000  8.202000  0.529000
    -5.027000  8.467000  0.529000
    -5.027000  8.731000  0.529000
    -5.027000  8.996000  0.529000
    -5.027000  9.261000  0.529000
    -5.027000  9.525000  0.529000
    -5.027000  9.790000  0.529000
    -5.027000  10.054000  0.529000
    -5.027000  10.319000  0.529000
    -5.027000  10.584000  0.529000
    -4.763000 -10.584000  0.529000
    -4.763000 -10.319000  0.529000
    -4.763000 -10.054000  0.529000
    -4.763000 -9.790000  0.529000
    -4.763000 -9.525000  0.529000
    -4.763000 -9.261000  0.529000
    -4.763000 -8.996000  0.529000
    -4.763000 -8.731000  0.529000
    -4.763000 -8.467000  0.529000
    -4.763000 -8.202000  0.529000
    -4.763000 -7.938000  0.529000
    -4.763000 -7.673000  0.529000
    -4.763000 -7.408000  0.529000
    -4.763000 -7.144000  0.529000
    -4.763000 -6.879000  0.529000
    -4.763000 -6.615000  0.529000
    -4.763000 -6.350000  0.529000
    -4.763000 -6.086000  0.529000
    -4.763000 -5.821000  0.529000
    -4.763000 -5.556000  0.529000
    -4.763000 -5.292000  0.529000
    -4.763000 -5.027000  0.529000
    -4.763000 -4.763000  0.529000
    -4.763000 -4.498000  0.529000
    -4.763000 -4.233000  0.529000
    -4.763000 -3.969000  0.529000
    -4.763000 -3.704000  0.529000
    -4.763000 -3.440000  0.529000
    -4.763000 -3.175000  0.529000
    -4.763000 -2.910000  0.529000
    -4.763000 -2.646000  0.529000
    -4.763000 -2.381000  0.529000
    -4.763000 -2.117000  0.529000
    -4.763000 -1.852000  0.529000
    -4.763000 -1.588000  0.529000
    -4.763000 -1.323000  0.529000
    -4.763000 -1.058000  0.529000
    -4.763000 -0.794000  0.529000
    -4.763000 -0.529000  0.529000
    -4.763000 -0.265000  0.529000
    -4.763000  0.000000  0.529000
    -4.763000  0.265000  0.529000
    -4.763000  0.529000  0.529000
    -4.763000  0.794000  0.529000
    -4.763000  1.058000  0.529000
    -4.763000  1.323000  0.529000
    -4.763000  1.588000  0.529000
    -4.763000  1.852000  0.529000
    -4.763000  2.117000  0.529000
    -4.763000  2.381000  0.529000
    -4.763000  2.646000  0.529000
    -4.763000  2.910000  0.529000
    -4.763000  3.175000  0.529000
    -4.763000  3.440000  0.529000
    -4.763000  3.704000  0.529000
    -4.763000  3.969000  0.529000
    -4.763000  4.233000  0.529000
    -4.763000  4.498000  0.529000
    -4.763000  4.763000  0.529000
    -4.763000  5.027000  0.529000
    -4.763000  5.292000  0.529000
    -4.763000  5.556000  0.529000
    -4.763000  5.821000  0.529000
    -4.763000  6.086000  0.529000
    -4.763000  6.350000  0.529000
    -4.763000  6.615000  0.529000
    -4.763000  6.879000  0.529000
    -4.763000  7.144000  0.529000
    -4.763000  7.408000  0.529000
    -4.763000  7.673000  0.529000
    -4.763000  7.938000  0.529000
    -4.763000  8.202000  0.529000
    -4.763000  8.467000  0.529000
    -4.763000  8.731000  0.529000
    -4.763000  8.996000  0.529000
    -4.763000  9.261000  0.529000
    -4.763000  9.525000  0.529000
    -4.763000  9.790000  0.529000
    -4.763000  10.054000  0.529000
    -4.763000  10.319000  0.529000
    -4.763000  10.584000  0.529000
    -4.498000 -10.584000  0.529000
    -4.498000 -10.319000  0.529000
    -4.498000 -10.054000  0.529000
    -4.498000 -9.790000  0.529000
    -4.498000 -9.525000  0.529000
    -4.498000 -9.261000  0.529000
    -4.498000 -8.996000  0.529000
    -4.498000 -8.731000  0.529000
    -4.498000 -8.467000  0.529000
    -4.498000 -8.202000  0.529000
    -4.498000 -7.938000  0.529000
    -4.498000 -7.673000  0.529000
    -4.498000 -7.408000  0.529000
    -4.498000 -7.144000  0.529000
    -4.498000 -6.879000  0.529000
    -4.498000 -6.615000  0.529000
    -4.498000 -6.350000  0.529000
    -4.498000 -6.086000  0.529000
    -4.498000 -5.821000  0.529000
    -4.498000 -5.556000  0.529000
    -4.498000 -5.292000  0.529000
    -4.498000 -5.027000  0.529000
    -4.498000 -4.763000  0.529000
    -4.498000 -4.498000  0.529000
    -4.498000 -4.233000  0.529000
    -4.498000 -3.969000  0.529000
    -4.498000 -3.704000  0.529000
    -4.498000 -3.440000  0.529000
    -4.498000 -3.175000  0.529000
    -4.498000 -2.910000  0.529000
    -4.498000 -2.646000  0.529000
    -4.498000 -2.381000  0.529000
    -4.498000 -2.117000  0.529000
    -4.498000 -1.852000  0.529000
    -4.498000 -1.588000  0.529000
    -4.498000 -1.323000  0.529000
    -4.498000 -1.058000  0.529000
    -4.498000 -0.794000  0.529000
    -4.498000 -0.529000  0.529000
    -4.498000 -0.265000  0.529000
    -4.498000  0.000000  0.529000
    -4.498000  0.265000  0.529000
    -4.498000  0.529000  0.529000
    -4.498000  0.794000  0.529000
    -4.498000  1.058000  0.529000
    -4.498000  1.323000  0.529000
    -4.498000  1.588000  0.529000
    -4.498000  1.852000  0.529000
    -4.498000  2.117000  0.529000
    -4.498000  2.381000  0.529000
    -4.498000  2.646000  0.529000
    -4.498000  2.910000  0.529000
    -4.498000  3.175000  0.529000
    -4.498000  3.440000  0.529000
    -4.498000  3.704000  0.529000
    -4.498000  3.969000  0.529000
    -4.498000  4.233000  0.529000
    -4.498000  4.498000  0.529000
    -4.498000  4.763000  0.529000
    -4.498000  5.027000  0.529000
    -4.498000  5.292000  0.529000
    -4.498000  5.556000  0.529000
    -4.498000  5.821000  0.529000
    -4.498000  6.086000  0.529000
    -4.498000  6.350000  0.529000
    -4.498000  6.615000  0.529000
    -4.498000  6.879000  0.529000
    -4.498000  7.144000  0.529000
    -4.498000  7.408000  0.529000
    -4.498000  7.673000  0.529000
    -4.498000  7.938000  0.529000
    -4.498000  8.202000  0.529000
    -4.498000  8.467000  0.529000
    -4.498000  8.731000  0.529000
    -4.498000  8.996000  0.529000
    -4.498000  9.261000  0.529000
    -4.498000  9.525000  0.529000
    -4.498000  9.790000  0.529000
    -4.498000  10.054000  0.529000
    -4.498000  10.319000  0.529000
    -4.498000  10.584000  0.529000
    -4.233000 -10.584000  0.529000
    -4.233000 -10.319000  0.529000
    -4.233000 -10.054000  0.529000
    -4.233000 -9.790000  0.529000
    -4.233000 -9.525000  0.529000
    -4.233000 -9.261000  0.529000
    -4.233000 -8.996000  0.529000
    -4.233000 -8.731000  0.529000
    -4.233000 -8.467000  0.529000
    -4.233000 -8.202000  0.529000
    -4.233000 -7.938000  0.529000
    -4.233000 -7.673000  0.529000
    -4.233000 -7.408000  0.529000
    -4.233000 -7.144000  0.529000
    -4.233000 -6.879000  0.529000
    -4.233000 -6.615000  0.529000
    -4.233000 -6.350000  0.529000
    -4.233000 -6.086000  0.529000
    -4.233000 -5.821000  0.529000
    -4.233000 -5.556000  0.529000
    -4.233000 -5.292000  0.529000
    -4.233000 -5.027000  0.529000
    -4.233000 -4.763000  0.529000
    -4.233000 -4.498000  0.529000
    -4.233000 -4.233000  0.529000
    -4.233000 -3.969000  0.529000
    -4.233000 -3.704000  0.529000
    -4.233000 -3.440000  0.529000
    -4.233000 -3.175000  0.529000
    -4.233000 -2.910000  0.529000
    -4.233000 -2.646000  0.529000
    -4.233000 -2.381000  0.529000
    -4.233000 -2.117000  0.529000
    -4.233000 -1.852000  0.529000
    -4.233000 -1.588000  0.529000
    -4.233000 -1.323000  0.529000
    -4.233000 -1.058000  0.529000
    -4.233000 -0.794000  0.529000
    -4.233000 -0.529000  0.529000
    -4.233000 -0.265000  0.529000
    -4.233000  0.000000  0.529000
    -4.233000  0.265000  0.529000
    -4.233000  0.529000  0.529000
    -4.233000  0.794000  0.529000
    -4.233000  1.058000  0.529000
    -4.233000  1.323000  0.529000
    -4.233000  1.588000  0.529000
    -4.233000  1.852000  0.529000
    -4.233000  2.117000  0.529000
    -4.233000  2.381000  0.529000
    -4.233000  2.646000  0.529000
    -4.233000  2.910000  0.529000
    -4.233000  3.175000  0.529000
    -4.233000  3.440000  0.529000
    -4.233000  3.704000  0.529000
    -4.233000  3.969000  0.529000
    -4.233000  4.233000  0.529000
    -4.233000  4.498000  0.529000
    -4.233000  4.763000  0.529000
    -4.233000  5.027000  0.529000
    -4.233000  5.292000  0.529000
    -4.233000  5.556000  0.529000
    -4.233000  5.821000  0.529000
    -4.233000  6.086000  0.529000
    -4.233000  6.350000  0.529000
    -4.233000  6.615000  0.529000
    -4.233000  6.879000  0.529000
    -4.233000  7.144000  0.529000
    -4.233000  7.408000  0.529000
    -4.233000  7.673000  0.529000
    -4.233000  7.938000  0.529000
    -4.233000  8.202000  0.529000
    -4.233000  8.467000  0.529000
    -4.233000  8.731000  0.529000
    -4.233000  8.996000  0.529000
    -4.233000  9.261000  0.529000
    -4.233000  9.525000  0.529000
    -4.233000  9.790000  0.529000
    -4.233000  10.054000  0.529000
    -4.233000  10.319000  0.529000
    -4.233000  10.584000  0.529000
    -3.969000 -10.584000  0.529000
    -3.969000 -10.319000  0.529000
    -3.969000 -10.054000  0.529000
    -3.969000 -9.790000  0.529000
    -3.969000 -9.525000  0.529000
    -3.969000 -9.261000  0.529000
    -3.969000 -8.996000  0.529000
    -3.969000 -8.731000  0.529000
    -3.969000 -8.467000  0.529000
    -3.969000 -8.202000  0.529000
    -3.969000 -7.938000  0.529000
    -3.969000 -7.673000  0.529000
    -3.969000 -7.408000  0.529000
    -3.969000 -7.144000  0.529000
    -3.969000 -6.879000  0.529000
    -3.969000 -6.615000  0.529000
    -3.969000 -6.350000  0.529000
    -3.969000 -6.086000  0.529000
    -3.969000 -5.821000  0.529000
    -3.969000 -5.556000  0.529000
    -3.969000 -5.292000  0.529000
    -3.969000 -5.027000  0.529000
    -3.969000 -4.763000  0.529000
    -3.969000 -4.498000  0.529000
    -3.969000 -4.233000  0.529000
    -3.969000 -3.969000  0.529000
    -3.969000 -3.704000  0.529000
    -3.969000 -3.440000  0.529000
    -3.969000 -3.175000  0.529000
    -3.969000 -2.910000  0.529000
    -3.969000 -2.646000  0.529000
    -3.969000 -2.381000  0.529000
    -3.969000 -2.117000  0.529000
    -3.969000 -1.852000  0.529000
    -3.969000 -1.588000  0.529000
    -3.969000 -1.323000  0.529000
    -3.969000 -1.058000  0.529000
    -3.969000 -0.794000  0.529000
    -3.969000 -0.529000  0.529000
    -3.969000 -0.265000  0.529000
    -3.969000  0.000000  0.529000
    -3.969000  0.265000  0.529000
    -3.969000  0.529000  0.529000
    -3.969000  0.794000  0.529000
    -3.969000  1.058000  0.529000
    -3.969000  1.323000  0.529000
    -3.969000  1.588000  0.529000
    -3.969000  1.852000  0.529000
    -3.969000  2.117000  0.529000
    -3.969000  2.381000  0.529000
    -3.969000  2.646000  0.529000
    -3.969000  2.910000  0.529000
    -3.969000  3.175000  0.529000
    -3.969000  3.440000  0.529000
    -3.969000  3.704000  0.529000
    -3.969000  3.969000  0.529000
    -3.969000  4.233000  0.529000
    -3.969000  4.498000  0.529000
    -3.969000  4.763000  0.529000
    -3.969000  5.027000  0.529000
    -3.969000  5.292000  0.529000
    -3.969000  5.556000  0.529000
    -3.969000  5.821000  0.529000
    -3.969000  6.086000  0.529000
    -3.969000  6.350000  0.529000
    -3.969000  6.615000  0.529000
    -3.969000  6.879000  0.529000
    -3.969000  7.144000  0.529000
    -3.969000  7.408000  0.529000
    -3.969000  7.673000  0.529000
    -3.969000  7.938000  0.529000
    -3.969000  8.202000  0.529000
    -3.969000  8.467000  0.529000
    -3.969000  8.731000  0.529000
    -3.969000  8.996000  0.529000
    -3.969000  9.261000  0.529000
    -3.969000  9.525000  0.529000
    -3.969000  9.790000  0.529000
    -3.969000  10.054000  0.529000
    -3.969000  10.319000  0.529000
    -3.969000  10.584000  0.529000
    -3.704000 -10.584000  0.529000
    -3.704000 -10.319000  0.529000
    -3.704000 -10.054000  0.529000
    -3.704000 -9.790000  0.529000
    -3.704000 -9.525000  0.529000
    -3.704000 -9.261000  0.529000
    -3.704000 -8.996000  0.529000
    -3.704000 -8.731000  0.529000
    -3.704000 -8.467000  0.529000
    -3.704000 -8.202000  0.529000
    -3.704000 -7.938000  0.529000
    -3.704000 -7.673000  0.529000
    -3.704000 -7.408000  0.529000
    -3.704000 -7.144000  0.529000
    -3.704000 -6.879000  0.529000
    -3.704000 -6.615000  0.529000
    -3.704000 -6.350000  0.529000
    -3.704000 -6.086000  0.529000
    -3.704000 -5.821000  0.529000
    -3.704000 -5.556000  0.529000
    -3.704000 -5.292000  0.529000
    -3.704000 -5.027000  0.529000
    -3.704000 -4.763000  0.529000
    -3.704000 -4.498000  0.529000
    -3.704000 -4.233000  0.529000
    -3.704000 -3.969000  0.529000
    -3.704000 -3.704000  0.529000
    -3.704000 -3.440000  0.529000
    -3.704000 -3.175000  0.529000
    -3.704000 -2.910000  0.529000
    -3.704000 -2.646000  0.529000
    -3.704000 -2.381000  0.529000
    -3.704000 -2.117000  0.529000
    -3.704000 -1.852000  0.529000
    -3.704000 -1.588000  0.529000
    -3.704000 -1.323000  0.529000
    -3.704000 -1.058000  0.529000
    -3.704000 -0.794000  0.529000
    -3.704000 -0.529000  0.529000
    -3.704000 -0.265000  0.529000
    -3.704000  0.000000  0.529000
    -3.704000  0.265000  0.529000
    -3.704000  0.529000  0.529000
    -3.704000  0.794000  0.529000
    -3.704000  1.058000  0.529000
    -3.704000  1.323000  0.529000
    -3.704000  1.588000  0.529000
    -3.704000  1.852000  0.529000
    -3.704000  2.117000  0.529000
    -3.704000  2.381000  0.529000
    -3.704000  2.646000  0.529000
    -3.704000  2.910000  0.529000
    -3.704000  3.175000  0.529000
    -3.704000  3.440000  0.529000
    -3.704000  3.704000  0.529000
    -3.704000  3.969000  0.529000
    -3.704000  4.233000  0.529000
    -3.704000  4.498000  0.529000
    -3.704000  4.763000  0.529000
    -3.704000  5.027000  0.529000
    -3.704000  5.292000  0.529000
    -3.704000  5.556000  0.529000
    -3.704000  5.821000  0.529000
    -3.704000  6.086000  0.529000
    -3.704000  6.350000  0.529000
    -3.704000  6.615000  0.529000
    -3.704000  6.879000  0.529000
    -3.704000  7.144000  0.529000
    -3.704000  7.408000  0.529000
    -3.704000  7.673000  0.529000
    -3.704000  7.938000  0.529000
    -3.704000  8.202000  0.529000
    -3.704000  8.467000  0.529000
    -3.704000  8.731000  0.529000
    -3.704000  8.996000  0.529000
    -3.704000  9.261000  0.529000
    -3.704000  9.525000  0.529000
    -3.704000  9.790000  0.529000
    -3.704000  10.054000  0.529000
    -3.704000  10.319000  0.529000
    -3.704000  10.584000  0.529000
    -3.440000 -10.584000  0.529000
    -3.440000 -10.319000  0.529000
    -3.440000 -10.054000  0.529000
    -3.440000 -9.790000  0.529000
    -3.440000 -9.525000  0.529000
    -3.440000 -9.261000  0.529000
    -3.440000 -8.996000  0.529000
    -3.440000 -8.731000  0.529000
    -3.440000 -8.467000  0.529000
    -3.440000 -8.202000  0.529000
    -3.440000 -7.938000  0.529000
    -3.440000 -7.673000  0.529000
    -3.440000 -7.408000  0.529000
    -3.440000 -7.144000  0.529000
    -3.440000 -6.879000  0.529000
    -3.440000 -6.615000  0.529000
    -3.440000 -6.350000  0.529000
    -3.440000 -6.086000  0.529000
    -3.440000 -5.821000  0.529000
    -3.440000 -5.556000  0.529000
    -3.440000 -5.292000  0.529000
    -3.440000 -5.027000  0.529000
    -3.440000 -4.763000  0.529000
    -3.440000 -4.498000  0.529000
    -3.440000 -4.233000  0.529000
    -3.440000 -3.969000  0.529000
    -3.440000 -3.704000  0.529000
    -3.440000 -3.440000  0.529000
    -3.440000 -3.175000  0.529000
    -3.440000 -2.910000  0.529000
    -3.440000 -2.646000  0.529000
    -3.440000 -2.381000  0.529000
    -3.440000 -2.117000  0.529000
    -3.440000 -1.852000  0.529000
    -3.440000 -1.588000  0.529000
    -3.440000 -1.323000  0.529000
    -3.440000 -1.058000  0.529000
    -3.440000 -0.794000  0.529000
    -3.440000 -0.529000  0.529000
    -3.440000 -0.265000  0.529000
    -3.440000  0.000000  0.529000
    -3.440000  0.265000  0.529000
    -3.440000  0.529000  0.529000
    -3.440000  0.794000  0.529000
    -3.440000  1.058000  0.529000
    -3.440000  1.323000  0.529000
    -3.440000  1.588000  0.529000
    -3.440000  1.852000  0.529000
    -3.440000  2.117000  0.529000
    -3.440000  2.381000  0.529000
    -3.440000  2.646000  0.529000
    -3.440000  2.910000  0.529000
    -3.440000  3.175000  0.529000
    -3.440000  3.440000  0.529000
    -3.440000  3.704000  0.529000
    -3.440000  3.969000  0.529000
    -3.440000  4.233000  0.529000
    -3.440000  4.498000  0.529000
    -3.440000  4.763000  0.529000
    -3.440000  5.027000  0.529000
    -3.440000  5.292000  0.529000
    -3.440000  5.556000  0.529000
    -3.440000  5.821000  0.529000
    -3.440000  6.086000  0.529000
    -3.440000  6.350000  0.529000
    -3.440000  6.615000  0.529000
    -3.440000  6.879000  0.529000
    -3.440000  7.144000  0.529000
    -3.440000  7.408000  0.529000
    -3.440000  7.673000  0.529000
    -3.440000  7.938000  0.529000
    -3.440000  8.202000  0.529000
    -3.440000  8.467000  0.529000
    -3.440000  8.731000  0.529000
    -3.440000  8.996000  0.529000
    -3.440000  9.261000  0.529000
    -3.440000  9.525000  0.529000
    -3.440000  9.790000  0.529000
    -3.440000  10.054000  0.529000
    -3.440000  10.319000  0.529000
    -3.440000  10.584000  0.529000
    -3.175000 -10.584000  0.529000
    -3.175000 -10.319000  0.529000
    -3.175000 -10.054000  0.529000
    -3.175000 -9.790000  0.529000
    -3.175000 -9.525000  0.529000
    -3.175000 -9.261000  0.529000
    -3.175000 -8.996000  0.529000
    -3.175000 -8.731000  0.529000
    -3.175000 -8.467000  0.529000
    -3.175000 -8.202000  0.529000
    -3.175000 -7.938000  0.529000
    -3.175000 -7.673000  0.529000
    -3.175000 -7.408000  0.529000
    -3.175000 -7.144000  0.529000
    -3.175000 -6.879000  0.529000
    -3.175000 -6.615000  0.529000
    -3.175000 -6.350000  0.529000
    -3.175000 -6.086000  0.529000
    -3.175000 -5.821000  0.529000
    -3.175000 -5.556000  0.529000
    -3.175000 -5.292000  0.529000
    -3.175000 -5.027000  0.529000
    -3.175000 -4.763000  0.529000
    -3.175000 -4.498000  0.529000
    -3.175000 -4.233000  0.529000
    -3.175000 -3.969000  0.529000
    -3.175000 -3.704000  0.529000
    -3.175000 -3.440000  0.529000
    -3.175000 -3.175000  0.529000
    -3.175000 -2.910000  0.529000
    -3.175000 -2.646000  0.529000
    -3.175000 -2.381000  0.529000
    -3.175000 -2.117000  0.529000
    -3.175000 -1.852000  0.529000
    -3.175000 -1.588000  0.529000
    -3.175000 -1.323000  0.529000
    -3.175000 -1.058000  0.529000
    -3.175000 -0.794000  0.529000
    -3.175000 -0.529000  0.529000
    -3.175000 -0.265000  0.529000
    -3.175000  0.000000  0.529000
    -3.175000  0.265000  0.529000
    -3.175000  0.529000  0.529000
    -3.175000  0.794000  0.529000
    -3.175000  1.058000  0.529000
    -3.175000  1.323000  0.529000
    -3.175000  1.588000  0.529000
    -3.175000  1.852000  0.529000
    -3.175000  2.117000  0.529000
    -3.175000  2.381000  0.529000
    -3.175000  2.646000  0.529000
    -3.175000  2.910000  0.529000
    -3.175000  3.175000  0.529000
    -3.175000  3.440000  0.529000
    -3.175000  3.704000  0.529000
    -3.175000  3.969000  0.529000
    -3.175000  4.233000  0.529000
    -3.175000  4.498000  0.529000
    -3.175000  4.763000  0.529000
    -3.175000  5.027000  0.529000
    -3.175000  5.292000  0.529000
    -3.175000  5.556000  0.529000
    -3.175000  5.821000  0.529000
    -3.175000  6.086000  0.529000
    -3.175000  6.350000  0.529000
    -3.175000  6.615000  0.529000
    -3.175000  6.879000  0.529000
    -3.175000  7.144000  0.529000
    -3.175000  7.408000  0.529000
    -3.175000  7.673000  0.529000
    -3.175000  7.938000  0.529000
    -3.175000  8.202000  0.529000
    -3.175000  8.467000  0.529000
    -3.175000  8.731000  0.529000
    -3.175000  8.996000  0.529000
    -3.175000  9.261000  0.529000
    -3.175000  9.525000  0.529000
    -3.175000  9.790000  0.529000
    -3.175000  10.054000  0.529000
    -3.175000  10.319000  0.529000
    -3.175000  10.584000  0.529000
    -2.910000 -10.584000  0.529000
    -2.910000 -10.319000  0.529000
    -2.910000 -10.054000  0.529000
    -2.910000 -9.790000  0.529000
    -2.910000 -9.525000  0.529000
    -2.910000 -9.261000  0.529000
    -2.910000 -8.996000  0.529000
    -2.910000 -8.731000  0.529000
    -2.910000 -8.467000  0.529000
    -2.910000 -8.202000  0.529000
    -2.910000 -7.938000  0.529000
    -2.910000 -7.673000  0.529000
    -2.910000 -7.408000  0.529000
    -2.910000 -7.144000  0.529000
    -2.910000 -6.879000  0.529000
    -2.910000 -6.615000  0.529000
    -2.910000 -6.350000  0.529000
    -2.910000 -6.086000  0.529000
    -2.910000 -5.821000  0.529000
    -2.910000 -5.556000  0.529000
    -2.910000 -5.292000  0.529000
    -2.910000 -5.027000  0.529000
    -2.910000 -4.763000  0.529000
    -2.910000 -4.498000  0.529000
    -2.910000 -4.233000  0.529000
    -2.910000 -3.969000  0.529000
    -2.910000 -3.704000  0.529000
    -2.910000 -3.440000  0.529000
    -2.910000 -3.175000  0.529000
    -2.910000 -2.910000  0.529000
    -2.910000 -2.646000  0.529000
    -2.910000 -2.381000  0.529000
    -2.910000 -2.117000  0.529000
    -2.910000 -1.852000  0.529000
    -2.910000 -1.588000  0.529000
    -2.910000 -1.323000  0.529000
    -2.910000 -1.058000  0.529000
    -2.910000 -0.794000  0.529000
    -2.910000 -0.529000  0.529000
    -2.910000 -0.265000  0.529000
    -2.910000  0.000000  0.529000
    -2.910000  0.265000  0.529000
    -2.910000  0.529000  0.529000
    -2.910000  0.794000  0.529000
    -2.910000  1.058000  0.529000
    -2.910000  1.323000  0.529000
    -2.910000  1.588000  0.529000
    -2.910000  1.852000  0.529000
    -2.910000  2.117000  0.529000
    -2.910000  2.381000  0.529000
    -2.910000  2.646000  0.529000
    -2.910000  2.910000  0.529000
    -2.910000  3.175000  0.529000
    -2.910000  3.440000  0.529000
    -2.910000  3.704000  0.529000
    -2.910000  3.969000  0.529000
    -2.910000  4.233000  0.529000
    -2.910000  4.498000  0.529000
    -2.910000  4.763000  0.529000
    -2.910000  5.027000  0.529000
    -2.910000  5.292000  0.529000
    -2.910000  5.556000  0.529000
    -2.910000  5.821000  0.529000
    -2.910000  6.086000  0.529000
    -2.910000  6.350000  0.529000
    -2.910000  6.615000  0.529000
    -2.910000  6.879000  0.529000
    -2.910000  7.144000  0.529000
    -2.910000  7.408000  0.529000
    -2.910000  7.673000  0.529000
    -2.910000  7.938000  0.529000
    -2.910000  8.202000  0.529000
    -2.910000  8.467000  0.529000
    -2.910000  8.731000  0.529000
    -2.910000  8.996000  0.529000
    -2.910000  9.261000  0.529000
    -2.910000  9.525000  0.529000
    -2.910000  9.790000  0.529000
    -2.910000  10.054000  0.529000
    -2.910000  10.319000  0.529000
    -2.910000  10.584000  0.529000
    -2.646000 -10.584000  0.529000
    -2.646000 -10.319000  0.529000
    -2.646000 -10.054000  0.529000
    -2.646000 -9.790000  0.529000
    -2.646000 -9.525000  0.529000
    -2.646000 -9.261000  0.529000
    -2.646000 -8.996000  0.529000
    -2.646000 -8.731000  0.529000
    -2.646000 -8.467000  0.529000
    -2.646000 -8.202000  0.529000
    -2.646000 -7.938000  0.529000
    -2.646000 -7.673000  0.529000
    -2.646000 -7.408000  0.529000
    -2.646000 -7.144000  0.529000
    -2.646000 -6.879000  0.529000
    -2.646000 -6.615000  0.529000
    -2.646000 -6.350000  0.529000
    -2.646000 -6.086000  0.529000
    -2.646000 -5.821000  0.529000
    -2.646000 -5.556000  0.529000
    -2.646000 -5.292000  0.529000
    -2.646000 -5.027000  0.529000
    -2.646000 -4.763000  0.529000
    -2.646000 -4.498000  0.529000
    -2.646000 -4.233000  0.529000
    -2.646000 -3.969000  0.529000
    -2.646000 -3.704000  0.529000
    -2.646000 -3.440000  0.529000
    -2.646000 -3.175000  0.529000
    -2.646000 -2.910000  0.529000
    -2.646000 -2.646000  0.529000
    -2.646000 -2.381000  0.529000
    -2.646000 -2.117000  0.529000
    -2.646000 -1.852000  0.529000
    -2.646000 -1.588000  0.529000
    -2.646000 -1.323000  0.529000
    -2.646000 -1.058000  0.529000
    -2.646000 -0.794000  0.529000
    -2.646000 -0.529000  0.529000
    -2.646000 -0.265000  0.529000
    -2.646000  0.000000  0.529000
    -2.646000  0.265000  0.529000
    -2.646000  0.529000  0.529000
    -2.646000  0.794000  0.529000
    -2.646000  1.058000  0.529000
    -2.646000  1.323000  0.529000
    -2.646000  1.588000  0.529000
    -2.646000  1.852000  0.529000
    -2.646000  2.117000  0.529000
    -2.646000  2.381000  0.529000
    -2.646000  2.646000  0.529000
    -2.646000  2.910000  0.529000
    -2.646000  3.175000  0.529000
    -2.646000  3.440000  0.529000
    -2.646000  3.704000  0.529000
    -2.646000  3.969000  0.529000
    -2.646000  4.233000  0.529000
    -2.646000  4.498000  0.529000
    -2.646000  4.763000  0.529000
    -2.646000  5.027000  0.529000
    -2.646000  5.292000  0.529000
    -2.646000  5.556000  0.529000
    -2.646000  5.821000  0.529000
    -2.646000  6.086000  0.529000
    -2.646000  6.350000  0.529000
    -2.646000  6.615000  0.529000
    -2.646000  6.879000  0.529000
    -2.646000  7.144000  0.529000
    -2.646000  7.408000  0.529000
    -2.646000  7.673000  0.529000
    -2.646000  7.938000  0.529000
    -2.646000  8.202000  0.529000
    -2.646000  8.467000  0.529000
    -2.646000  8.731000  0.529000
    -2.646000  8.996000  0.529000
    -2.646000  9.261000  0.529000
    -2.646000  9.525000  0.529000
    -2.646000  9.790000  0.529000
    -2.646000  10.054000  0.529000
    -2.646000  10.319000  0.529000
    -2.646000  10.584000  0.529000
    -2.381000 -10.584000  0.529000
    -2.381000 -10.319000  0.529000
    -2.381000 -10.054000  0.529000
    -2.381000 -9.790000  0.529000
    -2.381000 -9.525000  0.529000
    -2.381000 -9.261000  0.529000
    -2.381000 -8.996000  0.529000
    -2.381000 -8.731000  0.529000
    -2.381000 -8.467000  0.529000
    -2.381000 -8.202000  0.529000
    -2.381000 -7.938000  0.529000
    -2.381000 -7.673000  0.529000
    -2.381000 -7.408000  0.529000
    -2.381000 -7.144000  0.529000
    -2.381000 -6.879000  0.529000
    -2.381000 -6.615000  0.529000
    -2.381000 -6.350000  0.529000
    -2.381000 -6.086000  0.529000
    -2.381000 -5.821000  0.529000
    -2.381000 -5.556000  0.529000
    -2.381000 -5.292000  0.529000
    -2.381000 -5.027000  0.529000
    -2.381000 -4.763000  0.529000
    -2.381000 -4.498000  0.529000
    -2.381000 -4.233000  0.529000
    -2.381000 -3.969000  0.529000
    -2.381000 -3.704000  0.529000
    -2.381000 -3.440000  0.529000
    -2.381000 -3.175000  0.529000
    -2.381000 -2.910000  0.529000
    -2.381000 -2.646000  0.529000
    -2.381000 -2.381000  0.529000
    -2.381000 -2.117000  0.529000
    -2.381000 -1.852000  0.529000
    -2.381000 -1.588000  0.529000
    -2.381000 -1.323000  0.529000
    -2.381000 -1.058000  0.529000
    -2.381000 -0.794000  0.529000
    -2.381000 -0.529000  0.529000
    -2.381000 -0.265000  0.529000
    -2.381000  0.000000  0.529000
    -2.381000  0.265000  0.529000
    -2.381000  0.529000  0.529000
    -2.381000  0.794000  0.529000
    -2.381000  1.058000  0.529000
    -2.381000  1.323000  0.529000
    -2.381000  1.588000  0.529000
    -2.381000  1.852000  0.529000
    -2.381000  2.117000  0.529000
    -2.381000  2.381000  0.529000
    -2.381000  2.646000  0.529000
    -2.381000  2.910000  0.529000
    -2.381000  3.175000  0.529000
    -2.381000  3.440000  0.529000
    -2.381000  3.704000  0.529000
    -2.381000  3.969000  0.529000
    -2.381000  4.233000  0.529000
    -2.381000  4.498000  0.529000
    -2.381000  4.763000  0.529000
    -2.381000  5.027000  0.529000
    -2.381000  5.292000  0.529000
    -2.381000  5.556000  0.529000
    -2.381000  5.821000  0.529000
    -2.381000  6.086000  0.529000
    -2.381000  6.350000  0.529000
    -2.381000  6.615000  0.529000
    -2.381000  6.879000  0.529000
    -2.381000  7.144000  0.529000
    -2.381000  7.408000  0.529000
    -2.381000  7.673000  0.529000
    -2.381000  7.938000  0.529000
    -2.381000  8.202000  0.529000
    -2.381000  8.467000  0.529000
    -2.381000  8.731000  0.529000
    -2.381000  8.996000  0.529000
    -2.381000  9.261000  0.529000
    -2.381000  9.525000  0.529000
    -2.381000  9.790000  0.529000
    -2.381000  10.054000  0.529000
    -2.381000  10.319000  0.529000
    -2.381000  10.584000  0.529000
    -2.117000 -10.584000  0.529000
    -2.117000 -10.319000  0.529000
    -2.117000 -10.054000  0.529000
    -2.117000 -9.790000  0.529000
    -2.117000 -9.525000  0.529000
    -2.117000 -9.261000  0.529000
    -2.117000 -8.996000  0.529000
    -2.117000 -8.731000  0.529000
    -2.117000 -8.467000  0.529000
    -2.117000 -8.202000  0.529000
    -2.117000 -7.938000  0.529000
    -2.117000 -7.673000  0.529000
    -2.117000 -7.408000  0.529000
    -2.117000 -7.144000  0.529000
    -2.117000 -6.879000  0.529000
    -2.117000 -6.615000  0.529000
    -2.117000 -6.350000  0.529000
    -2.117000 -6.086000  0.529000
    -2.117000 -5.821000  0.529000
    -2.117000 -5.556000  0.529000
    -2.117000 -5.292000  0.529000
    -2.117000 -5.027000  0.529000
    -2.117000 -4.763000  0.529000
    -2.117000 -4.498000  0.529000
    -2.117000 -4.233000  0.529000
    -2.117000 -3.969000  0.529000
    -2.117000 -3.704000  0.529000
    -2.117000 -3.440000  0.529000
    -2.117000 -3.175000  0.529000
    -2.117000 -2.910000  0.529000
    -2.117000 -2.646000  0.529000
    -2.117000 -2.381000  0.529000
    -2.117000 -2.117000  0.529000
    -2.117000 -1.852000  0.529000
    -2.117000 -1.588000  0.529000
    -2.117000 -1.323000  0.529000
    -2.117000 -1.058000  0.529000
    -2.117000 -0.794000  0.529000
    -2.117000 -0.529000  0.529000
    -2.117000 -0.265000  0.529000
    -2.117000  0.000000  0.529000
    -2.117000  0.265000  0.529000
    -2.117000  0.529000  0.529000
    -2.117000  0.794000  0.529000
    -2.117000  1.058000  0.529000
    -2.117000  1.323000  0.529000
    -2.117000  1.588000  0.529000
    -2.117000  1.852000  0.529000
    -2.117000  2.117000  0.529000
    -2.117000  2.381000  0.529000
    -2.117000  2.646000  0.529000
    -2.117000  2.910000  0.529000
    -2.117000  3.175000  0.529000
    -2.117000  3.440000  0.529000
    -2.117000  3.704000  0.529000
    -2.117000  3.969000  0.529000
    -2.117000  4.233000  0.529000
    -2.117000  4.498000  0.529000
    -2.117000  4.763000  0.529000
    -2.117000  5.027000  0.529000
    -2.117000  5.292000  0.529000
    -2.117000  5.556000  0.529000
    -2.117000  5.821000  0.529000
    -2.117000  6.086000  0.529000
    -2.117000  6.350000  0.529000
    -2.117000  6.615000  0.529000
    -2.117000  6.879000  0.529000
    -2.117000  7.144000  0.529000
    -2.117000  7.408000  0.529000
    -2.117000  7.673000  0.529000
    -2.117000  7.938000  0.529000
    -2.117000  8.202000  0.529000
    -2.117000  8.467000  0.529000
    -2.117000  8.731000  0.529000
    -2.117000  8.996000  0.529000
    -2.117000  9.261000  0.529000
    -2.117000  9.525000  0.529000
    -2.117000  9.790000  0.529000
    -2.117000  10.054000  0.529000
    -2.117000  10.319000  0.529000
    -2.117000  10.584000  0.529000
    -1.852000 -10.584000  0.529000
    -1.852000 -10.319000  0.529000
    -1.852000 -10.054000  0.529000
    -1.852000 -9.790000  0.529000
    -1.852000 -9.525000  0.529000
    -1.852000 -9.261000  0.529000
    -1.852000 -8.996000  0.529000
    -1.852000 -8.731000  0.529000
    -1.852000 -8.467000  0.529000
    -1.852000 -8.202000  0.529000
    -1.852000 -7.938000  0.529000
    -1.852000 -7.673000  0.529000
    -1.852000 -7.408000  0.529000
    -1.852000 -7.144000  0.529000
    -1.852000 -6.879000  0.529000
    -1.852000 -6.615000  0.529000
    -1.852000 -6.350000  0.529000
    -1.852000 -6.086000  0.529000
    -1.852000 -5.821000  0.529000
    -1.852000 -5.556000  0.529000
    -1.852000 -5.292000  0.529000
    -1.852000 -5.027000  0.529000
    -1.852000 -4.763000  0.529000
    -1.852000 -4.498000  0.529000
    -1.852000 -4.233000  0.529000
    -1.852000 -3.969000  0.529000
    -1.852000 -3.704000  0.529000
    -1.852000 -3.440000  0.529000
    -1.852000 -3.175000  0.529000
    -1.852000 -2.910000  0.529000
    -1.852000 -2.646000  0.529000
    -1.852000 -2.381000  0.529000
    -1.852000 -2.117000  0.529000
    -1.852000 -1.852000  0.529000
    -1.852000 -1.588000  0.529000
    -1.852000 -1.323000  0.529000
    -1.852000 -1.058000  0.529000
    -1.852000 -0.794000  0.529000
    -1.852000 -0.529000  0.529000
    -1.852000 -0.265000  0.529000
    -1.852000  0.000000  0.529000
    -1.852000  0.265000  0.529000
    -1.852000  0.529000  0.529000
    -1.852000  0.794000  0.529000
    -1.852000  1.058000  0.529000
    -1.852000  1.323000  0.529000
    -1.852000  1.588000  0.529000
    -1.852000  1.852000  0.529000
    -1.852000  2.117000  0.529000
    -1.852000  2.381000  0.529000
    -1.852000  2.646000  0.529000
    -1.852000  2.910000  0.529000
    -1.852000  3.175000  0.529000
    -1.852000  3.440000  0.529000
    -1.852000  3.704000  0.529000
    -1.852000  3.969000  0.529000
    -1.852000  4.233000  0.529000
    -1.852000  4.498000  0.529000
    -1.852000  4.763000  0.529000
    -1.852000  5.027000  0.529000
    -1.852000  5.292000  0.529000
    -1.852000  5.556000  0.529000
    -1.852000  5.821000  0.529000
    -1.852000  6.086000  0.529000
    -1.852000  6.350000  0.529000
    -1.852000  6.615000  0.529000
    -1.852000  6.879000  0.529000
    -1.852000  7.144000  0.529000
    -1.852000  7.408000  0.529000
    -1.852000  7.673000  0.529000
    -1.852000  7.938000  0.529000
    -1.852000  8.202000  0.529000
    -1.852000  8.467000  0.529000
    -1.852000  8.731000  0.529000
    -1.852000  8.996000  0.529000
    -1.852000  9.261000  0.529000
    -1.852000  9.525000  0.529000
    -1.852000  9.790000  0.529000
    -1.852000  10.054000  0.529000
    -1.852000  10.319000  0.529000
    -1.852000  10.584000  0.529000
    -1.588000 -10.584000  0.529000
    -1.588000 -10.319000  0.529000
    -1.588000 -10.054000  0.529000
    -1.588000 -9.790000  0.529000
    -1.588000 -9.525000  0.529000
    -1.588000 -9.261000  0.529000
    -1.588000 -8.996000  0.529000
    -1.588000 -8.731000  0.529000
    -1.588000 -8.467000  0.529000
    -1.588000 -8.202000  0.529000
    -1.588000 -7.938000  0.529000
    -1.588000 -7.673000  0.529000
    -1.588000 -7.408000  0.529000
    -1.588000 -7.144000  0.529000
    -1.588000 -6.879000  0.529000
    -1.588000 -6.615000  0.529000
    -1.588000 -6.350000  0.529000
    -1.588000 -6.086000  0.529000
    -1.588000 -5.821000  0.529000
    -1.588000 -5.556000  0.529000
    -1.588000 -5.292000  0.529000
    -1.588000 -5.027000  0.529000
    -1.588000 -4.763000  0.529000
    -1.588000 -4.498000  0.529000
    -1.588000 -4.233000  0.529000
    -1.588000 -3.969000  0.529000
    -1.588000 -3.704000  0.529000
    -1.588000 -3.440000  0.529000
    -1.588000 -3.175000  0.529000
    -1.588000 -2.910000  0.529000
    -1.588000 -2.646000  0.529000
    -1.588000 -2.381000  0.529000
    -1.588000 -2.117000  0.529000
    -1.588000 -1.852000  0.529000
    -1.588000 -1.588000  0.529000
    -1.588000 -1.323000  0.529000
    -1.588000 -1.058000  0.529000
    -1.588000 -0.794000  0.529000
    -1.588000 -0.529000  0.529000
    -1.588000 -0.265000  0.529000
    -1.588000  0.000000  0.529000
    -1.588000  0.265000  0.529000
    -1.588000  0.529000  0.529000
    -1.588000  0.794000  0.529000
    -1.588000  1.058000  0.529000
    -1.588000  1.323000  0.529000
    -1.588000  1.588000  0.529000
    -1.588000  1.852000  0.529000
    -1.588000  2.117000  0.529000
    -1.588000  2.381000  0.529000
    -1.588000  2.646000  0.529000
    -1.588000  2.910000  0.529000
    -1.588000  3.175000  0.529000
    -1.588000  3.440000  0.529000
    -1.588000  3.704000  0.529000
    -1.588000  3.969000  0.529000
    -1.588000  4.233000  0.529000
    -1.588000  4.498000  0.529000
    -1.588000  4.763000  0.529000
    -1.588000  5.027000  0.529000
    -1.588000  5.292000  0.529000
    -1.588000  5.556000  0.529000
    -1.588000  5.821000  0.529000
    -1.588000  6.086000  0.529000
    -1.588000  6.350000  0.529000
    -1.588000  6.615000  0.529000
    -1.588000  6.879000  0.529000
    -1.588000  7.144000  0.529000
    -1.588000  7.408000  0.529000
    -1.588000  7.673000  0.529000
    -1.588000  7.938000  0.529000
    -1.588000  8.202000  0.529000
    -1.588000  8.467000  0.529000
    -1.588000  8.731000  0.529000
    -1.588000  8.996000  0.529000
    -1.588000  9.261000  0.529000
    -1.588000  9.525000  0.529000
    -1.588000  9.790000  0.529000
    -1.588000  10.054000  0.529000
    -1.588000  10.319000  0.529000
    -1.588000  10.584000  0.529000
    -1.323000 -10.584000  0.529000
    -1.323000 -10.319000  0.529000
    -1.323000 -10.054000  0.529000
    -1.323000 -9.790000  0.529000
    -1.323000 -9.525000  0.529000
    -1.323000 -9.261000  0.529000
    -1.323000 -8.996000  0.529000
    -1.323000 -8.731000  0.529000
    -1.323000 -8.467000  0.529000
    -1.323000 -8.202000  0.529000
    -1.323000 -7.938000  0.529000
    -1.323000 -7.673000  0.529000
    -1.323000 -7.408000  0.529000
    -1.323000 -7.144000  0.529000
    -1.323000 -6.879000  0.529000
    -1.323000 -6.615000  0.529000
    -1.323000 -6.350000  0.529000
    -1.323000 -6.086000  0.529000
    -1.323000 -5.821000  0.529000
    -1.323000 -5.556000  0.529000
    -1.323000 -5.292000  0.529000
    -1.323000 -5.027000  0.529000
    -1.323000 -4.763000  0.529000
    -1.323000 -4.498000  0.529000
    -1.323000 -4.233000  0.529000
    -1.323000 -3.969000  0.529000
    -1.323000 -3.704000  0.529000
    -1.323000 -3.440000  0.529000
    -1.323000 -3.175000  0.529000
    -1.323000 -2.910000  0.529000
    -1.323000 -2.646000  0.529000
    -1.323000 -2.381000  0.529000
    -1.323000 -2.117000  0.529000
    -1.323000 -1.852000  0.529000
    -1.323000 -1.588000  0.529000
    -1.323000 -1.323000  0.529000
    -1.323000 -1.058000  0.529000
    -1.323000 -0.794000  0.529000
    -1.323000 -0.529000  0.529000
    -1.323000 -0.265000  0.529000
    -1.323000  0.000000  0.529000
    -1.323000  0.265000  0.529000
    -1.323000  0.529000  0.529000
    -1.323000  0.794000  0.529000
    -1.323000  1.058000  0.529000
    -1.323000  1.323000  0.529000
    -1.323000  1.588000  0.529000
    -1.323000  1.852000  0.529000
    -1.323000  2.117000  0.529000
    -1.323000  2.381000  0.529000
    -1.323000  2.646000  0.529000
    -1.323000  2.910000  0.529000
    -1.323000  3.175000  0.529000
    -1.323000  3.440000  0.529000
    -1.323000  3.704000  0.529000
    -1.323000  3.969000  0.529000
    -1.323000  4.233000  0.529000
    -1.323000  4.498000  0.529000
    -1.323000  4.763000  0.529000
    -1.323000  5.027000  0.529000
    -1.323000  5.292000  0.529000
    -1.323000  5.556000  0.529000
    -1.323000  5.821000  0.529000
    -1.323000  6.086000  0.529000
    -1.323000  6.350000  0.529000
    -1.323000  6.615000  0.529000
    -1.323000  6.879000  0.529000
    -1.323000  7.144000  0.529000
    -1.323000  7.408000  0.529000
    -1.323000  7.673000  0.529000
    -1.323000  7.938000  0.529000
    -1.323000  8.202000  0.529000
    -1.323000  8.467000  0.529000
    -1.323000  8.731000  0.529000
    -1.323000  8.996000  0.529000
    -1.323000  9.261000  0.529000
    -1.323000  9.525000  0.529000
    -1.323000  9.790000  0.529000
    -1.323000  10.054000  0.529000
    -1.323000  10.319000  0.529000
    -1.323000  10.584000  0.529000
    -1.058000 -10.584000  0.529000
    -1.058000 -10.319000  0.529000
    -1.058000 -10.054000  0.529000
    -1.058000 -9.790000  0.529000
    -1.058000 -9.525000  0.529000
    -1.058000 -9.261000  0.529000
    -1.058000 -8.996000  0.529000
    -1.058000 -8.731000  0.529000
    -1.058000 -8.467000  0.529000
    -1.058000 -8.202000  0.529000
    -1.058000 -7.938000  0.529000
    -1.058000 -7.673000  0.529000
    -1.058000 -7.408000  0.529000
    -1.058000 -7.144000  0.529000
    -1.058000 -6.879000  0.529000
    -1.058000 -6.615000  0.529000
    -1.058000 -6.350000  0.529000
    -1.058000 -6.086000  0.529000
    -1.058000 -5.821000  0.529000
    -1.058000 -5.556000  0.529000
    -1.058000 -5.292000  0.529000
    -1.058000 -5.027000  0.529000
    -1.058000 -4.763000  0.529000
    -1.058000 -4.498000  0.529000
    -1.058000 -4.233000  0.529000
    -1.058000 -3.969000  0.529000
    -1.058000 -3.704000  0.529000
    -1.058000 -3.440000  0.529000
    -1.058000 -3.175000  0.529000
    -1.058000 -2.910000  0.529000
    -1.058000 -2.646000  0.529000
    -1.058000 -2.381000  0.529000
    -1.058000 -2.117000  0.529000
    -1.058000 -1.852000  0.529000
    -1.058000 -1.588000  0.529000
    -1.058000 -1.323000  0.529000
    -1.058000 -1.058000  0.529000
    -1.058000 -0.794000  0.529000
    -1.058000 -0.529000  0.529000
    -1.058000 -0.265000  0.529000
    -1.058000  0.000000  0.529000
    -1.058000  0.265000  0.529000
    -1.058000  0.529000  0.529000
    -1.058000  0.794000  0.529000
    -1.058000  1.058000  0.529000
    -1.058000  1.323000  0.529000
    -1.058000  1.588000  0.529000
    -1.058000  1.852000  0.529000
    -1.058000  2.117000  0.529000
    -1.058000  2.381000  0.529000
    -1.058000  2.646000  0.529000
    -1.058000  2.910000  0.529000
    -1.058000  3.175000  0.529000
    -1.058000  3.440000  0.529000
    -1.058000  3.704000  0.529000
    -1.058000  3.969000  0.529000
    -1.058000  4.233000  0.529000
    -1.058000  4.498000  0.529000
    -1.058000  4.763000  0.529000
    -1.058000  5.027000  0.529000
    -1.058000  5.292000  0.529000
    -1.058000  5.556000  0.529000
    -1.058000  5.821000  0.529000
    -1.058000  6.086000  0.529000
    -1.058000  6.350000  0.529000
    -1.058000  6.615000  0.529000
    -1.058000  6.879000  0.529000
    -1.058000  7.144000  0.529000
    -1.058000  7.408000  0.529000
    -1.058000  7.673000  0.529000
    -1.058000  7.938000  0.529000
    -1.058000  8.202000  0.529000
    -1.058000  8.467000  0.529000
    -1.058000  8.731000  0.529000
    -1.058000  8.996000  0.529000
    -1.058000  9.261000  0.529000
    -1.058000  9.525000  0.529000
    -1.058000  9.790000  0.529000
    -1.058000  10.054000  0.529000
    -1.058000  10.319000  0.529000
    -1.058000  10.584000  0.529000
    -0.794000 -10.584000  0.529000
    -0.794000 -10.319000  0.529000
    -0.794000 -10.054000  0.529000
    -0.794000 -9.790000  0.529000
    -0.794000 -9.525000  0.529000
    -0.794000 -9.261000  0.529000
    -0.794000 -8.996000  0.529000
    -0.794000 -8.731000  0.529000
    -0.794000 -8.467000  0.529000
    -0.794000 -8.202000  0.529000
    -0.794000 -7.938000  0.529000
    -0.794000 -7.673000  0.529000
    -0.794000 -7.408000  0.529000
    -0.794000 -7.144000  0.529000
    -0.794000 -6.879000  0.529000
    -0.794000 -6.615000  0.529000
    -0.794000 -6.350000  0.529000
    -0.794000 -6.086000  0.529000
    -0.794000 -5.821000  0.529000
    -0.794000 -5.556000  0.529000
    -0.794000 -5.292000  0.529000
    -0.794000 -5.027000  0.529000
    -0.794000 -4.763000  0.529000
    -0.794000 -4.498000  0.529000
    -0.794000 -4.233000  0.529000
    -0.794000 -3.969000  0.529000
    -0.794000 -3.704000  0.529000
    -0.794000 -3.440000  0.529000
    -0.794000 -3.175000  0.529000
    -0.794000 -2.910000  0.529000
    -0.794000 -2.646000  0.529000
    -0.794000 -2.381000  0.529000
    -0.794000 -2.117000  0.529000
    -0.794000 -1.852000  0.529000
    -0.794000 -1.588000  0.529000
    -0.794000 -1.323000  0.529000
    -0.794000 -1.058000  0.529000
    -0.794000 -0.794000  0.529000
    -0.794000 -0.529000  0.529000
    -0.794000 -0.265000  0.529000
    -0.794000  0.000000  0.529000
    -0.794000  0.265000  0.529000
    -0.794000  0.529000  0.529000
    -0.794000  0.794000  0.529000
    -0.794000  1.058000  0.529000
    -0.794000  1.323000  0.529000
    -0.794000  1.588000  0.529000
    -0.794000  1.852000  0.529000
    -0.794000  2.117000  0.529000
    -0.794000  2.381000  0.529000
    -0.794000  2.646000  0.529000
    -0.794000  2.910000  0.529000
    -0.794000  3.175000  0.529000
    -0.794000  3.440000  0.529000
    -0.794000  3.704000  0.529000
    -0.794000  3.969000  0.529000
    -0.794000  4.233000  0.529000
    -0.794000  4.498000  0.529000
    -0.794000  4.763000  0.529000
    -0.794000  5.027000  0.529000
    -0.794000  5.292000  0.529000
    -0.794000  5.556000  0.529000
    -0.794000  5.821000  0.529000
    -0.794000  6.086000  0.529000
    -0.794000  6.350000  0.529000
    -0.794000  6.615000  0.529000
    -0.794000  6.879000  0.529000
    -0.794000  7.144000  0.529000
    -0.794000  7.408000  0.529000
    -0.794000  7.673000  0.529000
    -0.794000  7.938000  0.529000
    -0.794000  8.202000  0.529000
    -0.794000  8.467000  0.529000
    -0.794000  8.731000  0.529000
    -0.794000  8.996000  0.529000
    -0.794000  9.261000  0.529000
    -0.794000  9.525000  0.529000
    -0.794000  9.790000  0.529000
    -0.794000  10.054000  0.529000
    -0.794000  10.319000  0.529000
    -0.794000  10.584000  0.529000
    -0.529000 -10.584000  0.529000
    -0.529000 -10.319000  0.529000
    -0.529000 -10.054000  0.529000
    -0.529000 -9.790000  0.529000
    -0.529000 -9.525000  0.529000
    -0.529000 -9.261000  0.529000
    -0.529000 -8.996000  0.529000
    -0.529000 -8.731000  0.529000
    -0.529000 -8.467000  0.529000
    -0.529000 -8.202000  0.529000
    -0.529000 -7.938000  0.529000
    -0.529000 -7.673000  0.529000
    -0.529000 -7.408000  0.529000
    -0.529000 -7.144000  0.529000
    -0.529000 -6.879000  0.529000
    -0.529000 -6.615000  0.529000
    -0.529000 -6.350000  0.529000
    -0.529000 -6.086000  0.529000
    -0.529000 -5.821000  0.529000
    -0.529000 -5.556000  0.529000
    -0.529000 -5.292000  0.529000
    -0.529000 -5.027000  0.529000
    -0.529000 -4.763000  0.529000
    -0.529000 -4.498000  0.529000
    -0.529000 -4.233000  0.529000
    -0.529000 -3.969000  0.529000
    -0.529000 -3.704000  0.529000
    -0.529000 -3.440000  0.529000
    -0.529000 -3.175000  0.529000
    -0.529000 -2.910000  0.529000
    -0.529000 -2.646000  0.529000
    -0.529000 -2.381000  0.529000
    -0.529000 -2.117000  0.529000
    -0.529000 -1.852000  0.529000
    -0.529000 -1.588000  0.529000
    -0.529000 -1.323000  0.529000
    -0.529000 -1.058000  0.529000
    -0.529000 -0.794000  0.529000
    -0.529000 -0.529000  0.529000
    -0.529000 -0.265000  0.529000
    -0.529000  0.000000  0.529000
    -0.529000  0.265000  0.529000
    -0.529000  0.529000  0.529000
    -0.529000  0.794000  0.529000
    -0.529000  1.058000  0.529000
    -0.529000  1.323000  0.529000
    -0.529000  1.588000  0.529000
    -0.529000  1.852000  0.529000
    -0.529000  2.117000  0.529000
    -0.529000  2.381000  0.529000
    -0.529000  2.646000  0.529000
    -0.529000  2.910000  0.529000
    -0.529000  3.175000  0.529000
    -0.529000  3.440000  0.529000
    -0.529000  3.704000  0.529000
    -0.529000  3.969000  0.529000
    -0.529000  4.233000  0.529000
    -0.529000  4.498000  0.529000
    -0.529000  4.763000  0.529000
    -0.529000  5.027000  0.529000
    -0.529000  5.292000  0.529000
    -0.529000  5.556000  0.529000
    -0.529000  5.821000  0.529000
    -0.529000  6.086000  0.529000
    -0.529000  6.350000  0.529000
    -0.529000  6.615000  0.529000
    -0.529000  6.879000  0.529000
    -0.529000  7.144000  0.529000
    -0.529000  7.408000  0.529000
    -0.529000  7.673000  0.529000
    -0.529000  7.938000  0.529000
    -0.529000  8.202000  0.529000
    -0.529000  8.467000  0.529000
    -0.529000  8.731000  0.529000
    -0.529000  8.996000  0.529000
    -0.529000  9.261000  0.529000
    -0.529000  9.525000  0.529000
    -0.529000  9.790000  0.529000
    -0.529000  10.054000  0.529000
    -0.529000  10.319000  0.529000
    -0.529000  10.584000  0.529000
    -0.265000 -10.584000  0.529000
    -0.265000 -10.319000  0.529000
    -0.265000 -10.054000  0.529000
    -0.265000 -9.790000  0.529000
    -0.265000 -9.525000  0.529000
    -0.265000 -9.261000  0.529000
    -0.265000 -8.996000  0.529000
    -0.265000 -8.731000  0.529000
    -0.265000 -8.467000  0.529000
    -0.265000 -8.202000  0.529000
    -0.265000 -7.938000  0.529000
    -0.265000 -7.673000  0.529000
    -0.265000 -7.408000  0.529000
    -0.265000 -7.144000  0.529000
    -0.265000 -6.879000  0.529000
    -0.265000 -6.615000  0.529000
    -0.265000 -6.350000  0.529000
    -0.265000 -6.086000  0.529000
    -0.265000 -5.821000  0.529000
    -0.265000 -5.556000  0.529000
    -0.265000 -5.292000  0.529000
    -0.265000 -5.027000  0.529000
    -0.265000 -4.763000  0.529000
    -0.265000 -4.498000  0.529000
    -0.265000 -4.233000  0.529000
    -0.265000 -3.969000  0.529000
    -0.265000 -3.704000  0.529000
    -0.265000 -3.440000  0.529000
    -0.265000 -3.175000  0.529000
    -0.265000 -2.910000  0.529000
    -0.265000 -2.646000  0.529000
    -0.265000 -2.381000  0.529000
    -0.265000 -2.117000  0.529000
    -0.265000 -1.852000  0.529000
    -0.265000 -1.588000  0.529000
    -0.265000 -1.323000  0.529000
    -0.265000 -1.058000  0.529000
    -0.265000 -0.794000  0.529000
    -0.265000 -0.529000  0.529000
    -0.265000 -0.265000  0.529000
    -0.265000  0.000000  0.529000
    -0.265000  0.265000  0.529000
    -0.265000  0.529000  0.529000
    -0.265000  0.794000  0.529000
    -0.265000  1.058000  0.529000
    -0.265000  1.323000  0.529000
    -0.265000  1.588000  0.529000
    -0.265000  1.852000  0.529000
    -0.265000  2.117000  0.529000
    -0.265000  2.381000  0.529000
    -0.265000  2.646000  0.529000
    -0.265000  2.910000  0.529000
    -0.265000  3.175000  0.529000
    -0.265000  3.440000  0.529000
    -0.265000  3.704000  0.529000
    -0.265000  3.969000  0.529000
    -0.265000  4.233000  0.529000
    -0.265000  4.498000  0.529000
    -0.265000  4.763000  0.529000
    -0.265000  5.027000  0.529000
    -0.265000  5.292000  0.529000
    -0.265000  5.556000  0.529000
    -0.265000  5.821000  0.529000
    -0.265000  6.086000  0.529000
    -0.265000  6.350000  0.529000
    -0.265000  6.615000  0.529000
    -0.265000  6.879000  0.529000
    -0.265000  7.144000  0.529000
    -0.265000  7.408000  0.529000
    -0.265000  7.673000  0.529000
    -0.265000  7.938000  0.529000
    -0.265000  8.202000  0.529000
    -0.265000  8.467000  0.529000
    -0.265000  8.731000  0.529000
    -0.265000  8.996000  0.529000
    -0.265000  9.261000  0.529000
    -0.265000  9.525000  0.529000
    -0.265000  9.790000  0.529000
    -0.265000  10.054000  0.529000
    -0.265000  10.319000  0.529000
    -0.265000  10.584000  0.529000
     0.000000 -10.584000  0.529000
     0.000000 -10.319000  0.529000
     0.000000 -10.054000  0.529000
     0.000000 -9.790000  0.529000
     0.000000 -9.525000  0.529000
     0.000000 -9.261000  0.529000
     0.000000 -8.996000  0.529000
     0.000000 -8.731000  0.529000
     0.000000 -8.467000  0.529000
     0.000000 -8.202000  0.529000
     0.000000 -7.938000  0.529000
     0.000000 -7.673000  0.529000
     0.000000 -7.408000  0.529000
     0.000000 -7.144000  0.529000
     0.000000 -6.879000  0.529000
     0.000000 -6.615000  0.529000
     0.000000 -6.350000  0.529000
     0.000000 -6.086000  0.529000
     0.000000 -5.821000  0.529000
     0.000000 -5.556000  0.529000
     0.000000 -5.292000  0.529000
     0.000000 -5.027000  0.529000
     0.000000 -4.763000  0.529000
     0.000000 -4.498000  0.529000
     0.000000 -4.233000  0.529000
     0.000000 -3.969000  0.529000
     0.000000 -3.704000  0.529000
     0.000000 -3.440000  0.529000
     0.000000 -3.175000  0.529000
     0.000000 -2.910000  0.529000
     0.000000 -2.646000  0.529000
     0.000000 -2.381000  0.529000
     0.000000 -2.117000  0.529000
     0.000000 -1.852000  0.529000
     0.000000 -1.588000  0.529000
     0.000000 -1.323000  0.529000
     0.000000 -1.058000  0.529000
     0.000000 -0.794000  0.529000
     0.000000 -0.529000  0.529000
     0.000000 -0.265000  0.529000
     0.000000  0.000000  0.529000
     0.000000  0.265000  0.529000
     0.000000  0.529000  0.529000
     0.000000  0.794000  0.529000
     0.000000  1.058000  0.529000
     0.000000  1.323000  0.529000
     0.000000  1.588000  0.529000
     0.000000  1.852000  0.529000
     0.000000  2.117000  0.529000
     0.000000  2.381000  0.529000
     0.000000  2.646000  0.529000
     0.000000  2.910000  0.529000
     0.000000  3.175000  0.529000
     0.000000  3.440000  0.529000
     0.000000  3.704000  0.529000
     0.000000  3.969000  0.529000
     0.000000  4.233000  0.529000
     0.000000  4.498000  0.529000
     0.000000  4.763000  0.529000
     0.000000  5.027000  0.529000
     0.000000  5.292000  0.529000
     0.000000  5.556000  0.529000
     0.000000  5.821000  0.529000
     0.000000  6.086000  0.529000
     0.000000  6.350000  0.529000
     0.000000  6.615000  0.529000
     0.000000  6.879000  0.529000
     0.000000  7.144000  0.529000
     0.000000  7.408000  0.529000
     0.000000  7.673000  0.529000
     0.000000  7.938000  0.529000
     0.000000  8.202000  0.529000
     0.000000  8.467000  0.529000
     0.000000  8.731000  0.529000
     0.000000  8.996000  0.529000
     0.000000  9.261000  0.529000
     0.000000  9.525000  0.529000
     0.000000  9.790000  0.529000
     0.000000  10.054000  0.529000
     0.000000  10.319000  0.529000
     0.000000  10.584000  0.529000
     0.265000 -10.584000  0.529000
     0.265000 -10.319000  0.529000
     0.265000 -10.054000  0.529000
     0.265000 -9.790000  0.529000
     0.265000 -9.525000  0.529000
     0.265000 -9.261000  0.529000
     0.265000 -8.996000  0.529000
     0.265000 -8.731000  0.529000
     0.265000 -8.467000  0.529000
     0.265000 -8.202000  0.529000
     0.265000 -7.938000  0.529000
     0.265000 -7.673000  0.529000
     0.265000 -7.408000  0.529000
     0.265000 -7.144000  0.529000
     0.265000 -6.879000  0.529000
     0.265000 -6.615000  0.529000
     0.265000 -6.350000  0.529000
     0.265000 -6.086000  0.529000
     0.265000 -5.821000  0.529000
     0.265000 -5.556000  0.529000
     0.265000 -5.292000  0.529000
     0.265000 -5.027000  0.529000
     0.265000 -4.763000  0.529000
     0.265000 -4.498000  0.529000
     0.265000 -4.233000  0.529000
     0.265000 -3.969000  0.529000
     0.265000 -3.704000  0.529000
     0.265000 -3.440000  0.529000
     0.265000 -3.175000  0.529000
     0.265000 -2.910000  0.529000
     0.265000 -2.646000  0.529000
     0.265000 -2.381000  0.529000
     0.265000 -2.117000  0.529000
     0.265000 -1.852000  0.529000
     0.265000 -1.588000  0.529000
     0.265000 -1.323000  0.529000
     0.265000 -1.058000  0.529000
     0.265000 -0.794000  0.529000
     0.265000 -0.529000  0.529000
     0.265000 -0.265000  0.529000
     0.265000  0.000000  0.529000
     0.265000  0.265000  0.529000
     0.265000  0.529000  0.529000
     0.265000  0.794000  0.529000
     0.265000  1.058000  0.529000
     0.265000  1.323000  0.529000
     0.265000  1.588000  0.529000
     0.265000  1.852000  0.529000
     0.265000  2.117000  0.529000
     0.265000  2.381000  0.529000
     0.265000  2.646000  0.529000
     0.265000  2.910000  0.529000
     0.265000  3.175000  0.529000
     0.265000  3.440000  0.529000
     0.265000  3.704000  0.529000
     0.265000  3.969000  0.529000
     0.265000  4.233000  0.529000
     0.265000  4.498000  0.529000
     0.265000  4.763000  0.529000
     0.265000  5.027000  0.529000
     0.265000  5.292000  0.529000
     0.265000  5.556000  0.529000
     0.265000  5.821000  0.529000
     0.265000  6.086000  0.529000
     0.265000  6.350000  0.529000
     0.265000  6.615000  0.529000
     0.265000  6.879000  0.529000
     0.265000  7.144000  0.529000
     0.265000  7.408000  0.529000
     0.265000  7.673000  0.529000
     0.265000  7.938000  0.529000
     0.265000  8.202000  0.529000
     0.265000  8.467000  0.529000
     0.265000  8.731000  0.529000
     0.265000  8.996000  0.529000
     0.265000  9.261000  0.529000
     0.265000  9.525000  0.529000
     0.265000  9.790000  0.529000
     0.265000  10.054000  0.529000
     0.265000  10.319000  0.529000
     0.265000  10.584000  0.529000
     0.529000 -10.584000  0.529000
     0.529000 -10.319000  0.529000
     0.529000 -10.054000  0.529000
     0.529000 -9.790000  0.529000
     0.529000 -9.525000  0.529000
     0.529000 -9.261000  0.529000
     0.529000 -8.996000  0.529000
     0.529000 -8.731000  0.529000
     0.529000 -8.467000  0.529000
     0.529000 -8.202000  0.529000
     0.529000 -7.938000  0.529000
     0.529000 -7.673000  0.529000
     0.529000 -7.408000  0.529000
     0.529000 -7.144000  0.529000
     0.529000 -6.879000  0.529000
     0.529000 -6.615000  0.529000
     0.529000 -6.350000  0.529000
     0.529000 -6.086000  0.529000
     0.529000 -5.821000  0.529000
     0.529000 -5.556000  0.529000
     0.529000 -5.292000  0.529000
     0.529000 -5.027000  0.529000
     0.529000 -4.763000  0.529000
     0.529000 -4.498000  0.529000
     0.529000 -4.233000  0.529000
     0.529000 -3.969000  0.529000
     0.529000 -3.704000  0.529000
     0.529000 -3.440000  0.529000
     0.529000 -3.175000  0.529000
     0.529000 -2.910000  0.529000
     0.529000 -2.646000  0.529000
     0.529000 -2.381000  0.529000
     0.529000 -2.117000  0.529000
     0.529000 -1.852000  0.529000
     0.529000 -1.588000  0.529000
     0.529000 -1.323000  0.529000
     0.529000 -1.058000  0.529000
     0.529000 -0.794000  0.529000
     0.529000 -0.529000  0.529000
     0.529000 -0.265000  0.529000
     0.529000  0.000000  0.529000
     0.529000  0.265000  0.529000
     0.529000  0.529000  0.529000
     0.529000  0.794000  0.529000
     0.529000  1.058000  0.529000
     0.529000  1.323000  0.529000
     0.529000  1.588000  0.529000
     0.529000  1.852000  0.529000
     0.529000  2.117000  0.529000
     0.529000  2.381000  0.529000
     0.529000  2.646000  0.529000
     0.529000  2.910000  0.529000
     0.529000  3.175000  0.529000
     0.529000  3.440000  0.529000
     0.529000  3.704000  0.529000
     0.529000  3.969000  0.529000
     0.529000  4.233000  0.529000
     0.529000  4.498000  0.529000
     0.529000  4.763000  0.529000
     0.529000  5.027000  0.529000
     0.529000  5.292000  0.529000
     0.529000  5.556000  0.529000
     0.529000  5.821000  0.529000
     0.529000  6.086000  0.529000
     0.529000  6.350000  0.529000
     0.529000  6.615000  0.529000
     0.529000  6.879000  0.529000
     0.529000  7.144000  0.529000
     0.529000  7.408000  0.529000
     0.529000  7.673000  0.529000
     0.529000  7.938000  0.529000
     0.529000  8.202000  0.529000
     0.529000  8.467000  0.529000
     0.529000  8.731000  0.529000
     0.529000  8.996000  0.529000
     0.529000  9.261000  0.529000
     0.529000  9.525000  0.529000
     0.529000  9.790000  0.529000
     0.529000  10.054000  0.529000
     0.529000  10.319000  0.529000
     0.529000  10.584000  0.529000
     0.794000 -10.584000  0.529000
     0.794000 -10.319000  0.529000
     0.794000 -10.054000  0.529000
     0.794000 -9.790000  0.529000
     0.794000 -9.525000  0.529000
     0.794000 -9.261000  0.529000
     0.794000 -8.996000  0.529000
     0.794000 -8.731000  0.529000
     0.794000 -8.467000  0.529000
     0.794000 -8.202000  0.529000
     0.794000 -7.938000  0.529000
     0.794000 -7.673000  0.529000
     0.794000 -7.408000  0.529000
     0.794000 -7.144000  0.529000
     0.794000 -6.879000  0.529000
     0.794000 -6.615000  0.529000
     0.794000 -6.350000  0.529000
     0.794000 -6.086000  0.529000
     0.794000 -5.821000  0.529000
     0.794000 -5.556000  0.529000
     0.794000 -5.292000  0.529000
     0.794000 -5.027000  0.529000
     0.794000 -4.763000  0.529000
     0.794000 -4.498000  0.529000
     0.794000 -4.233000  0.529000
     0.794000 -3.969000  0.529000
     0.794000 -3.704000  0.529000
     0.794000 -3.440000  0.529000
     0.794000 -3.175000  0.529000
     0.794000 -2.910000  0.529000
     0.794000 -2.646000  0.529000
     0.794000 -2.381000  0.529000
     0.794000 -2.117000  0.529000
     0.794000 -1.852000  0.529000
     0.794000 -1.588000  0.529000
     0.794000 -1.323000  0.529000
     0.794000 -1.058000  0.529000
     0.794000 -0.794000  0.529000
     0.794000 -0.529000  0.529000
     0.794000 -0.265000  0.529000
     0.794000  0.000000  0.529000
     0.794000  0.265000  0.529000
     0.794000  0.529000  0.529000
     0.794000  0.794000  0.529000
     0.794000  1.058000  0.529000
     0.794000  1.323000  0.529000
     0.794000  1.588000  0.529000
     0.794000  1.852000  0.529000
     0.794000  2.117000  0.529000
     0.794000  2.381000  0.529000
     0.794000  2.646000  0.529000
     0.794000  2.910000  0.529000
     0.794000  3.175000  0.529000
     0.794000  3.440000  0.529000
     0.794000  3.704000  0.529000
     0.794000  3.969000  0.529000
     0.794000  4.233000  0.529000
     0.794000  4.498000  0.529000
     0.794000  4.763000  0.529000
     0.794000  5.027000  0.529000
     0.794000  5.292000  0.529000
     0.794000  5.556000  0.529000
     0.794000  5.821000  0.529000
     0.794000  6.086000  0.529000
     0.794000  6.350000  0.529000
     0.794000  6.615000  0.529000
     0.794000  6.879000  0.529000
     0.794000  7.144000  0.529000
     0.794000  7.408000  0.529000
     0.794000  7.673000  0.529000
     0.794000  7.938000  0.529000
     0.794000  8.202000  0.529000
     0.794000  8.467000  0.529000
     0.794000  8.731000  0.529000
     0.794000  8.996000  0.529000
     0.794000  9.261000  0.529000
     0.794000  9.525000  0.529000
     0.794000  9.790000  0.529000
     0.794000  10.054000  0.529000
     0.794000  10.319000  0.529000
     0.794000  10.584000  0.529000
     1.058000 -10.584000  0.529000
     1.058000 -10.319000  0.529000
     1.058000 -10.054000  0.529000
     1.058000 -9.790000  0.529000
     1.058000 -9.525000  0.529000
     1.058000 -9.261000  0.529000
     1.058000 -8.996000  0.529000
     1.058000 -8.731000  0.529000
     1.058000 -8.467000  0.529000
     1.058000 -8.202000  0.529000
     1.058000 -7.938000  0.529000
     1.058000 -7.673000  0.529000
     1.058000 -7.408000  0.529000
     1.058000 -7.144000  0.529000
     1.058000 -6.879000  0.529000
     1.058000 -6.615000  0.529000
     1.058000 -6.350000  0.529000
     1.058000 -6.086000  0.529000
     1.058000 -5.821000  0.529000
     1.058000 -5.556000  0.529000
     1.058000 -5.292000  0.529000
     1.058000 -5.027000  0.529000
     1.058000 -4.763000  0.529000
     1.058000 -4.498000  0.529000
     1.058000 -4.233000  0.529000
     1.058000 -3.969000  0.529000
     1.058000 -3.704000  0.529000
     1.058000 -3.440000  0.529000
     1.058000 -3.175000  0.529000
     1.058000 -2.910000  0.529000
     1.058000 -2.646000  0.529000
     1.058000 -2.381000  0.529000
     1.058000 -2.117000  0.529000
     1.058000 -1.852000  0.529000
     1.058000 -1.588000  0.529000
     1.058000 -1.323000  0.529000
     1.058000 -1.058000  0.529000
     1.058000 -0.794000  0.529000
     1.058000 -0.529000  0.529000
     1.058000 -0.265000  0.529000
     1.058000  0.000000  0.529000
     1.058000  0.265000  0.529000
     1.058000  0.529000  0.529000
     1.058000  0.794000  0.529000
     1.058000  1.058000  0.529000
     1.058000  1.323000  0.529000
     1.058000  1.588000  0.529000
     1.058000  1.852000  0.529000
     1.058000  2.117000  0.529000
     1.058000  2.381000  0.529000
     1.058000  2.646000  0.529000
     1.058000  2.910000  0.529000
     1.058000  3.175000  0.529000
     1.058000  3.440000  0.529000
     1.058000  3.704000  0.529000
     1.058000  3.969000  0.529000
     1.058000  4.233000  0.529000
     1.058000  4.498000  0.529000
     1.058000  4.763000  0.529000
     1.058000  5.027000  0.529000
     1.058000  5.292000  0.529000
     1.058000  5.556000  0.529000
     1.058000  5.821000  0.529000
     1.058000  6.086000  0.529000
     1.058000  6.350000  0.529000
     1.058000  6.615000  0.529000
     1.058000  6.879000  0.529000
     1.058000  7.144000  0.529000
     1.058000  7.408000  0.529000
     1.058000  7.673000  0.529000
     1.058000  7.938000  0.529000
     1.058000  8.202000  0.529000
     1.058000  8.467000  0.529000
     1.058000  8.731000  0.529000
     1.058000  8.996000  0.529000
     1.058000  9.261000  0.529000
     1.058000  9.525000  0.529000
     1.058000  9.790000  0.529000
     1.058000  10.054000  0.529000
     1.058000  10.319000  0.529000
     1.058000  10.584000  0.529000
     1.323000 -10.584000  0.529000
     1.323000 -10.319000  0.529000
     1.323000 -10.054000  0.529000
     1.323000 -9.790000  0.529000
     1.323000 -9.525000  0.529000
     1.323000 -9.261000  0.529000
     1.323000 -8.996000  0.529000
     1.323000 -8.731000  0.529000
     1.323000 -8.467000  0.529000
     1.323000 -8.202000  0.529000
     1.323000 -7.938000  0.529000
     1.323000 -7.673000  0.529000
     1.323000 -7.408000  0.529000
     1.323000 -7.144000  0.529000
     1.323000 -6.879000  0.529000
     1.323000 -6.615000  0.529000
     1.323000 -6.350000  0.529000
     1.323000 -6.086000  0.529000
     1.323000 -5.821000  0.529000
     1.323000 -5.556000  0.529000
     1.323000 -5.292000  0.529000
     1.323000 -5.027000  0.529000
     1.323000 -4.763000  0.529000
     1.323000 -4.498000  0.529000
     1.323000 -4.233000  0.529000
     1.323000 -3.969000  0.529000
     1.323000 -3.704000  0.529000
     1.323000 -3.440000  0.529000
     1.323000 -3.175000  0.529000
     1.323000 -2.910000  0.529000
     1.323000 -2.646000  0.529000
     1.323000 -2.381000  0.529000
     1.323000 -2.117000  0.529000
     1.323000 -1.852000  0.529000
     1.323000 -1.588000  0.529000
     1.323000 -1.323000  0.529000
     1.323000 -1.058000  0.529000
     1.323000 -0.794000  0.529000
     1.323000 -0.529000  0.529000
     1.323000 -0.265000  0.529000
     1.323000  0.000000  0.529000
     1.323000  0.265000  0.529000
     1.323000  0.529000  0.529000
     1.323000  0.794000  0.529000
     1.323000  1.058000  0.529000
     1.323000  1.323000  0.529000
     1.323000  1.588000  0.529000
     1.323000  1.852000  0.529000
     1.323000  2.117000  0.529000
     1.323000  2.381000  0.529000
     1.323000  2.646000  0.529000
     1.323000  2.910000  0.529000
     1.323000  3.175000  0.529000
     1.323000  3.440000  0.529000
     1.323000  3.704000  0.529000
     1.323000  3.969000  0.529000
     1.323000  4.233000  0.529000
     1.323000  4.498000  0.529000
     1.323000  4.763000  0.529000
     1.323000  5.027000  0.529000
     1.323000  5.292000  0.529000
     1.323000  5.556000  0.529000
     1.323000  5.821000  0.529000
     1.323000  6.086000  0.529000
     1.323000  6.350000  0.529000
     1.323000  6.615000  0.529000
     1.323000  6.879000  0.529000
     1.323000  7.144000  0.529000
     1.323000  7.408000  0.529000
     1.323000  7.673000  0.529000
     1.323000  7.938000  0.529000
     1.323000  8.202000  0.529000
     1.323000  8.467000  0.529000
     1.323000  8.731000  0.529000
     1.323000  8.996000  0.529000
     1.323000  9.261000  0.529000
     1.323000  9.525000  0.529000
     1.323000  9.790000  0.529000
     1.323000  10.054000  0.529000
     1.323000  10.319000  0.529000
     1.323000  10.584000  0.529000
     1.588000 -10.584000  0.529000
     1.588000 -10.319000  0.529000
     1.588000 -10.054000  0.529000
     1.588000 -9.790000  0.529000
     1.588000 -9.525000  0.529000
     1.588000 -9.261000  0.529000
     1.588000 -8.996000  0.529000
     1.588000 -8.731000  0.529000
     1.588000 -8.467000  0.529000
     1.588000 -8.202000  0.529000
     1.588000 -7.938000  0.529000
     1.588000 -7.673000  0.529000
     1.588000 -7.408000  0.529000
     1.588000 -7.144000  0.529000
     1.588000 -6.879000  0.529000
     1.588000 -6.615000  0.529000
     1.588000 -6.350000  0.529000
     1.588000 -6.086000  0.529000
     1.588000 -5.821000  0.529000
     1.588000 -5.556000  0.529000
     1.588000 -5.292000  0.529000
     1.588000 -5.027000  0.529000
     1.588000 -4.763000  0.529000
     1.588000 -4.498000  0.529000
     1.588000 -4.233000  0.529000
     1.588000 -3.969000  0.529000
     1.588000 -3.704000  0.529000
     1.588000 -3.440000  0.529000
     1.588000 -3.175000  0.529000
     1.588000 -2.910000  0.529000
     1.588000 -2.646000  0.529000
     1.588000 -2.381000  0.529000
     1.588000 -2.117000  0.529000
     1.588000 -1.852000  0.529000
     1.588000 -1.588000  0.529000
     1.588000 -1.323000  0.529000
     1.588000 -1.058000  0.529000
     1.588000 -0.794000  0.529000
     1.588000 -0.529000  0.529000
     1.588000 -0.265000  0.529000
     1.588000  0.000000  0.529000
     1.588000  0.265000  0.529000
     1.588000  0.529000  0.529000
     1.588000  0.794000  0.529000
     1.588000  1.058000  0.529000
     1.588000  1.323000  0.529000
     1.588000  1.588000  0.529000
     1.588000  1.852000  0.529000
     1.588000  2.117000  0.529000
     1.588000  2.381000  0.529000
     1.588000  2.646000  0.529000
     1.588000  2.910000  0.529000
     1.588000  3.175000  0.529000
     1.588000  3.440000  0.529000
     1.588000  3.704000  0.529000
     1.588000  3.969000  0.529000
     1.588000  4.233000  0.529000
     1.588000  4.498000  0.529000
     1.588000  4.763000  0.529000
     1.588000  5.027000  0.529000
     1.588000  5.292000  0.529000
     1.588000  5.556000  0.529000
     1.588000  5.821000  0.529000
     1.588000  6.086000  0.529000
     1.588000  6.350000  0.529000
     1.588000  6.615000  0.529000
     1.588000  6.879000  0.529000
     1.588000  7.144000  0.529000
     1.588000  7.408000  0.529000
     1.588000  7.673000  0.529000
     1.588000  7.938000  0.529000
     1.588000  8.202000  0.529000
     1.588000  8.467000  0.529000
     1.588000  8.731000  0.529000
     1.588000  8.996000  0.529000
     1.588000  9.261000  0.529000
     1.588000  9.525000  0.529000
     1.588000  9.790000  0.529000
     1.588000  10.054000  0.529000
     1.588000  10.319000  0.529000
     1.588000  10.584000  0.529000
     1.852000 -10.584000  0.529000
     1.852000 -10.319000  0.529000
     1.852000 -10.054000  0.529000
     1.852000 -9.790000  0.529000
     1.852000 -9.525000  0.529000
     1.852000 -9.261000  0.529000
     1.852000 -8.996000  0.529000
     1.852000 -8.731000  0.529000
     1.852000 -8.467000  0.529000
     1.852000 -8.202000  0.529000
     1.852000 -7.938000  0.529000
     1.852000 -7.673000  0.529000
     1.852000 -7.408000  0.529000
     1.852000 -7.144000  0.529000
     1.852000 -6.879000  0.529000
     1.852000 -6.615000  0.529000
     1.852000 -6.350000  0.529000
     1.852000 -6.086000  0.529000
     1.852000 -5.821000  0.529000
     1.852000 -5.556000  0.529000
     1.852000 -5.292000  0.529000
     1.852000 -5.027000  0.529000
     1.852000 -4.763000  0.529000
     1.852000 -4.498000  0.529000
     1.852000 -4.233000  0.529000
     1.852000 -3.969000  0.529000
     1.852000 -3.704000  0.529000
     1.852000 -3.440000  0.529000
     1.852000 -3.175000  0.529000
     1.852000 -2.910000  0.529000
     1.852000 -2.646000  0.529000
     1.852000 -2.381000  0.529000
     1.852000 -2.117000  0.529000
     1.852000 -1.852000  0.529000
     1.852000 -1.588000  0.529000
     1.852000 -1.323000  0.529000
     1.852000 -1.058000  0.529000
     1.852000 -0.794000  0.529000
     1.852000 -0.529000  0.529000
     1.852000 -0.265000  0.529000
     1.852000  0.000000  0.529000
     1.852000  0.265000  0.529000
     1.852000  0.529000  0.529000
     1.852000  0.794000  0.529000
     1.852000  1.058000  0.529000
     1.852000  1.323000  0.529000
     1.852000  1.588000  0.529000
     1.852000  1.852000  0.529000
     1.852000  2.117000  0.529000
     1.852000  2.381000  0.529000
     1.852000  2.646000  0.529000
     1.852000  2.910000  0.529000
     1.852000  3.175000  0.529000
     1.852000  3.440000  0.529000
     1.852000  3.704000  0.529000
     1.852000  3.969000  0.529000
     1.852000  4.233000  0.529000
     1.852000  4.498000  0.529000
     1.852000  4.763000  0.529000
     1.852000  5.027000  0.529000
     1.852000  5.292000  0.529000
     1.852000  5.556000  0.529000
     1.852000  5.821000  0.529000
     1.852000  6.086000  0.529000
     1.852000  6.350000  0.529000
     1.852000  6.615000  0.529000
     1.852000  6.879000  0.529000
     1.852000  7.144000  0.529000
     1.852000  7.408000  0.529000
     1.852000  7.673000  0.529000
     1.852000  7.938000  0.529000
     1.852000  8.202000  0.529000
     1.852000  8.467000  0.529000
     1.852000  8.731000  0.529000
     1.852000  8.996000  0.529000
     1.852000  9.261000  0.529000
     1.852000  9.525000  0.529000
     1.852000  9.790000  0.529000
     1.852000  10.054000  0.529000
     1.852000  10.319000  0.529000
     1.852000  10.584000  0.529000
     2.117000 -10.584000  0.529000
     2.117000 -10.319000  0.529000
     2.117000 -10.054000  0.529000
     2.117000 -9.790000  0.529000
     2.117000 -9.525000  0.529000
     2.117000 -9.261000  0.529000
     2.117000 -8.996000  0.529000
     2.117000 -8.731000  0.529000
     2.117000 -8.467000  0.529000
     2.117000 -8.202000  0.529000
     2.117000 -7.938000  0.529000
     2.117000 -7.673000  0.529000
     2.117000 -7.408000  0.529000
     2.117000 -7.144000  0.529000
     2.117000 -6.879000  0.529000
     2.117000 -6.615000  0.529000
     2.117000 -6.350000  0.529000
     2.117000 -6.086000  0.529000
     2.117000 -5.821000  0.529000
     2.117000 -5.556000  0.529000
     2.117000 -5.292000  0.529000
     2.117000 -5.027000  0.529000
     2.117000 -4.763000  0.529000
     2.117000 -4.498000  0.529000
     2.117000 -4.233000  0.529000
     2.117000 -3.969000  0.529000
     2.117000 -3.704000  0.529000
     2.117000 -3.440000  0.529000
     2.117000 -3.175000  0.529000
     2.117000 -2.910000  0.529000
     2.117000 -2.646000  0.529000
     2.117000 -2.381000  0.529000
     2.117000 -2.117000  0.529000
     2.117000 -1.852000  0.529000
     2.117000 -1.588000  0.529000
     2.117000 -1.323000  0.529000
     2.117000 -1.058000  0.529000
     2.117000 -0.794000  0.529000
     2.117000 -0.529000  0.529000
     2.117000 -0.265000  0.529000
     2.117000  0.000000  0.529000
     2.117000  0.265000  0.529000
     2.117000  0.529000  0.529000
     2.117000  0.794000  0.529000
     2.117000  1.058000  0.529000
     2.117000  1.323000  0.529000
     2.117000  1.588000  0.529000
     2.117000  1.852000  0.529000
     2.117000  2.117000  0.529000
     2.117000  2.381000  0.529000
     2.117000  2.646000  0.529000
     2.117000  2.910000  0.529000
     2.117000  3.175000  0.529000
     2.117000  3.440000  0.529000
     2.117000  3.704000  0.529000
     2.117000  3.969000  0.529000
     2.117000  4.233000  0.529000
     2.117000  4.498000  0.529000
     2.117000  4.763000  0.529000
     2.117000  5.027000  0.529000
     2.117000  5.292000  0.529000
     2.117000  5.556000  0.529000
     2.117000  5.821000  0.529000
     2.117000  6.086000  0.529000
     2.117000  6.350000  0.529000
     2.117000  6.615000  0.529000
     2.117000  6.879000  0.529000
     2.117000  7.144000  0.529000
     2.117000  7.408000  0.529000
     2.117000  7.673000  0.529000
     2.117000  7.938000  0.529000
     2.117000  8.202000  0.529000
     2.117000  8.467000  0.529000
     2.117000  8.731000  0.529000
     2.117000  8.996000  0.529000
     2.117000  9.261000  0.529000
     2.117000  9.525000  0.529000
     2.117000  9.790000  0.529000
     2.117000  10.054000  0.529000
     2.117000  10.319000  0.529000
     2.117000  10.584000  0.529000
     2.381000 -10.584000  0.529000
     2.381000 -10.319000  0.529000
     2.381000 -10.054000  0.529000
     2.381000 -9.790000  0.529000
     2.381000 -9.525000  0.529000
     2.381000 -9.261000  0.529000
     2.381000 -8.996000  0.529000
     2.381000 -8.731000  0.529000
     2.381000 -8.467000  0.529000
     2.381000 -8.202000  0.529000
     2.381000 -7.938000  0.529000
     2.381000 -7.673000  0.529000
     2.381000 -7.408000  0.529000
     2.381000 -7.144000  0.529000
     2.381000 -6.879000  0.529000
     2.381000 -6.615000  0.529000
     2.381000 -6.350000  0.529000
     2.381000 -6.086000  0.529000
     2.381000 -5.821000  0.529000
     2.381000 -5.556000  0.529000
     2.381000 -5.292000  0.529000
     2.381000 -5.027000  0.529000
     2.381000 -4.763000  0.529000
     2.381000 -4.498000  0.529000
     2.381000 -4.233000  0.529000
     2.381000 -3.969000  0.529000
     2.381000 -3.704000  0.529000
     2.381000 -3.440000  0.529000
     2.381000 -3.175000  0.529000
     2.381000 -2.910000  0.529000
     2.381000 -2.646000  0.529000
     2.381000 -2.381000  0.529000
     2.381000 -2.117000  0.529000
     2.381000 -1.852000  0.529000
     2.381000 -1.588000  0.529000
     2.381000 -1.323000  0.529000
     2.381000 -1.058000  0.529000
     2.381000 -0.794000  0.529000
     2.381000 -0.529000  0.529000
     2.381000 -0.265000  0.529000
     2.381000  0.000000  0.529000
     2.381000  0.265000  0.529000
     2.381000  0.529000  0.529000
     2.381000  0.794000  0.529000
     2.381000  1.058000  0.529000
     2.381000  1.323000  0.529000
     2.381000  1.588000  0.529000
     2.381000  1.852000  0.529000
     2.381000  2.117000  0.529000
     2.381000  2.381000  0.529000
     2.381000  2.646000  0.529000
     2.381000  2.910000  0.529000
     2.381000  3.175000  0.529000
     2.381000  3.440000  0.529000
     2.381000  3.704000  0.529000
     2.381000  3.969000  0.529000
     2.381000  4.233000  0.529000
     2.381000  4.498000  0.529000
     2.381000  4.763000  0.529000
     2.381000  5.027000  0.529000
     2.381000  5.292000  0.529000
     2.381000  5.556000  0.529000
     2.381000  5.821000  0.529000
     2.381000  6.086000  0.529000
     2.381000  6.350000  0.529000
     2.381000  6.615000  0.529000
     2.381000  6.879000  0.529000
     2.381000  7.144000  0.529000
     2.381000  7.408000  0.529000
     2.381000  7.673000  0.529000
     2.381000  7.938000  0.529000
     2.381000  8.202000  0.529000
     2.381000  8.467000  0.529000
     2.381000  8.731000  0.529000
     2.381000  8.996000  0.529000
     2.381000  9.261000  0.529000
     2.381000  9.525000  0.529000
     2.381000  9.790000  0.529000
     2.381000  10.054000  0.529000
     2.381000  10.319000  0.529000
     2.381000  10.584000  0.529000
     2.646000 -10.584000  0.529000
     2.646000 -10.319000  0.529000
     2.646000 -10.054000  0.529000
     2.646000 -9.790000  0.529000
     2.646000 -9.525000  0.529000
     2.646000 -9.261000  0.529000
     2.646000 -8.996000  0.529000
     2.646000 -8.731000  0.529000
     2.646000 -8.467000  0.529000
     2.646000 -8.202000  0.529000
     2.646000 -7.938000  0.529000
     2.646000 -7.673000  0.529000
     2.646000 -7.408000  0.529000
     2.646000 -7.144000  0.529000
     2.646000 -6.879000  0.529000
     2.646000 -6.615000  0.529000
     2.646000 -6.350000  0.529000
     2.646000 -6.086000  0.529000
     2.646000 -5.821000  0.529000
     2.646000 -5.556000  0.529000
     2.646000 -5.292000  0.529000
     2.646000 -5.027000  0.529000
     2.646000 -4.763000  0.529000
     2.646000 -4.498000  0.529000
     2.646000 -4.233000  0.529000
     2.646000 -3.969000  0.529000
     2.646000 -3.704000  0.529000
     2.646000 -3.440000  0.529000
     2.646000 -3.175000  0.529000
     2.646000 -2.910000  0.529000
     2.646000 -2.646000  0.529000
     2.646000 -2.381000  0.529000
     2.646000 -2.117000  0.529000
     2.646000 -1.852000  0.529000
     2.646000 -1.588000  0.529000
     2.646000 -1.323000  0.529000
     2.646000 -1.058000  0.529000
     2.646000 -0.794000  0.529000
     2.646000 -0.529000  0.529000
     2.646000 -0.265000  0.529000
     2.646000  0.000000  0.529000
     2.646000  0.265000  0.529000
     2.646000  0.529000  0.529000
     2.646000  0.794000  0.529000
     2.646000  1.058000  0.529000
     2.646000  1.323000  0.529000
     2.646000  1.588000  0.529000
     2.646000  1.852000  0.529000
     2.646000  2.117000  0.529000
     2.646000  2.381000  0.529000
     2.646000  2.646000  0.529000
     2.646000  2.910000  0.529000
     2.646000  3.175000  0.529000
     2.646000  3.440000  0.529000
     2.646000  3.704000  0.529000
     2.646000  3.969000  0.529000
     2.646000  4.233000  0.529000
     2.646000  4.498000  0.529000
     2.646000  4.763000  0.529000
     2.646000  5.027000  0.529000
     2.646000  5.292000  0.529000
     2.646000  5.556000  0.529000
     2.646000  5.821000  0.529000
     2.646000  6.086000  0.529000
     2.646000  6.350000  0.529000
     2.646000  6.615000  0.529000
     2.646000  6.879000  0.529000
     2.646000  7.144000  0.529000
     2.646000  7.408000  0.529000
     2.646000  7.673000  0.529000
     2.646000  7.938000  0.529000
     2.646000  8.202000  0.529000
     2.646000  8.467000  0.529000
     2.646000  8.731000  0.529000
     2.646000  8.996000  0.529000
     2.646000  9.261000  0.529000
     2.646000  9.525000  0.529000
     2.646000  9.790000  0.529000
     2.646000  10.054000  0.529000
     2.646000  10.319000  0.529000
     2.646000  10.584000  0.529000
     2.910000 -10.584000  0.529000
     2.910000 -10.319000  0.529000
     2.910000 -10.054000  0.529000
     2.910000 -9.790000  0.529000
     2.910000 -9.525000  0.529000
     2.910000 -9.261000  0.529000
     2.910000 -8.996000  0.529000
     2.910000 -8.731000  0.529000
     2.910000 -8.467000  0.529000
     2.910000 -8.202000  0.529000
     2.910000 -7.938000  0.529000
     2.910000 -7.673000  0.529000
     2.910000 -7.408000  0.529000
     2.910000 -7.144000  0.529000
     2.910000 -6.879000  0.529000
     2.910000 -6.615000  0.529000
     2.910000 -6.350000  0.529000
     2.910000 -6.086000  0.529000
     2.910000 -5.821000  0.529000
     2.910000 -5.556000  0.529000
     2.910000 -5.292000  0.529000
     2.910000 -5.027000  0.529000
     2.910000 -4.763000  0.529000
     2.910000 -4.498000  0.529000
     2.910000 -4.233000  0.529000
     2.910000 -3.969000  0.529000
     2.910000 -3.704000  0.529000
     2.910000 -3.440000  0.529000
     2.910000 -3.175000  0.529000
     2.910000 -2.910000  0.529000
     2.910000 -2.646000  0.529000
     2.910000 -2.381000  0.529000
     2.910000 -2.117000  0.529000
     2.910000 -1.852000  0.529000
     2.910000 -1.588000  0.529000
     2.910000 -1.323000  0.529000
     2.910000 -1.058000  0.529000
     2.910000 -0.794000  0.529000
     2.910000 -0.529000  0.529000
     2.910000 -0.265000  0.529000
     2.910000  0.000000  0.529000
     2.910000  0.265000  0.529000
     2.910000  0.529000  0.529000
     2.910000  0.794000  0.529000
     2.910000  1.058000  0.529000
     2.910000  1.323000  0.529000
     2.910000  1.588000  0.529000
     2.910000  1.852000  0.529000
     2.910000  2.117000  0.529000
     2.910000  2.381000  0.529000
     2.910000  2.646000  0.529000
     2.910000  2.910000  0.529000
     2.910000  3.175000  0.529000
     2.910000  3.440000  0.529000
     2.910000  3.704000  0.529000
     2.910000  3.969000  0.529000
     2.910000  4.233000  0.529000
     2.910000  4.498000  0.529000
     2.910000  4.763000  0.529000
     2.910000  5.027000  0.529000
     2.910000  5.292000  0.529000
     2.910000  5.556000  0.529000
     2.910000  5.821000  0.529000
     2.910000  6.086000  0.529000
     2.910000  6.350000  0.529000
     2.910000  6.615000  0.529000
     2.910000  6.879000  0.529000
     2.910000  7.144000  0.529000
     2.910000  7.408000  0.529000
     2.910000  7.673000  0.529000
     2.910000  7.938000  0.529000
     2.910000  8.202000  0.529000
     2.910000  8.467000  0.529000
     2.910000  8.731000  0.529000
     2.910000  8.996000  0.529000
     2.910000  9.261000  0.529000
     2.910000  9.525000  0.529000
     2.910000  9.790000  0.529000
     2.910000  10.054000  0.529000
     2.910000  10.319000  0.529000
     2.910000  10.584000  0.529000
     3.175000 -10.584000  0.529000
     3.175000 -10.319000  0.529000
     3.175000 -10.054000  0.529000
     3.175000 -9.790000  0.529000
     3.175000 -9.525000  0.529000
     3.175000 -9.261000  0.529000
     3.175000 -8.996000  0.529000
     3.175000 -8.731000  0.529000
     3.175000 -8.467000  0.529000
     3.175000 -8.202000  0.529000
     3.175000 -7.938000  0.529000
     3.175000 -7.673000  0.529000
     3.175000 -7.408000  0.529000
     3.175000 -7.144000  0.529000
     3.175000 -6.879000  0.529000
     3.175000 -6.615000  0.529000
     3.175000 -6.350000  0.529000
     3.175000 -6.086000  0.529000
     3.175000 -5.821000  0.529000
     3.175000 -5.556000  0.529000
     3.175000 -5.292000  0.529000
     3.175000 -5.027000  0.529000
     3.175000 -4.763000  0.529000
     3.175000 -4.498000  0.529000
     3.175000 -4.233000  0.529000
     3.175000 -3.969000  0.529000
     3.175000 -3.704000  0.529000
     3.175000 -3.440000  0.529000
     3.175000 -3.175000  0.529000
     3.175000 -2.910000  0.529000
     3.175000 -2.646000  0.529000
     3.175000 -2.381000  0.529000
     3.175000 -2.117000  0.529000
     3.175000 -1.852000  0.529000
     3.175000 -1.588000  0.529000
     3.175000 -1.323000  0.529000
     3.175000 -1.058000  0.529000
     3.175000 -0.794000  0.529000
     3.175000 -0.529000  0.529000
     3.175000 -0.265000  0.529000
     3.175000  0.000000  0.529000
     3.175000  0.265000  0.529000
     3.175000  0.529000  0.529000
     3.175000  0.794000  0.529000
     3.175000  1.058000  0.529000
     3.175000  1.323000  0.529000
     3.175000  1.588000  0.529000
     3.175000  1.852000  0.529000
     3.175000  2.117000  0.529000
     3.175000  2.381000  0.529000
     3.175000  2.646000  0.529000
     3.175000  2.910000  0.529000
     3.175000  3.175000  0.529000
     3.175000  3.440000  0.529000
     3.175000  3.704000  0.529000
     3.175000  3.969000  0.529000
     3.175000  4.233000  0.529000
     3.175000  4.498000  0.529000
     3.175000  4.763000  0.529000
     3.175000  5.027000  0.529000
     3.175000  5.292000  0.529000
     3.175000  5.556000  0.529000
     3.175000  5.821000  0.529000
     3.175000  6.086000  0.529000
     3.175000  6.350000  0.529000
     3.175000  6.615000  0.529000
     3.175000  6.879000  0.529000
     3.175000  7.144000  0.529000
     3.175000  7.408000  0.529000
     3.175000  7.673000  0.529000
     3.175000  7.938000  0.529000
     3.175000  8.202000  0.529000
     3.175000  8.467000  0.529000
     3.175000  8.731000  0.529000
     3.175000  8.996000  0.529000
     3.175000  9.261000  0.529000
     3.175000  9.525000  0.529000
     3.175000  9.790000  0.529000
     3.175000  10.054000  0.529000
     3.175000  10.319000  0.529000
     3.175000  10.584000  0.529000
     3.440000 -10.584000  0.529000
     3.440000 -10.319000  0.529000
     3.440000 -10.054000  0.529000
     3.440000 -9.790000  0.529000
     3.440000 -9.525000  0.529000
     3.440000 -9.261000  0.529000
     3.440000 -8.996000  0.529000
     3.440000 -8.731000  0.529000
     3.440000 -8.467000  0.529000
     3.440000 -8.202000  0.529000
     3.440000 -7.938000  0.529000
     3.440000 -7.673000  0.529000
     3.440000 -7.408000  0.529000
     3.440000 -7.144000  0.529000
     3.440000 -6.879000  0.529000
     3.440000 -6.615000  0.529000
     3.440000 -6.350000  0.529000
     3.440000 -6.086000  0.529000
     3.440000 -5.821000  0.529000
     3.440000 -5.556000  0.529000
     3.440000 -5.292000  0.529000
     3.440000 -5.027000  0.529000
     3.440000 -4.763000  0.529000
     3.440000 -4.498000  0.529000
     3.440000 -4.233000  0.529000
     3.440000 -3.969000  0.529000
     3.440000 -3.704000  0.529000
     3.440000 -3.440000  0.529000
     3.440000 -3.175000  0.529000
     3.440000 -2.910000  0.529000
     3.440000 -2.646000  0.529000
     3.440000 -2.381000  0.529000
     3.440000 -2.117000  0.529000
     3.440000 -1.852000  0.529000
     3.440000 -1.588000  0.529000
     3.440000 -1.323000  0.529000
     3.440000 -1.058000  0.529000
     3.440000 -0.794000  0.529000
     3.440000 -0.529000  0.529000
     3.440000 -0.265000  0.529000
     3.440000  0.000000  0.529000
     3.440000  0.265000  0.529000
     3.440000  0.529000  0.529000
     3.440000  0.794000  0.529000
     3.440000  1.058000  0.529000
     3.440000  1.323000  0.529000
     3.440000  1.588000  0.529000
     3.440000  1.852000  0.529000
     3.440000  2.117000  0.529000
     3.440000  2.381000  0.529000
     3.440000  2.646000  0.529000
     3.440000  2.910000  0.529000
     3.440000  3.175000  0.529000
     3.440000  3.440000  0.529000
     3.440000  3.704000  0.529000
     3.440000  3.969000  0.529000
     3.440000  4.233000  0.529000
     3.440000  4.498000  0.529000
     3.440000  4.763000  0.529000
     3.440000  5.027000  0.529000
     3.440000  5.292000  0.529000
     3.440000  5.556000  0.529000
     3.440000  5.821000  0.529000
     3.440000  6.086000  0.529000
     3.440000  6.350000  0.529000
     3.440000  6.615000  0.529000
     3.440000  6.879000  0.529000
     3.440000  7.144000  0.529000
     3.440000  7.408000  0.529000
     3.440000  7.673000  0.529000
     3.440000  7.938000  0.529000
     3.440000  8.202000  0.529000
     3.440000  8.467000  0.529000
     3.440000  8.731000  0.529000
     3.440000  8.996000  0.529000
     3.440000  9.261000  0.529000
     3.440000  9.525000  0.529000
     3.440000  9.790000  0.529000
     3.440000  10.054000  0.529000
     3.440000  10.319000  0.529000
     3.440000  10.584000  0.529000
     3.704000 -10.584000  0.529000
     3.704000 -10.319000  0.529000
     3.704000 -10.054000  0.529000
     3.704000 -9.790000  0.529000
     3.704000 -9.525000  0.529000
     3.704000 -9.261000  0.529000
     3.704000 -8.996000  0.529000
     3.704000 -8.731000  0.529000
     3.704000 -8.467000  0.529000
     3.704000 -8.202000  0.529000
     3.704000 -7.938000  0.529000
     3.704000 -7.673000  0.529000
     3.704000 -7.408000  0.529000
     3.704000 -7.144000  0.529000
     3.704000 -6.879000  0.529000
     3.704000 -6.615000  0.529000
     3.704000 -6.350000  0.529000
     3.704000 -6.086000  0.529000
     3.704000 -5.821000  0.529000
     3.704000 -5.556000  0.529000
     3.704000 -5.292000  0.529000
     3.704000 -5.027000  0.529000
     3.704000 -4.763000  0.529000
     3.704000 -4.498000  0.529000
     3.704000 -4.233000  0.529000
     3.704000 -3.969000  0.529000
     3.704000 -3.704000  0.529000
     3.704000 -3.440000  0.529000
     3.704000 -3.175000  0.529000
     3.704000 -2.910000  0.529000
     3.704000 -2.646000  0.529000
     3.704000 -2.381000  0.529000
     3.704000 -2.117000  0.529000
     3.704000 -1.852000  0.529000
     3.704000 -1.588000  0.529000
     3.704000 -1.323000  0.529000
     3.704000 -1.058000  0.529000
     3.704000 -0.794000  0.529000
     3.704000 -0.529000  0.529000
     3.704000 -0.265000  0.529000
     3.704000  0.000000  0.529000
     3.704000  0.265000  0.529000
     3.704000  0.529000  0.529000
     3.704000  0.794000  0.529000
     3.704000  1.058000  0.529000
     3.704000  1.323000  0.529000
     3.704000  1.588000  0.529000
     3.704000  1.852000  0.529000
     3.704000  2.117000  0.529000
     3.704000  2.381000  0.529000
     3.704000  2.646000  0.529000
     3.704000  2.910000  0.529000
     3.704000  3.175000  0.529000
     3.704000  3.440000  0.529000
     3.704000  3.704000  0.529000
     3.704000  3.969000  0.529000
     3.704000  4.233000  0.529000
     3.704000  4.498000  0.529000
     3.704000  4.763000  0.529000
     3.704000  5.027000  0.529000
     3.704000  5.292000  0.529000
     3.704000  5.556000  0.529000
     3.704000  5.821000  0.529000
     3.704000  6.086000  0.529000
     3.704000  6.350000  0.529000
     3.704000  6.615000  0.529000
     3.704000  6.879000  0.529000
     3.704000  7.144000  0.529000
     3.704000  7.408000  0.529000
     3.704000  7.673000  0.529000
     3.704000  7.938000  0.529000
     3.704000  8.202000  0.529000
     3.704000  8.467000  0.529000
     3.704000  8.731000  0.529000
     3.704000  8.996000  0.529000
     3.704000  9.261000  0.529000
     3.704000  9.525000  0.529000
     3.704000  9.790000  0.529000
     3.704000  10.054000  0.529000
     3.704000  10.319000  0.529000
     3.704000  10.584000  0.529000
     3.969000 -10.584000  0.529000
     3.969000 -10.319000  0.529000
     3.969000 -10.054000  0.529000
     3.969000 -9.790000  0.529000
     3.969000 -9.525000  0.529000
     3.969000 -9.261000  0.529000
     3.969000 -8.996000  0.529000
     3.969000 -8.731000  0.529000
     3.969000 -8.467000  0.529000
     3.969000 -8.202000  0.529000
     3.969000 -7.938000  0.529000
     3.969000 -7.673000  0.529000
     3.969000 -7.408000  0.529000
     3.969000 -7.144000  0.529000
     3.969000 -6.879000  0.529000
     3.969000 -6.615000  0.529000
     3.969000 -6.350000  0.529000
     3.969000 -6.086000  0.529000
     3.969000 -5.821000  0.529000
     3.969000 -5.556000  0.529000
     3.969000 -5.292000  0.529000
     3.969000 -5.027000  0.529000
     3.969000 -4.763000  0.529000
     3.969000 -4.498000  0.529000
     3.969000 -4.233000  0.529000
     3.969000 -3.969000  0.529000
     3.969000 -3.704000  0.529000
     3.969000 -3.440000  0.529000
     3.969000 -3.175000  0.529000
     3.969000 -2.910000  0.529000
     3.969000 -2.646000  0.529000
     3.969000 -2.381000  0.529000
     3.969000 -2.117000  0.529000
     3.969000 -1.852000  0.529000
     3.969000 -1.588000  0.529000
     3.969000 -1.323000  0.529000
     3.969000 -1.058000  0.529000
     3.969000 -0.794000  0.529000
     3.969000 -0.529000  0.529000
     3.969000 -0.265000  0.529000
     3.969000  0.000000  0.529000
     3.969000  0.265000  0.529000
     3.969000  0.529000  0.529000
     3.969000  0.794000  0.529000
     3.969000  1.058000  0.529000
     3.969000  1.323000  0.529000
     3.969000  1.588000  0.529000
     3.969000  1.852000  0.529000
     3.969000  2.117000  0.529000
     3.969000  2.381000  0.529000
     3.969000  2.646000  0.529000
     3.969000  2.910000  0.529000
     3.969000  3.175000  0.529000
     3.969000  3.440000  0.529000
     3.969000  3.704000  0.529000
     3.969000  3.969000  0.529000
     3.969000  4.233000  0.529000
     3.969000  4.498000  0.529000
     3.969000  4.763000  0.529000
     3.969000  5.027000  0.529000
     3.969000  5.292000  0.529000
     3.969000  5.556000  0.529000
     3.969000  5.821000  0.529000
     3.969000  6.086000  0.529000
     3.969000  6.350000  0.529000
     3.969000  6.615000  0.529000
     3.969000  6.879000  0.529000
     3.969000  7.144000  0.529000
     3.969000  7.408000  0.529000
     3.969000  7.673000  0.529000
     3.969000  7.938000  0.529000
     3.969000  8.202000  0.529000
     3.969000  8.467000  0.529000
     3.969000  8.731000  0.529000
     3.969000  8.996000  0.529000
     3.969000  9.261000  0.529000
     3.969000  9.525000  0.529000
     3.969000  9.790000  0.529000
     3.969000  10.054000  0.529000
     3.969000  10.319000  0.529000
     3.969000  10.584000  0.529000
     4.233000 -10.584000  0.529000
     4.233000 -10.319000  0.529000
     4.233000 -10.054000  0.529000
     4.233000 -9.790000  0.529000
     4.233000 -9.525000  0.529000
     4.233000 -9.261000  0.529000
     4.233000 -8.996000  0.529000
     4.233000 -8.731000  0.529000
     4.233000 -8.467000  0.529000
     4.233000 -8.202000  0.529000
     4.233000 -7.938000  0.529000
     4.233000 -7.673000  0.529000
     4.233000 -7.408000  0.529000
     4.233000 -7.144000  0.529000
     4.233000 -6.879000  0.529000
     4.233000 -6.615000  0.529000
     4.233000 -6.350000  0.529000
     4.233000 -6.086000  0.529000
     4.233000 -5.821000  0.529000
     4.233000 -5.556000  0.529000
     4.233000 -5.292000  0.529000
     4.233000 -5.027000  0.529000
     4.233000 -4.763000  0.529000
     4.233000 -4.498000  0.529000
     4.233000 -4.233000  0.529000
     4.233000 -3.969000  0.529000
     4.233000 -3.704000  0.529000
     4.233000 -3.440000  0.529000
     4.233000 -3.175000  0.529000
     4.233000 -2.910000  0.529000
     4.233000 -2.646000  0.529000
     4.233000 -2.381000  0.529000
     4.233000 -2.117000  0.529000
     4.233000 -1.852000  0.529000
     4.233000 -1.588000  0.529000
     4.233000 -1.323000  0.529000
     4.233000 -1.058000  0.529000
     4.233000 -0.794000  0.529000
     4.233000 -0.529000  0.529000
     4.233000 -0.265000  0.529000
     4.233000  0.000000  0.529000
     4.233000  0.265000  0.529000
     4.233000  0.529000  0.529000
     4.233000  0.794000  0.529000
     4.233000  1.058000  0.529000
     4.233000  1.323000  0.529000
     4.233000  1.588000  0.529000
     4.233000  1.852000  0.529000
     4.233000  2.117000  0.529000
     4.233000  2.381000  0.529000
     4.233000  2.646000  0.529000
     4.233000  2.910000  0.529000
     4.233000  3.175000  0.529000
     4.233000  3.440000  0.529000
     4.233000  3.704000  0.529000
     4.233000  3.969000  0.529000
     4.233000  4.233000  0.529000
     4.233000  4.498000  0.529000
     4.233000  4.763000  0.529000
     4.233000  5.027000  0.529000
     4.233000  5.292000  0.529000
     4.233000  5.556000  0.529000
     4.233000  5.821000  0.529000
     4.233000  6.086000  0.529000
     4.233000  6.350000  0.529000
     4.233000  6.615000  0.529000
     4.233000  6.879000  0.529000
     4.233000  7.144000  0.529000
     4.233000  7.408000  0.529000
     4.233000  7.673000  0.529000
     4.233000  7.938000  0.529000
     4.233000  8.202000  0.529000
     4.233000  8.467000  0.529000
     4.233000  8.731000  0.529000
     4.233000  8.996000  0.529000
     4.233000  9.261000  0.529000
     4.233000  9.525000  0.529000
     4.233000  9.790000  0.529000
     4.233000  10.054000  0.529000
     4.233000  10.319000  0.529000
     4.233000  10.584000  0.529000
     4.498000 -10.584000  0.529000
     4.498000 -10.319000  0.529000
     4.498000 -10.054000  0.529000
     4.498000 -9.790000  0.529000
     4.498000 -9.525000  0.529000
     4.498000 -9.261000  0.529000
     4.498000 -8.996000  0.529000
     4.498000 -8.731000  0.529000
     4.498000 -8.467000  0.529000
     4.498000 -8.202000  0.529000
     4.498000 -7.938000  0.529000
     4.498000 -7.673000  0.529000
     4.498000 -7.408000  0.529000
     4.498000 -7.144000  0.529000
     4.498000 -6.879000  0.529000
     4.498000 -6.615000  0.529000
     4.498000 -6.350000  0.529000
     4.498000 -6.086000  0.529000
     4.498000 -5.821000  0.529000
     4.498000 -5.556000  0.529000
     4.498000 -5.292000  0.529000
     4.498000 -5.027000  0.529000
     4.498000 -4.763000  0.529000
     4.498000 -4.498000  0.529000
     4.498000 -4.233000  0.529000
     4.498000 -3.969000  0.529000
     4.498000 -3.704000  0.529000
     4.498000 -3.440000  0.529000
     4.498000 -3.175000  0.529000
     4.498000 -2.910000  0.529000
     4.498000 -2.646000  0.529000
     4.498000 -2.381000  0.529000
     4.498000 -2.117000  0.529000
     4.498000 -1.852000  0.529000
     4.498000 -1.588000  0.529000
     4.498000 -1.323000  0.529000
     4.498000 -1.058000  0.529000
     4.498000 -0.794000  0.529000
     4.498000 -0.529000  0.529000
     4.498000 -0.265000  0.529000
     4.498000  0.000000  0.529000
     4.498000  0.265000  0.529000
     4.498000  0.529000  0.529000
     4.498000  0.794000  0.529000
     4.498000  1.058000  0.529000
     4.498000  1.323000  0.529000
     4.498000  1.588000  0.529000
     4.498000  1.852000  0.529000
     4.498000  2.117000  0.529000
     4.498000  2.381000  0.529000
     4.498000  2.646000  0.529000
     4.498000  2.910000  0.529000
     4.498000  3.175000  0.529000
     4.498000  3.440000  0.529000
     4.498000  3.704000  0.529000
     4.498000  3.969000  0.529000
     4.498000  4.233000  0.529000
     4.498000  4.498000  0.529000
     4.498000  4.763000  0.529000
     4.498000  5.027000  0.529000
     4.498000  5.292000  0.529000
     4.498000  5.556000  0.529000
     4.498000  5.821000  0.529000
     4.498000  6.086000  0.529000
     4.498000  6.350000  0.529000
     4.498000  6.615000  0.529000
     4.498000  6.879000  0.529000
     4.498000  7.144000  0.529000
     4.498000  7.408000  0.529000
     4.498000  7.673000  0.529000
     4.498000  7.938000  0.529000
     4.498000  8.202000  0.529000
     4.498000  8.467000  0.529000
     4.498000  8.731000  0.529000
     4.498000  8.996000  0.529000
     4.498000  9.261000  0.529000
     4.498000  9.525000  0.529000
     4.498000  9.790000  0.529000
     4.498000  10.054000  0.529000
     4.498000  10.319000  0.529000
     4.498000  10.584000  0.529000
     4.763000 -10.584000  0.529000
     4.763000 -10.319000  0.529000
     4.763000 -10.054000  0.529000
     4.763000 -9.790000  0.529000
     4.763000 -9.525000  0.529000
     4.763000 -9.261000  0.529000
     4.763000 -8.996000  0.529000
     4.763000 -8.731000  0.529000
     4.763000 -8.467000  0.529000
     4.763000 -8.202000  0.529000
     4.763000 -7.938000  0.529000
     4.763000 -7.673000  0.529000
     4.763000 -7.408000  0.529000
     4.763000 -7.144000  0.529000
     4.763000 -6.879000  0.529000
     4.763000 -6.615000  0.529000
     4.763000 -6.350000  0.529000
     4.763000 -6.086000  0.529000
     4.763000 -5.821000  0.529000
     4.763000 -5.556000  0.529000
     4.763000 -5.292000  0.529000
     4.763000 -5.027000  0.529000
     4.763000 -4.763000  0.529000
     4.763000 -4.498000  0.529000
     4.763000 -4.233000  0.529000
     4.763000 -3.969000  0.529000
     4.763000 -3.704000  0.529000
     4.763000 -3.440000  0.529000
     4.763000 -3.175000  0.529000
     4.763000 -2.910000  0.529000
     4.763000 -2.646000  0.529000
     4.763000 -2.381000  0.529000
     4.763000 -2.117000  0.529000
     4.763000 -1.852000  0.529000
     4.763000 -1.588000  0.529000
     4.763000 -1.323000  0.529000
     4.763000 -1.058000  0.529000
     4.763000 -0.794000  0.529000
     4.763000 -0.529000  0.529000
     4.763000 -0.265000  0.529000
     4.763000  0.000000  0.529000
     4.763000  0.265000  0.529000
     4.763000  0.529000  0.529000
     4.763000  0.794000  0.529000
     4.763000  1.058000  0.529000
     4.763000  1.323000  0.529000
     4.763000  1.588000  0.529000
     4.763000  1.852000  0.529000
     4.763000  2.117000  0.529000
     4.763000  2.381000  0.529000
     4.763000  2.646000  0.529000
     4.763000  2.910000  0.529000
     4.763000  3.175000  0.529000
     4.763000  3.440000  0.529000
     4.763000  3.704000  0.529000
     4.763000  3.969000  0.529000
     4.763000  4.233000  0.529000
     4.763000  4.498000  0.529000
     4.763000  4.763000  0.529000
     4.763000  5.027000  0.529000
     4.763000  5.292000  0.529000
     4.763000  5.556000  0.529000
     4.763000  5.821000  0.529000
     4.763000  6.086000  0.529000
     4.763000  6.350000  0.529000
     4.763000  6.615000  0.529000
     4.763000  6.879000  0.529000
     4.763000  7.144000  0.529000
     4.763000  7.408000  0.529000
     4.763000  7.673000  0.529000
     4.763000  7.938000  0.529000
     4.763000  8.202000  0.529000
     4.763000  8.467000  0.529000
     4.763000  8.731000  0.529000
     4.763000  8.996000  0.529000
     4.763000  9.261000  0.529000
     4.763000  9.525000  0.529000
     4.763000  9.790000  0.529000
     4.763000  10.054000  0.529000
     4.763000  10.319000  0.529000
     4.763000  10.584000  0.529000
     5.027000 -10.584000  0.529000
     5.027000 -10.319000  0.529000
     5.027000 -10.054000  0.529000
     5.027000 -9.790000  0.529000
     5.027000 -9.525000  0.529000
     5.027000 -9.261000  0.529000
     5.027000 -8.996000  0.529000
     5.027000 -8.731000  0.529000
     5.027000 -8.467000  0.529000
     5.027000 -8.202000  0.529000
     5.027000 -7.938000  0.529000
     5.027000 -7.673000  0.529000
     5.027000 -7.408000  0.529000
     5.027000 -7.144000  0.529000
     5.027000 -6.879000  0.529000
     5.027000 -6.615000  0.529000
     5.027000 -6.350000  0.529000
     5.027000 -6.086000  0.529000
     5.027000 -5.821000  0.529000
     5.027000 -5.556000  0.529000
     5.027000 -5.292000  0.529000
     5.027000 -5.027000  0.529000
     5.027000 -4.763000  0.529000
     5.027000 -4.498000  0.529000
     5.027000 -4.233000  0.529000
     5.027000 -3.969000  0.529000
     5.027000 -3.704000  0.529000
     5.027000 -3.440000  0.529000
     5.027000 -3.175000  0.529000
     5.027000 -2.910000  0.529000
     5.027000 -2.646000  0.529000
     5.027000 -2.381000  0.529000
     5.027000 -2.117000  0.529000
     5.027000 -1.852000  0.529000
     5.027000 -1.588000  0.529000
     5.027000 -1.323000  0.529000
     5.027000 -1.058000  0.529000
     5.027000 -0.794000  0.529000
     5.027000 -0.529000  0.529000
     5.027000 -0.265000  0.529000
     5.027000  0.000000  0.529000
     5.027000  0.265000  0.529000
     5.027000  0.529000  0.529000
     5.027000  0.794000  0.529000
     5.027000  1.058000  0.529000
     5.027000  1.323000  0.529000
     5.027000  1.588000  0.529000
     5.027000  1.852000  0.529000
     5.027000  2.117000  0.529000
     5.027000  2.381000  0.529000
     5.027000  2.646000  0.529000
     5.027000  2.910000  0.529000
     5.027000  3.175000  0.529000
     5.027000  3.440000  0.529000
     5.027000  3.704000  0.529000
     5.027000  3.969000  0.529000
     5.027000  4.233000  0.529000
     5.027000  4.498000  0.529000
     5.027000  4.763000  0.529000
     5.027000  5.027000  0.529000
     5.027000  5.292000  0.529000
     5.027000  5.556000  0.529000
     5.027000  5.821000  0.529000
     5.027000  6.086000  0.529000
     5.027000  6.350000  0.529000
     5.027000  6.615000  0.529000
     5.027000  6.879000  0.529000
     5.027000  7.144000  0.529000
     5.027000  7.408000  0.529000
     5.027000  7.673000  0.529000
     5.027000  7.938000  0.529000
     5.027000  8.202000  0.529000
     5.027000  8.467000  0.529000
     5.027000  8.731000  0.529000
     5.027000  8.996000  0.529000
     5.027000  9.261000  0.529000
     5.027000  9.525000  0.529000
     5.027000  9.790000  0.529000
     5.027000  10.054000  0.529000
     5.027000  10.319000  0.529000
     5.027000  10.584000  0.529000
     5.292000 -10.584000  0.529000
     5.292000 -10.319000  0.529000
     5.292000 -10.054000  0.529000
     5.292000 -9.790000  0.529000
     5.292000 -9.525000  0.529000
     5.292000 -9.261000  0.529000
     5.292000 -8.996000  0.529000
     5.292000 -8.731000  0.529000
     5.292000 -8.467000  0.529000
     5.292000 -8.202000  0.529000
     5.292000 -7.938000  0.529000
     5.292000 -7.673000  0.529000
     5.292000 -7.408000  0.529000
     5.292000 -7.144000  0.529000
     5.292000 -6.879000  0.529000
     5.292000 -6.615000  0.529000
     5.292000 -6.350000  0.529000
     5.292000 -6.086000  0.529000
     5.292000 -5.821000  0.529000
     5.292000 -5.556000  0.529000
     5.292000 -5.292000  0.529000
     5.292000 -5.027000  0.529000
     5.292000 -4.763000  0.529000
     5.292000 -4.498000  0.529000
     5.292000 -4.233000  0.529000
     5.292000 -3.969000  0.529000
     5.292000 -3.704000  0.529000
     5.292000 -3.440000  0.529000
     5.292000 -3.175000  0.529000
     5.292000 -2.910000  0.529000
     5.292000 -2.646000  0.529000
     5.292000 -2.381000  0.529000
     5.292000 -2.117000  0.529000
     5.292000 -1.852000  0.529000
     5.292000 -1.588000  0.529000
     5.292000 -1.323000  0.529000
     5.292000 -1.058000  0.529000
     5.292000 -0.794000  0.529000
     5.292000 -0.529000  0.529000
     5.292000 -0.265000  0.529000
     5.292000  0.000000  0.529000
     5.292000  0.265000  0.529000
     5.292000  0.529000  0.529000
     5.292000  0.794000  0.529000
     5.292000  1.058000  0.529000
     5.292000  1.323000  0.529000
     5.292000  1.588000  0.529000
     5.292000  1.852000  0.529000
     5.292000  2.117000  0.529000
     5.292000  2.381000  0.529000
     5.292000  2.646000  0.529000
     5.292000  2.910000  0.529000
     5.292000  3.175000  0.529000
     5.292000  3.440000  0.529000
     5.292000  3.704000  0.529000
     5.292000  3.969000  0.529000
     5.292000  4.233000  0.529000
     5.292000  4.498000  0.529000
     5.292000  4.763000  0.529000
     5.292000  5.027000  0.529000
     5.292000  5.292000  0.529000
     5.292000  5.556000  0.529000
     5.292000  5.821000  0.529000
     5.292000  6.086000  0.529000
     5.292000  6.350000  0.529000
     5.292000  6.615000  0.529000
     5.292000  6.879000  0.529000
     5.292000  7.144000  0.529000
     5.292000  7.408000  0.529000
     5.292000  7.673000  0.529000
     5.292000  7.938000  0.529000
     5.292000  8.202000  0.529000
     5.292000  8.467000  0.529000
     5.292000  8.731000  0.529000
     5.292000  8.996000  0.529000
     5.292000  9.261000  0.529000
     5.292000  9.525000  0.529000
     5.292000  9.790000  0.529000
     5.292000  10.054000  0.529000
     5.292000  10.319000  0.529000
     5.292000  10.584000  0.529000
     5.556000 -10.584000  0.529000
     5.556000 -10.319000  0.529000
     5.556000 -10.054000  0.529000
     5.556000 -9.790000  0.529000
     5.556000 -9.525000  0.529000
     5.556000 -9.261000  0.529000
     5.556000 -8.996000  0.529000
     5.556000 -8.731000  0.529000
     5.556000 -8.467000  0.529000
     5.556000 -8.202000  0.529000
     5.556000 -7.938000  0.529000
     5.556000 -7.673000  0.529000
     5.556000 -7.408000  0.529000
     5.556000 -7.144000  0.529000
     5.556000 -6.879000  0.529000
     5.556000 -6.615000  0.529000
     5.556000 -6.350000  0.529000
     5.556000 -6.086000  0.529000
     5.556000 -5.821000  0.529000
     5.556000 -5.556000  0.529000
     5.556000 -5.292000  0.529000
     5.556000 -5.027000  0.529000
     5.556000 -4.763000  0.529000
     5.556000 -4.498000  0.529000
     5.556000 -4.233000  0.529000
     5.556000 -3.969000  0.529000
     5.556000 -3.704000  0.529000
     5.556000 -3.440000  0.529000
     5.556000 -3.175000  0.529000
     5.556000 -2.910000  0.529000
     5.556000 -2.646000  0.529000
     5.556000 -2.381000  0.529000
     5.556000 -2.117000  0.529000
     5.556000 -1.852000  0.529000
     5.556000 -1.588000  0.529000
     5.556000 -1.323000  0.529000
     5.556000 -1.058000  0.529000
     5.556000 -0.794000  0.529000
     5.556000 -0.529000  0.529000
     5.556000 -0.265000  0.529000
     5.556000  0.000000  0.529000
     5.556000  0.265000  0.529000
     5.556000  0.529000  0.529000
     5.556000  0.794000  0.529000
     5.556000  1.058000  0.529000
     5.556000  1.323000  0.529000
     5.556000  1.588000  0.529000
     5.556000  1.852000  0.529000
     5.556000  2.117000  0.529000
     5.556000  2.381000  0.529000
     5.556000  2.646000  0.529000
     5.556000  2.910000  0.529000
     5.556000  3.175000  0.529000
     5.556000  3.440000  0.529000
     5.556000  3.704000  0.529000
     5.556000  3.969000  0.529000
     5.556000  4.233000  0.529000
     5.556000  4.498000  0.529000
     5.556000  4.763000  0.529000
     5.556000  5.027000  0.529000
     5.556000  5.292000  0.529000
     5.556000  5.556000  0.529000
     5.556000  5.821000  0.529000
     5.556000  6.086000  0.529000
     5.556000  6.350000  0.529000
     5.556000  6.615000  0.529000
     5.556000  6.879000  0.529000
     5.556000  7.144000  0.529000
     5.556000  7.408000  0.529000
     5.556000  7.673000  0.529000
     5.556000  7.938000  0.529000
     5.556000  8.202000  0.529000
     5.556000  8.467000  0.529000
     5.556000  8.731000  0.529000
     5.556000  8.996000  0.529000
     5.556000  9.261000  0.529000
     5.556000  9.525000  0.529000
     5.556000  9.790000  0.529000
     5.556000  10.054000  0.529000
     5.556000  10.319000  0.529000
     5.556000  10.584000  0.529000
     5.821000 -10.584000  0.529000
     5.821000 -10.319000  0.529000
     5.821000 -10.054000  0.529000
     5.821000 -9.790000  0.529000
     5.821000 -9.525000  0.529000
     5.821000 -9.261000  0.529000
     5.821000 -8.996000  0.529000
     5.821000 -8.731000  0.529000
     5.821000 -8.467000  0.529000
     5.821000 -8.202000  0.529000
     5.821000 -7.938000  0.529000
     5.821000 -7.673000  0.529000
     5.821000 -7.408000  0.529000
     5.821000 -7.144000  0.529000
     5.821000 -6.879000  0.529000
     5.821000 -6.615000  0.529000
     5.821000 -6.350000  0.529000
     5.821000 -6.086000  0.529000
     5.821000 -5.821000  0.529000
     5.821000 -5.556000  0.529000
     5.821000 -5.292000  0.529000
     5.821000 -5.027000  0.529000
     5.821000 -4.763000  0.529000
     5.821000 -4.498000  0.529000
     5.821000 -4.233000  0.529000
     5.821000 -3.969000  0.529000
     5.821000 -3.704000  0.529000
     5.821000 -3.440000  0.529000
     5.821000 -3.175000  0.529000
     5.821000 -2.910000  0.529000
     5.821000 -2.646000  0.529000
     5.821000 -2.381000  0.529000
     5.821000 -2.117000  0.529000
     5.821000 -1.852000  0.529000
     5.821000 -1.588000  0.529000
     5.821000 -1.323000  0.529000
     5.821000 -1.058000  0.529000
     5.821000 -0.794000  0.529000
     5.821000 -0.529000  0.529000
     5.821000 -0.265000  0.529000
     5.821000  0.000000  0.529000
     5.821000  0.265000  0.529000
     5.821000  0.529000  0.529000
     5.821000  0.794000  0.529000
     5.821000  1.058000  0.529000
     5.821000  1.323000  0.529000
     5.821000  1.588000  0.529000
     5.821000  1.852000  0.529000
     5.821000  2.117000  0.529000
     5.821000  2.381000  0.529000
     5.821000  2.646000  0.529000
     5.821000  2.910000  0.529000
     5.821000  3.175000  0.529000
     5.821000  3.440000  0.529000
     5.821000  3.704000  0.529000
     5.821000  3.969000  0.529000
     5.821000  4.233000  0.529000
     5.821000  4.498000  0.529000
     5.821000  4.763000  0.529000
     5.821000  5.027000  0.529000
     5.821000  5.292000  0.529000
     5.821000  5.556000  0.529000
     5.821000  5.821000  0.529000
     5.821000  6.086000  0.529000
     5.821000  6.350000  0.529000
     5.821000  6.615000  0.529000
     5.821000  6.879000  0.529000
     5.821000  7.144000  0.529000
     5.821000  7.408000  0.529000
     5.821000  7.673000  0.529000
     5.821000  7.938000  0.529000
     5.821000  8.202000  0.529000
     5.821000  8.467000  0.529000
     5.821000  8.731000  0.529000
     5.821000  8.996000  0.529000
     5.821000  9.261000  0.529000
     5.821000  9.525000  0.529000
     5.821000  9.790000  0.529000
     5.821000  10.054000  0.529000
     5.821000  10.319000  0.529000
     5.821000  10.584000  0.529000
     6.086000 -10.584000  0.529000
     6.086000 -10.319000  0.529000
     6.086000 -10.054000  0.529000
     6.086000 -9.790000  0.529000
     6.086000 -9.525000  0.529000
     6.086000 -9.261000  0.529000
     6.086000 -8.996000  0.529000
     6.086000 -8.731000  0.529000
     6.086000 -8.467000  0.529000
     6.086000 -8.202000  0.529000
     6.086000 -7.938000  0.529000
     6.086000 -7.673000  0.529000
     6.086000 -7.408000  0.529000
     6.086000 -7.144000  0.529000
     6.086000 -6.879000  0.529000
     6.086000 -6.615000  0.529000
     6.086000 -6.350000  0.529000
     6.086000 -6.086000  0.529000
     6.086000 -5.821000  0.529000
     6.086000 -5.556000  0.529000
     6.086000 -5.292000  0.529000
     6.086000 -5.027000  0.529000
     6.086000 -4.763000  0.529000
     6.086000 -4.498000  0.529000
     6.086000 -4.233000  0.529000
     6.086000 -3.969000  0.529000
     6.086000 -3.704000  0.529000
     6.086000 -3.440000  0.529000
     6.086000 -3.175000  0.529000
     6.086000 -2.910000  0.529000
     6.086000 -2.646000  0.529000
     6.086000 -2.381000  0.529000
     6.086000 -2.117000  0.529000
     6.086000 -1.852000  0.529000
     6.086000 -1.588000  0.529000
     6.086000 -1.323000  0.529000
     6.086000 -1.058000  0.529000
     6.086000 -0.794000  0.529000
     6.086000 -0.529000  0.529000
     6.086000 -0.265000  0.529000
     6.086000  0.000000  0.529000
     6.086000  0.265000  0.529000
     6.086000  0.529000  0.529000
     6.086000  0.794000  0.529000
     6.086000  1.058000  0.529000
     6.086000  1.323000  0.529000
     6.086000  1.588000  0.529000
     6.086000  1.852000  0.529000
     6.086000  2.117000  0.529000
     6.086000  2.381000  0.529000
     6.086000  2.646000  0.529000
     6.086000  2.910000  0.529000
     6.086000  3.175000  0.529000
     6.086000  3.440000  0.529000
     6.086000  3.704000  0.529000
     6.086000  3.969000  0.529000
     6.086000  4.233000  0.529000
     6.086000  4.498000  0.529000
     6.086000  4.763000  0.529000
     6.086000  5.027000  0.529000
     6.086000  5.292000  0.529000
     6.086000  5.556000  0.529000
     6.086000  5.821000  0.529000
     6.086000  6.086000  0.529000
     6.086000  6.350000  0.529000
     6.086000  6.615000  0.529000
     6.086000  6.879000  0.529000
     6.086000  7.144000  0.529000
     6.086000  7.408000  0.529000
     6.086000  7.673000  0.529000
     6.086000  7.938000  0.529000
     6.086000  8.202000  0.529000
     6.086000  8.467000  0.529000
     6.086000  8.731000  0.529000
     6.086000  8.996000  0.529000
     6.086000  9.261000  0.529000
     6.086000  9.525000  0.529000
     6.086000  9.790000  0.529000
     6.086000  10.054000  0.529000
     6.086000  10.319000  0.529000
     6.086000  10.584000  0.529000
     6.350000 -10.584000  0.529000
     6.350000 -10.319000  0.529000
     6.350000 -10.054000  0.529000
     6.350000 -9.790000  0.529000
     6.350000 -9.525000  0.529000
     6.350000 -9.261000  0.529000
     6.350000 -8.996000  0.529000
     6.350000 -8.731000  0.529000
     6.350000 -8.467000  0.529000
     6.350000 -8.202000  0.529000
     6.350000 -7.938000  0.529000
     6.350000 -7.673000  0.529000
     6.350000 -7.408000  0.529000
     6.350000 -7.144000  0.529000
     6.350000 -6.879000  0.529000
     6.350000 -6.615000  0.529000
     6.350000 -6.350000  0.529000
     6.350000 -6.086000  0.529000
     6.350000 -5.821000  0.529000
     6.350000 -5.556000  0.529000
     6.350000 -5.292000  0.529000
     6.350000 -5.027000  0.529000
     6.350000 -4.763000  0.529000
     6.350000 -4.498000  0.529000
     6.350000 -4.233000  0.529000
     6.350000 -3.969000  0.529000
     6.350000 -3.704000  0.529000
     6.350000 -3.440000  0.529000
     6.350000 -3.175000  0.529000
     6.350000 -2.910000  0.529000
     6.350000 -2.646000  0.529000
     6.350000 -2.381000  0.529000
     6.350000 -2.117000  0.529000
     6.350000 -1.852000  0.529000
     6.350000 -1.588000  0.529000
     6.350000 -1.323000  0.529000
     6.350000 -1.058000  0.529000
     6.350000 -0.794000  0.529000
     6.350000 -0.529000  0.529000
     6.350000 -0.265000  0.529000
     6.350000  0.000000  0.529000
     6.350000  0.265000  0.529000
     6.350000  0.529000  0.529000
     6.350000  0.794000  0.529000
     6.350000  1.058000  0.529000
     6.350000  1.323000  0.529000
     6.350000  1.588000  0.529000
     6.350000  1.852000  0.529000
     6.350000  2.117000  0.529000
     6.350000  2.381000  0.529000
     6.350000  2.646000  0.529000
     6.350000  2.910000  0.529000
     6.350000  3.175000  0.529000
     6.350000  3.440000  0.529000
     6.350000  3.704000  0.529000
     6.350000  3.969000  0.529000
     6.350000  4.233000  0.529000
     6.350000  4.498000  0.529000
     6.350000  4.763000  0.529000
     6.350000  5.027000  0.529000
     6.350000  5.292000  0.529000
     6.350000  5.556000  0.529000
     6.350000  5.821000  0.529000
     6.350000  6.086000  0.529000
     6.350000  6.350000  0.529000
     6.350000  6.615000  0.529000
     6.350000  6.879000  0.529000
     6.350000  7.144000  0.529000
     6.350000  7.408000  0.529000
     6.350000  7.673000  0.529000
     6.350000  7.938000  0.529000
     6.350000  8.202000  0.529000
     6.350000  8.467000  0.529000
     6.350000  8.731000  0.529000
     6.350000  8.996000  0.529000
     6.350000  9.261000  0.529000
     6.350000  9.525000  0.529000
     6.350000  9.790000  0.529000
     6.350000  10.054000  0.529000
     6.350000  10.319000  0.529000
     6.350000  10.584000  0.529000
     6.615000 -10.584000  0.529000
     6.615000 -10.319000  0.529000
     6.615000 -10.054000  0.529000
     6.615000 -9.790000  0.529000
     6.615000 -9.525000  0.529000
     6.615000 -9.261000  0.529000
     6.615000 -8.996000  0.529000
     6.615000 -8.731000  0.529000
     6.615000 -8.467000  0.529000
     6.615000 -8.202000  0.529000
     6.615000 -7.938000  0.529000
     6.615000 -7.673000  0.529000
     6.615000 -7.408000  0.529000
     6.615000 -7.144000  0.529000
     6.615000 -6.879000  0.529000
     6.615000 -6.615000  0.529000
     6.615000 -6.350000  0.529000
     6.615000 -6.086000  0.529000
     6.615000 -5.821000  0.529000
     6.615000 -5.556000  0.529000
     6.615000 -5.292000  0.529000
     6.615000 -5.027000  0.529000
     6.615000 -4.763000  0.529000
     6.615000 -4.498000  0.529000
     6.615000 -4.233000  0.529000
     6.615000 -3.969000  0.529000
     6.615000 -3.704000  0.529000
     6.615000 -3.440000  0.529000
     6.615000 -3.175000  0.529000
     6.615000 -2.910000  0.529000
     6.615000 -2.646000  0.529000
     6.615000 -2.381000  0.529000
     6.615000 -2.117000  0.529000
     6.615000 -1.852000  0.529000
     6.615000 -1.588000  0.529000
     6.615000 -1.323000  0.529000
     6.615000 -1.058000  0.529000
     6.615000 -0.794000  0.529000
     6.615000 -0.529000  0.529000
     6.615000 -0.265000  0.529000
     6.615000  0.000000  0.529000
     6.615000  0.265000  0.529000
     6.615000  0.529000  0.529000
     6.615000  0.794000  0.529000
     6.615000  1.058000  0.529000
     6.615000  1.323000  0.529000
     6.615000  1.588000  0.529000
     6.615000  1.852000  0.529000
     6.615000  2.117000  0.529000
     6.615000  2.381000  0.529000
     6.615000  2.646000  0.529000
     6.615000  2.910000  0.529000
     6.615000  3.175000  0.529000
     6.615000  3.440000  0.529000
     6.615000  3.704000  0.529000
     6.615000  3.969000  0.529000
     6.615000  4.233000  0.529000
     6.615000  4.498000  0.529000
     6.615000  4.763000  0.529000
     6.615000  5.027000  0.529000
     6.615000  5.292000  0.529000
     6.615000  5.556000  0.529000
     6.615000  5.821000  0.529000
     6.615000  6.086000  0.529000
     6.615000  6.350000  0.529000
     6.615000  6.615000  0.529000
     6.615000  6.879000  0.529000
     6.615000  7.144000  0.529000
     6.615000  7.408000  0.529000
     6.615000  7.673000  0.529000
     6.615000  7.938000  0.529000
     6.615000  8.202000  0.529000
     6.615000  8.467000  0.529000
     6.615000  8.731000  0.529000
     6.615000  8.996000  0.529000
     6.615000  9.261000  0.529000
     6.615000  9.525000  0.529000
     6.615000  9.790000  0.529000
     6.615000  10.054000  0.529000
     6.615000  10.319000  0.529000
     6.615000  10.584000  0.529000
     6.879000 -10.584000  0.529000
     6.879000 -10.319000  0.529000
     6.879000 -10.054000  0.529000
     6.879000 -9.790000  0.529000
     6.879000 -9.525000  0.529000
     6.879000 -9.261000  0.529000
     6.879000 -8.996000  0.529000
     6.879000 -8.731000  0.529000
     6.879000 -8.467000  0.529000
     6.879000 -8.202000  0.529000
     6.879000 -7.938000  0.529000
     6.879000 -7.673000  0.529000
     6.879000 -7.408000  0.529000
     6.879000 -7.144000  0.529000
     6.879000 -6.879000  0.529000
     6.879000 -6.615000  0.529000
     6.879000 -6.350000  0.529000
     6.879000 -6.086000  0.529000
     6.879000 -5.821000  0.529000
     6.879000 -5.556000  0.529000
     6.879000 -5.292000  0.529000
     6.879000 -5.027000  0.529000
     6.879000 -4.763000  0.529000
     6.879000 -4.498000  0.529000
     6.879000 -4.233000  0.529000
     6.879000 -3.969000  0.529000
     6.879000 -3.704000  0.529000
     6.879000 -3.440000  0.529000
     6.879000 -3.175000  0.529000
     6.879000 -2.910000  0.529000
     6.879000 -2.646000  0.529000
     6.879000 -2.381000  0.529000
     6.879000 -2.117000  0.529000
     6.879000 -1.852000  0.529000
     6.879000 -1.588000  0.529000
     6.879000 -1.323000  0.529000
     6.879000 -1.058000  0.529000
     6.879000 -0.794000  0.529000
     6.879000 -0.529000  0.529000
     6.879000 -0.265000  0.529000
     6.879000  0.000000  0.529000
     6.879000  0.265000  0.529000
     6.879000  0.529000  0.529000
     6.879000  0.794000  0.529000
     6.879000  1.058000  0.529000
     6.879000  1.323000  0.529000
     6.879000  1.588000  0.529000
     6.879000  1.852000  0.529000
     6.879000  2.117000  0.529000
     6.879000  2.381000  0.529000
     6.879000  2.646000  0.529000
     6.879000  2.910000  0.529000
     6.879000  3.175000  0.529000
     6.879000  3.440000  0.529000
     6.879000  3.704000  0.529000
     6.879000  3.969000  0.529000
     6.879000  4.233000  0.529000
     6.879000  4.498000  0.529000
     6.879000  4.763000  0.529000
     6.879000  5.027000  0.529000
     6.879000  5.292000  0.529000
     6.879000  5.556000  0.529000
     6.879000  5.821000  0.529000
     6.879000  6.086000  0.529000
     6.879000  6.350000  0.529000
     6.879000  6.615000  0.529000
     6.879000  6.879000  0.529000
     6.879000  7.144000  0.529000
     6.879000  7.408000  0.529000
     6.879000  7.673000  0.529000
     6.879000  7.938000  0.529000
     6.879000  8.202000  0.529000
     6.879000  8.467000  0.529000
     6.879000  8.731000  0.529000
     6.879000  8.996000  0.529000
     6.879000  9.261000  0.529000
     6.879000  9.525000  0.529000
     6.879000  9.790000  0.529000
     6.879000  10.054000  0.529000
     6.879000  10.319000  0.529000
     6.879000  10.584000  0.529000
     7.144000 -10.584000  0.529000
     7.144000 -10.319000  0.529000
     7.144000 -10.054000  0.529000
     7.144000 -9.790000  0.529000
     7.144000 -9.525000  0.529000
     7.144000 -9.261000  0.529000
     7.144000 -8.996000  0.529000
     7.144000 -8.731000  0.529000
     7.144000 -8.467000  0.529000
     7.144000 -8.202000  0.529000
     7.144000 -7.938000  0.529000
     7.144000 -7.673000  0.529000
     7.144000 -7.408000  0.529000
     7.144000 -7.144000  0.529000
     7.144000 -6.879000  0.529000
     7.144000 -6.615000  0.529000
     7.144000 -6.350000  0.529000
     7.144000 -6.086000  0.529000
     7.144000 -5.821000  0.529000
     7.144000 -5.556000  0.529000
     7.144000 -5.292000  0.529000
     7.144000 -5.027000  0.529000
     7.144000 -4.763000  0.529000
     7.144000 -4.498000  0.529000
     7.144000 -4.233000  0.529000
     7.144000 -3.969000  0.529000
     7.144000 -3.704000  0.529000
     7.144000 -3.440000  0.529000
     7.144000 -3.175000  0.529000
     7.144000 -2.910000  0.529000
     7.144000 -2.646000  0.529000
     7.144000 -2.381000  0.529000
     7.144000 -2.117000  0.529000
     7.144000 -1.852000  0.529000
     7.144000 -1.588000  0.529000
     7.144000 -1.323000  0.529000
     7.144000 -1.058000  0.529000
     7.144000 -0.794000  0.529000
     7.144000 -0.529000  0.529000
     7.144000 -0.265000  0.529000
     7.144000  0.000000  0.529000
     7.144000  0.265000  0.529000
     7.144000  0.529000  0.529000
     7.144000  0.794000  0.529000
     7.144000  1.058000  0.529000
     7.144000  1.323000  0.529000
     7.144000  1.588000  0.529000
     7.144000  1.852000  0.529000
     7.144000  2.117000  0.529000
     7.144000  2.381000  0.529000
     7.144000  2.646000  0.529000
     7.144000  2.910000  0.529000
     7.144000  3.175000  0.529000
     7.144000  3.440000  0.529000
     7.144000  3.704000  0.529000
     7.144000  3.969000  0.529000
     7.144000  4.233000  0.529000
     7.144000  4.498000  0.529000
     7.144000  4.763000  0.529000
     7.144000  5.027000  0.529000
     7.144000  5.292000  0.529000
     7.144000  5.556000  0.529000
     7.144000  5.821000  0.529000
     7.144000  6.086000  0.529000
     7.144000  6.350000  0.529000
     7.144000  6.615000  0.529000
     7.144000  6.879000  0.529000
     7.144000  7.144000  0.529000
     7.144000  7.408000  0.529000
     7.144000  7.673000  0.529000
     7.144000  7.938000  0.529000
     7.144000  8.202000  0.529000
     7.144000  8.467000  0.529000
     7.144000  8.731000  0.529000
     7.144000  8.996000  0.529000
     7.144000  9.261000  0.529000
     7.144000  9.525000  0.529000
     7.144000  9.790000  0.529000
     7.144000  10.054000  0.529000
     7.144000  10.319000  0.529000
     7.144000  10.584000  0.529000
     7.408000 -10.584000  0.529000
     7.408000 -10.319000  0.529000
     7.408000 -10.054000  0.529000
     7.408000 -9.790000  0.529000
     7.408000 -9.525000  0.529000
     7.408000 -9.261000  0.529000
     7.408000 -8.996000  0.529000
     7.408000 -8.731000  0.529000
     7.408000 -8.467000  0.529000
     7.408000 -8.202000  0.529000
     7.408000 -7.938000  0.529000
     7.408000 -7.673000  0.529000
     7.408000 -7.408000  0.529000
     7.408000 -7.144000  0.529000
     7.408000 -6.879000  0.529000
     7.408000 -6.615000  0.529000
     7.408000 -6.350000  0.529000
     7.408000 -6.086000  0.529000
     7.408000 -5.821000  0.529000
     7.408000 -5.556000  0.529000
     7.408000 -5.292000  0.529000
     7.408000 -5.027000  0.529000
     7.408000 -4.763000  0.529000
     7.408000 -4.498000  0.529000
     7.408000 -4.233000  0.529000
     7.408000 -3.969000  0.529000
     7.408000 -3.704000  0.529000
     7.408000 -3.440000  0.529000
     7.408000 -3.175000  0.529000
     7.408000 -2.910000  0.529000
     7.408000 -2.646000  0.529000
     7.408000 -2.381000  0.529000
     7.408000 -2.117000  0.529000
     7.408000 -1.852000  0.529000
     7.408000 -1.588000  0.529000
     7.408000 -1.323000  0.529000
     7.408000 -1.058000  0.529000
     7.408000 -0.794000  0.529000
     7.408000 -0.529000  0.529000
     7.408000 -0.265000  0.529000
     7.408000  0.000000  0.529000
     7.408000  0.265000  0.529000
     7.408000  0.529000  0.529000
     7.408000  0.794000  0.529000
     7.408000  1.058000  0.529000
     7.408000  1.323000  0.529000
     7.408000  1.588000  0.529000
     7.408000  1.852000  0.529000
     7.408000  2.117000  0.529000
     7.408000  2.381000  0.529000
     7.408000  2.646000  0.529000
     7.408000  2.910000  0.529000
     7.408000  3.175000  0.529000
     7.408000  3.440000  0.529000
     7.408000  3.704000  0.529000
     7.408000  3.969000  0.529000
     7.408000  4.233000  0.529000
     7.408000  4.498000  0.529000
     7.408000  4.763000  0.529000
     7.408000  5.027000  0.529000
     7.408000  5.292000  0.529000
     7.408000  5.556000  0.529000
     7.408000  5.821000  0.529000
     7.408000  6.086000  0.529000
     7.408000  6.350000  0.529000
     7.408000  6.615000  0.529000
     7.408000  6.879000  0.529000
     7.408000  7.144000  0.529000
     7.408000  7.408000  0.529000
     7.408000  7.673000  0.529000
     7.408000  7.938000  0.529000
     7.408000  8.202000  0.529000
     7.408000  8.467000  0.529000
     7.408000  8.731000  0.529000
     7.408000  8.996000  0.529000
     7.408000  9.261000  0.529000
     7.408000  9.525000  0.529000
     7.408000  9.790000  0.529000
     7.408000  10.054000  0.529000
     7.408000  10.319000  0.529000
     7.408000  10.584000  0.529000
     7.673000 -10.584000  0.529000
     7.673000 -10.319000  0.529000
     7.673000 -10.054000  0.529000
     7.673000 -9.790000  0.529000
     7.673000 -9.525000  0.529000
     7.673000 -9.261000  0.529000
     7.673000 -8.996000  0.529000
     7.673000 -8.731000  0.529000
     7.673000 -8.467000  0.529000
     7.673000 -8.202000  0.529000
     7.673000 -7.938000  0.529000
     7.673000 -7.673000  0.529000
     7.673000 -7.408000  0.529000
     7.673000 -7.144000  0.529000
     7.673000 -6.879000  0.529000
     7.673000 -6.615000  0.529000
     7.673000 -6.350000  0.529000
     7.673000 -6.086000  0.529000
     7.673000 -5.821000  0.529000
     7.673000 -5.556000  0.529000
     7.673000 -5.292000  0.529000
     7.673000 -5.027000  0.529000
     7.673000 -4.763000  0.529000
     7.673000 -4.498000  0.529000
     7.673000 -4.233000  0.529000
     7.673000 -3.969000  0.529000
     7.673000 -3.704000  0.529000
     7.673000 -3.440000  0.529000
     7.673000 -3.175000  0.529000
     7.673000 -2.910000  0.529000
     7.673000 -2.646000  0.529000
     7.673000 -2.381000  0.529000
     7.673000 -2.117000  0.529000
     7.673000 -1.852000  0.529000
     7.673000 -1.588000  0.529000
     7.673000 -1.323000  0.529000
     7.673000 -1.058000  0.529000
     7.673000 -0.794000  0.529000
     7.673000 -0.529000  0.529000
     7.673000 -0.265000  0.529000
     7.673000  0.000000  0.529000
     7.673000  0.265000  0.529000
     7.673000  0.529000  0.529000
     7.673000  0.794000  0.529000
     7.673000  1.058000  0.529000
     7.673000  1.323000  0.529000
     7.673000  1.588000  0.529000
     7.673000  1.852000  0.529000
     7.673000  2.117000  0.529000
     7.673000  2.381000  0.529000
     7.673000  2.646000  0.529000
     7.673000  2.910000  0.529000
     7.673000  3.175000  0.529000
     7.673000  3.440000  0.529000
     7.673000  3.704000  0.529000
     7.673000  3.969000  0.529000
     7.673000  4.233000  0.529000
     7.673000  4.498000  0.529000
     7.673000  4.763000  0.529000
     7.673000  5.027000  0.529000
     7.673000  5.292000  0.529000
     7.673000  5.556000  0.529000
     7.673000  5.821000  0.529000
     7.673000  6.086000  0.529000
     7.673000  6.350000  0.529000
     7.673000  6.615000  0.529000
     7.673000  6.879000  0.529000
     7.673000  7.144000  0.529000
     7.673000  7.408000  0.529000
     7.673000  7.673000  0.529000
     7.673000  7.938000  0.529000
     7.673000  8.202000  0.529000
     7.673000  8.467000  0.529000
     7.673000  8.731000  0.529000
     7.673000  8.996000  0.529000
     7.673000  9.261000  0.529000
     7.673000  9.525000  0.529000
     7.673000  9.790000  0.529000
     7.673000  10.054000  0.529000
     7.673000  10.319000  0.529000
     7.673000  10.584000  0.529000
     7.938000 -10.584000  0.529000
     7.938000 -10.319000  0.529000
     7.938000 -10.054000  0.529000
     7.938000 -9.790000  0.529000
     7.938000 -9.525000  0.529000
     7.938000 -9.261000  0.529000
     7.938000 -8.996000  0.529000
     7.938000 -8.731000  0.529000
     7.938000 -8.467000  0.529000
     7.938000 -8.202000  0.529000
     7.938000 -7.938000  0.529000
     7.938000 -7.673000  0.529000
     7.938000 -7.408000  0.529000
     7.938000 -7.144000  0.529000
     7.938000 -6.879000  0.529000
     7.938000 -6.615000  0.529000
     7.938000 -6.350000  0.529000
     7.938000 -6.086000  0.529000
     7.938000 -5.821000  0.529000
     7.938000 -5.556000  0.529000
     7.938000 -5.292000  0.529000
     7.938000 -5.027000  0.529000
     7.938000 -4.763000  0.529000
     7.938000 -4.498000  0.529000
     7.938000 -4.233000  0.529000
     7.938000 -3.969000  0.529000
     7.938000 -3.704000  0.529000
     7.938000 -3.440000  0.529000
     7.938000 -3.175000  0.529000
     7.938000 -2.910000  0.529000
     7.938000 -2.646000  0.529000
     7.938000 -2.381000  0.529000
     7.938000 -2.117000  0.529000
     7.938000 -1.852000  0.529000
     7.938000 -1.588000  0.529000
     7.938000 -1.323000  0.529000
     7.938000 -1.058000  0.529000
     7.938000 -0.794000  0.529000
     7.938000 -0.529000  0.529000
     7.938000 -0.265000  0.529000
     7.938000  0.000000  0.529000
     7.938000  0.265000  0.529000
     7.938000  0.529000  0.529000
     7.938000  0.794000  0.529000
     7.938000  1.058000  0.529000
     7.938000  1.323000  0.529000
     7.938000  1.588000  0.529000
     7.938000  1.852000  0.529000
     7.938000  2.117000  0.529000
     7.938000  2.381000  0.529000
     7.938000  2.646000  0.529000
     7.938000  2.910000  0.529000
     7.938000  3.175000  0.529000
     7.938000  3.440000  0.529000
     7.938000  3.704000  0.529000
     7.938000  3.969000  0.529000
     7.938000  4.233000  0.529000
     7.938000  4.498000  0.529000
     7.938000  4.763000  0.529000
     7.938000  5.027000  0.529000
     7.938000  5.292000  0.529000
     7.938000  5.556000  0.529000
     7.938000  5.821000  0.529000
     7.938000  6.086000  0.529000
     7.938000  6.350000  0.529000
     7.938000  6.615000  0.529000
     7.938000  6.879000  0.529000
     7.938000  7.144000  0.529000
     7.938000  7.408000  0.529000
     7.938000  7.673000  0.529000
     7.938000  7.938000  0.529000
     7.938000  8.202000  0.529000
     7.938000  8.467000  0.529000
     7.938000  8.731000  0.529000
     7.938000  8.996000  0.529000
     7.938000  9.261000  0.529000
     7.938000  9.525000  0.529000
     7.938000  9.790000  0.529000
     7.938000  10.054000  0.529000
     7.938000  10.319000  0.529000
     7.938000  10.584000  0.529000
     8.202000 -10.584000  0.529000
     8.202000 -10.319000  0.529000
     8.202000 -10.054000  0.529000
     8.202000 -9.790000  0.529000
     8.202000 -9.525000  0.529000
     8.202000 -9.261000  0.529000
     8.202000 -8.996000  0.529000
     8.202000 -8.731000  0.529000
     8.202000 -8.467000  0.529000
     8.202000 -8.202000  0.529000
     8.202000 -7.938000  0.529000
     8.202000 -7.673000  0.529000
     8.202000 -7.408000  0.529000
     8.202000 -7.144000  0.529000
     8.202000 -6.879000  0.529000
     8.202000 -6.615000  0.529000
     8.202000 -6.350000  0.529000
     8.202000 -6.086000  0.529000
     8.202000 -5.821000  0.529000
     8.202000 -5.556000  0.529000
     8.202000 -5.292000  0.529000
     8.202000 -5.027000  0.529000
     8.202000 -4.763000  0.529000
     8.202000 -4.498000  0.529000
     8.202000 -4.233000  0.529000
     8.202000 -3.969000  0.529000
     8.202000 -3.704000  0.529000
     8.202000 -3.440000  0.529000
     8.202000 -3.175000  0.529000
     8.202000 -2.910000  0.529000
     8.202000 -2.646000  0.529000
     8.202000 -2.381000  0.529000
     8.202000 -2.117000  0.529000
     8.202000 -1.852000  0.529000
     8.202000 -1.588000  0.529000
     8.202000 -1.323000  0.529000
     8.202000 -1.058000  0.529000
     8.202000 -0.794000  0.529000
     8.202000 -0.529000  0.529000
     8.202000 -0.265000  0.529000
     8.202000  0.000000  0.529000
     8.202000  0.265000  0.529000
     8.202000  0.529000  0.529000
     8.202000  0.794000  0.529000
     8.202000  1.058000  0.529000
     8.202000  1.323000  0.529000
     8.202000  1.588000  0.529000
     8.202000  1.852000  0.529000
     8.202000  2.117000  0.529000
     8.202000  2.381000  0.529000
     8.202000  2.646000  0.529000
     8.202000  2.910000  0.529000
     8.202000  3.175000  0.529000
     8.202000  3.440000  0.529000
     8.202000  3.704000  0.529000
     8.202000  3.969000  0.529000
     8.202000  4.233000  0.529000
     8.202000  4.498000  0.529000
     8.202000  4.763000  0.529000
     8.202000  5.027000  0.529000
     8.202000  5.292000  0.529000
     8.202000  5.556000  0.529000
     8.202000  5.821000  0.529000
     8.202000  6.086000  0.529000
     8.202000  6.350000  0.529000
     8.202000  6.615000  0.529000
     8.202000  6.879000  0.529000
     8.202000  7.144000  0.529000
     8.202000  7.408000  0.529000
     8.202000  7.673000  0.529000
     8.202000  7.938000  0.529000
     8.202000  8.202000  0.529000
     8.202000  8.467000  0.529000
     8.202000  8.731000  0.529000
     8.202000  8.996000  0.529000
     8.202000  9.261000  0.529000
     8.202000  9.525000  0.529000
     8.202000  9.790000  0.529000
     8.202000  10.054000  0.529000
     8.202000  10.319000  0.529000
     8.202000  10.584000  0.529000
     8.467000 -10.584000  0.529000
     8.467000 -10.319000  0.529000
     8.467000 -10.054000  0.529000
     8.467000 -9.790000  0.529000
     8.467000 -9.525000  0.529000
     8.467000 -9.261000  0.529000
     8.467000 -8.996000  0.529000
     8.467000 -8.731000  0.529000
     8.467000 -8.467000  0.529000
     8.467000 -8.202000  0.529000
     8.467000 -7.938000  0.529000
     8.467000 -7.673000  0.529000
     8.467000 -7.408000  0.529000
     8.467000 -7.144000  0.529000
     8.467000 -6.879000  0.529000
     8.467000 -6.615000  0.529000
     8.467000 -6.350000  0.529000
     8.467000 -6.086000  0.529000
     8.467000 -5.821000  0.529000
     8.467000 -5.556000  0.529000
     8.467000 -5.292000  0.529000
     8.467000 -5.027000  0.529000
     8.467000 -4.763000  0.529000
     8.467000 -4.498000  0.529000
     8.467000 -4.233000  0.529000
     8.467000 -3.969000  0.529000
     8.467000 -3.704000  0.529000
     8.467000 -3.440000  0.529000
     8.467000 -3.175000  0.529000
     8.467000 -2.910000  0.529000
     8.467000 -2.646000  0.529000
     8.467000 -2.381000  0.529000
     8.467000 -2.117000  0.529000
     8.467000 -1.852000  0.529000
     8.467000 -1.588000  0.529000
     8.467000 -1.323000  0.529000
     8.467000 -1.058000  0.529000
     8.467000 -0.794000  0.529000
     8.467000 -0.529000  0.529000
     8.467000 -0.265000  0.529000
     8.467000  0.000000  0.529000
     8.467000  0.265000  0.529000
     8.467000  0.529000  0.529000
     8.467000  0.794000  0.529000
     8.467000  1.058000  0.529000
     8.467000  1.323000  0.529000
     8.467000  1.588000  0.529000
     8.467000  1.852000  0.529000
     8.467000  2.117000  0.529000
     8.467000  2.381000  0.529000
     8.467000  2.646000  0.529000
     8.467000  2.910000  0.529000
     8.467000  3.175000  0.529000
     8.467000  3.440000  0.529000
     8.467000  3.704000  0.529000
     8.467000  3.969000  0.529000
     8.467000  4.233000  0.529000
     8.467000  4.498000  0.529000
     8.467000  4.763000  0.529000
     8.467000  5.027000  0.529000
     8.467000  5.292000  0.529000
     8.467000  5.556000  0.529000
     8.467000  5.821000  0.529000
     8.467000  6.086000  0.529000
     8.467000  6.350000  0.529000
     8.467000  6.615000  0.529000
     8.467000  6.879000  0.529000
     8.467000  7.144000  0.529000
     8.467000  7.408000  0.529000
     8.467000  7.673000  0.529000
     8.467000  7.938000  0.529000
     8.467000  8.202000  0.529000
     8.467000  8.467000  0.529000
     8.467000  8.731000  0.529000
     8.467000  8.996000  0.529000
     8.467000  9.261000  0.529000
     8.467000  9.525000  0.529000
     8.467000  9.790000  0.529000
     8.467000  10.054000  0.529000
     8.467000  10.319000  0.529000
     8.467000  10.584000  0.529000
     8.731000 -10.584000  0.529000
     8.731000 -10.319000  0.529000
     8.731000 -10.054000  0.529000
     8.731000 -9.790000  0.529000
     8.731000 -9.525000  0.529000
     8.731000 -9.261000  0.529000
     8.731000 -8.996000  0.529000
     8.731000 -8.731000  0.529000
     8.731000 -8.467000  0.529000
     8.731000 -8.202000  0.529000
     8.731000 -7.938000  0.529000
     8.731000 -7.673000  0.529000
     8.731000 -7.408000  0.529000
     8.731000 -7.144000  0.529000
     8.731000 -6.879000  0.529000
     8.731000 -6.615000  0.529000
     8.731000 -6.350000  0.529000
     8.731000 -6.086000  0.529000
     8.731000 -5.821000  0.529000
     8.731000 -5.556000  0.529000
     8.731000 -5.292000  0.529000
     8.731000 -5.027000  0.529000
     8.731000 -4.763000  0.529000
     8.731000 -4.498000  0.529000
     8.731000 -4.233000  0.529000
     8.731000 -3.969000  0.529000
     8.731000 -3.704000  0.529000
     8.731000 -3.440000  0.529000
     8.731000 -3.175000  0.529000
     8.731000 -2.910000  0.529000
     8.731000 -2.646000  0.529000
     8.731000 -2.381000  0.529000
     8.731000 -2.117000  0.529000
     8.731000 -1.852000  0.529000
     8.731000 -1.588000  0.529000
     8.731000 -1.323000  0.529000
     8.731000 -1.058000  0.529000
     8.731000 -0.794000  0.529000
     8.731000 -0.529000  0.529000
     8.731000 -0.265000  0.529000
     8.731000  0.000000  0.529000
     8.731000  0.265000  0.529000
     8.731000  0.529000  0.529000
     8.731000  0.794000  0.529000
     8.731000  1.058000  0.529000
     8.731000  1.323000  0.529000
     8.731000  1.588000  0.529000
     8.731000  1.852000  0.529000
     8.731000  2.117000  0.529000
     8.731000  2.381000  0.529000
     8.731000  2.646000  0.529000
     8.731000  2.910000  0.529000
     8.731000  3.175000  0.529000
     8.731000  3.440000  0.529000
     8.731000  3.704000  0.529000
     8.731000  3.969000  0.529000
     8.731000  4.233000  0.529000
     8.731000  4.498000  0.529000
     8.731000  4.763000  0.529000
     8.731000  5.027000  0.529000
     8.731000  5.292000  0.529000
     8.731000  5.556000  0.529000
     8.731000  5.821000  0.529000
     8.731000  6.086000  0.529000
     8.731000  6.350000  0.529000
     8.731000  6.615000  0.529000
     8.731000  6.879000  0.529000
     8.731000  7.144000  0.529000
     8.731000  7.408000  0.529000
     8.731000  7.673000  0.529000
     8.731000  7.938000  0.529000
     8.731000  8.202000  0.529000
     8.731000  8.467000  0.529000
     8.731000  8.731000  0.529000
     8.731000  8.996000  0.529000
     8.731000  9.261000  0.529000
     8.731000  9.525000  0.529000
     8.731000  9.790000  0.529000
     8.731000  10.054000  0.529000
     8.731000  10.319000  0.529000
     8.731000  10.584000  0.529000
     8.996000 -10.584000  0.529000
     8.996000 -10.319000  0.529000
     8.996000 -10.054000  0.529000
     8.996000 -9.790000  0.529000
     8.996000 -9.525000  0.529000
     8.996000 -9.261000  0.529000
     8.996000 -8.996000  0.529000
     8.996000 -8.731000  0.529000
     8.996000 -8.467000  0.529000
     8.996000 -8.202000  0.529000
     8.996000 -7.938000  0.529000
     8.996000 -7.673000  0.529000
     8.996000 -7.408000  0.529000
     8.996000 -7.144000  0.529000
     8.996000 -6.879000  0.529000
     8.996000 -6.615000  0.529000
     8.996000 -6.350000  0.529000
     8.996000 -6.086000  0.529000
     8.996000 -5.821000  0.529000
     8.996000 -5.556000  0.529000
     8.996000 -5.292000  0.529000
     8.996000 -5.027000  0.529000
     8.996000 -4.763000  0.529000
     8.996000 -4.498000  0.529000
     8.996000 -4.233000  0.529000
     8.996000 -3.969000  0.529000
     8.996000 -3.704000  0.529000
     8.996000 -3.440000  0.529000
     8.996000 -3.175000  0.529000
     8.996000 -2.910000  0.529000
     8.996000 -2.646000  0.529000
     8.996000 -2.381000  0.529000
     8.996000 -2.117000  0.529000
     8.996000 -1.852000  0.529000
     8.996000 -1.588000  0.529000
     8.996000 -1.323000  0.529000
     8.996000 -1.058000  0.529000
     8.996000 -0.794000  0.529000
     8.996000 -0.529000  0.529000
     8.996000 -0.265000  0.529000
     8.996000  0.000000  0.529000
     8.996000  0.265000  0.529000
     8.996000  0.529000  0.529000
     8.996000  0.794000  0.529000
     8.996000  1.058000  0.529000
     8.996000  1.323000  0.529000
     8.996000  1.588000  0.529000
     8.996000  1.852000  0.529000
     8.996000  2.117000  0.529000
     8.996000  2.381000  0.529000
     8.996000  2.646000  0.529000
     8.996000  2.910000  0.529000
     8.996000  3.175000  0.529000
     8.996000  3.440000  0.529000
     8.996000  3.704000  0.529000
     8.996000  3.969000  0.529000
     8.996000  4.233000  0.529000
     8.996000  4.498000  0.529000
     8.996000  4.763000  0.529000
     8.996000  5.027000  0.529000
     8.996000  5.292000  0.529000
     8.996000  5.556000  0.529000
     8.996000  5.821000  0.529000
     8.996000  6.086000  0.529000
     8.996000  6.350000  0.529000
     8.996000  6.615000  0.529000
     8.996000  6.879000  0.529000
     8.996000  7.144000  0.529000
     8.996000  7.408000  0.529000
     8.996000  7.673000  0.529000
     8.996000  7.938000  0.529000
     8.996000  8.202000  0.529000
     8.996000  8.467000  0.529000
     8.996000  8.731000  0.529000
     8.996000  8.996000  0.529000
     8.996000  9.261000  0.529000
     8.996000  9.525000  0.529000
     8.996000  9.790000  0.529000
     8.996000  10.054000  0.529000
     8.996000  10.319000  0.529000
     8.996000  10.584000  0.529000
     9.261000 -10.584000  0.529000
     9.261000 -10.319000  0.529000
     9.261000 -10.054000  0.529000
     9.261000 -9.790000  0.529000
     9.261000 -9.525000  0.529000
     9.261000 -9.261000  0.529000
     9.261000 -8.996000  0.529000
     9.261000 -8.731000  0.529000
     9.261000 -8.467000  0.529000
     9.261000 -8.202000  0.529000
     9.261000 -7.938000  0.529000
     9.261000 -7.673000  0.529000
     9.261000 -7.408000  0.529000
     9.261000 -7.144000  0.529000
     9.261000 -6.879000  0.529000
     9.261000 -6.615000  0.529000
     9.261000 -6.350000  0.529000
     9.261000 -6.086000  0.529000
     9.261000 -5.821000  0.529000
     9.261000 -5.556000  0.529000
     9.261000 -5.292000  0.529000
     9.261000 -5.027000  0.529000
     9.261000 -4.763000  0.529000
     9.261000 -4.498000  0.529000
     9.261000 -4.233000  0.529000
     9.261000 -3.969000  0.529000
     9.261000 -3.704000  0.529000
     9.261000 -3.440000  0.529000
     9.261000 -3.175000  0.529000
     9.261000 -2.910000  0.529000
     9.261000 -2.646000  0.529000
     9.261000 -2.381000  0.529000
     9.261000 -2.117000  0.529000
     9.261000 -1.852000  0.529000
     9.261000 -1.588000  0.529000
     9.261000 -1.323000  0.529000
     9.261000 -1.058000  0.529000
     9.261000 -0.794000  0.529000
     9.261000 -0.529000  0.529000
     9.261000 -0.265000  0.529000
     9.261000  0.000000  0.529000
     9.261000  0.265000  0.529000
     9.261000  0.529000  0.529000
     9.261000  0.794000  0.529000
     9.261000  1.058000  0.529000
     9.261000  1.323000  0.529000
     9.261000  1.588000  0.529000
     9.261000  1.852000  0.529000
     9.261000  2.117000  0.529000
     9.261000  2.381000  0.529000
     9.261000  2.646000  0.529000
     9.261000  2.910000  0.529000
     9.261000  3.175000  0.529000
     9.261000  3.440000  0.529000
     9.261000  3.704000  0.529000
     9.261000  3.969000  0.529000
     9.261000  4.233000  0.529000
     9.261000  4.498000  0.529000
     9.261000  4.763000  0.529000
     9.261000  5.027000  0.529000
     9.261000  5.292000  0.529000
     9.261000  5.556000  0.529000
     9.261000  5.821000  0.529000
     9.261000  6.086000  0.529000
     9.261000  6.350000  0.529000
     9.261000  6.615000  0.529000
     9.261000  6.879000  0.529000
     9.261000  7.144000  0.529000
     9.261000  7.408000  0.529000
     9.261000  7.673000  0.529000
     9.261000  7.938000  0.529000
     9.261000  8.202000  0.529000
     9.261000  8.467000  0.529000
     9.261000  8.731000  0.529000
     9.261000  8.996000  0.529000
     9.261000  9.261000  0.529000
     9.261000  9.525000  0.529000
     9.261000  9.790000  0.529000
     9.261000  10.054000  0.529000
     9.261000  10.319000  0.529000
     9.261000  10.584000  0.529000
     9.525000 -10.584000  0.529000
     9.525000 -10.319000  0.529000
     9.525000 -10.054000  0.529000
     9.525000 -9.790000  0.529000
     9.525000 -9.525000  0.529000
     9.525000 -9.261000  0.529000
     9.525000 -8.996000  0.529000
     9.525000 -8.731000  0.529000
     9.525000 -8.467000  0.529000
     9.525000 -8.202000  0.529000
     9.525000 -7.938000  0.529000
     9.525000 -7.673000  0.529000
     9.525000 -7.408000  0.529000
     9.525000 -7.144000  0.529000
     9.525000 -6.879000  0.529000
     9.525000 -6.615000  0.529000
     9.525000 -6.350000  0.529000
     9.525000 -6.086000  0.529000
     9.525000 -5.821000  0.529000
     9.525000 -5.556000  0.529000
     9.525000 -5.292000  0.529000
     9.525000 -5.027000  0.529000
     9.525000 -4.763000  0.529000
     9.525000 -4.498000  0.529000
     9.525000 -4.233000  0.529000
     9.525000 -3.969000  0.529000
     9.525000 -3.704000  0.529000
     9.525000 -3.440000  0.529000
     9.525000 -3.175000  0.529000
     9.525000 -2.910000  0.529000
     9.525000 -2.646000  0.529000
     9.525000 -2.381000  0.529000
     9.525000 -2.117000  0.529000
     9.525000 -1.852000  0.529000
     9.525000 -1.588000  0.529000
     9.525000 -1.323000  0.529000
     9.525000 -1.058000  0.529000
     9.525000 -0.794000  0.529000
     9.525000 -0.529000  0.529000
     9.525000 -0.265000  0.529000
     9.525000  0.000000  0.529000
     9.525000  0.265000  0.529000
     9.525000  0.529000  0.529000
     9.525000  0.794000  0.529000
     9.525000  1.058000  0.529000
     9.525000  1.323000  0.529000
     9.525000  1.588000  0.529000
     9.525000  1.852000  0.529000
     9.525000  2.117000  0.529000
     9.525000  2.381000  0.529000
     9.525000  2.646000  0.529000
     9.525000  2.910000  0.529000
     9.525000  3.175000  0.529000
     9.525000  3.440000  0.529000
     9.525000  3.704000  0.529000
     9.525000  3.969000  0.529000
     9.525000  4.233000  0.529000
     9.525000  4.498000  0.529000
     9.525000  4.763000  0.529000
     9.525000  5.027000  0.529000
     9.525000  5.292000  0.529000
     9.525000  5.556000  0.529000
     9.525000  5.821000  0.529000
     9.525000  6.086000  0.529000
     9.525000  6.350000  0.529000
     9.525000  6.615000  0.529000
     9.525000  6.879000  0.529000
     9.525000  7.144000  0.529000
     9.525000  7.408000  0.529000
     9.525000  7.673000  0.529000
     9.525000  7.938000  0.529000
     9.525000  8.202000  0.529000
     9.525000  8.467000  0.529000
     9.525000  8.731000  0.529000
     9.525000  8.996000  0.529000
     9.525000  9.261000  0.529000
     9.525000  9.525000  0.529000
     9.525000  9.790000  0.529000
     9.525000  10.054000  0.529000
     9.525000  10.319000  0.529000
     9.525000  10.584000  0.529000
     9.790000 -10.584000  0.529000
     9.790000 -10.319000  0.529000
     9.790000 -10.054000  0.529000
     9.790000 -9.790000  0.529000
     9.790000 -9.525000  0.529000
     9.790000 -9.261000  0.529000
     9.790000 -8.996000  0.529000
     9.790000 -8.731000  0.529000
     9.790000 -8.467000  0.529000
     9.790000 -8.202000  0.529000
     9.790000 -7.938000  0.529000
     9.790000 -7.673000  0.529000
     9.790000 -7.408000  0.529000
     9.790000 -7.144000  0.529000
     9.790000 -6.879000  0.529000
     9.790000 -6.615000  0.529000
     9.790000 -6.350000  0.529000
     9.790000 -6.086000  0.529000
     9.790000 -5.821000  0.529000
     9.790000 -5.556000  0.529000
     9.790000 -5.292000  0.529000
     9.790000 -5.027000  0.529000
     9.790000 -4.763000  0.529000
     9.790000 -4.498000  0.529000
     9.790000 -4.233000  0.529000
     9.790000 -3.969000  0.529000
     9.790000 -3.704000  0.529000
     9.790000 -3.440000  0.529000
     9.790000 -3.175000  0.529000
     9.790000 -2.910000  0.529000
     9.790000 -2.646000  0.529000
     9.790000 -2.381000  0.529000
     9.790000 -2.117000  0.529000
     9.790000 -1.852000  0.529000
     9.790000 -1.588000  0.529000
     9.790000 -1.323000  0.529000
     9.790000 -1.058000  0.529000
     9.790000 -0.794000  0.529000
     9.790000 -0.529000  0.529000
     9.790000 -0.265000  0.529000
     9.790000  0.000000  0.529000
     9.790000  0.265000  0.529000
     9.790000  0.529000  0.529000
     9.790000  0.794000  0.529000
     9.790000  1.058000  0.529000
     9.790000  1.323000  0.529000
     9.790000  1.588000  0.529000
     9.790000  1.852000  0.529000
     9.790000  2.117000  0.529000
     9.790000  2.381000  0.529000
     9.790000  2.646000  0.529000
     9.790000  2.910000  0.529000
     9.790000  3.175000  0.529000
     9.790000  3.440000  0.529000
     9.790000  3.704000  0.529000
     9.790000  3.969000  0.529000
     9.790000  4.233000  0.529000
     9.790000  4.498000  0.529000
     9.790000  4.763000  0.529000
     9.790000  5.027000  0.529000
     9.790000  5.292000  0.529000
     9.790000  5.556000  0.529000
     9.790000  5.821000  0.529000
     9.790000  6.086000  0.529000
     9.790000  6.350000  0.529000
     9.790000  6.615000  0.529000
     9.790000  6.879000  0.529000
     9.790000  7.144000  0.529000
     9.790000  7.408000  0.529000
     9.790000  7.673000  0.529000
     9.790000  7.938000  0.529000
     9.790000  8.202000  0.529000
     9.790000  8.467000  0.529000
     9.790000  8.731000  0.529000
     9.790000  8.996000  0.529000
     9.790000  9.261000  0.529000
     9.790000  9.525000  0.529000
     9.790000  9.790000  0.529000
     9.790000  10.054000  0.529000
     9.790000  10.319000  0.529000
     9.790000  10.584000  0.529000
     10.054000 -10.584000  0.529000
     10.054000 -10.319000  0.529000
     10.054000 -10.054000  0.529000
     10.054000 -9.790000  0.529000
     10.054000 -9.525000  0.529000
     10.054000 -9.261000  0.529000
     10.054000 -8.996000  0.529000
     10.054000 -8.731000  0.529000
     10.054000 -8.467000  0.529000
     10.054000 -8.202000  0.529000
     10.054000 -7.938000  0.529000
     10.054000 -7.673000  0.529000
     10.054000 -7.408000  0.529000
     10.054000 -7.144000  0.529000
     10.054000 -6.879000  0.529000
     10.054000 -6.615000  0.529000
     10.054000 -6.350000  0.529000
     10.054000 -6.086000  0.529000
     10.054000 -5.821000  0.529000
     10.054000 -5.556000  0.529000
     10.054000 -5.292000  0.529000
     10.054000 -5.027000  0.529000
     10.054000 -4.763000  0.529000
     10.054000 -4.498000  0.529000
     10.054000 -4.233000  0.529000
     10.054000 -3.969000  0.529000
     10.054000 -3.704000  0.529000
     10.054000 -3.440000  0.529000
     10.054000 -3.175000  0.529000
     10.054000 -2.910000  0.529000
     10.054000 -2.646000  0.529000
     10.054000 -2.381000  0.529000
     10.054000 -2.117000  0.529000
     10.054000 -1.852000  0.529000
     10.054000 -1.588000  0.529000
     10.054000 -1.323000  0.529000
     10.054000 -1.058000  0.529000
     10.054000 -0.794000  0.529000
     10.054000 -0.529000  0.529000
     10.054000 -0.265000  0.529000
     10.054000  0.000000  0.529000
     10.054000  0.265000  0.529000
     10.054000  0.529000  0.529000
     10.054000  0.794000  0.529000
     10.054000  1.058000  0.529000
     10.054000  1.323000  0.529000
     10.054000  1.588000  0.529000
     10.054000  1.852000  0.529000
     10.054000  2.117000  0.529000
     10.054000  2.381000  0.529000
     10.054000  2.646000  0.529000
     10.054000  2.910000  0.529000
     10.054000  3.175000  0.529000
     10.054000  3.440000  0.529000
     10.054000  3.704000  0.529000
     10.054000  3.969000  0.529000
     10.054000  4.233000  0.529000
     10.054000  4.498000  0.529000
     10.054000  4.763000  0.529000
     10.054000  5.027000  0.529000
     10.054000  5.292000  0.529000
     10.054000  5.556000  0.529000
     10.054000  5.821000  0.529000
     10.054000  6.086000  0.529000
     10.054000  6.350000  0.529000
     10.054000  6.615000  0.529000
     10.054000  6.879000  0.529000
     10.054000  7.144000  0.529000
     10.054000  7.408000  0.529000
     10.054000  7.673000  0.529000
     10.054000  7.938000  0.529000
     10.054000  8.202000  0.529000
     10.054000  8.467000  0.529000
     10.054000  8.731000  0.529000
     10.054000  8.996000  0.529000
     10.054000  9.261000  0.529000
     10.054000  9.525000  0.529000
     10.054000  9.790000  0.529000
     10.054000  10.054000  0.529000
     10.054000  10.319000  0.529000
     10.054000  10.584000  0.529000
     10.319000 -10.584000  0.529000
     10.319000 -10.319000  0.529000
     10.319000 -10.054000  0.529000
     10.319000 -9.790000  0.529000
     10.319000 -9.525000  0.529000
     10.319000 -9.261000  0.529000
     10.319000 -8.996000  0.529000
     10.319000 -8.731000  0.529000
     10.319000 -8.467000  0.529000
     10.319000 -8.202000  0.529000
     10.319000 -7.938000  0.529000
     10.319000 -7.673000  0.529000
     10.319000 -7.408000  0.529000
     10.319000 -7.144000  0.529000
     10.319000 -6.879000  0.529000
     10.319000 -6.615000  0.529000
     10.319000 -6.350000  0.529000
     10.319000 -6.086000  0.529000
     10.319000 -5.821000  0.529000
     10.319000 -5.556000  0.529000
     10.319000 -5.292000  0.529000
     10.319000 -5.027000  0.529000
     10.319000 -4.763000  0.529000
     10.319000 -4.498000  0.529000
     10.319000 -4.233000  0.529000
     10.319000 -3.969000  0.529000
     10.319000 -3.704000  0.529000
     10.319000 -3.440000  0.529000
     10.319000 -3.175000  0.529000
     10.319000 -2.910000  0.529000
     10.319000 -2.646000  0.529000
     10.319000 -2.381000  0.529000
     10.319000 -2.117000  0.529000
     10.319000 -1.852000  0.529000
     10.319000 -1.588000  0.529000
     10.319000 -1.323000  0.529000
     10.319000 -1.058000  0.529000
     10.319000 -0.794000  0.529000
     10.319000 -0.529000  0.529000
     10.319000 -0.265000  0.529000
     10.319000  0.000000  0.529000
     10.319000  0.265000  0.529000
     10.319000  0.529000  0.529000
     10.319000  0.794000  0.529000
     10.319000  1.058000  0.529000
     10.319000  1.323000  0.529000
     10.319000  1.588000  0.529000
     10.319000  1.852000  0.529000
     10.319000  2.117000  0.529000
     10.319000  2.381000  0.529000
     10.319000  2.646000  0.529000
     10.319000  2.910000  0.529000
     10.319000  3.175000  0.529000
     10.319000  3.440000  0.529000
     10.319000  3.704000  0.529000
     10.319000  3.969000  0.529000
     10.319000  4.233000  0.529000
     10.319000  4.498000  0.529000
     10.319000  4.763000  0.529000
     10.319000  5.027000  0.529000
     10.319000  5.292000  0.529000
     10.319000  5.556000  0.529000
     10.319000  5.821000  0.529000
     10.319000  6.086000  0.529000
     10.319000  6.350000  0.529000
     10.319000  6.615000  0.529000
     10.319000  6.879000  0.529000
     10.319000  7.144000  0.529000
     10.319000  7.408000  0.529000
     10.319000  7.673000  0.529000
     10.319000  7.938000  0.529000
     10.319000  8.202000  0.529000
     10.319000  8.467000  0.529000
     10.319000  8.731000  0.529000
     10.319000  8.996000  0.529000
     10.319000  9.261000  0.529000
     10.319000  9.525000  0.529000
     10.319000  9.790000  0.529000
     10.319000  10.054000  0.529000
     10.319000  10.319000  0.529000
     10.319000  10.584000  0.529000
     10.584000 -10.584000  0.529000
     10.584000 -10.319000  0.529000
     10.584000 -10.054000  0.529000
     10.584000 -9.790000  0.529000
     10.584000 -9.525000  0.529000
     10.584000 -9.261000  0.529000
     10.584000 -8.996000  0.529000
     10.584000 -8.731000  0.529000
     10.584000 -8.467000  0.529000
     10.584000 -8.202000  0.529000
     10.584000 -7.938000  0.529000
     10.584000 -7.673000  0.529000
     10.584000 -7.408000  0.529000
     10.584000 -7.144000  0.529000
     10.584000 -6.879000  0.529000
     10.584000 -6.615000  0.529000
     10.584000 -6.350000  0.529000
     10.584000 -6.086000  0.529000
     10.584000 -5.821000  0.529000
     10.584000 -5.556000  0.529000
     10.584000 -5.292000  0.529000
     10.584000 -5.027000  0.529000
     10.584000 -4.763000  0.529000
     10.584000 -4.498000  0.529000
     10.584000 -4.233000  0.529000
     10.584000 -3.969000  0.529000
     10.584000 -3.704000  0.529000
     10.584000 -3.440000  0.529000
     10.584000 -3.175000  0.529000
     10.584000 -2.910000  0.529000
     10.584000 -2.646000  0.529000
     10.584000 -2.381000  0.529000
     10.584000 -2.117000  0.529000
     10.584000 -1.852000  0.529000
     10.584000 -1.588000  0.529000
     10.584000 -1.323000  0.529000
     10.584000 -1.058000  0.529000
     10.584000 -0.794000  0.529000
     10.584000 -0.529000  0.529000
     10.584000 -0.265000  0.529000
     10.584000  0.000000  0.529000
     10.584000  0.265000  0.529000
     10.584000  0.529000  0.529000
     10.584000  0.794000  0.529000
     10.584000  1.058000  0.529000
     10.584000  1.323000  0.529000
     10.584000  1.588000  0.529000
     10.584000  1.852000  0.529000
     10.584000  2.117000  0.529000
     10.584000  2.381000  0.529000
     10.584000  2.646000  0.529000
     10.584000  2.910000  0.529000
     10.584000  3.175000  0.529000
     10.584000  3.440000  0.529000
     10.584000  3.704000  0.529000
     10.584000  3.969000  0.529000
     10.584000  4.233000  0.529000
     10.584000  4.498000  0.529000
     10.584000  4.763000  0.529000
     10.584000  5.027000  0.529000
     10.584000  5.292000  0.529000
     10.584000  5.556000  0.529000
     10.584000  5.821000  0.529000
     10.584000  6.086000  0.529000
     10.584000  6.350000  0.529000
     10.584000  6.615000  0.529000
     10.584000  6.879000  0.529000
     10.584000  7.144000  0.529000
     10.584000  7.408000  0.529000
     10.584000  7.673000  0.529000
     10.584000  7.938000  0.529000
     10.584000  8.202000  0.529000
     10.584000  8.467000  0.529000
     10.584000  8.731000  0.529000
     10.584000  8.996000  0.529000
     10.584000  9.261000  0.529000
     10.584000  9.525000  0.529000
     10.584000  9.790000  0.529000
     10.584000  10.054000  0.529000
     10.584000  10.319000  0.529000
     10.584000  10.584000  0.529000

POINT_DATA 6561
VECTORS point_vectors float
    -0.000137  0.000227  0.000026
    -0.000137  0.000227  0.000026
    -0.000137  0.000227  0.000026
    -0.000137  0.000227  0.000026
    -0.000137  0.000227  0.000026
    -0.000137  0.000227  0.000026
    -0.000137  0.000227  0.000026
    -0.000137  0.000227  0.000026
    -0.000137  0.000227  0.000026
    -0.000137  0.000227  0.000026
    -0.000137  0.000227  0.000026
    -0.000137  0.000227  0.000026
    -0.000137  0.000227  0.000026
    -0.000137  0.000227  0.000026
    -0.000137  0.000227  0.000026
    -0.000137  0.000227  0.000026
    -0.000137  0.000227  0.000026
    -0.000137  0.000227  0.000026
    -0.000164  0.000412  0.000026
    -0.000186  0.000494  0.000026
    -0.000222  0.000615  0.000026
    -0.000243  0.000685  0.000026
    -0.000259  0.000737  0.000026
    -0.000274  0.000785  0.000026
    -0.000283  0.000811  0.000026
    -0.000284  0.000812  0.000026
    -0.000281  0.000801  0.000026
    -0.000275  0.000781  0.000026
    -0.000284  0.000815  0.000026
    -0.000297  0.000864  0.000026
    -0.000291  0.000843  0.000026
    -0.000272  0.000778  0.000026
    -0.000263  0.000752  0.000026
    -0.000252  0.000720  0.000026
    -0.000246  0.000700  0.000026
    -0.000240  0.000684  0.000026
    -0.000235  0.000669  0.000026
    -0.000232  0.000660  0.000026
    -0.000233  0.000662  0.000026
    -0.000237  0.000676  0.000026
    -0.000241  0.000688  0.000026
    -0.000244  0.000699  0.000026
    -0.000231  0.000651  0.000026
    -0.000235  0.000663  0.000026
    -0.000239  0.000674  0.000026
    -0.000240  0.000677  0.000026
    -0.000241  0.000682  0.000026
    -0.000243  0.000686  0.000026
    -0.000249  0.000704  0.000026
    -0.000257  0.000726  0.000026
    -0.000262  0.000741  0.000026
    -0.000266  0.000751  0.000026
    -0.000265  0.000744  0.000026
    -0.000265  0.000742  0.000026
    -0.000253  0.000702  0.000026
    -0.000278  0.000701  0.000026
    -0.000323  0.000697  0.000026
    -0.000335  0.000672  0.000026
    -0.000266  0.000598  0.000026
    -0.000194  0.000506  0.000026
    -0.000174  0.000441  0.000026
    -0.000137  0.000227  0.000026
    -0.000137  0.000227  0.000026
    -0.000137  0.000227  0.000026
    -0.000137  0.000227  0.000026
    -0.000137  0.000227  0.000026
    -0.000137  0.000227  0.000026
    -0.000137  0.000227  0.000026
    -0.000137  0.000227  0.000026
    -0.000137  0.000227  0.000026
    -0.000137  0.000227  0.000026
    -0.000137  0.000227  0.000026
    -0.000137  0.000227  0.000026
    -0.000137  0.000227  0.000026
    -0.000137  0.000227  0.000026
    -0.000137  0.000227  0.000026
    -0.000137  0.000227  0.000026
    -0.000137  0.000227  0.000026
    -0.000137  0.000227  0.000026
    -0.000137  0.000227  0.000026
    -0.000137  0.000227  0.000026
    -0.000137  0.000227  0.000026
    -0.000137  0.000227  0.000026
    -0.000137  0.000227  0.000026
    -0.000137  0.000227  0.000026
    -0.000137  0.000227  0.000026
    -0.000137  0.000227  0.000026
    -0.000137  0.000227  0.000026
    -0.000137  0.000227  0.000026
    -0.000137  0.000227  0.000026
    -0.000137  0.000227  0.000026
    -0.000137  0.000227  0.000026
    -0.000137  0.000227  0.000026
    -0.000137  0.000227  0.000026
    -0.000137  0.000227  0.000026
    -0.000137  0.000227  0.000026
    -0.000137  0.000227  0.000026
    -0.000137  0.000227  0.000026
    -0.000169  0.000435  0.000026
    -0.000189  0.000500  0.000026
    -0.000221  0.000607  0.000026
    -0.000240  0.000668  0.000026
    -0.000225  0.000734  0.000026
    -0.000194  0.000796  0.000026
    -0.000201  0.000815  0.000026
    -0.000266  0.000770  0.000026
    -0.000288  0.000822  0.000026
    -0.000277  0.000780  0.000026
    -0.000280  0.000795  0.000026
    -0.000270  0.000762  0.000026
    -0.000255  0.000712  0.000026
    -0.000237  0.000655  0.000026
    -0.000225  0.000619  0.000026
    -0.000213  0.000586  0.000026
    -0.000207  0.000567  0.000026
    -0.000206  0.000568  0.000026
    -0.000203  0.000557  0.000026
    -0.000205  0.000570  0.000026
    -0.000204  0.000568  0.000026
    -0.000201  0.000558  0.000026
    -0.000198  0.000550  0.000026
    -0.000191  0.000525  0.000026
    -0.000193  0.000530  0.000026
    -0.000195  0.000537  0.000026
    -0.000198  0.000545  0.000026
    -0.000205  0.000565  0.000026
    -0.000196  0.000526  0.000026
    -0.000205  0.000556  0.000026
    -0.000208  0.000562  0.000026
    -0.000212  0.000578  0.000026
    -0.000221  0.000605  0.000026
    -0.000229  0.000628  0.000026
    -0.000238  0.000654  0.000026
    -0.000246  0.000676  0.000026
    -0.000251  0.000686  0.000026
    -0.000282  0.000699  0.000026
    -0.000273  0.000667  0.000026
    -0.000364  0.000697  0.000026
    -0.000408  0.000705  0.000026
    -0.000340  0.000666  0.000026
    -0.000277  0.000610  0.000026
    -0.000214  0.000519  0.000026
    -0.000175  0.000441  0.000026
    -0.000137  0.000227  0.000026
    -0.000137  0.000227  0.000026
    -0.000137  0.000227  0.000026
    -0.000137  0.000227  0.000026
    -0.000137  0.000227  0.000026
    -0.000137  0.000227  0.000026
    -0.000137  0.000227  0.000026
    -0.000137  0.000227  0.000026
    -0.000137  0.000227  0.000026
    -0.000137  0.000227  0.000026
    -0.000137  0.000227  0.000026
    -0.000137  0.000227  0.000026
    -0.000137  0.000227  0.000026
    -0.000137  0.000227  0.000026
    -0.000137  0.000227  0.000026
    -0.000137  0.000227  0.000026
    -0.000137  0.000227  0.000026
    -0.000137  0.000227  0.000026
    -0.000137  0.000227  0.000026
    -0.000137  0.000227  0.000026
    -0.000137  0.000227  0.000026
    -0.000137  0.000227  0.000026
    -0.000137  0.000227  0.000026
    -0.000137  0.000227  0.000026
    -0.000137  0.000227  0.000026
    -0.000137  0.000227  0.000026
    -0.000137  0.000227  0.000026
    -0.000137  0.000227  0.000026
    -0.000137  0.000227  0.000026
    -0.000137  0.000227  0.000026
    -0.000137  0.000227  0.000026
    -0.000137  0.000227  0.000026
    -0.000137  0.000227  0.000026
    -0.000137  0.000227  0.000026
    -0.000149  0.000312  0.000026
    -0.000170  0.000435  0.000026
    -0.000189  0.000497  0.000026
    -0.000217  0.000586  0.000026
    -0.000215  0.000656  0.000026
    -0.000201  0.000723  0.000026
    -0.000178  0.000768  0.000026
    -0.000146  0.000850  0.000026
    -0.000126  0.000847  0.000026
    -0.000225  0.000778  0.000026
    -0.000259  0.000714  0.000026
    -0.000264  0.000735  0.000026
    -0.000251  0.000694  0.000026
    -0.000228  0.000621  0.000026
    -0.000210  0.000565  0.000026
    -0.000193  0.000517  0.000026
    -0.000181  0.000481  0.000026
    -0.000173  0.000459  0.000026
    -0.000154  0.000349  0.000026
    -0.000137  0.000227  0.000026
    -0.000137  0.000227  0.000026
    -0.000137  0.000227  0.000026
    -0.000137  0.000227  0.000026
    -0.000137  0.000227  0.000026
    -0.000137  0.000227  0.000026
    -0.000153  0.000340  0.000026
    -0.000158  0.000376  0.000026
    -0.000163  0.000405  0.000026
    -0.000169  0.000447  0.000026
    -0.000175  0.000478  0.000026
    -0.000178  0.000485  0.000026
    -0.000184  0.000500  0.000026
    -0.000193  0.000524  0.000026
    -0.000189  0.000503  0.000026
    -0.000195  0.000520  0.000026
    -0.000198  0.000524  0.000026
    -0.000203  0.000536  0.000026
    -0.000209  0.000549  0.000026
    -0.000225  0.000596  0.000026
    -0.000232  0.000613  0.000026
    -0.000382  0.000687  0.000026
    -0.000335  0.000643  0.000026
    -0.000394  0.000667  0.000026
    -0.000331  0.000648  0.000026
    -0.000271  0.000620  0.000026
    -0.000220  0.000578  0.000026
    -0.000192  0.000510  0.000026
    -0.000176  0.000439  0.000026
    -0.000137  0.000227  0.000026
    -0.000137  0.000227  0.000026
    -0.000137  0.000227  0.000026
    -0.000137  0.000227  0.000026
    -0.000137  0.000227  0.000026
    -0.000137  0.000227  0.000026
    -0.000137  0.000227  0.000026
    -0.000137  0.000227  0.000026
    -0.000137  0.000227  0.000026
    -0.000137  0.000227  0.000026
    -0.000137  0.000227  0.000026
    -0.000137  0.000227  0.000026
    -0.000137  0.000227  0.000026
    -0.000137  0.000227  0.000026
    -0.000137  0.000227  0.000026
    -0.000137  0.000227  0.000026
    -0.000137  0.000227  0.000026
    -0.000137  0.000227  0.000026
    -0.000137  0.000227  0.000026
    -0.000137  0.000227  0.000026
    -0.000137  0.000227  0.000026
    -0.000137  0.000227  0.000026
    -0.000137  0.000227  0.000026
    -0.000137  0.000227  0.000026
    -0.000137  0.000227  0.000026
    -0.000137  0.000227  0.000026
    -0.000137  0.000227  0.000026
    -0.000137  0.000227  0.000026
    -0.000137  0.000227  0.000026
    -0.000137  0.000227  0.000026
    -0.000137  0.000227  0.000026
    -0.000137  0.000227  0.000026
    -0.000149  0.000310  0.000026
    -0.000169  0.000428  0.000026
    -0.000186  0.000483  0.000026
    -0.000197  0.000515  0.000026
    -0.000247  0.000611  0.000026
    -0.000249  0.000637  0.000026
    -0.000225  0.000734  0.000026
    -0.000194  0.000804  0.000026
    -0.000152  0.000830  0.000026
    -0.000133  0.000801  0.000026
    -0.000249  0.000676  0.000026
    -0.000246  0.000671  0.000026
    -0.000233  0.000633  0.000026
    -0.000208  0.000554  0.000026
    -0.000187  0.000495  0.000026
    -0.000172  0.000454  0.000026
    -0.000137  0.000227  0.000026
    -0.000137  0.000227  0.000026
    -0.000137  0.000227  0.000026
    -0.000137  0.000227  0.000026
    -0.000137  0.000227  0.000026
    -0.000137  0.000227  0.000026
    -0.000137  0.000227  0.000026
    -0.000137  0.000227  0.000026
    -0.000137  0.000227  0.000026
    -0.000137  0.000227  0.000026
    -0.000137  0.000227  0.000026
    -0.000137  0.000227  0.000026
    -0.000137  0.000227  0.000026
    -0.000137  0.000227  0.000026
    -0.000143  0.000271  0.000026
    -0.000151  0.000324  0.000026
    -0.000161  0.000398  0.000026
    -0.000157  0.000363  0.000026
    -0.000170  0.000453  0.000026
    -0.000174  0.000460  0.000026
    -0.000171  0.000439  0.000026
    -0.000178  0.000456  0.000026
    -0.000181  0.000462  0.000026
    -0.000189  0.000478  0.000026
    -0.000195  0.000488  0.000026
    -0.000202  0.000501  0.000026
    -0.000362  0.000601  0.000026
    -0.000372  0.000607  0.000026
    -0.000313  0.000602  0.000026
    -0.000251  0.000587  0.000026
    -0.000193  0.000563  0.000026
    -0.000154  0.000530  0.000026
    -0.000147  0.000480  0.000026
    -0.000175  0.000428  0.000026
    -0.000137  0.000227  0.000026
    -0.000137  0.000227  0.000026
    -0.000137  0.000227  0.000026
    -0.000137  0.000227  0.000026
    -0.000137  0.000227  0.000026
    -0.000137  0.000227  0.000026
    -0.000137  0.000227  0.000026
    -0.000137  0.000227  0.000026
    -0.000137  0.000227  0.000026
    -0.000137  0.000227  0.000026
    -0.000137  0.000227  0.000026
    -0.000137  0.000227  0.000026
    -0.000137  0.000227  0.000026
    -0.000137  0.000227  0.000026
    -0.000137  0.000227  0.000026
    -0.000137  0.000227  0.000026
    -0.000137  0.000227  0.000026
    -0.000137  0.000227  0.000026
    -0.000137  0.000227  0.000026
    -0.000137  0.000227  0.000026
    -0.000137  0.000227  0.000026
    -0.000137  0.000227  0.000026
    -0.000137  0.000227  0.000026
    -0.000137  0.000227  0.000026
    -0.000137  0.000227  0.000026
    -0.000137  0.000227  0.000026
    -0.000137  0.000227  0.000026
    -0.000137  0.000227  0.000026
    -0.000137  0.000227  0.000026
    -0.000137  0.000227  0.000026
    -0.000144  0.000274  0.000026
    -0.000173  0.000434  0.000026
    -0.000182  0.000465  0.000026
    -0.000191  0.000493  0.000026
    -0.000280  0.000523  0.000026
    -0.000287  0.000563  0.000026
    -0.000259  0.000710  0.000026
    -0.000232  0.000779  0.000026
    -0.000193  0.000809  0.000026
    -0.000160  0.000762  0.000026
    -0.000229  0.000633  0.000026
    -0.000233  0.000627  0.000026
    -0.000218  0.000584  0.000026
    -0.000196  0.000517  0.000026
    -0.000173  0.000452  0.000026
    -0.000137  0.000227  0.000026
    -0.000137  0.000227  0.000026
    -0.000137  0.000227  0.000026
    -0.000137  0.000227  0.000026
    -0.000137  0.000227  0.000026
    -0.000137  0.000227  0.000026
    -0.000137  0.000227  0.000026
    -0.000137  0.000227  0.000026
    -0.000137  0.000227  0.000026
    -0.000137  0.000227  0.000026
    -0.000137  0.000227  0.000026
    -0.000137  0.000227  0.000026
    -0.000137  0.000227  0.000026
    -0.000137  0.000227  0.000026
    -0.000137  0.000227  0.000026
    -0.000137  0.000227  0.000026
    -0.000137  0.000227  0.000026
    -0.000137  0.000227  0.000026
    -0.000137  0.000227  0.000026
    -0.000137  0.000227  0.000026
    -0.000137  0.000227  0.000026
    -0.000139  0.000245  0.000026
    -0.000162  0.000402  0.000026
    -0.000152  0.000329  0.000026
    -0.000173  0.000447  0.000026
    -0.000183  0.000470  0.000026
    -0.000187  0.000473  0.000026
    -0.000193  0.000479  0.000026
    -0.000197  0.000480  0.000026
    -0.000278  0.000519  0.000026
    -0.000260  0.000500  0.000026
    -0.000197  0.000493  0.000026
    -0.000145  0.000489  0.000026
    -0.000115  0.000502  0.000026
    -0.000089  0.000475  0.000026
    -0.000096  0.000442  0.000026
    -0.000123  0.000394  0.000026
    -0.000137  0.000227  0.000026
    -0.000137  0.000227  0.000026
    -0.000137  0.000227  0.000026
    -0.000137  0.000227  0.000026
    -0.000137  0.000227  0.000026
    -0.000137  0.000227  0.000026
    -0.000137  0.000227  0.000026
    -0.000137  0.000227  0.000026
    -0.000137  0.000227  0.000026
    -0.000137  0.000227  0.000026
    -0.000137  0.000227  0.000026
    -0.000137  0.000227  0.000026
    -0.000137  0.000227  0.000026
    -0.000137  0.000227  0.000026
    -0.000137  0.000227  0.000026
    -0.000137  0.000227  0.000026
    -0.000137  0.000227  0.000026
    -0.000137  0.000227  0.000026
    -0.000137  0.000227  0.000026
    -0.000137  0.000227  0.000026
    -0.000137  0.000227  0.000026
    -0.000137  0.000227  0.000026
    -0.000137  0.000227  0.000026
    -0.000137  0.000227  0.000026
    -0.000137  0.000227  0.000026
    -0.000137  0.000227  0.000026
    -0.000137  0.000227  0.000026
    -0.000137  0.000227  0.000026
    -0.000137  0.000227  0.000026
    -0.000168  0.000416  0.000026
    -0.000177  0.000446  0.000026
    -0.000179  0.000449  0.000026
    -0.000303  0.000459  0.000026
    -0.000310  0.000604  0.000026
    -0.000296  0.000694  0.000026
    -0.000268  0.000755  0.000026
    -0.000238  0.000765  0.000026
    -0.000205  0.000714  0.000026
    -0.000181  0.000627  0.000026
    -0.000222  0.000589  0.000026
    -0.000210  0.000554  0.000026
    -0.000186  0.000483  0.000026
    -0.000142  0.000265  0.000026
    -0.000137  0.000227  0.000026
    -0.000137  0.000227  0.000026
    -0.000137  0.000227  0.000026
    -0.000137  0.000227  0.000026
    -0.000137  0.000227  0.000026
    -0.000137  0.000227  0.000026
    -0.000137  0.000227  0.000026
    -0.000137  0.000227  0.000026
    -0.000137  0.000227  0.000026
    -0.000137  0.000227  0.000026
    -0.000137  0.000227  0.000026
    -0.000137  0.000227  0.000026
    -0.000137  0.000227  0.000026
    -0.000137  0.000227  0.000026
    -0.000137  0.000227  0.000026
    -0.000137  0.000227  0.000026
    -0.000137  0.000227  0.000026
    -0.000137  0.000227  0.000026
    -0.000137  0.000227  0.000026
    -0.000137  0.000227  0.000026
    -0.000137  0.000227  0.000026
    -0.000137  0.000227  0.000026
    -0.000142  0.000261  0.000026
    -0.000157  0.000368  0.000026
    -0.000177  0.000502  0.000026
    -0.000184  0.000515  0.000026
    -0.000187  0.000509  0.000026
    -0.000197  0.000530  0.000026
    -0.000186  0.000472  0.000026
    -0.000192  0.000477  0.000026
    -0.000289  0.000509  0.000026
    -0.000233  0.000497  0.000026
    -0.000205  0.000453  0.000026
    -0.000138  0.000455  0.000026
    -0.000071  0.000432  0.000026
    -0.000019  0.000403  0.000026
    -0.000020  0.000393  0.000026
    -0.000049  0.000397  0.000026
    -0.000157  0.000368  0.000026
    -0.000137  0.000227  0.000026
    -0.000137  0.000227  0.000026
    -0.000137  0.000227  0.000026
    -0.000137  0.000227  0.000026
    -0.000137  0.000227  0.000026
    -0.000137  0.000227  0.000026
    -0.000137  0.000227  0.000026
    -0.000137  0.000227  0.000026
    -0.000137  0.000227  0.000026
    -0.000137  0.000227  0.000026
    -0.000137  0.000227  0.000026
    -0.000137  0.000227  0.000026
    -0.000137  0.000227  0.000026
    -0.000137  0.000227  0.000026
    -0.000137  0.000227  0.000026
    -0.000137  0.000227  0.000026
    -0.000137  0.000227  0.000026
    -0.000137  0.000227  0.000026
    -0.000137  0.000227  0.000026
    -0.000137  0.000227  0.000026
    -0.000137  0.000227  0.000026
    -0.000137  0.000227  0.000026
    -0.000137  0.000227  0.000026
    -0.000137  0.000227  0.000026
    -0.000137  0.000227  0.000026
    -0.000137  0.000227  0.000026
    -0.000137  0.000227  0.000026
    -0.000163  0.000395  0.000026
    -0.000251  0.000403  0.000026
    -0.000170  0.000414  0.000026
    -0.000315  0.000420  0.000026
    -0.000333  0.000574  0.000026
    -0.000331  0.000669  0.000026
    -0.000300  0.000725  0.000026
    -0.000277  0.000721  0.000026
    -0.000248  0.000668  0.000026
    -0.000221  0.000584  0.000026
    -0.000228  0.000550  0.000026
    -0.000204  0.000534  0.000026
    -0.000185  0.000481  0.000026
    -0.000137  0.000227  0.000026
    -0.000137  0.000227  0.000026
    -0.000137  0.000227  0.000026
    -0.000137  0.000227  0.000026
    -0.000137  0.000227  0.000026
    -0.000137  0.000227  0.000026
    -0.000137  0.000227  0.000026
    -0.000137  0.000227  0.000026
    -0.000137  0.000227  0.000026
    -0.000137  0.000227  0.000026
    -0.000137  0.000227  0.000026
    -0.000137  0.000227  0.000026
    -0.000137  0.000227  0.000026
    -0.000137  0.000227  0.000026
    -0.000137  0.000227  0.000026
    -0.000137  0.000227  0.000026
    -0.000137  0.000227  0.000026
    -0.000137  0.000227  0.000026
    -0.000137  0.000227  0.000026
    -0.000137  0.000227  0.000026
    -0.000137  0.000227  0.000026
    -0.000141  0.000257  0.000026
    -0.000153  0.000342  0.000026
    -0.000172  0.000473  0.000026
    -0.000158  0.000377  0.000026
    -0.000165  0.000422  0.000026
    -0.000174  0.000484  0.000026
    -0.000175  0.000490  0.000026
    -0.000181  0.000520  0.000026
    -0.000186  0.000516  0.000026
    -0.000201  0.000549  0.000026
    -0.000208  0.000554  0.000026
    -0.000215  0.000554  0.000026
    -0.000301  0.000576  0.000026
    -0.000187  0.000476  0.000026
    -0.000151  0.000437  0.000026
    -0.000074  0.000414  0.000026
    -0.000007  0.000390  0.000026
     0.000028  0.000368  0.000026
     0.000021  0.000341  0.000026
    -0.000005  0.000327  0.000026
    -0.000146  0.000289  0.000026
    -0.000137  0.000227  0.000026
    -0.000137  0.000227  0.000026
    -0.000137  0.000227  0.000026
    -0.000137  0.000227  0.000026
    -0.000137  0.000227  0.000026
    -0.000137  0.000227  0.000026
    -0.000137  0.000227  0.000026
    -0.000137  0.000227  0.000026
    -0.000137  0.000227  0.000026
    -0.000137  0.000227  0.000026
    -0.000137  0.000227  0.000026
    -0.000137  0.000227  0.000026
    -0.000137  0.000227  0.000026
    -0.000137  0.000227  0.000026
    -0.000137  0.000227  0.000026
    -0.000137  0.000227  0.000026
    -0.000137  0.000227  0.000026
    -0.000137  0.000227  0.000026
    -0.000137  0.000227  0.000026
    -0.000137  0.000227  0.000026
    -0.000137  0.000227  0.000026
    -0.000137  0.000227  0.000026
    -0.000137  0.000227  0.000026
    -0.000137  0.000227  0.000026
    -0.000137  0.000227  0.000026
    -0.000151  0.000323  0.000026
    -0.000287  0.000358  0.000026
    -0.000165  0.000393  0.000026
    -0.000225  0.000392  0.000026
    -0.000353  0.000538  0.000026
    -0.000361  0.000634  0.000026
    -0.000340  0.000694  0.000026
    -0.000314  0.000679  0.000026
    -0.000290  0.000625  0.000026
    -0.000256  0.000555  0.000026
    -0.000247  0.000555  0.000026
    -0.000202  0.000524  0.000026
    -0.000177  0.000457  0.000026
    -0.000137  0.000227  0.000026
    -0.000137  0.000227  0.000026
    -0.000137  0.000227  0.000026
    -0.000137  0.000227  0.000026
    -0.000137  0.000227  0.000026
    -0.000137  0.000227  0.000026
    -0.000137  0.000227  0.000026
    -0.000137  0.000227  0.000026
    -0.000137  0.000227  0.000026
    -0.000137  0.000227  0.000026
    -0.000137  0.000227  0.000026
    -0.000137  0.000227  0.000026
    -0.000137  0.000227  0.000026
    -0.000137  0.000227  0.000026
    -0.000161  0.000393  0.000026
    -0.000179  0.000515  0.000026
    -0.000181  0.000514  0.000026
    -0.000179  0.000509  0.000026
    -0.000178  0.000507  0.000026
    -0.000177  0.000503  0.000026
    -0.000158  0.000372  0.000026
    -0.000141  0.000259  0.000026
    -0.000137  0.000227  0.000026
    -0.000139  0.000245  0.000026
    -0.000165  0.000425  0.000026
    -0.000187  0.000574  0.000026
    -0.000186  0.000570  0.000026
    -0.000184  0.000551  0.000026
    -0.000193  0.000592  0.000026
    -0.000191  0.000577  0.000026
    -0.000186  0.000548  0.000026
    -0.000186  0.000525  0.000026
    -0.000201  0.000554  0.000026
    -0.000209  0.000556  0.000026
    -0.000318  0.000587  0.000026
    -0.000256  0.000568  0.000026
    -0.000174  0.000529  0.000026
    -0.000092  0.000415  0.000026
    -0.000011  0.000364  0.000026
     0.000054  0.000348  0.000026
     0.000068  0.000331  0.000026
     0.000054  0.000312  0.000026
     0.000010  0.000291  0.000026
    -0.000137  0.000227  0.000026
    -0.000137  0.000227  0.000026
    -0.000137  0.000227  0.000026
    -0.000137  0.000227  0.000026
    -0.000137  0.000227  0.000026
    -0.000137  0.000227  0.000026
    -0.000137  0.000227  0.000026
    -0.000137  0.000227  0.000026
    -0.000137  0.000227  0.000026
    -0.000137  0.000227  0.000026
    -0.000137  0.000227  0.000026
    -0.000137  0.000227  0.000026
    -0.000137  0.000227  0.000026
    -0.000137  0.000227  0.000026
    -0.000137  0.000227  0.000026
    -0.000137  0.000227  0.000026
    -0.000137  0.000227  0.000026
    -0.000137  0.000227  0.000026
    -0.000137  0.000227  0.000026
    -0.000137  0.000227  0.000026
    -0.000137  0.000227  0.000026
    -0.000137  0.000227  0.000026
    -0.000137  0.000227  0.000026
    -0.000137  0.000227  0.000026
    -0.000137  0.000227  0.000026
    -0.000236  0.000325  0.000026
    -0.000340  0.000302  0.000026
    -0.000257  0.000360  0.000026
    -0.000368  0.000498  0.000026
    -0.000384  0.000593  0.000026
    -0.000378  0.000654  0.000026
    -0.000342  0.000637  0.000026
    -0.000322  0.000595  0.000026
    -0.000286  0.000554  0.000026
    -0.000275  0.000546  0.000026
    -0.000214  0.000496  0.000026
    -0.000175  0.000450  0.000026
    -0.000137  0.000227  0.000026
    -0.000137  0.000227  0.000026
    -0.000137  0.000227  0.000026
    -0.000137  0.000227  0.000026
    -0.000137  0.000227  0.000026
    -0.000137  0.000227  0.000026
    -0.000137  0.000227  0.000026
    -0.000137  0.000227  0.000026
    -0.000137  0.000227  0.000026
    -0.000137  0.000227  0.000026
    -0.000137  0.000227  0.000026
    -0.000137  0.000227  0.000026
    -0.000137  0.000227  0.000026
    -0.000157  0.000368  0.000026
    -0.000180  0.000500  0.000026
    -0.000189  0.000517  0.000026
    -0.000203  0.000549  0.000026
    -0.000218  0.000585  0.000026
    -0.000223  0.000596  0.000026
    -0.000219  0.000582  0.000026
    -0.000215  0.000574  0.000026
    -0.000209  0.000570  0.000026
    -0.000202  0.000567  0.000026
    -0.000194  0.000562  0.000026
    -0.000185  0.000555  0.000026
    -0.000167  0.000435  0.000026
    -0.000175  0.000490  0.000026
    -0.000190  0.000591  0.000026
    -0.000192  0.000612  0.000026
    -0.000192  0.000607  0.000026
    -0.000195  0.000606  0.000026
    -0.000195  0.000597  0.000026
    -0.000196  0.000585  0.000026
    -0.000188  0.000536  0.000026
    -0.000204  0.000562  0.000026
    -0.000213  0.000565  0.000026
    -0.000297  0.000591  0.000026
    -0.000204  0.000553  0.000026
    -0.000156  0.000501  0.000026
    -0.000043  0.000443  0.000026
     0.000057  0.000331  0.000026
     0.000102  0.000312  0.000026
     0.000097  0.000299  0.000026
     0.000069  0.000284  0.000026
    -0.000119  0.000225  0.000026
    -0.000137  0.000227  0.000026
    -0.000137  0.000227  0.000026
    -0.000137  0.000227  0.000026
    -0.000137  0.000227  0.000026
    -0.000137  0.000227  0.000026
    -0.000137  0.000227  0.000026
    -0.000137  0.000227  0.000026
    -0.000137  0.000227  0.000026
    -0.000137  0.000227  0.000026
    -0.000137  0.000227  0.000026
    -0.000137  0.000227  0.000026
    -0.000137  0.000227  0.000026
    -0.000137  0.000227  0.000026
    -0.000137  0.000227  0.000026
    -0.000137  0.000227  0.000026
    -0.000137  0.000227  0.000026
    -0.000137  0.000227  0.000026
    -0.000137  0.000227  0.000026
    -0.000137  0.000227  0.000026
    -0.000137  0.000227  0.000026
    -0.000137  0.000227  0.000026
    -0.000137  0.000227  0.000026
    -0.000137  0.000227  0.000026
    -0.000169  0.000211  0.000026
    -0.000356  0.000272  0.000026
    -0.000354  0.000316  0.000026
    -0.000340  0.000429  0.000026
    -0.000403  0.000546  0.000026
    -0.000411  0.000609  0.000026
    -0.000384  0.000603  0.000026
    -0.000348  0.000581  0.000026
    -0.000320  0.000539  0.000026
    -0.000274  0.000489  0.000026
    -0.000284  0.000432  0.000026
    -0.000170  0.000434  0.000026
    -0.000137  0.000227  0.000026
    -0.000137  0.000227  0.000026
    -0.000137  0.000227  0.000026
    -0.000137  0.000227  0.000026
    -0.000137  0.000227  0.000026
    -0.000137  0.000227  0.000026
    -0.000137  0.000227  0.000026
    -0.000137  0.000227  0.000026
    -0.000137  0.000227  0.000026
    -0.000137  0.000227  0.000026
    -0.000137  0.000227  0.000026
    -0.000137  0.000227  0.000026
    -0.000164  0.000415  0.000026
    -0.000188  0.000496  0.000026
    -0.000197  0.000505  0.000026
    -0.000211  0.000534  0.000026
    -0.000226  0.000580  0.000026
    -0.000223  0.000573  0.000026
    -0.000219  0.000561  0.000026
    -0.000222  0.000563  0.000026
    -0.000224  0.000566  0.000026
    -0.000223  0.000562  0.000026
    -0.000215  0.000540  0.000026
    -0.000198  0.000496  0.000026
    -0.000189  0.000493  0.000026
    -0.000185  0.000504  0.000026
    -0.000180  0.000522  0.000026
    -0.000155  0.000351  0.000026
    -0.000145  0.000287  0.000026
    -0.000169  0.000453  0.000026
    -0.000183  0.000548  0.000026
    -0.000180  0.000529  0.000026
    -0.000188  0.000579  0.000026
    -0.000189  0.000581  0.000026
    -0.000191  0.000567  0.000026
    -0.000184  0.000524  0.000026
    -0.000200  0.000541  0.000026
    -0.000237  0.000555  0.000026
    -0.000231  0.000556  0.000026
    -0.000143  0.000534  0.000026
    -0.000078  0.000481  0.000026
     0.000043  0.000404  0.000026
     0.000116  0.000339  0.000026
     0.000134  0.000281  0.000026
     0.000125  0.000267  0.000026
     0.000069  0.000263  0.000026
    -0.000137  0.000227  0.000026
    -0.000137  0.000227  0.000026
    -0.000137  0.000227  0.000026
    -0.000137  0.000227  0.000026
    -0.000137  0.000227  0.000026
    -0.000137  0.000227  0.000026
    -0.000137  0.000227  0.000026
    -0.000137  0.000227  0.000026
    -0.000137  0.000227  0.000026
    -0.000137  0.000227  0.000026
    -0.000137  0.000227  0.000026
    -0.000137  0.000227  0.000026
    -0.000137  0.000227  0.000026
    -0.000137  0.000227  0.000026
    -0.000137  0.000227  0.000026
    -0.000137  0.000227  0.000026
    -0.000137  0.000227  0.000026
    -0.000137  0.000227  0.000026
    -0.000137  0.000227  0.000026
    -0.000137  0.000227  0.000026
    -0.000137  0.000227  0.000026
    -0.000137  0.000227  0.000026
    -0.000137  0.000227  0.000026
    -0.000355  0.000216  0.000026
    -0.000375  0.000287  0.000026
    -0.000362  0.000396  0.000026
    -0.000416  0.000495  0.000026
    -0.000434  0.000559  0.000026
    -0.000422  0.000581  0.000026
    -0.000375  0.000563  0.000026
    -0.000346  0.000522  0.000026
    -0.000312  0.000463  0.000026
    -0.000325  0.000377  0.000026
    -0.000151  0.000324  0.000026
    -0.000137  0.000227  0.000026
    -0.000137  0.000227  0.000026
    -0.000137  0.000227  0.000026
    -0.000137  0.000227  0.000026
    -0.000137  0.000227  0.000026
    -0.000137  0.000227  0.000026
    -0.000137  0.000227  0.000026
    -0.000137  0.000227  0.000026
    -0.000137  0.000227  0.000026
    -0.000158  0.000374  0.000026
    -0.000187  0.000547  0.000026
    -0.000204  0.000570  0.000026
    -0.000224  0.000597  0.000026
    -0.000237  0.000609  0.000026
    -0.000244  0.000613  0.000026
    -0.000245  0.000609  0.000026
    -0.000241  0.000592  0.000026
    -0.000232  0.000554  0.000026
    -0.000222  0.000519  0.000026
    -0.000214  0.000499  0.000026
    -0.000231  0.000576  0.000026
    -0.000221  0.000546  0.000026
    -0.000213  0.000522  0.000026
    -0.000212  0.000517  0.000026
    -0.000210  0.000508  0.000026
    -0.000198  0.000482  0.000026
    -0.000187  0.000471  0.000026
    -0.000182  0.000480  0.000026
    -0.000175  0.000489  0.000026
    -0.000159  0.000384  0.000026
    -0.000159  0.000383  0.000026
    -0.000183  0.000547  0.000026
    -0.000188  0.000579  0.000026
    -0.000157  0.000367  0.000026
    -0.000170  0.000455  0.000026
    -0.000176  0.000497  0.000026
    -0.000184  0.000544  0.000026
    -0.000182  0.000512  0.000026
    -0.000193  0.000505  0.000026
    -0.000235  0.000519  0.000026
    -0.000154  0.000503  0.000026
    -0.000119  0.000493  0.000026
     0.000019  0.000440  0.000026
     0.000133  0.000366  0.000026
     0.000173  0.000300  0.000026
     0.000171  0.000245  0.000026
     0.000130  0.000245  0.000026
    -0.000006  0.000212  0.000026
    -0.000137  0.000227  0.000026
    -0.000137  0.000227  0.000026
    -0.000137  0.000227  0.000026
    -0.000137  0.000227  0.000026
    -0.000137  0.000227  0.000026
    -0.000137  0.000227  0.000026
    -0.000137  0.000227  0.000026
    -0.000137  0.000227  0.000026
    -0.000137  0.000227  0.000026
    -0.000137  0.000227  0.000026
    -0.000137  0.000227  0.000026
    -0.000137  0.000227  0.000026
    -0.000137  0.000227  0.000026
    -0.000137  0.000227  0.000026
    -0.000137  0.000227  0.000026
    -0.000137  0.000227  0.000026
    -0.000137  0.000227  0.000026
    -0.000137  0.000227  0.000026
    -0.000137  0.000227  0.000026
    -0.000137  0.000227  0.000026
    -0.000137  0.000227  0.000026
    -0.000255  0.000169  0.000026
    -0.000392  0.000255  0.000026
    -0.000423  0.000358  0.000026
    -0.000386  0.000427  0.000026
    -0.000450  0.000503  0.000026
    -0.000455  0.000548  0.000026
    -0.000417  0.000542  0.000026
    -0.000367  0.000499  0.000026
    -0.000356  0.000388  0.000026
    -0.000358  0.000354  0.000026
    -0.000198  0.000371  0.000026
    -0.000137  0.000227  0.000026
    -0.000137  0.000227  0.000026
    -0.000137  0.000227  0.000026
    -0.000137  0.000227  0.000026
    -0.000137  0.000227  0.000026
    -0.000137  0.000227  0.000026
    -0.000137  0.000227  0.000026
    -0.000190  0.000584  0.000026
    -0.000204  0.000620  0.000026
    -0.000232  0.000685  0.000026
    -0.000251  0.000720  0.000026
    -0.000266  0.000742  0.000026
    -0.000294  0.000858  0.000026
    -0.000374  0.002037  0.000026
    -0.000404  0.002494  0.000026
    -0.000390  0.002331  0.000026
    -0.000335  0.001562  0.000026
    -0.000317  0.001292  0.000026
    -0.000273  0.000657  0.000026
    -0.000246  0.000569  0.000026
    -0.000237  0.000533  0.000026
    -0.000223  0.000494  0.000026
    -0.000214  0.000480  0.000026
    -0.000221  0.000505  0.000026
    -0.000216  0.000488  0.000026
    -0.000214  0.000484  0.000026
    -0.000212  0.000477  0.000026
    -0.000203  0.000458  0.000026
    -0.000187  0.000440  0.000026
    -0.000179  0.000446  0.000026
    -0.000174  0.000485  0.000026
    -0.000142  0.000261  0.000026
    -0.000150  0.000320  0.000026
    -0.000181  0.000533  0.000026
    -0.000189  0.000592  0.000026
    -0.000179  0.000523  0.000026
    -0.000186  0.000568  0.000026
    -0.000191  0.000588  0.000026
    -0.000168  0.000440  0.000026
    -0.000176  0.000476  0.000026
    -0.000186  0.000458  0.000026
    -0.000152  0.000453  0.000026
    -0.000065  0.000437  0.000026
    -0.000005  0.000422  0.000026
     0.000128  0.000378  0.000026
     0.000211  0.000320  0.000026
     0.000204  0.000276  0.000026
     0.000188  0.000214  0.000026
     0.000119  0.000230  0.000026
    -0.000005  0.000189  0.000026
    -0.000137  0.000227  0.000026
    -0.000137  0.000227  0.000026
    -0.000137  0.000227  0.000026
    -0.000137  0.000227  0.000026
    -0.000137  0.000227  0.000026
    -0.000137  0.000227  0.000026
    -0.000137  0.000227  0.000026
    -0.000137  0.000227  0.000026
    -0.000137  0.000227  0.000026
    -0.000137  0.000227  0.000026
    -0.000137  0.000227  0.000026
    -0.000137  0.000227  0.000026
    -0.000137  0.000227  0.000026
    -0.000137  0.000227  0.000026
    -0.000137  0.000227  0.000026
    -0.000137  0.000227  0.000026
    -0.000137  0.000227  0.000026
    -0.000137  0.000227  0.000026
    -0.000137  0.000227  0.000026
    -0.000137  0.000227  0.000026
    -0.000389  0.000195  0.000026
    -0.000444  0.000311  0.000026
    -0.000452  0.000381  0.000026
    -0.000461  0.000450  0.000026
    -0.000477  0.000500  0.000026
    -0.000457  0.000515  0.000026
    -0.000413  0.000432  0.000026
    -0.000374  0.000370  0.000026
    -0.000351  0.000336  0.000026
    -0.000345  0.000317  0.000026
    -0.000154  0.000343  0.000026
    -0.000137  0.000227  0.000026
    -0.000137  0.000227  0.000026
    -0.000137  0.000227  0.000026
    -0.000137  0.000227  0.000026
    -0.000137  0.000227  0.000026
    -0.000172  0.000467  0.000026
    -0.000214  0.000641  0.000026
    -0.000233  0.000682  0.000026
    -0.000257  0.000747  0.000026
    -0.000280  0.000777  0.000026
    -0.000299  0.000923  0.000026
    -0.000383  0.002148  0.000026
    -0.000434  0.002914  0.000026
    -0.000440  0.003049  0.000026
    -0.000414  0.002738  0.000026
    -0.000424  0.002898  0.000026
    -0.000400  0.002572  0.000026
    -0.000362  0.002021  0.000026
    -0.000295  0.001049  0.000026
    -0.000247  0.000583  0.000026
    -0.000221  0.000534  0.000026
    -0.000214  0.000499  0.000026
    -0.000209  0.000470  0.000026
    -0.000187  0.000390  0.000026
    -0.000187  0.000375  0.000026
    -0.000199  0.000403  0.000026
    -0.000199  0.000405  0.000026
    -0.000195  0.000386  0.000026
    -0.000187  0.000368  0.000026
    -0.000175  0.000365  0.000026
    -0.000170  0.000396  0.000026
    -0.000143  0.000271  0.000026
    -0.000137  0.000227  0.000026
    -0.000137  0.000227  0.000026
    -0.000150  0.000321  0.000026
    -0.000190  0.000599  0.000026
    -0.000182  0.000538  0.000026
    -0.000174  0.000485  0.000026
    -0.000185  0.000563  0.000026
    -0.000185  0.000537  0.000026
    -0.000167  0.000426  0.000026
    -0.000151  0.000398  0.000026
    -0.000061  0.000384  0.000026
    -0.000026  0.000379  0.000026
     0.000126  0.000341  0.000026
     0.000243  0.000302  0.000026
     0.000267  0.000277  0.000026
     0.000250  0.000236  0.000026
     0.000197  0.000227  0.000026
     0.000036  0.000199  0.000026
    -0.000087  0.000213  0.000026
    -0.000137  0.000227  0.000026
    -0.000137  0.000227  0.000026
    -0.000137  0.000227  0.000026
    -0.000137  0.000227  0.000026
    -0.000137  0.000227  0.000026
    -0.000137  0.000227  0.000026
    -0.000137  0.000227  0.000026
    -0.000137  0.000227  0.000026
    -0.000137  0.000227  0.000026
    -0.000137  0.000227  0.000026
    -0.000137  0.000227  0.000026
    -0.000137  0.000227  0.000026
    -0.000137  0.000227  0.000026
    -0.000137  0.000227  0.000026
    -0.000137  0.000227  0.000026
    -0.000137  0.000227  0.000026
    -0.000137  0.000227  0.000026
    -0.000137  0.000227  0.000026
    -0.000316  0.000139  0.000026
    -0.000425  0.000225  0.000026
    -0.000479  0.000329  0.000026
    -0.000476  0.000385  0.000026
    -0.000492  0.000449  0.000026
    -0.000498  0.000449  0.000026
    -0.000454  0.000409  0.000026
    -0.000398  0.000373  0.000026
    -0.000368  0.000346  0.000026
    -0.000373  0.000341  0.000026
    -0.000211  0.000400  0.000026
    -0.000155  0.000351  0.000026
    -0.000137  0.000227  0.000026
    -0.000149  0.000310  0.000026
    -0.000163  0.000409  0.000026
    -0.000168  0.000447  0.000026
    -0.000204  0.000646  0.000026
    -0.000238  0.000704  0.000026
    -0.000263  0.000745  0.000026
    -0.000283  0.000815  0.000026
    -0.000325  0.001258  0.000026
    -0.000358  0.001765  0.000026
    -0.000388  0.002222  0.000026
    -0.000406  0.002531  0.000026
    -0.000392  0.002384  0.000026
    -0.000423  0.002859  0.000026
    -0.000406  0.002649  0.000026
    -0.000378  0.002251  0.000026
    -0.000313  0.001328  0.000026
    -0.000257  0.000565  0.000026
    -0.000242  0.000548  0.000026
    -0.000236  0.000552  0.000026
    -0.000234  0.000565  0.000026
    -0.000229  0.000574  0.000026
    -0.000211  0.000510  0.000026
    -0.000199  0.000456  0.000026
    -0.000194  0.000423  0.000026
    -0.000195  0.000373  0.000026
    -0.000185  0.000297  0.000026
    -0.000192  0.000306  0.000026
    -0.000240  0.000327  0.000026
    -0.000307  0.000351  0.000026
    -0.000170  0.000308  0.000026
    -0.000160  0.000343  0.000026
    -0.000137  0.000227  0.000026
    -0.000137  0.000227  0.000026
    -0.000137  0.000227  0.000026
    -0.000137  0.000227  0.000026
    -0.000140  0.000251  0.000026
    -0.000151  0.000323  0.000026
    -0.000148  0.000302  0.000026
    -0.000166  0.000431  0.000026
    -0.000172  0.000473  0.000026
    -0.000174  0.000422  0.000026
    -0.000073  0.000337  0.000026
     0.000031  0.000312  0.000026
     0.000105  0.000296  0.000026
     0.000258  0.000255  0.000026
     0.000326  0.000237  0.000026
     0.000329  0.000222  0.000026
     0.000268  0.000213  0.000026
     0.000094  0.000247  0.000026
     0.000035  0.000181  0.000026
    -0.000027  0.000195  0.000026
    -0.000137  0.000227  0.000026
    -0.000137  0.000227  0.000026
    -0.000137  0.000227  0.000026
    -0.000137  0.000227  0.000026
    -0.000137  0.000227  0.000026
    -0.000137  0.000227  0.000026
    -0.000137  0.000227  0.000026
    -0.000137  0.000227  0.000026
    -0.000137  0.000227  0.000026
    -0.000137  0.000227  0.000026
    -0.000137  0.000227  0.000026
    -0.000137  0.000227  0.000026
    -0.000137  0.000227  0.000026
    -0.000137  0.000227  0.000026
    -0.000137  0.000227  0.000026
    -0.000137  0.000227  0.000026
    -0.000137  0.000227  0.000026
    -0.000401  0.000112  0.000026
    -0.000495  0.000274  0.000026
    -0.000511  0.000331  0.000026
    -0.000495  0.000381  0.000026
    -0.000516  0.000388  0.000026
    -0.000497  0.000390  0.000026
    -0.000436  0.000373  0.000026
    -0.000372  0.000341  0.000026
    -0.000357  0.000345  0.000026
    -0.000353  0.000344  0.000026
    -0.000170  0.000443  0.000026
    -0.000179  0.000510  0.000026
    -0.000169  0.000451  0.000026
    -0.000196  0.000608  0.000026
    -0.000204  0.000669  0.000026
    -0.000221  0.000701  0.000026
    -0.000247  0.000727  0.000026
    -0.000267  0.000735  0.000026
    -0.000288  0.000788  0.000026
    -0.000290  0.000785  0.000026
    -0.000292  0.000825  0.000026
    -0.000287  0.000786  0.000026
    -0.000298  0.000987  0.000026
    -0.000325  0.001923  0.000026
    -0.000344  0.001704  0.000026
    -0.000287  0.000897  0.000026
    -0.000251  0.000549  0.000026
    -0.000239  0.000559  0.000026
    -0.000229  0.000553  0.000026
    -0.000218  0.000523  0.000026
    -0.000214  0.000490  0.000026
    -0.000211  0.000472  0.000026
    -0.000208  0.000574  0.000026
    -0.000213  0.000674  0.000026
    -0.000212  0.000597  0.000026
    -0.000207  0.000453  0.000026
    -0.000202  0.000421  0.000026
    -0.000196  0.000397  0.000026
    -0.000189  0.000321  0.000026
    -0.000177  0.000239  0.000026
    -0.000206  0.000194  0.000026
    -0.000427  0.000279  0.000026
    -0.000506  0.000335  0.000026
    -0.000294  0.000309  0.000026
    -0.000155  0.000333  0.000026
    -0.000137  0.000227  0.000026
    -0.000137  0.000227  0.000026
    -0.000137  0.000227  0.000026
    -0.000137  0.000227  0.000026
    -0.000137  0.000227  0.000026
    -0.000137  0.000227  0.000026
    -0.000137  0.000227  0.000026
    -0.000146  0.000293  0.000026
    -0.000150  0.000318  0.000026
    -0.000104  0.000361  0.000026
     0.000015  0.000317  0.000026
     0.000069  0.000256  0.000026
     0.000237  0.000209  0.000026
     0.000354  0.000185  0.000026
     0.000391  0.000176  0.000026
     0.000349  0.000182  0.000026
     0.000260  0.000193  0.000026
     0.000105  0.000225  0.000026
     0.000086  0.000169  0.000026
    -0.000137  0.000227  0.000026
    -0.000137  0.000227  0.000026
    -0.000137  0.000227  0.000026
    -0.000137  0.000227  0.000026
    -0.000137  0.000227  0.000026
    -0.000137  0.000227  0.000026
    -0.000137  0.000227  0.000026
    -0.000137  0.000227  0.000026
    -0.000137  0.000227  0.000026
    -0.000137  0.000227  0.000026
    -0.000137  0.000227  0.000026
    -0.000137  0.000227  0.000026
    -0.000137  0.000227  0.000026
    -0.000137  0.000227  0.000026
    -0.000137  0.000227  0.000026
    -0.000137  0.000227  0.000026
    -0.000271  0.000161  0.000026
    -0.000446  0.000186  0.000026
    -0.000532  0.000274  0.000026
    -0.000538  0.000323  0.000026
    -0.000472  0.000332  0.000026
    -0.000529  0.000362  0.000026
    -0.000485  0.000365  0.000026
    -0.000416  0.000351  0.000026
    -0.000368  0.000361  0.000026
    -0.000331  0.000345  0.000026
    -0.000320  0.000436  0.000026
    -0.000189  0.000529  0.000026
    -0.000193  0.000581  0.000026
    -0.000208  0.000634  0.000026
    -0.000218  0.000696  0.000026
    -0.000223  0.000718  0.000026
    -0.000239  0.000703  0.000026
    -0.000255  0.000687  0.000026
    -0.000185  0.000769  0.000026
    -0.000266  0.000688  0.000026
    -0.000261  0.000640  0.000026
    -0.000252  0.000560  0.000026
    -0.000256  0.000556  0.000026
    -0.000184  0.000587  0.000026
    -0.000168  0.000523  0.000026
    -0.000226  0.000439  0.000026
    -0.000218  0.000490  0.000026
    -0.000216  0.000548  0.000026
    -0.000212  0.000573  0.000026
    -0.000207  0.000573  0.000026
    -0.000199  0.000514  0.000026
    -0.000210  0.000625  0.000026
     0.000797  0.000291  0.000026
     0.001632 -0.000180  0.000026
     0.000457 -0.000192  0.000026
    -0.001132  0.000050  0.000026
    -0.000344  0.000586  0.000026
    -0.000172  0.000397  0.000026
    -0.000157  0.000309  0.000026
    -0.000155  0.000278  0.000026
    -0.000155  0.000217  0.000026
    -0.000156  0.000148  0.000026
    -0.000364  0.000139  0.000026
    -0.000583  0.000240  0.000026
    -0.000535  0.000307  0.000026
    -0.000302  0.000330  0.000026
    -0.000166  0.000384  0.000026
    -0.000137  0.000227  0.000026
    -0.000137  0.000227  0.000026
    -0.000137  0.000227  0.000026
    -0.000381  0.000107  0.000026
    -0.000137  0.000227  0.000026
    -0.000137  0.000227  0.000026
    -0.000137  0.000227  0.000026
    -0.000137  0.000227  0.000026
    -0.000143  0.000272  0.000026
    -0.000007  0.000263  0.000026
     0.000141  0.000221  0.000026
     0.000215  0.000164  0.000026
     0.000355  0.000132  0.000026
     0.000438  0.000121  0.000026
     0.000433  0.000124  0.000026
     0.000331  0.000157  0.000026
     0.000170  0.000210  0.000026
     0.000136  0.000161  0.000026
     0.000054  0.000172  0.000026
    -0.000137  0.000227  0.000026
    -0.000137  0.000227  0.000026
    -0.000137  0.000227  0.000026
    -0.000137  0.000227  0.000026
    -0.000137  0.000227  0.000026
    -0.000137  0.000227  0.000026
    -0.000137  0.000227  0.000026
    -0.000137  0.000227  0.000026
    -0.000137  0.000227  0.000026
    -0.000137  0.000227  0.000026
    -0.000137  0.000227  0.000026
    -0.000137  0.000227  0.000026
    -0.000137  0.000227  0.000026
    -0.000137  0.000227  0.000026
    -0.000137  0.000227  0.000026
    -0.000407  0.000103  0.000026
    -0.000535  0.000217  0.000026
    -0.000565  0.000261  0.000026
    -0.000557  0.000271  0.000026
    -0.000552  0.000325  0.000026
    -0.000533  0.000342  0.000026
    -0.000465  0.000346  0.000026
    -0.000403  0.000353  0.000026
    -0.000356  0.000357  0.000026
    -0.000359  0.000455  0.000026
    -0.000246  0.000537  0.000026
    -0.000202  0.000603  0.000026
    -0.000214  0.000653  0.000026
    -0.000220  0.000681  0.000026
    -0.000220  0.000709  0.000026
    -0.000227  0.000682  0.000026
    -0.000237  0.000636  0.000026
    -0.000044  0.000749  0.000026
    -0.000177  0.000615  0.000026
    -0.000229  0.000535  0.000026
    -0.000244  0.000537  0.000026
    -0.000237  0.000501  0.000026
    -0.000241  0.000535  0.000026
    -0.000158  0.000528  0.000026
    -0.000213  0.000420  0.000026
    -0.000206  0.000463  0.000026
    -0.000209  0.000552  0.000026
    -0.000209  0.000608  0.000026
    -0.000206  0.000617  0.000026
    -0.000194  0.000554  0.000026
    -0.000197  0.000549  0.000026
     0.001218  0.000152  0.000026
     0.003627 -0.000551  0.000025
     0.003499 -0.002528  0.000025
     0.001017 -0.003382  0.000025
    -0.001855 -0.001303  0.000026
    -0.002939 -0.000396  0.000026
    -0.000691  0.000316  0.000026
    -0.000150  0.000321  0.000026
    -0.000137  0.000227  0.000026
    -0.000137  0.000227  0.000026
    -0.000136  0.000202  0.000026
    -0.000131  0.000080  0.000026
    -0.000537  0.000140  0.000026
    -0.000509  0.000166  0.000026
    -0.000415  0.000260  0.000026
    -0.000165  0.000313  0.000026
    -0.000157  0.000344  0.000026
    -0.000137  0.000227  0.000026
    -0.000137  0.000227  0.000026
    -0.000137  0.000227  0.000026
    -0.000540  0.000030  0.000026
    -0.000137  0.000227  0.000026
    -0.000137  0.000227  0.000026
    -0.000137  0.000227  0.000026
    -0.000137  0.000227  0.000026
    -0.000042  0.000199  0.000026
     0.000107  0.000197  0.000026
     0.000192  0.000159  0.000026
     0.000337  0.000128  0.000026
     0.000443  0.000070  0.000026
     0.000503  0.000058  0.000026
     0.000419  0.000099  0.000026
     0.000230  0.000182  0.000026
     0.000255  0.000138  0.000026
     0.000117  0.000162  0.000026
    -0.000137  0.000227  0.000026
    -0.000137  0.000227  0.000026
    -0.000137  0.000227  0.000026
    -0.000137  0.000227  0.000026
    -0.000137  0.000227  0.000026
    -0.000137  0.000227  0.000026
    -0.000137  0.000227  0.000026
    -0.000137  0.000227  0.000026
    -0.000137  0.000227  0.000026
    -0.000137  0.000227  0.000026
    -0.000137  0.000227  0.000026
    -0.000137  0.000227  0.000026
    -0.000137  0.000227  0.000026
    -0.000137  0.000227  0.000026
    -0.000137  0.000227  0.000026
    -0.000442  0.000103  0.000026
    -0.000573  0.000204  0.000026
    -0.000593  0.000214  0.000026
    -0.000578  0.000267  0.000026
    -0.000563  0.000307  0.000026
    -0.000525  0.000326  0.000026
    -0.000450  0.000337  0.000026
    -0.000396  0.000347  0.000026
    -0.000341  0.000482  0.000026
    -0.000350  0.000512  0.000026
    -0.000207  0.000594  0.000026
    -0.000211  0.000650  0.000026
    -0.000220  0.000670  0.000026
    -0.000218  0.000681  0.000026
    -0.000215  0.000664  0.000026
    -0.000220  0.000602  0.000026
    -0.000185  0.000614  0.000026
    -0.000029  0.000675  0.000026
    -0.000169  0.000545  0.000026
    -0.000228  0.000497  0.000026
    -0.000088  0.000581  0.000026
    -0.000229  0.000510  0.000026
    -0.000231  0.000521  0.000026
    -0.000217  0.000445  0.000026
    -0.000208  0.000458  0.000026
    -0.000212  0.000540  0.000026
    -0.000208  0.000581  0.000026
    -0.000190  0.000534  0.000026
    -0.000159  0.000379  0.000026
    -0.000148  0.000289  0.000026
    -0.000173  0.000480  0.000026
     0.004166 -0.000847  0.000025
     0.009052 -0.006124  0.000024
     0.006833 -0.011228  0.000024
     0.001948 -0.011251  0.000025
    -0.004665 -0.008098  0.000026
    -0.004945 -0.000563  0.000026
    -0.002275  0.000578  0.000026
    -0.000176  0.000500  0.000026
    -0.000151  0.000327  0.000026
    -0.000141  0.000254  0.000026
    -0.000137  0.000227  0.000026
    -0.000137  0.000227  0.000026
    -0.000197  0.000069  0.000026
    -0.000473  0.000118  0.000026
    -0.000405  0.000155  0.000026
    -0.000318  0.000289  0.000026
    -0.000180  0.000305  0.000026
    -0.000161  0.000384  0.000026
    -0.000137  0.000227  0.000026
    -0.000137  0.000227  0.000026
    -0.000228  0.000182  0.000026
    -0.000402  0.000097  0.000026
    -0.000137  0.000227  0.000026
    -0.000137  0.000227  0.000026
    -0.000137  0.000227  0.000026
    -0.000137  0.000227  0.000026
     0.000070  0.000180  0.000026
     0.000161  0.000153  0.000026
     0.000323  0.000084  0.000026
     0.000451  0.000038  0.000026
     0.000548 -0.000006  0.000026
     0.000496  0.000033  0.000026
     0.000278  0.000139  0.000026
     0.000258  0.000144  0.000026
     0.000259  0.000139  0.000026
     0.000057  0.000171  0.000026
    -0.000137  0.000227  0.000026
    -0.000137  0.000227  0.000026
    -0.000137  0.000227  0.000026
    -0.000137  0.000227  0.000026
    -0.000137  0.000227  0.000026
    -0.000137  0.000227  0.000026
    -0.000137  0.000227  0.000026
    -0.000137  0.000227  0.000026
    -0.000137  0.000227  0.000026
    -0.000137  0.000227  0.000026
    -0.000137  0.000227  0.000026
    -0.000137  0.000227  0.000026
    -0.000137  0.000227  0.000026
    -0.000290  0.000152  0.000026
    -0.000535  0.000157  0.000026
    -0.000601  0.000153  0.000026
    -0.000623  0.000208  0.000026
    -0.000591  0.000252  0.000026
    -0.000573  0.000292  0.000026
    -0.000518  0.000302  0.000026
    -0.000455  0.000400  0.000026
    -0.000401  0.000481  0.000026
    -0.000316  0.000521  0.000026
    -0.000342  0.000524  0.000026
    -0.000208  0.000616  0.000026
    -0.000218  0.000673  0.000026
    -0.000215  0.000651  0.000026
    -0.000207  0.000651  0.000026
    -0.000225  0.000663  0.000026
    -0.000215  0.000549  0.000026
    -0.000147  0.000492  0.000026
    -0.000080  0.000504  0.000026
     0.000055  0.000555  0.000026
    -0.000031  0.000510  0.000026
    -0.000151  0.000433  0.000026
    -0.000207  0.000455  0.000026
    -0.000196  0.000430  0.000026
    -0.000187  0.000550  0.000026
    -0.000641 -0.000020  0.000026
    -0.001029 -0.000210  0.000026
    -0.000772 -0.000084  0.000026
    -0.000137  0.000227  0.000026
    -0.000139  0.000192  0.000026
    -0.000144  0.000126  0.000026
     0.001725 -0.000228  0.000026
     0.011479 -0.004196  0.000024
     0.018596 -0.012822  0.000023
     0.013664 -0.019157  0.000023
    -0.003623 -0.018653  0.000025
    -0.014333 -0.011581  0.000026
    -0.013554 -0.000618  0.000027
    -0.003823  0.001017  0.000026
    -0.000225  0.000836  0.000026
    -0.000138  0.000233  0.000026
    -0.000137  0.000227  0.000026
    -0.000137  0.000227  0.000026
    -0.000137  0.000227  0.000026
    -0.000137  0.000227  0.000026
    -0.000280  0.000279  0.000026
    -0.000270  0.000084  0.000026
    -0.000289  0.000166  0.000026
    -0.000205  0.000225  0.000026
    -0.000152  0.000297  0.000026
    -0.000154  0.000347  0.000026
    -0.000137  0.000227  0.000026
    -0.000137  0.000227  0.000026
    -0.000363  0.000116  0.000026
    -0.000273  0.000160  0.000026
    -0.000137  0.000227  0.000026
    -0.000137  0.000227  0.000026
    -0.000137  0.000227  0.000026
    -0.000007  0.000189  0.000026
     0.000099  0.000177  0.000026
     0.000284  0.000082  0.000026
     0.000426  0.000026  0.000026
     0.000586 -0.000054  0.000026
     0.000559 -0.000036  0.000026
     0.000457  0.000025  0.000026
     0.000309  0.000101  0.000026
     0.000341  0.000126  0.000026
     0.000194  0.000147  0.000026
    -0.000137  0.000227  0.000026
    -0.000137  0.000227  0.000026
    -0.000137  0.000227  0.000026
    -0.000137  0.000227  0.000026
    -0.000137  0.000227  0.000026
    -0.000137  0.000227  0.000026
    -0.000137  0.000227  0.000026
    -0.000137  0.000227  0.000026
    -0.000137  0.000227  0.000026
    -0.000137  0.000227  0.000026
    -0.000137  0.000227  0.000026
    -0.000137  0.000227  0.000026
    -0.000137  0.000227  0.000026
    -0.000410  0.000097  0.000026
    -0.000564  0.000104  0.000026
    -0.000644  0.000148  0.000026
    -0.000649  0.000196  0.000026
    -0.000604  0.000237  0.000026
    -0.000579  0.000265  0.000026
    -0.000532  0.000359  0.000026
    -0.000456  0.000454  0.000026
    -0.000393  0.000510  0.000026
    -0.000355  0.000524  0.000026
    -0.000206  0.000582  0.000026
    -0.000213  0.000641  0.000026
    -0.000206  0.000626  0.000026
    -0.000215  0.000658  0.000026
    -0.000212  0.000662  0.000026
    -0.000205  0.000561  0.000026
    -0.000208  0.000440  0.000026
    -0.000164  0.000406  0.000026
    -0.000076  0.000435  0.000026
    -0.000005  0.000431  0.000026
    -0.000053  0.000417  0.000026
    -0.000177  0.000372  0.000026
    -0.000182  0.000396  0.000026
    -0.000166  0.000429  0.000026
     0.000392 -0.000391  0.000026
     0.000689 -0.003425  0.000025
     0.000093 -0.006604  0.000025
    -0.000749 -0.008020  0.000025
    -0.002174 -0.004881  0.000026
    -0.002005 -0.000687  0.000026
     0.000219  0.000102  0.000026
     0.005721 -0.004915  0.000025
     0.020216 -0.010950  0.000023
     0.028101 -0.016971  0.000022
     0.017539 -0.021616  0.000022
    -0.009852 -0.019061  0.000025
    -0.023280 -0.012160  0.000027
    -0.022923 -0.001333  0.000028
    -0.006011  0.001834  0.000027
    -0.000255  0.000910  0.000026
    -0.000161  0.000272  0.000026
    -0.000164  0.000414  0.000026
    -0.000169  0.000449  0.000026
    -0.000155  0.000351  0.000026
    -0.000137  0.000227  0.000026
    -0.000137  0.000227  0.000026
    -0.000268  0.000273  0.000026
    -0.000260  0.000132  0.000026
    -0.000251  0.000169  0.000026
    -0.000138  0.000219  0.000026
    -0.000150  0.000317  0.000026
    -0.000137  0.000227  0.000026
    -0.000137  0.000227  0.000026
    -0.000137  0.000227  0.000026
    -0.000317  0.000139  0.000026
    -0.000159  0.000216  0.000026
    -0.000137  0.000227  0.000026
    -0.000137  0.000227  0.000026
    -0.000137  0.000227  0.000026
     0.000152  0.000159  0.000026
     0.000227  0.000154  0.000026
     0.000385  0.000025  0.000026
     0.000580 -0.000071  0.000026
     0.000636 -0.000096  0.000026
     0.000506  0.000046  0.000026
     0.000348  0.000095  0.000026
     0.000404  0.000114  0.000026
     0.000290  0.000131  0.000026
    -0.000137  0.000227  0.000026
    -0.000137  0.000227  0.000026
    -0.000137  0.000227  0.000026
    -0.000137  0.000227  0.000026
    -0.000137  0.000227  0.000026
    -0.000137  0.000227  0.000026
    -0.000137  0.000227  0.000026
    -0.000137  0.000227  0.000026
    -0.000137  0.000227  0.000026
    -0.000137  0.000227  0.000026
    -0.000137  0.000227  0.000026
    -0.000137  0.000227  0.000026
    -0.000137  0.000227  0.000026
    -0.000477  0.000089  0.000026
    -0.000613  0.000095  0.000026
    -0.000680  0.000135  0.000026
    -0.000669  0.000176  0.000026
    -0.000614  0.000211  0.000026
    -0.000595  0.000302  0.000026
    -0.000538  0.000395  0.000026
    -0.000455  0.000474  0.000026
    -0.000380  0.000491  0.000026
    -0.000350  0.000510  0.000026
    -0.000197  0.000560  0.000026
    -0.000219  0.000673  0.000026
    -0.000221  0.000676  0.000026
    -0.000215  0.000668  0.000026
    -0.000202  0.000624  0.000026
    -0.000171  0.000433  0.000026
    -0.000223  0.000331  0.000026
    -0.000214  0.000294  0.000026
    -0.000169  0.000323  0.000026
    -0.000051  0.000336  0.000026
    -0.000119  0.000332  0.000026
    -0.000162  0.000282  0.000026
    -0.000158  0.000364  0.000026
     0.001392 -0.000219  0.000026
     0.003522 -0.003075  0.000025
     0.004186 -0.009837  0.000025
     0.003919 -0.016280  0.000024
    -0.000675 -0.021226  0.000024
    -0.005826 -0.021477  0.000025
    -0.004592 -0.017743  0.000025
     0.004000 -0.016506  0.000024
     0.009805 -0.022379  0.000023
     0.025106 -0.026772  0.000021
     0.032954 -0.026630  0.000020
     0.017082 -0.023840  0.000022
    -0.015414 -0.017935  0.000026
    -0.034374 -0.014236  0.000028
    -0.028944 -0.008401  0.000028
    -0.012639 -0.002098  0.000027
    -0.000418  0.000212  0.000026
    -0.000161  0.000308  0.000026
    -0.000209  0.000626  0.000026
    -0.000220  0.000802  0.000026
    -0.000183  0.000547  0.000026
    -0.000164  0.000410  0.000026
    -0.000137  0.000227  0.000026
    -0.000184  0.000243  0.000026
    -0.000157  0.000234  0.000026
    -0.000227  0.000212  0.000026
    -0.000137  0.000227  0.000026
    -0.000137  0.000227  0.000026
    -0.000076  0.000213  0.000026
    -0.000137  0.000227  0.000026
    -0.000137  0.000227  0.000026
    -0.000363  0.000116  0.000026
    -0.000137  0.000227  0.000026
    -0.000137  0.000227  0.000026
    -0.000137  0.000227  0.000026
    -0.000137  0.000227  0.000026
     0.000111  0.000161  0.000026
     0.000170  0.000159  0.000026
     0.000334  0.000098  0.000026
     0.000567 -0.000080  0.000026
     0.000671 -0.000101  0.000026
     0.000593  0.000008  0.000026
     0.000385  0.000121  0.000026
     0.000444  0.000107  0.000026
     0.000377  0.000115  0.000026
     0.000085  0.000166  0.000026
    -0.000137  0.000227  0.000026
    -0.000137  0.000227  0.000026
    -0.000137  0.000227  0.000026
    -0.000137  0.000227  0.000026
    -0.000137  0.000227  0.000026
    -0.000137  0.000227  0.000026
    -0.000137  0.000227  0.000026
    -0.000137  0.000227  0.000026
    -0.000137  0.000227  0.000026
    -0.000137  0.000227  0.000026
    -0.000137  0.000227  0.000026
    -0.000137  0.000227  0.000026
    -0.000515  0.000088  0.000026
    -0.000665  0.000084  0.000026
    -0.000712  0.000116  0.000026
    -0.000687  0.000148  0.000026
    -0.000645  0.000237  0.000026
    -0.000619  0.000321  0.000026
    -0.000549  0.000405  0.000026
    -0.000451  0.000445  0.000026
    -0.000382  0.000441  0.000026
    -0.000347  0.000529  0.000026
    -0.000313  0.000605  0.000026
    -0.000227  0.000712  0.000026
    -0.000217  0.000668  0.000026
    -0.000201  0.000641  0.000026
    -0.000165  0.000423  0.000026
    -0.000278  0.000310  0.000026
    -0.000272  0.000239  0.000026
    -0.000267  0.000178  0.000026
    -0.000127  0.000245  0.000026
    -0.000037  0.000228  0.000026
    -0.000116  0.000198  0.000026
    -0.000145  0.000233  0.000026
    -0.000138  0.000235  0.000026
     0.003132 -0.000340  0.000025
     0.006421 -0.002672  0.000025
     0.011357 -0.009950  0.000024
     0.012774 -0.020234  0.000023
     0.002619 -0.030330  0.000023
    -0.007852 -0.036503  0.000024
    -0.007046 -0.036948  0.000024
     0.009412 -0.040377  0.000022
     0.020585 -0.051747  0.000020
     0.027396 -0.058433  0.000018
     0.031946 -0.054033  0.000018
     0.011085 -0.037697  0.000022
    -0.020335 -0.030145  0.000026
    -0.044464 -0.028539  0.000028
    -0.036361 -0.023576  0.000028
    -0.018737 -0.016839  0.000026
    -0.005032 -0.006416  0.000026
     0.000650 -0.002118  0.000025
     0.001548 -0.000845  0.000025
     0.000941 -0.000510  0.000026
     0.000554  0.000637  0.000026
    -0.000117  0.001164  0.000026
    -0.000232  0.000718  0.000026
    -0.000303  0.000336  0.000026
    -0.000183  0.000262  0.000026
    -0.000457  0.000184  0.000026
    -0.000314  0.000141  0.000026
    -0.000137  0.000227  0.000026
    -0.000043  0.000201  0.000026
    -0.000106  0.000218  0.000026
    -0.000137  0.000227  0.000026
    -0.000297  0.000148  0.000026
    -0.000137  0.000227  0.000026
    -0.000137  0.000227  0.000026
    -0.000137  0.000227  0.000026
    -0.000137  0.000227  0.000026
     0.000037  0.000176  0.000026
     0.000142  0.000160  0.000026
     0.000267  0.000143  0.000026
     0.000502  0.000059  0.000026
     0.000685 -0.000068  0.000026
     0.000655 -0.000004  0.000026
     0.000489  0.000100  0.000026
     0.000448  0.000104  0.000026
     0.000440  0.000103  0.000026
     0.000260  0.000133  0.000026
    -0.000137  0.000227  0.000026
    -0.000137  0.000227  0.000026
    -0.000137  0.000227  0.000026
    -0.000137  0.000227  0.000026
    -0.000137  0.000227  0.000026
    -0.000137  0.000227  0.000026
    -0.000137  0.000227  0.000026
    -0.000137  0.000227  0.000026
    -0.000137  0.000227  0.000026
    -0.000137  0.000227  0.000026
    -0.000137  0.000227  0.000026
    -0.000137  0.000227  0.000026
    -0.000553  0.000088  0.000026
    -0.000705  0.000065  0.000026
    -0.000736  0.000087  0.000026
    -0.000702  0.000110  0.000026
    -0.000669  0.000241  0.000026
    -0.000640  0.000317  0.000026
    -0.000552  0.000339  0.000026
    -0.000459  0.000380  0.000026
    -0.000367  0.000518  0.000026
    -0.000328  0.000587  0.000026
    -0.000264  0.000665  0.000026
    -0.000219  0.000697  0.000026
    -0.000200  0.000624  0.000026
    -0.000163  0.000410  0.000026
    -0.000137  0.000227  0.000026
    -0.000348  0.000193  0.000026
    -0.000317  0.000148  0.000026
    -0.000287  0.000118  0.000026
    -0.000086  0.000130  0.000026
    -0.000019  0.000180  0.000026
    -0.000122  0.000217  0.000026
    -0.000137  0.000227  0.000026
    -0.000137  0.000227  0.000026
     0.003067  0.000613  0.000025
     0.011067  0.001737  0.000025
     0.019785 -0.002219  0.000024
     0.022397 -0.009422  0.000023
     0.014583 -0.022001  0.000023
    -0.002017 -0.035153  0.000023
    -0.002420 -0.051901  0.000022
     0.017295 -0.064126  0.000019
     0.027157 -0.074817  0.000017
     0.022803 -0.082017  0.000018
     0.012830 -0.075229  0.000019
     0.001139 -0.059942  0.000022
    -0.025666 -0.051633  0.000025
    -0.046028 -0.051367  0.000028
    -0.045511 -0.045487  0.000028
    -0.028923 -0.035600  0.000026
    -0.013117 -0.024172  0.000025
    -0.000011 -0.018490  0.000024
     0.001275 -0.014804  0.000024
    -0.000370 -0.007976  0.000025
    -0.002238 -0.000968  0.000026
    -0.001654  0.001169  0.000026
    -0.000387  0.001874  0.000026
    -0.000262  0.000655  0.000026
    -0.000424  0.000546  0.000026
    -0.000627  0.000389  0.000026
    -0.000657  0.000311  0.000026
    -0.000400  0.000191  0.000026
    -0.000201  0.000255  0.000026
    -0.000018  0.000194  0.000026
    -0.000137  0.000227  0.000026
    -0.000137  0.000227  0.000026
    -0.000137  0.000227  0.000026
    -0.000137  0.000227  0.000026
    -0.000137  0.000227  0.000026
    -0.000137  0.000227  0.000026
    -0.000137  0.000227  0.000026
     0.000101  0.000166  0.000026
     0.000195  0.000152  0.000026
     0.000432  0.000115  0.000026
     0.000646  0.000048  0.000026
     0.000699  0.000006  0.000026
     0.000611  0.000080  0.000026
     0.000499  0.000094  0.000026
     0.000470  0.000097  0.000026
     0.000335  0.000120  0.000026
     0.000076  0.000165  0.000026
    -0.000137  0.000227  0.000026
    -0.000137  0.000227  0.000026
    -0.000137  0.000227  0.000026
    -0.000137  0.000227  0.000026
    -0.000137  0.000227  0.000026
    -0.000137  0.000227  0.000026
    -0.000137  0.000227  0.000026
    -0.000137  0.000227  0.000026
    -0.000137  0.000227  0.000026
    -0.000137  0.000227  0.000026
    -0.000137  0.000227  0.000026
    -0.000595  0.000085  0.000026
    -0.000740  0.000041  0.000026
    -0.000756  0.000047  0.000026
    -0.000762  0.000150  0.000026
    -0.000689  0.000227  0.000026
    -0.000698  0.000210  0.000026
    -0.000564  0.000299  0.000026
    -0.000472  0.000473  0.000026
    -0.000347  0.000573  0.000026
    -0.000338  0.000613  0.000026
    -0.000218  0.000661  0.000026
    -0.000204  0.000657  0.000026
    -0.000167  0.000440  0.000026
    -0.000149  0.000314  0.000026
    -0.000144  0.000276  0.000026
    -0.000401  0.000103  0.000026
    -0.000358  0.000072  0.000026
    -0.000269  0.000033  0.000026
    -0.000089  0.000074  0.000026
    -0.000035  0.000176  0.000026
    -0.000137  0.000227  0.000026
    -0.000137  0.000227  0.000026
    -0.000137  0.000227  0.000026
     0.001768  0.001234  0.000026
     0.009552  0.005004  0.000025
     0.022052  0.011621  0.000025
     0.031064  0.009763  0.000024
     0.027277  0.000672  0.000023
     0.016549 -0.016841  0.000023
     0.015715 -0.044831  0.000021
     0.035062 -0.067814  0.000017
     0.032783 -0.070443  0.000017
     0.019636 -0.063226  0.000019
     0.004726 -0.055289  0.000021
    -0.004743 -0.054023  0.000023
    -0.022525 -0.061520  0.000025
    -0.044516 -0.064591  0.000027
    -0.057330 -0.062207  0.000028
    -0.048567 -0.051224  0.000028
    -0.021236 -0.043533  0.000025
    -0.007698 -0.033978  0.000024
    -0.008159 -0.023461  0.000025
    -0.011722 -0.015175  0.000026
    -0.009187 -0.003971  0.000026
    -0.004716  0.001480  0.000026
    -0.002298  0.002293  0.000026
    -0.000354  0.001572  0.000026
    -0.000516  0.000622  0.000026
    -0.000828  0.000584  0.000026
    -0.000865  0.000394  0.000026
    -0.000587  0.000267  0.000026
    -0.000339  0.000193  0.000026
    -0.000150  0.000170  0.000026
    -0.000137  0.000227  0.000026
    -0.000137  0.000227  0.000026
    -0.000137  0.000227  0.000026
    -0.000137  0.000227  0.000026
    -0.000222  0.000186  0.000026
    -0.000137  0.000227  0.000026
    -0.000137  0.000227  0.000026
    -0.000035  0.000197  0.000026
     0.000172  0.000156  0.000026
     0.000383  0.000121  0.000026
     0.000602  0.000084  0.000026
     0.000708  0.000060  0.000026
     0.000680  0.000067  0.000026
     0.000623  0.000072  0.000026
     0.000496  0.000090  0.000026
     0.000388  0.000109  0.000026
     0.000133  0.000155  0.000026
    -0.000137  0.000227  0.000026
    -0.000137  0.000227  0.000026
    -0.000137  0.000227  0.000026
    -0.000137  0.000227  0.000026
    -0.000137  0.000227  0.000026
    -0.000137  0.000227  0.000026
    -0.000137  0.000227  0.000026
    -0.000137  0.000227  0.000026
    -0.000137  0.000227  0.000026
    -0.000137  0.000227  0.000026
    -0.000405  0.000096  0.000026
    -0.000630  0.000044  0.000026
    -0.000764  0.000007  0.000026
    -0.000819  0.000063  0.000026
    -0.000795  0.000126  0.000026
    -0.000724  0.000148  0.000026
    -0.000709  0.000171  0.000026
    -0.000592  0.000378  0.000026
    -0.000475  0.000504  0.000026
    -0.000322  0.000599  0.000026
    -0.000218  0.000638  0.000026
    -0.000201  0.000622  0.000026
    -0.000180  0.000523  0.000026
    -0.000172  0.000474  0.000026
    -0.000137  0.000227  0.000026
    -0.000137  0.000227  0.000026
    -0.000435  0.000093  0.000026
    -0.000400  0.000067  0.000026
    -0.000263 -0.000023  0.000026
    -0.000112  0.000021  0.000026
    -0.000135  0.000203  0.000026
    -0.000137  0.000227  0.000026
    -0.000137  0.000227  0.000026
    -0.000137  0.000227  0.000026
    -0.000285  0.001255  0.000026
     0.003289  0.004649  0.000026
     0.018475  0.013935  0.000025
     0.032912  0.019918  0.000024
     0.044716  0.011318  0.000022
     0.045522 -0.007973  0.000021
     0.049006 -0.035269  0.000018
     0.046483 -0.046025  0.000018
     0.023313 -0.025411  0.000022
     0.004629 -0.009258  0.000025
    -0.002095 -0.002024  0.000026
    -0.001770 -0.002442  0.000026
    -0.007239 -0.011067  0.000026
    -0.030181 -0.030702  0.000027
    -0.055844 -0.045294  0.000028
    -0.062713 -0.048025  0.000028
    -0.033184 -0.039291  0.000027
    -0.017090 -0.025238  0.000026
    -0.018557 -0.014716  0.000027
    -0.022373 -0.005624  0.000028
    -0.020062  0.002225  0.000028
    -0.011891  0.004407  0.000027
    -0.004412  0.003716  0.000027
    -0.000405  0.001858  0.000026
    -0.000544  0.000512  0.000026
    -0.000698  0.000455  0.000026
    -0.000931  0.000345  0.000026
    -0.000711  0.000237  0.000026
    -0.000404  0.000146  0.000026
    -0.000243  0.000170  0.000026
    -0.000124  0.000253  0.000026
    -0.000137  0.000227  0.000026
    -0.000137  0.000227  0.000026
    -0.000137  0.000227  0.000026
    -0.000137  0.000227  0.000026
    -0.000137  0.000227  0.000026
    -0.000137  0.000227  0.000026
    -0.000137  0.000227  0.000026
     0.000123  0.000161  0.000026
     0.000327  0.000129  0.000026
     0.000550  0.000091  0.000026
     0.000684  0.000068  0.000026
     0.000735  0.000057  0.000026
     0.000701  0.000058  0.000026
     0.000595  0.000073  0.000026
     0.000398  0.000106  0.000026
     0.000186  0.000145  0.000026
    -0.000126  0.000224  0.000026
    -0.000137  0.000227  0.000026
    -0.000137  0.000227  0.000026
    -0.000137  0.000227  0.000026
    -0.000137  0.000227  0.000026
    -0.000137  0.000227  0.000026
    -0.000137  0.000227  0.000026
    -0.000137  0.000227  0.000026
    -0.000137  0.000227  0.000026
    -0.000137  0.000227  0.000026
    -0.000432  0.000092  0.000026
    -0.000659  0.000024  0.000026
    -0.000781 -0.000030  0.000026
    -0.000860  0.000037  0.000026
    -0.000820  0.000051  0.000026
    -0.000748  0.000118  0.000026
    -0.000904  0.000351  0.000026
    -0.000608  0.000391  0.000026
    -0.000471  0.000507  0.000026
    -0.000246  0.000590  0.000026
    -0.000205  0.000610  0.000026
    -0.000197  0.000627  0.000026
    -0.000172  0.000468  0.000026
    -0.000143  0.000272  0.000026
    -0.000030  0.000196  0.000026
    -0.000137  0.000227  0.000026
    -0.000479  0.000087  0.000026
    -0.000452  0.000030  0.000026
    -0.000284 -0.000079  0.000026
    -0.000103 -0.000042  0.000026
    -0.000097  0.000205  0.000026
    -0.000137  0.000227  0.000026
    -0.000137  0.000227  0.000026
    -0.000137  0.000227  0.000026
    -0.000137  0.000227  0.000026
    -0.000366  0.001979  0.000026
     0.012616  0.009805  0.000025
     0.034048  0.014333  0.000024
     0.060383  0.010084  0.000020
     0.071462 -0.006074  0.000018
     0.066614 -0.024306  0.000017
     0.027777 -0.014945  0.000022
     0.002628  0.002788  0.000026
    -0.005435  0.015473  0.000028
    -0.003327  0.022730  0.000028
     0.004612  0.023877  0.000028
     0.004006  0.017291  0.000027
    -0.010348  0.006759  0.000028
    -0.043472 -0.007417  0.000029
    -0.067068 -0.018344  0.000028
    -0.045555 -0.011956  0.000029
    -0.031570  0.001139  0.000029
    -0.029769  0.011501  0.000030
    -0.028697  0.016218  0.000030
    -0.022542  0.013009  0.000029
    -0.013237  0.008960  0.000028
    -0.005015  0.003716  0.000027
    -0.000563  0.001652  0.000026
    -0.000220  0.000495  0.000026
    -0.000652  0.000409  0.000026
    -0.000885  0.000194  0.000026
    -0.000746  0.000146  0.000026
    -0.000442  0.000073  0.000026
    -0.000317  0.000150  0.000026
    -0.000184  0.000227  0.000026
    -0.000095  0.000402  0.000026
    -0.000158  0.000373  0.000026
    -0.000137  0.000227  0.000026
    -0.000137  0.000227  0.000026
    -0.000137  0.000227  0.000026
    -0.000137  0.000227  0.000026
    -0.000137  0.000227  0.000026
    -0.000018  0.000192  0.000026
     0.000283  0.000136  0.000026
     0.000511  0.000097  0.000026
     0.000660  0.000071  0.000026
     0.000770  0.000050  0.000026
     0.000775  0.000045  0.000026
     0.000650  0.000063  0.000026
     0.000432  0.000099  0.000026
     0.000193  0.000143  0.000026
     0.000037  0.000176  0.000026
    -0.000137  0.000227  0.000026
    -0.000137  0.000227  0.000026
    -0.000137  0.000227  0.000026
    -0.000137  0.000227  0.000026
    -0.000137  0.000227  0.000026
    -0.000137  0.000227  0.000026
    -0.000137  0.000227  0.000026
    -0.000137  0.000227  0.000026
    -0.000137  0.000227  0.000026
    -0.000459  0.000092  0.000026
    -0.000684  0.000002  0.000026
    -0.000849 -0.000035  0.000026
    -0.000890 -0.000029  0.000026
    -0.000841  0.000016  0.000026
    -0.000989  0.000303  0.000026
    -0.001132  0.000504  0.000026
    -0.000617  0.000378  0.000026
    -0.000455  0.000463  0.000026
    -0.000209  0.000594  0.000026
    -0.000197  0.000597  0.000026
    -0.000179  0.000520  0.000026
    -0.000137  0.000227  0.000026
    -0.000137  0.000227  0.000026
    -0.000113  0.000220  0.000026
    -0.000137  0.000227  0.000026
    -0.000504  0.000077  0.000026
    -0.000452 -0.000007  0.000026
    -0.000261 -0.000071  0.000026
    -0.000139  0.000127  0.000026
    -0.000168  0.000212  0.000026
    -0.000137  0.000227  0.000026
    -0.000154  0.000344  0.000026
    -0.000185  0.000532  0.000026
     0.000072  0.000245  0.000026
    -0.000214  0.000711  0.000026
     0.010085  0.000931  0.000025
     0.033649  0.001147  0.000022
     0.065870 -0.001113  0.000019
     0.083505 -0.006451  0.000016
     0.057790 -0.004653  0.000019
     0.012336  0.004989  0.000025
    -0.009362  0.012708  0.000028
    -0.014555  0.020284  0.000029
    -0.007393  0.023655  0.000029
     0.004574  0.026314  0.000028
     0.011233  0.025832  0.000027
     0.001500  0.020326  0.000028
    -0.022081  0.011036  0.000029
    -0.060138  0.002843  0.000029
    -0.064274  0.014424  0.000029
    -0.054680  0.027392  0.000031
    -0.037696  0.035026  0.000033
    -0.027693  0.030400  0.000031
    -0.016552  0.019757  0.000029
    -0.008261  0.009872  0.000027
    -0.003165  0.001901  0.000026
    -0.000605  0.000966  0.000026
    -0.000217  0.000693  0.000026
    -0.000453  0.000287  0.000026
    -0.000736  0.000047  0.000026
    -0.000657 -0.000053  0.000026
    -0.000420 -0.000090  0.000026
    -0.000340  0.000088  0.000026
    -0.000176  0.000197  0.000026
    -0.000110  0.000386  0.000026
    -0.000195  0.000591  0.000026
    -0.000137  0.000227  0.000026
    -0.000137  0.000227  0.000026
    -0.000137  0.000227  0.000026
    -0.000137  0.000227  0.000026
    -0.000137  0.000227  0.000026
    -0.000137  0.000227  0.000026
     0.000208  0.000144  0.000026
     0.000466  0.000103  0.000026
     0.000625  0.000076  0.000026
     0.000773  0.000048  0.000026
     0.000831  0.000034  0.000026
     0.000728  0.000048  0.000026
     0.000535  0.000081  0.000026
     0.000223  0.000137  0.000026
     0.000095  0.000159  0.000026
    -0.000137  0.000227  0.000026
    -0.000137  0.000227  0.000026
    -0.000137  0.000227  0.000026
    -0.000137  0.000227  0.000026
    -0.000137  0.000227  0.000026
    -0.000137  0.000227  0.000026
    -0.000137  0.000227  0.000026
    -0.000137  0.000227  0.000026
    -0.000137  0.000227  0.000026
    -0.000482  0.000091  0.000026
    -0.000743 -0.000005  0.000026
    -0.000879 -0.000069  0.000026
    -0.000919 -0.000062  0.000026
    -0.001206  0.000271  0.000026
    -0.001262  0.000461  0.000026
    -0.001264  0.000565  0.000026
    -0.000661  0.000302  0.000026
    -0.000432  0.000421  0.000026
    -0.000198  0.000570  0.000026
    -0.000184  0.000551  0.000026
    -0.000137  0.000227  0.000026
    -0.000137  0.000227  0.000026
    -0.000137  0.000227  0.000026
    -0.000137  0.000227  0.000026
    -0.000137  0.000227  0.000026
    -0.000492  0.000208  0.000026
    -0.000427 -0.000013  0.000026
    -0.000367  0.000221  0.000026
    -0.000223  0.000244  0.000026
    -0.000077  0.000227  0.000026
    -0.000156  0.000341  0.000026
    -0.000208  0.000553  0.000026
    -0.000224  0.000567  0.000026
    -0.000231  0.000737  0.000026
     0.001266 -0.000182  0.000026
     0.012748 -0.002547  0.000024
     0.037834 -0.002056  0.000022
     0.070517  0.005120  0.000019
     0.083716  0.010742  0.000017
     0.052126  0.013329  0.000021
     0.004639  0.014049  0.000027
    -0.018373  0.018334  0.000029
    -0.018125  0.017526  0.000029
    -0.008022  0.017919  0.000028
     0.006671  0.015743  0.000026
     0.016952  0.016622  0.000026
     0.011662  0.011967  0.000026
    -0.011474  0.007060  0.000028
    -0.056527  0.010105  0.000029
    -0.082688  0.018601  0.000028
    -0.069954  0.032884  0.000030
    -0.037098  0.034789  0.000033
    -0.016202  0.024819  0.000030
    -0.008075  0.014531  0.000028
    -0.002648  0.004381  0.000026
    -0.001106  0.001259  0.000026
    -0.000508  0.000595  0.000026
    -0.000220  0.000803  0.000026
    -0.000137  0.000191  0.000026
    -0.000516 -0.000110  0.000026
    -0.000543 -0.000227  0.000026
    -0.000363 -0.000276  0.000026
    -0.000239 -0.000089  0.000026
    -0.000142  0.000094  0.000026
    -0.000126  0.000351  0.000026
    -0.000040  0.000484  0.000026
    -0.000173  0.000542  0.000026
    -0.000158  0.000376  0.000026
    -0.000137  0.000227  0.000026
    -0.000137  0.000227  0.000026
    -0.000137  0.000227  0.000026
    -0.000137  0.000227  0.000026
     0.000200  0.000144  0.000026
     0.000421  0.000108  0.000026
     0.000664  0.000066  0.000026
     0.000780  0.000046  0.000026
     0.000864  0.000027  0.000026
     0.000790  0.000037  0.000026
     0.000583  0.000072  0.000026
     0.000254  0.000131  0.000026
     0.000117  0.000155  0.000026
    -0.000137  0.000227  0.000026
    -0.000137  0.000227  0.000026
    -0.000137  0.000227  0.000026
    -0.000137  0.000227  0.000026
    -0.000137  0.000227  0.000026
    -0.000137  0.000227  0.000026
    -0.000137  0.000227  0.000026
    -0.000137  0.000227  0.000026
    -0.000137  0.000227  0.000026
    -0.000497  0.000090  0.000026
    -0.000769 -0.000052  0.000026
    -0.000905 -0.000079  0.000026
    -0.001212  0.000138  0.000026
    -0.001443  0.000393  0.000026
    -0.001509  0.000576  0.000026
    -0.001326  0.000558  0.000026
    -0.000649  0.000247  0.000026
    -0.000412  0.000348  0.000026
    -0.000181  0.000514  0.000026
    -0.000137  0.000227  0.000026
    -0.000137  0.000227  0.000026
    -0.000137  0.000227  0.000026
     0.000012  0.000183  0.000026
    -0.000137  0.000227  0.000026
    -0.000137  0.000227  0.000026
    -0.000517  0.000078  0.000026
    -0.000482  0.000136  0.000026
    -0.000330  0.000085  0.000026
    -0.000027 -0.000086  0.000026
     0.000163  0.000158  0.000026
    -0.000183  0.000320  0.000026
    -0.000228  0.000535  0.000026
    -0.000312  0.001339  0.000026
     0.001510  0.000626  0.000026
     0.005639 -0.004359  0.000025
     0.017841 -0.010451  0.000023
     0.035779 -0.010028  0.000021
     0.065223  0.004464  0.000019
     0.081200  0.027799  0.000018
     0.052949  0.036036  0.000022
     0.006654  0.024022  0.000027
    -0.017982  0.013058  0.000029
    -0.018946  0.007067  0.000028
    -0.004629  0.001224  0.000026
     0.005636 -0.000937  0.000025
     0.018206 -0.000723  0.000024
     0.014737  0.003597  0.000025
    -0.012918  0.005566  0.000028
    -0.060694  0.016868  0.000029
    -0.090216  0.026718  0.000028
    -0.074955  0.021899  0.000031
    -0.032517  0.017956  0.000031
    -0.009490  0.014011  0.000028
    -0.000621  0.004413  0.000026
    -0.000261  0.001086  0.000026
    -0.000439  0.000628  0.000026
    -0.000603  0.000898  0.000026
    -0.000295  0.000728  0.000026
    -0.000142  0.000264  0.000026
    -0.000366  0.000182  0.000026
    -0.000374  0.000065  0.000026
    -0.000353  0.000070  0.000026
    -0.000204 -0.000137  0.000026
    -0.000092 -0.000000  0.000026
    -0.000064  0.000303  0.000026
     0.000041  0.000338  0.000026
     0.000080  0.000463  0.000026
    -0.000190  0.000594  0.000026
    -0.000155  0.000351  0.000026
    -0.000137  0.000227  0.000026
    -0.000137  0.000227  0.000026
    -0.000137  0.000227  0.000026
     0.000184  0.000145  0.000026
     0.000388  0.000113  0.000026
     0.000507  0.000093  0.000026
     0.000776  0.000045  0.000026
     0.000907  0.000018  0.000026
     0.000829  0.000029  0.000026
     0.000622  0.000065  0.000026
     0.000358  0.000112  0.000026
     0.000153  0.000148  0.000026
    -0.000137  0.000227  0.000026
    -0.000137  0.000227  0.000026
    -0.000137  0.000227  0.000026
    -0.000137  0.000227  0.000026
    -0.000137  0.000227  0.000026
    -0.000137  0.000227  0.000026
    -0.000137  0.000227  0.000026
    -0.000137  0.000227  0.000026
    -0.000137  0.000227  0.000026
    -0.000499  0.000084  0.000026
    -0.000799 -0.000056  0.000026
    -0.000914 -0.000091  0.000026
    -0.001379  0.000228  0.000026
    -0.001613  0.000455  0.000026
    -0.001690  0.000639  0.000026
    -0.001270  0.000449  0.000026
    -0.000636  0.000166  0.000026
    -0.000403  0.000256  0.000026
    -0.000147  0.000296  0.000026
    -0.000137  0.000227  0.000026
    -0.000137  0.000227  0.000026
    -0.000137  0.000227  0.000026
     0.000219  0.000123  0.000026
    -0.000137  0.000227  0.000026
    -0.000287  0.000270  0.000026
    -0.000527  0.000076  0.000026
    -0.000404  0.000114  0.000026
    -0.000178  0.000024  0.000026
     0.000097  0.000044  0.000026
     0.000280  0.000208  0.000026
     0.000168  0.000439  0.000026
    -0.000281  0.000968  0.000026
     0.000767  0.001667  0.000026
     0.005069  0.000324  0.000025
     0.016334 -0.006481  0.000024
     0.021011 -0.008971  0.000023
     0.031232 -0.006104  0.000022
     0.049949  0.004621  0.000021
     0.068249  0.035143  0.000020
     0.058665  0.045555  0.000022
     0.017521  0.027232  0.000027
    -0.006164  0.006404  0.000027
    -0.014197 -0.008854  0.000027
    -0.004985 -0.014127  0.000025
     0.008995 -0.015704  0.000024
     0.016170 -0.013723  0.000023
     0.007213 -0.003437  0.000025
    -0.021861  0.004443  0.000029
    -0.074592  0.017656  0.000028
    -0.092677  0.020766  0.000028
    -0.074206  0.011841  0.000031
    -0.033018  0.004151  0.000030
    -0.006134  0.000694  0.000026
     0.000194  0.000130  0.000026
     0.000920 -0.000081  0.000026
    -0.001019 -0.000380  0.000026
    -0.002197 -0.000781  0.000026
    -0.001461 -0.000363  0.000026
    -0.000137  0.000227  0.000026
    -0.000288  0.000301  0.000026
    -0.000282  0.000321  0.000026
    -0.000271  0.000181  0.000026
    -0.000189  0.000013  0.000026
    -0.000088 -0.000016  0.000026
    -0.000078  0.000277  0.000026
     0.000137  0.000182  0.000026
     0.000129  0.000383  0.000026
    -0.000060  0.000551  0.000026
    -0.000180  0.000525  0.000026
    -0.000153  0.000338  0.000026
    -0.000137  0.000227  0.000026
    -0.000137  0.000227  0.000026
     0.000178  0.000146  0.000026
     0.000371  0.000115  0.000026
     0.000485  0.000095  0.000026
     0.000737  0.000049  0.000026
     0.000926  0.000014  0.000026
     0.000854  0.000024  0.000026
     0.000649  0.000059  0.000026
     0.000410  0.000102  0.000026
     0.000182  0.000143  0.000026
    -0.000137  0.000227  0.000026
    -0.000137  0.000227  0.000026
    -0.000137  0.000227  0.000026
    -0.000137  0.000227  0.000026
    -0.000137  0.000227  0.000026
    -0.000137  0.000227  0.000026
    -0.000137  0.000227  0.000026
    -0.000137  0.000227  0.000026
    -0.000137  0.000227  0.000026
    -0.000565  0.000087  0.000026
    -0.000820 -0.000061  0.000026
    -0.000977 -0.000051  0.000026
    -0.001491  0.000274  0.000026
    -0.001806  0.000521  0.000026
    -0.001772  0.000616  0.000026
    -0.000786  0.000105  0.000026
    -0.000621  0.000079  0.000026
    -0.000441  0.000117  0.000026
    -0.000137  0.000227  0.000026
    -0.000137  0.000227  0.000026
    -0.000066  0.000206  0.000026
    -0.000083  0.000211  0.000026
    -0.000010  0.000190  0.000026
    -0.000137  0.000227  0.000026
    -0.000288  0.000224  0.000026
    -0.000482  0.000190  0.000026
    -0.000278  0.000210  0.000026
    -0.000043  0.000207  0.000026
     0.000176  0.000227  0.000026
     0.000362  0.000296  0.000026
     0.000371  0.000419  0.000026
    -0.000318  0.001391  0.000026
     0.002449  0.001862  0.000026
     0.010378  0.004441  0.000025
     0.020159  0.006160  0.000024
     0.029264  0.004857  0.000023
     0.027558  0.008276  0.000024
     0.035216  0.024162  0.000024
     0.050535  0.044457  0.000023
     0.062779  0.051375  0.000022
     0.039635  0.034047  0.000024
     0.009937  0.010380  0.000026
    -0.004218 -0.007277  0.000026
     0.000807 -0.020951  0.000024
     0.012222 -0.024558  0.000023
     0.010681 -0.021375  0.000023
    -0.003312 -0.011029  0.000026
    -0.040074  0.002692  0.000028
    -0.083029  0.002616  0.000027
    -0.088697 -0.012505  0.000028
    -0.074939 -0.025843  0.000030
    -0.035997 -0.021509  0.000028
    -0.011018 -0.016042  0.000026
     0.002105 -0.012012  0.000025
     0.002868 -0.011366  0.000025
     0.000198 -0.010296  0.000025
    -0.002247 -0.008026  0.000025
    -0.003544 -0.003389  0.000026
    -0.001794 -0.000584  0.000026
     0.000018  0.000192  0.000026
    -0.000129  0.000268  0.000026
    -0.000254  0.000306  0.000026
    -0.000227  0.000208  0.000026
    -0.000109  0.000042  0.000026
    -0.000045  0.000214  0.000026
     0.000293  0.000028  0.000026
     0.000191  0.000265  0.000026
     0.000121  0.000426  0.000026
    -0.000176  0.000603  0.000026
    -0.000190  0.000595  0.000026
    -0.000137  0.000227  0.000026
     0.000012  0.000183  0.000026
     0.000181  0.000145  0.000026
     0.000426  0.000103  0.000026
     0.000479  0.000095  0.000026
     0.000728  0.000049  0.000026
     0.000903  0.000015  0.000026
     0.000875  0.000019  0.000026
     0.000666  0.000056  0.000026
     0.000451  0.000095  0.000026
     0.000207  0.000138  0.000026
    -0.000137  0.000227  0.000026
    -0.000137  0.000227  0.000026
    -0.000137  0.000227  0.000026
    -0.000137  0.000227  0.000026
    -0.000137  0.000227  0.000026
    -0.000137  0.000227  0.000026
    -0.000137  0.000227  0.000026
    -0.000137  0.000227  0.000026
    -0.000137  0.000227  0.000026
    -0.000592  0.000089  0.000026
    -0.000875 -0.000031  0.000026
    -0.001108  0.000014  0.000026
    -0.001539  0.000280  0.000026
    -0.002447  0.000356  0.000026
    -0.001678  0.000444  0.000026
    -0.000763 -0.000011  0.000026
    -0.000601 -0.000007  0.000026
    -0.000460  0.000122  0.000026
    -0.000137  0.000227  0.000026
    -0.000080  0.000210  0.000026
     0.000244  0.000116  0.000026
    -0.000137  0.000227  0.000026
    -0.000137  0.000227  0.000026
    -0.000137  0.000227  0.000026
    -0.000541  0.000182  0.000026
    -0.000398  0.000350  0.000026
    -0.000192  0.000259  0.000026
     0.000013  0.000256  0.000026
     0.000206  0.000300  0.000026
     0.000321  0.000284  0.000026
     0.000366  0.000328  0.000026
    -0.000369  0.001660  0.000026
     0.002670  0.004485  0.000026
     0.012183  0.009598  0.000025
     0.022406  0.014157  0.000025
     0.027397  0.018879  0.000025
     0.019052  0.032340  0.000027
     0.020428  0.049524  0.000028
     0.031891  0.063649  0.000027
     0.064956  0.066104  0.000023
     0.060194  0.060162  0.000023
     0.039259  0.037469  0.000024
     0.016273  0.010552  0.000025
     0.017859 -0.007937  0.000024
     0.018652 -0.019786  0.000023
     0.008018 -0.022028  0.000024
    -0.021505 -0.018908  0.000027
    -0.054995 -0.016838  0.000027
    -0.071774 -0.027369  0.000027
    -0.080775 -0.045848  0.000027
    -0.072421 -0.051261  0.000028
    -0.045032 -0.045393  0.000028
    -0.016975 -0.035882  0.000025
     0.001056 -0.028531  0.000023
     0.002084 -0.026411  0.000024
    -0.005877 -0.023315  0.000025
    -0.009313 -0.016821  0.000025
    -0.006586 -0.008367  0.000026
    -0.003778 -0.002491  0.000026
     0.000021  0.000181  0.000026
    -0.000016  0.000220  0.000026
    -0.000140  0.000256  0.000026
    -0.000189  0.000235  0.000026
    -0.000114  0.000052  0.000026
     0.000045  0.000123  0.000026
     0.000321  0.000031  0.000026
     0.000262  0.000125  0.000026
     0.000157  0.000334  0.000026
    -0.000162  0.000534  0.000026
    -0.000187  0.000567  0.000026
    -0.000094  0.000264  0.000026
     0.000117  0.000155  0.000026
     0.000233  0.000138  0.000026
     0.000418  0.000104  0.000026
     0.000513  0.000089  0.000026
     0.000727  0.000048  0.000026
     0.000904  0.000014  0.000026
     0.000849  0.000023  0.000026
     0.000683  0.000053  0.000026
     0.000485  0.000088  0.000026
     0.000315  0.000118  0.000026
    -0.000130  0.000225  0.000026
    -0.000137  0.000227  0.000026
    -0.000137  0.000227  0.000026
    -0.000137  0.000227  0.000026
    -0.000137  0.000227  0.000026
    -0.000137  0.000227  0.000026
    -0.000137  0.000227  0.000026
    -0.000137  0.000227  0.000026
    -0.000287  0.000153  0.000026
    -0.000608  0.000050  0.000026
    -0.000826  0.000025  0.000026
    -0.001180  0.000041  0.000026
    -0.001535  0.000259  0.000026
    -0.002586  0.000177  0.000026
    -0.001447  0.000160  0.000026
    -0.000763 -0.000117  0.000026
    -0.000615  0.000097  0.000026
    -0.000465  0.000108  0.000026
    -0.000137  0.000227  0.000026
    -0.000011  0.000190  0.000026
     0.000125  0.000150  0.000026
    -0.000137  0.000227  0.000026
    -0.000145  0.000286  0.000026
    -0.000151  0.000322  0.000026
    -0.000504  0.000261  0.000026
    -0.000370  0.000336  0.000026
    -0.000160  0.000371  0.000026
     0.000040  0.000163  0.000026
     0.000218  0.000227  0.000026
     0.000363  0.000389  0.000026
     0.000295  0.000325  0.000026
    -0.000325  0.001365  0.000026
     0.002547  0.003646  0.000026
     0.011436  0.008328  0.000025
     0.017225  0.014750  0.000025
     0.015042  0.024217  0.000026
     0.009448  0.036493  0.000028
     0.008085  0.051276  0.000030
     0.023485  0.059979  0.000028
     0.058777  0.064717  0.000024
     0.071754  0.069566  0.000022
     0.067750  0.063992  0.000022
     0.055092  0.042071  0.000022
     0.052496  0.017060  0.000021
     0.033095  0.004864  0.000023
     0.005796  0.005206  0.000026
    -0.025654  0.010297  0.000029
    -0.046124  0.000884  0.000028
    -0.042956 -0.016685  0.000028
    -0.059225 -0.043279  0.000027
    -0.066028 -0.060271  0.000027
    -0.055354 -0.058796  0.000028
    -0.019614 -0.050905  0.000024
    -0.004201 -0.044245  0.000023
    -0.004020 -0.036351  0.000023
    -0.013743 -0.025275  0.000025
    -0.018639 -0.017080  0.000026
    -0.013715 -0.009006  0.000026
    -0.005404 -0.001575  0.000026
    -0.001021 -0.000205  0.000026
    -0.000028  0.000200  0.000026
    -0.000146  0.000239  0.000026
    -0.000179  0.000252  0.000026
    -0.000071  0.000141  0.000026
     0.000100  0.000177  0.000026
     0.000322  0.000140  0.000026
     0.000264  0.000142  0.000026
     0.000185  0.000312  0.000026
    -0.000117  0.000393  0.000026
    -0.000177  0.000509  0.000026
     0.000138  0.000163  0.000026
     0.000172  0.000144  0.000026
     0.000322  0.000122  0.000026
     0.000373  0.000117  0.000026
     0.000548  0.000082  0.000026
     0.000732  0.000047  0.000026
     0.000902  0.000014  0.000026
     0.000830  0.000026  0.000026
     0.000591  0.000070  0.000026
     0.000512  0.000083  0.000026
     0.000352  0.000110  0.000026
    -0.000011  0.000190  0.000026
    -0.000137  0.000227  0.000026
    -0.000137  0.000227  0.000026
    -0.000137  0.000227  0.000026
    -0.000137  0.000227  0.000026
    -0.000137  0.000227  0.000026
    -0.000137  0.000227  0.000026
    -0.000137  0.000227  0.000026
    -0.000442  0.000093  0.000026
    -0.000671  0.000075  0.000026
    -0.000847  0.000013  0.000026
    -0.001228  0.000066  0.000026
    -0.001476  0.000174  0.000026
    -0.002378 -0.000013  0.000026
    -0.001243 -0.000105  0.000026
    -0.000780 -0.000069  0.000026
    -0.000571  0.000122  0.000026
    -0.000485  0.000087  0.000026
    -0.000137  0.000227  0.000026
     0.000010  0.000184  0.000026
    -0.000137  0.000227  0.000026
    -0.000139  0.000239  0.000026
    -0.000156  0.000359  0.000026
    -0.000191  0.000599  0.000026
    -0.000463  0.000312  0.000026
    -0.000418  0.000220  0.000026
    -0.000153  0.000268  0.000026
     0.000027  0.000199  0.000026
     0.000202  0.000021  0.000026
     0.000312  0.000194  0.000026
     0.000091  0.000222  0.000026
    -0.000220  0.000707  0.000026
     0.001766  0.001834  0.000026
     0.007330  0.005236  0.000025
     0.009609  0.012152  0.000026
     0.005044  0.017434  0.000027
    -0.000574  0.022625  0.000028
    -0.000217  0.026048  0.000028
     0.016299  0.033545  0.000027
     0.043173  0.048316  0.000025
     0.075603  0.056477  0.000021
     0.083909  0.053786  0.000020
     0.078423  0.040409  0.000019
     0.063592  0.032256  0.000021
     0.031280  0.040510  0.000025
    -0.001905  0.046164  0.000030
    -0.016127  0.045442  0.000031
    -0.018306  0.033402  0.000031
    -0.010705  0.011780  0.000028
    -0.022697 -0.005152  0.000028
    -0.046806 -0.034679  0.000028
    -0.057904 -0.052625  0.000028
    -0.029347 -0.048476  0.000026
    -0.012635 -0.033598  0.000025
    -0.011750 -0.017289  0.000026
    -0.020963 -0.010220  0.000027
    -0.024005 -0.003944  0.000028
    -0.017137 -0.001807  0.000027
    -0.006096 -0.000112  0.000026
    -0.001756 -0.000134  0.000026
    -0.000137  0.000227  0.000026
    -0.000137  0.000227  0.000026
    -0.000229  0.000258  0.000026
    -0.000009  0.000219  0.000026
     0.000177  0.000177  0.000026
     0.000364  0.000134  0.000026
     0.000300  0.000130  0.000026
     0.000263  0.000129  0.000026
    -0.000039  0.000411  0.000026
    -0.000098  0.000303  0.000026
     0.000202  0.000133  0.000026
     0.000195  0.000138  0.000026
     0.000350  0.000117  0.000026
     0.000429  0.000107  0.000026
     0.000629  0.000068  0.000026
     0.000739  0.000045  0.000026
     0.000891  0.000016  0.000026
     0.000800  0.000031  0.000026
     0.000603  0.000067  0.000026
     0.000533  0.000078  0.000026
     0.000383  0.000104  0.000026
     0.000113  0.000154  0.000026
    -0.000137  0.000227  0.000026
    -0.000137  0.000227  0.000026
    -0.000137  0.000227  0.000026
    -0.000137  0.000227  0.000026
    -0.000137  0.000227  0.000026
    -0.000137  0.000227  0.000026
    -0.000137  0.000227  0.000026
    -0.000472  0.000092  0.000026
    -0.000702  0.000069  0.000026
    -0.000865  0.000004  0.000026
    -0.001160  0.000007  0.000026
    -0.001281 -0.000010  0.000026
    -0.001816 -0.000146  0.000026
    -0.000996 -0.000281  0.000026
    -0.000830  0.000068  0.000026
    -0.000613  0.000102  0.000026
    -0.000497  0.000075  0.000026
    -0.000137  0.000227  0.000026
    -0.000137  0.000227  0.000026
    -0.000137  0.000227  0.000026
    -0.000144  0.000274  0.000026
    -0.000177  0.000506  0.000026
    -0.000221  0.000699  0.000026
    -0.000446  0.000321  0.000026
    -0.000466  0.000017  0.000026
    -0.000218  0.000066  0.000026
     0.000043  0.000133  0.000026
     0.000225  0.000025  0.000026
     0.000241  0.000048  0.000026
     0.000050  0.000114  0.000026
    -0.000154  0.000164  0.000026
     0.001181  0.000124  0.000026
     0.003719  0.000841  0.000025
     0.003344  0.002050  0.000026
     0.001016  0.005481  0.000026
    -0.001677  0.007065  0.000027
    -0.001564  0.009226  0.000027
     0.006250  0.013807  0.000026
     0.028686  0.020859  0.000025
     0.070370  0.033001  0.000020
     0.090483  0.027013  0.000017
     0.085654  0.015672  0.000017
     0.049706  0.017145  0.000022
     0.006975  0.033504  0.000028
    -0.009589  0.044553  0.000031
    -0.012801  0.044788  0.000031
    -0.003122  0.036744  0.000029
     0.006231  0.025915  0.000028
     0.000583  0.009613  0.000027
    -0.015524 -0.006315  0.000027
    -0.046185 -0.033739  0.000028
    -0.047513 -0.035842  0.000028
    -0.030689 -0.012000  0.000028
    -0.021987  0.004975  0.000029
    -0.025684  0.015731  0.000030
    -0.023327  0.012782  0.000029
    -0.013049  0.007653  0.000028
    -0.004702  0.001437  0.000026
    -0.001638  0.000303  0.000026
    -0.000137  0.000227  0.000026
    -0.000146  0.000277  0.000026
    -0.000213  0.000253  0.000026
     0.000016  0.000216  0.000026
     0.000352  0.000139  0.000026
     0.000395  0.000124  0.000026
     0.000289  0.000129  0.000026
     0.000235  0.000129  0.000026
    -0.000184  0.000552  0.000026
     0.000160  0.000142  0.000026
     0.000240  0.000125  0.000026
     0.000302  0.000117  0.000026
     0.000364  0.000113  0.000026
     0.000480  0.000098  0.000026
     0.000704  0.000055  0.000026
     0.000759  0.000040  0.000026
     0.000862  0.000021  0.000026
     0.000783  0.000035  0.000026
     0.000622  0.000064  0.000026
     0.000527  0.000078  0.000026
     0.000399  0.000101  0.000026
     0.000177  0.000141  0.000026
    -0.000137  0.000227  0.000026
    -0.000137  0.000227  0.000026
    -0.000137  0.000227  0.000026
    -0.000137  0.000227  0.000026
    -0.000137  0.000227  0.000026
    -0.000137  0.000227  0.000026
    -0.000137  0.000227  0.000026
    -0.000500  0.000091  0.000026
    -0.000760  0.000010  0.000026
    -0.000874 -0.000009  0.000026
    -0.000917 -0.000067  0.000026
    -0.001112 -0.000166  0.000026
    -0.001189 -0.000310  0.000026
    -0.001009 -0.000066  0.000026
    -0.000868  0.000086  0.000026
    -0.000656  0.000090  0.000026
    -0.000543  0.000071  0.000026
    -0.000137  0.000227  0.000026
    -0.000137  0.000227  0.000026
    -0.000137  0.000227  0.000026
    -0.000147  0.000300  0.000026
    -0.000189  0.000592  0.000026
    -0.000336  0.000642  0.000026
    -0.000563  0.000295  0.000026
    -0.000463  0.000040  0.000026
    -0.000198 -0.000060  0.000026
     0.000039  0.000014  0.000026
     0.000157 -0.000130  0.000026
     0.000078  0.000131  0.000026
    -0.000118  0.000280  0.000026
    -0.000229  0.000182  0.000026
     0.003410 -0.001875  0.000025
     0.004688 -0.006225  0.000025
     0.002940 -0.006623  0.000025
     0.000064 -0.005410  0.000025
    -0.003113 -0.001229  0.000026
    -0.001658 -0.000503  0.000026
     0.003142 -0.000125  0.000025
     0.024426  0.000101  0.000023
     0.068632  0.000919  0.000019
     0.092294 -0.002541  0.000015
     0.080642  0.002437  0.000017
     0.028521  0.008307  0.000024
    -0.007636  0.012333  0.000028
    -0.018588  0.021662  0.000030
    -0.009926  0.026042  0.000029
     0.003493  0.021486  0.000027
     0.013611  0.017265  0.000026
     0.014397  0.008862  0.000025
     0.002306 -0.005373  0.000025
    -0.029088 -0.024443  0.000027
    -0.064660 -0.026046  0.000028
    -0.054145  0.000141  0.000030
    -0.037922  0.019455  0.000031
    -0.025371  0.021901  0.000030
    -0.016500  0.017688  0.000029
    -0.007299  0.008188  0.000027
    -0.002210  0.001805  0.000026
    -0.000531  0.000478  0.000026
    -0.000137  0.000227  0.000026
    -0.000174  0.000471  0.000026
    -0.000160  0.000175  0.000026
     0.000064  0.000213  0.000026
     0.000365  0.000138  0.000026
     0.000414  0.000113  0.000026
     0.000299  0.000124  0.000026
     0.000011  0.000184  0.000026
    -0.000154  0.000346  0.000026
     0.000203  0.000134  0.000026
     0.000345  0.000105  0.000026
     0.000327  0.000111  0.000026
     0.000278  0.000129  0.000026
     0.000522  0.000089  0.000026
     0.000768  0.000044  0.000026
     0.000859  0.000024  0.000026
     0.000815  0.000030  0.000026
     0.000765  0.000038  0.000026
     0.000636  0.000061  0.000026
     0.000555  0.000073  0.000026
     0.000417  0.000097  0.000026
     0.000192  0.000138  0.000026
    -0.000137  0.000227  0.000026
    -0.000137  0.000227  0.000026
    -0.000137  0.000227  0.000026
    -0.000137  0.000227  0.000026
    -0.000137  0.000227  0.000026
    -0.000137  0.000227  0.000026
    -0.000137  0.000227  0.000026
    -0.000577  0.000090  0.000026
    -0.000720  0.000047  0.000026
    -0.000876 -0.000034  0.000026
    -0.000909 -0.000106  0.000026
    -0.000978 -0.000270  0.000026
    -0.001031 -0.000185  0.000026
    -0.001014  0.000078  0.000026
    -0.000896  0.000081  0.000026
    -0.000702  0.000087  0.000026
    -0.000502  0.000068  0.000026
    -0.000137  0.000227  0.000026
    -0.000137  0.000227  0.000026
    -0.000137  0.000227  0.000026
    -0.000141  0.000256  0.000026
    -0.000240  0.000458  0.000026
    -0.000570  0.000433  0.000026
    -0.000540  0.000371  0.000026
    -0.000404  0.000088  0.000026
    -0.000241 -0.000089  0.000026
    -0.000016 -0.000187  0.000026
     0.000064  0.000197  0.000026
     0.000045  0.000401  0.000026
    -0.000429  0.000096  0.000026
     0.001931 -0.000473  0.000025
     0.006336 -0.006852  0.000025
     0.008151 -0.012360  0.000024
     0.005449 -0.017053  0.000024
    -0.000025 -0.018083  0.000024
    -0.006492 -0.015926  0.000025
    -0.003763 -0.013016  0.000025
     0.005145 -0.015123  0.000024
     0.025402 -0.019492  0.000022
     0.068147 -0.021289  0.000017
     0.090076 -0.013589  0.000015
     0.073206 -0.004975  0.000017
     0.020190  0.001770  0.000024
    -0.014114  0.003896  0.000028
    -0.022913  0.007491  0.000029
    -0.010129  0.006073  0.000027
     0.003102  0.003789  0.000026
     0.017466  0.005967  0.000025
     0.021557  0.002276  0.000024
     0.009041 -0.001081  0.000025
    -0.018981 -0.001875  0.000028
    -0.066595 -0.004996  0.000028
    -0.071956  0.006835  0.000030
    -0.050693  0.015362  0.000032
    -0.024141  0.017114  0.000030
    -0.008153  0.012567  0.000028
    -0.001927  0.002424  0.000026
    -0.000185  0.000559  0.000026
    -0.000137  0.000227  0.000026
    -0.000497  0.000415  0.000026
    -0.000167  0.000436  0.000026
    -0.000081  0.000238  0.000026
     0.000162  0.000198  0.000026
     0.000403  0.000137  0.000026
     0.000425  0.000108  0.000026
     0.000288  0.000121  0.000026
    -0.000137  0.000227  0.000026
    -0.000137  0.000227  0.000026
     0.000245  0.000124  0.000026
     0.000340  0.000106  0.000026
     0.000390  0.000101  0.000026
     0.000299  0.000123  0.000026
     0.000569  0.000079  0.000026
     0.000809  0.000035  0.000026
     0.000904  0.000016  0.000026
     0.000774  0.000038  0.000026
     0.000653  0.000060  0.000026
     0.000649  0.000058  0.000026
     0.000577  0.000068  0.000026
     0.000475  0.000084  0.000026
     0.000299  0.000117  0.000026
    -0.000137  0.000227  0.000026
    -0.000137  0.000227  0.000026
    -0.000137  0.000227  0.000026
    -0.000137  0.000227  0.000026
    -0.000137  0.000227  0.000026
    -0.000137  0.000227  0.000026
    -0.000322  0.000137  0.000026
    -0.000607  0.000067  0.000026
    -0.000749  0.000020  0.000026
    -0.000906 -0.000116  0.000026
    -0.000899 -0.000145  0.000026
    -0.000952 -0.000239  0.000026
    -0.001012  0.000065  0.000026
    -0.001021  0.000072  0.000026
    -0.000907  0.000074  0.000026
    -0.000721  0.000077  0.000026
    -0.000542  0.000057  0.000026
    -0.000386  0.000105  0.000026
    -0.000137  0.000227  0.000026
    -0.000137  0.000227  0.000026
    -0.000137  0.000227  0.000026
    -0.000522  0.000215  0.000026
    -0.000629  0.000298  0.000026
    -0.000560  0.000370  0.000026
    -0.000439  0.000093  0.000026
    -0.000211 -0.000138  0.000026
     0.000030 -0.000075  0.000026
     0.000061  0.000363  0.000026
     0.000062  0.000381  0.000026
    -0.000361  0.000118  0.000026
     0.004577 -0.003758  0.000025
     0.009510 -0.010150  0.000024
     0.017601 -0.016273  0.000023
     0.016387 -0.028048  0.000022
    -0.000455 -0.033949  0.000023
    -0.010335 -0.033835  0.000024
    -0.005997 -0.031261  0.000024
     0.010682 -0.036541  0.000022
     0.032680 -0.050414  0.000019
     0.061561 -0.050213  0.000016
     0.082327 -0.034418  0.000014
     0.072210 -0.017509  0.000016
     0.018943 -0.009148  0.000023
    -0.013090 -0.006673  0.000027
    -0.020485 -0.013324  0.000027
    -0.011393 -0.013534  0.000026
     0.004136 -0.011015  0.000024
     0.015884 -0.008355  0.000024
     0.021445 -0.003360  0.000023
     0.008834  0.002936  0.000025
    -0.020996  0.008157  0.000029
    -0.071198  0.019470  0.000028
    -0.076101  0.016745  0.000030
    -0.050612  0.008899  0.000032
    -0.021311  0.004936  0.000028
    -0.002688  0.001337  0.000026
    -0.000137  0.000227  0.000026
    -0.000137  0.000227  0.000026
    -0.000174  0.000485  0.000026
    -0.000577  0.000644  0.000026
    -0.000137  0.000227  0.000026
    -0.000038  0.000223  0.000026
     0.000232  0.000185  0.000026
     0.000531  0.000113  0.000026
     0.000509  0.000092  0.000026
     0.000270  0.000116  0.000026
    -0.000137  0.000227  0.000026
    -0.000137  0.000227  0.000026
     0.000283  0.000111  0.000026
     0.000303  0.000111  0.000026
     0.000310  0.000118  0.000026
     0.000393  0.000107  0.000026
     0.000590  0.000073  0.000026
     0.000813  0.000034  0.000026
     0.000912  0.000016  0.000026
     0.000850  0.000026  0.000026
     0.000633  0.000064  0.000026
     0.000668  0.000054  0.000026
     0.000604  0.000063  0.000026
     0.000513  0.000076  0.000026
     0.000307  0.000115  0.000026
    -0.000137  0.000227  0.000026
    -0.000137  0.000227  0.000026
    -0.000137  0.000227  0.000026
    -0.000137  0.000227  0.000026
    -0.000137  0.000227  0.000026
    -0.000137  0.000227  0.000026
    -0.000371  0.000112  0.000026
    -0.000635  0.000040  0.000026
    -0.000770 -0.000017  0.000026
    -0.000893 -0.000149  0.000026
    -0.000896 -0.000200  0.000026
    -0.000873 -0.000062  0.000026
    -0.000978  0.000080  0.000026
    -0.001000  0.000070  0.000026
    -0.000953  0.000072  0.000026
    -0.000736  0.000067  0.000026
    -0.000587  0.000054  0.000026
    -0.000396  0.000100  0.000026
    -0.000137  0.000227  0.000026
    -0.000137  0.000227  0.000026
    -0.000137  0.000227  0.000026
    -0.000612 -0.000003  0.000026
    -0.000649  0.000156  0.000026
    -0.000601  0.000196  0.000026
    -0.000446  0.000181  0.000026
    -0.000140 -0.000036  0.000026
     0.000027  0.000032  0.000026
     0.000061  0.000376  0.000026
    -0.000162  0.000255  0.000026
     0.001106 -0.000136  0.000026
     0.005298 -0.003338  0.000025
     0.015107 -0.008150  0.000024
     0.027601 -0.015558  0.000022
     0.026727 -0.024551  0.000021
     0.006061 -0.033728  0.000023
    -0.007531 -0.045015  0.000023
    -0.003954 -0.055328  0.000022
     0.018170 -0.066758  0.000019
     0.033579 -0.078176  0.000017
     0.051643 -0.075361  0.000015
     0.060703 -0.062017  0.000015
     0.060924 -0.038803  0.000016
     0.024150 -0.027579  0.000021
    -0.006986 -0.026503  0.000025
    -0.020435 -0.025274  0.000026
    -0.014165 -0.022813  0.000026
     0.001243 -0.019412  0.000024
     0.012353 -0.014972  0.000023
     0.013409 -0.001149  0.000025
    -0.000707  0.010656  0.000027
    -0.036398  0.026051  0.000030
    -0.074394  0.034053  0.000028
    -0.066841  0.018157  0.000030
    -0.045636  0.006215  0.000031
    -0.020087 -0.000132  0.000028
    -0.002426 -0.000136  0.000026
    -0.000137  0.000227  0.000026
    -0.000175  0.000492  0.000026
    -0.000388  0.000288  0.000026
    -0.000421  0.000088  0.000026
    -0.000137  0.000227  0.000026
    -0.000027  0.000229  0.000026
     0.000319  0.000166  0.000026
     0.000639  0.000085  0.000026
     0.000460  0.000095  0.000026
     0.000356  0.000097  0.000026
    -0.000137  0.000227  0.000026
    -0.000075  0.000209  0.000026
     0.000122  0.000151  0.000026
     0.000302  0.000111  0.000026
     0.000346  0.000112  0.000026
     0.000454  0.000096  0.000026
     0.000681  0.000056  0.000026
     0.000813  0.000032  0.000026
     0.000906  0.000017  0.000026
     0.000759  0.000045  0.000026
     0.000654  0.000060  0.000026
     0.000681  0.000051  0.000026
     0.000700  0.000044  0.000026
     0.000550  0.000069  0.000026
     0.000259  0.000123  0.000026
    -0.000137  0.000227  0.000026
    -0.000137  0.000227  0.000026
    -0.000137  0.000227  0.000026
    -0.000137  0.000227  0.000026
    -0.000137  0.000227  0.000026
    -0.000137  0.000227  0.000026
    -0.000466  0.000090  0.000026
    -0.000658  0.000025  0.000026
    -0.000783 -0.000053  0.000026
    -0.000870 -0.000170  0.000026
    -0.000925 -0.000042  0.000026
    -0.000869  0.000052  0.000026
    -0.000929  0.000084  0.000026
    -0.000995  0.000076  0.000026
    -0.000962  0.000067  0.000026
    -0.000746  0.000064  0.000026
    -0.000623  0.000054  0.000026
    -0.000539  0.000038  0.000026
    -0.000137  0.000227  0.000026
    -0.000137  0.000227  0.000026
    -0.000137  0.000227  0.000026
    -0.000645  0.000105  0.000026
    -0.000694  0.000046  0.000026
    -0.000621  0.000047  0.000026
    -0.000390  0.000147  0.000026
    -0.000163  0.000021  0.000026
    -0.000061  0.000258  0.000026
    -0.000137  0.000227  0.000026
    -0.000137  0.000227  0.000026
     0.000925 -0.000083  0.000026
     0.004477 -0.000620  0.000025
     0.016295 -0.001675  0.000024
     0.028173 -0.003593  0.000023
     0.033605 -0.006525  0.000022
     0.017886 -0.016975  0.000023
     0.007497 -0.040349  0.000022
     0.009028 -0.061884  0.000020
     0.029420 -0.077319  0.000017
     0.031287 -0.079931  0.000017
     0.033124 -0.070816  0.000017
     0.036228 -0.052885  0.000018
     0.046804 -0.038119  0.000018
     0.031783 -0.034946  0.000020
    -0.009566 -0.030742  0.000025
    -0.024676 -0.028696  0.000026
    -0.019212 -0.024060  0.000026
    -0.003082 -0.017348  0.000025
     0.002130 -0.007037  0.000025
    -0.003077  0.006047  0.000027
    -0.015435  0.030934  0.000030
    -0.047474  0.049398  0.000029
    -0.061641  0.030534  0.000029
    -0.053211  0.006324  0.000031
    -0.038696 -0.006419  0.000029
    -0.022627 -0.006578  0.000028
    -0.004971 -0.001335  0.000026
    -0.000439  0.000604  0.000026
    -0.000195  0.000587  0.000026
    -0.000183  0.000546  0.000026
    -0.000157  0.000354  0.000026
    -0.000137  0.000227  0.000026
     0.000030  0.000223  0.000026
     0.000348  0.000161  0.000026
     0.000705  0.000066  0.000026
     0.000551  0.000074  0.000026
     0.000209  0.000126  0.000026
    -0.000093  0.000214  0.000026
    -0.000030  0.000196  0.000026
    -0.000093  0.000214  0.000026
     0.000194  0.000130  0.000026
     0.000338  0.000112  0.000026
     0.000490  0.000091  0.000026
     0.000724  0.000049  0.000026
     0.000788  0.000036  0.000026
     0.000871  0.000023  0.000026
     0.000787  0.000040  0.000026
     0.000784  0.000036  0.000026
     0.000701  0.000047  0.000026
     0.000739  0.000036  0.000026
     0.000569  0.000065  0.000026
     0.000241  0.000126  0.000026
    -0.000137  0.000227  0.000026
    -0.000137  0.000227  0.000026
    -0.000137  0.000227  0.000026
    -0.000137  0.000227  0.000026
    -0.000137  0.000227  0.000026
    -0.000137  0.000227  0.000026
    -0.000479  0.000089  0.000026
    -0.000674  0.000036  0.000026
    -0.000784 -0.000088  0.000026
    -0.000795 -0.000095  0.000026
    -0.000918  0.000065  0.000026
    -0.000929  0.000080  0.000026
    -0.000855  0.000093  0.000026
    -0.000964  0.000076  0.000026
    -0.000933  0.000066  0.000026
    -0.000769  0.000060  0.000026
    -0.000660  0.000047  0.000026
    -0.000575  0.000029  0.000026
    -0.000179  0.000206  0.000026
    -0.000431  0.000083  0.000026
    -0.000137  0.000227  0.000026
    -0.000596  0.000010  0.000026
    -0.000670  0.000095  0.000026
    -0.000661 -0.000150  0.000026
    -0.000368 -0.000065  0.000026
    -0.000185  0.000020  0.000026
    -0.000127  0.000235  0.000026
    -0.000137  0.000227  0.000026
    -0.000137  0.000227  0.000026
    -0.000137  0.000227  0.000026
     0.002836 -0.000110  0.000025
     0.012403  0.002223  0.000025
     0.024382  0.009813  0.000024
     0.033598  0.008183  0.000023
     0.035954 -0.002664  0.000022
     0.031067 -0.025312  0.000021
     0.030817 -0.055247  0.000018
     0.034860 -0.057955  0.000018
     0.021665 -0.039295  0.000021
     0.011802 -0.019187  0.000023
     0.013079 -0.006401  0.000024
     0.032025  0.000327  0.000023
     0.027092  0.006292  0.000024
     0.000149 -0.000396  0.000026
    -0.029240 -0.007346  0.000028
    -0.033524 -0.001434  0.000029
    -0.012200  0.006064  0.000028
    -0.011450  0.019261  0.000029
    -0.020026  0.038964  0.000031
    -0.035594  0.058096  0.000030
    -0.032258  0.055481  0.000030
    -0.032377  0.025499  0.000031
    -0.036258  0.003358  0.000030
    -0.034247 -0.008016  0.000029
    -0.025556 -0.008299  0.000028
    -0.013690 -0.001131  0.000027
    -0.003130  0.000288  0.000026
    -0.000233  0.000896  0.000026
    -0.000197  0.000599  0.000026
    -0.000144  0.000279  0.000026
    -0.000137  0.000227  0.000026
     0.000115  0.000201  0.000026
     0.000380  0.000147  0.000026
     0.000728  0.000061  0.000026
     0.000610  0.000054  0.000026
     0.000330  0.000091  0.000026
    -0.000137  0.000227  0.000026
    -0.000022  0.000194  0.000026
    -0.000137  0.000227  0.000026
     0.000106  0.000156  0.000026
     0.000317  0.000114  0.000026
     0.000442  0.000100  0.000026
     0.000763  0.000043  0.000026
     0.000891  0.000019  0.000026
     0.000748  0.000047  0.000026
     0.000805  0.000036  0.000026
     0.000826  0.000028  0.000026
     0.000782  0.000030  0.000026
     0.000767  0.000030  0.000026
     0.000572  0.000064  0.000026
     0.000221  0.000130  0.000026
    -0.000137  0.000227  0.000026
    -0.000137  0.000227  0.000026
    -0.000137  0.000227  0.000026
    -0.000137  0.000227  0.000026
    -0.000137  0.000227  0.000026
    -0.000137  0.000227  0.000026
    -0.000494  0.000087  0.000026
    -0.000685  0.000062  0.000026
    -0.000793 -0.000027  0.000026
    -0.000808  0.000065  0.000026
    -0.000897  0.000075  0.000026
    -0.000931  0.000077  0.000026
    -0.000915  0.000003  0.000026
    -0.000855  0.000030  0.000026
    -0.000890  0.000070  0.000026
    -0.000787  0.000057  0.000026
    -0.000713  0.000037  0.000026
    -0.000609  0.000024  0.000026
    -0.000438  0.000079  0.000026
    -0.000428  0.000085  0.000026
    -0.000327  0.000134  0.000026
    -0.000545  0.000032  0.000026
    -0.000663  0.000045  0.000026
    -0.000659 -0.000174  0.000026
    -0.000435 -0.000021  0.000026
    -0.000232  0.000130  0.000026
    -0.000137  0.000227  0.000026
    -0.000112  0.000220  0.000026
    -0.000137  0.000227  0.000026
    -0.000137  0.000227  0.000026
     0.000145  0.000145  0.000026
     0.004152  0.001446  0.000025
     0.020369  0.008403  0.000024
     0.037452  0.006583  0.000023
     0.053101 -0.006543  0.000020
     0.061450 -0.028659  0.000017
     0.046271 -0.049490  0.000017
     0.016935 -0.030956  0.000022
     0.001230 -0.005133  0.000026
    -0.003529  0.007798  0.000027
     0.002278  0.017142  0.000027
     0.019683  0.023687  0.000026
     0.022852  0.027874  0.000026
     0.006688  0.031999  0.000028
    -0.034512  0.033407  0.000028
    -0.048446  0.036315  0.000027
    -0.038786  0.050607  0.000028
    -0.034944  0.070329  0.000029
    -0.031458  0.081364  0.000029
    -0.029869  0.078877  0.000030
    -0.010040  0.062830  0.000032
    -0.009630  0.041975  0.000031
    -0.017258  0.016227  0.000029
    -0.033676  0.007521  0.000030
    -0.027774  0.004651  0.000029
    -0.017191  0.001635  0.000028
    -0.004437  0.001118  0.000026
    -0.000780  0.001385  0.000026
    -0.000157  0.000323  0.000026
    -0.000137  0.000227  0.000026
    -0.000243  0.000289  0.000026
     0.000153  0.000202  0.000026
     0.000475  0.000116  0.000026
     0.000698  0.000057  0.000026
     0.000586  0.000056  0.000026
     0.000451  0.000060  0.000026
    -0.000137  0.000227  0.000026
    -0.000137  0.000227  0.000026
    -0.000137  0.000227  0.000026
     0.000050  0.000173  0.000026
     0.000286  0.000120  0.000026
     0.000430  0.000102  0.000026
     0.000802  0.000037  0.000026
     0.000920  0.000015  0.000026
     0.000819  0.000035  0.000026
     0.000782  0.000039  0.000026
     0.000900  0.000013  0.000026
     0.000914  0.000005  0.000026
     0.000788  0.000025  0.000026
     0.000561  0.000065  0.000026
     0.000208  0.000132  0.000026
    -0.000137  0.000227  0.000026
    -0.000137  0.000227  0.000026
    -0.000137  0.000227  0.000026
    -0.000137  0.000227  0.000026
    -0.000137  0.000227  0.000026
    -0.000137  0.000227  0.000026
    -0.000510  0.000085  0.000026
    -0.000685  0.000077  0.000026
    -0.000795  0.000041  0.000026
    -0.000813  0.000076  0.000026
    -0.000794  0.000087  0.000026
    -0.000914  0.000077  0.000026
    -0.000972  0.000038  0.000026
    -0.000880  0.000030  0.000026
    -0.000849  0.000075  0.000026
    -0.000763  0.000054  0.000026
    -0.000747  0.000029  0.000026
    -0.000684  0.000017  0.000026
    -0.000596  0.000013  0.000026
    -0.000419  0.000089  0.000026
    -0.000137  0.000227  0.000026
    -0.000620  0.000040  0.000026
    -0.000619  0.000108  0.000026
    -0.000656 -0.000081  0.000026
    -0.000459  0.000085  0.000026
    -0.000346  0.000238  0.000026
    -0.000137  0.000227  0.000026
     0.000037  0.000176  0.000026
     0.000169  0.000138  0.000026
    -0.000137  0.000227  0.000026
    -0.000247  0.000206  0.000026
     0.001890 -0.000239  0.000025
     0.018378  0.000342  0.000024
     0.043726 -0.004885  0.000021
     0.065080 -0.016380  0.000018
     0.074158 -0.032784  0.000015
     0.036467 -0.026451  0.000020
    -0.000516 -0.010583  0.000025
    -0.014081  0.002054  0.000028
    -0.013084  0.016758  0.000029
    -0.002921  0.020654  0.000028
     0.013488  0.022990  0.000026
     0.019829  0.024435  0.000026
     0.005691  0.024885  0.000028
    -0.026877  0.027372  0.000029
    -0.061952  0.038292  0.000027
    -0.064489  0.063022  0.000027
    -0.054285  0.074686  0.000028
    -0.035861  0.079152  0.000031
    -0.019186  0.067091  0.000033
     0.002215  0.054857  0.000030
     0.006479  0.043839  0.000029
    -0.006056  0.032427  0.000029
    -0.025184  0.023822  0.000031
    -0.027360  0.015535  0.000030
    -0.015932  0.008921  0.000028
    -0.005116  0.002525  0.000026
    -0.000809  0.001556  0.000026
    -0.000128  0.000138  0.000026
    -0.000397  0.000315  0.000026
    -0.000201  0.000293  0.000026
     0.000183  0.000207  0.000026
     0.000564  0.000094  0.000026
     0.000623  0.000057  0.000026
     0.000572  0.000057  0.000026
     0.000313  0.000096  0.000026
    -0.000137  0.000227  0.000026
    -0.000137  0.000227  0.000026
    -0.000137  0.000227  0.000026
    -0.000103  0.000217  0.000026
     0.000214  0.000134  0.000026
     0.000429  0.000103  0.000026
     0.000807  0.000037  0.000026
     0.000853  0.000030  0.000026
     0.000879  0.000024  0.000026
     0.000852  0.000025  0.000026
     0.000982 -0.000005  0.000026
     0.000975 -0.000008  0.000026
     0.000788  0.000024  0.000026
     0.000526  0.000072  0.000026
    -0.000040  0.000199  0.000026
    -0.000137  0.000227  0.000026
    -0.000137  0.000227  0.000026
    -0.000137  0.000227  0.000026
    -0.000137  0.000227  0.000026
    -0.000137  0.000227  0.000026
    -0.000137  0.000227  0.000026
    -0.000569  0.000077  0.000026
    -0.000675  0.000076  0.000026
    -0.000771  0.000069  0.000026
    -0.000816  0.000073  0.000026
    -0.000797  0.000084  0.000026
    -0.000926  0.000060  0.000026
    -0.000986  0.000046  0.000026
    -0.000912  0.000082  0.000026
    -0.000779  0.000082  0.000026
    -0.000722  0.000055  0.000026
    -0.000735  0.000025  0.000026
    -0.000719  0.000006  0.000026
    -0.000662  0.000016  0.000026
    -0.000168  0.000212  0.000026
    -0.000235  0.000179  0.000026
    -0.000575  0.000051  0.000026
    -0.000683  0.000108  0.000026
    -0.000674  0.000135  0.000026
    -0.000516  0.000238  0.000026
    -0.000372  0.000208  0.000026
    -0.000137  0.000227  0.000026
     0.000408  0.000068  0.000026
    -0.000041  0.000199  0.000026
    -0.000137  0.000227  0.000026
    -0.000183  0.000204  0.000026
     0.002775 -0.000623  0.000025
     0.019806 -0.005841  0.000023
     0.048980 -0.009417  0.000020
     0.074349 -0.015350  0.000017
     0.071744 -0.018415  0.000017
     0.022426 -0.009799  0.000023
    -0.009302 -0.002135  0.000027
    -0.021336  0.003883  0.000028
    -0.017177  0.009268  0.000028
    -0.004595  0.011480  0.000027
     0.012178  0.013032  0.000026
     0.019180  0.012743  0.000025
     0.010335  0.007159  0.000026
    -0.020438  0.007811  0.000029
    -0.072198  0.018566  0.000028
    -0.085097  0.036024  0.000028
    -0.062782  0.050244  0.000030
    -0.033223  0.051715  0.000034
    -0.012555  0.038246  0.000030
     0.005098  0.030914  0.000028
     0.010034  0.032439  0.000028
     0.000370  0.030864  0.000029
    -0.014867  0.026815  0.000030
    -0.018304  0.017625  0.000029
    -0.009614  0.011079  0.000028
    -0.003875  0.003238  0.000026
    -0.000254  0.001036  0.000026
    -0.000424  0.000324  0.000026
    -0.000429  0.000346  0.000026
    -0.000138  0.000287  0.000026
     0.000252  0.000195  0.000026
     0.000487  0.000110  0.000026
     0.000626  0.000050  0.000026
     0.000570  0.000050  0.000026
     0.000293  0.000101  0.000026
    -0.000137  0.000227  0.000026
    -0.000137  0.000227  0.000026
    -0.000137  0.000227  0.000026
    -0.000137  0.000227  0.000026
     0.000135  0.000149  0.000026
     0.000441  0.000101  0.000026
     0.000685  0.000061  0.000026
     0.000897  0.000023  0.000026
     0.000929  0.000015  0.000026
     0.001047 -0.000013  0.000026
     0.001029 -0.000015  0.000026
     0.001022 -0.000018  0.000026
     0.000769  0.000027  0.000026
     0.000480  0.000080  0.000026
    -0.000097  0.000215  0.000026
    -0.000137  0.000227  0.000026
    -0.000137  0.000227  0.000026
    -0.000137  0.000227  0.000026
    -0.000137  0.000227  0.000026
    -0.000137  0.000227  0.000026
    -0.000137  0.000227  0.000026
    -0.000575  0.000075  0.000026
    -0.000663  0.000074  0.000026
    -0.000762  0.000068  0.000026
    -0.000815  0.000071  0.000026
    -0.000816  0.000080  0.000026
    -0.000834  0.000001  0.000026
    -0.000970  0.000024  0.000026
    -0.000932  0.000078  0.000026
    -0.000810  0.000074  0.000026
    -0.000644  0.000063  0.000026
    -0.000747  0.000029  0.000026
    -0.000752  0.000004  0.000026
    -0.000701  0.000009  0.000026
    -0.000338  0.000129  0.000026
    -0.000518  0.000041  0.000026
    -0.000601  0.000064  0.000026
    -0.000605  0.000120  0.000026
    -0.000642  0.000176  0.000026
    -0.000517  0.000225  0.000026
    -0.000448  0.000191  0.000026
    -0.000137  0.000227  0.000026
     0.000177  0.000136  0.000026
    -0.000137  0.000227  0.000026
    -0.000137  0.000227  0.000026
     0.002275 -0.001809  0.000025
     0.007229 -0.011409  0.000024
     0.023299 -0.017360  0.000022
     0.050478 -0.018401  0.000019
     0.072103 -0.007840  0.000017
     0.068505  0.002908  0.000018
     0.019214  0.002930  0.000024
    -0.010151  0.002376  0.000027
    -0.021530 -0.001741  0.000028
    -0.018455 -0.005111  0.000027
    -0.002971 -0.003343  0.000026
     0.009565 -0.005572  0.000024
     0.020776 -0.006691  0.000023
     0.011383 -0.003394  0.000025
    -0.023940 -0.001261  0.000028
    -0.075894  0.004701  0.000028
    -0.090573  0.015116  0.000028
    -0.069715  0.020842  0.000031
    -0.025911  0.019279  0.000030
    -0.006449  0.017482  0.000028
     0.002261  0.013325  0.000027
     0.006262  0.015705  0.000027
    -0.001002  0.018699  0.000028
    -0.006532  0.018474  0.000028
    -0.008956  0.013653  0.000028
    -0.006599  0.006820  0.000027
    -0.001666  0.001741  0.000026
    -0.000137  0.000227  0.000026
    -0.000424  0.000338  0.000026
    -0.000333  0.000323  0.000026
    -0.000007  0.000262  0.000026
     0.000361  0.000173  0.000026
     0.000537  0.000110  0.000026
     0.000589  0.000057  0.000026
     0.000445  0.000062  0.000026
     0.000104  0.000157  0.000026
    -0.000137  0.000227  0.000026
    -0.000137  0.000227  0.000026
    -0.000137  0.000227  0.000026
    -0.000137  0.000227  0.000026
     0.000083  0.000163  0.000026
     0.000432  0.000104  0.000026
     0.000697  0.000060  0.000026
     0.000914  0.000019  0.000026
     0.001577  0.000085  0.000026
     0.001207 -0.000011  0.000026
     0.001076 -0.000025  0.000026
     0.001023 -0.000020  0.000026
     0.000729  0.000034  0.000026
     0.000436  0.000089  0.000026
    -0.000137  0.000227  0.000026
    -0.000137  0.000227  0.000026
    -0.000137  0.000227  0.000026
    -0.000137  0.000227  0.000026
    -0.000137  0.000227  0.000026
    -0.000137  0.000227  0.000026
    -0.000137  0.000227  0.000026
    -0.000506  0.000082  0.000026
    -0.000665  0.000068  0.000026
    -0.000753  0.000067  0.000026
    -0.000815  0.000069  0.000026
    -0.000873  0.000076  0.000026
    -0.000869 -0.000007  0.000026
    -0.000934  0.000031  0.000026
    -0.000919  0.000076  0.000026
    -0.000801  0.000072  0.000026
    -0.000672  0.000055  0.000026
    -0.000687  0.000034  0.000026
    -0.000748  0.000005  0.000026
    -0.000715  0.000002  0.000026
    -0.000678 -0.000028  0.000026
    -0.000609  0.000015  0.000026
    -0.000636  0.000067  0.000026
    -0.000664  0.000109  0.000026
    -0.000612  0.000165  0.000026
    -0.000482  0.000210  0.000026
    -0.000470  0.000160  0.000026
    -0.000137  0.000227  0.000026
    -0.000137  0.000227  0.000026
     0.000249  0.000114  0.000026
     0.002093 -0.000788  0.000025
     0.006692 -0.008089  0.000024
     0.016021 -0.016129  0.000023
     0.025493 -0.023754  0.000021
     0.038237 -0.021199  0.000020
     0.055148 -0.002390  0.000020
     0.063390  0.028048  0.000021
     0.028191  0.025058  0.000025
    -0.004260  0.007193  0.000027
    -0.015591 -0.008010  0.000027
    -0.013437 -0.016558  0.000026
    -0.003898 -0.020699  0.000025
     0.011342 -0.025225  0.000023
     0.018472 -0.021113  0.000022
     0.005334 -0.011813  0.000025
    -0.032227 -0.007375  0.000029
    -0.083586 -0.002734  0.000027
    -0.092697  0.000417  0.000028
    -0.070239  0.000299  0.000031
    -0.026668 -0.000619  0.000029
    -0.003644  0.000298  0.000026
     0.001000  0.000254  0.000026
     0.001527  0.001861  0.000026
    -0.000098  0.005659  0.000026
    -0.003221  0.006857  0.000027
    -0.004751  0.006508  0.000027
    -0.002673  0.002076  0.000026
    -0.000147  0.000294  0.000026
    -0.000206  0.000261  0.000026
    -0.000302  0.000308  0.000026
    -0.000221  0.000310  0.000026
     0.000069  0.000246  0.000026
     0.000334  0.000180  0.000026
     0.000636  0.000092  0.000026
     0.000604  0.000058  0.000026
     0.000411  0.000067  0.000026
    -0.000101  0.000217  0.000026
    -0.000137  0.000227  0.000026
    -0.000137  0.000227  0.000026
    -0.000137  0.000227  0.000026
    -0.000137  0.000227  0.000026
     0.000163  0.000147  0.000026
     0.000339  0.000123  0.000026
     0.000670  0.000065  0.000026
     0.001167  0.000031  0.000026
     0.002234  0.000185  0.000025
     0.001667  0.000058  0.000026
     0.001117 -0.000034  0.000026
     0.001033 -0.000022  0.000026
     0.000778  0.000024  0.000026
     0.000270  0.000121  0.000026
    -0.000137  0.000227  0.000026
    -0.000137  0.000227  0.000026
    -0.000137  0.000227  0.000026
    -0.000137  0.000227  0.000026
    -0.000137  0.000227  0.000026
    -0.000137  0.000227  0.000026
    -0.000137  0.000227  0.000026
    -0.000503  0.000081  0.000026
    -0.000687  0.000062  0.000026
    -0.000743  0.000066  0.000026
    -0.000811  0.000067  0.000026
    -0.000893  0.000073  0.000026
    -0.000904 -0.000023  0.000026
    -0.000832 -0.000006  0.000026
    -0.000881  0.000077  0.000026
    -0.000787  0.000071  0.000026
    -0.000718  0.000055  0.000026
    -0.000700  0.000028  0.000026
    -0.000704  0.000004  0.000026
    -0.000704 -0.000004  0.000026
    -0.000691 -0.000033  0.000026
    -0.000716  0.000009  0.000026
    -0.000680  0.000060  0.000026
    -0.000698  0.000113  0.000026
    -0.000673  0.000138  0.000026
    -0.000491  0.000185  0.000026
    -0.000359  0.000174  0.000026
    -0.000393  0.000124  0.000026
    -0.000137  0.000227  0.000026
     0.001427 -0.000214  0.000026
     0.004644 -0.001159  0.000025
     0.013171 -0.007017  0.000024
     0.022233 -0.011331  0.000023
     0.027460 -0.016104  0.000022
     0.023826 -0.005085  0.000023
     0.028130  0.012165  0.000024
     0.045666  0.035057  0.000023
     0.045017  0.033849  0.000023
     0.014966  0.008400  0.000025
    -0.002222 -0.007967  0.000026
    -0.005834 -0.025294  0.000025
     0.003257 -0.035473  0.000023
     0.011281 -0.043014  0.000021
     0.008397 -0.043060  0.000022
    -0.007471 -0.031605  0.000024
    -0.051133 -0.015928  0.000028
    -0.086672 -0.015007  0.000027
    -0.091299 -0.026225  0.000027
    -0.071923 -0.031797  0.000030
    -0.029729 -0.022249  0.000027
    -0.007595 -0.013590  0.000025
     0.001545 -0.007899  0.000025
     0.001707 -0.006065  0.000025
    -0.000937 -0.005506  0.000025
    -0.003553 -0.001846  0.000026
    -0.004419 -0.000772  0.000026
    -0.001629 -0.000424  0.000026
    -0.000075  0.000213  0.000026
    -0.000186  0.000267  0.000026
    -0.000330  0.000324  0.000026
    -0.000090  0.000293  0.000026
     0.000101  0.000232  0.000026
     0.000359  0.000163  0.000026
     0.000603  0.000097  0.000026
     0.000492  0.000088  0.000026
     0.000261  0.000111  0.000026
    -0.000137  0.000227  0.000026
    -0.000137  0.000227  0.000026
    -0.000137  0.000227  0.000026
    -0.000216  0.000188  0.000026
    -0.000137  0.000227  0.000026
     0.000050  0.000173  0.000026
     0.000320  0.000126  0.000026
     0.000735  0.000051  0.000026
     0.001836  0.000130  0.000026
     0.002694  0.000248  0.000025
     0.001948  0.000096  0.000026
     0.001329 -0.000038  0.000026
     0.001020 -0.000020  0.000026
     0.000713  0.000036  0.000026
     0.000214  0.000132  0.000026
    -0.000137  0.000227  0.000026
    -0.000137  0.000227  0.000026
    -0.000137  0.000227  0.000026
    -0.000137  0.000227  0.000026
    -0.000137  0.000227  0.000026
    -0.000137  0.000227  0.000026
    -0.000137  0.000227  0.000026
    -0.000479  0.000080  0.000026
    -0.000681  0.000061  0.000026
    -0.000781  0.000057  0.000026
    -0.000803  0.000066  0.000026
    -0.000915  0.000068  0.000026
    -0.000934 -0.000018  0.000026
    -0.000845  0.000050  0.000026
    -0.000823  0.000082  0.000026
    -0.000753  0.000073  0.000026
    -0.000722  0.000055  0.000026
    -0.000657  0.000025  0.000026
    -0.000718 -0.000003  0.000026
    -0.000670 -0.000007  0.000026
    -0.000745 -0.000039  0.000026
    -0.000785  0.000002  0.000026
    -0.000743  0.000045  0.000026
    -0.000729  0.000110  0.000026
    -0.000624  0.000139  0.000026
    -0.000524  0.000166  0.000026
    -0.000359  0.000173  0.000026
    -0.000328  0.000148  0.000026
    -0.000464  0.000071  0.000026
     0.001258  0.000521  0.000026
     0.006407  0.000980  0.000025
     0.016441  0.001912  0.000024
     0.024924  0.004092  0.000024
     0.022673  0.010647  0.000025
     0.010674  0.018655  0.000026
     0.012398  0.034400  0.000028
     0.027164  0.051656  0.000027
     0.058914  0.052237  0.000023
     0.045799  0.034570  0.000023
     0.020420  0.006929  0.000025
     0.011292 -0.012842  0.000024
     0.019173 -0.033254  0.000021
     0.016190 -0.045382  0.000021
     0.003058 -0.045113  0.000022
    -0.034431 -0.038324  0.000027
    -0.064128 -0.031275  0.000027
    -0.079221 -0.040317  0.000026
    -0.084593 -0.054088  0.000027
    -0.075374 -0.056173  0.000028
    -0.045202 -0.049171  0.000027
    -0.016998 -0.033726  0.000025
    -0.001921 -0.024264  0.000024
    -0.000405 -0.021037  0.000024
    -0.004643 -0.017148  0.000025
    -0.008823 -0.012242  0.000026
    -0.007763 -0.005182  0.000026
    -0.003064 -0.001205  0.000026
     0.000208  0.000126  0.000026
    -0.000148  0.000262  0.000026
    -0.000259  0.000317  0.000026
    -0.000047  0.000287  0.000026
     0.000151  0.000219  0.000026
     0.000344  0.000160  0.000026
     0.000677  0.000081  0.000026
     0.000487  0.000086  0.000026
    -0.000077  0.000210  0.000026
    -0.000137  0.000227  0.000026
    -0.000137  0.000227  0.000026
    -0.000367  0.000114  0.000026
    -0.000461  0.000069  0.000026
    -0.000137  0.000227  0.000026
     0.000079  0.000165  0.000026
     0.000367  0.000116  0.000026
     0.000765  0.000045  0.000026
     0.002277  0.000187  0.000025
     0.003158  0.000316  0.000025
     0.002253  0.000136  0.000025
     0.001395 -0.000033  0.000026
     0.000982 -0.000014  0.000026
     0.000657  0.000046  0.000026
     0.000152  0.000144  0.000026
    -0.000137  0.000227  0.000026
    -0.000137  0.000227  0.000026
    -0.000137  0.000227  0.000026
    -0.000137  0.000227  0.000026
    -0.000137  0.000227  0.000026
    -0.000137  0.000227  0.000026
    -0.000137  0.000227  0.000026
    -0.000460  0.000081  0.000026
    -0.000667  0.000061  0.000026
    -0.000778  0.000055  0.000026
    -0.000815  0.000061  0.000026
    -0.000943  0.000064  0.000026
    -0.000958  0.000008  0.000026
    -0.000857  0.000086  0.000026
    -0.000752  0.000090  0.000026
    -0.000703  0.000078  0.000026
    -0.000693  0.000059  0.000026
    -0.000651  0.000027  0.000026
    -0.000702 -0.000007  0.000026
    -0.000686 -0.000016  0.000026
    -0.000721 -0.000040  0.000026
    -0.000825 -0.000012  0.000026
    -0.000771  0.000045  0.000026
    -0.000765  0.000083  0.000026
    -0.000645  0.000142  0.000026
    -0.000533  0.000177  0.000026
    -0.000412  0.000171  0.000026
    -0.000305  0.000193  0.000026
    -0.000264  0.000183  0.000026
     0.000351  0.001001  0.000026
     0.005305  0.002016  0.000025
     0.014097  0.009634  0.000025
     0.018892  0.018038  0.000025
     0.013129  0.026941  0.000027
     0.004188  0.036524  0.000029
     0.002282  0.046591  0.000030
     0.020828  0.052360  0.000028
     0.057069  0.059680  0.000024
     0.067052  0.062790  0.000022
     0.059595  0.043123  0.000022
     0.042224  0.016963  0.000023
     0.045150 -0.001649  0.000021
     0.022129 -0.010521  0.000023
    -0.004163 -0.006115  0.000026
    -0.034498 -0.005975  0.000028
    -0.052228 -0.018016  0.000027
    -0.057039 -0.040995  0.000027
    -0.067389 -0.062893  0.000027
    -0.071127 -0.069022  0.000027
    -0.058158 -0.064618  0.000028
    -0.021675 -0.060311  0.000024
    -0.009324 -0.051813  0.000023
    -0.008527 -0.039523  0.000024
    -0.015277 -0.024946  0.000025
    -0.016964 -0.014452  0.000026
    -0.011143 -0.008461  0.000026
    -0.003562 -0.003430  0.000026
     0.000331  0.000090  0.000026
    -0.000231  0.000298  0.000026
    -0.000200  0.000302  0.000026
     0.000006  0.000268  0.000026
     0.000159  0.000224  0.000026
     0.000452  0.000139  0.000026
     0.000537  0.000095  0.000026
     0.000407  0.000092  0.000026
    -0.000137  0.000227  0.000026
    -0.000137  0.000227  0.000026
    -0.000137  0.000227  0.000026
    -0.000593  0.000004  0.000026
    -0.000351  0.000122  0.000026
    -0.000137  0.000227  0.000026
     0.000168  0.000148  0.000026
     0.000471  0.000096  0.000026
     0.000869  0.000024  0.000026
     0.002294  0.000169  0.000025
     0.003288  0.000323  0.000025
     0.002238  0.000123  0.000025
     0.001249 -0.000061  0.000026
     0.000949 -0.000008  0.000026
     0.000502  0.000077  0.000026
    -0.000109  0.000219  0.000026
    -0.000137  0.000227  0.000026
    -0.000137  0.000227  0.000026
    -0.000137  0.000227  0.000026
    -0.000137  0.000227  0.000026
    -0.000137  0.000227  0.000026
    -0.000137  0.000227  0.000026
    -0.000137  0.000227  0.000026
    -0.000439  0.000082  0.000026
    -0.000646  0.000062  0.000026
    -0.000772  0.000053  0.000026
    -0.000894  0.000051  0.000026
    -0.000967  0.000059  0.000026
    -0.000984  0.000052  0.000026
    -0.000872  0.000081  0.000026
    -0.000742  0.000089  0.000026
    -0.000666  0.000089  0.000026
    -0.000628  0.000063  0.000026
    -0.000592  0.000037  0.000026
    -0.000657 -0.000005  0.000026
    -0.000666 -0.000019  0.000026
    -0.000745 -0.000051  0.000026
    -0.000782 -0.000018  0.000026
    -0.000807  0.000039  0.000026
    -0.000856  0.000066  0.000026
    -0.000636  0.000130  0.000026
    -0.000548  0.000181  0.000026
    -0.000390  0.000242  0.000026
    -0.000288  0.000253  0.000026
    -0.000272  0.000245  0.000026
    -0.000278  0.001207  0.000026
     0.002682  0.002793  0.000026
     0.007208  0.008919  0.000026
     0.010349  0.016616  0.000026
     0.005536  0.024174  0.000027
    -0.003563  0.027317  0.000029
    -0.002496  0.028665  0.000029
     0.016760  0.036214  0.000027
     0.043865  0.046470  0.000025
     0.073548  0.053644  0.000021
     0.080743  0.047476  0.000020
     0.072355  0.028249  0.000019
     0.055181  0.016435  0.000021
     0.017669  0.019586  0.000026
    -0.008961  0.022534  0.000029
    -0.017744  0.019884  0.000030
    -0.016502  0.007624  0.000028
    -0.017246 -0.009206  0.000027
    -0.040237 -0.038889  0.000028
    -0.059677 -0.059118  0.000027
    -0.064076 -0.064841  0.000027
    -0.034500 -0.062852  0.000026
    -0.019723 -0.048853  0.000025
    -0.018469 -0.032324  0.000025
    -0.026861 -0.020628  0.000027
    -0.023174 -0.013210  0.000027
    -0.011412 -0.009564  0.000026
    -0.003513 -0.004249  0.000026
     0.000065  0.000044  0.000026
    -0.000266  0.000314  0.000026
    -0.000213  0.000304  0.000026
    -0.000003  0.000259  0.000026
     0.000265  0.000200  0.000026
     0.000397  0.000149  0.000026
     0.000455  0.000098  0.000026
     0.000323  0.000093  0.000026
    -0.000137  0.000227  0.000026
    -0.000403  0.000097  0.000026
    -0.000139  0.000226  0.000026
    -0.000640 -0.000019  0.000026
    -0.000397  0.000100  0.000026
    -0.000137  0.000227  0.000026
     0.000235  0.000136  0.000026
     0.000578  0.000075  0.000026
     0.000951  0.000006  0.000026
     0.002360  0.000158  0.000025
     0.003126  0.000283  0.000025
     0.002201  0.000112  0.000025
     0.001234 -0.000059  0.000026
     0.000991 -0.000016  0.000026
     0.000451  0.000086  0.000026
    -0.000137  0.000227  0.000026
    -0.000137  0.000227  0.000026
    -0.000137  0.000227  0.000026
    -0.000137  0.000227  0.000026
    -0.000137  0.000227  0.000026
    -0.000137  0.000227  0.000026
    -0.000137  0.000227  0.000026
    -0.000137  0.000227  0.000026
    -0.000385  0.000106  0.000026
    -0.000561  0.000072  0.000026
    -0.000756  0.000053  0.000026
    -0.000899  0.000047  0.000026
    -0.001032  0.000047  0.000026
    -0.001010  0.000062  0.000026
    -0.000894  0.000076  0.000026
    -0.000723  0.000090  0.000026
    -0.000679  0.000088  0.000026
    -0.000536  0.000077  0.000026
    -0.000556  0.000044  0.000026
    -0.000575  0.000013  0.000026
    -0.000568  0.000016  0.000026
    -0.000764 -0.000059  0.000026
    -0.000797 -0.000037  0.000026
    -0.000852  0.000011  0.000026
    -0.000874  0.000071  0.000026
    -0.000700  0.000106  0.000026
    -0.000562  0.000183  0.000026
    -0.000342  0.000307  0.000026
    -0.000264  0.000322  0.000026
    -0.000285  0.000296  0.000026
    -0.000328  0.000169  0.000026
     0.000714  0.001543  0.000026
     0.002563  0.004080  0.000026
     0.002588  0.008888  0.000026
     0.000357  0.011509  0.000027
    -0.003406  0.013592  0.000027
    -0.002602  0.014268  0.000027
     0.010393  0.015946  0.000026
     0.033599  0.021478  0.000024
     0.075021  0.026036  0.000019
     0.088919  0.012059  0.000016
     0.081661 -0.000508  0.000016
     0.039674 -0.001514  0.000022
     0.002508  0.011528  0.000027
    -0.010777  0.019570  0.000029
    -0.012891  0.023504  0.000029
    -0.000978  0.021362  0.000028
     0.002926  0.008153  0.000026
    -0.011027 -0.008829  0.000026
    -0.039943 -0.033845  0.000028
    -0.061730 -0.051405  0.000028
    -0.050333 -0.045718  0.000028
    -0.036113 -0.023478  0.000028
    -0.026788 -0.008524  0.000028
    -0.028856 -0.005017  0.000029
    -0.021494 -0.006548  0.000028
    -0.010322 -0.003911  0.000027
    -0.003169 -0.001404  0.000026
     0.000063  0.000169  0.000026
    -0.000222  0.000301  0.000026
    -0.000243  0.000315  0.000026
     0.000012  0.000258  0.000026
     0.000237  0.000196  0.000026
     0.000356  0.000143  0.000026
     0.000334  0.000111  0.000026
    -0.000037  0.000198  0.000026
    -0.000137  0.000227  0.000026
    -0.000508  0.000045  0.000026
    -0.000286  0.000154  0.000026
    -0.000474  0.000062  0.000026
    -0.000440  0.000079  0.000026
    -0.000137  0.000227  0.000026
     0.000294  0.000124  0.000026
     0.000701  0.000051  0.000026
     0.001031 -0.000010  0.000026
     0.002179  0.000109  0.000025
     0.002549  0.000174  0.000025
     0.002004  0.000072  0.000025
     0.001196 -0.000053  0.000026
     0.000850  0.000012  0.000026
     0.000383  0.000100  0.000026
    -0.000137  0.000227  0.000026
    -0.000137  0.000227  0.000026
    -0.000137  0.000227  0.000026
    -0.000137  0.000227  0.000026
    -0.000137  0.000227  0.000026
    -0.000137  0.000227  0.000026
    -0.000137  0.000227  0.000026
    -0.000137  0.000227  0.000026
    -0.000292  0.000151  0.000026
    -0.000549  0.000072  0.000026
    -0.000728  0.000055  0.000026
    -0.000903  0.000044  0.000026
    -0.001033  0.000042  0.000026
    -0.001084  0.000048  0.000026
    -0.000923  0.000070  0.000026
    -0.000749  0.000085  0.000026
    -0.000664  0.000088  0.000026
    -0.000527  0.000079  0.000026
    -0.000394  0.000101  0.000026
    -0.000286  0.000154  0.000026
    -0.000429  0.000084  0.000026
    -0.000735 -0.000055  0.000026
    -0.000785 -0.000054  0.000026
    -0.000859 -0.000009  0.000026
    -0.000844  0.000066  0.000026
    -0.000739  0.000097  0.000026
    -0.000540  0.000204  0.000026
    -0.000403  0.000321  0.000026
    -0.000300  0.000355  0.000026
    -0.000259  0.000347  0.000026
    -0.000256  0.000291  0.000026
    -0.000137  0.000227  0.000026
     0.000892  0.000395  0.000026
     0.001229  0.001272  0.000026
     0.000267  0.001147  0.000026
    -0.001137  0.000731  0.000026
    -0.000706 -0.000052  0.000026
     0.006081 -0.000440  0.000025
     0.032518 -0.004555  0.000022
     0.074173 -0.011986  0.000017
     0.092745 -0.018354  0.000014
     0.073625 -0.015699  0.000016
     0.021502 -0.003879  0.000024
    -0.008687  0.005068  0.000027
    -0.017002  0.015711  0.000029
    -0.009492  0.018008  0.000028
     0.005330  0.014140  0.000027
     0.014179  0.008488  0.000025
     0.004407 -0.005232  0.000025
    -0.016669 -0.028207  0.000025
    -0.057565 -0.045749  0.000028
    -0.069640 -0.032963  0.000028
    -0.049060 -0.005078  0.000030
    -0.031007  0.006671  0.000030
    -0.022892  0.009873  0.000029
    -0.017604  0.006724  0.000028
    -0.005271  0.000531  0.000026
    -0.001692 -0.000732  0.000026
     0.000332  0.000091  0.000026
    -0.000215  0.000283  0.000026
    -0.000267  0.000309  0.000026
    -0.000042  0.000267  0.000026
     0.000245  0.000186  0.000026
     0.000313  0.000132  0.000026
     0.000295  0.000112  0.000026
     0.000014  0.000183  0.000026
    -0.000137  0.000227  0.000026
    -0.000643 -0.000020  0.000026
    -0.000216  0.000188  0.000026
    -0.000402  0.000097  0.000026
    -0.000234  0.000179  0.000026
    -0.000137  0.000227  0.000026
     0.000337  0.000115  0.000026
     0.000807  0.000030  0.000026
     0.001183 -0.000041  0.000026
     0.001712  0.000017  0.000026
     0.001951  0.000062  0.000026
     0.001661  0.000008  0.000026
     0.001049 -0.000024  0.000026
     0.000804  0.000020  0.000026
     0.000204  0.000135  0.000026
    -0.000137  0.000227  0.000026
    -0.000137  0.000227  0.000026
    -0.000137  0.000227  0.000026
    -0.000137  0.000227  0.000026
    -0.000137  0.000227  0.000026
    -0.000137  0.000227  0.000026
    -0.000137  0.000227  0.000026
    -0.000137  0.000227  0.000026
    -0.000246  0.000174  0.000026
    -0.000530  0.000073  0.000026
    -0.000696  0.000057  0.000026
    -0.000894  0.000042  0.000026
    -0.001037  0.000038  0.000026
    -0.001103  0.000041  0.000026
    -0.001014  0.000055  0.000026
    -0.000789  0.000079  0.000026
    -0.000684  0.000087  0.000026
    -0.000528  0.000083  0.000026
    -0.000310  0.000142  0.000026
    -0.000137  0.000227  0.000026
    -0.000137  0.000227  0.000026
    -0.000575  0.000013  0.000026
    -0.000716 -0.000056  0.000026
    -0.000824 -0.000029  0.000026
    -0.000850  0.000042  0.000026
    -0.000819  0.000090  0.000026
    -0.000634  0.000204  0.000026
    -0.000433  0.000318  0.000026
    -0.000249  0.000398  0.000026
    -0.000246  0.000376  0.000026
    -0.000250  0.000316  0.000026
    -0.000137  0.000227  0.000026
     0.000130  0.000149  0.000026
     0.000379  0.000077  0.000026
     0.000102  0.000157  0.000026
    -0.000801 -0.000098  0.000026
     0.000509 -0.003909  0.000025
     0.009208 -0.012601  0.000024
     0.034856 -0.019337  0.000021
     0.073788 -0.021404  0.000017
     0.089642 -0.025737  0.000014
     0.059814 -0.016017  0.000018
     0.013049 -0.005490  0.000024
    -0.015573 -0.003464  0.000027
    -0.019477  0.001103  0.000028
    -0.005756  0.001113  0.000026
     0.004268 -0.001241  0.000025
     0.017229 -0.006480  0.000024
     0.016888 -0.011984  0.000023
    -0.007078 -0.024796  0.000025
    -0.052183 -0.034994  0.000028
    -0.082219 -0.026090  0.000028
    -0.065545 -0.004206  0.000030
    -0.037258  0.010535  0.000031
    -0.019267  0.011468  0.000029
    -0.006366  0.003832  0.000027
    -0.002043 -0.000080  0.000026
     0.000023  0.000180  0.000026
    -0.000031  0.000213  0.000026
    -0.000215  0.000260  0.000026
    -0.000292  0.000296  0.000026
    -0.000042  0.000253  0.000026
     0.000176  0.000191  0.000026
     0.000287  0.000137  0.000026
     0.000267  0.000119  0.000026
    -0.000137  0.000227  0.000026
    -0.000238  0.000177  0.000026
    -0.000456  0.000071  0.000026
    -0.000209  0.000192  0.000026
    -0.000324  0.000136  0.000026
    -0.000137  0.000227  0.000026
    -0.000137  0.000227  0.000026
     0.000444  0.000094  0.000026
     0.000896  0.000011  0.000026
     0.001194 -0.000044  0.000026
     0.001267 -0.000059  0.000026
     0.001389 -0.000041  0.000026
     0.001246 -0.000059  0.000026
     0.001040 -0.000023  0.000026
     0.000736  0.000033  0.000026
     0.000242  0.000127  0.000026
    -0.000137  0.000227  0.000026
    -0.000137  0.000227  0.000026
    -0.000137  0.000227  0.000026
    -0.000137  0.000227  0.000026
    -0.000137  0.000227  0.000026
    -0.000137  0.000227  0.000026
    -0.000137  0.000227  0.000026
    -0.000137  0.000227  0.000026
    -0.000295  0.000150  0.000026
    -0.000506  0.000075  0.000026
    -0.000609  0.000067  0.000026
    -0.000870  0.000043  0.000026
    -0.001033  0.000034  0.000026
    -0.001094  0.000036  0.000026
    -0.001049  0.000047  0.000026
    -0.000945  0.000060  0.000026
    -0.000721  0.000082  0.000026
    -0.000543  0.000085  0.000026
    -0.000255  0.000169  0.000026
    -0.000137  0.000227  0.000026
    -0.000137  0.000227  0.000026
    -0.000137  0.000227  0.000026
    -0.000331  0.000132  0.000026
    -0.000735 -0.000045  0.000026
    -0.000807  0.000009  0.000026
    -0.000776  0.000090  0.000026
    -0.000712  0.000198  0.000026
    -0.000550  0.000292  0.000026
    -0.000343  0.000387  0.000026
    -0.000197  0.000426  0.000026
    -0.000208  0.000366  0.000026
    -0.000279  0.000188  0.000026
     0.000043  0.000174  0.000026
     0.000143  0.000145  0.000026
     0.001133 -0.000144  0.000026
     0.003166 -0.004361  0.000025
     0.006832 -0.012946  0.000024
     0.017548 -0.025087  0.000022
     0.038093 -0.035015  0.000019
     0.068703 -0.034500  0.000016
     0.081175 -0.017600  0.000015
     0.056012 -0.009769  0.000019
     0.010969 -0.007330  0.000024
    -0.013239 -0.012126  0.000026
    -0.016743 -0.016488  0.000026
    -0.005750 -0.016281  0.000025
     0.006347 -0.015744  0.000024
     0.016681 -0.015639  0.000023
     0.017349 -0.018168  0.000023
    -0.005932 -0.014646  0.000025
    -0.052517 -0.012698  0.000029
    -0.084194 -0.011072  0.000028
    -0.071629 -0.003599  0.000031
    -0.040102  0.001437  0.000030
    -0.013196  0.001496  0.000027
    -0.001491  0.000348  0.000026
     0.000078  0.000164  0.000026
    -0.000137  0.000227  0.000026
    -0.000137  0.000227  0.000026
    -0.000137  0.000227  0.000026
    -0.000224  0.000259  0.000026
    -0.000031  0.000238  0.000026
     0.000138  0.000198  0.000026
     0.000327  0.000140  0.000026
     0.000307  0.000111  0.000026
    -0.000137  0.000227  0.000026
    -0.000315  0.000140  0.000026
    -0.000320  0.000137  0.000026
    -0.000137  0.000227  0.000026
    -0.000137  0.000227  0.000026
    -0.000137  0.000227  0.000026
    -0.000094  0.000214  0.000026
     0.000547  0.000073  0.000026
     0.000957 -0.000002  0.000026
     0.001172 -0.000042  0.000026
     0.001191 -0.000045  0.000026
     0.001205 -0.000049  0.000026
     0.001116 -0.000035  0.000026
     0.000979 -0.000012  0.000026
     0.000723  0.000035  0.000026
     0.000216  0.000132  0.000026
    -0.000137  0.000227  0.000026
    -0.000137  0.000227  0.000026
    -0.000137  0.000227  0.000026
    -0.000137  0.000227  0.000026
    -0.000137  0.000227  0.000026
    -0.000137  0.000227  0.000026
    -0.000137  0.000227  0.000026
    -0.000137  0.000227  0.000026
    -0.000137  0.000227  0.000026
    -0.000501  0.000073  0.000026
    -0.000593  0.000068  0.000026
    -0.000841  0.000044  0.000026
    -0.001002  0.000034  0.000026
    -0.001103  0.000030  0.000026
    -0.001068  0.000041  0.000026
    -0.000962  0.000053  0.000026
    -0.000819  0.000068  0.000026
    -0.000560  0.000088  0.000026
    -0.000297  0.000149  0.000026
    -0.000137  0.000227  0.000026
    -0.000137  0.000227  0.000026
    -0.000137  0.000227  0.000026
    -0.000137  0.000227  0.000026
    -0.000320  0.000138  0.000026
    -0.000686 -0.000020  0.000026
    -0.000750  0.000068  0.000026
    -0.000727  0.000172  0.000026
    -0.000629  0.000270  0.000026
    -0.000477  0.000356  0.000026
    -0.000283  0.000412  0.000026
    -0.000249  0.000398  0.000026
    -0.000290  0.000273  0.000026
    -0.000137  0.000227  0.000026
     0.000434  0.000061  0.000026
     0.003717 -0.001748  0.000025
     0.007557 -0.009224  0.000024
     0.016104 -0.017997  0.000023
     0.027539 -0.029997  0.000021
     0.040001 -0.035236  0.000019
     0.053526 -0.027488  0.000018
     0.062849 -0.013447  0.000018
     0.060824 -0.003896  0.000019
     0.022957 -0.012712  0.000023
    -0.002255 -0.021992  0.000024
    -0.012376 -0.025681  0.000025
    -0.005442 -0.026195  0.000024
     0.005923 -0.023048  0.000023
     0.013982 -0.019718  0.000023
     0.008544 -0.012641  0.000024
    -0.012314 -0.003317  0.000027
    -0.056886  0.002944  0.000029
    -0.084776  0.006908  0.000029
    -0.066726  0.002801  0.000031
    -0.035797 -0.001330  0.000029
    -0.010417 -0.001210  0.000027
    -0.000137  0.000227  0.000026
    -0.000213  0.000264  0.000026
    -0.000137  0.000227  0.000026
    -0.000137  0.000227  0.000026
    -0.000137  0.000227  0.000026
    -0.000137  0.000227  0.000026
    -0.000050  0.000246  0.000026
     0.000203  0.000188  0.000026
     0.000403  0.000124  0.000026
     0.000217  0.000128  0.000026
    -0.000137  0.000227  0.000026
    -0.000351  0.000122  0.000026
    -0.000137  0.000227  0.000026
    -0.000137  0.000227  0.000026
    -0.000137  0.000227  0.000026
    -0.000137  0.000227  0.000026
     0.000180  0.000135  0.000026
     0.000621  0.000058  0.000026
     0.000915  0.000005  0.000026
     0.001133 -0.000035  0.000026
     0.001103 -0.000029  0.000026
     0.001051 -0.000020  0.000026
     0.001070 -0.000027  0.000026
     0.000943 -0.000006  0.000026
     0.000599  0.000059  0.000026
     0.000177  0.000139  0.000026
    -0.000137  0.000227  0.000026
    -0.000137  0.000227  0.000026
    -0.000137  0.000227  0.000026
    -0.000137  0.000227  0.000026
    -0.000137  0.000227  0.000026
    -0.000137  0.000227  0.000026
    -0.000137  0.000227  0.000026
    -0.000137  0.000227  0.000026
    -0.000137  0.000227  0.000026
    -0.000506  0.000070  0.000026
    -0.000581  0.000067  0.000026
    -0.000751  0.000055  0.000026
    -0.000954  0.000037  0.000026
    -0.001083  0.000028  0.000026
    -0.001101  0.000033  0.000026
    -0.001014  0.000046  0.000026
    -0.000882  0.000060  0.000026
    -0.000687  0.000073  0.000026
    -0.000463  0.000078  0.000026
    -0.000137  0.000227  0.000026
    -0.000137  0.000227  0.000026
    -0.000137  0.000227  0.000026
    -0.000137  0.000227  0.000026
    -0.000137  0.000227  0.000026
    -0.000137  0.000227  0.000026
    -0.000654  0.000038  0.000026
    -0.000639  0.000152  0.000026
    -0.000625  0.000232  0.000026
    -0.000594  0.000316  0.000026
    -0.000390  0.000381  0.000026
    -0.000264  0.000399  0.000026
    -0.000277  0.000328  0.000026
    -0.000376  0.000198  0.000026
     0.000953 -0.000091  0.000026
     0.005455 -0.004058  0.000025
     0.012609 -0.008334  0.000024
     0.021179 -0.011723  0.000023
     0.031656 -0.016867  0.000021
     0.031516 -0.011955  0.000022
     0.030928 -0.000270  0.000023
     0.043370  0.013766  0.000022
     0.067353  0.019956  0.000020
     0.042184  0.008926  0.000022
     0.009402 -0.005320  0.000025
    -0.005255 -0.016904  0.000025
    -0.004853 -0.023280  0.000025
     0.003328 -0.023009  0.000024
     0.004335 -0.015583  0.000024
    -0.004327 -0.001591  0.000026
    -0.028674  0.015082  0.000030
    -0.066850  0.025394  0.000028
    -0.071649  0.006498  0.000029
    -0.061426 -0.009864  0.000031
    -0.035835 -0.012374  0.000029
    -0.012810 -0.010718  0.000026
    -0.001536 -0.000458  0.000026
    -0.000137  0.000227  0.000026
    -0.000137  0.000227  0.000026
    -0.000137  0.000227  0.000026
    -0.000137  0.000227  0.000026
    -0.000170  0.000242  0.000026
     0.000013  0.000230  0.000026
     0.000234  0.000176  0.000026
     0.000325  0.000136  0.000026
     0.000170  0.000141  0.000026
    -0.000137  0.000227  0.000026
    -0.000402  0.000097  0.000026
    -0.000137  0.000227  0.000026
    -0.000137  0.000227  0.000026
    -0.000137  0.000227  0.000026
     0.000069  0.000167  0.000026
     0.000280  0.000117  0.000026
     0.000692  0.000044  0.000026
     0.000895  0.000008  0.000026
     0.001055 -0.000021  0.000026
     0.000956 -0.000001  0.000026
     0.001018 -0.000015  0.000026
     0.001055 -0.000025  0.000026
     0.000806  0.000021  0.000026
     0.000566  0.000064  0.000026
     0.000092  0.000160  0.000026
    -0.000137  0.000227  0.000026
    -0.000137  0.000227  0.000026
    -0.000137  0.000227  0.000026
    -0.000137  0.000227  0.000026
    -0.000137  0.000227  0.000026
    -0.000137  0.000227  0.000026
    -0.000137  0.000227  0.000026
    -0.000137  0.000227  0.000026
    -0.000137  0.000227  0.000026
    -0.000470  0.000073  0.000026
    -0.000607  0.000061  0.000026
    -0.000739  0.000053  0.000026
    -0.000918  0.000038  0.000026
    -0.001038  0.000029  0.000026
    -0.001104  0.000027  0.000026
    -0.001061  0.000037  0.000026
    -0.000935  0.000053  0.000026
    -0.000749  0.000065  0.000026
    -0.000569  0.000072  0.000026
    -0.000213  0.000190  0.000026
    -0.000137  0.000227  0.000026
    -0.000137  0.000227  0.000026
    -0.000137  0.000227  0.000026
    -0.000137  0.000227  0.000026
    -0.000137  0.000227  0.000026
    -0.000137  0.000227  0.000026
    -0.000608  0.000110  0.000026
    -0.000603  0.000193  0.000026
    -0.000571  0.000266  0.000026
    -0.000454  0.000335  0.000026
    -0.000363  0.000364  0.000026
    -0.000262  0.000222  0.000026
    -0.000346  0.000252  0.000026
     0.000022 -0.001231  0.000026
     0.004900 -0.003716  0.000025
     0.011570 -0.004124  0.000024
     0.018938 -0.002054  0.000024
     0.023413  0.005686  0.000024
     0.018911  0.014951  0.000025
     0.015848  0.026860  0.000027
     0.031095  0.040117  0.000026
     0.064159  0.049521  0.000022
     0.056348  0.044789  0.000023
     0.029411  0.030680  0.000025
     0.006860  0.011990  0.000026
    -0.000929  0.004260  0.000027
    -0.000151  0.003929  0.000026
    -0.006755  0.010069  0.000028
    -0.022022  0.026493  0.000031
    -0.047907  0.046722  0.000029
    -0.050514  0.036270  0.000030
    -0.044159  0.006883  0.000031
    -0.046188 -0.012023  0.000030
    -0.033744 -0.018821  0.000028
    -0.019381 -0.013631  0.000027
    -0.004481 -0.004322  0.000026
    -0.000681 -0.000039  0.000026
    -0.000137  0.000227  0.000026
    -0.000137  0.000227  0.000026
    -0.000137  0.000227  0.000026
    -0.000120  0.000233  0.000026
     0.000048  0.000219  0.000026
     0.000217  0.000177  0.000026
     0.000246  0.000151  0.000026
     0.000024  0.000180  0.000026
    -0.000137  0.000227  0.000026
    -0.000137  0.000227  0.000026
    -0.000137  0.000227  0.000026
    -0.000137  0.000227  0.000026
    -0.000137  0.000227  0.000026
     0.000288  0.000108  0.000026
     0.000393  0.000096  0.000026
     0.000681  0.000045  0.000026
     0.000840  0.000018  0.000026
     0.000922  0.000005  0.000026
     0.000916  0.000006  0.000026
     0.001027 -0.000018  0.000026
     0.000984 -0.000013  0.000026
     0.000792  0.000023  0.000026
     0.000517  0.000073  0.000026
    -0.000047  0.000201  0.000026
    -0.000137  0.000227  0.000026
    -0.000137  0.000227  0.000026
    -0.000137  0.000227  0.000026
    -0.000137  0.000227  0.000026
    -0.000137  0.000227  0.000026
    -0.000137  0.000227  0.000026
    -0.000137  0.000227  0.000026
    -0.000137  0.000227  0.000026
    -0.000137  0.000227  0.000026
    -0.000137  0.000227  0.000026
    -0.000572  0.000063  0.000026
    -0.000776  0.000044  0.000026
    -0.000833  0.000047  0.000026
    -0.000987  0.000032  0.000026
    -0.001073  0.000027  0.000026
    -0.001117  0.000028  0.000026
    -0.001005  0.000044  0.000026
    -0.000813  0.000059  0.000026
    -0.000634  0.000068  0.000026
    -0.000496  0.000070  0.000026
    -0.000137  0.000227  0.000026
    -0.000137  0.000227  0.000026
    -0.000137  0.000227  0.000026
    -0.000137  0.000227  0.000026
    -0.000137  0.000227  0.000026
    -0.000137  0.000227  0.000026
    -0.000486  0.000069  0.000026
    -0.000477  0.000154  0.000026
    -0.000538  0.000215  0.000026
    -0.000481  0.000278  0.000026
    -0.000386  0.000321  0.000026
    -0.000341  0.000218  0.000026
    -0.000331  0.000030  0.000026
    -0.000771 -0.000975  0.000026
     0.002441 -0.001291  0.000025
     0.004498 -0.000930  0.000025
     0.009505  0.005373  0.000025
     0.012411  0.015694  0.000026
     0.007989  0.024112  0.000027
     0.007834  0.033205  0.000028
     0.022205  0.043091  0.000027
     0.049203  0.051812  0.000024
     0.058423  0.063397  0.000024
     0.043650  0.065358  0.000025
     0.021147  0.061465  0.000028
     0.005308  0.053760  0.000030
    -0.007218  0.056064  0.000031
    -0.020496  0.064290  0.000031
    -0.032280  0.072655  0.000030
    -0.036042  0.069636  0.000030
    -0.016692  0.046280  0.000032
    -0.016139  0.016142  0.000029
    -0.026284  0.000530  0.000029
    -0.031397 -0.009869  0.000028
    -0.023198 -0.009773  0.000027
    -0.009827 -0.005011  0.000026
    -0.002734 -0.001044  0.000026
    -0.000137  0.000227  0.000026
    -0.000137  0.000227  0.000026
    -0.000137  0.000227  0.000026
    -0.000059  0.000232  0.000026
     0.000034  0.000220  0.000026
     0.000230  0.000170  0.000026
     0.000199  0.000156  0.000026
     0.000054  0.000171  0.000026
    -0.000137  0.000227  0.000026
    -0.000137  0.000227  0.000026
    -0.000137  0.000227  0.000026
    -0.000137  0.000227  0.000026
     0.000260  0.000111  0.000026
     0.000367  0.000095  0.000026
     0.000417  0.000091  0.000026
     0.000638  0.000053  0.000026
     0.000704  0.000045  0.000026
     0.000918  0.000005  0.000026
     0.000914  0.000005  0.000026
     0.000965 -0.000008  0.000026
     0.000835  0.000016  0.000026
     0.000763  0.000027  0.000026
     0.000451  0.000086  0.000026
    -0.000137  0.000227  0.000026
    -0.000137  0.000227  0.000026
    -0.000137  0.000227  0.000026
    -0.000137  0.000227  0.000026
    -0.000137  0.000227  0.000026
    -0.000137  0.000227  0.000026
    -0.000137  0.000227  0.000026
    -0.000137  0.000227  0.000026
    -0.000137  0.000227  0.000026
    -0.000137  0.000227  0.000026
    -0.000137  0.000227  0.000026
    -0.000530  0.000066  0.000026
    -0.000752  0.000044  0.000026
    -0.000843  0.000041  0.000026
    -0.000871  0.000045  0.000026
    -0.001028  0.000029  0.000026
    -0.001123  0.000023  0.000026
    -0.001079  0.000034  0.000026
    -0.000879  0.000053  0.000026
    -0.000665  0.000066  0.000026
    -0.000575  0.000068  0.000026
    -0.000315  0.000140  0.000026
    -0.000137  0.000227  0.000026
    -0.000137  0.000227  0.000026
    -0.000137  0.000227  0.000026
    -0.000137  0.000227  0.000026
    -0.000137  0.000227  0.000026
    -0.000137  0.000227  0.000026
    -0.000480  0.000099  0.000026
    -0.000411  0.000162  0.000026
    -0.000401  0.000217  0.000026
    -0.000413  0.000275  0.000026
    -0.000346  0.000283  0.000026
    -0.000412  0.000232  0.000026
    -0.000550  0.000141  0.000026
    -0.000594 -0.000231  0.000026
     0.001425 -0.000337  0.000026
     0.002160  0.001849  0.000026
     0.001128  0.008567  0.000026
    -0.001441  0.016031  0.000027
    -0.001338  0.020353  0.000028
     0.013470  0.024174  0.000027
     0.030704  0.035216  0.000026
     0.044783  0.046138  0.000025
     0.047180  0.050677  0.000024
     0.023393  0.052056  0.000027
    -0.002922  0.060240  0.000031
    -0.015997  0.075007  0.000030
    -0.025920  0.082429  0.000030
    -0.030438  0.075280  0.000032
    -0.018483  0.063228  0.000033
     0.000887  0.051492  0.000030
     0.002670  0.033550  0.000029
    -0.014903  0.021134  0.000029
    -0.022959  0.010376  0.000029
    -0.021184  0.002480  0.000028
    -0.011656 -0.000466  0.000027
    -0.003738 -0.000535  0.000026
    -0.000341  0.000127  0.000026
    -0.000137  0.000227  0.000026
    -0.000159  0.000239  0.000026
    -0.000083  0.000237  0.000026
     0.000031  0.000216  0.000026
     0.000259  0.000158  0.000026
     0.000146  0.000163  0.000026
     0.000104  0.000157  0.000026
    -0.000137  0.000227  0.000026
    -0.000137  0.000227  0.000026
    -0.000020  0.000193  0.000026
     0.000031  0.000178  0.000026
     0.000344  0.000094  0.000026
     0.000341  0.000100  0.000026
     0.000415  0.000092  0.000026
     0.000517  0.000077  0.000026
     0.000716  0.000042  0.000026
     0.000884  0.000010  0.000026
     0.000873  0.000012  0.000026
     0.000800  0.000024  0.000026
     0.000814  0.000019  0.000026
     0.000709  0.000037  0.000026
     0.000369  0.000101  0.000026
    -0.000137  0.000227  0.000026
    -0.000137  0.000227  0.000026
    -0.000137  0.000227  0.000026
    -0.000137  0.000227  0.000026
    -0.000137  0.000227  0.000026
    -0.000137  0.000227  0.000026
    -0.000137  0.000227  0.000026
    -0.000137  0.000227  0.000026
    -0.000137  0.000227  0.000026
    -0.000137  0.000227  0.000026
    -0.000137  0.000227  0.000026
    -0.000283  0.000155  0.000026
    -0.000701  0.000047  0.000026
    -0.000861  0.000034  0.000026
    -0.000859  0.000043  0.000026
    -0.000905  0.000043  0.000026
    -0.001097  0.000022  0.000026
    -0.001130  0.000025  0.000026
    -0.000973  0.000043  0.000026
    -0.000759  0.000059  0.000026
    -0.000614  0.000068  0.000026
    -0.000539  0.000057  0.000026
    -0.000137  0.000227  0.000026
    -0.000137  0.000227  0.000026
    -0.000137  0.000227  0.000026
    -0.000137  0.000227  0.000026
    -0.000137  0.000227  0.000026
    -0.000137  0.000227  0.000026
    -0.000483  0.000083  0.000026
    -0.000434  0.000116  0.000026
    -0.000324  0.000151  0.000026
    -0.000407  0.000204  0.000026
    -0.000339  0.000237  0.000026
    -0.000349  0.000203  0.000026
    -0.000423  0.000187  0.000026
    -0.000733 -0.000011  0.000026
    -0.001039 -0.000214  0.000026
    -0.001056  0.000192  0.000026
    -0.001337  0.001371  0.000026
    -0.002066  0.002220  0.000026
    -0.001273  0.003348  0.000026
     0.003399  0.007076  0.000026
     0.018231  0.016170  0.000025
     0.034937  0.023913  0.000024
     0.044570  0.029354  0.000024
     0.021314  0.029588  0.000026
    -0.013319  0.038667  0.000031
    -0.033536  0.054018  0.000032
    -0.028498  0.058178  0.000033
    -0.020301  0.053145  0.000033
    -0.012299  0.040924  0.000031
     0.006843  0.034527  0.000028
     0.007935  0.033588  0.000028
    -0.002848  0.027746  0.000029
    -0.012282  0.020836  0.000029
    -0.011904  0.010816  0.000028
    -0.006352  0.002266  0.000027
    -0.003344  0.000380  0.000026
    -0.000137  0.000227  0.000026
    -0.000137  0.000227  0.000026
    -0.000176  0.000243  0.000026
    -0.000032  0.000226  0.000026
     0.000110  0.000191  0.000026
     0.000199  0.000163  0.000026
     0.000136  0.000164  0.000026
     0.000117  0.000155  0.000026
    -0.000137  0.000227  0.000026
    -0.000137  0.000227  0.000026
     0.000229  0.000120  0.000026
     0.000216  0.000124  0.000026
     0.000342  0.000096  0.000026
     0.000318  0.000106  0.000026
     0.000383  0.000100  0.000026
     0.000575  0.000066  0.000026
     0.000770  0.000031  0.000026
     0.000836  0.000019  0.000026
     0.000808  0.000023  0.000026
     0.000787  0.000025  0.000026
     0.000782  0.000024  0.000026
     0.000636  0.000050  0.000026
     0.000293  0.000116  0.000026
    -0.000137  0.000227  0.000026
    -0.000137  0.000227  0.000026
    -0.000137  0.000227  0.000026
    -0.000137  0.000227  0.000026
    -0.000137  0.000227  0.000026
    -0.000137  0.000227  0.000026
    -0.000137  0.000227  0.000026
    -0.000137  0.000227  0.000026
    -0.000137  0.000227  0.000026
    -0.000137  0.000227  0.000026
    -0.000137  0.000227  0.000026
    -0.000148  0.000222  0.000026
    -0.000565  0.000062  0.000026
    -0.000828  0.000035  0.000026
    -0.000900  0.000032  0.000026
    -0.000864  0.000042  0.000026
    -0.001053  0.000024  0.000026
    -0.001130  0.000021  0.000026
    -0.001046  0.000034  0.000026
    -0.000851  0.000052  0.000026
    -0.000676  0.000066  0.000026
    -0.000582  0.000060  0.000026
    -0.000249  0.000172  0.000026
    -0.000137  0.000227  0.000026
    -0.000137  0.000227  0.000026
    -0.000137  0.000227  0.000026
    -0.000137  0.000227  0.000026
    -0.000137  0.000227  0.000026
    -0.000495  0.000053  0.000026
    -0.000522  0.000096  0.000026
    -0.000372  0.000123  0.000026
    -0.000306  0.000169  0.000026
    -0.000404  0.000194  0.000026
    -0.000338  0.000181  0.000026
    -0.000366  0.000175  0.000026
    -0.000418  0.000136  0.000026
    -0.000564  0.000051  0.000026
    -0.000780 -0.000088  0.000026
    -0.000893 -0.000143  0.000026
    -0.000678 -0.000009  0.000026
    -0.000446  0.000131  0.000026
     0.000022  0.000181  0.000026
     0.012273  0.002044  0.000025
     0.028746  0.010822  0.000024
     0.033941  0.013579  0.000024
     0.014354  0.018420  0.000026
    -0.018085  0.023000  0.000030
    -0.032031  0.026676  0.000032
    -0.025885  0.026183  0.000031
    -0.011478  0.024018  0.000029
    -0.004906  0.018701  0.000028
     0.003947  0.018096  0.000027
     0.005366  0.021878  0.000027
    -0.000709  0.022218  0.000028
    -0.004382  0.017246  0.000028
    -0.004646  0.009708  0.000027
    -0.003397  0.002128  0.000026
    -0.001570  0.000425  0.000026
    -0.000137  0.000227  0.000026
    -0.000109  0.000224  0.000026
    -0.000086  0.000224  0.000026
     0.000054  0.000204  0.000026
     0.000179  0.000170  0.000026
     0.000218  0.000161  0.000026
     0.000111  0.000167  0.000026
    -0.000109  0.000219  0.000026
    -0.000137  0.000227  0.000026
    -0.000023  0.000194  0.000026
     0.000281  0.000105  0.000026
     0.000199  0.000129  0.000026
     0.000210  0.000126  0.000026
     0.000325  0.000106  0.000026
     0.000436  0.000091  0.000026
     0.000607  0.000060  0.000026
     0.000730  0.000038  0.000026
     0.000768  0.000031  0.000026
     0.000713  0.000041  0.000026
     0.000764  0.000029  0.000026
     0.000726  0.000034  0.000026
     0.000536  0.000069  0.000026
     0.000218  0.000130  0.000026
    -0.000137  0.000227  0.000026
    -0.000137  0.000227  0.000026
    -0.000137  0.000227  0.000026
    -0.000137  0.000227  0.000026
    -0.000137  0.000227  0.000026
    -0.000137  0.000227  0.000026
    -0.000137  0.000227  0.000026
    -0.000137  0.000227  0.000026
    -0.000137  0.000227  0.000026
    -0.000137  0.000227  0.000026
    -0.000137  0.000227  0.000026
    -0.000137  0.000227  0.000026
    -0.000372  0.000112  0.000026
    -0.000762  0.000040  0.000026
    -0.000891  0.000029  0.000026
    -0.000874  0.000037  0.000026
    -0.000986  0.000029  0.000026
    -0.001111  0.000019  0.000026
    -0.001079  0.000028  0.000026
    -0.000922  0.000045  0.000026
    -0.000764  0.000059  0.000026
    -0.000657  0.000060  0.000026
    -0.000503  0.000055  0.000026
    -0.000137  0.000227  0.000026
    -0.000137  0.000227  0.000026
    -0.000137  0.000227  0.000026
    -0.000137  0.000227  0.000026
    -0.000137  0.000227  0.000026
    -0.000137  0.000227  0.000026
    -0.000515  0.000061  0.000026
    -0.000460  0.000092  0.000026
    -0.000420  0.000138  0.000026
    -0.000427  0.000172  0.000026
    -0.000401  0.000189  0.000026
    -0.000325  0.000212  0.000026
    -0.000308  0.000185  0.000026
    -0.000402  0.000106  0.000026
    -0.000530  0.000035  0.000026
    -0.000445  0.000076  0.000026
    -0.000248  0.000172  0.000026
    -0.000374  0.000177  0.000026
    -0.000527  0.000036  0.000026
     0.006121 -0.002074  0.000025
     0.020773  0.001598  0.000024
     0.024102  0.011793  0.000024
     0.008737  0.019544  0.000027
    -0.017624  0.021071  0.000030
    -0.028502  0.016940  0.000030
    -0.021415  0.011697  0.000029
    -0.006140  0.004921  0.000027
    -0.000322  0.001499  0.000026
     0.000425  0.001682  0.000026
     0.001229  0.005433  0.000026
     0.000991  0.008630  0.000026
     0.000081  0.006785  0.000026
    -0.000892  0.003258  0.000026
    -0.000840  0.001241  0.000026
    -0.000137  0.000227  0.000026
    -0.000024  0.000197  0.000026
    -0.000034  0.000209  0.000026
    -0.000036  0.000215  0.000026
     0.000052  0.000205  0.000026
     0.000141  0.000182  0.000026
     0.000192  0.000162  0.000026
     0.000124  0.000160  0.000026
     0.000157  0.000143  0.000026
    -0.000137  0.000227  0.000026
     0.000058  0.000170  0.000026
     0.000087  0.000162  0.000026
     0.000166  0.000139  0.000026
     0.000241  0.000119  0.000026
     0.000368  0.000100  0.000026
     0.000492  0.000081  0.000026
     0.000592  0.000063  0.000026
     0.000682  0.000047  0.000026
     0.000694  0.000045  0.000026
     0.000702  0.000042  0.000026
     0.000732  0.000034  0.000026
     0.000657  0.000046  0.000026
     0.000438  0.000088  0.000026
     0.000028  0.000179  0.000026
    -0.000137  0.000227  0.000026
    -0.000137  0.000227  0.000026
    -0.000137  0.000227  0.000026
    -0.000137  0.000227  0.000026
    -0.000137  0.000227  0.000026
    -0.000137  0.000227  0.000026
    -0.000137  0.000227  0.000026
    -0.000137  0.000227  0.000026
    -0.000137  0.000227  0.000026
    -0.000137  0.000227  0.000026
    -0.000137  0.000227  0.000026
    -0.000137  0.000227  0.000026
    -0.000225  0.000184  0.000026
    -0.000678  0.000048  0.000026
    -0.000846  0.000031  0.000026
    -0.000861  0.000034  0.000026
    -0.000995  0.000023  0.000026
    -0.001080  0.000020  0.000026
    -0.001104  0.000023  0.000026
    -0.000988  0.000038  0.000026
    -0.000852  0.000052  0.000026
    -0.000663  0.000069  0.000026
    -0.000552  0.000060  0.000026
    -0.000294  0.000150  0.000026
    -0.000137  0.000227  0.000026
    -0.000137  0.000227  0.000026
    -0.000137  0.000227  0.000026
    -0.000137  0.000227  0.000026
    -0.000137  0.000227  0.000026
    -0.000340  0.000128  0.000026
    -0.000395  0.000101  0.000026
    -0.000457  0.000110  0.000026
    -0.000436  0.000145  0.000026
    -0.000398  0.000183  0.000026
    -0.000404  0.000220  0.000026
    -0.000306  0.000218  0.000026
    -0.000317  0.000147  0.000026
    -0.000140  0.000226  0.000026
    -0.000174  0.000209  0.000026
    -0.000205  0.000194  0.000026
    -0.000326  0.000134  0.000026
    -0.000423  0.000087  0.000026
     0.003912 -0.000954  0.000025
     0.012610  0.001990  0.000025
     0.014481  0.012051  0.000025
     0.003304  0.019566  0.000027
    -0.013890  0.020196  0.000029
    -0.020418  0.014262  0.000029
    -0.011986  0.003348  0.000027
    -0.002041 -0.000619  0.000026
    -0.000137  0.000227  0.000026
    -0.000137  0.000227  0.000026
    -0.000137  0.000227  0.000026
     0.000010  0.000531  0.000026
     0.000229  0.000664  0.000026
     0.000156  0.000142  0.000026
     0.000022  0.000181  0.000026
    -0.000018  0.000200  0.000026
    -0.000044  0.000213  0.000026
    -0.000078  0.000230  0.000026
    -0.000044  0.000228  0.000026
     0.000036  0.000206  0.000026
     0.000154  0.000173  0.000026
     0.000158  0.000162  0.000026
     0.000125  0.000161  0.000026
     0.000053  0.000172  0.000026
    -0.000137  0.000227  0.000026
     0.000121  0.000152  0.000026
     0.000097  0.000159  0.000026
     0.000117  0.000153  0.000026
     0.000311  0.000108  0.000026
     0.000320  0.000112  0.000026
     0.000480  0.000084  0.000026
     0.000539  0.000073  0.000026
     0.000604  0.000063  0.000026
     0.000694  0.000044  0.000026
     0.000681  0.000045  0.000026
     0.000682  0.000043  0.000026
     0.000566  0.000064  0.000026
     0.000411  0.000092  0.000026
    -0.000131  0.000225  0.000026
    -0.000137  0.000227  0.000026
    -0.000137  0.000227  0.000026
    -0.000137  0.000227  0.000026
    -0.000137  0.000227  0.000026
    -0.000137  0.000227  0.000026
    -0.000137  0.000227  0.000026
    -0.000137  0.000227  0.000026
    -0.000137  0.000227  0.000026
    -0.000137  0.000227  0.000026
    -0.000137  0.000227  0.000026
    -0.000137  0.000227  0.000026
    -0.000137  0.000227  0.000026
    -0.000137  0.000227  0.000026
    -0.000537  0.000065  0.000026
    -0.000773  0.000037  0.000026
    -0.000834  0.000034  0.000026
    -0.000884  0.000033  0.000026
    -0.001072  0.000016  0.000026
    -0.001114  0.000019  0.000026
    -0.001039  0.000031  0.000026
    -0.000915  0.000046  0.000026
    -0.000773  0.000061  0.000026
    -0.000641  0.000063  0.000026
    -0.000505  0.000057  0.000026
    -0.000137  0.000227  0.000026
    -0.000137  0.000227  0.000026
    -0.000137  0.000227  0.000026
    -0.000137  0.000227  0.000026
    -0.000137  0.000227  0.000026
    -0.000137  0.000227  0.000026
    -0.000167  0.000212  0.000026
    -0.000421  0.000088  0.000026
    -0.000457  0.000133  0.000026
    -0.000437  0.000168  0.000026
    -0.000381  0.000236  0.000026
    -0.000328  0.000264  0.000026
    -0.000230  0.000252  0.000026
    -0.000276  0.000165  0.000026
    -0.000137  0.000227  0.000026
    -0.000137  0.000227  0.000026
    -0.000137  0.000227  0.000026
    -0.000204  0.000194  0.000026
     0.002105 -0.000373  0.000025
     0.004876  0.001380  0.000025
     0.005196  0.008095  0.000026
    -0.001910  0.011973  0.000027
    -0.007358  0.012477  0.000028
    -0.009557  0.006673  0.000027
    -0.004332  0.000581  0.000026
    -0.000748 -0.000072  0.000026
    -0.000137  0.000227  0.000026
    -0.000137  0.000227  0.000026
    -0.000137  0.000227  0.000026
    -0.000137  0.000227  0.000026
    -0.000137  0.000227  0.000026
    -0.000163  0.000237  0.000026
    -0.000103  0.000236  0.000026
    -0.000076  0.000228  0.000026
    -0.000117  0.000238  0.000026
    -0.000053  0.000234  0.000026
    -0.000063  0.000227  0.000026
     0.000035  0.000198  0.000026
     0.000187  0.000165  0.000026
     0.000127  0.000170  0.000026
     0.000103  0.000160  0.000026
    -0.000137  0.000227  0.000026
    -0.000137  0.000227  0.000026
     0.000158  0.000141  0.000026
    -0.000050  0.000202  0.000026
     0.000197  0.000130  0.000026
     0.000352  0.000103  0.000026
     0.000341  0.000109  0.000026
     0.000346  0.000109  0.000026
     0.000475  0.000086  0.000026
     0.000634  0.000056  0.000026
     0.000678  0.000046  0.000026
     0.000658  0.000049  0.000026
     0.000618  0.000054  0.000026
     0.000539  0.000068  0.000026
     0.000218  0.000130  0.000026
    -0.000137  0.000227  0.000026
    -0.000137  0.000227  0.000026
    -0.000137  0.000227  0.000026
    -0.000137  0.000227  0.000026
    -0.000137  0.000227  0.000026
    -0.000137  0.000227  0.000026
    -0.000137  0.000227  0.000026
    -0.000137  0.000227  0.000026
    -0.000137  0.000227  0.000026
    -0.000137  0.000227  0.000026
    -0.000137  0.000227  0.000026
    -0.000137  0.000227  0.000026
    -0.000137  0.000227  0.000026
    -0.000137  0.000227  0.000026
    -0.000272  0.000161  0.000026
    -0.000612  0.000057  0.000026
    -0.000813  0.000034  0.000026
    -0.000858  0.000033  0.000026
    -0.001039  0.000015  0.000026
    -0.001126  0.000012  0.000026
    -0.001075  0.000025  0.000026
    -0.001003  0.000035  0.000026
    -0.000827  0.000055  0.000026
    -0.000742  0.000060  0.000026
    -0.000564  0.000064  0.000026
    -0.000389  0.000103  0.000026
    -0.000137  0.000227  0.000026
    -0.000137  0.000227  0.000026
    -0.000137  0.000227  0.000026
    -0.000137  0.000227  0.000026
    -0.000137  0.000227  0.000026
    -0.000137  0.000227  0.000026
    -0.000137  0.000227  0.000026
    -0.000421  0.000102  0.000026
    -0.000446  0.000137  0.000026
    -0.000442  0.000203  0.000026
    -0.000344  0.000264  0.000026
    -0.000246  0.000298  0.000026
    -0.000178  0.000266  0.000026
    -0.000198  0.000197  0.000026
    -0.000137  0.000227  0.000026
    -0.000137  0.000227  0.000026
    -0.000142  0.000224  0.000026
     0.000333  0.000090  0.000026
     0.002205  0.000944  0.000026
     0.001547  0.001848  0.000026
    -0.000949  0.003092  0.000026
    -0.003760  0.002157  0.000026
    -0.003881  0.000824  0.000026
    -0.001971 -0.000539  0.000026
    -0.000137  0.000227  0.000026
    -0.000137  0.000227  0.000026
    -0.000137  0.000227  0.000026
    -0.000137  0.000227  0.000026
    -0.000137  0.000227  0.000026
    -0.000137  0.000227  0.000026
    -0.000184  0.000256  0.000026
    -0.000087  0.000240  0.000026
    -0.000112  0.000241  0.000026
    -0.000166  0.000257  0.000026
    -0.000097  0.000241  0.000026
    -0.000085  0.000224  0.000026
     0.000077  0.000189  0.000026
     0.000201  0.000160  0.000026
     0.000099  0.000169  0.000026
    -0.000137  0.000227  0.000026
    -0.000137  0.000227  0.000026
    -0.000035  0.000197  0.000026
     0.000040  0.000175  0.000026
    -0.000087  0.000213  0.000026
     0.000241  0.000122  0.000026
     0.000321  0.000110  0.000026
     0.000263  0.000125  0.000026
     0.000370  0.000105  0.000026
     0.000525  0.000077  0.000026
     0.000658  0.000050  0.000026
     0.000663  0.000048  0.000026
     0.000608  0.000057  0.000026
     0.000585  0.000060  0.000026
     0.000469  0.000081  0.000026
     0.000142  0.000146  0.000026
    -0.000137  0.000227  0.000026
    -0.000137  0.000227  0.000026
    -0.000137  0.000227  0.000026
    -0.000137  0.000227  0.000026
    -0.000137  0.000227  0.000026
    -0.000137  0.000227  0.000026
    -0.000137  0.000227  0.000026
    -0.000137  0.000227  0.000026
    -0.000137  0.000227  0.000026
    -0.000137  0.000227  0.000026
    -0.000137  0.000227  0.000026
    -0.000137  0.000227  0.000026
    -0.000137  0.000227  0.000026
    -0.000137  0.000227  0.000026
    -0.000137  0.000227  0.000026
    -0.000554  0.000062  0.000026
    -0.000658  0.000052  0.000026
    -0.000796  0.000037  0.000026
    -0.000982  0.000019  0.000026
    -0.001102  0.000010  0.000026
    -0.001130  0.000014  0.000026
    -0.001038  0.000030  0.000026
    -0.000879  0.000051  0.000026
    -0.000840  0.000052  0.000026
    -0.000649  0.000066  0.000026
    -0.000529  0.000064  0.000026
    -0.000137  0.000227  0.000026
    -0.000137  0.000227  0.000026
    -0.000137  0.000227  0.000026
    -0.000137  0.000227  0.000026
    -0.000137  0.000227  0.000026
    -0.000137  0.000227  0.000026
    -0.000137  0.000227  0.000026
    -0.000137  0.000227  0.000026
    -0.000412  0.000105  0.000026
    -0.000456  0.000160  0.000026
    -0.000422  0.000227  0.000026
    -0.000296  0.000286  0.000026
    -0.000152  0.000328  0.000026
    -0.000112  0.000305  0.000026
    -0.000116  0.000255  0.000026
    -0.000137  0.000227  0.000026
    -0.000137  0.000227  0.000026
    -0.000137  0.000227  0.000026
     0.000088  0.000161  0.000026
     0.000515  0.000595  0.000026
    -0.001140  0.000905  0.000026
    -0.002048  0.000466  0.000026
    -0.001660 -0.000518  0.000026
    -0.000511  0.000044  0.000026
    -0.000139  0.000226  0.000026
    -0.000137  0.000227  0.000026
    -0.000137  0.000227  0.000026
    -0.000137  0.000227  0.000026
    -0.000137  0.000227  0.000026
    -0.000317  0.000295  0.000026
    -0.000127 -0.000206  0.000026
     0.000049 -0.000858  0.000026
    -0.000101 -0.000381  0.000026
    -0.000116 -0.000019  0.000026
    -0.000026 -0.000031  0.000026
     0.000020 -0.000010  0.000026
     0.000278 -0.000455  0.000026
     0.000102  0.000173  0.000026
    -0.000047  0.000201  0.000026
    -0.000137  0.000227  0.000026
    -0.000137  0.000227  0.000026
    -0.000137  0.000227  0.000026
    -0.000137  0.000227  0.000026
    -0.000058  0.000204  0.000026
     0.000225  0.000126  0.000026
     0.000183  0.000139  0.000026
     0.000299  0.000118  0.000026
     0.000415  0.000097  0.000026
     0.000583  0.000065  0.000026
     0.000659  0.000049  0.000026
     0.000503  0.000079  0.000026
     0.000600  0.000058  0.000026
     0.000522  0.000071  0.000026
     0.000263  0.000122  0.000026
    -0.000116  0.000221  0.000026
    -0.000137  0.000227  0.000026
    -0.000137  0.000227  0.000026
    -0.000137  0.000227  0.000026
    -0.000137  0.000227  0.000026
    -0.000137  0.000227  0.000026
    -0.000137  0.000227  0.000026
    -0.000137  0.000227  0.000026
    -0.000137  0.000227  0.000026
    -0.000137  0.000227  0.000026
    -0.000137  0.000227  0.000026
    -0.000137  0.000227  0.000026
    -0.000137  0.000227  0.000026
    -0.000137  0.000227  0.000026
    -0.000137  0.000227  0.000026
    -0.000137  0.000227  0.000026
    -0.000484  0.000069  0.000026
    -0.000610  0.000056  0.000026
    -0.000710  0.000045  0.000026
    -0.000910  0.000023  0.000026
    -0.001049  0.000012  0.000026
    -0.001124  0.000010  0.000026
    -0.001105  0.000019  0.000026
    -0.000975  0.000038  0.000026
    -0.000792  0.000060  0.000026
    -0.000792  0.000055  0.000026
    -0.000629  0.000063  0.000026
    -0.000411  0.000093  0.000026
    -0.000137  0.000227  0.000026
    -0.000137  0.000227  0.000026
    -0.000137  0.000227  0.000026
    -0.000137  0.000227  0.000026
    -0.000137  0.000227  0.000026
    -0.000137  0.000227  0.000026
    -0.000137  0.000227  0.000026
    -0.000137  0.000227  0.000026
    -0.000408  0.000111  0.000026
    -0.000432  0.000173  0.000026
    -0.000396  0.000225  0.000026
    -0.000278  0.000279  0.000026
    -0.000146  0.000316  0.000026
    -0.000077  0.000313  0.000026
    -0.000059  0.000296  0.000026
    -0.000137  0.000227  0.000026
    -0.000106  0.000245  0.000026
    -0.000114  0.000250  0.000026
    -0.000137  0.000227  0.000026
    -0.000494  0.000052  0.000026
    -0.000466  0.000084  0.000026
    -0.000159  0.000240  0.000026
    -0.000155  0.000240  0.000026
    -0.000170  0.000224  0.000026
    -0.000137  0.000227  0.000026
    -0.000137  0.000227  0.000026
    -0.000115 -0.000225  0.000026
    -0.000158 -0.001344  0.000026
     0.000099 -0.002195  0.000026
     0.000265 -0.002530  0.000025
     0.000078 -0.001487  0.000026
     0.000046 -0.001126  0.000026
     0.000151 -0.001210  0.000026
     0.000155 -0.000989  0.000026
     0.000216 -0.000754  0.000026
     0.000058  0.000183  0.000026
    -0.000030  0.000196  0.000026
    -0.000137  0.000227  0.000026
    -0.000137  0.000227  0.000026
    -0.000137  0.000227  0.000026
    -0.000137  0.000227  0.000026
    -0.000137  0.000227  0.000026
    -0.000097  0.000216  0.000026
     0.000192  0.000134  0.000026
     0.000260  0.000125  0.000026
     0.000304  0.000118  0.000026
     0.000480  0.000085  0.000026
     0.000623  0.000057  0.000026
     0.000644  0.000051  0.000026
     0.000576  0.000063  0.000026
     0.000541  0.000068  0.000026
     0.000441  0.000087  0.000026
     0.000180  0.000138  0.000026
    -0.000137  0.000227  0.000026
    -0.000137  0.000227  0.000026
    -0.000137  0.000227  0.000026
    -0.000137  0.000227  0.000026
    -0.000137  0.000227  0.000026
    -0.000137  0.000227  0.000026
    -0.000137  0.000227  0.000026
    -0.000137  0.000227  0.000026
    -0.000137  0.000227  0.000026
    -0.000137  0.000227  0.000026
    -0.000137  0.000227  0.000026
    -0.000137  0.000227  0.000026
    -0.000137  0.000227  0.000026
    -0.000137  0.000227  0.000026
    -0.000137  0.000227  0.000026
    -0.000137  0.000227  0.000026
    -0.000137  0.000227  0.000026
    -0.000541  0.000063  0.000026
    -0.000599  0.000058  0.000026
    -0.000733  0.000043  0.000026
    -0.000954  0.000020  0.000026
    -0.001082  0.000010  0.000026
    -0.001128  0.000012  0.000026
    -0.001073  0.000025  0.000026
    -0.000907  0.000046  0.000026
    -0.000812  0.000054  0.000026
    -0.000681  0.000066  0.000026
    -0.000567  0.000067  0.000026
    -0.000154  0.000219  0.000026
    -0.000137  0.000227  0.000026
    -0.000137  0.000227  0.000026
    -0.000137  0.000227  0.000026
    -0.000137  0.000227  0.000026
    -0.000137  0.000227  0.000026
    -0.000137  0.000227  0.000026
    -0.000137  0.000227  0.000026
    -0.000137  0.000227  0.000026
    -0.000410  0.000120  0.000026
    -0.000384  0.000172  0.000026
    -0.000359  0.000220  0.000026
    -0.000272  0.000262  0.000026
    -0.000148  0.000294  0.000026
    -0.000056  0.000300  0.000026
    -0.000071  0.000273  0.000026
    -0.000137  0.000227  0.000026
    -0.000158  0.000217  0.000026
    -0.000204  0.000204  0.000026
    -0.000150  0.000225  0.000026
    -0.000138  0.000250  0.000026
    -0.000143  0.000264  0.000026
    -0.000068  0.000272  0.000026
     0.000276 -0.000557  0.000026
     0.000383 -0.001577  0.000026
     0.000212 -0.002582  0.000025
     0.000022 -0.003085  0.000025
     0.000150 -0.003290  0.000025
     0.000170 -0.002837  0.000025
     0.000348 -0.003054  0.000025
     0.000286 -0.002490  0.000025
     0.000240 -0.001987  0.000026
     0.000233 -0.001484  0.000026
     0.000017 -0.000260  0.000026
     0.000006  0.000190  0.000026
    -0.000137  0.000227  0.000026
    -0.000137  0.000227  0.000026
    -0.000137  0.000227  0.000026
    -0.000137  0.000227  0.000026
    -0.000137  0.000227  0.000026
    -0.000137  0.000227  0.000026
    -0.000137  0.000227  0.000026
     0.000023  0.000180  0.000026
     0.000265  0.000123  0.000026
     0.000291  0.000120  0.000026
     0.000395  0.000100  0.000026
     0.000552  0.000070  0.000026
     0.000673  0.000046  0.000026
     0.000634  0.000052  0.000026
     0.000529  0.000071  0.000026
     0.000467  0.000082  0.000026
     0.000256  0.000123  0.000026
    -0.000015  0.000192  0.000026
    -0.000137  0.000227  0.000026
    -0.000137  0.000227  0.000026
    -0.000137  0.000227  0.000026
    -0.000137  0.000227  0.000026
    -0.000137  0.000227  0.000026
    -0.000137  0.000227  0.000026
    -0.000137  0.000227  0.000026
    -0.000137  0.000227  0.000026
    -0.000137  0.000227  0.000026
    -0.000137  0.000227  0.000026
    -0.000137  0.000227  0.000026
    -0.000137  0.000227  0.000026
    -0.000137  0.000227  0.000026
    -0.000137  0.000227  0.000026
    -0.000137  0.000227  0.000026
    -0.000137  0.000227  0.000026
    -0.000137  0.000227  0.000026
    -0.000463  0.000072  0.000026
    -0.000539  0.000064  0.000026
    -0.000624  0.000056  0.000026
    -0.000856  0.000028  0.000026
    -0.000970  0.000020  0.000026
    -0.001077  0.000013  0.000026
    -0.001111  0.000017  0.000026
    -0.001005  0.000034  0.000026
    -0.000834  0.000055  0.000026
    -0.000782  0.000058  0.000026
    -0.000648  0.000068  0.000026
    -0.000429  0.000084  0.000026
    -0.000197  0.000198  0.000026
    -0.000137  0.000227  0.000026
    -0.000137  0.000227  0.000026
    -0.000137  0.000227  0.000026
    -0.000137  0.000227  0.000026
    -0.000137  0.000227  0.000026
    -0.000137  0.000227  0.000026
    -0.000137  0.000227  0.000026
    -0.000137  0.000227  0.000026
    -0.000416  0.000114  0.000026
    -0.000367  0.000153  0.000026
    -0.000355  0.000186  0.000026
    -0.000313  0.000211  0.000026
    -0.000216  0.000231  0.000026
    -0.000165  0.000246  0.000026
    -0.000137  0.000227  0.000026
    -0.000137  0.000227  0.000026
    -0.000137  0.000227  0.000026
    -0.000137  0.000227  0.000026
    -0.000137  0.000227  0.000026
    -0.000044  0.000282  0.000026
     0.000366 -0.001236  0.000026
     0.000556 -0.002209  0.000025
     0.000396 -0.002709  0.000025
     0.000168 -0.003137  0.000025
     0.000029 -0.002948  0.000025
     0.000258 -0.003343  0.000025
     0.000389 -0.003301  0.000025
     0.000273 -0.002375  0.000025
     0.000041 -0.001063  0.000026
    -0.000020 -0.000303  0.000026
    -0.000137  0.000227  0.000026
    -0.000137  0.000227  0.000026
    -0.000137  0.000227  0.000026
    -0.000137  0.000227  0.000026
    -0.000137  0.000227  0.000026
    -0.000137  0.000227  0.000026
    -0.000137  0.000227  0.000026
    -0.000137  0.000227  0.000026
    -0.000137  0.000227  0.000026
    -0.000137  0.000227  0.000026
     0.000168  0.000140  0.000026
     0.000248  0.000128  0.000026
     0.000334  0.000112  0.000026
     0.000484  0.000083  0.000026
     0.000648  0.000051  0.000026
     0.000661  0.000047  0.000026
     0.000561  0.000065  0.000026
     0.000468  0.000083  0.000026
     0.000375  0.000100  0.000026
     0.000175  0.000139  0.000026
    -0.000137  0.000227  0.000026
    -0.000137  0.000227  0.000026
    -0.000137  0.000227  0.000026
    -0.000137  0.000227  0.000026
    -0.000137  0.000227  0.000026
    -0.000137  0.000227  0.000026
    -0.000137  0.000227  0.000026
    -0.000137  0.000227  0.000026
    -0.000137  0.000227  0.000026
    -0.000137  0.000227  0.000026
    -0.000137  0.000227  0.000026
    -0.000137  0.000227  0.000026
    -0.000137  0.000227  0.000026
    -0.000137  0.000227  0.000026
    -0.000137  0.000227  0.000026
    -0.000137  0.000227  0.000026
    -0.000137  0.000227  0.000026
    -0.000137  0.000227  0.000026
    -0.000137  0.000227  0.000026
    -0.000458  0.000073  0.000026
    -0.000574  0.000060  0.000026
    -0.000733  0.000042  0.000026
    -0.000829  0.000034  0.000026
    -0.000970  0.000021  0.000026
    -0.001072  0.000016  0.000026
    -0.001055  0.000025  0.000026
    -0.000931  0.000043  0.000026
    -0.000853  0.000050  0.000026
    -0.000746  0.000061  0.000026
    -0.000562  0.000077  0.000026
    -0.000238  0.000178  0.000026
    -0.000137  0.000227  0.000026
    -0.000137  0.000227  0.000026
    -0.000137  0.000227  0.000026
    -0.000137  0.000227  0.000026
    -0.000137  0.000227  0.000026
    -0.000137  0.000227  0.000026
    -0.000137  0.000227  0.000026
    -0.000137  0.000227  0.000026
    -0.000167  0.000212  0.000026
    -0.000391  0.000111  0.000026
    -0.000351  0.000144  0.000026
    -0.000340  0.000178  0.000026
    -0.000287  0.000208  0.000026
    -0.000189  0.000232  0.000026
    -0.000113  0.000254  0.000026
    -0.000097  0.000251  0.000026
    -0.000137  0.000227  0.000026
    -0.000137  0.000227  0.000026
    -0.000137  0.000227  0.000026
    -0.000137  0.000227  0.000026
     0.000056 -0.000816  0.000026
     0.000114 -0.001463  0.000026
     0.000094 -0.001799  0.000026
     0.000077 -0.002480  0.000025
     0.000181 -0.002663  0.000025
     0.000203 -0.002245  0.000026
     0.000027 -0.001044  0.000026
    -0.000137  0.000227  0.000026
    -0.000137  0.000227  0.000026
    -0.000137  0.000227  0.000026
    -0.000137  0.000227  0.000026
    -0.000137  0.000227  0.000026
    -0.000137  0.000227  0.000026
    -0.000137  0.000227  0.000026
    -0.000137  0.000227  0.000026
    -0.000137  0.000227  0.000026
    -0.000137  0.000227  0.000026
    -0.000137  0.000227  0.000026
    -0.000137  0.000227  0.000026
    -0.000015  0.000191  0.000026
     0.000268  0.000123  0.000026
     0.000319  0.000115  0.000026
     0.000446  0.000091  0.000026
     0.000594  0.000062  0.000026
     0.000665  0.000047  0.000026
     0.000597  0.000059  0.000026
     0.000387  0.000099  0.000026
     0.000382  0.000099  0.000026
     0.000217  0.000131  0.000026
    -0.000050  0.000202  0.000026
    -0.000137  0.000227  0.000026
    -0.000137  0.000227  0.000026
    -0.000137  0.000227  0.000026
    -0.000137  0.000227  0.000026
    -0.000137  0.000227  0.000026
    -0.000137  0.000227  0.000026
    -0.000137  0.000227  0.000026
    -0.000137  0.000227  0.000026
    -0.000137  0.000227  0.000026
    -0.000137  0.000227  0.000026
    -0.000137  0.000227  0.000026
    -0.000137  0.000227  0.000026
    -0.000137  0.000227  0.000026
    -0.000137  0.000227  0.000026
    -0.000137  0.000227  0.000026
    -0.000137  0.000227  0.000026
    -0.000137  0.000227  0.000026
    -0.000137  0.000227  0.000026
    -0.000137  0.000227  0.000026
    -0.000286  0.000154  0.000026
    -0.000498  0.000068  0.000026
    -0.000596  0.000058  0.000026
    -0.000776  0.000037  0.000026
    -0.000854  0.000032  0.000026
    -0.000967  0.000024  0.000026
    -0.001031  0.000023  0.000026
    -0.000988  0.000034  0.000026
    -0.000868  0.000052  0.000026
    -0.000820  0.000054  0.000026
    -0.000718  0.000064  0.000026
    -0.000521  0.000079  0.000026
    -0.000137  0.000227  0.000026
    -0.000137  0.000227  0.000026
    -0.000137  0.000227  0.000026
    -0.000137  0.000227  0.000026
    -0.000137  0.000227  0.000026
    -0.000137  0.000227  0.000026
    -0.000137  0.000227  0.000026
    -0.000137  0.000227  0.000026
    -0.000137  0.000227  0.000026
    -0.000137  0.000227  0.000026
    -0.000296  0.000149  0.000026
    -0.000296  0.000149  0.000026
    -0.000313  0.000156  0.000026
    -0.000287  0.000180  0.000026
    -0.000224  0.000194  0.000026
    -0.000137  0.000227  0.000026
    -0.000137  0.000227  0.000026
    -0.000137  0.000227  0.000026
    -0.000137  0.000227  0.000026
    -0.000137  0.000227  0.000026
    -0.000137  0.000227  0.000026
    -0.000206  0.000251  0.000026
    -0.000173  0.000242  0.000026
    -0.000150  0.000235  0.000026
    -0.000128  0.000226  0.000026
    -0.000137  0.000227  0.000026
    -0.000137  0.000227  0.000026
    -0.000137  0.000227  0.000026
    -0.000137  0.000227  0.000026
    -0.000137  0.000227  0.000026
    -0.000137  0.000227  0.000026
    -0.000137  0.000227  0.000026
    -0.000137  0.000227  0.000026
    -0.000137  0.000227  0.000026
    -0.000137  0.000227  0.000026
    -0.000137  0.000227  0.000026
    -0.000137  0.000227  0.000026
    -0.000137  0.000227  0.000026
    -0.000137  0.000227  0.000026
     0.000218  0.000133  0.000026
     0.000307  0.000118  0.000026
     0.000437  0.000093  0.000026
     0.000534  0.000074  0.000026
     0.000634  0.000054  0.000026
     0.000621  0.000055  0.000026
     0.000510  0.000075  0.000026
     0.000303  0.000115  0.000026
     0.000219  0.000131  0.000026
     0.000120  0.000152  0.000026
    -0.000137  0.000227  0.000026
    -0.000137  0.000227  0.000026
    -0.000137  0.000227  0.000026
    -0.000137  0.000227  0.000026
    -0.000137  0.000227  0.000026
    -0.000137  0.000227  0.000026
    -0.000137  0.000227  0.000026
    -0.000137  0.000227  0.000026
    -0.000137  0.000227  0.000026
    -0.000137  0.000227  0.000026
    -0.000137  0.000227  0.000026
    -0.000137  0.000227  0.000026
    -0.000137  0.000227  0.000026
    -0.000137  0.000227  0.000026
    -0.000137  0.000227  0.000026
    -0.000137  0.000227  0.000026
    -0.000137  0.000227  0.000026
    -0.000137  0.000227  0.000026
    -0.000137  0.000227  0.000026
    -0.000137  0.000227  0.000026
    -0.000137  0.000227  0.000026
    -0.000260  0.000167  0.000026
    -0.000534  0.000064  0.000026
    -0.000706  0.000043  0.000026
    -0.000805  0.000034  0.000026
    -0.000855  0.000034  0.000026
    -0.000947  0.000029  0.000026
    -0.000958  0.000034  0.000026
    -0.000908  0.000045  0.000026
    -0.000886  0.000047  0.000026
    -0.000785  0.000058  0.000026
    -0.000638  0.000073  0.000026
    -0.000501  0.000080  0.000026
    -0.000137  0.000227  0.000026
    -0.000137  0.000227  0.000026
    -0.000137  0.000227  0.000026
    -0.000137  0.000227  0.000026
    -0.000137  0.000227  0.000026
    -0.000137  0.000227  0.000026
    -0.000137  0.000227  0.000026
    -0.000137  0.000227  0.000026
    -0.000137  0.000227  0.000026
    -0.000137  0.000227  0.000026
    -0.000179  0.000206  0.000026
    -0.000137  0.000227  0.000026
    -0.000142  0.000224  0.000026
    -0.000200  0.000196  0.000026
    -0.000137  0.000227  0.000026
    -0.000137  0.000227  0.000026
    -0.000137  0.000227  0.000026
    -0.000137  0.000227  0.000026
    -0.000137  0.000227  0.000026
    -0.000137  0.000227  0.000026
    -0.000137  0.000227  0.000026
    -0.000137  0.000227  0.000026
    -0.000137  0.000227  0.000026
    -0.000137  0.000227  0.000026
    -0.000137  0.000227  0.000026
    -0.000137  0.000227  0.000026
    -0.000137  0.000227  0.000026
    -0.000137  0.000227  0.000026
    -0.000137  0.000227  0.000026
    -0.000137  0.000227  0.000026
    -0.000137  0.000227  0.000026
    -0.000137  0.000227  0.000026
    -0.000137  0.000227  0.000026
    -0.000138  0.000233  0.000026
    -0.000137  0.000227  0.000026
    -0.000137  0.000227  0.000026
    -0.000122  0.000223  0.000026
     0.000195  0.000138  0.000026
     0.000259  0.000128  0.000026
     0.000403  0.000100  0.000026
     0.000496  0.000082  0.000026
     0.000580  0.000065  0.000026
     0.000625  0.000055  0.000026
     0.000538  0.000070  0.000026
     0.000295  0.000117  0.000026
     0.000208  0.000134  0.000026
     0.000162  0.000142  0.000026
    -0.000098  0.000216  0.000026
    -0.000137  0.000227  0.000026
    -0.000137  0.000227  0.000026
    -0.000137  0.000227  0.000026
    -0.000137  0.000227  0.000026
    -0.000137  0.000227  0.000026
    -0.000137  0.000227  0.000026
    -0.000137  0.000227  0.000026
    -0.000137  0.000227  0.000026
    -0.000137  0.000227  0.000026
    -0.000137  0.000227  0.000026
    -0.000137  0.000227  0.000026
    -0.000137  0.000227  0.000026
    -0.000137  0.000227  0.000026
    -0.000137  0.000227  0.000026
    -0.000137  0.000227  0.000026
    -0.000137  0.000227  0.000026
    -0.000137  0.000227  0.000026
    -0.000137  0.000227  0.000026
    -0.000137  0.000227  0.000026
    -0.000137  0.000227  0.000026
    -0.000137  0.000227  0.000026
    -0.000137  0.000227  0.000026
    -0.000404  0.000096  0.000026
    -0.000553  0.000062  0.000026
    -0.000737  0.000040  0.000026
    -0.000819  0.000034  0.000026
    -0.000866  0.000034  0.000026
    -0.000856  0.000043  0.000026
    -0.000891  0.000043  0.000026
    -0.000822  0.000056  0.000026
    -0.000822  0.000055  0.000026
    -0.000736  0.000063  0.000026
    -0.000594  0.000076  0.000026
    -0.000484  0.000080  0.000026
    -0.000137  0.000227  0.000026
    -0.000165  0.000213  0.000026
    -0.000137  0.000227  0.000026
    -0.000137  0.000227  0.000026
    -0.000137  0.000227  0.000026
    -0.000137  0.000227  0.000026
    -0.000137  0.000227  0.000026
    -0.000137  0.000227  0.000026
    -0.000137  0.000227  0.000026
    -0.000137  0.000227  0.000026
    -0.000137  0.000227  0.000026
    -0.000137  0.000227  0.000026
    -0.000137  0.000227  0.000026
    -0.000137  0.000227  0.000026
    -0.000137  0.000227  0.000026
    -0.000137  0.000227  0.000026
    -0.000137  0.000227  0.000026
    -0.000137  0.000227  0.000026
    -0.000137  0.000227  0.000026
    -0.000137  0.000227  0.000026
    -0.000137  0.000227  0.000026
    -0.000137  0.000227  0.000026
    -0.000137  0.000227  0.000026
    -0.000137  0.000227  0.000026
    -0.000137  0.000227  0.000026
    -0.000137  0.000227  0.000026
    -0.000137  0.000227  0.000026
    -0.000137  0.000227  0.000026
    -0.000137  0.000227  0.000026
    -0.000137  0.000227  0.000026
    -0.000137  0.000227  0.000026
    -0.000137  0.000227  0.000026
    -0.000137  0.000227  0.000026
    -0.000137  0.000227  0.000026
    -0.000126  0.000224  0.000026
     0.000182  0.000141  0.000026
     0.000312  0.000117  0.000026
     0.000353  0.000110  0.000026
     0.000464  0.000088  0.000026
     0.000537  0.000074  0.000026
     0.000606  0.000059  0.000026
     0.000546  0.000069  0.000026
     0.000415  0.000094  0.000026
     0.000131  0.000149  0.000026
     0.000163  0.000142  0.000026
     0.000027  0.000179  0.000026
    -0.000137  0.000227  0.000026
    -0.000137  0.000227  0.000026
    -0.000137  0.000227  0.000026
    -0.000137  0.000227  0.000026
    -0.000137  0.000227  0.000026
    -0.000137  0.000227  0.000026
    -0.000137  0.000227  0.000026
    -0.000137  0.000227  0.000026
    -0.000137  0.000227  0.000026
    -0.000137  0.000227  0.000026
    -0.000137  0.000227  0.000026
    -0.000137  0.000227  0.000026
    -0.000137  0.000227  0.000026
    -0.000137  0.000227  0.000026
    -0.000137  0.000227  0.000026
    -0.000137  0.000227  0.000026
    -0.000137  0.000227  0.000026
    -0.000137  0.000227  0.000026
    -0.000137  0.000227  0.000026
    -0.000137  0.000227  0.000026
    -0.000137  0.000227  0.000026
    -0.000137  0.000227  0.000026
    -0.000137  0.000227  0.000026
    -0.000141  0.000225  0.000026
    -0.000478  0.000070  0.000026
    -0.000657  0.000047  0.000026
    -0.000756  0.000038  0.000026
    -0.000825  0.000034  0.000026
    -0.000857  0.000037  0.000026
    -0.000811  0.000050  0.000026
    -0.000781  0.000059  0.000026
    -0.000833  0.000054  0.000026
    -0.000769  0.000062  0.000026
    -0.000655  0.000074  0.000026
    -0.000554  0.000079  0.000026
    -0.000471  0.000080  0.000026
    -0.000137  0.000227  0.000026
    -0.000137  0.000227  0.000026
    -0.000137  0.000227  0.000026
    -0.000137  0.000227  0.000026
    -0.000137  0.000227  0.000026
    -0.000137  0.000227  0.000026
    -0.000137  0.000227  0.000026
    -0.000137  0.000227  0.000026
    -0.000137  0.000227  0.000026
    -0.000137  0.000227  0.000026
    -0.000137  0.000227  0.000026
    -0.000137  0.000227  0.000026
    -0.000137  0.000227  0.000026
    -0.000137  0.000227  0.000026
    -0.000137  0.000227  0.000026
    -0.000137  0.000227  0.000026
    -0.000137  0.000227  0.000026
    -0.000137  0.000227  0.000026
    -0.000137  0.000227  0.000026
    -0.000137  0.000227  0.000026
    -0.000137  0.000227  0.000026
    -0.000137  0.000227  0.000026
    -0.000137  0.000227  0.000026
    -0.000137  0.000227  0.000026
    -0.000137  0.000227  0.000026
    -0.000137  0.000227  0.000026
    -0.000137  0.000227  0.000026
    -0.000137  0.000227  0.000026
    -0.000137  0.000227  0.000026
    -0.000137  0.000227  0.000026
    -0.000137  0.000227  0.000026
    -0.000137  0.000227  0.000026
    -0.000121  0.000222  0.000026
     0.000170  0.000144  0.000026
     0.000266  0.000127  0.000026
     0.000296  0.000122  0.000026
     0.000436  0.000095  0.000026
     0.000528  0.000076  0.000026
     0.000576  0.000066  0.000026
     0.000542  0.000071  0.000026
     0.000425  0.000092  0.000026
     0.000128  0.000150  0.000026
    -0.000006  0.000189  0.000026
     0.000151  0.000144  0.000026
    -0.000137  0.000227  0.000026
    -0.000137  0.000227  0.000026
    -0.000137  0.000227  0.000026
    -0.000137  0.000227  0.000026
    -0.000137  0.000227  0.000026
    -0.000137  0.000227  0.000026
    -0.000137  0.000227  0.000026
    -0.000137  0.000227  0.000026
    -0.000137  0.000227  0.000026
    -0.000137  0.000227  0.000026
    -0.000137  0.000227  0.000026
    -0.000137  0.000227  0.000026
    -0.000137  0.000227  0.000026
    -0.000137  0.000227  0.000026
    -0.000137  0.000227  0.000026
    -0.000137  0.000227  0.000026
    -0.000137  0.000227  0.000026
    -0.000137  0.000227  0.000026
    -0.000137  0.000227  0.000026
    -0.000137  0.000227  0.000026
    -0.000137  0.000227  0.000026
    -0.000137  0.000227  0.000026
    -0.000137  0.000227  0.000026
    -0.000137  0.000227  0.000026
    -0.000137  0.000227  0.000026
    -0.000253  0.000170  0.000026
    -0.000518  0.000065  0.000026
    -0.000687  0.000044  0.000026
    -0.000763  0.000038  0.000026
    -0.000828  0.000035  0.000026
    -0.000834  0.000041  0.000026
    -0.000792  0.000053  0.000026
    -0.000733  0.000065  0.000026
    -0.000738  0.000066  0.000026
    -0.000720  0.000069  0.000026
    -0.000611  0.000080  0.000026
    -0.000525  0.000083  0.000026
    -0.000465  0.000083  0.000026
    -0.000202  0.000195  0.000026
    -0.000137  0.000227  0.000026
    -0.000137  0.000227  0.000026
    -0.000137  0.000227  0.000026
    -0.000137  0.000227  0.000026
    -0.000137  0.000227  0.000026
    -0.000137  0.000227  0.000026
    -0.000137  0.000227  0.000026
    -0.000137  0.000227  0.000026
    -0.000137  0.000227  0.000026
    -0.000137  0.000227  0.000026
    -0.000137  0.000227  0.000026
    -0.000137  0.000227  0.000026
    -0.000137  0.000227  0.000026
    -0.000137  0.000227  0.000026
    -0.000137  0.000227  0.000026
    -0.000137  0.000227  0.000026
    -0.000137  0.000227  0.000026
    -0.000137  0.000227  0.000026
    -0.000137  0.000227  0.000026
    -0.000137  0.000227  0.000026
    -0.000137  0.000227  0.000026
    -0.000137  0.000227  0.000026
    -0.000137  0.000227  0.000026
    -0.000137  0.000227  0.000026
    -0.000137  0.000227  0.000026
    -0.000137  0.000227  0.000026
    -0.000137  0.000227  0.000026
    -0.000137  0.000227  0.000026
    -0.000137  0.000227  0.000026
    -0.000086  0.000212  0.000026
     0.000152  0.000148  0.000026
     0.000223  0.000135  0.000026
     0.000263  0.000129  0.000026
     0.000403  0.000102  0.000026
     0.000505  0.000082  0.000026
     0.000533  0.000075  0.000026
     0.000520  0.000076  0.000026
     0.000423  0.000093  0.000026
     0.000238  0.000129  0.000026
     0.000012  0.000183  0.000026
     0.000151  0.000144  0.000026
    -0.000091  0.000214  0.000026
    -0.000137  0.000227  0.000026
    -0.000137  0.000227  0.000026
    -0.000137  0.000227  0.000026
    -0.000137  0.000227  0.000026
    -0.000137  0.000227  0.000026
    -0.000137  0.000227  0.000026
    -0.000137  0.000227  0.000026
    -0.000137  0.000227  0.000026
    -0.000137  0.000227  0.000026
    -0.000137  0.000227  0.000026
    -0.000137  0.000227  0.000026
    -0.000137  0.000227  0.000026
    -0.000137  0.000227  0.000026
    -0.000137  0.000227  0.000026
    -0.000137  0.000227  0.000026
    -0.000137  0.000227  0.000026
    -0.000137  0.000227  0.000026
    -0.000137  0.000227  0.000026
    -0.000137  0.000227  0.000026
    -0.000137  0.000227  0.000026
    -0.000137  0.000227  0.000026
    -0.000137  0.000227  0.000026
    -0.000137  0.000227  0.000026
    -0.000137  0.000227  0.000026
    -0.000137  0.000227  0.000026
    -0.000137  0.000227  0.000026
    -0.000323  0.000136  0.000026
    -0.000528  0.000065  0.000026
    -0.000727  0.000040  0.000026
    -0.000778  0.000037  0.000026
    -0.000817  0.000038  0.000026
    -0.000805  0.000046  0.000026
    -0.000761  0.000058  0.000026
    -0.000680  0.000073  0.000026
    -0.000705  0.000071  0.000026
    -0.000620  0.000082  0.000026
    -0.000538  0.000088  0.000026
    -0.000473  0.000090  0.000026
    -0.000456  0.000087  0.000026
    -0.000329  0.000133  0.000026
    -0.000288  0.000153  0.000026
    -0.000191  0.000200  0.000026
    -0.000137  0.000227  0.000026
    -0.000137  0.000227  0.000026
    -0.000137  0.000227  0.000026
    -0.000137  0.000227  0.000026
    -0.000137  0.000227  0.000026
    -0.000137  0.000227  0.000026
    -0.000137  0.000227  0.000026
    -0.000137  0.000227  0.000026
    -0.000137  0.000227  0.000026
    -0.000137  0.000227  0.000026
    -0.000137  0.000227  0.000026
    -0.000137  0.000227  0.000026
    -0.000137  0.000227  0.000026
    -0.000137  0.000227  0.000026
    -0.000137  0.000227  0.000026
    -0.000137  0.000227  0.000026
    -0.000137  0.000227  0.000026
    -0.000137  0.000227  0.000026
    -0.000137  0.000227  0.000026
    -0.000137  0.000227  0.000026
    -0.000137  0.000227  0.000026
    -0.000137  0.000227  0.000026
    -0.000137  0.000227  0.000026
    -0.000137  0.000227  0.000026
    -0.000137  0.000227  0.000026
    -0.000137  0.000227  0.000026
     0.000137  0.000152  0.000026
     0.000212  0.000139  0.000026
     0.000238  0.000136  0.000026
     0.000373  0.000110  0.000026
     0.000480  0.000088  0.000026
     0.000507  0.000081  0.000026
     0.000482  0.000084  0.000026
     0.000409  0.000096  0.000026
     0.000249  0.000127  0.000026
     0.000069  0.000167  0.000026
    -0.000029  0.000196  0.000026
    -0.000072  0.000208  0.000026
    -0.000137  0.000227  0.000026
    -0.000137  0.000227  0.000026
    -0.000137  0.000227  0.000026
    -0.000137  0.000227  0.000026
    -0.000137  0.000227  0.000026
    -0.000137  0.000227  0.000026
    -0.000137  0.000227  0.000026
    -0.000137  0.000227  0.000026
    -0.000137  0.000227  0.000026
    -0.000137  0.000227  0.000026
    -0.000137  0.000227  0.000026
    -0.000137  0.000227  0.000026
    -0.000137  0.000227  0.000026
    -0.000137  0.000227  0.000026
    -0.000137  0.000227  0.000026
    -0.000137  0.000227  0.000026
    -0.000137  0.000227  0.000026
    -0.000137  0.000227  0.000026
    -0.000137  0.000227  0.000026
    -0.000137  0.000227  0.000026
    -0.000137  0.000227  0.000026
    -0.000137  0.000227  0.000026
    -0.000137  0.000227  0.000026
    -0.000137  0.000227  0.000026
    -0.000137  0.000227  0.000026
    -0.000137  0.000227  0.000026
    -0.000137  0.000227  0.000026
    -0.000137  0.000227  0.000026
    -0.000335  0.000130  0.000026
    -0.000614  0.000052  0.000026
    -0.000728  0.000041  0.000026
    -0.000806  0.000036  0.000026
    -0.000831  0.000039  0.000026
    -0.000786  0.000050  0.000026
    -0.000734  0.000062  0.000026
    -0.000670  0.000075  0.000026
    -0.000674  0.000076  0.000026
    -0.000581  0.000088  0.000026
    -0.000525  0.000092  0.000026
    -0.000467  0.000093  0.000026
    -0.000429  0.000093  0.000026
    -0.000302  0.000146  0.000026
    -0.000137  0.000227  0.000026
    -0.000234  0.000179  0.000026
    -0.000137  0.000227  0.000026
    -0.000137  0.000227  0.000026
    -0.000137  0.000227  0.000026
    -0.000137  0.000227  0.000026
    -0.000137  0.000227  0.000026
    -0.000137  0.000227  0.000026
    -0.000137  0.000227  0.000026
    -0.000137  0.000227  0.000026
    -0.000137  0.000227  0.000026
    -0.000137  0.000227  0.000026
    -0.000137  0.000227  0.000026
    -0.000137  0.000227  0.000026
    -0.000137  0.000227  0.000026
    -0.000137  0.000227  0.000026
    -0.000137  0.000227  0.000026
    -0.000137  0.000227  0.000026
    -0.000137  0.000227  0.000026
    -0.000137  0.000227  0.000026
    -0.000137  0.000227  0.000026
    -0.000137  0.000227  0.000026
    -0.000137  0.000227  0.000026
    -0.000137  0.000227  0.000026
    -0.000137  0.000227  0.000026
    -0.000137  0.000227  0.000026
     0.000126  0.000156  0.000026
     0.000201  0.000143  0.000026
     0.000217  0.000141  0.000026
     0.000342  0.000117  0.000026
     0.000443  0.000096  0.000026
     0.000470  0.000089  0.000026
     0.000435  0.000094  0.000026
     0.000327  0.000113  0.000026
     0.000269  0.000123  0.000026
     0.000121  0.000152  0.000026
    -0.000035  0.000197  0.000026
    -0.000085  0.000212  0.000026
    -0.000137  0.000227  0.000026
    -0.000137  0.000227  0.000026
    -0.000137  0.000227  0.000026
    -0.000137  0.000227  0.000026
    -0.000137  0.000227  0.000026
    -0.000137  0.000227  0.000026
    -0.000137  0.000227  0.000026
    -0.000137  0.000227  0.000026
    -0.000137  0.000227  0.000026
    -0.000137  0.000227  0.000026
    -0.000137  0.000227  0.000026
    -0.000137  0.000227  0.000026
    -0.000137  0.000227  0.000026
    -0.000137  0.000227  0.000026
    -0.000137  0.000227  0.000026
    -0.000137  0.000227  0.000026
    -0.000137  0.000227  0.000026
    -0.000137  0.000227  0.000026
    -0.000137  0.000227  0.000026
    -0.000137  0.000227  0.000026
    -0.000137  0.000227  0.000026
    -0.000137  0.000227  0.000026
    -0.000137  0.000227  0.000026
    -0.000137  0.000227  0.000026
    -0.000137  0.000227  0.000026
    -0.000137  0.000227  0.000026
    -0.000137  0.000227  0.000026
    -0.000137  0.000227  0.000026
    -0.000137  0.000227  0.000026
    -0.000137  0.000227  0.000026
    -0.000314  0.000140  0.000026
    -0.000607  0.000053  0.000026
    -0.000712  0.000043  0.000026
    -0.000796  0.000038  0.000026
    -0.000809  0.000043  0.000026
    -0.000781  0.000053  0.000026
    -0.000734  0.000065  0.000026
    -0.000673  0.000078  0.000026
    -0.000678  0.000077  0.000026
    -0.000569  0.000092  0.000026
    -0.000516  0.000095  0.000026
    -0.000469  0.000096  0.000026
    -0.000426  0.000096  0.000026
    -0.000406  0.000095  0.000026
    -0.000274  0.000160  0.000026
    -0.000339  0.000128  0.000026
    -0.000226  0.000183  0.000026
    -0.000137  0.000227  0.000026
    -0.000137  0.000227  0.000026
    -0.000137  0.000227  0.000026
    -0.000137  0.000227  0.000026
    -0.000137  0.000227  0.000026
    -0.000137  0.000227  0.000026
    -0.000137  0.000227  0.000026
    -0.000137  0.000227  0.000026
    -0.000137  0.000227  0.000026
    -0.000137  0.000227  0.000026
    -0.000137  0.000227  0.000026
    -0.000137  0.000227  0.000026
    -0.000137  0.000227  0.000026
    -0.000137  0.000227  0.000026
    -0.000137  0.000227  0.000026
    -0.000137  0.000227  0.000026
    -0.000137  0.000227  0.000026
    -0.000137  0.000227  0.000026
    -0.000137  0.000227  0.000026
    -0.000137  0.000227  0.000026
    -0.000104  0.000218  0.000026
     0.000119  0.000161  0.000026
     0.000187  0.000148  0.000026
     0.000204  0.000146  0.000026
     0.000309  0.000125  0.000026
     0.000394  0.000079  0.000026
     0.000426  0.000098  0.000026
     0.000390  0.000103  0.000026
     0.000329  0.000113  0.000026
     0.000285  0.000121  0.000026
     0.000114  0.000154  0.000026
    -0.000052  0.000202  0.000026
    -0.000137  0.000227  0.000026
    -0.000137  0.000227  0.000026
    -0.000137  0.000227  0.000026
    -0.000137  0.000227  0.000026
    -0.000137  0.000227  0.000026
    -0.000137  0.000227  0.000026
    -0.000137  0.000227  0.000026
    -0.000137  0.000227  0.000026
    -0.000137  0.000227  0.000026
    -0.000137  0.000227  0.000026
    -0.000137  0.000227  0.000026
    -0.000137  0.000227  0.000026
    -0.000137  0.000227  0.000026
    -0.000137  0.000227  0.000026
    -0.000137  0.000227  0.000026
    -0.000137  0.000227  0.000026
    -0.000137  0.000227  0.000026
    -0.000137  0.000227  0.000026
    -0.000137  0.000227  0.000026
    -0.000137  0.000227  0.000026
    -0.000137  0.000227  0.000026
    -0.000137  0.000227  0.000026
    -0.000137  0.000227  0.000026
    -0.000137  0.000227  0.000026
    -0.000137  0.000227  0.000026
    -0.000137  0.000227  0.000026
    -0.000137  0.000227  0.000026
    -0.000137  0.000227  0.000026
    -0.000137  0.000227  0.000026
    -0.000137  0.000227  0.000026
    -0.000137  0.000227  0.000026
    -0.000137  0.000227  0.000026
    -0.000137  0.000227  0.000026
    -0.000278  0.000158  0.000026
    -0.000585  0.000056  0.000026
    -0.000687  0.000047  0.000026
    -0.000772  0.000042  0.000026
    -0.000784  0.000047  0.000026
    -0.000758  0.000057  0.000026
    -0.000714  0.000068  0.000026
    -0.000660  0.000081  0.000026
    -0.000681  0.000081  0.000026
    -0.000595  0.000094  0.000026
    -0.000547  0.000099  0.000026
    -0.000478  0.000103  0.000026
    -0.000440  0.000104  0.000026
    -0.000411  0.000104  0.000026
    -0.000400  0.000104  0.000026
    -0.000362  0.000117  0.000026
    -0.000401  0.000098  0.000026
    -0.000225  0.000184  0.000026
    -0.000137  0.000227  0.000026
    -0.000137  0.000227  0.000026
    -0.000137  0.000227  0.000026
    -0.000137  0.000227  0.000026
    -0.000137  0.000227  0.000026
    -0.000137  0.000227  0.000026
    -0.000137  0.000227  0.000026
    -0.000137  0.000227  0.000026
    -0.000137  0.000227  0.000026
    -0.000137  0.000227  0.000026
    -0.000137  0.000227  0.000026
    -0.000137  0.000227  0.000026
    -0.000137  0.000227  0.000026
    -0.000137  0.000227  0.000026
    -0.000137  0.000227  0.000026
    -0.000137  0.000227  0.000026
    -0.000137  0.000227  0.000026
    -0.000030  0.000196  0.000026
     0.000102  0.000168  0.000026
     0.000175  0.000154  0.000026
     0.000180  0.000152  0.000026
     0.000273  0.000126  0.000026
     0.000358  0.000006  0.000026
     0.000404 -0.000011  0.000026
     0.000339  0.000114  0.000026
     0.000320  0.000116  0.000026
     0.000270  0.000124  0.000026
     0.000194  0.000138  0.000026
    -0.000084  0.000212  0.000026
    -0.000137  0.000227  0.000026
    -0.000137  0.000227  0.000026
    -0.000137  0.000227  0.000026
    -0.000137  0.000227  0.000026
    -0.000137  0.000227  0.000026
    -0.000137  0.000227  0.000026
    -0.000137  0.000227  0.000026
    -0.000137  0.000227  0.000026
    -0.000137  0.000227  0.000026
    -0.000137  0.000227  0.000026
    -0.000137  0.000227  0.000026
    -0.000137  0.000227  0.000026
    -0.000137  0.000227  0.000026
    -0.000137  0.000227  0.000026
    -0.000137  0.000227  0.000026
    -0.000137  0.000227  0.000026
    -0.000137  0.000227  0.000026
    -0.000137  0.000227  0.000026
    -0.000137  0.000227  0.000026
    -0.000137  0.000227  0.000026
    -0.000137  0.000227  0.000026
    -0.000137  0.000227  0.000026
    -0.000137  0.000227  0.000026
    -0.000137  0.000227  0.000026
    -0.000137  0.000227  0.000026
    -0.000137  0.000227  0.000026
    -0.000137  0.000227  0.000026
    -0.000137  0.000227  0.000026
    -0.000137  0.000227  0.000026
    -0.000137  0.000227  0.000026
    -0.000137  0.000227  0.000026
    -0.000137  0.000227  0.000026
    -0.000137  0.000227  0.000026
    -0.000137  0.000227  0.000026
    -0.000137  0.000227  0.000026
    -0.000137  0.000227  0.000026
    -0.000551  0.000061  0.000026
    -0.000649  0.000052  0.000026
    -0.000735  0.000047  0.000026
    -0.000750  0.000052  0.000026
    -0.000732  0.000061  0.000026
    -0.000693  0.000072  0.000026
    -0.000644  0.000084  0.000026
    -0.000648  0.000087  0.000026
    -0.000603  0.000097  0.000026
    -0.000562  0.000102  0.000026
    -0.000511  0.000107  0.000026
    -0.000466  0.000110  0.000026
    -0.000430  0.000112  0.000026
    -0.000397  0.000113  0.000026
    -0.000390  0.000113  0.000026
    -0.000378  0.000115  0.000026
    -0.000258  0.000168  0.000026
    -0.000324  0.000135  0.000026
    -0.000199  0.000196  0.000026
    -0.000137  0.000227  0.000026
    -0.000137  0.000227  0.000026
    -0.000137  0.000227  0.000026
    -0.000137  0.000227  0.000026
    -0.000137  0.000227  0.000026
    -0.000137  0.000227  0.000026
    -0.000137  0.000227  0.000026
    -0.000137  0.000227  0.000026
    -0.000137  0.000227  0.000026
    -0.000137  0.000227  0.000026
    -0.000137  0.000227  0.000026
    -0.000137  0.000227  0.000026
    -0.000137  0.000227  0.000026
    -0.000018  0.000195  0.000026
     0.000076  0.000176  0.000026
     0.000224 -0.000264  0.000026
     0.000207 -0.000094  0.000026
     0.000362 -0.000525  0.000026
     0.000263  0.000134  0.000026
     0.000310  0.000123  0.000026
     0.000312  0.000120  0.000026
     0.000287  0.000123  0.000026
     0.000243  0.000130  0.000026
     0.000173  0.000143  0.000026
    -0.000137  0.000227  0.000026
    -0.000137  0.000227  0.000026
    -0.000137  0.000227  0.000026
    -0.000137  0.000227  0.000026
    -0.000137  0.000227  0.000026
    -0.000137  0.000227  0.000026
    -0.000137  0.000227  0.000026
    -0.000137  0.000227  0.000026
    -0.000137  0.000227  0.000026
    -0.000137  0.000227  0.000026
    -0.000137  0.000227  0.000026
    -0.000137  0.000227  0.000026
    -0.000137  0.000227  0.000026
    -0.000137  0.000227  0.000026
    -0.000137  0.000227  0.000026
    -0.000137  0.000227  0.000026
    -0.000137  0.000227  0.000026
    -0.000137  0.000227  0.000026
    -0.000137  0.000227  0.000026
    -0.000137  0.000227  0.000026
    -0.000137  0.000227  0.000026
    -0.000137  0.000227  0.000026
    -0.000137  0.000227  0.000026
    -0.000137  0.000227  0.000026
    -0.000137  0.000227  0.000026
    -0.000137  0.000227  0.000026
    -0.000137  0.000227  0.000026
    -0.000137  0.000227  0.000026
    -0.000137  0.000227  0.000026
    -0.000137  0.000227  0.000026
    -0.000137  0.000227  0.000026
    -0.000137  0.000227  0.000026
    -0.000137  0.000227  0.000026
    -0.000137  0.000227  0.000026
    -0.000137  0.000227  0.000026
    -0.000137  0.000227  0.000026
    -0.000137  0.000227  0.000026
    -0.000137  0.000227  0.000026
    -0.000137  0.000227  0.000026
    -0.000515  0.000066  0.000026
    -0.000597  0.000058  0.000026
    -0.000678  0.000054  0.000026
    -0.000705  0.000057  0.000026
    -0.000693  0.000065  0.000026
    -0.000666  0.000075  0.000026
    -0.000625  0.000087  0.000026
    -0.000630  0.000090  0.000026
    -0.000588  0.000086  0.000026
    -0.000555  0.000053  0.000026
    -0.000526  0.000112  0.000026
    -0.000486  0.000117  0.000026
    -0.000447  0.000120  0.000026
    -0.000416  0.000124  0.000026
    -0.000400  0.000126  0.000026
    -0.000381  0.000128  0.000026
    -0.000360  0.000132  0.000026
    -0.000329  0.000138  0.000026
    -0.000257  0.000168  0.000026
    -0.000307  0.000145  0.000026
    -0.000224  0.000184  0.000026
    -0.000138  0.000226  0.000026
    -0.000137  0.000227  0.000026
    -0.000137  0.000227  0.000026
    -0.000137  0.000227  0.000026
    -0.000137  0.000227  0.000026
    -0.000137  0.000227  0.000026
    -0.000137  0.000227  0.000026
    -0.000137  0.000227  0.000026
    -0.000137  0.000227  0.000026
     0.000132 -0.000600  0.000026
     0.000247 -0.000884  0.000026
     0.000138 -0.000303  0.000026
     0.000119  0.000073  0.000026
     0.000223 -0.000147  0.000026
     0.000302 -0.000263  0.000026
     0.000329 -0.000191  0.000026
     0.000272  0.000129  0.000026
     0.000243  0.000133  0.000026
     0.000204  0.000139  0.000026
     0.000136  0.000150  0.000026
    -0.000137  0.000227  0.000026
    -0.000137  0.000227  0.000026
    -0.000137  0.000227  0.000026
    -0.000137  0.000227  0.000026
    -0.000137  0.000227  0.000026
    -0.000137  0.000227  0.000026
    -0.000137  0.000227  0.000026
    -0.000137  0.000227  0.000026
    -0.000137  0.000227  0.000026
    -0.000137  0.000227  0.000026
    -0.000137  0.000227  0.000026
    -0.000137  0.000227  0.000026
    -0.000137  0.000227  0.000026
    -0.000137  0.000227  0.000026
    -0.000137  0.000227  0.000026
    -0.000137  0.000227  0.000026
    -0.000137  0.000227  0.000026
    -0.000137  0.000227  0.000026
    -0.000137  0.000227  0.000026
    -0.000137  0.000227  0.000026
