# vtk DataFile Version 3.0
Predicted magnetic field
ASCII

DATASET STRUCTURED_GRID
DIMENSIONS 81 81 1
POINTS 6561 float
    -10.584000 -10.584000  0.529000
    -10.584000 -10.319000  0.529000
    -10.584000 -10.054000  0.529000
    -10.584000 -9.790000  0.529000
    -10.584000 -9.525000  0.529000
    -10.584000 -9.261000  0.529000
    -10.584000 -8.996000  0.529000
    -10.584000 -8.731000  0.529000
    -10.584000 -8.467000  0.529000
    -10.584000 -8.202000  0.529000
    -10.584000 -7.938000  0.529000
    -10.584000 -7.673000  0.529000
    -10.584000 -7.408000  0.529000
    -10.584000 -7.144000  0.529000
    -10.584000 -6.879000  0.529000
    -10.584000 -6.615000  0.529000
    -10.584000 -6.350000  0.529000
    -10.584000 -6.086000  0.529000
    -10.584000 -5.821000  0.529000
    -10.584000 -5.556000  0.529000
    -10.584000 -5.292000  0.529000
    -10.584000 -5.027000  0.529000
    -10.584000 -4.763000  0.529000
    -10.584000 -4.498000  0.529000
    -10.584000 -4.233000  0.529000
    -10.584000 -3.969000  0.529000
    -10.584000 -3.704000  0.529000
    -10.584000 -3.440000  0.529000
    -10.584000 -3.175000  0.529000
    -10.584000 -2.910000  0.529000
    -10.584000 -2.646000  0.529000
    -10.584000 -2.381000  0.529000
    -10.584000 -2.117000  0.529000
    -10.584000 -1.852000  0.529000
    -10.584000 -1.588000  0.529000
    -10.584000 -1.323000  0.529000
    -10.584000 -1.058000  0.529000
    -10.584000 -0.794000  0.529000
    -10.584000 -0.529000  0.529000
    -10.584000 -0.265000  0.529000
    -10.584000  0.000000  0.529000
    -10.584000  0.265000  0.529000
    -10.584000  0.529000  0.529000
    -10.584000  0.794000  0.529000
    -10.584000  1.058000  0.529000
    -10.584000  1.323000  0.529000
    -10.584000  1.588000  0.529000
    -10.584000  1.852000  0.529000
    -10.584000  2.117000  0.529000
    -10.584000  2.381000  0.529000
    -10.584000  2.646000  0.529000
    -10.584000  2.910000  0.529000
    -10.584000  3.175000  0.529000
    -10.584000  3.440000  0.529000
    -10.584000  3.704000  0.529000
    -10.584000  3.969000  0.529000
    -10.584000  4.233000  0.529000
    -10.584000  4.498000  0.529000
    -10.584000  4.763000  0.529000
    -10.584000  5.027000  0.529000
    -10.584000  5.292000  0.529000
    -10.584000  5.556000  0.529000
    -10.584000  5.821000  0.529000
    -10.584000  6.086000  0.529000
    -10.584000  6.350000  0.529000
    -10.584000  6.615000  0.529000
    -10.584000  6.879000  0.529000
    -10.584000  7.144000  0.529000
    -10.584000  7.408000  0.529000
    -10.584000  7.673000  0.529000
    -10.584000  7.938000  0.529000
    -10.584000  8.202000  0.529000
    -10.584000  8.467000  0.529000
    -10.584000  8.731000  0.529000
    -10.584000  8.996000  0.529000
    -10.584000  9.261000  0.529000
    -10.584000  9.525000  0.529000
    -10.584000  9.790000  0.529000
    -10.584000  10.054000  0.529000
    -10.584000  10.319000  0.529000
    -10.584000  10.584000  0.529000
    -10.319000 -10.584000  0.529000
    -10.319000 -10.319000  0.529000
    -10.319000 -10.054000  0.529000
    -10.319000 -9.790000  0.529000
    -10.319000 -9.525000  0.529000
    -10.319000 -9.261000  0.529000
    -10.319000 -8.996000  0.529000
    -10.319000 -8.731000  0.529000
    -10.319000 -8.467000  0.529000
    -10.319000 -8.202000  0.529000
    -10.319000 -7.938000  0.529000
    -10.319000 -7.673000  0.529000
    -10.319000 -7.408000  0.529000
    -10.319000 -7.144000  0.529000
    -10.319000 -6.879000  0.529000
    -10.319000 -6.615000  0.529000
    -10.319000 -6.350000  0.529000
    -10.319000 -6.086000  0.529000
    -10.319000 -5.821000  0.529000
    -10.319000 -5.556000  0.529000
    -10.319000 -5.292000  0.529000
    -10.319000 -5.027000  0.529000
    -10.319000 -4.763000  0.529000
    -10.319000 -4.498000  0.529000
    -10.319000 -4.233000  0.529000
    -10.319000 -3.969000  0.529000
    -10.319000 -3.704000  0.529000
    -10.319000 -3.440000  0.529000
    -10.319000 -3.175000  0.529000
    -10.319000 -2.910000  0.529000
    -10.319000 -2.646000  0.529000
    -10.319000 -2.381000  0.529000
    -10.319000 -2.117000  0.529000
    -10.319000 -1.852000  0.529000
    -10.319000 -1.588000  0.529000
    -10.319000 -1.323000  0.529000
    -10.319000 -1.058000  0.529000
    -10.319000 -0.794000  0.529000
    -10.319000 -0.529000  0.529000
    -10.319000 -0.265000  0.529000
    -10.319000  0.000000  0.529000
    -10.319000  0.265000  0.529000
    -10.319000  0.529000  0.529000
    -10.319000  0.794000  0.529000
    -10.319000  1.058000  0.529000
    -10.319000  1.323000  0.529000
    -10.319000  1.588000  0.529000
    -10.319000  1.852000  0.529000
    -10.319000  2.117000  0.529000
    -10.319000  2.381000  0.529000
    -10.319000  2.646000  0.529000
    -10.319000  2.910000  0.529000
    -10.319000  3.175000  0.529000
    -10.319000  3.440000  0.529000
    -10.319000  3.704000  0.529000
    -10.319000  3.969000  0.529000
    -10.319000  4.233000  0.529000
    -10.319000  4.498000  0.529000
    -10.319000  4.763000  0.529000
    -10.319000  5.027000  0.529000
    -10.319000  5.292000  0.529000
    -10.319000  5.556000  0.529000
    -10.319000  5.821000  0.529000
    -10.319000  6.086000  0.529000
    -10.319000  6.350000  0.529000
    -10.319000  6.615000  0.529000
    -10.319000  6.879000  0.529000
    -10.319000  7.144000  0.529000
    -10.319000  7.408000  0.529000
    -10.319000  7.673000  0.529000
    -10.319000  7.938000  0.529000
    -10.319000  8.202000  0.529000
    -10.319000  8.467000  0.529000
    -10.319000  8.731000  0.529000
    -10.319000  8.996000  0.529000
    -10.319000  9.261000  0.529000
    -10.319000  9.525000  0.529000
    -10.319000  9.790000  0.529000
    -10.319000  10.054000  0.529000
    -10.319000  10.319000  0.529000
    -10.319000  10.584000  0.529000
    -10.054000 -10.584000  0.529000
    -10.054000 -10.319000  0.529000
    -10.054000 -10.054000  0.529000
    -10.054000 -9.790000  0.529000
    -10.054000 -9.525000  0.529000
    -10.054000 -9.261000  0.529000
    -10.054000 -8.996000  0.529000
    -10.054000 -8.731000  0.529000
    -10.054000 -8.467000  0.529000
    -10.054000 -8.202000  0.529000
    -10.054000 -7.938000  0.529000
    -10.054000 -7.673000  0.529000
    -10.054000 -7.408000  0.529000
    -10.054000 -7.144000  0.529000
    -10.054000 -6.879000  0.529000
    -10.054000 -6.615000  0.529000
    -10.054000 -6.350000  0.529000
    -10.054000 -6.086000  0.529000
    -10.054000 -5.821000  0.529000
    -10.054000 -5.556000  0.529000
    -10.054000 -5.292000  0.529000
    -10.054000 -5.027000  0.529000
    -10.054000 -4.763000  0.529000
    -10.054000 -4.498000  0.529000
    -10.054000 -4.233000  0.529000
    -10.054000 -3.969000  0.529000
    -10.054000 -3.704000  0.529000
    -10.054000 -3.440000  0.529000
    -10.054000 -3.175000  0.529000
    -10.054000 -2.910000  0.529000
    -10.054000 -2.646000  0.529000
    -10.054000 -2.381000  0.529000
    -10.054000 -2.117000  0.529000
    -10.054000 -1.852000  0.529000
    -10.054000 -1.588000  0.529000
    -10.054000 -1.323000  0.529000
    -10.054000 -1.058000  0.529000
    -10.054000 -0.794000  0.529000
    -10.054000 -0.529000  0.529000
    -10.054000 -0.265000  0.529000
    -10.054000  0.000000  0.529000
    -10.054000  0.265000  0.529000
    -10.054000  0.529000  0.529000
    -10.054000  0.794000  0.529000
    -10.054000  1.058000  0.529000
    -10.054000  1.323000  0.529000
    -10.054000  1.588000  0.529000
    -10.054000  1.852000  0.529000
    -10.054000  2.117000  0.529000
    -10.054000  2.381000  0.529000
    -10.054000  2.646000  0.529000
    -10.054000  2.910000  0.529000
    -10.054000  3.175000  0.529000
    -10.054000  3.440000  0.529000
    -10.054000  3.704000  0.529000
    -10.054000  3.969000  0.529000
    -10.054000  4.233000  0.529000
    -10.054000  4.498000  0.529000
    -10.054000  4.763000  0.529000
    -10.054000  5.027000  0.529000
    -10.054000  5.292000  0.529000
    -10.054000  5.556000  0.529000
    -10.054000  5.821000  0.529000
    -10.054000  6.086000  0.529000
    -10.054000  6.350000  0.529000
    -10.054000  6.615000  0.529000
    -10.054000  6.879000  0.529000
    -10.054000  7.144000  0.529000
    -10.054000  7.408000  0.529000
    -10.054000  7.673000  0.529000
    -10.054000  7.938000  0.529000
    -10.054000  8.202000  0.529000
    -10.054000  8.467000  0.529000
    -10.054000  8.731000  0.529000
    -10.054000  8.996000  0.529000
    -10.054000  9.261000  0.529000
    -10.054000  9.525000  0.529000
    -10.054000  9.790000  0.529000
    -10.054000  10.054000  0.529000
    -10.054000  10.319000  0.529000
    -10.054000  10.584000  0.529000
    -9.790000 -10.584000  0.529000
    -9.790000 -10.319000  0.529000
    -9.790000 -10.054000  0.529000
    -9.790000 -9.790000  0.529000
    -9.790000 -9.525000  0.529000
    -9.790000 -9.261000  0.529000
    -9.790000 -8.996000  0.529000
    -9.790000 -8.731000  0.529000
    -9.790000 -8.467000  0.529000
    -9.790000 -8.202000  0.529000
    -9.790000 -7.938000  0.529000
    -9.790000 -7.673000  0.529000
    -9.790000 -7.408000  0.529000
    -9.790000 -7.144000  0.529000
    -9.790000 -6.879000  0.529000
    -9.790000 -6.615000  0.529000
    -9.790000 -6.350000  0.529000
    -9.790000 -6.086000  0.529000
    -9.790000 -5.821000  0.529000
    -9.790000 -5.556000  0.529000
    -9.790000 -5.292000  0.529000
    -9.790000 -5.027000  0.529000
    -9.790000 -4.763000  0.529000
    -9.790000 -4.498000  0.529000
    -9.790000 -4.233000  0.529000
    -9.790000 -3.969000  0.529000
    -9.790000 -3.704000  0.529000
    -9.790000 -3.440000  0.529000
    -9.790000 -3.175000  0.529000
    -9.790000 -2.910000  0.529000
    -9.790000 -2.646000  0.529000
    -9.790000 -2.381000  0.529000
    -9.790000 -2.117000  0.529000
    -9.790000 -1.852000  0.529000
    -9.790000 -1.588000  0.529000
    -9.790000 -1.323000  0.529000
    -9.790000 -1.058000  0.529000
    -9.790000 -0.794000  0.529000
    -9.790000 -0.529000  0.529000
    -9.790000 -0.265000  0.529000
    -9.790000  0.000000  0.529000
    -9.790000  0.265000  0.529000
    -9.790000  0.529000  0.529000
    -9.790000  0.794000  0.529000
    -9.790000  1.058000  0.529000
    -9.790000  1.323000  0.529000
    -9.790000  1.588000  0.529000
    -9.790000  1.852000  0.529000
    -9.790000  2.117000  0.529000
    -9.790000  2.381000  0.529000
    -9.790000  2.646000  0.529000
    -9.790000  2.910000  0.529000
    -9.790000  3.175000  0.529000
    -9.790000  3.440000  0.529000
    -9.790000  3.704000  0.529000
    -9.790000  3.969000  0.529000
    -9.790000  4.233000  0.529000
    -9.790000  4.498000  0.529000
    -9.790000  4.763000  0.529000
    -9.790000  5.027000  0.529000
    -9.790000  5.292000  0.529000
    -9.790000  5.556000  0.529000
    -9.790000  5.821000  0.529000
    -9.790000  6.086000  0.529000
    -9.790000  6.350000  0.529000
    -9.790000  6.615000  0.529000
    -9.790000  6.879000  0.529000
    -9.790000  7.144000  0.529000
    -9.790000  7.408000  0.529000
    -9.790000  7.673000  0.529000
    -9.790000  7.938000  0.529000
    -9.790000  8.202000  0.529000
    -9.790000  8.467000  0.529000
    -9.790000  8.731000  0.529000
    -9.790000  8.996000  0.529000
    -9.790000  9.261000  0.529000
    -9.790000  9.525000  0.529000
    -9.790000  9.790000  0.529000
    -9.790000  10.054000  0.529000
    -9.790000  10.319000  0.529000
    -9.790000  10.584000  0.529000
    -9.525000 -10.584000  0.529000
    -9.525000 -10.319000  0.529000
    -9.525000 -10.054000  0.529000
    -9.525000 -9.790000  0.529000
    -9.525000 -9.525000  0.529000
    -9.525000 -9.261000  0.529000
    -9.525000 -8.996000  0.529000
    -9.525000 -8.731000  0.529000
    -9.525000 -8.467000  0.529000
    -9.525000 -8.202000  0.529000
    -9.525000 -7.938000  0.529000
    -9.525000 -7.673000  0.529000
    -9.525000 -7.408000  0.529000
    -9.525000 -7.144000  0.529000
    -9.525000 -6.879000  0.529000
    -9.525000 -6.615000  0.529000
    -9.525000 -6.350000  0.529000
    -9.525000 -6.086000  0.529000
    -9.525000 -5.821000  0.529000
    -9.525000 -5.556000  0.529000
    -9.525000 -5.292000  0.529000
    -9.525000 -5.027000  0.529000
    -9.525000 -4.763000  0.529000
    -9.525000 -4.498000  0.529000
    -9.525000 -4.233000  0.529000
    -9.525000 -3.969000  0.529000
    -9.525000 -3.704000  0.529000
    -9.525000 -3.440000  0.529000
    -9.525000 -3.175000  0.529000
    -9.525000 -2.910000  0.529000
    -9.525000 -2.646000  0.529000
    -9.525000 -2.381000  0.529000
    -9.525000 -2.117000  0.529000
    -9.525000 -1.852000  0.529000
    -9.525000 -1.588000  0.529000
    -9.525000 -1.323000  0.529000
    -9.525000 -1.058000  0.529000
    -9.525000 -0.794000  0.529000
    -9.525000 -0.529000  0.529000
    -9.525000 -0.265000  0.529000
    -9.525000  0.000000  0.529000
    -9.525000  0.265000  0.529000
    -9.525000  0.529000  0.529000
    -9.525000  0.794000  0.529000
    -9.525000  1.058000  0.529000
    -9.525000  1.323000  0.529000
    -9.525000  1.588000  0.529000
    -9.525000  1.852000  0.529000
    -9.525000  2.117000  0.529000
    -9.525000  2.381000  0.529000
    -9.525000  2.646000  0.529000
    -9.525000  2.910000  0.529000
    -9.525000  3.175000  0.529000
    -9.525000  3.440000  0.529000
    -9.525000  3.704000  0.529000
    -9.525000  3.969000  0.529000
    -9.525000  4.233000  0.529000
    -9.525000  4.498000  0.529000
    -9.525000  4.763000  0.529000
    -9.525000  5.027000  0.529000
    -9.525000  5.292000  0.529000
    -9.525000  5.556000  0.529000
    -9.525000  5.821000  0.529000
    -9.525000  6.086000  0.529000
    -9.525000  6.350000  0.529000
    -9.525000  6.615000  0.529000
    -9.525000  6.879000  0.529000
    -9.525000  7.144000  0.529000
    -9.525000  7.408000  0.529000
    -9.525000  7.673000  0.529000
    -9.525000  7.938000  0.529000
    -9.525000  8.202000  0.529000
    -9.525000  8.467000  0.529000
    -9.525000  8.731000  0.529000
    -9.525000  8.996000  0.529000
    -9.525000  9.261000  0.529000
    -9.525000  9.525000  0.529000
    -9.525000  9.790000  0.529000
    -9.525000  10.054000  0.529000
    -9.525000  10.319000  0.529000
    -9.525000  10.584000  0.529000
    -9.261000 -10.584000  0.529000
    -9.261000 -10.319000  0.529000
    -9.261000 -10.054000  0.529000
    -9.261000 -9.790000  0.529000
    -9.261000 -9.525000  0.529000
    -9.261000 -9.261000  0.529000
    -9.261000 -8.996000  0.529000
    -9.261000 -8.731000  0.529000
    -9.261000 -8.467000  0.529000
    -9.261000 -8.202000  0.529000
    -9.261000 -7.938000  0.529000
    -9.261000 -7.673000  0.529000
    -9.261000 -7.408000  0.529000
    -9.261000 -7.144000  0.529000
    -9.261000 -6.879000  0.529000
    -9.261000 -6.615000  0.529000
    -9.261000 -6.350000  0.529000
    -9.261000 -6.086000  0.529000
    -9.261000 -5.821000  0.529000
    -9.261000 -5.556000  0.529000
    -9.261000 -5.292000  0.529000
    -9.261000 -5.027000  0.529000
    -9.261000 -4.763000  0.529000
    -9.261000 -4.498000  0.529000
    -9.261000 -4.233000  0.529000
    -9.261000 -3.969000  0.529000
    -9.261000 -3.704000  0.529000
    -9.261000 -3.440000  0.529000
    -9.261000 -3.175000  0.529000
    -9.261000 -2.910000  0.529000
    -9.261000 -2.646000  0.529000
    -9.261000 -2.381000  0.529000
    -9.261000 -2.117000  0.529000
    -9.261000 -1.852000  0.529000
    -9.261000 -1.588000  0.529000
    -9.261000 -1.323000  0.529000
    -9.261000 -1.058000  0.529000
    -9.261000 -0.794000  0.529000
    -9.261000 -0.529000  0.529000
    -9.261000 -0.265000  0.529000
    -9.261000  0.000000  0.529000
    -9.261000  0.265000  0.529000
    -9.261000  0.529000  0.529000
    -9.261000  0.794000  0.529000
    -9.261000  1.058000  0.529000
    -9.261000  1.323000  0.529000
    -9.261000  1.588000  0.529000
    -9.261000  1.852000  0.529000
    -9.261000  2.117000  0.529000
    -9.261000  2.381000  0.529000
    -9.261000  2.646000  0.529000
    -9.261000  2.910000  0.529000
    -9.261000  3.175000  0.529000
    -9.261000  3.440000  0.529000
    -9.261000  3.704000  0.529000
    -9.261000  3.969000  0.529000
    -9.261000  4.233000  0.529000
    -9.261000  4.498000  0.529000
    -9.261000  4.763000  0.529000
    -9.261000  5.027000  0.529000
    -9.261000  5.292000  0.529000
    -9.261000  5.556000  0.529000
    -9.261000  5.821000  0.529000
    -9.261000  6.086000  0.529000
    -9.261000  6.350000  0.529000
    -9.261000  6.615000  0.529000
    -9.261000  6.879000  0.529000
    -9.261000  7.144000  0.529000
    -9.261000  7.408000  0.529000
    -9.261000  7.673000  0.529000
    -9.261000  7.938000  0.529000
    -9.261000  8.202000  0.529000
    -9.261000  8.467000  0.529000
    -9.261000  8.731000  0.529000
    -9.261000  8.996000  0.529000
    -9.261000  9.261000  0.529000
    -9.261000  9.525000  0.529000
    -9.261000  9.790000  0.529000
    -9.261000  10.054000  0.529000
    -9.261000  10.319000  0.529000
    -9.261000  10.584000  0.529000
    -8.996000 -10.584000  0.529000
    -8.996000 -10.319000  0.529000
    -8.996000 -10.054000  0.529000
    -8.996000 -9.790000  0.529000
    -8.996000 -9.525000  0.529000
    -8.996000 -9.261000  0.529000
    -8.996000 -8.996000  0.529000
    -8.996000 -8.731000  0.529000
    -8.996000 -8.467000  0.529000
    -8.996000 -8.202000  0.529000
    -8.996000 -7.938000  0.529000
    -8.996000 -7.673000  0.529000
    -8.996000 -7.408000  0.529000
    -8.996000 -7.144000  0.529000
    -8.996000 -6.879000  0.529000
    -8.996000 -6.615000  0.529000
    -8.996000 -6.350000  0.529000
    -8.996000 -6.086000  0.529000
    -8.996000 -5.821000  0.529000
    -8.996000 -5.556000  0.529000
    -8.996000 -5.292000  0.529000
    -8.996000 -5.027000  0.529000
    -8.996000 -4.763000  0.529000
    -8.996000 -4.498000  0.529000
    -8.996000 -4.233000  0.529000
    -8.996000 -3.969000  0.529000
    -8.996000 -3.704000  0.529000
    -8.996000 -3.440000  0.529000
    -8.996000 -3.175000  0.529000
    -8.996000 -2.910000  0.529000
    -8.996000 -2.646000  0.529000
    -8.996000 -2.381000  0.529000
    -8.996000 -2.117000  0.529000
    -8.996000 -1.852000  0.529000
    -8.996000 -1.588000  0.529000
    -8.996000 -1.323000  0.529000
    -8.996000 -1.058000  0.529000
    -8.996000 -0.794000  0.529000
    -8.996000 -0.529000  0.529000
    -8.996000 -0.265000  0.529000
    -8.996000  0.000000  0.529000
    -8.996000  0.265000  0.529000
    -8.996000  0.529000  0.529000
    -8.996000  0.794000  0.529000
    -8.996000  1.058000  0.529000
    -8.996000  1.323000  0.529000
    -8.996000  1.588000  0.529000
    -8.996000  1.852000  0.529000
    -8.996000  2.117000  0.529000
    -8.996000  2.381000  0.529000
    -8.996000  2.646000  0.529000
    -8.996000  2.910000  0.529000
    -8.996000  3.175000  0.529000
    -8.996000  3.440000  0.529000
    -8.996000  3.704000  0.529000
    -8.996000  3.969000  0.529000
    -8.996000  4.233000  0.529000
    -8.996000  4.498000  0.529000
    -8.996000  4.763000  0.529000
    -8.996000  5.027000  0.529000
    -8.996000  5.292000  0.529000
    -8.996000  5.556000  0.529000
    -8.996000  5.821000  0.529000
    -8.996000  6.086000  0.529000
    -8.996000  6.350000  0.529000
    -8.996000  6.615000  0.529000
    -8.996000  6.879000  0.529000
    -8.996000  7.144000  0.529000
    -8.996000  7.408000  0.529000
    -8.996000  7.673000  0.529000
    -8.996000  7.938000  0.529000
    -8.996000  8.202000  0.529000
    -8.996000  8.467000  0.529000
    -8.996000  8.731000  0.529000
    -8.996000  8.996000  0.529000
    -8.996000  9.261000  0.529000
    -8.996000  9.525000  0.529000
    -8.996000  9.790000  0.529000
    -8.996000  10.054000  0.529000
    -8.996000  10.319000  0.529000
    -8.996000  10.584000  0.529000
    -8.731000 -10.584000  0.529000
    -8.731000 -10.319000  0.529000
    -8.731000 -10.054000  0.529000
    -8.731000 -9.790000  0.529000
    -8.731000 -9.525000  0.529000
    -8.731000 -9.261000  0.529000
    -8.731000 -8.996000  0.529000
    -8.731000 -8.731000  0.529000
    -8.731000 -8.467000  0.529000
    -8.731000 -8.202000  0.529000
    -8.731000 -7.938000  0.529000
    -8.731000 -7.673000  0.529000
    -8.731000 -7.408000  0.529000
    -8.731000 -7.144000  0.529000
    -8.731000 -6.879000  0.529000
    -8.731000 -6.615000  0.529000
    -8.731000 -6.350000  0.529000
    -8.731000 -6.086000  0.529000
    -8.731000 -5.821000  0.529000
    -8.731000 -5.556000  0.529000
    -8.731000 -5.292000  0.529000
    -8.731000 -5.027000  0.529000
    -8.731000 -4.763000  0.529000
    -8.731000 -4.498000  0.529000
    -8.731000 -4.233000  0.529000
    -8.731000 -3.969000  0.529000
    -8.731000 -3.704000  0.529000
    -8.731000 -3.440000  0.529000
    -8.731000 -3.175000  0.529000
    -8.731000 -2.910000  0.529000
    -8.731000 -2.646000  0.529000
    -8.731000 -2.381000  0.529000
    -8.731000 -2.117000  0.529000
    -8.731000 -1.852000  0.529000
    -8.731000 -1.588000  0.529000
    -8.731000 -1.323000  0.529000
    -8.731000 -1.058000  0.529000
    -8.731000 -0.794000  0.529000
    -8.731000 -0.529000  0.529000
    -8.731000 -0.265000  0.529000
    -8.731000  0.000000  0.529000
    -8.731000  0.265000  0.529000
    -8.731000  0.529000  0.529000
    -8.731000  0.794000  0.529000
    -8.731000  1.058000  0.529000
    -8.731000  1.323000  0.529000
    -8.731000  1.588000  0.529000
    -8.731000  1.852000  0.529000
    -8.731000  2.117000  0.529000
    -8.731000  2.381000  0.529000
    -8.731000  2.646000  0.529000
    -8.731000  2.910000  0.529000
    -8.731000  3.175000  0.529000
    -8.731000  3.440000  0.529000
    -8.731000  3.704000  0.529000
    -8.731000  3.969000  0.529000
    -8.731000  4.233000  0.529000
    -8.731000  4.498000  0.529000
    -8.731000  4.763000  0.529000
    -8.731000  5.027000  0.529000
    -8.731000  5.292000  0.529000
    -8.731000  5.556000  0.529000
    -8.731000  5.821000  0.529000
    -8.731000  6.086000  0.529000
    -8.731000  6.350000  0.529000
    -8.731000  6.615000  0.529000
    -8.731000  6.879000  0.529000
    -8.731000  7.144000  0.529000
    -8.731000  7.408000  0.529000
    -8.731000  7.673000  0.529000
    -8.731000  7.938000  0.529000
    -8.731000  8.202000  0.529000
    -8.731000  8.467000  0.529000
    -8.731000  8.731000  0.529000
    -8.731000  8.996000  0.529000
    -8.731000  9.261000  0.529000
    -8.731000  9.525000  0.529000
    -8.731000  9.790000  0.529000
    -8.731000  10.054000  0.529000
    -8.731000  10.319000  0.529000
    -8.731000  10.584000  0.529000
    -8.467000 -10.584000  0.529000
    -8.467000 -10.319000  0.529000
    -8.467000 -10.054000  0.529000
    -8.467000 -9.790000  0.529000
    -8.467000 -9.525000  0.529000
    -8.467000 -9.261000  0.529000
    -8.467000 -8.996000  0.529000
    -8.467000 -8.731000  0.529000
    -8.467000 -8.467000  0.529000
    -8.467000 -8.202000  0.529000
    -8.467000 -7.938000  0.529000
    -8.467000 -7.673000  0.529000
    -8.467000 -7.408000  0.529000
    -8.467000 -7.144000  0.529000
    -8.467000 -6.879000  0.529000
    -8.467000 -6.615000  0.529000
    -8.467000 -6.350000  0.529000
    -8.467000 -6.086000  0.529000
    -8.467000 -5.821000  0.529000
    -8.467000 -5.556000  0.529000
    -8.467000 -5.292000  0.529000
    -8.467000 -5.027000  0.529000
    -8.467000 -4.763000  0.529000
    -8.467000 -4.498000  0.529000
    -8.467000 -4.233000  0.529000
    -8.467000 -3.969000  0.529000
    -8.467000 -3.704000  0.529000
    -8.467000 -3.440000  0.529000
    -8.467000 -3.175000  0.529000
    -8.467000 -2.910000  0.529000
    -8.467000 -2.646000  0.529000
    -8.467000 -2.381000  0.529000
    -8.467000 -2.117000  0.529000
    -8.467000 -1.852000  0.529000
    -8.467000 -1.588000  0.529000
    -8.467000 -1.323000  0.529000
    -8.467000 -1.058000  0.529000
    -8.467000 -0.794000  0.529000
    -8.467000 -0.529000  0.529000
    -8.467000 -0.265000  0.529000
    -8.467000  0.000000  0.529000
    -8.467000  0.265000  0.529000
    -8.467000  0.529000  0.529000
    -8.467000  0.794000  0.529000
    -8.467000  1.058000  0.529000
    -8.467000  1.323000  0.529000
    -8.467000  1.588000  0.529000
    -8.467000  1.852000  0.529000
    -8.467000  2.117000  0.529000
    -8.467000  2.381000  0.529000
    -8.467000  2.646000  0.529000
    -8.467000  2.910000  0.529000
    -8.467000  3.175000  0.529000
    -8.467000  3.440000  0.529000
    -8.467000  3.704000  0.529000
    -8.467000  3.969000  0.529000
    -8.467000  4.233000  0.529000
    -8.467000  4.498000  0.529000
    -8.467000  4.763000  0.529000
    -8.467000  5.027000  0.529000
    -8.467000  5.292000  0.529000
    -8.467000  5.556000  0.529000
    -8.467000  5.821000  0.529000
    -8.467000  6.086000  0.529000
    -8.467000  6.350000  0.529000
    -8.467000  6.615000  0.529000
    -8.467000  6.879000  0.529000
    -8.467000  7.144000  0.529000
    -8.467000  7.408000  0.529000
    -8.467000  7.673000  0.529000
    -8.467000  7.938000  0.529000
    -8.467000  8.202000  0.529000
    -8.467000  8.467000  0.529000
    -8.467000  8.731000  0.529000
    -8.467000  8.996000  0.529000
    -8.467000  9.261000  0.529000
    -8.467000  9.525000  0.529000
    -8.467000  9.790000  0.529000
    -8.467000  10.054000  0.529000
    -8.467000  10.319000  0.529000
    -8.467000  10.584000  0.529000
    -8.202000 -10.584000  0.529000
    -8.202000 -10.319000  0.529000
    -8.202000 -10.054000  0.529000
    -8.202000 -9.790000  0.529000
    -8.202000 -9.525000  0.529000
    -8.202000 -9.261000  0.529000
    -8.202000 -8.996000  0.529000
    -8.202000 -8.731000  0.529000
    -8.202000 -8.467000  0.529000
    -8.202000 -8.202000  0.529000
    -8.202000 -7.938000  0.529000
    -8.202000 -7.673000  0.529000
    -8.202000 -7.408000  0.529000
    -8.202000 -7.144000  0.529000
    -8.202000 -6.879000  0.529000
    -8.202000 -6.615000  0.529000
    -8.202000 -6.350000  0.529000
    -8.202000 -6.086000  0.529000
    -8.202000 -5.821000  0.529000
    -8.202000 -5.556000  0.529000
    -8.202000 -5.292000  0.529000
    -8.202000 -5.027000  0.529000
    -8.202000 -4.763000  0.529000
    -8.202000 -4.498000  0.529000
    -8.202000 -4.233000  0.529000
    -8.202000 -3.969000  0.529000
    -8.202000 -3.704000  0.529000
    -8.202000 -3.440000  0.529000
    -8.202000 -3.175000  0.529000
    -8.202000 -2.910000  0.529000
    -8.202000 -2.646000  0.529000
    -8.202000 -2.381000  0.529000
    -8.202000 -2.117000  0.529000
    -8.202000 -1.852000  0.529000
    -8.202000 -1.588000  0.529000
    -8.202000 -1.323000  0.529000
    -8.202000 -1.058000  0.529000
    -8.202000 -0.794000  0.529000
    -8.202000 -0.529000  0.529000
    -8.202000 -0.265000  0.529000
    -8.202000  0.000000  0.529000
    -8.202000  0.265000  0.529000
    -8.202000  0.529000  0.529000
    -8.202000  0.794000  0.529000
    -8.202000  1.058000  0.529000
    -8.202000  1.323000  0.529000
    -8.202000  1.588000  0.529000
    -8.202000  1.852000  0.529000
    -8.202000  2.117000  0.529000
    -8.202000  2.381000  0.529000
    -8.202000  2.646000  0.529000
    -8.202000  2.910000  0.529000
    -8.202000  3.175000  0.529000
    -8.202000  3.440000  0.529000
    -8.202000  3.704000  0.529000
    -8.202000  3.969000  0.529000
    -8.202000  4.233000  0.529000
    -8.202000  4.498000  0.529000
    -8.202000  4.763000  0.529000
    -8.202000  5.027000  0.529000
    -8.202000  5.292000  0.529000
    -8.202000  5.556000  0.529000
    -8.202000  5.821000  0.529000
    -8.202000  6.086000  0.529000
    -8.202000  6.350000  0.529000
    -8.202000  6.615000  0.529000
    -8.202000  6.879000  0.529000
    -8.202000  7.144000  0.529000
    -8.202000  7.408000  0.529000
    -8.202000  7.673000  0.529000
    -8.202000  7.938000  0.529000
    -8.202000  8.202000  0.529000
    -8.202000  8.467000  0.529000
    -8.202000  8.731000  0.529000
    -8.202000  8.996000  0.529000
    -8.202000  9.261000  0.529000
    -8.202000  9.525000  0.529000
    -8.202000  9.790000  0.529000
    -8.202000  10.054000  0.529000
    -8.202000  10.319000  0.529000
    -8.202000  10.584000  0.529000
    -7.938000 -10.584000  0.529000
    -7.938000 -10.319000  0.529000
    -7.938000 -10.054000  0.529000
    -7.938000 -9.790000  0.529000
    -7.938000 -9.525000  0.529000
    -7.938000 -9.261000  0.529000
    -7.938000 -8.996000  0.529000
    -7.938000 -8.731000  0.529000
    -7.938000 -8.467000  0.529000
    -7.938000 -8.202000  0.529000
    -7.938000 -7.938000  0.529000
    -7.938000 -7.673000  0.529000
    -7.938000 -7.408000  0.529000
    -7.938000 -7.144000  0.529000
    -7.938000 -6.879000  0.529000
    -7.938000 -6.615000  0.529000
    -7.938000 -6.350000  0.529000
    -7.938000 -6.086000  0.529000
    -7.938000 -5.821000  0.529000
    -7.938000 -5.556000  0.529000
    -7.938000 -5.292000  0.529000
    -7.938000 -5.027000  0.529000
    -7.938000 -4.763000  0.529000
    -7.938000 -4.498000  0.529000
    -7.938000 -4.233000  0.529000
    -7.938000 -3.969000  0.529000
    -7.938000 -3.704000  0.529000
    -7.938000 -3.440000  0.529000
    -7.938000 -3.175000  0.529000
    -7.938000 -2.910000  0.529000
    -7.938000 -2.646000  0.529000
    -7.938000 -2.381000  0.529000
    -7.938000 -2.117000  0.529000
    -7.938000 -1.852000  0.529000
    -7.938000 -1.588000  0.529000
    -7.938000 -1.323000  0.529000
    -7.938000 -1.058000  0.529000
    -7.938000 -0.794000  0.529000
    -7.938000 -0.529000  0.529000
    -7.938000 -0.265000  0.529000
    -7.938000  0.000000  0.529000
    -7.938000  0.265000  0.529000
    -7.938000  0.529000  0.529000
    -7.938000  0.794000  0.529000
    -7.938000  1.058000  0.529000
    -7.938000  1.323000  0.529000
    -7.938000  1.588000  0.529000
    -7.938000  1.852000  0.529000
    -7.938000  2.117000  0.529000
    -7.938000  2.381000  0.529000
    -7.938000  2.646000  0.529000
    -7.938000  2.910000  0.529000
    -7.938000  3.175000  0.529000
    -7.938000  3.440000  0.529000
    -7.938000  3.704000  0.529000
    -7.938000  3.969000  0.529000
    -7.938000  4.233000  0.529000
    -7.938000  4.498000  0.529000
    -7.938000  4.763000  0.529000
    -7.938000  5.027000  0.529000
    -7.938000  5.292000  0.529000
    -7.938000  5.556000  0.529000
    -7.938000  5.821000  0.529000
    -7.938000  6.086000  0.529000
    -7.938000  6.350000  0.529000
    -7.938000  6.615000  0.529000
    -7.938000  6.879000  0.529000
    -7.938000  7.144000  0.529000
    -7.938000  7.408000  0.529000
    -7.938000  7.673000  0.529000
    -7.938000  7.938000  0.529000
    -7.938000  8.202000  0.529000
    -7.938000  8.467000  0.529000
    -7.938000  8.731000  0.529000
    -7.938000  8.996000  0.529000
    -7.938000  9.261000  0.529000
    -7.938000  9.525000  0.529000
    -7.938000  9.790000  0.529000
    -7.938000  10.054000  0.529000
    -7.938000  10.319000  0.529000
    -7.938000  10.584000  0.529000
    -7.673000 -10.584000  0.529000
    -7.673000 -10.319000  0.529000
    -7.673000 -10.054000  0.529000
    -7.673000 -9.790000  0.529000
    -7.673000 -9.525000  0.529000
    -7.673000 -9.261000  0.529000
    -7.673000 -8.996000  0.529000
    -7.673000 -8.731000  0.529000
    -7.673000 -8.467000  0.529000
    -7.673000 -8.202000  0.529000
    -7.673000 -7.938000  0.529000
    -7.673000 -7.673000  0.529000
    -7.673000 -7.408000  0.529000
    -7.673000 -7.144000  0.529000
    -7.673000 -6.879000  0.529000
    -7.673000 -6.615000  0.529000
    -7.673000 -6.350000  0.529000
    -7.673000 -6.086000  0.529000
    -7.673000 -5.821000  0.529000
    -7.673000 -5.556000  0.529000
    -7.673000 -5.292000  0.529000
    -7.673000 -5.027000  0.529000
    -7.673000 -4.763000  0.529000
    -7.673000 -4.498000  0.529000
    -7.673000 -4.233000  0.529000
    -7.673000 -3.969000  0.529000
    -7.673000 -3.704000  0.529000
    -7.673000 -3.440000  0.529000
    -7.673000 -3.175000  0.529000
    -7.673000 -2.910000  0.529000
    -7.673000 -2.646000  0.529000
    -7.673000 -2.381000  0.529000
    -7.673000 -2.117000  0.529000
    -7.673000 -1.852000  0.529000
    -7.673000 -1.588000  0.529000
    -7.673000 -1.323000  0.529000
    -7.673000 -1.058000  0.529000
    -7.673000 -0.794000  0.529000
    -7.673000 -0.529000  0.529000
    -7.673000 -0.265000  0.529000
    -7.673000  0.000000  0.529000
    -7.673000  0.265000  0.529000
    -7.673000  0.529000  0.529000
    -7.673000  0.794000  0.529000
    -7.673000  1.058000  0.529000
    -7.673000  1.323000  0.529000
    -7.673000  1.588000  0.529000
    -7.673000  1.852000  0.529000
    -7.673000  2.117000  0.529000
    -7.673000  2.381000  0.529000
    -7.673000  2.646000  0.529000
    -7.673000  2.910000  0.529000
    -7.673000  3.175000  0.529000
    -7.673000  3.440000  0.529000
    -7.673000  3.704000  0.529000
    -7.673000  3.969000  0.529000
    -7.673000  4.233000  0.529000
    -7.673000  4.498000  0.529000
    -7.673000  4.763000  0.529000
    -7.673000  5.027000  0.529000
    -7.673000  5.292000  0.529000
    -7.673000  5.556000  0.529000
    -7.673000  5.821000  0.529000
    -7.673000  6.086000  0.529000
    -7.673000  6.350000  0.529000
    -7.673000  6.615000  0.529000
    -7.673000  6.879000  0.529000
    -7.673000  7.144000  0.529000
    -7.673000  7.408000  0.529000
    -7.673000  7.673000  0.529000
    -7.673000  7.938000  0.529000
    -7.673000  8.202000  0.529000
    -7.673000  8.467000  0.529000
    -7.673000  8.731000  0.529000
    -7.673000  8.996000  0.529000
    -7.673000  9.261000  0.529000
    -7.673000  9.525000  0.529000
    -7.673000  9.790000  0.529000
    -7.673000  10.054000  0.529000
    -7.673000  10.319000  0.529000
    -7.673000  10.584000  0.529000
    -7.408000 -10.584000  0.529000
    -7.408000 -10.319000  0.529000
    -7.408000 -10.054000  0.529000
    -7.408000 -9.790000  0.529000
    -7.408000 -9.525000  0.529000
    -7.408000 -9.261000  0.529000
    -7.408000 -8.996000  0.529000
    -7.408000 -8.731000  0.529000
    -7.408000 -8.467000  0.529000
    -7.408000 -8.202000  0.529000
    -7.408000 -7.938000  0.529000
    -7.408000 -7.673000  0.529000
    -7.408000 -7.408000  0.529000
    -7.408000 -7.144000  0.529000
    -7.408000 -6.879000  0.529000
    -7.408000 -6.615000  0.529000
    -7.408000 -6.350000  0.529000
    -7.408000 -6.086000  0.529000
    -7.408000 -5.821000  0.529000
    -7.408000 -5.556000  0.529000
    -7.408000 -5.292000  0.529000
    -7.408000 -5.027000  0.529000
    -7.408000 -4.763000  0.529000
    -7.408000 -4.498000  0.529000
    -7.408000 -4.233000  0.529000
    -7.408000 -3.969000  0.529000
    -7.408000 -3.704000  0.529000
    -7.408000 -3.440000  0.529000
    -7.408000 -3.175000  0.529000
    -7.408000 -2.910000  0.529000
    -7.408000 -2.646000  0.529000
    -7.408000 -2.381000  0.529000
    -7.408000 -2.117000  0.529000
    -7.408000 -1.852000  0.529000
    -7.408000 -1.588000  0.529000
    -7.408000 -1.323000  0.529000
    -7.408000 -1.058000  0.529000
    -7.408000 -0.794000  0.529000
    -7.408000 -0.529000  0.529000
    -7.408000 -0.265000  0.529000
    -7.408000  0.000000  0.529000
    -7.408000  0.265000  0.529000
    -7.408000  0.529000  0.529000
    -7.408000  0.794000  0.529000
    -7.408000  1.058000  0.529000
    -7.408000  1.323000  0.529000
    -7.408000  1.588000  0.529000
    -7.408000  1.852000  0.529000
    -7.408000  2.117000  0.529000
    -7.408000  2.381000  0.529000
    -7.408000  2.646000  0.529000
    -7.408000  2.910000  0.529000
    -7.408000  3.175000  0.529000
    -7.408000  3.440000  0.529000
    -7.408000  3.704000  0.529000
    -7.408000  3.969000  0.529000
    -7.408000  4.233000  0.529000
    -7.408000  4.498000  0.529000
    -7.408000  4.763000  0.529000
    -7.408000  5.027000  0.529000
    -7.408000  5.292000  0.529000
    -7.408000  5.556000  0.529000
    -7.408000  5.821000  0.529000
    -7.408000  6.086000  0.529000
    -7.408000  6.350000  0.529000
    -7.408000  6.615000  0.529000
    -7.408000  6.879000  0.529000
    -7.408000  7.144000  0.529000
    -7.408000  7.408000  0.529000
    -7.408000  7.673000  0.529000
    -7.408000  7.938000  0.529000
    -7.408000  8.202000  0.529000
    -7.408000  8.467000  0.529000
    -7.408000  8.731000  0.529000
    -7.408000  8.996000  0.529000
    -7.408000  9.261000  0.529000
    -7.408000  9.525000  0.529000
    -7.408000  9.790000  0.529000
    -7.408000  10.054000  0.529000
    -7.408000  10.319000  0.529000
    -7.408000  10.584000  0.529000
    -7.144000 -10.584000  0.529000
    -7.144000 -10.319000  0.529000
    -7.144000 -10.054000  0.529000
    -7.144000 -9.790000  0.529000
    -7.144000 -9.525000  0.529000
    -7.144000 -9.261000  0.529000
    -7.144000 -8.996000  0.529000
    -7.144000 -8.731000  0.529000
    -7.144000 -8.467000  0.529000
    -7.144000 -8.202000  0.529000
    -7.144000 -7.938000  0.529000
    -7.144000 -7.673000  0.529000
    -7.144000 -7.408000  0.529000
    -7.144000 -7.144000  0.529000
    -7.144000 -6.879000  0.529000
    -7.144000 -6.615000  0.529000
    -7.144000 -6.350000  0.529000
    -7.144000 -6.086000  0.529000
    -7.144000 -5.821000  0.529000
    -7.144000 -5.556000  0.529000
    -7.144000 -5.292000  0.529000
    -7.144000 -5.027000  0.529000
    -7.144000 -4.763000  0.529000
    -7.144000 -4.498000  0.529000
    -7.144000 -4.233000  0.529000
    -7.144000 -3.969000  0.529000
    -7.144000 -3.704000  0.529000
    -7.144000 -3.440000  0.529000
    -7.144000 -3.175000  0.529000
    -7.144000 -2.910000  0.529000
    -7.144000 -2.646000  0.529000
    -7.144000 -2.381000  0.529000
    -7.144000 -2.117000  0.529000
    -7.144000 -1.852000  0.529000
    -7.144000 -1.588000  0.529000
    -7.144000 -1.323000  0.529000
    -7.144000 -1.058000  0.529000
    -7.144000 -0.794000  0.529000
    -7.144000 -0.529000  0.529000
    -7.144000 -0.265000  0.529000
    -7.144000  0.000000  0.529000
    -7.144000  0.265000  0.529000
    -7.144000  0.529000  0.529000
    -7.144000  0.794000  0.529000
    -7.144000  1.058000  0.529000
    -7.144000  1.323000  0.529000
    -7.144000  1.588000  0.529000
    -7.144000  1.852000  0.529000
    -7.144000  2.117000  0.529000
    -7.144000  2.381000  0.529000
    -7.144000  2.646000  0.529000
    -7.144000  2.910000  0.529000
    -7.144000  3.175000  0.529000
    -7.144000  3.440000  0.529000
    -7.144000  3.704000  0.529000
    -7.144000  3.969000  0.529000
    -7.144000  4.233000  0.529000
    -7.144000  4.498000  0.529000
    -7.144000  4.763000  0.529000
    -7.144000  5.027000  0.529000
    -7.144000  5.292000  0.529000
    -7.144000  5.556000  0.529000
    -7.144000  5.821000  0.529000
    -7.144000  6.086000  0.529000
    -7.144000  6.350000  0.529000
    -7.144000  6.615000  0.529000
    -7.144000  6.879000  0.529000
    -7.144000  7.144000  0.529000
    -7.144000  7.408000  0.529000
    -7.144000  7.673000  0.529000
    -7.144000  7.938000  0.529000
    -7.144000  8.202000  0.529000
    -7.144000  8.467000  0.529000
    -7.144000  8.731000  0.529000
    -7.144000  8.996000  0.529000
    -7.144000  9.261000  0.529000
    -7.144000  9.525000  0.529000
    -7.144000  9.790000  0.529000
    -7.144000  10.054000  0.529000
    -7.144000  10.319000  0.529000
    -7.144000  10.584000  0.529000
    -6.879000 -10.584000  0.529000
    -6.879000 -10.319000  0.529000
    -6.879000 -10.054000  0.529000
    -6.879000 -9.790000  0.529000
    -6.879000 -9.525000  0.529000
    -6.879000 -9.261000  0.529000
    -6.879000 -8.996000  0.529000
    -6.879000 -8.731000  0.529000
    -6.879000 -8.467000  0.529000
    -6.879000 -8.202000  0.529000
    -6.879000 -7.938000  0.529000
    -6.879000 -7.673000  0.529000
    -6.879000 -7.408000  0.529000
    -6.879000 -7.144000  0.529000
    -6.879000 -6.879000  0.529000
    -6.879000 -6.615000  0.529000
    -6.879000 -6.350000  0.529000
    -6.879000 -6.086000  0.529000
    -6.879000 -5.821000  0.529000
    -6.879000 -5.556000  0.529000
    -6.879000 -5.292000  0.529000
    -6.879000 -5.027000  0.529000
    -6.879000 -4.763000  0.529000
    -6.879000 -4.498000  0.529000
    -6.879000 -4.233000  0.529000
    -6.879000 -3.969000  0.529000
    -6.879000 -3.704000  0.529000
    -6.879000 -3.440000  0.529000
    -6.879000 -3.175000  0.529000
    -6.879000 -2.910000  0.529000
    -6.879000 -2.646000  0.529000
    -6.879000 -2.381000  0.529000
    -6.879000 -2.117000  0.529000
    -6.879000 -1.852000  0.529000
    -6.879000 -1.588000  0.529000
    -6.879000 -1.323000  0.529000
    -6.879000 -1.058000  0.529000
    -6.879000 -0.794000  0.529000
    -6.879000 -0.529000  0.529000
    -6.879000 -0.265000  0.529000
    -6.879000  0.000000  0.529000
    -6.879000  0.265000  0.529000
    -6.879000  0.529000  0.529000
    -6.879000  0.794000  0.529000
    -6.879000  1.058000  0.529000
    -6.879000  1.323000  0.529000
    -6.879000  1.588000  0.529000
    -6.879000  1.852000  0.529000
    -6.879000  2.117000  0.529000
    -6.879000  2.381000  0.529000
    -6.879000  2.646000  0.529000
    -6.879000  2.910000  0.529000
    -6.879000  3.175000  0.529000
    -6.879000  3.440000  0.529000
    -6.879000  3.704000  0.529000
    -6.879000  3.969000  0.529000
    -6.879000  4.233000  0.529000
    -6.879000  4.498000  0.529000
    -6.879000  4.763000  0.529000
    -6.879000  5.027000  0.529000
    -6.879000  5.292000  0.529000
    -6.879000  5.556000  0.529000
    -6.879000  5.821000  0.529000
    -6.879000  6.086000  0.529000
    -6.879000  6.350000  0.529000
    -6.879000  6.615000  0.529000
    -6.879000  6.879000  0.529000
    -6.879000  7.144000  0.529000
    -6.879000  7.408000  0.529000
    -6.879000  7.673000  0.529000
    -6.879000  7.938000  0.529000
    -6.879000  8.202000  0.529000
    -6.879000  8.467000  0.529000
    -6.879000  8.731000  0.529000
    -6.879000  8.996000  0.529000
    -6.879000  9.261000  0.529000
    -6.879000  9.525000  0.529000
    -6.879000  9.790000  0.529000
    -6.879000  10.054000  0.529000
    -6.879000  10.319000  0.529000
    -6.879000  10.584000  0.529000
    -6.615000 -10.584000  0.529000
    -6.615000 -10.319000  0.529000
    -6.615000 -10.054000  0.529000
    -6.615000 -9.790000  0.529000
    -6.615000 -9.525000  0.529000
    -6.615000 -9.261000  0.529000
    -6.615000 -8.996000  0.529000
    -6.615000 -8.731000  0.529000
    -6.615000 -8.467000  0.529000
    -6.615000 -8.202000  0.529000
    -6.615000 -7.938000  0.529000
    -6.615000 -7.673000  0.529000
    -6.615000 -7.408000  0.529000
    -6.615000 -7.144000  0.529000
    -6.615000 -6.879000  0.529000
    -6.615000 -6.615000  0.529000
    -6.615000 -6.350000  0.529000
    -6.615000 -6.086000  0.529000
    -6.615000 -5.821000  0.529000
    -6.615000 -5.556000  0.529000
    -6.615000 -5.292000  0.529000
    -6.615000 -5.027000  0.529000
    -6.615000 -4.763000  0.529000
    -6.615000 -4.498000  0.529000
    -6.615000 -4.233000  0.529000
    -6.615000 -3.969000  0.529000
    -6.615000 -3.704000  0.529000
    -6.615000 -3.440000  0.529000
    -6.615000 -3.175000  0.529000
    -6.615000 -2.910000  0.529000
    -6.615000 -2.646000  0.529000
    -6.615000 -2.381000  0.529000
    -6.615000 -2.117000  0.529000
    -6.615000 -1.852000  0.529000
    -6.615000 -1.588000  0.529000
    -6.615000 -1.323000  0.529000
    -6.615000 -1.058000  0.529000
    -6.615000 -0.794000  0.529000
    -6.615000 -0.529000  0.529000
    -6.615000 -0.265000  0.529000
    -6.615000  0.000000  0.529000
    -6.615000  0.265000  0.529000
    -6.615000  0.529000  0.529000
    -6.615000  0.794000  0.529000
    -6.615000  1.058000  0.529000
    -6.615000  1.323000  0.529000
    -6.615000  1.588000  0.529000
    -6.615000  1.852000  0.529000
    -6.615000  2.117000  0.529000
    -6.615000  2.381000  0.529000
    -6.615000  2.646000  0.529000
    -6.615000  2.910000  0.529000
    -6.615000  3.175000  0.529000
    -6.615000  3.440000  0.529000
    -6.615000  3.704000  0.529000
    -6.615000  3.969000  0.529000
    -6.615000  4.233000  0.529000
    -6.615000  4.498000  0.529000
    -6.615000  4.763000  0.529000
    -6.615000  5.027000  0.529000
    -6.615000  5.292000  0.529000
    -6.615000  5.556000  0.529000
    -6.615000  5.821000  0.529000
    -6.615000  6.086000  0.529000
    -6.615000  6.350000  0.529000
    -6.615000  6.615000  0.529000
    -6.615000  6.879000  0.529000
    -6.615000  7.144000  0.529000
    -6.615000  7.408000  0.529000
    -6.615000  7.673000  0.529000
    -6.615000  7.938000  0.529000
    -6.615000  8.202000  0.529000
    -6.615000  8.467000  0.529000
    -6.615000  8.731000  0.529000
    -6.615000  8.996000  0.529000
    -6.615000  9.261000  0.529000
    -6.615000  9.525000  0.529000
    -6.615000  9.790000  0.529000
    -6.615000  10.054000  0.529000
    -6.615000  10.319000  0.529000
    -6.615000  10.584000  0.529000
    -6.350000 -10.584000  0.529000
    -6.350000 -10.319000  0.529000
    -6.350000 -10.054000  0.529000
    -6.350000 -9.790000  0.529000
    -6.350000 -9.525000  0.529000
    -6.350000 -9.261000  0.529000
    -6.350000 -8.996000  0.529000
    -6.350000 -8.731000  0.529000
    -6.350000 -8.467000  0.529000
    -6.350000 -8.202000  0.529000
    -6.350000 -7.938000  0.529000
    -6.350000 -7.673000  0.529000
    -6.350000 -7.408000  0.529000
    -6.350000 -7.144000  0.529000
    -6.350000 -6.879000  0.529000
    -6.350000 -6.615000  0.529000
    -6.350000 -6.350000  0.529000
    -6.350000 -6.086000  0.529000
    -6.350000 -5.821000  0.529000
    -6.350000 -5.556000  0.529000
    -6.350000 -5.292000  0.529000
    -6.350000 -5.027000  0.529000
    -6.350000 -4.763000  0.529000
    -6.350000 -4.498000  0.529000
    -6.350000 -4.233000  0.529000
    -6.350000 -3.969000  0.529000
    -6.350000 -3.704000  0.529000
    -6.350000 -3.440000  0.529000
    -6.350000 -3.175000  0.529000
    -6.350000 -2.910000  0.529000
    -6.350000 -2.646000  0.529000
    -6.350000 -2.381000  0.529000
    -6.350000 -2.117000  0.529000
    -6.350000 -1.852000  0.529000
    -6.350000 -1.588000  0.529000
    -6.350000 -1.323000  0.529000
    -6.350000 -1.058000  0.529000
    -6.350000 -0.794000  0.529000
    -6.350000 -0.529000  0.529000
    -6.350000 -0.265000  0.529000
    -6.350000  0.000000  0.529000
    -6.350000  0.265000  0.529000
    -6.350000  0.529000  0.529000
    -6.350000  0.794000  0.529000
    -6.350000  1.058000  0.529000
    -6.350000  1.323000  0.529000
    -6.350000  1.588000  0.529000
    -6.350000  1.852000  0.529000
    -6.350000  2.117000  0.529000
    -6.350000  2.381000  0.529000
    -6.350000  2.646000  0.529000
    -6.350000  2.910000  0.529000
    -6.350000  3.175000  0.529000
    -6.350000  3.440000  0.529000
    -6.350000  3.704000  0.529000
    -6.350000  3.969000  0.529000
    -6.350000  4.233000  0.529000
    -6.350000  4.498000  0.529000
    -6.350000  4.763000  0.529000
    -6.350000  5.027000  0.529000
    -6.350000  5.292000  0.529000
    -6.350000  5.556000  0.529000
    -6.350000  5.821000  0.529000
    -6.350000  6.086000  0.529000
    -6.350000  6.350000  0.529000
    -6.350000  6.615000  0.529000
    -6.350000  6.879000  0.529000
    -6.350000  7.144000  0.529000
    -6.350000  7.408000  0.529000
    -6.350000  7.673000  0.529000
    -6.350000  7.938000  0.529000
    -6.350000  8.202000  0.529000
    -6.350000  8.467000  0.529000
    -6.350000  8.731000  0.529000
    -6.350000  8.996000  0.529000
    -6.350000  9.261000  0.529000
    -6.350000  9.525000  0.529000
    -6.350000  9.790000  0.529000
    -6.350000  10.054000  0.529000
    -6.350000  10.319000  0.529000
    -6.350000  10.584000  0.529000
    -6.086000 -10.584000  0.529000
    -6.086000 -10.319000  0.529000
    -6.086000 -10.054000  0.529000
    -6.086000 -9.790000  0.529000
    -6.086000 -9.525000  0.529000
    -6.086000 -9.261000  0.529000
    -6.086000 -8.996000  0.529000
    -6.086000 -8.731000  0.529000
    -6.086000 -8.467000  0.529000
    -6.086000 -8.202000  0.529000
    -6.086000 -7.938000  0.529000
    -6.086000 -7.673000  0.529000
    -6.086000 -7.408000  0.529000
    -6.086000 -7.144000  0.529000
    -6.086000 -6.879000  0.529000
    -6.086000 -6.615000  0.529000
    -6.086000 -6.350000  0.529000
    -6.086000 -6.086000  0.529000
    -6.086000 -5.821000  0.529000
    -6.086000 -5.556000  0.529000
    -6.086000 -5.292000  0.529000
    -6.086000 -5.027000  0.529000
    -6.086000 -4.763000  0.529000
    -6.086000 -4.498000  0.529000
    -6.086000 -4.233000  0.529000
    -6.086000 -3.969000  0.529000
    -6.086000 -3.704000  0.529000
    -6.086000 -3.440000  0.529000
    -6.086000 -3.175000  0.529000
    -6.086000 -2.910000  0.529000
    -6.086000 -2.646000  0.529000
    -6.086000 -2.381000  0.529000
    -6.086000 -2.117000  0.529000
    -6.086000 -1.852000  0.529000
    -6.086000 -1.588000  0.529000
    -6.086000 -1.323000  0.529000
    -6.086000 -1.058000  0.529000
    -6.086000 -0.794000  0.529000
    -6.086000 -0.529000  0.529000
    -6.086000 -0.265000  0.529000
    -6.086000  0.000000  0.529000
    -6.086000  0.265000  0.529000
    -6.086000  0.529000  0.529000
    -6.086000  0.794000  0.529000
    -6.086000  1.058000  0.529000
    -6.086000  1.323000  0.529000
    -6.086000  1.588000  0.529000
    -6.086000  1.852000  0.529000
    -6.086000  2.117000  0.529000
    -6.086000  2.381000  0.529000
    -6.086000  2.646000  0.529000
    -6.086000  2.910000  0.529000
    -6.086000  3.175000  0.529000
    -6.086000  3.440000  0.529000
    -6.086000  3.704000  0.529000
    -6.086000  3.969000  0.529000
    -6.086000  4.233000  0.529000
    -6.086000  4.498000  0.529000
    -6.086000  4.763000  0.529000
    -6.086000  5.027000  0.529000
    -6.086000  5.292000  0.529000
    -6.086000  5.556000  0.529000
    -6.086000  5.821000  0.529000
    -6.086000  6.086000  0.529000
    -6.086000  6.350000  0.529000
    -6.086000  6.615000  0.529000
    -6.086000  6.879000  0.529000
    -6.086000  7.144000  0.529000
    -6.086000  7.408000  0.529000
    -6.086000  7.673000  0.529000
    -6.086000  7.938000  0.529000
    -6.086000  8.202000  0.529000
    -6.086000  8.467000  0.529000
    -6.086000  8.731000  0.529000
    -6.086000  8.996000  0.529000
    -6.086000  9.261000  0.529000
    -6.086000  9.525000  0.529000
    -6.086000  9.790000  0.529000
    -6.086000  10.054000  0.529000
    -6.086000  10.319000  0.529000
    -6.086000  10.584000  0.529000
    -5.821000 -10.584000  0.529000
    -5.821000 -10.319000  0.529000
    -5.821000 -10.054000  0.529000
    -5.821000 -9.790000  0.529000
    -5.821000 -9.525000  0.529000
    -5.821000 -9.261000  0.529000
    -5.821000 -8.996000  0.529000
    -5.821000 -8.731000  0.529000
    -5.821000 -8.467000  0.529000
    -5.821000 -8.202000  0.529000
    -5.821000 -7.938000  0.529000
    -5.821000 -7.673000  0.529000
    -5.821000 -7.408000  0.529000
    -5.821000 -7.144000  0.529000
    -5.821000 -6.879000  0.529000
    -5.821000 -6.615000  0.529000
    -5.821000 -6.350000  0.529000
    -5.821000 -6.086000  0.529000
    -5.821000 -5.821000  0.529000
    -5.821000 -5.556000  0.529000
    -5.821000 -5.292000  0.529000
    -5.821000 -5.027000  0.529000
    -5.821000 -4.763000  0.529000
    -5.821000 -4.498000  0.529000
    -5.821000 -4.233000  0.529000
    -5.821000 -3.969000  0.529000
    -5.821000 -3.704000  0.529000
    -5.821000 -3.440000  0.529000
    -5.821000 -3.175000  0.529000
    -5.821000 -2.910000  0.529000
    -5.821000 -2.646000  0.529000
    -5.821000 -2.381000  0.529000
    -5.821000 -2.117000  0.529000
    -5.821000 -1.852000  0.529000
    -5.821000 -1.588000  0.529000
    -5.821000 -1.323000  0.529000
    -5.821000 -1.058000  0.529000
    -5.821000 -0.794000  0.529000
    -5.821000 -0.529000  0.529000
    -5.821000 -0.265000  0.529000
    -5.821000  0.000000  0.529000
    -5.821000  0.265000  0.529000
    -5.821000  0.529000  0.529000
    -5.821000  0.794000  0.529000
    -5.821000  1.058000  0.529000
    -5.821000  1.323000  0.529000
    -5.821000  1.588000  0.529000
    -5.821000  1.852000  0.529000
    -5.821000  2.117000  0.529000
    -5.821000  2.381000  0.529000
    -5.821000  2.646000  0.529000
    -5.821000  2.910000  0.529000
    -5.821000  3.175000  0.529000
    -5.821000  3.440000  0.529000
    -5.821000  3.704000  0.529000
    -5.821000  3.969000  0.529000
    -5.821000  4.233000  0.529000
    -5.821000  4.498000  0.529000
    -5.821000  4.763000  0.529000
    -5.821000  5.027000  0.529000
    -5.821000  5.292000  0.529000
    -5.821000  5.556000  0.529000
    -5.821000  5.821000  0.529000
    -5.821000  6.086000  0.529000
    -5.821000  6.350000  0.529000
    -5.821000  6.615000  0.529000
    -5.821000  6.879000  0.529000
    -5.821000  7.144000  0.529000
    -5.821000  7.408000  0.529000
    -5.821000  7.673000  0.529000
    -5.821000  7.938000  0.529000
    -5.821000  8.202000  0.529000
    -5.821000  8.467000  0.529000
    -5.821000  8.731000  0.529000
    -5.821000  8.996000  0.529000
    -5.821000  9.261000  0.529000
    -5.821000  9.525000  0.529000
    -5.821000  9.790000  0.529000
    -5.821000  10.054000  0.529000
    -5.821000  10.319000  0.529000
    -5.821000  10.584000  0.529000
    -5.556000 -10.584000  0.529000
    -5.556000 -10.319000  0.529000
    -5.556000 -10.054000  0.529000
    -5.556000 -9.790000  0.529000
    -5.556000 -9.525000  0.529000
    -5.556000 -9.261000  0.529000
    -5.556000 -8.996000  0.529000
    -5.556000 -8.731000  0.529000
    -5.556000 -8.467000  0.529000
    -5.556000 -8.202000  0.529000
    -5.556000 -7.938000  0.529000
    -5.556000 -7.673000  0.529000
    -5.556000 -7.408000  0.529000
    -5.556000 -7.144000  0.529000
    -5.556000 -6.879000  0.529000
    -5.556000 -6.615000  0.529000
    -5.556000 -6.350000  0.529000
    -5.556000 -6.086000  0.529000
    -5.556000 -5.821000  0.529000
    -5.556000 -5.556000  0.529000
    -5.556000 -5.292000  0.529000
    -5.556000 -5.027000  0.529000
    -5.556000 -4.763000  0.529000
    -5.556000 -4.498000  0.529000
    -5.556000 -4.233000  0.529000
    -5.556000 -3.969000  0.529000
    -5.556000 -3.704000  0.529000
    -5.556000 -3.440000  0.529000
    -5.556000 -3.175000  0.529000
    -5.556000 -2.910000  0.529000
    -5.556000 -2.646000  0.529000
    -5.556000 -2.381000  0.529000
    -5.556000 -2.117000  0.529000
    -5.556000 -1.852000  0.529000
    -5.556000 -1.588000  0.529000
    -5.556000 -1.323000  0.529000
    -5.556000 -1.058000  0.529000
    -5.556000 -0.794000  0.529000
    -5.556000 -0.529000  0.529000
    -5.556000 -0.265000  0.529000
    -5.556000  0.000000  0.529000
    -5.556000  0.265000  0.529000
    -5.556000  0.529000  0.529000
    -5.556000  0.794000  0.529000
    -5.556000  1.058000  0.529000
    -5.556000  1.323000  0.529000
    -5.556000  1.588000  0.529000
    -5.556000  1.852000  0.529000
    -5.556000  2.117000  0.529000
    -5.556000  2.381000  0.529000
    -5.556000  2.646000  0.529000
    -5.556000  2.910000  0.529000
    -5.556000  3.175000  0.529000
    -5.556000  3.440000  0.529000
    -5.556000  3.704000  0.529000
    -5.556000  3.969000  0.529000
    -5.556000  4.233000  0.529000
    -5.556000  4.498000  0.529000
    -5.556000  4.763000  0.529000
    -5.556000  5.027000  0.529000
    -5.556000  5.292000  0.529000
    -5.556000  5.556000  0.529000
    -5.556000  5.821000  0.529000
    -5.556000  6.086000  0.529000
    -5.556000  6.350000  0.529000
    -5.556000  6.615000  0.529000
    -5.556000  6.879000  0.529000
    -5.556000  7.144000  0.529000
    -5.556000  7.408000  0.529000
    -5.556000  7.673000  0.529000
    -5.556000  7.938000  0.529000
    -5.556000  8.202000  0.529000
    -5.556000  8.467000  0.529000
    -5.556000  8.731000  0.529000
    -5.556000  8.996000  0.529000
    -5.556000  9.261000  0.529000
    -5.556000  9.525000  0.529000
    -5.556000  9.790000  0.529000
    -5.556000  10.054000  0.529000
    -5.556000  10.319000  0.529000
    -5.556000  10.584000  0.529000
    -5.292000 -10.584000  0.529000
    -5.292000 -10.319000  0.529000
    -5.292000 -10.054000  0.529000
    -5.292000 -9.790000  0.529000
    -5.292000 -9.525000  0.529000
    -5.292000 -9.261000  0.529000
    -5.292000 -8.996000  0.529000
    -5.292000 -8.731000  0.529000
    -5.292000 -8.467000  0.529000
    -5.292000 -8.202000  0.529000
    -5.292000 -7.938000  0.529000
    -5.292000 -7.673000  0.529000
    -5.292000 -7.408000  0.529000
    -5.292000 -7.144000  0.529000
    -5.292000 -6.879000  0.529000
    -5.292000 -6.615000  0.529000
    -5.292000 -6.350000  0.529000
    -5.292000 -6.086000  0.529000
    -5.292000 -5.821000  0.529000
    -5.292000 -5.556000  0.529000
    -5.292000 -5.292000  0.529000
    -5.292000 -5.027000  0.529000
    -5.292000 -4.763000  0.529000
    -5.292000 -4.498000  0.529000
    -5.292000 -4.233000  0.529000
    -5.292000 -3.969000  0.529000
    -5.292000 -3.704000  0.529000
    -5.292000 -3.440000  0.529000
    -5.292000 -3.175000  0.529000
    -5.292000 -2.910000  0.529000
    -5.292000 -2.646000  0.529000
    -5.292000 -2.381000  0.529000
    -5.292000 -2.117000  0.529000
    -5.292000 -1.852000  0.529000
    -5.292000 -1.588000  0.529000
    -5.292000 -1.323000  0.529000
    -5.292000 -1.058000  0.529000
    -5.292000 -0.794000  0.529000
    -5.292000 -0.529000  0.529000
    -5.292000 -0.265000  0.529000
    -5.292000  0.000000  0.529000
    -5.292000  0.265000  0.529000
    -5.292000  0.529000  0.529000
    -5.292000  0.794000  0.529000
    -5.292000  1.058000  0.529000
    -5.292000  1.323000  0.529000
    -5.292000  1.588000  0.529000
    -5.292000  1.852000  0.529000
    -5.292000  2.117000  0.529000
    -5.292000  2.381000  0.529000
    -5.292000  2.646000  0.529000
    -5.292000  2.910000  0.529000
    -5.292000  3.175000  0.529000
    -5.292000  3.440000  0.529000
    -5.292000  3.704000  0.529000
    -5.292000  3.969000  0.529000
    -5.292000  4.233000  0.529000
    -5.292000  4.498000  0.529000
    -5.292000  4.763000  0.529000
    -5.292000  5.027000  0.529000
    -5.292000  5.292000  0.529000
    -5.292000  5.556000  0.529000
    -5.292000  5.821000  0.529000
    -5.292000  6.086000  0.529000
    -5.292000  6.350000  0.529000
    -5.292000  6.615000  0.529000
    -5.292000  6.879000  0.529000
    -5.292000  7.144000  0.529000
    -5.292000  7.408000  0.529000
    -5.292000  7.673000  0.529000
    -5.292000  7.938000  0.529000
    -5.292000  8.202000  0.529000
    -5.292000  8.467000  0.529000
    -5.292000  8.731000  0.529000
    -5.292000  8.996000  0.529000
    -5.292000  9.261000  0.529000
    -5.292000  9.525000  0.529000
    -5.292000  9.790000  0.529000
    -5.292000  10.054000  0.529000
    -5.292000  10.319000  0.529000
    -5.292000  10.584000  0.529000
    -5.027000 -10.584000  0.529000
    -5.027000 -10.319000  0.529000
    -5.027000 -10.054000  0.529000
    -5.027000 -9.790000  0.529000
    -5.027000 -9.525000  0.529000
    -5.027000 -9.261000  0.529000
    -5.027000 -8.996000  0.529000
    -5.027000 -8.731000  0.529000
    -5.027000 -8.467000  0.529000
    -5.027000 -8.202000  0.529000
    -5.027000 -7.938000  0.529000
    -5.027000 -7.673000  0.529000
    -5.027000 -7.408000  0.529000
    -5.027000 -7.144000  0.529000
    -5.027000 -6.879000  0.529000
    -5.027000 -6.615000  0.529000
    -5.027000 -6.350000  0.529000
    -5.027000 -6.086000  0.529000
    -5.027000 -5.821000  0.529000
    -5.027000 -5.556000  0.529000
    -5.027000 -5.292000  0.529000
    -5.027000 -5.027000  0.529000
    -5.027000 -4.763000  0.529000
    -5.027000 -4.498000  0.529000
    -5.027000 -4.233000  0.529000
    -5.027000 -3.969000  0.529000
    -5.027000 -3.704000  0.529000
    -5.027000 -3.440000  0.529000
    -5.027000 -3.175000  0.529000
    -5.027000 -2.910000  0.529000
    -5.027000 -2.646000  0.529000
    -5.027000 -2.381000  0.529000
    -5.027000 -2.117000  0.529000
    -5.027000 -1.852000  0.529000
    -5.027000 -1.588000  0.529000
    -5.027000 -1.323000  0.529000
    -5.027000 -1.058000  0.529000
    -5.027000 -0.794000  0.529000
    -5.027000 -0.529000  0.529000
    -5.027000 -0.265000  0.529000
    -5.027000  0.000000  0.529000
    -5.027000  0.265000  0.529000
    -5.027000  0.529000  0.529000
    -5.027000  0.794000  0.529000
    -5.027000  1.058000  0.529000
    -5.027000  1.323000  0.529000
    -5.027000  1.588000  0.529000
    -5.027000  1.852000  0.529000
    -5.027000  2.117000  0.529000
    -5.027000  2.381000  0.529000
    -5.027000  2.646000  0.529000
    -5.027000  2.910000  0.529000
    -5.027000  3.175000  0.529000
    -5.027000  3.440000  0.529000
    -5.027000  3.704000  0.529000
    -5.027000  3.969000  0.529000
    -5.027000  4.233000  0.529000
    -5.027000  4.498000  0.529000
    -5.027000  4.763000  0.529000
    -5.027000  5.027000  0.529000
    -5.027000  5.292000  0.529000
    -5.027000  5.556000  0.529000
    -5.027000  5.821000  0.529000
    -5.027000  6.086000  0.529000
    -5.027000  6.350000  0.529000
    -5.027000  6.615000  0.529000
    -5.027000  6.879000  0.529000
    -5.027000  7.144000  0.529000
    -5.027000  7.408000  0.529000
    -5.027000  7.673000  0.529000
    -5.027000  7.938000  0.529000
    -5.027000  8.202000  0.529000
    -5.027000  8.467000  0.529000
    -5.027000  8.731000  0.529000
    -5.027000  8.996000  0.529000
    -5.027000  9.261000  0.529000
    -5.027000  9.525000  0.529000
    -5.027000  9.790000  0.529000
    -5.027000  10.054000  0.529000
    -5.027000  10.319000  0.529000
    -5.027000  10.584000  0.529000
    -4.763000 -10.584000  0.529000
    -4.763000 -10.319000  0.529000
    -4.763000 -10.054000  0.529000
    -4.763000 -9.790000  0.529000
    -4.763000 -9.525000  0.529000
    -4.763000 -9.261000  0.529000
    -4.763000 -8.996000  0.529000
    -4.763000 -8.731000  0.529000
    -4.763000 -8.467000  0.529000
    -4.763000 -8.202000  0.529000
    -4.763000 -7.938000  0.529000
    -4.763000 -7.673000  0.529000
    -4.763000 -7.408000  0.529000
    -4.763000 -7.144000  0.529000
    -4.763000 -6.879000  0.529000
    -4.763000 -6.615000  0.529000
    -4.763000 -6.350000  0.529000
    -4.763000 -6.086000  0.529000
    -4.763000 -5.821000  0.529000
    -4.763000 -5.556000  0.529000
    -4.763000 -5.292000  0.529000
    -4.763000 -5.027000  0.529000
    -4.763000 -4.763000  0.529000
    -4.763000 -4.498000  0.529000
    -4.763000 -4.233000  0.529000
    -4.763000 -3.969000  0.529000
    -4.763000 -3.704000  0.529000
    -4.763000 -3.440000  0.529000
    -4.763000 -3.175000  0.529000
    -4.763000 -2.910000  0.529000
    -4.763000 -2.646000  0.529000
    -4.763000 -2.381000  0.529000
    -4.763000 -2.117000  0.529000
    -4.763000 -1.852000  0.529000
    -4.763000 -1.588000  0.529000
    -4.763000 -1.323000  0.529000
    -4.763000 -1.058000  0.529000
    -4.763000 -0.794000  0.529000
    -4.763000 -0.529000  0.529000
    -4.763000 -0.265000  0.529000
    -4.763000  0.000000  0.529000
    -4.763000  0.265000  0.529000
    -4.763000  0.529000  0.529000
    -4.763000  0.794000  0.529000
    -4.763000  1.058000  0.529000
    -4.763000  1.323000  0.529000
    -4.763000  1.588000  0.529000
    -4.763000  1.852000  0.529000
    -4.763000  2.117000  0.529000
    -4.763000  2.381000  0.529000
    -4.763000  2.646000  0.529000
    -4.763000  2.910000  0.529000
    -4.763000  3.175000  0.529000
    -4.763000  3.440000  0.529000
    -4.763000  3.704000  0.529000
    -4.763000  3.969000  0.529000
    -4.763000  4.233000  0.529000
    -4.763000  4.498000  0.529000
    -4.763000  4.763000  0.529000
    -4.763000  5.027000  0.529000
    -4.763000  5.292000  0.529000
    -4.763000  5.556000  0.529000
    -4.763000  5.821000  0.529000
    -4.763000  6.086000  0.529000
    -4.763000  6.350000  0.529000
    -4.763000  6.615000  0.529000
    -4.763000  6.879000  0.529000
    -4.763000  7.144000  0.529000
    -4.763000  7.408000  0.529000
    -4.763000  7.673000  0.529000
    -4.763000  7.938000  0.529000
    -4.763000  8.202000  0.529000
    -4.763000  8.467000  0.529000
    -4.763000  8.731000  0.529000
    -4.763000  8.996000  0.529000
    -4.763000  9.261000  0.529000
    -4.763000  9.525000  0.529000
    -4.763000  9.790000  0.529000
    -4.763000  10.054000  0.529000
    -4.763000  10.319000  0.529000
    -4.763000  10.584000  0.529000
    -4.498000 -10.584000  0.529000
    -4.498000 -10.319000  0.529000
    -4.498000 -10.054000  0.529000
    -4.498000 -9.790000  0.529000
    -4.498000 -9.525000  0.529000
    -4.498000 -9.261000  0.529000
    -4.498000 -8.996000  0.529000
    -4.498000 -8.731000  0.529000
    -4.498000 -8.467000  0.529000
    -4.498000 -8.202000  0.529000
    -4.498000 -7.938000  0.529000
    -4.498000 -7.673000  0.529000
    -4.498000 -7.408000  0.529000
    -4.498000 -7.144000  0.529000
    -4.498000 -6.879000  0.529000
    -4.498000 -6.615000  0.529000
    -4.498000 -6.350000  0.529000
    -4.498000 -6.086000  0.529000
    -4.498000 -5.821000  0.529000
    -4.498000 -5.556000  0.529000
    -4.498000 -5.292000  0.529000
    -4.498000 -5.027000  0.529000
    -4.498000 -4.763000  0.529000
    -4.498000 -4.498000  0.529000
    -4.498000 -4.233000  0.529000
    -4.498000 -3.969000  0.529000
    -4.498000 -3.704000  0.529000
    -4.498000 -3.440000  0.529000
    -4.498000 -3.175000  0.529000
    -4.498000 -2.910000  0.529000
    -4.498000 -2.646000  0.529000
    -4.498000 -2.381000  0.529000
    -4.498000 -2.117000  0.529000
    -4.498000 -1.852000  0.529000
    -4.498000 -1.588000  0.529000
    -4.498000 -1.323000  0.529000
    -4.498000 -1.058000  0.529000
    -4.498000 -0.794000  0.529000
    -4.498000 -0.529000  0.529000
    -4.498000 -0.265000  0.529000
    -4.498000  0.000000  0.529000
    -4.498000  0.265000  0.529000
    -4.498000  0.529000  0.529000
    -4.498000  0.794000  0.529000
    -4.498000  1.058000  0.529000
    -4.498000  1.323000  0.529000
    -4.498000  1.588000  0.529000
    -4.498000  1.852000  0.529000
    -4.498000  2.117000  0.529000
    -4.498000  2.381000  0.529000
    -4.498000  2.646000  0.529000
    -4.498000  2.910000  0.529000
    -4.498000  3.175000  0.529000
    -4.498000  3.440000  0.529000
    -4.498000  3.704000  0.529000
    -4.498000  3.969000  0.529000
    -4.498000  4.233000  0.529000
    -4.498000  4.498000  0.529000
    -4.498000  4.763000  0.529000
    -4.498000  5.027000  0.529000
    -4.498000  5.292000  0.529000
    -4.498000  5.556000  0.529000
    -4.498000  5.821000  0.529000
    -4.498000  6.086000  0.529000
    -4.498000  6.350000  0.529000
    -4.498000  6.615000  0.529000
    -4.498000  6.879000  0.529000
    -4.498000  7.144000  0.529000
    -4.498000  7.408000  0.529000
    -4.498000  7.673000  0.529000
    -4.498000  7.938000  0.529000
    -4.498000  8.202000  0.529000
    -4.498000  8.467000  0.529000
    -4.498000  8.731000  0.529000
    -4.498000  8.996000  0.529000
    -4.498000  9.261000  0.529000
    -4.498000  9.525000  0.529000
    -4.498000  9.790000  0.529000
    -4.498000  10.054000  0.529000
    -4.498000  10.319000  0.529000
    -4.498000  10.584000  0.529000
    -4.233000 -10.584000  0.529000
    -4.233000 -10.319000  0.529000
    -4.233000 -10.054000  0.529000
    -4.233000 -9.790000  0.529000
    -4.233000 -9.525000  0.529000
    -4.233000 -9.261000  0.529000
    -4.233000 -8.996000  0.529000
    -4.233000 -8.731000  0.529000
    -4.233000 -8.467000  0.529000
    -4.233000 -8.202000  0.529000
    -4.233000 -7.938000  0.529000
    -4.233000 -7.673000  0.529000
    -4.233000 -7.408000  0.529000
    -4.233000 -7.144000  0.529000
    -4.233000 -6.879000  0.529000
    -4.233000 -6.615000  0.529000
    -4.233000 -6.350000  0.529000
    -4.233000 -6.086000  0.529000
    -4.233000 -5.821000  0.529000
    -4.233000 -5.556000  0.529000
    -4.233000 -5.292000  0.529000
    -4.233000 -5.027000  0.529000
    -4.233000 -4.763000  0.529000
    -4.233000 -4.498000  0.529000
    -4.233000 -4.233000  0.529000
    -4.233000 -3.969000  0.529000
    -4.233000 -3.704000  0.529000
    -4.233000 -3.440000  0.529000
    -4.233000 -3.175000  0.529000
    -4.233000 -2.910000  0.529000
    -4.233000 -2.646000  0.529000
    -4.233000 -2.381000  0.529000
    -4.233000 -2.117000  0.529000
    -4.233000 -1.852000  0.529000
    -4.233000 -1.588000  0.529000
    -4.233000 -1.323000  0.529000
    -4.233000 -1.058000  0.529000
    -4.233000 -0.794000  0.529000
    -4.233000 -0.529000  0.529000
    -4.233000 -0.265000  0.529000
    -4.233000  0.000000  0.529000
    -4.233000  0.265000  0.529000
    -4.233000  0.529000  0.529000
    -4.233000  0.794000  0.529000
    -4.233000  1.058000  0.529000
    -4.233000  1.323000  0.529000
    -4.233000  1.588000  0.529000
    -4.233000  1.852000  0.529000
    -4.233000  2.117000  0.529000
    -4.233000  2.381000  0.529000
    -4.233000  2.646000  0.529000
    -4.233000  2.910000  0.529000
    -4.233000  3.175000  0.529000
    -4.233000  3.440000  0.529000
    -4.233000  3.704000  0.529000
    -4.233000  3.969000  0.529000
    -4.233000  4.233000  0.529000
    -4.233000  4.498000  0.529000
    -4.233000  4.763000  0.529000
    -4.233000  5.027000  0.529000
    -4.233000  5.292000  0.529000
    -4.233000  5.556000  0.529000
    -4.233000  5.821000  0.529000
    -4.233000  6.086000  0.529000
    -4.233000  6.350000  0.529000
    -4.233000  6.615000  0.529000
    -4.233000  6.879000  0.529000
    -4.233000  7.144000  0.529000
    -4.233000  7.408000  0.529000
    -4.233000  7.673000  0.529000
    -4.233000  7.938000  0.529000
    -4.233000  8.202000  0.529000
    -4.233000  8.467000  0.529000
    -4.233000  8.731000  0.529000
    -4.233000  8.996000  0.529000
    -4.233000  9.261000  0.529000
    -4.233000  9.525000  0.529000
    -4.233000  9.790000  0.529000
    -4.233000  10.054000  0.529000
    -4.233000  10.319000  0.529000
    -4.233000  10.584000  0.529000
    -3.969000 -10.584000  0.529000
    -3.969000 -10.319000  0.529000
    -3.969000 -10.054000  0.529000
    -3.969000 -9.790000  0.529000
    -3.969000 -9.525000  0.529000
    -3.969000 -9.261000  0.529000
    -3.969000 -8.996000  0.529000
    -3.969000 -8.731000  0.529000
    -3.969000 -8.467000  0.529000
    -3.969000 -8.202000  0.529000
    -3.969000 -7.938000  0.529000
    -3.969000 -7.673000  0.529000
    -3.969000 -7.408000  0.529000
    -3.969000 -7.144000  0.529000
    -3.969000 -6.879000  0.529000
    -3.969000 -6.615000  0.529000
    -3.969000 -6.350000  0.529000
    -3.969000 -6.086000  0.529000
    -3.969000 -5.821000  0.529000
    -3.969000 -5.556000  0.529000
    -3.969000 -5.292000  0.529000
    -3.969000 -5.027000  0.529000
    -3.969000 -4.763000  0.529000
    -3.969000 -4.498000  0.529000
    -3.969000 -4.233000  0.529000
    -3.969000 -3.969000  0.529000
    -3.969000 -3.704000  0.529000
    -3.969000 -3.440000  0.529000
    -3.969000 -3.175000  0.529000
    -3.969000 -2.910000  0.529000
    -3.969000 -2.646000  0.529000
    -3.969000 -2.381000  0.529000
    -3.969000 -2.117000  0.529000
    -3.969000 -1.852000  0.529000
    -3.969000 -1.588000  0.529000
    -3.969000 -1.323000  0.529000
    -3.969000 -1.058000  0.529000
    -3.969000 -0.794000  0.529000
    -3.969000 -0.529000  0.529000
    -3.969000 -0.265000  0.529000
    -3.969000  0.000000  0.529000
    -3.969000  0.265000  0.529000
    -3.969000  0.529000  0.529000
    -3.969000  0.794000  0.529000
    -3.969000  1.058000  0.529000
    -3.969000  1.323000  0.529000
    -3.969000  1.588000  0.529000
    -3.969000  1.852000  0.529000
    -3.969000  2.117000  0.529000
    -3.969000  2.381000  0.529000
    -3.969000  2.646000  0.529000
    -3.969000  2.910000  0.529000
    -3.969000  3.175000  0.529000
    -3.969000  3.440000  0.529000
    -3.969000  3.704000  0.529000
    -3.969000  3.969000  0.529000
    -3.969000  4.233000  0.529000
    -3.969000  4.498000  0.529000
    -3.969000  4.763000  0.529000
    -3.969000  5.027000  0.529000
    -3.969000  5.292000  0.529000
    -3.969000  5.556000  0.529000
    -3.969000  5.821000  0.529000
    -3.969000  6.086000  0.529000
    -3.969000  6.350000  0.529000
    -3.969000  6.615000  0.529000
    -3.969000  6.879000  0.529000
    -3.969000  7.144000  0.529000
    -3.969000  7.408000  0.529000
    -3.969000  7.673000  0.529000
    -3.969000  7.938000  0.529000
    -3.969000  8.202000  0.529000
    -3.969000  8.467000  0.529000
    -3.969000  8.731000  0.529000
    -3.969000  8.996000  0.529000
    -3.969000  9.261000  0.529000
    -3.969000  9.525000  0.529000
    -3.969000  9.790000  0.529000
    -3.969000  10.054000  0.529000
    -3.969000  10.319000  0.529000
    -3.969000  10.584000  0.529000
    -3.704000 -10.584000  0.529000
    -3.704000 -10.319000  0.529000
    -3.704000 -10.054000  0.529000
    -3.704000 -9.790000  0.529000
    -3.704000 -9.525000  0.529000
    -3.704000 -9.261000  0.529000
    -3.704000 -8.996000  0.529000
    -3.704000 -8.731000  0.529000
    -3.704000 -8.467000  0.529000
    -3.704000 -8.202000  0.529000
    -3.704000 -7.938000  0.529000
    -3.704000 -7.673000  0.529000
    -3.704000 -7.408000  0.529000
    -3.704000 -7.144000  0.529000
    -3.704000 -6.879000  0.529000
    -3.704000 -6.615000  0.529000
    -3.704000 -6.350000  0.529000
    -3.704000 -6.086000  0.529000
    -3.704000 -5.821000  0.529000
    -3.704000 -5.556000  0.529000
    -3.704000 -5.292000  0.529000
    -3.704000 -5.027000  0.529000
    -3.704000 -4.763000  0.529000
    -3.704000 -4.498000  0.529000
    -3.704000 -4.233000  0.529000
    -3.704000 -3.969000  0.529000
    -3.704000 -3.704000  0.529000
    -3.704000 -3.440000  0.529000
    -3.704000 -3.175000  0.529000
    -3.704000 -2.910000  0.529000
    -3.704000 -2.646000  0.529000
    -3.704000 -2.381000  0.529000
    -3.704000 -2.117000  0.529000
    -3.704000 -1.852000  0.529000
    -3.704000 -1.588000  0.529000
    -3.704000 -1.323000  0.529000
    -3.704000 -1.058000  0.529000
    -3.704000 -0.794000  0.529000
    -3.704000 -0.529000  0.529000
    -3.704000 -0.265000  0.529000
    -3.704000  0.000000  0.529000
    -3.704000  0.265000  0.529000
    -3.704000  0.529000  0.529000
    -3.704000  0.794000  0.529000
    -3.704000  1.058000  0.529000
    -3.704000  1.323000  0.529000
    -3.704000  1.588000  0.529000
    -3.704000  1.852000  0.529000
    -3.704000  2.117000  0.529000
    -3.704000  2.381000  0.529000
    -3.704000  2.646000  0.529000
    -3.704000  2.910000  0.529000
    -3.704000  3.175000  0.529000
    -3.704000  3.440000  0.529000
    -3.704000  3.704000  0.529000
    -3.704000  3.969000  0.529000
    -3.704000  4.233000  0.529000
    -3.704000  4.498000  0.529000
    -3.704000  4.763000  0.529000
    -3.704000  5.027000  0.529000
    -3.704000  5.292000  0.529000
    -3.704000  5.556000  0.529000
    -3.704000  5.821000  0.529000
    -3.704000  6.086000  0.529000
    -3.704000  6.350000  0.529000
    -3.704000  6.615000  0.529000
    -3.704000  6.879000  0.529000
    -3.704000  7.144000  0.529000
    -3.704000  7.408000  0.529000
    -3.704000  7.673000  0.529000
    -3.704000  7.938000  0.529000
    -3.704000  8.202000  0.529000
    -3.704000  8.467000  0.529000
    -3.704000  8.731000  0.529000
    -3.704000  8.996000  0.529000
    -3.704000  9.261000  0.529000
    -3.704000  9.525000  0.529000
    -3.704000  9.790000  0.529000
    -3.704000  10.054000  0.529000
    -3.704000  10.319000  0.529000
    -3.704000  10.584000  0.529000
    -3.440000 -10.584000  0.529000
    -3.440000 -10.319000  0.529000
    -3.440000 -10.054000  0.529000
    -3.440000 -9.790000  0.529000
    -3.440000 -9.525000  0.529000
    -3.440000 -9.261000  0.529000
    -3.440000 -8.996000  0.529000
    -3.440000 -8.731000  0.529000
    -3.440000 -8.467000  0.529000
    -3.440000 -8.202000  0.529000
    -3.440000 -7.938000  0.529000
    -3.440000 -7.673000  0.529000
    -3.440000 -7.408000  0.529000
    -3.440000 -7.144000  0.529000
    -3.440000 -6.879000  0.529000
    -3.440000 -6.615000  0.529000
    -3.440000 -6.350000  0.529000
    -3.440000 -6.086000  0.529000
    -3.440000 -5.821000  0.529000
    -3.440000 -5.556000  0.529000
    -3.440000 -5.292000  0.529000
    -3.440000 -5.027000  0.529000
    -3.440000 -4.763000  0.529000
    -3.440000 -4.498000  0.529000
    -3.440000 -4.233000  0.529000
    -3.440000 -3.969000  0.529000
    -3.440000 -3.704000  0.529000
    -3.440000 -3.440000  0.529000
    -3.440000 -3.175000  0.529000
    -3.440000 -2.910000  0.529000
    -3.440000 -2.646000  0.529000
    -3.440000 -2.381000  0.529000
    -3.440000 -2.117000  0.529000
    -3.440000 -1.852000  0.529000
    -3.440000 -1.588000  0.529000
    -3.440000 -1.323000  0.529000
    -3.440000 -1.058000  0.529000
    -3.440000 -0.794000  0.529000
    -3.440000 -0.529000  0.529000
    -3.440000 -0.265000  0.529000
    -3.440000  0.000000  0.529000
    -3.440000  0.265000  0.529000
    -3.440000  0.529000  0.529000
    -3.440000  0.794000  0.529000
    -3.440000  1.058000  0.529000
    -3.440000  1.323000  0.529000
    -3.440000  1.588000  0.529000
    -3.440000  1.852000  0.529000
    -3.440000  2.117000  0.529000
    -3.440000  2.381000  0.529000
    -3.440000  2.646000  0.529000
    -3.440000  2.910000  0.529000
    -3.440000  3.175000  0.529000
    -3.440000  3.440000  0.529000
    -3.440000  3.704000  0.529000
    -3.440000  3.969000  0.529000
    -3.440000  4.233000  0.529000
    -3.440000  4.498000  0.529000
    -3.440000  4.763000  0.529000
    -3.440000  5.027000  0.529000
    -3.440000  5.292000  0.529000
    -3.440000  5.556000  0.529000
    -3.440000  5.821000  0.529000
    -3.440000  6.086000  0.529000
    -3.440000  6.350000  0.529000
    -3.440000  6.615000  0.529000
    -3.440000  6.879000  0.529000
    -3.440000  7.144000  0.529000
    -3.440000  7.408000  0.529000
    -3.440000  7.673000  0.529000
    -3.440000  7.938000  0.529000
    -3.440000  8.202000  0.529000
    -3.440000  8.467000  0.529000
    -3.440000  8.731000  0.529000
    -3.440000  8.996000  0.529000
    -3.440000  9.261000  0.529000
    -3.440000  9.525000  0.529000
    -3.440000  9.790000  0.529000
    -3.440000  10.054000  0.529000
    -3.440000  10.319000  0.529000
    -3.440000  10.584000  0.529000
    -3.175000 -10.584000  0.529000
    -3.175000 -10.319000  0.529000
    -3.175000 -10.054000  0.529000
    -3.175000 -9.790000  0.529000
    -3.175000 -9.525000  0.529000
    -3.175000 -9.261000  0.529000
    -3.175000 -8.996000  0.529000
    -3.175000 -8.731000  0.529000
    -3.175000 -8.467000  0.529000
    -3.175000 -8.202000  0.529000
    -3.175000 -7.938000  0.529000
    -3.175000 -7.673000  0.529000
    -3.175000 -7.408000  0.529000
    -3.175000 -7.144000  0.529000
    -3.175000 -6.879000  0.529000
    -3.175000 -6.615000  0.529000
    -3.175000 -6.350000  0.529000
    -3.175000 -6.086000  0.529000
    -3.175000 -5.821000  0.529000
    -3.175000 -5.556000  0.529000
    -3.175000 -5.292000  0.529000
    -3.175000 -5.027000  0.529000
    -3.175000 -4.763000  0.529000
    -3.175000 -4.498000  0.529000
    -3.175000 -4.233000  0.529000
    -3.175000 -3.969000  0.529000
    -3.175000 -3.704000  0.529000
    -3.175000 -3.440000  0.529000
    -3.175000 -3.175000  0.529000
    -3.175000 -2.910000  0.529000
    -3.175000 -2.646000  0.529000
    -3.175000 -2.381000  0.529000
    -3.175000 -2.117000  0.529000
    -3.175000 -1.852000  0.529000
    -3.175000 -1.588000  0.529000
    -3.175000 -1.323000  0.529000
    -3.175000 -1.058000  0.529000
    -3.175000 -0.794000  0.529000
    -3.175000 -0.529000  0.529000
    -3.175000 -0.265000  0.529000
    -3.175000  0.000000  0.529000
    -3.175000  0.265000  0.529000
    -3.175000  0.529000  0.529000
    -3.175000  0.794000  0.529000
    -3.175000  1.058000  0.529000
    -3.175000  1.323000  0.529000
    -3.175000  1.588000  0.529000
    -3.175000  1.852000  0.529000
    -3.175000  2.117000  0.529000
    -3.175000  2.381000  0.529000
    -3.175000  2.646000  0.529000
    -3.175000  2.910000  0.529000
    -3.175000  3.175000  0.529000
    -3.175000  3.440000  0.529000
    -3.175000  3.704000  0.529000
    -3.175000  3.969000  0.529000
    -3.175000  4.233000  0.529000
    -3.175000  4.498000  0.529000
    -3.175000  4.763000  0.529000
    -3.175000  5.027000  0.529000
    -3.175000  5.292000  0.529000
    -3.175000  5.556000  0.529000
    -3.175000  5.821000  0.529000
    -3.175000  6.086000  0.529000
    -3.175000  6.350000  0.529000
    -3.175000  6.615000  0.529000
    -3.175000  6.879000  0.529000
    -3.175000  7.144000  0.529000
    -3.175000  7.408000  0.529000
    -3.175000  7.673000  0.529000
    -3.175000  7.938000  0.529000
    -3.175000  8.202000  0.529000
    -3.175000  8.467000  0.529000
    -3.175000  8.731000  0.529000
    -3.175000  8.996000  0.529000
    -3.175000  9.261000  0.529000
    -3.175000  9.525000  0.529000
    -3.175000  9.790000  0.529000
    -3.175000  10.054000  0.529000
    -3.175000  10.319000  0.529000
    -3.175000  10.584000  0.529000
    -2.910000 -10.584000  0.529000
    -2.910000 -10.319000  0.529000
    -2.910000 -10.054000  0.529000
    -2.910000 -9.790000  0.529000
    -2.910000 -9.525000  0.529000
    -2.910000 -9.261000  0.529000
    -2.910000 -8.996000  0.529000
    -2.910000 -8.731000  0.529000
    -2.910000 -8.467000  0.529000
    -2.910000 -8.202000  0.529000
    -2.910000 -7.938000  0.529000
    -2.910000 -7.673000  0.529000
    -2.910000 -7.408000  0.529000
    -2.910000 -7.144000  0.529000
    -2.910000 -6.879000  0.529000
    -2.910000 -6.615000  0.529000
    -2.910000 -6.350000  0.529000
    -2.910000 -6.086000  0.529000
    -2.910000 -5.821000  0.529000
    -2.910000 -5.556000  0.529000
    -2.910000 -5.292000  0.529000
    -2.910000 -5.027000  0.529000
    -2.910000 -4.763000  0.529000
    -2.910000 -4.498000  0.529000
    -2.910000 -4.233000  0.529000
    -2.910000 -3.969000  0.529000
    -2.910000 -3.704000  0.529000
    -2.910000 -3.440000  0.529000
    -2.910000 -3.175000  0.529000
    -2.910000 -2.910000  0.529000
    -2.910000 -2.646000  0.529000
    -2.910000 -2.381000  0.529000
    -2.910000 -2.117000  0.529000
    -2.910000 -1.852000  0.529000
    -2.910000 -1.588000  0.529000
    -2.910000 -1.323000  0.529000
    -2.910000 -1.058000  0.529000
    -2.910000 -0.794000  0.529000
    -2.910000 -0.529000  0.529000
    -2.910000 -0.265000  0.529000
    -2.910000  0.000000  0.529000
    -2.910000  0.265000  0.529000
    -2.910000  0.529000  0.529000
    -2.910000  0.794000  0.529000
    -2.910000  1.058000  0.529000
    -2.910000  1.323000  0.529000
    -2.910000  1.588000  0.529000
    -2.910000  1.852000  0.529000
    -2.910000  2.117000  0.529000
    -2.910000  2.381000  0.529000
    -2.910000  2.646000  0.529000
    -2.910000  2.910000  0.529000
    -2.910000  3.175000  0.529000
    -2.910000  3.440000  0.529000
    -2.910000  3.704000  0.529000
    -2.910000  3.969000  0.529000
    -2.910000  4.233000  0.529000
    -2.910000  4.498000  0.529000
    -2.910000  4.763000  0.529000
    -2.910000  5.027000  0.529000
    -2.910000  5.292000  0.529000
    -2.910000  5.556000  0.529000
    -2.910000  5.821000  0.529000
    -2.910000  6.086000  0.529000
    -2.910000  6.350000  0.529000
    -2.910000  6.615000  0.529000
    -2.910000  6.879000  0.529000
    -2.910000  7.144000  0.529000
    -2.910000  7.408000  0.529000
    -2.910000  7.673000  0.529000
    -2.910000  7.938000  0.529000
    -2.910000  8.202000  0.529000
    -2.910000  8.467000  0.529000
    -2.910000  8.731000  0.529000
    -2.910000  8.996000  0.529000
    -2.910000  9.261000  0.529000
    -2.910000  9.525000  0.529000
    -2.910000  9.790000  0.529000
    -2.910000  10.054000  0.529000
    -2.910000  10.319000  0.529000
    -2.910000  10.584000  0.529000
    -2.646000 -10.584000  0.529000
    -2.646000 -10.319000  0.529000
    -2.646000 -10.054000  0.529000
    -2.646000 -9.790000  0.529000
    -2.646000 -9.525000  0.529000
    -2.646000 -9.261000  0.529000
    -2.646000 -8.996000  0.529000
    -2.646000 -8.731000  0.529000
    -2.646000 -8.467000  0.529000
    -2.646000 -8.202000  0.529000
    -2.646000 -7.938000  0.529000
    -2.646000 -7.673000  0.529000
    -2.646000 -7.408000  0.529000
    -2.646000 -7.144000  0.529000
    -2.646000 -6.879000  0.529000
    -2.646000 -6.615000  0.529000
    -2.646000 -6.350000  0.529000
    -2.646000 -6.086000  0.529000
    -2.646000 -5.821000  0.529000
    -2.646000 -5.556000  0.529000
    -2.646000 -5.292000  0.529000
    -2.646000 -5.027000  0.529000
    -2.646000 -4.763000  0.529000
    -2.646000 -4.498000  0.529000
    -2.646000 -4.233000  0.529000
    -2.646000 -3.969000  0.529000
    -2.646000 -3.704000  0.529000
    -2.646000 -3.440000  0.529000
    -2.646000 -3.175000  0.529000
    -2.646000 -2.910000  0.529000
    -2.646000 -2.646000  0.529000
    -2.646000 -2.381000  0.529000
    -2.646000 -2.117000  0.529000
    -2.646000 -1.852000  0.529000
    -2.646000 -1.588000  0.529000
    -2.646000 -1.323000  0.529000
    -2.646000 -1.058000  0.529000
    -2.646000 -0.794000  0.529000
    -2.646000 -0.529000  0.529000
    -2.646000 -0.265000  0.529000
    -2.646000  0.000000  0.529000
    -2.646000  0.265000  0.529000
    -2.646000  0.529000  0.529000
    -2.646000  0.794000  0.529000
    -2.646000  1.058000  0.529000
    -2.646000  1.323000  0.529000
    -2.646000  1.588000  0.529000
    -2.646000  1.852000  0.529000
    -2.646000  2.117000  0.529000
    -2.646000  2.381000  0.529000
    -2.646000  2.646000  0.529000
    -2.646000  2.910000  0.529000
    -2.646000  3.175000  0.529000
    -2.646000  3.440000  0.529000
    -2.646000  3.704000  0.529000
    -2.646000  3.969000  0.529000
    -2.646000  4.233000  0.529000
    -2.646000  4.498000  0.529000
    -2.646000  4.763000  0.529000
    -2.646000  5.027000  0.529000
    -2.646000  5.292000  0.529000
    -2.646000  5.556000  0.529000
    -2.646000  5.821000  0.529000
    -2.646000  6.086000  0.529000
    -2.646000  6.350000  0.529000
    -2.646000  6.615000  0.529000
    -2.646000  6.879000  0.529000
    -2.646000  7.144000  0.529000
    -2.646000  7.408000  0.529000
    -2.646000  7.673000  0.529000
    -2.646000  7.938000  0.529000
    -2.646000  8.202000  0.529000
    -2.646000  8.467000  0.529000
    -2.646000  8.731000  0.529000
    -2.646000  8.996000  0.529000
    -2.646000  9.261000  0.529000
    -2.646000  9.525000  0.529000
    -2.646000  9.790000  0.529000
    -2.646000  10.054000  0.529000
    -2.646000  10.319000  0.529000
    -2.646000  10.584000  0.529000
    -2.381000 -10.584000  0.529000
    -2.381000 -10.319000  0.529000
    -2.381000 -10.054000  0.529000
    -2.381000 -9.790000  0.529000
    -2.381000 -9.525000  0.529000
    -2.381000 -9.261000  0.529000
    -2.381000 -8.996000  0.529000
    -2.381000 -8.731000  0.529000
    -2.381000 -8.467000  0.529000
    -2.381000 -8.202000  0.529000
    -2.381000 -7.938000  0.529000
    -2.381000 -7.673000  0.529000
    -2.381000 -7.408000  0.529000
    -2.381000 -7.144000  0.529000
    -2.381000 -6.879000  0.529000
    -2.381000 -6.615000  0.529000
    -2.381000 -6.350000  0.529000
    -2.381000 -6.086000  0.529000
    -2.381000 -5.821000  0.529000
    -2.381000 -5.556000  0.529000
    -2.381000 -5.292000  0.529000
    -2.381000 -5.027000  0.529000
    -2.381000 -4.763000  0.529000
    -2.381000 -4.498000  0.529000
    -2.381000 -4.233000  0.529000
    -2.381000 -3.969000  0.529000
    -2.381000 -3.704000  0.529000
    -2.381000 -3.440000  0.529000
    -2.381000 -3.175000  0.529000
    -2.381000 -2.910000  0.529000
    -2.381000 -2.646000  0.529000
    -2.381000 -2.381000  0.529000
    -2.381000 -2.117000  0.529000
    -2.381000 -1.852000  0.529000
    -2.381000 -1.588000  0.529000
    -2.381000 -1.323000  0.529000
    -2.381000 -1.058000  0.529000
    -2.381000 -0.794000  0.529000
    -2.381000 -0.529000  0.529000
    -2.381000 -0.265000  0.529000
    -2.381000  0.000000  0.529000
    -2.381000  0.265000  0.529000
    -2.381000  0.529000  0.529000
    -2.381000  0.794000  0.529000
    -2.381000  1.058000  0.529000
    -2.381000  1.323000  0.529000
    -2.381000  1.588000  0.529000
    -2.381000  1.852000  0.529000
    -2.381000  2.117000  0.529000
    -2.381000  2.381000  0.529000
    -2.381000  2.646000  0.529000
    -2.381000  2.910000  0.529000
    -2.381000  3.175000  0.529000
    -2.381000  3.440000  0.529000
    -2.381000  3.704000  0.529000
    -2.381000  3.969000  0.529000
    -2.381000  4.233000  0.529000
    -2.381000  4.498000  0.529000
    -2.381000  4.763000  0.529000
    -2.381000  5.027000  0.529000
    -2.381000  5.292000  0.529000
    -2.381000  5.556000  0.529000
    -2.381000  5.821000  0.529000
    -2.381000  6.086000  0.529000
    -2.381000  6.350000  0.529000
    -2.381000  6.615000  0.529000
    -2.381000  6.879000  0.529000
    -2.381000  7.144000  0.529000
    -2.381000  7.408000  0.529000
    -2.381000  7.673000  0.529000
    -2.381000  7.938000  0.529000
    -2.381000  8.202000  0.529000
    -2.381000  8.467000  0.529000
    -2.381000  8.731000  0.529000
    -2.381000  8.996000  0.529000
    -2.381000  9.261000  0.529000
    -2.381000  9.525000  0.529000
    -2.381000  9.790000  0.529000
    -2.381000  10.054000  0.529000
    -2.381000  10.319000  0.529000
    -2.381000  10.584000  0.529000
    -2.117000 -10.584000  0.529000
    -2.117000 -10.319000  0.529000
    -2.117000 -10.054000  0.529000
    -2.117000 -9.790000  0.529000
    -2.117000 -9.525000  0.529000
    -2.117000 -9.261000  0.529000
    -2.117000 -8.996000  0.529000
    -2.117000 -8.731000  0.529000
    -2.117000 -8.467000  0.529000
    -2.117000 -8.202000  0.529000
    -2.117000 -7.938000  0.529000
    -2.117000 -7.673000  0.529000
    -2.117000 -7.408000  0.529000
    -2.117000 -7.144000  0.529000
    -2.117000 -6.879000  0.529000
    -2.117000 -6.615000  0.529000
    -2.117000 -6.350000  0.529000
    -2.117000 -6.086000  0.529000
    -2.117000 -5.821000  0.529000
    -2.117000 -5.556000  0.529000
    -2.117000 -5.292000  0.529000
    -2.117000 -5.027000  0.529000
    -2.117000 -4.763000  0.529000
    -2.117000 -4.498000  0.529000
    -2.117000 -4.233000  0.529000
    -2.117000 -3.969000  0.529000
    -2.117000 -3.704000  0.529000
    -2.117000 -3.440000  0.529000
    -2.117000 -3.175000  0.529000
    -2.117000 -2.910000  0.529000
    -2.117000 -2.646000  0.529000
    -2.117000 -2.381000  0.529000
    -2.117000 -2.117000  0.529000
    -2.117000 -1.852000  0.529000
    -2.117000 -1.588000  0.529000
    -2.117000 -1.323000  0.529000
    -2.117000 -1.058000  0.529000
    -2.117000 -0.794000  0.529000
    -2.117000 -0.529000  0.529000
    -2.117000 -0.265000  0.529000
    -2.117000  0.000000  0.529000
    -2.117000  0.265000  0.529000
    -2.117000  0.529000  0.529000
    -2.117000  0.794000  0.529000
    -2.117000  1.058000  0.529000
    -2.117000  1.323000  0.529000
    -2.117000  1.588000  0.529000
    -2.117000  1.852000  0.529000
    -2.117000  2.117000  0.529000
    -2.117000  2.381000  0.529000
    -2.117000  2.646000  0.529000
    -2.117000  2.910000  0.529000
    -2.117000  3.175000  0.529000
    -2.117000  3.440000  0.529000
    -2.117000  3.704000  0.529000
    -2.117000  3.969000  0.529000
    -2.117000  4.233000  0.529000
    -2.117000  4.498000  0.529000
    -2.117000  4.763000  0.529000
    -2.117000  5.027000  0.529000
    -2.117000  5.292000  0.529000
    -2.117000  5.556000  0.529000
    -2.117000  5.821000  0.529000
    -2.117000  6.086000  0.529000
    -2.117000  6.350000  0.529000
    -2.117000  6.615000  0.529000
    -2.117000  6.879000  0.529000
    -2.117000  7.144000  0.529000
    -2.117000  7.408000  0.529000
    -2.117000  7.673000  0.529000
    -2.117000  7.938000  0.529000
    -2.117000  8.202000  0.529000
    -2.117000  8.467000  0.529000
    -2.117000  8.731000  0.529000
    -2.117000  8.996000  0.529000
    -2.117000  9.261000  0.529000
    -2.117000  9.525000  0.529000
    -2.117000  9.790000  0.529000
    -2.117000  10.054000  0.529000
    -2.117000  10.319000  0.529000
    -2.117000  10.584000  0.529000
    -1.852000 -10.584000  0.529000
    -1.852000 -10.319000  0.529000
    -1.852000 -10.054000  0.529000
    -1.852000 -9.790000  0.529000
    -1.852000 -9.525000  0.529000
    -1.852000 -9.261000  0.529000
    -1.852000 -8.996000  0.529000
    -1.852000 -8.731000  0.529000
    -1.852000 -8.467000  0.529000
    -1.852000 -8.202000  0.529000
    -1.852000 -7.938000  0.529000
    -1.852000 -7.673000  0.529000
    -1.852000 -7.408000  0.529000
    -1.852000 -7.144000  0.529000
    -1.852000 -6.879000  0.529000
    -1.852000 -6.615000  0.529000
    -1.852000 -6.350000  0.529000
    -1.852000 -6.086000  0.529000
    -1.852000 -5.821000  0.529000
    -1.852000 -5.556000  0.529000
    -1.852000 -5.292000  0.529000
    -1.852000 -5.027000  0.529000
    -1.852000 -4.763000  0.529000
    -1.852000 -4.498000  0.529000
    -1.852000 -4.233000  0.529000
    -1.852000 -3.969000  0.529000
    -1.852000 -3.704000  0.529000
    -1.852000 -3.440000  0.529000
    -1.852000 -3.175000  0.529000
    -1.852000 -2.910000  0.529000
    -1.852000 -2.646000  0.529000
    -1.852000 -2.381000  0.529000
    -1.852000 -2.117000  0.529000
    -1.852000 -1.852000  0.529000
    -1.852000 -1.588000  0.529000
    -1.852000 -1.323000  0.529000
    -1.852000 -1.058000  0.529000
    -1.852000 -0.794000  0.529000
    -1.852000 -0.529000  0.529000
    -1.852000 -0.265000  0.529000
    -1.852000  0.000000  0.529000
    -1.852000  0.265000  0.529000
    -1.852000  0.529000  0.529000
    -1.852000  0.794000  0.529000
    -1.852000  1.058000  0.529000
    -1.852000  1.323000  0.529000
    -1.852000  1.588000  0.529000
    -1.852000  1.852000  0.529000
    -1.852000  2.117000  0.529000
    -1.852000  2.381000  0.529000
    -1.852000  2.646000  0.529000
    -1.852000  2.910000  0.529000
    -1.852000  3.175000  0.529000
    -1.852000  3.440000  0.529000
    -1.852000  3.704000  0.529000
    -1.852000  3.969000  0.529000
    -1.852000  4.233000  0.529000
    -1.852000  4.498000  0.529000
    -1.852000  4.763000  0.529000
    -1.852000  5.027000  0.529000
    -1.852000  5.292000  0.529000
    -1.852000  5.556000  0.529000
    -1.852000  5.821000  0.529000
    -1.852000  6.086000  0.529000
    -1.852000  6.350000  0.529000
    -1.852000  6.615000  0.529000
    -1.852000  6.879000  0.529000
    -1.852000  7.144000  0.529000
    -1.852000  7.408000  0.529000
    -1.852000  7.673000  0.529000
    -1.852000  7.938000  0.529000
    -1.852000  8.202000  0.529000
    -1.852000  8.467000  0.529000
    -1.852000  8.731000  0.529000
    -1.852000  8.996000  0.529000
    -1.852000  9.261000  0.529000
    -1.852000  9.525000  0.529000
    -1.852000  9.790000  0.529000
    -1.852000  10.054000  0.529000
    -1.852000  10.319000  0.529000
    -1.852000  10.584000  0.529000
    -1.588000 -10.584000  0.529000
    -1.588000 -10.319000  0.529000
    -1.588000 -10.054000  0.529000
    -1.588000 -9.790000  0.529000
    -1.588000 -9.525000  0.529000
    -1.588000 -9.261000  0.529000
    -1.588000 -8.996000  0.529000
    -1.588000 -8.731000  0.529000
    -1.588000 -8.467000  0.529000
    -1.588000 -8.202000  0.529000
    -1.588000 -7.938000  0.529000
    -1.588000 -7.673000  0.529000
    -1.588000 -7.408000  0.529000
    -1.588000 -7.144000  0.529000
    -1.588000 -6.879000  0.529000
    -1.588000 -6.615000  0.529000
    -1.588000 -6.350000  0.529000
    -1.588000 -6.086000  0.529000
    -1.588000 -5.821000  0.529000
    -1.588000 -5.556000  0.529000
    -1.588000 -5.292000  0.529000
    -1.588000 -5.027000  0.529000
    -1.588000 -4.763000  0.529000
    -1.588000 -4.498000  0.529000
    -1.588000 -4.233000  0.529000
    -1.588000 -3.969000  0.529000
    -1.588000 -3.704000  0.529000
    -1.588000 -3.440000  0.529000
    -1.588000 -3.175000  0.529000
    -1.588000 -2.910000  0.529000
    -1.588000 -2.646000  0.529000
    -1.588000 -2.381000  0.529000
    -1.588000 -2.117000  0.529000
    -1.588000 -1.852000  0.529000
    -1.588000 -1.588000  0.529000
    -1.588000 -1.323000  0.529000
    -1.588000 -1.058000  0.529000
    -1.588000 -0.794000  0.529000
    -1.588000 -0.529000  0.529000
    -1.588000 -0.265000  0.529000
    -1.588000  0.000000  0.529000
    -1.588000  0.265000  0.529000
    -1.588000  0.529000  0.529000
    -1.588000  0.794000  0.529000
    -1.588000  1.058000  0.529000
    -1.588000  1.323000  0.529000
    -1.588000  1.588000  0.529000
    -1.588000  1.852000  0.529000
    -1.588000  2.117000  0.529000
    -1.588000  2.381000  0.529000
    -1.588000  2.646000  0.529000
    -1.588000  2.910000  0.529000
    -1.588000  3.175000  0.529000
    -1.588000  3.440000  0.529000
    -1.588000  3.704000  0.529000
    -1.588000  3.969000  0.529000
    -1.588000  4.233000  0.529000
    -1.588000  4.498000  0.529000
    -1.588000  4.763000  0.529000
    -1.588000  5.027000  0.529000
    -1.588000  5.292000  0.529000
    -1.588000  5.556000  0.529000
    -1.588000  5.821000  0.529000
    -1.588000  6.086000  0.529000
    -1.588000  6.350000  0.529000
    -1.588000  6.615000  0.529000
    -1.588000  6.879000  0.529000
    -1.588000  7.144000  0.529000
    -1.588000  7.408000  0.529000
    -1.588000  7.673000  0.529000
    -1.588000  7.938000  0.529000
    -1.588000  8.202000  0.529000
    -1.588000  8.467000  0.529000
    -1.588000  8.731000  0.529000
    -1.588000  8.996000  0.529000
    -1.588000  9.261000  0.529000
    -1.588000  9.525000  0.529000
    -1.588000  9.790000  0.529000
    -1.588000  10.054000  0.529000
    -1.588000  10.319000  0.529000
    -1.588000  10.584000  0.529000
    -1.323000 -10.584000  0.529000
    -1.323000 -10.319000  0.529000
    -1.323000 -10.054000  0.529000
    -1.323000 -9.790000  0.529000
    -1.323000 -9.525000  0.529000
    -1.323000 -9.261000  0.529000
    -1.323000 -8.996000  0.529000
    -1.323000 -8.731000  0.529000
    -1.323000 -8.467000  0.529000
    -1.323000 -8.202000  0.529000
    -1.323000 -7.938000  0.529000
    -1.323000 -7.673000  0.529000
    -1.323000 -7.408000  0.529000
    -1.323000 -7.144000  0.529000
    -1.323000 -6.879000  0.529000
    -1.323000 -6.615000  0.529000
    -1.323000 -6.350000  0.529000
    -1.323000 -6.086000  0.529000
    -1.323000 -5.821000  0.529000
    -1.323000 -5.556000  0.529000
    -1.323000 -5.292000  0.529000
    -1.323000 -5.027000  0.529000
    -1.323000 -4.763000  0.529000
    -1.323000 -4.498000  0.529000
    -1.323000 -4.233000  0.529000
    -1.323000 -3.969000  0.529000
    -1.323000 -3.704000  0.529000
    -1.323000 -3.440000  0.529000
    -1.323000 -3.175000  0.529000
    -1.323000 -2.910000  0.529000
    -1.323000 -2.646000  0.529000
    -1.323000 -2.381000  0.529000
    -1.323000 -2.117000  0.529000
    -1.323000 -1.852000  0.529000
    -1.323000 -1.588000  0.529000
    -1.323000 -1.323000  0.529000
    -1.323000 -1.058000  0.529000
    -1.323000 -0.794000  0.529000
    -1.323000 -0.529000  0.529000
    -1.323000 -0.265000  0.529000
    -1.323000  0.000000  0.529000
    -1.323000  0.265000  0.529000
    -1.323000  0.529000  0.529000
    -1.323000  0.794000  0.529000
    -1.323000  1.058000  0.529000
    -1.323000  1.323000  0.529000
    -1.323000  1.588000  0.529000
    -1.323000  1.852000  0.529000
    -1.323000  2.117000  0.529000
    -1.323000  2.381000  0.529000
    -1.323000  2.646000  0.529000
    -1.323000  2.910000  0.529000
    -1.323000  3.175000  0.529000
    -1.323000  3.440000  0.529000
    -1.323000  3.704000  0.529000
    -1.323000  3.969000  0.529000
    -1.323000  4.233000  0.529000
    -1.323000  4.498000  0.529000
    -1.323000  4.763000  0.529000
    -1.323000  5.027000  0.529000
    -1.323000  5.292000  0.529000
    -1.323000  5.556000  0.529000
    -1.323000  5.821000  0.529000
    -1.323000  6.086000  0.529000
    -1.323000  6.350000  0.529000
    -1.323000  6.615000  0.529000
    -1.323000  6.879000  0.529000
    -1.323000  7.144000  0.529000
    -1.323000  7.408000  0.529000
    -1.323000  7.673000  0.529000
    -1.323000  7.938000  0.529000
    -1.323000  8.202000  0.529000
    -1.323000  8.467000  0.529000
    -1.323000  8.731000  0.529000
    -1.323000  8.996000  0.529000
    -1.323000  9.261000  0.529000
    -1.323000  9.525000  0.529000
    -1.323000  9.790000  0.529000
    -1.323000  10.054000  0.529000
    -1.323000  10.319000  0.529000
    -1.323000  10.584000  0.529000
    -1.058000 -10.584000  0.529000
    -1.058000 -10.319000  0.529000
    -1.058000 -10.054000  0.529000
    -1.058000 -9.790000  0.529000
    -1.058000 -9.525000  0.529000
    -1.058000 -9.261000  0.529000
    -1.058000 -8.996000  0.529000
    -1.058000 -8.731000  0.529000
    -1.058000 -8.467000  0.529000
    -1.058000 -8.202000  0.529000
    -1.058000 -7.938000  0.529000
    -1.058000 -7.673000  0.529000
    -1.058000 -7.408000  0.529000
    -1.058000 -7.144000  0.529000
    -1.058000 -6.879000  0.529000
    -1.058000 -6.615000  0.529000
    -1.058000 -6.350000  0.529000
    -1.058000 -6.086000  0.529000
    -1.058000 -5.821000  0.529000
    -1.058000 -5.556000  0.529000
    -1.058000 -5.292000  0.529000
    -1.058000 -5.027000  0.529000
    -1.058000 -4.763000  0.529000
    -1.058000 -4.498000  0.529000
    -1.058000 -4.233000  0.529000
    -1.058000 -3.969000  0.529000
    -1.058000 -3.704000  0.529000
    -1.058000 -3.440000  0.529000
    -1.058000 -3.175000  0.529000
    -1.058000 -2.910000  0.529000
    -1.058000 -2.646000  0.529000
    -1.058000 -2.381000  0.529000
    -1.058000 -2.117000  0.529000
    -1.058000 -1.852000  0.529000
    -1.058000 -1.588000  0.529000
    -1.058000 -1.323000  0.529000
    -1.058000 -1.058000  0.529000
    -1.058000 -0.794000  0.529000
    -1.058000 -0.529000  0.529000
    -1.058000 -0.265000  0.529000
    -1.058000  0.000000  0.529000
    -1.058000  0.265000  0.529000
    -1.058000  0.529000  0.529000
    -1.058000  0.794000  0.529000
    -1.058000  1.058000  0.529000
    -1.058000  1.323000  0.529000
    -1.058000  1.588000  0.529000
    -1.058000  1.852000  0.529000
    -1.058000  2.117000  0.529000
    -1.058000  2.381000  0.529000
    -1.058000  2.646000  0.529000
    -1.058000  2.910000  0.529000
    -1.058000  3.175000  0.529000
    -1.058000  3.440000  0.529000
    -1.058000  3.704000  0.529000
    -1.058000  3.969000  0.529000
    -1.058000  4.233000  0.529000
    -1.058000  4.498000  0.529000
    -1.058000  4.763000  0.529000
    -1.058000  5.027000  0.529000
    -1.058000  5.292000  0.529000
    -1.058000  5.556000  0.529000
    -1.058000  5.821000  0.529000
    -1.058000  6.086000  0.529000
    -1.058000  6.350000  0.529000
    -1.058000  6.615000  0.529000
    -1.058000  6.879000  0.529000
    -1.058000  7.144000  0.529000
    -1.058000  7.408000  0.529000
    -1.058000  7.673000  0.529000
    -1.058000  7.938000  0.529000
    -1.058000  8.202000  0.529000
    -1.058000  8.467000  0.529000
    -1.058000  8.731000  0.529000
    -1.058000  8.996000  0.529000
    -1.058000  9.261000  0.529000
    -1.058000  9.525000  0.529000
    -1.058000  9.790000  0.529000
    -1.058000  10.054000  0.529000
    -1.058000  10.319000  0.529000
    -1.058000  10.584000  0.529000
    -0.794000 -10.584000  0.529000
    -0.794000 -10.319000  0.529000
    -0.794000 -10.054000  0.529000
    -0.794000 -9.790000  0.529000
    -0.794000 -9.525000  0.529000
    -0.794000 -9.261000  0.529000
    -0.794000 -8.996000  0.529000
    -0.794000 -8.731000  0.529000
    -0.794000 -8.467000  0.529000
    -0.794000 -8.202000  0.529000
    -0.794000 -7.938000  0.529000
    -0.794000 -7.673000  0.529000
    -0.794000 -7.408000  0.529000
    -0.794000 -7.144000  0.529000
    -0.794000 -6.879000  0.529000
    -0.794000 -6.615000  0.529000
    -0.794000 -6.350000  0.529000
    -0.794000 -6.086000  0.529000
    -0.794000 -5.821000  0.529000
    -0.794000 -5.556000  0.529000
    -0.794000 -5.292000  0.529000
    -0.794000 -5.027000  0.529000
    -0.794000 -4.763000  0.529000
    -0.794000 -4.498000  0.529000
    -0.794000 -4.233000  0.529000
    -0.794000 -3.969000  0.529000
    -0.794000 -3.704000  0.529000
    -0.794000 -3.440000  0.529000
    -0.794000 -3.175000  0.529000
    -0.794000 -2.910000  0.529000
    -0.794000 -2.646000  0.529000
    -0.794000 -2.381000  0.529000
    -0.794000 -2.117000  0.529000
    -0.794000 -1.852000  0.529000
    -0.794000 -1.588000  0.529000
    -0.794000 -1.323000  0.529000
    -0.794000 -1.058000  0.529000
    -0.794000 -0.794000  0.529000
    -0.794000 -0.529000  0.529000
    -0.794000 -0.265000  0.529000
    -0.794000  0.000000  0.529000
    -0.794000  0.265000  0.529000
    -0.794000  0.529000  0.529000
    -0.794000  0.794000  0.529000
    -0.794000  1.058000  0.529000
    -0.794000  1.323000  0.529000
    -0.794000  1.588000  0.529000
    -0.794000  1.852000  0.529000
    -0.794000  2.117000  0.529000
    -0.794000  2.381000  0.529000
    -0.794000  2.646000  0.529000
    -0.794000  2.910000  0.529000
    -0.794000  3.175000  0.529000
    -0.794000  3.440000  0.529000
    -0.794000  3.704000  0.529000
    -0.794000  3.969000  0.529000
    -0.794000  4.233000  0.529000
    -0.794000  4.498000  0.529000
    -0.794000  4.763000  0.529000
    -0.794000  5.027000  0.529000
    -0.794000  5.292000  0.529000
    -0.794000  5.556000  0.529000
    -0.794000  5.821000  0.529000
    -0.794000  6.086000  0.529000
    -0.794000  6.350000  0.529000
    -0.794000  6.615000  0.529000
    -0.794000  6.879000  0.529000
    -0.794000  7.144000  0.529000
    -0.794000  7.408000  0.529000
    -0.794000  7.673000  0.529000
    -0.794000  7.938000  0.529000
    -0.794000  8.202000  0.529000
    -0.794000  8.467000  0.529000
    -0.794000  8.731000  0.529000
    -0.794000  8.996000  0.529000
    -0.794000  9.261000  0.529000
    -0.794000  9.525000  0.529000
    -0.794000  9.790000  0.529000
    -0.794000  10.054000  0.529000
    -0.794000  10.319000  0.529000
    -0.794000  10.584000  0.529000
    -0.529000 -10.584000  0.529000
    -0.529000 -10.319000  0.529000
    -0.529000 -10.054000  0.529000
    -0.529000 -9.790000  0.529000
    -0.529000 -9.525000  0.529000
    -0.529000 -9.261000  0.529000
    -0.529000 -8.996000  0.529000
    -0.529000 -8.731000  0.529000
    -0.529000 -8.467000  0.529000
    -0.529000 -8.202000  0.529000
    -0.529000 -7.938000  0.529000
    -0.529000 -7.673000  0.529000
    -0.529000 -7.408000  0.529000
    -0.529000 -7.144000  0.529000
    -0.529000 -6.879000  0.529000
    -0.529000 -6.615000  0.529000
    -0.529000 -6.350000  0.529000
    -0.529000 -6.086000  0.529000
    -0.529000 -5.821000  0.529000
    -0.529000 -5.556000  0.529000
    -0.529000 -5.292000  0.529000
    -0.529000 -5.027000  0.529000
    -0.529000 -4.763000  0.529000
    -0.529000 -4.498000  0.529000
    -0.529000 -4.233000  0.529000
    -0.529000 -3.969000  0.529000
    -0.529000 -3.704000  0.529000
    -0.529000 -3.440000  0.529000
    -0.529000 -3.175000  0.529000
    -0.529000 -2.910000  0.529000
    -0.529000 -2.646000  0.529000
    -0.529000 -2.381000  0.529000
    -0.529000 -2.117000  0.529000
    -0.529000 -1.852000  0.529000
    -0.529000 -1.588000  0.529000
    -0.529000 -1.323000  0.529000
    -0.529000 -1.058000  0.529000
    -0.529000 -0.794000  0.529000
    -0.529000 -0.529000  0.529000
    -0.529000 -0.265000  0.529000
    -0.529000  0.000000  0.529000
    -0.529000  0.265000  0.529000
    -0.529000  0.529000  0.529000
    -0.529000  0.794000  0.529000
    -0.529000  1.058000  0.529000
    -0.529000  1.323000  0.529000
    -0.529000  1.588000  0.529000
    -0.529000  1.852000  0.529000
    -0.529000  2.117000  0.529000
    -0.529000  2.381000  0.529000
    -0.529000  2.646000  0.529000
    -0.529000  2.910000  0.529000
    -0.529000  3.175000  0.529000
    -0.529000  3.440000  0.529000
    -0.529000  3.704000  0.529000
    -0.529000  3.969000  0.529000
    -0.529000  4.233000  0.529000
    -0.529000  4.498000  0.529000
    -0.529000  4.763000  0.529000
    -0.529000  5.027000  0.529000
    -0.529000  5.292000  0.529000
    -0.529000  5.556000  0.529000
    -0.529000  5.821000  0.529000
    -0.529000  6.086000  0.529000
    -0.529000  6.350000  0.529000
    -0.529000  6.615000  0.529000
    -0.529000  6.879000  0.529000
    -0.529000  7.144000  0.529000
    -0.529000  7.408000  0.529000
    -0.529000  7.673000  0.529000
    -0.529000  7.938000  0.529000
    -0.529000  8.202000  0.529000
    -0.529000  8.467000  0.529000
    -0.529000  8.731000  0.529000
    -0.529000  8.996000  0.529000
    -0.529000  9.261000  0.529000
    -0.529000  9.525000  0.529000
    -0.529000  9.790000  0.529000
    -0.529000  10.054000  0.529000
    -0.529000  10.319000  0.529000
    -0.529000  10.584000  0.529000
    -0.265000 -10.584000  0.529000
    -0.265000 -10.319000  0.529000
    -0.265000 -10.054000  0.529000
    -0.265000 -9.790000  0.529000
    -0.265000 -9.525000  0.529000
    -0.265000 -9.261000  0.529000
    -0.265000 -8.996000  0.529000
    -0.265000 -8.731000  0.529000
    -0.265000 -8.467000  0.529000
    -0.265000 -8.202000  0.529000
    -0.265000 -7.938000  0.529000
    -0.265000 -7.673000  0.529000
    -0.265000 -7.408000  0.529000
    -0.265000 -7.144000  0.529000
    -0.265000 -6.879000  0.529000
    -0.265000 -6.615000  0.529000
    -0.265000 -6.350000  0.529000
    -0.265000 -6.086000  0.529000
    -0.265000 -5.821000  0.529000
    -0.265000 -5.556000  0.529000
    -0.265000 -5.292000  0.529000
    -0.265000 -5.027000  0.529000
    -0.265000 -4.763000  0.529000
    -0.265000 -4.498000  0.529000
    -0.265000 -4.233000  0.529000
    -0.265000 -3.969000  0.529000
    -0.265000 -3.704000  0.529000
    -0.265000 -3.440000  0.529000
    -0.265000 -3.175000  0.529000
    -0.265000 -2.910000  0.529000
    -0.265000 -2.646000  0.529000
    -0.265000 -2.381000  0.529000
    -0.265000 -2.117000  0.529000
    -0.265000 -1.852000  0.529000
    -0.265000 -1.588000  0.529000
    -0.265000 -1.323000  0.529000
    -0.265000 -1.058000  0.529000
    -0.265000 -0.794000  0.529000
    -0.265000 -0.529000  0.529000
    -0.265000 -0.265000  0.529000
    -0.265000  0.000000  0.529000
    -0.265000  0.265000  0.529000
    -0.265000  0.529000  0.529000
    -0.265000  0.794000  0.529000
    -0.265000  1.058000  0.529000
    -0.265000  1.323000  0.529000
    -0.265000  1.588000  0.529000
    -0.265000  1.852000  0.529000
    -0.265000  2.117000  0.529000
    -0.265000  2.381000  0.529000
    -0.265000  2.646000  0.529000
    -0.265000  2.910000  0.529000
    -0.265000  3.175000  0.529000
    -0.265000  3.440000  0.529000
    -0.265000  3.704000  0.529000
    -0.265000  3.969000  0.529000
    -0.265000  4.233000  0.529000
    -0.265000  4.498000  0.529000
    -0.265000  4.763000  0.529000
    -0.265000  5.027000  0.529000
    -0.265000  5.292000  0.529000
    -0.265000  5.556000  0.529000
    -0.265000  5.821000  0.529000
    -0.265000  6.086000  0.529000
    -0.265000  6.350000  0.529000
    -0.265000  6.615000  0.529000
    -0.265000  6.879000  0.529000
    -0.265000  7.144000  0.529000
    -0.265000  7.408000  0.529000
    -0.265000  7.673000  0.529000
    -0.265000  7.938000  0.529000
    -0.265000  8.202000  0.529000
    -0.265000  8.467000  0.529000
    -0.265000  8.731000  0.529000
    -0.265000  8.996000  0.529000
    -0.265000  9.261000  0.529000
    -0.265000  9.525000  0.529000
    -0.265000  9.790000  0.529000
    -0.265000  10.054000  0.529000
    -0.265000  10.319000  0.529000
    -0.265000  10.584000  0.529000
     0.000000 -10.584000  0.529000
     0.000000 -10.319000  0.529000
     0.000000 -10.054000  0.529000
     0.000000 -9.790000  0.529000
     0.000000 -9.525000  0.529000
     0.000000 -9.261000  0.529000
     0.000000 -8.996000  0.529000
     0.000000 -8.731000  0.529000
     0.000000 -8.467000  0.529000
     0.000000 -8.202000  0.529000
     0.000000 -7.938000  0.529000
     0.000000 -7.673000  0.529000
     0.000000 -7.408000  0.529000
     0.000000 -7.144000  0.529000
     0.000000 -6.879000  0.529000
     0.000000 -6.615000  0.529000
     0.000000 -6.350000  0.529000
     0.000000 -6.086000  0.529000
     0.000000 -5.821000  0.529000
     0.000000 -5.556000  0.529000
     0.000000 -5.292000  0.529000
     0.000000 -5.027000  0.529000
     0.000000 -4.763000  0.529000
     0.000000 -4.498000  0.529000
     0.000000 -4.233000  0.529000
     0.000000 -3.969000  0.529000
     0.000000 -3.704000  0.529000
     0.000000 -3.440000  0.529000
     0.000000 -3.175000  0.529000
     0.000000 -2.910000  0.529000
     0.000000 -2.646000  0.529000
     0.000000 -2.381000  0.529000
     0.000000 -2.117000  0.529000
     0.000000 -1.852000  0.529000
     0.000000 -1.588000  0.529000
     0.000000 -1.323000  0.529000
     0.000000 -1.058000  0.529000
     0.000000 -0.794000  0.529000
     0.000000 -0.529000  0.529000
     0.000000 -0.265000  0.529000
     0.000000  0.000000  0.529000
     0.000000  0.265000  0.529000
     0.000000  0.529000  0.529000
     0.000000  0.794000  0.529000
     0.000000  1.058000  0.529000
     0.000000  1.323000  0.529000
     0.000000  1.588000  0.529000
     0.000000  1.852000  0.529000
     0.000000  2.117000  0.529000
     0.000000  2.381000  0.529000
     0.000000  2.646000  0.529000
     0.000000  2.910000  0.529000
     0.000000  3.175000  0.529000
     0.000000  3.440000  0.529000
     0.000000  3.704000  0.529000
     0.000000  3.969000  0.529000
     0.000000  4.233000  0.529000
     0.000000  4.498000  0.529000
     0.000000  4.763000  0.529000
     0.000000  5.027000  0.529000
     0.000000  5.292000  0.529000
     0.000000  5.556000  0.529000
     0.000000  5.821000  0.529000
     0.000000  6.086000  0.529000
     0.000000  6.350000  0.529000
     0.000000  6.615000  0.529000
     0.000000  6.879000  0.529000
     0.000000  7.144000  0.529000
     0.000000  7.408000  0.529000
     0.000000  7.673000  0.529000
     0.000000  7.938000  0.529000
     0.000000  8.202000  0.529000
     0.000000  8.467000  0.529000
     0.000000  8.731000  0.529000
     0.000000  8.996000  0.529000
     0.000000  9.261000  0.529000
     0.000000  9.525000  0.529000
     0.000000  9.790000  0.529000
     0.000000  10.054000  0.529000
     0.000000  10.319000  0.529000
     0.000000  10.584000  0.529000
     0.265000 -10.584000  0.529000
     0.265000 -10.319000  0.529000
     0.265000 -10.054000  0.529000
     0.265000 -9.790000  0.529000
     0.265000 -9.525000  0.529000
     0.265000 -9.261000  0.529000
     0.265000 -8.996000  0.529000
     0.265000 -8.731000  0.529000
     0.265000 -8.467000  0.529000
     0.265000 -8.202000  0.529000
     0.265000 -7.938000  0.529000
     0.265000 -7.673000  0.529000
     0.265000 -7.408000  0.529000
     0.265000 -7.144000  0.529000
     0.265000 -6.879000  0.529000
     0.265000 -6.615000  0.529000
     0.265000 -6.350000  0.529000
     0.265000 -6.086000  0.529000
     0.265000 -5.821000  0.529000
     0.265000 -5.556000  0.529000
     0.265000 -5.292000  0.529000
     0.265000 -5.027000  0.529000
     0.265000 -4.763000  0.529000
     0.265000 -4.498000  0.529000
     0.265000 -4.233000  0.529000
     0.265000 -3.969000  0.529000
     0.265000 -3.704000  0.529000
     0.265000 -3.440000  0.529000
     0.265000 -3.175000  0.529000
     0.265000 -2.910000  0.529000
     0.265000 -2.646000  0.529000
     0.265000 -2.381000  0.529000
     0.265000 -2.117000  0.529000
     0.265000 -1.852000  0.529000
     0.265000 -1.588000  0.529000
     0.265000 -1.323000  0.529000
     0.265000 -1.058000  0.529000
     0.265000 -0.794000  0.529000
     0.265000 -0.529000  0.529000
     0.265000 -0.265000  0.529000
     0.265000  0.000000  0.529000
     0.265000  0.265000  0.529000
     0.265000  0.529000  0.529000
     0.265000  0.794000  0.529000
     0.265000  1.058000  0.529000
     0.265000  1.323000  0.529000
     0.265000  1.588000  0.529000
     0.265000  1.852000  0.529000
     0.265000  2.117000  0.529000
     0.265000  2.381000  0.529000
     0.265000  2.646000  0.529000
     0.265000  2.910000  0.529000
     0.265000  3.175000  0.529000
     0.265000  3.440000  0.529000
     0.265000  3.704000  0.529000
     0.265000  3.969000  0.529000
     0.265000  4.233000  0.529000
     0.265000  4.498000  0.529000
     0.265000  4.763000  0.529000
     0.265000  5.027000  0.529000
     0.265000  5.292000  0.529000
     0.265000  5.556000  0.529000
     0.265000  5.821000  0.529000
     0.265000  6.086000  0.529000
     0.265000  6.350000  0.529000
     0.265000  6.615000  0.529000
     0.265000  6.879000  0.529000
     0.265000  7.144000  0.529000
     0.265000  7.408000  0.529000
     0.265000  7.673000  0.529000
     0.265000  7.938000  0.529000
     0.265000  8.202000  0.529000
     0.265000  8.467000  0.529000
     0.265000  8.731000  0.529000
     0.265000  8.996000  0.529000
     0.265000  9.261000  0.529000
     0.265000  9.525000  0.529000
     0.265000  9.790000  0.529000
     0.265000  10.054000  0.529000
     0.265000  10.319000  0.529000
     0.265000  10.584000  0.529000
     0.529000 -10.584000  0.529000
     0.529000 -10.319000  0.529000
     0.529000 -10.054000  0.529000
     0.529000 -9.790000  0.529000
     0.529000 -9.525000  0.529000
     0.529000 -9.261000  0.529000
     0.529000 -8.996000  0.529000
     0.529000 -8.731000  0.529000
     0.529000 -8.467000  0.529000
     0.529000 -8.202000  0.529000
     0.529000 -7.938000  0.529000
     0.529000 -7.673000  0.529000
     0.529000 -7.408000  0.529000
     0.529000 -7.144000  0.529000
     0.529000 -6.879000  0.529000
     0.529000 -6.615000  0.529000
     0.529000 -6.350000  0.529000
     0.529000 -6.086000  0.529000
     0.529000 -5.821000  0.529000
     0.529000 -5.556000  0.529000
     0.529000 -5.292000  0.529000
     0.529000 -5.027000  0.529000
     0.529000 -4.763000  0.529000
     0.529000 -4.498000  0.529000
     0.529000 -4.233000  0.529000
     0.529000 -3.969000  0.529000
     0.529000 -3.704000  0.529000
     0.529000 -3.440000  0.529000
     0.529000 -3.175000  0.529000
     0.529000 -2.910000  0.529000
     0.529000 -2.646000  0.529000
     0.529000 -2.381000  0.529000
     0.529000 -2.117000  0.529000
     0.529000 -1.852000  0.529000
     0.529000 -1.588000  0.529000
     0.529000 -1.323000  0.529000
     0.529000 -1.058000  0.529000
     0.529000 -0.794000  0.529000
     0.529000 -0.529000  0.529000
     0.529000 -0.265000  0.529000
     0.529000  0.000000  0.529000
     0.529000  0.265000  0.529000
     0.529000  0.529000  0.529000
     0.529000  0.794000  0.529000
     0.529000  1.058000  0.529000
     0.529000  1.323000  0.529000
     0.529000  1.588000  0.529000
     0.529000  1.852000  0.529000
     0.529000  2.117000  0.529000
     0.529000  2.381000  0.529000
     0.529000  2.646000  0.529000
     0.529000  2.910000  0.529000
     0.529000  3.175000  0.529000
     0.529000  3.440000  0.529000
     0.529000  3.704000  0.529000
     0.529000  3.969000  0.529000
     0.529000  4.233000  0.529000
     0.529000  4.498000  0.529000
     0.529000  4.763000  0.529000
     0.529000  5.027000  0.529000
     0.529000  5.292000  0.529000
     0.529000  5.556000  0.529000
     0.529000  5.821000  0.529000
     0.529000  6.086000  0.529000
     0.529000  6.350000  0.529000
     0.529000  6.615000  0.529000
     0.529000  6.879000  0.529000
     0.529000  7.144000  0.529000
     0.529000  7.408000  0.529000
     0.529000  7.673000  0.529000
     0.529000  7.938000  0.529000
     0.529000  8.202000  0.529000
     0.529000  8.467000  0.529000
     0.529000  8.731000  0.529000
     0.529000  8.996000  0.529000
     0.529000  9.261000  0.529000
     0.529000  9.525000  0.529000
     0.529000  9.790000  0.529000
     0.529000  10.054000  0.529000
     0.529000  10.319000  0.529000
     0.529000  10.584000  0.529000
     0.794000 -10.584000  0.529000
     0.794000 -10.319000  0.529000
     0.794000 -10.054000  0.529000
     0.794000 -9.790000  0.529000
     0.794000 -9.525000  0.529000
     0.794000 -9.261000  0.529000
     0.794000 -8.996000  0.529000
     0.794000 -8.731000  0.529000
     0.794000 -8.467000  0.529000
     0.794000 -8.202000  0.529000
     0.794000 -7.938000  0.529000
     0.794000 -7.673000  0.529000
     0.794000 -7.408000  0.529000
     0.794000 -7.144000  0.529000
     0.794000 -6.879000  0.529000
     0.794000 -6.615000  0.529000
     0.794000 -6.350000  0.529000
     0.794000 -6.086000  0.529000
     0.794000 -5.821000  0.529000
     0.794000 -5.556000  0.529000
     0.794000 -5.292000  0.529000
     0.794000 -5.027000  0.529000
     0.794000 -4.763000  0.529000
     0.794000 -4.498000  0.529000
     0.794000 -4.233000  0.529000
     0.794000 -3.969000  0.529000
     0.794000 -3.704000  0.529000
     0.794000 -3.440000  0.529000
     0.794000 -3.175000  0.529000
     0.794000 -2.910000  0.529000
     0.794000 -2.646000  0.529000
     0.794000 -2.381000  0.529000
     0.794000 -2.117000  0.529000
     0.794000 -1.852000  0.529000
     0.794000 -1.588000  0.529000
     0.794000 -1.323000  0.529000
     0.794000 -1.058000  0.529000
     0.794000 -0.794000  0.529000
     0.794000 -0.529000  0.529000
     0.794000 -0.265000  0.529000
     0.794000  0.000000  0.529000
     0.794000  0.265000  0.529000
     0.794000  0.529000  0.529000
     0.794000  0.794000  0.529000
     0.794000  1.058000  0.529000
     0.794000  1.323000  0.529000
     0.794000  1.588000  0.529000
     0.794000  1.852000  0.529000
     0.794000  2.117000  0.529000
     0.794000  2.381000  0.529000
     0.794000  2.646000  0.529000
     0.794000  2.910000  0.529000
     0.794000  3.175000  0.529000
     0.794000  3.440000  0.529000
     0.794000  3.704000  0.529000
     0.794000  3.969000  0.529000
     0.794000  4.233000  0.529000
     0.794000  4.498000  0.529000
     0.794000  4.763000  0.529000
     0.794000  5.027000  0.529000
     0.794000  5.292000  0.529000
     0.794000  5.556000  0.529000
     0.794000  5.821000  0.529000
     0.794000  6.086000  0.529000
     0.794000  6.350000  0.529000
     0.794000  6.615000  0.529000
     0.794000  6.879000  0.529000
     0.794000  7.144000  0.529000
     0.794000  7.408000  0.529000
     0.794000  7.673000  0.529000
     0.794000  7.938000  0.529000
     0.794000  8.202000  0.529000
     0.794000  8.467000  0.529000
     0.794000  8.731000  0.529000
     0.794000  8.996000  0.529000
     0.794000  9.261000  0.529000
     0.794000  9.525000  0.529000
     0.794000  9.790000  0.529000
     0.794000  10.054000  0.529000
     0.794000  10.319000  0.529000
     0.794000  10.584000  0.529000
     1.058000 -10.584000  0.529000
     1.058000 -10.319000  0.529000
     1.058000 -10.054000  0.529000
     1.058000 -9.790000  0.529000
     1.058000 -9.525000  0.529000
     1.058000 -9.261000  0.529000
     1.058000 -8.996000  0.529000
     1.058000 -8.731000  0.529000
     1.058000 -8.467000  0.529000
     1.058000 -8.202000  0.529000
     1.058000 -7.938000  0.529000
     1.058000 -7.673000  0.529000
     1.058000 -7.408000  0.529000
     1.058000 -7.144000  0.529000
     1.058000 -6.879000  0.529000
     1.058000 -6.615000  0.529000
     1.058000 -6.350000  0.529000
     1.058000 -6.086000  0.529000
     1.058000 -5.821000  0.529000
     1.058000 -5.556000  0.529000
     1.058000 -5.292000  0.529000
     1.058000 -5.027000  0.529000
     1.058000 -4.763000  0.529000
     1.058000 -4.498000  0.529000
     1.058000 -4.233000  0.529000
     1.058000 -3.969000  0.529000
     1.058000 -3.704000  0.529000
     1.058000 -3.440000  0.529000
     1.058000 -3.175000  0.529000
     1.058000 -2.910000  0.529000
     1.058000 -2.646000  0.529000
     1.058000 -2.381000  0.529000
     1.058000 -2.117000  0.529000
     1.058000 -1.852000  0.529000
     1.058000 -1.588000  0.529000
     1.058000 -1.323000  0.529000
     1.058000 -1.058000  0.529000
     1.058000 -0.794000  0.529000
     1.058000 -0.529000  0.529000
     1.058000 -0.265000  0.529000
     1.058000  0.000000  0.529000
     1.058000  0.265000  0.529000
     1.058000  0.529000  0.529000
     1.058000  0.794000  0.529000
     1.058000  1.058000  0.529000
     1.058000  1.323000  0.529000
     1.058000  1.588000  0.529000
     1.058000  1.852000  0.529000
     1.058000  2.117000  0.529000
     1.058000  2.381000  0.529000
     1.058000  2.646000  0.529000
     1.058000  2.910000  0.529000
     1.058000  3.175000  0.529000
     1.058000  3.440000  0.529000
     1.058000  3.704000  0.529000
     1.058000  3.969000  0.529000
     1.058000  4.233000  0.529000
     1.058000  4.498000  0.529000
     1.058000  4.763000  0.529000
     1.058000  5.027000  0.529000
     1.058000  5.292000  0.529000
     1.058000  5.556000  0.529000
     1.058000  5.821000  0.529000
     1.058000  6.086000  0.529000
     1.058000  6.350000  0.529000
     1.058000  6.615000  0.529000
     1.058000  6.879000  0.529000
     1.058000  7.144000  0.529000
     1.058000  7.408000  0.529000
     1.058000  7.673000  0.529000
     1.058000  7.938000  0.529000
     1.058000  8.202000  0.529000
     1.058000  8.467000  0.529000
     1.058000  8.731000  0.529000
     1.058000  8.996000  0.529000
     1.058000  9.261000  0.529000
     1.058000  9.525000  0.529000
     1.058000  9.790000  0.529000
     1.058000  10.054000  0.529000
     1.058000  10.319000  0.529000
     1.058000  10.584000  0.529000
     1.323000 -10.584000  0.529000
     1.323000 -10.319000  0.529000
     1.323000 -10.054000  0.529000
     1.323000 -9.790000  0.529000
     1.323000 -9.525000  0.529000
     1.323000 -9.261000  0.529000
     1.323000 -8.996000  0.529000
     1.323000 -8.731000  0.529000
     1.323000 -8.467000  0.529000
     1.323000 -8.202000  0.529000
     1.323000 -7.938000  0.529000
     1.323000 -7.673000  0.529000
     1.323000 -7.408000  0.529000
     1.323000 -7.144000  0.529000
     1.323000 -6.879000  0.529000
     1.323000 -6.615000  0.529000
     1.323000 -6.350000  0.529000
     1.323000 -6.086000  0.529000
     1.323000 -5.821000  0.529000
     1.323000 -5.556000  0.529000
     1.323000 -5.292000  0.529000
     1.323000 -5.027000  0.529000
     1.323000 -4.763000  0.529000
     1.323000 -4.498000  0.529000
     1.323000 -4.233000  0.529000
     1.323000 -3.969000  0.529000
     1.323000 -3.704000  0.529000
     1.323000 -3.440000  0.529000
     1.323000 -3.175000  0.529000
     1.323000 -2.910000  0.529000
     1.323000 -2.646000  0.529000
     1.323000 -2.381000  0.529000
     1.323000 -2.117000  0.529000
     1.323000 -1.852000  0.529000
     1.323000 -1.588000  0.529000
     1.323000 -1.323000  0.529000
     1.323000 -1.058000  0.529000
     1.323000 -0.794000  0.529000
     1.323000 -0.529000  0.529000
     1.323000 -0.265000  0.529000
     1.323000  0.000000  0.529000
     1.323000  0.265000  0.529000
     1.323000  0.529000  0.529000
     1.323000  0.794000  0.529000
     1.323000  1.058000  0.529000
     1.323000  1.323000  0.529000
     1.323000  1.588000  0.529000
     1.323000  1.852000  0.529000
     1.323000  2.117000  0.529000
     1.323000  2.381000  0.529000
     1.323000  2.646000  0.529000
     1.323000  2.910000  0.529000
     1.323000  3.175000  0.529000
     1.323000  3.440000  0.529000
     1.323000  3.704000  0.529000
     1.323000  3.969000  0.529000
     1.323000  4.233000  0.529000
     1.323000  4.498000  0.529000
     1.323000  4.763000  0.529000
     1.323000  5.027000  0.529000
     1.323000  5.292000  0.529000
     1.323000  5.556000  0.529000
     1.323000  5.821000  0.529000
     1.323000  6.086000  0.529000
     1.323000  6.350000  0.529000
     1.323000  6.615000  0.529000
     1.323000  6.879000  0.529000
     1.323000  7.144000  0.529000
     1.323000  7.408000  0.529000
     1.323000  7.673000  0.529000
     1.323000  7.938000  0.529000
     1.323000  8.202000  0.529000
     1.323000  8.467000  0.529000
     1.323000  8.731000  0.529000
     1.323000  8.996000  0.529000
     1.323000  9.261000  0.529000
     1.323000  9.525000  0.529000
     1.323000  9.790000  0.529000
     1.323000  10.054000  0.529000
     1.323000  10.319000  0.529000
     1.323000  10.584000  0.529000
     1.588000 -10.584000  0.529000
     1.588000 -10.319000  0.529000
     1.588000 -10.054000  0.529000
     1.588000 -9.790000  0.529000
     1.588000 -9.525000  0.529000
     1.588000 -9.261000  0.529000
     1.588000 -8.996000  0.529000
     1.588000 -8.731000  0.529000
     1.588000 -8.467000  0.529000
     1.588000 -8.202000  0.529000
     1.588000 -7.938000  0.529000
     1.588000 -7.673000  0.529000
     1.588000 -7.408000  0.529000
     1.588000 -7.144000  0.529000
     1.588000 -6.879000  0.529000
     1.588000 -6.615000  0.529000
     1.588000 -6.350000  0.529000
     1.588000 -6.086000  0.529000
     1.588000 -5.821000  0.529000
     1.588000 -5.556000  0.529000
     1.588000 -5.292000  0.529000
     1.588000 -5.027000  0.529000
     1.588000 -4.763000  0.529000
     1.588000 -4.498000  0.529000
     1.588000 -4.233000  0.529000
     1.588000 -3.969000  0.529000
     1.588000 -3.704000  0.529000
     1.588000 -3.440000  0.529000
     1.588000 -3.175000  0.529000
     1.588000 -2.910000  0.529000
     1.588000 -2.646000  0.529000
     1.588000 -2.381000  0.529000
     1.588000 -2.117000  0.529000
     1.588000 -1.852000  0.529000
     1.588000 -1.588000  0.529000
     1.588000 -1.323000  0.529000
     1.588000 -1.058000  0.529000
     1.588000 -0.794000  0.529000
     1.588000 -0.529000  0.529000
     1.588000 -0.265000  0.529000
     1.588000  0.000000  0.529000
     1.588000  0.265000  0.529000
     1.588000  0.529000  0.529000
     1.588000  0.794000  0.529000
     1.588000  1.058000  0.529000
     1.588000  1.323000  0.529000
     1.588000  1.588000  0.529000
     1.588000  1.852000  0.529000
     1.588000  2.117000  0.529000
     1.588000  2.381000  0.529000
     1.588000  2.646000  0.529000
     1.588000  2.910000  0.529000
     1.588000  3.175000  0.529000
     1.588000  3.440000  0.529000
     1.588000  3.704000  0.529000
     1.588000  3.969000  0.529000
     1.588000  4.233000  0.529000
     1.588000  4.498000  0.529000
     1.588000  4.763000  0.529000
     1.588000  5.027000  0.529000
     1.588000  5.292000  0.529000
     1.588000  5.556000  0.529000
     1.588000  5.821000  0.529000
     1.588000  6.086000  0.529000
     1.588000  6.350000  0.529000
     1.588000  6.615000  0.529000
     1.588000  6.879000  0.529000
     1.588000  7.144000  0.529000
     1.588000  7.408000  0.529000
     1.588000  7.673000  0.529000
     1.588000  7.938000  0.529000
     1.588000  8.202000  0.529000
     1.588000  8.467000  0.529000
     1.588000  8.731000  0.529000
     1.588000  8.996000  0.529000
     1.588000  9.261000  0.529000
     1.588000  9.525000  0.529000
     1.588000  9.790000  0.529000
     1.588000  10.054000  0.529000
     1.588000  10.319000  0.529000
     1.588000  10.584000  0.529000
     1.852000 -10.584000  0.529000
     1.852000 -10.319000  0.529000
     1.852000 -10.054000  0.529000
     1.852000 -9.790000  0.529000
     1.852000 -9.525000  0.529000
     1.852000 -9.261000  0.529000
     1.852000 -8.996000  0.529000
     1.852000 -8.731000  0.529000
     1.852000 -8.467000  0.529000
     1.852000 -8.202000  0.529000
     1.852000 -7.938000  0.529000
     1.852000 -7.673000  0.529000
     1.852000 -7.408000  0.529000
     1.852000 -7.144000  0.529000
     1.852000 -6.879000  0.529000
     1.852000 -6.615000  0.529000
     1.852000 -6.350000  0.529000
     1.852000 -6.086000  0.529000
     1.852000 -5.821000  0.529000
     1.852000 -5.556000  0.529000
     1.852000 -5.292000  0.529000
     1.852000 -5.027000  0.529000
     1.852000 -4.763000  0.529000
     1.852000 -4.498000  0.529000
     1.852000 -4.233000  0.529000
     1.852000 -3.969000  0.529000
     1.852000 -3.704000  0.529000
     1.852000 -3.440000  0.529000
     1.852000 -3.175000  0.529000
     1.852000 -2.910000  0.529000
     1.852000 -2.646000  0.529000
     1.852000 -2.381000  0.529000
     1.852000 -2.117000  0.529000
     1.852000 -1.852000  0.529000
     1.852000 -1.588000  0.529000
     1.852000 -1.323000  0.529000
     1.852000 -1.058000  0.529000
     1.852000 -0.794000  0.529000
     1.852000 -0.529000  0.529000
     1.852000 -0.265000  0.529000
     1.852000  0.000000  0.529000
     1.852000  0.265000  0.529000
     1.852000  0.529000  0.529000
     1.852000  0.794000  0.529000
     1.852000  1.058000  0.529000
     1.852000  1.323000  0.529000
     1.852000  1.588000  0.529000
     1.852000  1.852000  0.529000
     1.852000  2.117000  0.529000
     1.852000  2.381000  0.529000
     1.852000  2.646000  0.529000
     1.852000  2.910000  0.529000
     1.852000  3.175000  0.529000
     1.852000  3.440000  0.529000
     1.852000  3.704000  0.529000
     1.852000  3.969000  0.529000
     1.852000  4.233000  0.529000
     1.852000  4.498000  0.529000
     1.852000  4.763000  0.529000
     1.852000  5.027000  0.529000
     1.852000  5.292000  0.529000
     1.852000  5.556000  0.529000
     1.852000  5.821000  0.529000
     1.852000  6.086000  0.529000
     1.852000  6.350000  0.529000
     1.852000  6.615000  0.529000
     1.852000  6.879000  0.529000
     1.852000  7.144000  0.529000
     1.852000  7.408000  0.529000
     1.852000  7.673000  0.529000
     1.852000  7.938000  0.529000
     1.852000  8.202000  0.529000
     1.852000  8.467000  0.529000
     1.852000  8.731000  0.529000
     1.852000  8.996000  0.529000
     1.852000  9.261000  0.529000
     1.852000  9.525000  0.529000
     1.852000  9.790000  0.529000
     1.852000  10.054000  0.529000
     1.852000  10.319000  0.529000
     1.852000  10.584000  0.529000
     2.117000 -10.584000  0.529000
     2.117000 -10.319000  0.529000
     2.117000 -10.054000  0.529000
     2.117000 -9.790000  0.529000
     2.117000 -9.525000  0.529000
     2.117000 -9.261000  0.529000
     2.117000 -8.996000  0.529000
     2.117000 -8.731000  0.529000
     2.117000 -8.467000  0.529000
     2.117000 -8.202000  0.529000
     2.117000 -7.938000  0.529000
     2.117000 -7.673000  0.529000
     2.117000 -7.408000  0.529000
     2.117000 -7.144000  0.529000
     2.117000 -6.879000  0.529000
     2.117000 -6.615000  0.529000
     2.117000 -6.350000  0.529000
     2.117000 -6.086000  0.529000
     2.117000 -5.821000  0.529000
     2.117000 -5.556000  0.529000
     2.117000 -5.292000  0.529000
     2.117000 -5.027000  0.529000
     2.117000 -4.763000  0.529000
     2.117000 -4.498000  0.529000
     2.117000 -4.233000  0.529000
     2.117000 -3.969000  0.529000
     2.117000 -3.704000  0.529000
     2.117000 -3.440000  0.529000
     2.117000 -3.175000  0.529000
     2.117000 -2.910000  0.529000
     2.117000 -2.646000  0.529000
     2.117000 -2.381000  0.529000
     2.117000 -2.117000  0.529000
     2.117000 -1.852000  0.529000
     2.117000 -1.588000  0.529000
     2.117000 -1.323000  0.529000
     2.117000 -1.058000  0.529000
     2.117000 -0.794000  0.529000
     2.117000 -0.529000  0.529000
     2.117000 -0.265000  0.529000
     2.117000  0.000000  0.529000
     2.117000  0.265000  0.529000
     2.117000  0.529000  0.529000
     2.117000  0.794000  0.529000
     2.117000  1.058000  0.529000
     2.117000  1.323000  0.529000
     2.117000  1.588000  0.529000
     2.117000  1.852000  0.529000
     2.117000  2.117000  0.529000
     2.117000  2.381000  0.529000
     2.117000  2.646000  0.529000
     2.117000  2.910000  0.529000
     2.117000  3.175000  0.529000
     2.117000  3.440000  0.529000
     2.117000  3.704000  0.529000
     2.117000  3.969000  0.529000
     2.117000  4.233000  0.529000
     2.117000  4.498000  0.529000
     2.117000  4.763000  0.529000
     2.117000  5.027000  0.529000
     2.117000  5.292000  0.529000
     2.117000  5.556000  0.529000
     2.117000  5.821000  0.529000
     2.117000  6.086000  0.529000
     2.117000  6.350000  0.529000
     2.117000  6.615000  0.529000
     2.117000  6.879000  0.529000
     2.117000  7.144000  0.529000
     2.117000  7.408000  0.529000
     2.117000  7.673000  0.529000
     2.117000  7.938000  0.529000
     2.117000  8.202000  0.529000
     2.117000  8.467000  0.529000
     2.117000  8.731000  0.529000
     2.117000  8.996000  0.529000
     2.117000  9.261000  0.529000
     2.117000  9.525000  0.529000
     2.117000  9.790000  0.529000
     2.117000  10.054000  0.529000
     2.117000  10.319000  0.529000
     2.117000  10.584000  0.529000
     2.381000 -10.584000  0.529000
     2.381000 -10.319000  0.529000
     2.381000 -10.054000  0.529000
     2.381000 -9.790000  0.529000
     2.381000 -9.525000  0.529000
     2.381000 -9.261000  0.529000
     2.381000 -8.996000  0.529000
     2.381000 -8.731000  0.529000
     2.381000 -8.467000  0.529000
     2.381000 -8.202000  0.529000
     2.381000 -7.938000  0.529000
     2.381000 -7.673000  0.529000
     2.381000 -7.408000  0.529000
     2.381000 -7.144000  0.529000
     2.381000 -6.879000  0.529000
     2.381000 -6.615000  0.529000
     2.381000 -6.350000  0.529000
     2.381000 -6.086000  0.529000
     2.381000 -5.821000  0.529000
     2.381000 -5.556000  0.529000
     2.381000 -5.292000  0.529000
     2.381000 -5.027000  0.529000
     2.381000 -4.763000  0.529000
     2.381000 -4.498000  0.529000
     2.381000 -4.233000  0.529000
     2.381000 -3.969000  0.529000
     2.381000 -3.704000  0.529000
     2.381000 -3.440000  0.529000
     2.381000 -3.175000  0.529000
     2.381000 -2.910000  0.529000
     2.381000 -2.646000  0.529000
     2.381000 -2.381000  0.529000
     2.381000 -2.117000  0.529000
     2.381000 -1.852000  0.529000
     2.381000 -1.588000  0.529000
     2.381000 -1.323000  0.529000
     2.381000 -1.058000  0.529000
     2.381000 -0.794000  0.529000
     2.381000 -0.529000  0.529000
     2.381000 -0.265000  0.529000
     2.381000  0.000000  0.529000
     2.381000  0.265000  0.529000
     2.381000  0.529000  0.529000
     2.381000  0.794000  0.529000
     2.381000  1.058000  0.529000
     2.381000  1.323000  0.529000
     2.381000  1.588000  0.529000
     2.381000  1.852000  0.529000
     2.381000  2.117000  0.529000
     2.381000  2.381000  0.529000
     2.381000  2.646000  0.529000
     2.381000  2.910000  0.529000
     2.381000  3.175000  0.529000
     2.381000  3.440000  0.529000
     2.381000  3.704000  0.529000
     2.381000  3.969000  0.529000
     2.381000  4.233000  0.529000
     2.381000  4.498000  0.529000
     2.381000  4.763000  0.529000
     2.381000  5.027000  0.529000
     2.381000  5.292000  0.529000
     2.381000  5.556000  0.529000
     2.381000  5.821000  0.529000
     2.381000  6.086000  0.529000
     2.381000  6.350000  0.529000
     2.381000  6.615000  0.529000
     2.381000  6.879000  0.529000
     2.381000  7.144000  0.529000
     2.381000  7.408000  0.529000
     2.381000  7.673000  0.529000
     2.381000  7.938000  0.529000
     2.381000  8.202000  0.529000
     2.381000  8.467000  0.529000
     2.381000  8.731000  0.529000
     2.381000  8.996000  0.529000
     2.381000  9.261000  0.529000
     2.381000  9.525000  0.529000
     2.381000  9.790000  0.529000
     2.381000  10.054000  0.529000
     2.381000  10.319000  0.529000
     2.381000  10.584000  0.529000
     2.646000 -10.584000  0.529000
     2.646000 -10.319000  0.529000
     2.646000 -10.054000  0.529000
     2.646000 -9.790000  0.529000
     2.646000 -9.525000  0.529000
     2.646000 -9.261000  0.529000
     2.646000 -8.996000  0.529000
     2.646000 -8.731000  0.529000
     2.646000 -8.467000  0.529000
     2.646000 -8.202000  0.529000
     2.646000 -7.938000  0.529000
     2.646000 -7.673000  0.529000
     2.646000 -7.408000  0.529000
     2.646000 -7.144000  0.529000
     2.646000 -6.879000  0.529000
     2.646000 -6.615000  0.529000
     2.646000 -6.350000  0.529000
     2.646000 -6.086000  0.529000
     2.646000 -5.821000  0.529000
     2.646000 -5.556000  0.529000
     2.646000 -5.292000  0.529000
     2.646000 -5.027000  0.529000
     2.646000 -4.763000  0.529000
     2.646000 -4.498000  0.529000
     2.646000 -4.233000  0.529000
     2.646000 -3.969000  0.529000
     2.646000 -3.704000  0.529000
     2.646000 -3.440000  0.529000
     2.646000 -3.175000  0.529000
     2.646000 -2.910000  0.529000
     2.646000 -2.646000  0.529000
     2.646000 -2.381000  0.529000
     2.646000 -2.117000  0.529000
     2.646000 -1.852000  0.529000
     2.646000 -1.588000  0.529000
     2.646000 -1.323000  0.529000
     2.646000 -1.058000  0.529000
     2.646000 -0.794000  0.529000
     2.646000 -0.529000  0.529000
     2.646000 -0.265000  0.529000
     2.646000  0.000000  0.529000
     2.646000  0.265000  0.529000
     2.646000  0.529000  0.529000
     2.646000  0.794000  0.529000
     2.646000  1.058000  0.529000
     2.646000  1.323000  0.529000
     2.646000  1.588000  0.529000
     2.646000  1.852000  0.529000
     2.646000  2.117000  0.529000
     2.646000  2.381000  0.529000
     2.646000  2.646000  0.529000
     2.646000  2.910000  0.529000
     2.646000  3.175000  0.529000
     2.646000  3.440000  0.529000
     2.646000  3.704000  0.529000
     2.646000  3.969000  0.529000
     2.646000  4.233000  0.529000
     2.646000  4.498000  0.529000
     2.646000  4.763000  0.529000
     2.646000  5.027000  0.529000
     2.646000  5.292000  0.529000
     2.646000  5.556000  0.529000
     2.646000  5.821000  0.529000
     2.646000  6.086000  0.529000
     2.646000  6.350000  0.529000
     2.646000  6.615000  0.529000
     2.646000  6.879000  0.529000
     2.646000  7.144000  0.529000
     2.646000  7.408000  0.529000
     2.646000  7.673000  0.529000
     2.646000  7.938000  0.529000
     2.646000  8.202000  0.529000
     2.646000  8.467000  0.529000
     2.646000  8.731000  0.529000
     2.646000  8.996000  0.529000
     2.646000  9.261000  0.529000
     2.646000  9.525000  0.529000
     2.646000  9.790000  0.529000
     2.646000  10.054000  0.529000
     2.646000  10.319000  0.529000
     2.646000  10.584000  0.529000
     2.910000 -10.584000  0.529000
     2.910000 -10.319000  0.529000
     2.910000 -10.054000  0.529000
     2.910000 -9.790000  0.529000
     2.910000 -9.525000  0.529000
     2.910000 -9.261000  0.529000
     2.910000 -8.996000  0.529000
     2.910000 -8.731000  0.529000
     2.910000 -8.467000  0.529000
     2.910000 -8.202000  0.529000
     2.910000 -7.938000  0.529000
     2.910000 -7.673000  0.529000
     2.910000 -7.408000  0.529000
     2.910000 -7.144000  0.529000
     2.910000 -6.879000  0.529000
     2.910000 -6.615000  0.529000
     2.910000 -6.350000  0.529000
     2.910000 -6.086000  0.529000
     2.910000 -5.821000  0.529000
     2.910000 -5.556000  0.529000
     2.910000 -5.292000  0.529000
     2.910000 -5.027000  0.529000
     2.910000 -4.763000  0.529000
     2.910000 -4.498000  0.529000
     2.910000 -4.233000  0.529000
     2.910000 -3.969000  0.529000
     2.910000 -3.704000  0.529000
     2.910000 -3.440000  0.529000
     2.910000 -3.175000  0.529000
     2.910000 -2.910000  0.529000
     2.910000 -2.646000  0.529000
     2.910000 -2.381000  0.529000
     2.910000 -2.117000  0.529000
     2.910000 -1.852000  0.529000
     2.910000 -1.588000  0.529000
     2.910000 -1.323000  0.529000
     2.910000 -1.058000  0.529000
     2.910000 -0.794000  0.529000
     2.910000 -0.529000  0.529000
     2.910000 -0.265000  0.529000
     2.910000  0.000000  0.529000
     2.910000  0.265000  0.529000
     2.910000  0.529000  0.529000
     2.910000  0.794000  0.529000
     2.910000  1.058000  0.529000
     2.910000  1.323000  0.529000
     2.910000  1.588000  0.529000
     2.910000  1.852000  0.529000
     2.910000  2.117000  0.529000
     2.910000  2.381000  0.529000
     2.910000  2.646000  0.529000
     2.910000  2.910000  0.529000
     2.910000  3.175000  0.529000
     2.910000  3.440000  0.529000
     2.910000  3.704000  0.529000
     2.910000  3.969000  0.529000
     2.910000  4.233000  0.529000
     2.910000  4.498000  0.529000
     2.910000  4.763000  0.529000
     2.910000  5.027000  0.529000
     2.910000  5.292000  0.529000
     2.910000  5.556000  0.529000
     2.910000  5.821000  0.529000
     2.910000  6.086000  0.529000
     2.910000  6.350000  0.529000
     2.910000  6.615000  0.529000
     2.910000  6.879000  0.529000
     2.910000  7.144000  0.529000
     2.910000  7.408000  0.529000
     2.910000  7.673000  0.529000
     2.910000  7.938000  0.529000
     2.910000  8.202000  0.529000
     2.910000  8.467000  0.529000
     2.910000  8.731000  0.529000
     2.910000  8.996000  0.529000
     2.910000  9.261000  0.529000
     2.910000  9.525000  0.529000
     2.910000  9.790000  0.529000
     2.910000  10.054000  0.529000
     2.910000  10.319000  0.529000
     2.910000  10.584000  0.529000
     3.175000 -10.584000  0.529000
     3.175000 -10.319000  0.529000
     3.175000 -10.054000  0.529000
     3.175000 -9.790000  0.529000
     3.175000 -9.525000  0.529000
     3.175000 -9.261000  0.529000
     3.175000 -8.996000  0.529000
     3.175000 -8.731000  0.529000
     3.175000 -8.467000  0.529000
     3.175000 -8.202000  0.529000
     3.175000 -7.938000  0.529000
     3.175000 -7.673000  0.529000
     3.175000 -7.408000  0.529000
     3.175000 -7.144000  0.529000
     3.175000 -6.879000  0.529000
     3.175000 -6.615000  0.529000
     3.175000 -6.350000  0.529000
     3.175000 -6.086000  0.529000
     3.175000 -5.821000  0.529000
     3.175000 -5.556000  0.529000
     3.175000 -5.292000  0.529000
     3.175000 -5.027000  0.529000
     3.175000 -4.763000  0.529000
     3.175000 -4.498000  0.529000
     3.175000 -4.233000  0.529000
     3.175000 -3.969000  0.529000
     3.175000 -3.704000  0.529000
     3.175000 -3.440000  0.529000
     3.175000 -3.175000  0.529000
     3.175000 -2.910000  0.529000
     3.175000 -2.646000  0.529000
     3.175000 -2.381000  0.529000
     3.175000 -2.117000  0.529000
     3.175000 -1.852000  0.529000
     3.175000 -1.588000  0.529000
     3.175000 -1.323000  0.529000
     3.175000 -1.058000  0.529000
     3.175000 -0.794000  0.529000
     3.175000 -0.529000  0.529000
     3.175000 -0.265000  0.529000
     3.175000  0.000000  0.529000
     3.175000  0.265000  0.529000
     3.175000  0.529000  0.529000
     3.175000  0.794000  0.529000
     3.175000  1.058000  0.529000
     3.175000  1.323000  0.529000
     3.175000  1.588000  0.529000
     3.175000  1.852000  0.529000
     3.175000  2.117000  0.529000
     3.175000  2.381000  0.529000
     3.175000  2.646000  0.529000
     3.175000  2.910000  0.529000
     3.175000  3.175000  0.529000
     3.175000  3.440000  0.529000
     3.175000  3.704000  0.529000
     3.175000  3.969000  0.529000
     3.175000  4.233000  0.529000
     3.175000  4.498000  0.529000
     3.175000  4.763000  0.529000
     3.175000  5.027000  0.529000
     3.175000  5.292000  0.529000
     3.175000  5.556000  0.529000
     3.175000  5.821000  0.529000
     3.175000  6.086000  0.529000
     3.175000  6.350000  0.529000
     3.175000  6.615000  0.529000
     3.175000  6.879000  0.529000
     3.175000  7.144000  0.529000
     3.175000  7.408000  0.529000
     3.175000  7.673000  0.529000
     3.175000  7.938000  0.529000
     3.175000  8.202000  0.529000
     3.175000  8.467000  0.529000
     3.175000  8.731000  0.529000
     3.175000  8.996000  0.529000
     3.175000  9.261000  0.529000
     3.175000  9.525000  0.529000
     3.175000  9.790000  0.529000
     3.175000  10.054000  0.529000
     3.175000  10.319000  0.529000
     3.175000  10.584000  0.529000
     3.440000 -10.584000  0.529000
     3.440000 -10.319000  0.529000
     3.440000 -10.054000  0.529000
     3.440000 -9.790000  0.529000
     3.440000 -9.525000  0.529000
     3.440000 -9.261000  0.529000
     3.440000 -8.996000  0.529000
     3.440000 -8.731000  0.529000
     3.440000 -8.467000  0.529000
     3.440000 -8.202000  0.529000
     3.440000 -7.938000  0.529000
     3.440000 -7.673000  0.529000
     3.440000 -7.408000  0.529000
     3.440000 -7.144000  0.529000
     3.440000 -6.879000  0.529000
     3.440000 -6.615000  0.529000
     3.440000 -6.350000  0.529000
     3.440000 -6.086000  0.529000
     3.440000 -5.821000  0.529000
     3.440000 -5.556000  0.529000
     3.440000 -5.292000  0.529000
     3.440000 -5.027000  0.529000
     3.440000 -4.763000  0.529000
     3.440000 -4.498000  0.529000
     3.440000 -4.233000  0.529000
     3.440000 -3.969000  0.529000
     3.440000 -3.704000  0.529000
     3.440000 -3.440000  0.529000
     3.440000 -3.175000  0.529000
     3.440000 -2.910000  0.529000
     3.440000 -2.646000  0.529000
     3.440000 -2.381000  0.529000
     3.440000 -2.117000  0.529000
     3.440000 -1.852000  0.529000
     3.440000 -1.588000  0.529000
     3.440000 -1.323000  0.529000
     3.440000 -1.058000  0.529000
     3.440000 -0.794000  0.529000
     3.440000 -0.529000  0.529000
     3.440000 -0.265000  0.529000
     3.440000  0.000000  0.529000
     3.440000  0.265000  0.529000
     3.440000  0.529000  0.529000
     3.440000  0.794000  0.529000
     3.440000  1.058000  0.529000
     3.440000  1.323000  0.529000
     3.440000  1.588000  0.529000
     3.440000  1.852000  0.529000
     3.440000  2.117000  0.529000
     3.440000  2.381000  0.529000
     3.440000  2.646000  0.529000
     3.440000  2.910000  0.529000
     3.440000  3.175000  0.529000
     3.440000  3.440000  0.529000
     3.440000  3.704000  0.529000
     3.440000  3.969000  0.529000
     3.440000  4.233000  0.529000
     3.440000  4.498000  0.529000
     3.440000  4.763000  0.529000
     3.440000  5.027000  0.529000
     3.440000  5.292000  0.529000
     3.440000  5.556000  0.529000
     3.440000  5.821000  0.529000
     3.440000  6.086000  0.529000
     3.440000  6.350000  0.529000
     3.440000  6.615000  0.529000
     3.440000  6.879000  0.529000
     3.440000  7.144000  0.529000
     3.440000  7.408000  0.529000
     3.440000  7.673000  0.529000
     3.440000  7.938000  0.529000
     3.440000  8.202000  0.529000
     3.440000  8.467000  0.529000
     3.440000  8.731000  0.529000
     3.440000  8.996000  0.529000
     3.440000  9.261000  0.529000
     3.440000  9.525000  0.529000
     3.440000  9.790000  0.529000
     3.440000  10.054000  0.529000
     3.440000  10.319000  0.529000
     3.440000  10.584000  0.529000
     3.704000 -10.584000  0.529000
     3.704000 -10.319000  0.529000
     3.704000 -10.054000  0.529000
     3.704000 -9.790000  0.529000
     3.704000 -9.525000  0.529000
     3.704000 -9.261000  0.529000
     3.704000 -8.996000  0.529000
     3.704000 -8.731000  0.529000
     3.704000 -8.467000  0.529000
     3.704000 -8.202000  0.529000
     3.704000 -7.938000  0.529000
     3.704000 -7.673000  0.529000
     3.704000 -7.408000  0.529000
     3.704000 -7.144000  0.529000
     3.704000 -6.879000  0.529000
     3.704000 -6.615000  0.529000
     3.704000 -6.350000  0.529000
     3.704000 -6.086000  0.529000
     3.704000 -5.821000  0.529000
     3.704000 -5.556000  0.529000
     3.704000 -5.292000  0.529000
     3.704000 -5.027000  0.529000
     3.704000 -4.763000  0.529000
     3.704000 -4.498000  0.529000
     3.704000 -4.233000  0.529000
     3.704000 -3.969000  0.529000
     3.704000 -3.704000  0.529000
     3.704000 -3.440000  0.529000
     3.704000 -3.175000  0.529000
     3.704000 -2.910000  0.529000
     3.704000 -2.646000  0.529000
     3.704000 -2.381000  0.529000
     3.704000 -2.117000  0.529000
     3.704000 -1.852000  0.529000
     3.704000 -1.588000  0.529000
     3.704000 -1.323000  0.529000
     3.704000 -1.058000  0.529000
     3.704000 -0.794000  0.529000
     3.704000 -0.529000  0.529000
     3.704000 -0.265000  0.529000
     3.704000  0.000000  0.529000
     3.704000  0.265000  0.529000
     3.704000  0.529000  0.529000
     3.704000  0.794000  0.529000
     3.704000  1.058000  0.529000
     3.704000  1.323000  0.529000
     3.704000  1.588000  0.529000
     3.704000  1.852000  0.529000
     3.704000  2.117000  0.529000
     3.704000  2.381000  0.529000
     3.704000  2.646000  0.529000
     3.704000  2.910000  0.529000
     3.704000  3.175000  0.529000
     3.704000  3.440000  0.529000
     3.704000  3.704000  0.529000
     3.704000  3.969000  0.529000
     3.704000  4.233000  0.529000
     3.704000  4.498000  0.529000
     3.704000  4.763000  0.529000
     3.704000  5.027000  0.529000
     3.704000  5.292000  0.529000
     3.704000  5.556000  0.529000
     3.704000  5.821000  0.529000
     3.704000  6.086000  0.529000
     3.704000  6.350000  0.529000
     3.704000  6.615000  0.529000
     3.704000  6.879000  0.529000
     3.704000  7.144000  0.529000
     3.704000  7.408000  0.529000
     3.704000  7.673000  0.529000
     3.704000  7.938000  0.529000
     3.704000  8.202000  0.529000
     3.704000  8.467000  0.529000
     3.704000  8.731000  0.529000
     3.704000  8.996000  0.529000
     3.704000  9.261000  0.529000
     3.704000  9.525000  0.529000
     3.704000  9.790000  0.529000
     3.704000  10.054000  0.529000
     3.704000  10.319000  0.529000
     3.704000  10.584000  0.529000
     3.969000 -10.584000  0.529000
     3.969000 -10.319000  0.529000
     3.969000 -10.054000  0.529000
     3.969000 -9.790000  0.529000
     3.969000 -9.525000  0.529000
     3.969000 -9.261000  0.529000
     3.969000 -8.996000  0.529000
     3.969000 -8.731000  0.529000
     3.969000 -8.467000  0.529000
     3.969000 -8.202000  0.529000
     3.969000 -7.938000  0.529000
     3.969000 -7.673000  0.529000
     3.969000 -7.408000  0.529000
     3.969000 -7.144000  0.529000
     3.969000 -6.879000  0.529000
     3.969000 -6.615000  0.529000
     3.969000 -6.350000  0.529000
     3.969000 -6.086000  0.529000
     3.969000 -5.821000  0.529000
     3.969000 -5.556000  0.529000
     3.969000 -5.292000  0.529000
     3.969000 -5.027000  0.529000
     3.969000 -4.763000  0.529000
     3.969000 -4.498000  0.529000
     3.969000 -4.233000  0.529000
     3.969000 -3.969000  0.529000
     3.969000 -3.704000  0.529000
     3.969000 -3.440000  0.529000
     3.969000 -3.175000  0.529000
     3.969000 -2.910000  0.529000
     3.969000 -2.646000  0.529000
     3.969000 -2.381000  0.529000
     3.969000 -2.117000  0.529000
     3.969000 -1.852000  0.529000
     3.969000 -1.588000  0.529000
     3.969000 -1.323000  0.529000
     3.969000 -1.058000  0.529000
     3.969000 -0.794000  0.529000
     3.969000 -0.529000  0.529000
     3.969000 -0.265000  0.529000
     3.969000  0.000000  0.529000
     3.969000  0.265000  0.529000
     3.969000  0.529000  0.529000
     3.969000  0.794000  0.529000
     3.969000  1.058000  0.529000
     3.969000  1.323000  0.529000
     3.969000  1.588000  0.529000
     3.969000  1.852000  0.529000
     3.969000  2.117000  0.529000
     3.969000  2.381000  0.529000
     3.969000  2.646000  0.529000
     3.969000  2.910000  0.529000
     3.969000  3.175000  0.529000
     3.969000  3.440000  0.529000
     3.969000  3.704000  0.529000
     3.969000  3.969000  0.529000
     3.969000  4.233000  0.529000
     3.969000  4.498000  0.529000
     3.969000  4.763000  0.529000
     3.969000  5.027000  0.529000
     3.969000  5.292000  0.529000
     3.969000  5.556000  0.529000
     3.969000  5.821000  0.529000
     3.969000  6.086000  0.529000
     3.969000  6.350000  0.529000
     3.969000  6.615000  0.529000
     3.969000  6.879000  0.529000
     3.969000  7.144000  0.529000
     3.969000  7.408000  0.529000
     3.969000  7.673000  0.529000
     3.969000  7.938000  0.529000
     3.969000  8.202000  0.529000
     3.969000  8.467000  0.529000
     3.969000  8.731000  0.529000
     3.969000  8.996000  0.529000
     3.969000  9.261000  0.529000
     3.969000  9.525000  0.529000
     3.969000  9.790000  0.529000
     3.969000  10.054000  0.529000
     3.969000  10.319000  0.529000
     3.969000  10.584000  0.529000
     4.233000 -10.584000  0.529000
     4.233000 -10.319000  0.529000
     4.233000 -10.054000  0.529000
     4.233000 -9.790000  0.529000
     4.233000 -9.525000  0.529000
     4.233000 -9.261000  0.529000
     4.233000 -8.996000  0.529000
     4.233000 -8.731000  0.529000
     4.233000 -8.467000  0.529000
     4.233000 -8.202000  0.529000
     4.233000 -7.938000  0.529000
     4.233000 -7.673000  0.529000
     4.233000 -7.408000  0.529000
     4.233000 -7.144000  0.529000
     4.233000 -6.879000  0.529000
     4.233000 -6.615000  0.529000
     4.233000 -6.350000  0.529000
     4.233000 -6.086000  0.529000
     4.233000 -5.821000  0.529000
     4.233000 -5.556000  0.529000
     4.233000 -5.292000  0.529000
     4.233000 -5.027000  0.529000
     4.233000 -4.763000  0.529000
     4.233000 -4.498000  0.529000
     4.233000 -4.233000  0.529000
     4.233000 -3.969000  0.529000
     4.233000 -3.704000  0.529000
     4.233000 -3.440000  0.529000
     4.233000 -3.175000  0.529000
     4.233000 -2.910000  0.529000
     4.233000 -2.646000  0.529000
     4.233000 -2.381000  0.529000
     4.233000 -2.117000  0.529000
     4.233000 -1.852000  0.529000
     4.233000 -1.588000  0.529000
     4.233000 -1.323000  0.529000
     4.233000 -1.058000  0.529000
     4.233000 -0.794000  0.529000
     4.233000 -0.529000  0.529000
     4.233000 -0.265000  0.529000
     4.233000  0.000000  0.529000
     4.233000  0.265000  0.529000
     4.233000  0.529000  0.529000
     4.233000  0.794000  0.529000
     4.233000  1.058000  0.529000
     4.233000  1.323000  0.529000
     4.233000  1.588000  0.529000
     4.233000  1.852000  0.529000
     4.233000  2.117000  0.529000
     4.233000  2.381000  0.529000
     4.233000  2.646000  0.529000
     4.233000  2.910000  0.529000
     4.233000  3.175000  0.529000
     4.233000  3.440000  0.529000
     4.233000  3.704000  0.529000
     4.233000  3.969000  0.529000
     4.233000  4.233000  0.529000
     4.233000  4.498000  0.529000
     4.233000  4.763000  0.529000
     4.233000  5.027000  0.529000
     4.233000  5.292000  0.529000
     4.233000  5.556000  0.529000
     4.233000  5.821000  0.529000
     4.233000  6.086000  0.529000
     4.233000  6.350000  0.529000
     4.233000  6.615000  0.529000
     4.233000  6.879000  0.529000
     4.233000  7.144000  0.529000
     4.233000  7.408000  0.529000
     4.233000  7.673000  0.529000
     4.233000  7.938000  0.529000
     4.233000  8.202000  0.529000
     4.233000  8.467000  0.529000
     4.233000  8.731000  0.529000
     4.233000  8.996000  0.529000
     4.233000  9.261000  0.529000
     4.233000  9.525000  0.529000
     4.233000  9.790000  0.529000
     4.233000  10.054000  0.529000
     4.233000  10.319000  0.529000
     4.233000  10.584000  0.529000
     4.498000 -10.584000  0.529000
     4.498000 -10.319000  0.529000
     4.498000 -10.054000  0.529000
     4.498000 -9.790000  0.529000
     4.498000 -9.525000  0.529000
     4.498000 -9.261000  0.529000
     4.498000 -8.996000  0.529000
     4.498000 -8.731000  0.529000
     4.498000 -8.467000  0.529000
     4.498000 -8.202000  0.529000
     4.498000 -7.938000  0.529000
     4.498000 -7.673000  0.529000
     4.498000 -7.408000  0.529000
     4.498000 -7.144000  0.529000
     4.498000 -6.879000  0.529000
     4.498000 -6.615000  0.529000
     4.498000 -6.350000  0.529000
     4.498000 -6.086000  0.529000
     4.498000 -5.821000  0.529000
     4.498000 -5.556000  0.529000
     4.498000 -5.292000  0.529000
     4.498000 -5.027000  0.529000
     4.498000 -4.763000  0.529000
     4.498000 -4.498000  0.529000
     4.498000 -4.233000  0.529000
     4.498000 -3.969000  0.529000
     4.498000 -3.704000  0.529000
     4.498000 -3.440000  0.529000
     4.498000 -3.175000  0.529000
     4.498000 -2.910000  0.529000
     4.498000 -2.646000  0.529000
     4.498000 -2.381000  0.529000
     4.498000 -2.117000  0.529000
     4.498000 -1.852000  0.529000
     4.498000 -1.588000  0.529000
     4.498000 -1.323000  0.529000
     4.498000 -1.058000  0.529000
     4.498000 -0.794000  0.529000
     4.498000 -0.529000  0.529000
     4.498000 -0.265000  0.529000
     4.498000  0.000000  0.529000
     4.498000  0.265000  0.529000
     4.498000  0.529000  0.529000
     4.498000  0.794000  0.529000
     4.498000  1.058000  0.529000
     4.498000  1.323000  0.529000
     4.498000  1.588000  0.529000
     4.498000  1.852000  0.529000
     4.498000  2.117000  0.529000
     4.498000  2.381000  0.529000
     4.498000  2.646000  0.529000
     4.498000  2.910000  0.529000
     4.498000  3.175000  0.529000
     4.498000  3.440000  0.529000
     4.498000  3.704000  0.529000
     4.498000  3.969000  0.529000
     4.498000  4.233000  0.529000
     4.498000  4.498000  0.529000
     4.498000  4.763000  0.529000
     4.498000  5.027000  0.529000
     4.498000  5.292000  0.529000
     4.498000  5.556000  0.529000
     4.498000  5.821000  0.529000
     4.498000  6.086000  0.529000
     4.498000  6.350000  0.529000
     4.498000  6.615000  0.529000
     4.498000  6.879000  0.529000
     4.498000  7.144000  0.529000
     4.498000  7.408000  0.529000
     4.498000  7.673000  0.529000
     4.498000  7.938000  0.529000
     4.498000  8.202000  0.529000
     4.498000  8.467000  0.529000
     4.498000  8.731000  0.529000
     4.498000  8.996000  0.529000
     4.498000  9.261000  0.529000
     4.498000  9.525000  0.529000
     4.498000  9.790000  0.529000
     4.498000  10.054000  0.529000
     4.498000  10.319000  0.529000
     4.498000  10.584000  0.529000
     4.763000 -10.584000  0.529000
     4.763000 -10.319000  0.529000
     4.763000 -10.054000  0.529000
     4.763000 -9.790000  0.529000
     4.763000 -9.525000  0.529000
     4.763000 -9.261000  0.529000
     4.763000 -8.996000  0.529000
     4.763000 -8.731000  0.529000
     4.763000 -8.467000  0.529000
     4.763000 -8.202000  0.529000
     4.763000 -7.938000  0.529000
     4.763000 -7.673000  0.529000
     4.763000 -7.408000  0.529000
     4.763000 -7.144000  0.529000
     4.763000 -6.879000  0.529000
     4.763000 -6.615000  0.529000
     4.763000 -6.350000  0.529000
     4.763000 -6.086000  0.529000
     4.763000 -5.821000  0.529000
     4.763000 -5.556000  0.529000
     4.763000 -5.292000  0.529000
     4.763000 -5.027000  0.529000
     4.763000 -4.763000  0.529000
     4.763000 -4.498000  0.529000
     4.763000 -4.233000  0.529000
     4.763000 -3.969000  0.529000
     4.763000 -3.704000  0.529000
     4.763000 -3.440000  0.529000
     4.763000 -3.175000  0.529000
     4.763000 -2.910000  0.529000
     4.763000 -2.646000  0.529000
     4.763000 -2.381000  0.529000
     4.763000 -2.117000  0.529000
     4.763000 -1.852000  0.529000
     4.763000 -1.588000  0.529000
     4.763000 -1.323000  0.529000
     4.763000 -1.058000  0.529000
     4.763000 -0.794000  0.529000
     4.763000 -0.529000  0.529000
     4.763000 -0.265000  0.529000
     4.763000  0.000000  0.529000
     4.763000  0.265000  0.529000
     4.763000  0.529000  0.529000
     4.763000  0.794000  0.529000
     4.763000  1.058000  0.529000
     4.763000  1.323000  0.529000
     4.763000  1.588000  0.529000
     4.763000  1.852000  0.529000
     4.763000  2.117000  0.529000
     4.763000  2.381000  0.529000
     4.763000  2.646000  0.529000
     4.763000  2.910000  0.529000
     4.763000  3.175000  0.529000
     4.763000  3.440000  0.529000
     4.763000  3.704000  0.529000
     4.763000  3.969000  0.529000
     4.763000  4.233000  0.529000
     4.763000  4.498000  0.529000
     4.763000  4.763000  0.529000
     4.763000  5.027000  0.529000
     4.763000  5.292000  0.529000
     4.763000  5.556000  0.529000
     4.763000  5.821000  0.529000
     4.763000  6.086000  0.529000
     4.763000  6.350000  0.529000
     4.763000  6.615000  0.529000
     4.763000  6.879000  0.529000
     4.763000  7.144000  0.529000
     4.763000  7.408000  0.529000
     4.763000  7.673000  0.529000
     4.763000  7.938000  0.529000
     4.763000  8.202000  0.529000
     4.763000  8.467000  0.529000
     4.763000  8.731000  0.529000
     4.763000  8.996000  0.529000
     4.763000  9.261000  0.529000
     4.763000  9.525000  0.529000
     4.763000  9.790000  0.529000
     4.763000  10.054000  0.529000
     4.763000  10.319000  0.529000
     4.763000  10.584000  0.529000
     5.027000 -10.584000  0.529000
     5.027000 -10.319000  0.529000
     5.027000 -10.054000  0.529000
     5.027000 -9.790000  0.529000
     5.027000 -9.525000  0.529000
     5.027000 -9.261000  0.529000
     5.027000 -8.996000  0.529000
     5.027000 -8.731000  0.529000
     5.027000 -8.467000  0.529000
     5.027000 -8.202000  0.529000
     5.027000 -7.938000  0.529000
     5.027000 -7.673000  0.529000
     5.027000 -7.408000  0.529000
     5.027000 -7.144000  0.529000
     5.027000 -6.879000  0.529000
     5.027000 -6.615000  0.529000
     5.027000 -6.350000  0.529000
     5.027000 -6.086000  0.529000
     5.027000 -5.821000  0.529000
     5.027000 -5.556000  0.529000
     5.027000 -5.292000  0.529000
     5.027000 -5.027000  0.529000
     5.027000 -4.763000  0.529000
     5.027000 -4.498000  0.529000
     5.027000 -4.233000  0.529000
     5.027000 -3.969000  0.529000
     5.027000 -3.704000  0.529000
     5.027000 -3.440000  0.529000
     5.027000 -3.175000  0.529000
     5.027000 -2.910000  0.529000
     5.027000 -2.646000  0.529000
     5.027000 -2.381000  0.529000
     5.027000 -2.117000  0.529000
     5.027000 -1.852000  0.529000
     5.027000 -1.588000  0.529000
     5.027000 -1.323000  0.529000
     5.027000 -1.058000  0.529000
     5.027000 -0.794000  0.529000
     5.027000 -0.529000  0.529000
     5.027000 -0.265000  0.529000
     5.027000  0.000000  0.529000
     5.027000  0.265000  0.529000
     5.027000  0.529000  0.529000
     5.027000  0.794000  0.529000
     5.027000  1.058000  0.529000
     5.027000  1.323000  0.529000
     5.027000  1.588000  0.529000
     5.027000  1.852000  0.529000
     5.027000  2.117000  0.529000
     5.027000  2.381000  0.529000
     5.027000  2.646000  0.529000
     5.027000  2.910000  0.529000
     5.027000  3.175000  0.529000
     5.027000  3.440000  0.529000
     5.027000  3.704000  0.529000
     5.027000  3.969000  0.529000
     5.027000  4.233000  0.529000
     5.027000  4.498000  0.529000
     5.027000  4.763000  0.529000
     5.027000  5.027000  0.529000
     5.027000  5.292000  0.529000
     5.027000  5.556000  0.529000
     5.027000  5.821000  0.529000
     5.027000  6.086000  0.529000
     5.027000  6.350000  0.529000
     5.027000  6.615000  0.529000
     5.027000  6.879000  0.529000
     5.027000  7.144000  0.529000
     5.027000  7.408000  0.529000
     5.027000  7.673000  0.529000
     5.027000  7.938000  0.529000
     5.027000  8.202000  0.529000
     5.027000  8.467000  0.529000
     5.027000  8.731000  0.529000
     5.027000  8.996000  0.529000
     5.027000  9.261000  0.529000
     5.027000  9.525000  0.529000
     5.027000  9.790000  0.529000
     5.027000  10.054000  0.529000
     5.027000  10.319000  0.529000
     5.027000  10.584000  0.529000
     5.292000 -10.584000  0.529000
     5.292000 -10.319000  0.529000
     5.292000 -10.054000  0.529000
     5.292000 -9.790000  0.529000
     5.292000 -9.525000  0.529000
     5.292000 -9.261000  0.529000
     5.292000 -8.996000  0.529000
     5.292000 -8.731000  0.529000
     5.292000 -8.467000  0.529000
     5.292000 -8.202000  0.529000
     5.292000 -7.938000  0.529000
     5.292000 -7.673000  0.529000
     5.292000 -7.408000  0.529000
     5.292000 -7.144000  0.529000
     5.292000 -6.879000  0.529000
     5.292000 -6.615000  0.529000
     5.292000 -6.350000  0.529000
     5.292000 -6.086000  0.529000
     5.292000 -5.821000  0.529000
     5.292000 -5.556000  0.529000
     5.292000 -5.292000  0.529000
     5.292000 -5.027000  0.529000
     5.292000 -4.763000  0.529000
     5.292000 -4.498000  0.529000
     5.292000 -4.233000  0.529000
     5.292000 -3.969000  0.529000
     5.292000 -3.704000  0.529000
     5.292000 -3.440000  0.529000
     5.292000 -3.175000  0.529000
     5.292000 -2.910000  0.529000
     5.292000 -2.646000  0.529000
     5.292000 -2.381000  0.529000
     5.292000 -2.117000  0.529000
     5.292000 -1.852000  0.529000
     5.292000 -1.588000  0.529000
     5.292000 -1.323000  0.529000
     5.292000 -1.058000  0.529000
     5.292000 -0.794000  0.529000
     5.292000 -0.529000  0.529000
     5.292000 -0.265000  0.529000
     5.292000  0.000000  0.529000
     5.292000  0.265000  0.529000
     5.292000  0.529000  0.529000
     5.292000  0.794000  0.529000
     5.292000  1.058000  0.529000
     5.292000  1.323000  0.529000
     5.292000  1.588000  0.529000
     5.292000  1.852000  0.529000
     5.292000  2.117000  0.529000
     5.292000  2.381000  0.529000
     5.292000  2.646000  0.529000
     5.292000  2.910000  0.529000
     5.292000  3.175000  0.529000
     5.292000  3.440000  0.529000
     5.292000  3.704000  0.529000
     5.292000  3.969000  0.529000
     5.292000  4.233000  0.529000
     5.292000  4.498000  0.529000
     5.292000  4.763000  0.529000
     5.292000  5.027000  0.529000
     5.292000  5.292000  0.529000
     5.292000  5.556000  0.529000
     5.292000  5.821000  0.529000
     5.292000  6.086000  0.529000
     5.292000  6.350000  0.529000
     5.292000  6.615000  0.529000
     5.292000  6.879000  0.529000
     5.292000  7.144000  0.529000
     5.292000  7.408000  0.529000
     5.292000  7.673000  0.529000
     5.292000  7.938000  0.529000
     5.292000  8.202000  0.529000
     5.292000  8.467000  0.529000
     5.292000  8.731000  0.529000
     5.292000  8.996000  0.529000
     5.292000  9.261000  0.529000
     5.292000  9.525000  0.529000
     5.292000  9.790000  0.529000
     5.292000  10.054000  0.529000
     5.292000  10.319000  0.529000
     5.292000  10.584000  0.529000
     5.556000 -10.584000  0.529000
     5.556000 -10.319000  0.529000
     5.556000 -10.054000  0.529000
     5.556000 -9.790000  0.529000
     5.556000 -9.525000  0.529000
     5.556000 -9.261000  0.529000
     5.556000 -8.996000  0.529000
     5.556000 -8.731000  0.529000
     5.556000 -8.467000  0.529000
     5.556000 -8.202000  0.529000
     5.556000 -7.938000  0.529000
     5.556000 -7.673000  0.529000
     5.556000 -7.408000  0.529000
     5.556000 -7.144000  0.529000
     5.556000 -6.879000  0.529000
     5.556000 -6.615000  0.529000
     5.556000 -6.350000  0.529000
     5.556000 -6.086000  0.529000
     5.556000 -5.821000  0.529000
     5.556000 -5.556000  0.529000
     5.556000 -5.292000  0.529000
     5.556000 -5.027000  0.529000
     5.556000 -4.763000  0.529000
     5.556000 -4.498000  0.529000
     5.556000 -4.233000  0.529000
     5.556000 -3.969000  0.529000
     5.556000 -3.704000  0.529000
     5.556000 -3.440000  0.529000
     5.556000 -3.175000  0.529000
     5.556000 -2.910000  0.529000
     5.556000 -2.646000  0.529000
     5.556000 -2.381000  0.529000
     5.556000 -2.117000  0.529000
     5.556000 -1.852000  0.529000
     5.556000 -1.588000  0.529000
     5.556000 -1.323000  0.529000
     5.556000 -1.058000  0.529000
     5.556000 -0.794000  0.529000
     5.556000 -0.529000  0.529000
     5.556000 -0.265000  0.529000
     5.556000  0.000000  0.529000
     5.556000  0.265000  0.529000
     5.556000  0.529000  0.529000
     5.556000  0.794000  0.529000
     5.556000  1.058000  0.529000
     5.556000  1.323000  0.529000
     5.556000  1.588000  0.529000
     5.556000  1.852000  0.529000
     5.556000  2.117000  0.529000
     5.556000  2.381000  0.529000
     5.556000  2.646000  0.529000
     5.556000  2.910000  0.529000
     5.556000  3.175000  0.529000
     5.556000  3.440000  0.529000
     5.556000  3.704000  0.529000
     5.556000  3.969000  0.529000
     5.556000  4.233000  0.529000
     5.556000  4.498000  0.529000
     5.556000  4.763000  0.529000
     5.556000  5.027000  0.529000
     5.556000  5.292000  0.529000
     5.556000  5.556000  0.529000
     5.556000  5.821000  0.529000
     5.556000  6.086000  0.529000
     5.556000  6.350000  0.529000
     5.556000  6.615000  0.529000
     5.556000  6.879000  0.529000
     5.556000  7.144000  0.529000
     5.556000  7.408000  0.529000
     5.556000  7.673000  0.529000
     5.556000  7.938000  0.529000
     5.556000  8.202000  0.529000
     5.556000  8.467000  0.529000
     5.556000  8.731000  0.529000
     5.556000  8.996000  0.529000
     5.556000  9.261000  0.529000
     5.556000  9.525000  0.529000
     5.556000  9.790000  0.529000
     5.556000  10.054000  0.529000
     5.556000  10.319000  0.529000
     5.556000  10.584000  0.529000
     5.821000 -10.584000  0.529000
     5.821000 -10.319000  0.529000
     5.821000 -10.054000  0.529000
     5.821000 -9.790000  0.529000
     5.821000 -9.525000  0.529000
     5.821000 -9.261000  0.529000
     5.821000 -8.996000  0.529000
     5.821000 -8.731000  0.529000
     5.821000 -8.467000  0.529000
     5.821000 -8.202000  0.529000
     5.821000 -7.938000  0.529000
     5.821000 -7.673000  0.529000
     5.821000 -7.408000  0.529000
     5.821000 -7.144000  0.529000
     5.821000 -6.879000  0.529000
     5.821000 -6.615000  0.529000
     5.821000 -6.350000  0.529000
     5.821000 -6.086000  0.529000
     5.821000 -5.821000  0.529000
     5.821000 -5.556000  0.529000
     5.821000 -5.292000  0.529000
     5.821000 -5.027000  0.529000
     5.821000 -4.763000  0.529000
     5.821000 -4.498000  0.529000
     5.821000 -4.233000  0.529000
     5.821000 -3.969000  0.529000
     5.821000 -3.704000  0.529000
     5.821000 -3.440000  0.529000
     5.821000 -3.175000  0.529000
     5.821000 -2.910000  0.529000
     5.821000 -2.646000  0.529000
     5.821000 -2.381000  0.529000
     5.821000 -2.117000  0.529000
     5.821000 -1.852000  0.529000
     5.821000 -1.588000  0.529000
     5.821000 -1.323000  0.529000
     5.821000 -1.058000  0.529000
     5.821000 -0.794000  0.529000
     5.821000 -0.529000  0.529000
     5.821000 -0.265000  0.529000
     5.821000  0.000000  0.529000
     5.821000  0.265000  0.529000
     5.821000  0.529000  0.529000
     5.821000  0.794000  0.529000
     5.821000  1.058000  0.529000
     5.821000  1.323000  0.529000
     5.821000  1.588000  0.529000
     5.821000  1.852000  0.529000
     5.821000  2.117000  0.529000
     5.821000  2.381000  0.529000
     5.821000  2.646000  0.529000
     5.821000  2.910000  0.529000
     5.821000  3.175000  0.529000
     5.821000  3.440000  0.529000
     5.821000  3.704000  0.529000
     5.821000  3.969000  0.529000
     5.821000  4.233000  0.529000
     5.821000  4.498000  0.529000
     5.821000  4.763000  0.529000
     5.821000  5.027000  0.529000
     5.821000  5.292000  0.529000
     5.821000  5.556000  0.529000
     5.821000  5.821000  0.529000
     5.821000  6.086000  0.529000
     5.821000  6.350000  0.529000
     5.821000  6.615000  0.529000
     5.821000  6.879000  0.529000
     5.821000  7.144000  0.529000
     5.821000  7.408000  0.529000
     5.821000  7.673000  0.529000
     5.821000  7.938000  0.529000
     5.821000  8.202000  0.529000
     5.821000  8.467000  0.529000
     5.821000  8.731000  0.529000
     5.821000  8.996000  0.529000
     5.821000  9.261000  0.529000
     5.821000  9.525000  0.529000
     5.821000  9.790000  0.529000
     5.821000  10.054000  0.529000
     5.821000  10.319000  0.529000
     5.821000  10.584000  0.529000
     6.086000 -10.584000  0.529000
     6.086000 -10.319000  0.529000
     6.086000 -10.054000  0.529000
     6.086000 -9.790000  0.529000
     6.086000 -9.525000  0.529000
     6.086000 -9.261000  0.529000
     6.086000 -8.996000  0.529000
     6.086000 -8.731000  0.529000
     6.086000 -8.467000  0.529000
     6.086000 -8.202000  0.529000
     6.086000 -7.938000  0.529000
     6.086000 -7.673000  0.529000
     6.086000 -7.408000  0.529000
     6.086000 -7.144000  0.529000
     6.086000 -6.879000  0.529000
     6.086000 -6.615000  0.529000
     6.086000 -6.350000  0.529000
     6.086000 -6.086000  0.529000
     6.086000 -5.821000  0.529000
     6.086000 -5.556000  0.529000
     6.086000 -5.292000  0.529000
     6.086000 -5.027000  0.529000
     6.086000 -4.763000  0.529000
     6.086000 -4.498000  0.529000
     6.086000 -4.233000  0.529000
     6.086000 -3.969000  0.529000
     6.086000 -3.704000  0.529000
     6.086000 -3.440000  0.529000
     6.086000 -3.175000  0.529000
     6.086000 -2.910000  0.529000
     6.086000 -2.646000  0.529000
     6.086000 -2.381000  0.529000
     6.086000 -2.117000  0.529000
     6.086000 -1.852000  0.529000
     6.086000 -1.588000  0.529000
     6.086000 -1.323000  0.529000
     6.086000 -1.058000  0.529000
     6.086000 -0.794000  0.529000
     6.086000 -0.529000  0.529000
     6.086000 -0.265000  0.529000
     6.086000  0.000000  0.529000
     6.086000  0.265000  0.529000
     6.086000  0.529000  0.529000
     6.086000  0.794000  0.529000
     6.086000  1.058000  0.529000
     6.086000  1.323000  0.529000
     6.086000  1.588000  0.529000
     6.086000  1.852000  0.529000
     6.086000  2.117000  0.529000
     6.086000  2.381000  0.529000
     6.086000  2.646000  0.529000
     6.086000  2.910000  0.529000
     6.086000  3.175000  0.529000
     6.086000  3.440000  0.529000
     6.086000  3.704000  0.529000
     6.086000  3.969000  0.529000
     6.086000  4.233000  0.529000
     6.086000  4.498000  0.529000
     6.086000  4.763000  0.529000
     6.086000  5.027000  0.529000
     6.086000  5.292000  0.529000
     6.086000  5.556000  0.529000
     6.086000  5.821000  0.529000
     6.086000  6.086000  0.529000
     6.086000  6.350000  0.529000
     6.086000  6.615000  0.529000
     6.086000  6.879000  0.529000
     6.086000  7.144000  0.529000
     6.086000  7.408000  0.529000
     6.086000  7.673000  0.529000
     6.086000  7.938000  0.529000
     6.086000  8.202000  0.529000
     6.086000  8.467000  0.529000
     6.086000  8.731000  0.529000
     6.086000  8.996000  0.529000
     6.086000  9.261000  0.529000
     6.086000  9.525000  0.529000
     6.086000  9.790000  0.529000
     6.086000  10.054000  0.529000
     6.086000  10.319000  0.529000
     6.086000  10.584000  0.529000
     6.350000 -10.584000  0.529000
     6.350000 -10.319000  0.529000
     6.350000 -10.054000  0.529000
     6.350000 -9.790000  0.529000
     6.350000 -9.525000  0.529000
     6.350000 -9.261000  0.529000
     6.350000 -8.996000  0.529000
     6.350000 -8.731000  0.529000
     6.350000 -8.467000  0.529000
     6.350000 -8.202000  0.529000
     6.350000 -7.938000  0.529000
     6.350000 -7.673000  0.529000
     6.350000 -7.408000  0.529000
     6.350000 -7.144000  0.529000
     6.350000 -6.879000  0.529000
     6.350000 -6.615000  0.529000
     6.350000 -6.350000  0.529000
     6.350000 -6.086000  0.529000
     6.350000 -5.821000  0.529000
     6.350000 -5.556000  0.529000
     6.350000 -5.292000  0.529000
     6.350000 -5.027000  0.529000
     6.350000 -4.763000  0.529000
     6.350000 -4.498000  0.529000
     6.350000 -4.233000  0.529000
     6.350000 -3.969000  0.529000
     6.350000 -3.704000  0.529000
     6.350000 -3.440000  0.529000
     6.350000 -3.175000  0.529000
     6.350000 -2.910000  0.529000
     6.350000 -2.646000  0.529000
     6.350000 -2.381000  0.529000
     6.350000 -2.117000  0.529000
     6.350000 -1.852000  0.529000
     6.350000 -1.588000  0.529000
     6.350000 -1.323000  0.529000
     6.350000 -1.058000  0.529000
     6.350000 -0.794000  0.529000
     6.350000 -0.529000  0.529000
     6.350000 -0.265000  0.529000
     6.350000  0.000000  0.529000
     6.350000  0.265000  0.529000
     6.350000  0.529000  0.529000
     6.350000  0.794000  0.529000
     6.350000  1.058000  0.529000
     6.350000  1.323000  0.529000
     6.350000  1.588000  0.529000
     6.350000  1.852000  0.529000
     6.350000  2.117000  0.529000
     6.350000  2.381000  0.529000
     6.350000  2.646000  0.529000
     6.350000  2.910000  0.529000
     6.350000  3.175000  0.529000
     6.350000  3.440000  0.529000
     6.350000  3.704000  0.529000
     6.350000  3.969000  0.529000
     6.350000  4.233000  0.529000
     6.350000  4.498000  0.529000
     6.350000  4.763000  0.529000
     6.350000  5.027000  0.529000
     6.350000  5.292000  0.529000
     6.350000  5.556000  0.529000
     6.350000  5.821000  0.529000
     6.350000  6.086000  0.529000
     6.350000  6.350000  0.529000
     6.350000  6.615000  0.529000
     6.350000  6.879000  0.529000
     6.350000  7.144000  0.529000
     6.350000  7.408000  0.529000
     6.350000  7.673000  0.529000
     6.350000  7.938000  0.529000
     6.350000  8.202000  0.529000
     6.350000  8.467000  0.529000
     6.350000  8.731000  0.529000
     6.350000  8.996000  0.529000
     6.350000  9.261000  0.529000
     6.350000  9.525000  0.529000
     6.350000  9.790000  0.529000
     6.350000  10.054000  0.529000
     6.350000  10.319000  0.529000
     6.350000  10.584000  0.529000
     6.615000 -10.584000  0.529000
     6.615000 -10.319000  0.529000
     6.615000 -10.054000  0.529000
     6.615000 -9.790000  0.529000
     6.615000 -9.525000  0.529000
     6.615000 -9.261000  0.529000
     6.615000 -8.996000  0.529000
     6.615000 -8.731000  0.529000
     6.615000 -8.467000  0.529000
     6.615000 -8.202000  0.529000
     6.615000 -7.938000  0.529000
     6.615000 -7.673000  0.529000
     6.615000 -7.408000  0.529000
     6.615000 -7.144000  0.529000
     6.615000 -6.879000  0.529000
     6.615000 -6.615000  0.529000
     6.615000 -6.350000  0.529000
     6.615000 -6.086000  0.529000
     6.615000 -5.821000  0.529000
     6.615000 -5.556000  0.529000
     6.615000 -5.292000  0.529000
     6.615000 -5.027000  0.529000
     6.615000 -4.763000  0.529000
     6.615000 -4.498000  0.529000
     6.615000 -4.233000  0.529000
     6.615000 -3.969000  0.529000
     6.615000 -3.704000  0.529000
     6.615000 -3.440000  0.529000
     6.615000 -3.175000  0.529000
     6.615000 -2.910000  0.529000
     6.615000 -2.646000  0.529000
     6.615000 -2.381000  0.529000
     6.615000 -2.117000  0.529000
     6.615000 -1.852000  0.529000
     6.615000 -1.588000  0.529000
     6.615000 -1.323000  0.529000
     6.615000 -1.058000  0.529000
     6.615000 -0.794000  0.529000
     6.615000 -0.529000  0.529000
     6.615000 -0.265000  0.529000
     6.615000  0.000000  0.529000
     6.615000  0.265000  0.529000
     6.615000  0.529000  0.529000
     6.615000  0.794000  0.529000
     6.615000  1.058000  0.529000
     6.615000  1.323000  0.529000
     6.615000  1.588000  0.529000
     6.615000  1.852000  0.529000
     6.615000  2.117000  0.529000
     6.615000  2.381000  0.529000
     6.615000  2.646000  0.529000
     6.615000  2.910000  0.529000
     6.615000  3.175000  0.529000
     6.615000  3.440000  0.529000
     6.615000  3.704000  0.529000
     6.615000  3.969000  0.529000
     6.615000  4.233000  0.529000
     6.615000  4.498000  0.529000
     6.615000  4.763000  0.529000
     6.615000  5.027000  0.529000
     6.615000  5.292000  0.529000
     6.615000  5.556000  0.529000
     6.615000  5.821000  0.529000
     6.615000  6.086000  0.529000
     6.615000  6.350000  0.529000
     6.615000  6.615000  0.529000
     6.615000  6.879000  0.529000
     6.615000  7.144000  0.529000
     6.615000  7.408000  0.529000
     6.615000  7.673000  0.529000
     6.615000  7.938000  0.529000
     6.615000  8.202000  0.529000
     6.615000  8.467000  0.529000
     6.615000  8.731000  0.529000
     6.615000  8.996000  0.529000
     6.615000  9.261000  0.529000
     6.615000  9.525000  0.529000
     6.615000  9.790000  0.529000
     6.615000  10.054000  0.529000
     6.615000  10.319000  0.529000
     6.615000  10.584000  0.529000
     6.879000 -10.584000  0.529000
     6.879000 -10.319000  0.529000
     6.879000 -10.054000  0.529000
     6.879000 -9.790000  0.529000
     6.879000 -9.525000  0.529000
     6.879000 -9.261000  0.529000
     6.879000 -8.996000  0.529000
     6.879000 -8.731000  0.529000
     6.879000 -8.467000  0.529000
     6.879000 -8.202000  0.529000
     6.879000 -7.938000  0.529000
     6.879000 -7.673000  0.529000
     6.879000 -7.408000  0.529000
     6.879000 -7.144000  0.529000
     6.879000 -6.879000  0.529000
     6.879000 -6.615000  0.529000
     6.879000 -6.350000  0.529000
     6.879000 -6.086000  0.529000
     6.879000 -5.821000  0.529000
     6.879000 -5.556000  0.529000
     6.879000 -5.292000  0.529000
     6.879000 -5.027000  0.529000
     6.879000 -4.763000  0.529000
     6.879000 -4.498000  0.529000
     6.879000 -4.233000  0.529000
     6.879000 -3.969000  0.529000
     6.879000 -3.704000  0.529000
     6.879000 -3.440000  0.529000
     6.879000 -3.175000  0.529000
     6.879000 -2.910000  0.529000
     6.879000 -2.646000  0.529000
     6.879000 -2.381000  0.529000
     6.879000 -2.117000  0.529000
     6.879000 -1.852000  0.529000
     6.879000 -1.588000  0.529000
     6.879000 -1.323000  0.529000
     6.879000 -1.058000  0.529000
     6.879000 -0.794000  0.529000
     6.879000 -0.529000  0.529000
     6.879000 -0.265000  0.529000
     6.879000  0.000000  0.529000
     6.879000  0.265000  0.529000
     6.879000  0.529000  0.529000
     6.879000  0.794000  0.529000
     6.879000  1.058000  0.529000
     6.879000  1.323000  0.529000
     6.879000  1.588000  0.529000
     6.879000  1.852000  0.529000
     6.879000  2.117000  0.529000
     6.879000  2.381000  0.529000
     6.879000  2.646000  0.529000
     6.879000  2.910000  0.529000
     6.879000  3.175000  0.529000
     6.879000  3.440000  0.529000
     6.879000  3.704000  0.529000
     6.879000  3.969000  0.529000
     6.879000  4.233000  0.529000
     6.879000  4.498000  0.529000
     6.879000  4.763000  0.529000
     6.879000  5.027000  0.529000
     6.879000  5.292000  0.529000
     6.879000  5.556000  0.529000
     6.879000  5.821000  0.529000
     6.879000  6.086000  0.529000
     6.879000  6.350000  0.529000
     6.879000  6.615000  0.529000
     6.879000  6.879000  0.529000
     6.879000  7.144000  0.529000
     6.879000  7.408000  0.529000
     6.879000  7.673000  0.529000
     6.879000  7.938000  0.529000
     6.879000  8.202000  0.529000
     6.879000  8.467000  0.529000
     6.879000  8.731000  0.529000
     6.879000  8.996000  0.529000
     6.879000  9.261000  0.529000
     6.879000  9.525000  0.529000
     6.879000  9.790000  0.529000
     6.879000  10.054000  0.529000
     6.879000  10.319000  0.529000
     6.879000  10.584000  0.529000
     7.144000 -10.584000  0.529000
     7.144000 -10.319000  0.529000
     7.144000 -10.054000  0.529000
     7.144000 -9.790000  0.529000
     7.144000 -9.525000  0.529000
     7.144000 -9.261000  0.529000
     7.144000 -8.996000  0.529000
     7.144000 -8.731000  0.529000
     7.144000 -8.467000  0.529000
     7.144000 -8.202000  0.529000
     7.144000 -7.938000  0.529000
     7.144000 -7.673000  0.529000
     7.144000 -7.408000  0.529000
     7.144000 -7.144000  0.529000
     7.144000 -6.879000  0.529000
     7.144000 -6.615000  0.529000
     7.144000 -6.350000  0.529000
     7.144000 -6.086000  0.529000
     7.144000 -5.821000  0.529000
     7.144000 -5.556000  0.529000
     7.144000 -5.292000  0.529000
     7.144000 -5.027000  0.529000
     7.144000 -4.763000  0.529000
     7.144000 -4.498000  0.529000
     7.144000 -4.233000  0.529000
     7.144000 -3.969000  0.529000
     7.144000 -3.704000  0.529000
     7.144000 -3.440000  0.529000
     7.144000 -3.175000  0.529000
     7.144000 -2.910000  0.529000
     7.144000 -2.646000  0.529000
     7.144000 -2.381000  0.529000
     7.144000 -2.117000  0.529000
     7.144000 -1.852000  0.529000
     7.144000 -1.588000  0.529000
     7.144000 -1.323000  0.529000
     7.144000 -1.058000  0.529000
     7.144000 -0.794000  0.529000
     7.144000 -0.529000  0.529000
     7.144000 -0.265000  0.529000
     7.144000  0.000000  0.529000
     7.144000  0.265000  0.529000
     7.144000  0.529000  0.529000
     7.144000  0.794000  0.529000
     7.144000  1.058000  0.529000
     7.144000  1.323000  0.529000
     7.144000  1.588000  0.529000
     7.144000  1.852000  0.529000
     7.144000  2.117000  0.529000
     7.144000  2.381000  0.529000
     7.144000  2.646000  0.529000
     7.144000  2.910000  0.529000
     7.144000  3.175000  0.529000
     7.144000  3.440000  0.529000
     7.144000  3.704000  0.529000
     7.144000  3.969000  0.529000
     7.144000  4.233000  0.529000
     7.144000  4.498000  0.529000
     7.144000  4.763000  0.529000
     7.144000  5.027000  0.529000
     7.144000  5.292000  0.529000
     7.144000  5.556000  0.529000
     7.144000  5.821000  0.529000
     7.144000  6.086000  0.529000
     7.144000  6.350000  0.529000
     7.144000  6.615000  0.529000
     7.144000  6.879000  0.529000
     7.144000  7.144000  0.529000
     7.144000  7.408000  0.529000
     7.144000  7.673000  0.529000
     7.144000  7.938000  0.529000
     7.144000  8.202000  0.529000
     7.144000  8.467000  0.529000
     7.144000  8.731000  0.529000
     7.144000  8.996000  0.529000
     7.144000  9.261000  0.529000
     7.144000  9.525000  0.529000
     7.144000  9.790000  0.529000
     7.144000  10.054000  0.529000
     7.144000  10.319000  0.529000
     7.144000  10.584000  0.529000
     7.408000 -10.584000  0.529000
     7.408000 -10.319000  0.529000
     7.408000 -10.054000  0.529000
     7.408000 -9.790000  0.529000
     7.408000 -9.525000  0.529000
     7.408000 -9.261000  0.529000
     7.408000 -8.996000  0.529000
     7.408000 -8.731000  0.529000
     7.408000 -8.467000  0.529000
     7.408000 -8.202000  0.529000
     7.408000 -7.938000  0.529000
     7.408000 -7.673000  0.529000
     7.408000 -7.408000  0.529000
     7.408000 -7.144000  0.529000
     7.408000 -6.879000  0.529000
     7.408000 -6.615000  0.529000
     7.408000 -6.350000  0.529000
     7.408000 -6.086000  0.529000
     7.408000 -5.821000  0.529000
     7.408000 -5.556000  0.529000
     7.408000 -5.292000  0.529000
     7.408000 -5.027000  0.529000
     7.408000 -4.763000  0.529000
     7.408000 -4.498000  0.529000
     7.408000 -4.233000  0.529000
     7.408000 -3.969000  0.529000
     7.408000 -3.704000  0.529000
     7.408000 -3.440000  0.529000
     7.408000 -3.175000  0.529000
     7.408000 -2.910000  0.529000
     7.408000 -2.646000  0.529000
     7.408000 -2.381000  0.529000
     7.408000 -2.117000  0.529000
     7.408000 -1.852000  0.529000
     7.408000 -1.588000  0.529000
     7.408000 -1.323000  0.529000
     7.408000 -1.058000  0.529000
     7.408000 -0.794000  0.529000
     7.408000 -0.529000  0.529000
     7.408000 -0.265000  0.529000
     7.408000  0.000000  0.529000
     7.408000  0.265000  0.529000
     7.408000  0.529000  0.529000
     7.408000  0.794000  0.529000
     7.408000  1.058000  0.529000
     7.408000  1.323000  0.529000
     7.408000  1.588000  0.529000
     7.408000  1.852000  0.529000
     7.408000  2.117000  0.529000
     7.408000  2.381000  0.529000
     7.408000  2.646000  0.529000
     7.408000  2.910000  0.529000
     7.408000  3.175000  0.529000
     7.408000  3.440000  0.529000
     7.408000  3.704000  0.529000
     7.408000  3.969000  0.529000
     7.408000  4.233000  0.529000
     7.408000  4.498000  0.529000
     7.408000  4.763000  0.529000
     7.408000  5.027000  0.529000
     7.408000  5.292000  0.529000
     7.408000  5.556000  0.529000
     7.408000  5.821000  0.529000
     7.408000  6.086000  0.529000
     7.408000  6.350000  0.529000
     7.408000  6.615000  0.529000
     7.408000  6.879000  0.529000
     7.408000  7.144000  0.529000
     7.408000  7.408000  0.529000
     7.408000  7.673000  0.529000
     7.408000  7.938000  0.529000
     7.408000  8.202000  0.529000
     7.408000  8.467000  0.529000
     7.408000  8.731000  0.529000
     7.408000  8.996000  0.529000
     7.408000  9.261000  0.529000
     7.408000  9.525000  0.529000
     7.408000  9.790000  0.529000
     7.408000  10.054000  0.529000
     7.408000  10.319000  0.529000
     7.408000  10.584000  0.529000
     7.673000 -10.584000  0.529000
     7.673000 -10.319000  0.529000
     7.673000 -10.054000  0.529000
     7.673000 -9.790000  0.529000
     7.673000 -9.525000  0.529000
     7.673000 -9.261000  0.529000
     7.673000 -8.996000  0.529000
     7.673000 -8.731000  0.529000
     7.673000 -8.467000  0.529000
     7.673000 -8.202000  0.529000
     7.673000 -7.938000  0.529000
     7.673000 -7.673000  0.529000
     7.673000 -7.408000  0.529000
     7.673000 -7.144000  0.529000
     7.673000 -6.879000  0.529000
     7.673000 -6.615000  0.529000
     7.673000 -6.350000  0.529000
     7.673000 -6.086000  0.529000
     7.673000 -5.821000  0.529000
     7.673000 -5.556000  0.529000
     7.673000 -5.292000  0.529000
     7.673000 -5.027000  0.529000
     7.673000 -4.763000  0.529000
     7.673000 -4.498000  0.529000
     7.673000 -4.233000  0.529000
     7.673000 -3.969000  0.529000
     7.673000 -3.704000  0.529000
     7.673000 -3.440000  0.529000
     7.673000 -3.175000  0.529000
     7.673000 -2.910000  0.529000
     7.673000 -2.646000  0.529000
     7.673000 -2.381000  0.529000
     7.673000 -2.117000  0.529000
     7.673000 -1.852000  0.529000
     7.673000 -1.588000  0.529000
     7.673000 -1.323000  0.529000
     7.673000 -1.058000  0.529000
     7.673000 -0.794000  0.529000
     7.673000 -0.529000  0.529000
     7.673000 -0.265000  0.529000
     7.673000  0.000000  0.529000
     7.673000  0.265000  0.529000
     7.673000  0.529000  0.529000
     7.673000  0.794000  0.529000
     7.673000  1.058000  0.529000
     7.673000  1.323000  0.529000
     7.673000  1.588000  0.529000
     7.673000  1.852000  0.529000
     7.673000  2.117000  0.529000
     7.673000  2.381000  0.529000
     7.673000  2.646000  0.529000
     7.673000  2.910000  0.529000
     7.673000  3.175000  0.529000
     7.673000  3.440000  0.529000
     7.673000  3.704000  0.529000
     7.673000  3.969000  0.529000
     7.673000  4.233000  0.529000
     7.673000  4.498000  0.529000
     7.673000  4.763000  0.529000
     7.673000  5.027000  0.529000
     7.673000  5.292000  0.529000
     7.673000  5.556000  0.529000
     7.673000  5.821000  0.529000
     7.673000  6.086000  0.529000
     7.673000  6.350000  0.529000
     7.673000  6.615000  0.529000
     7.673000  6.879000  0.529000
     7.673000  7.144000  0.529000
     7.673000  7.408000  0.529000
     7.673000  7.673000  0.529000
     7.673000  7.938000  0.529000
     7.673000  8.202000  0.529000
     7.673000  8.467000  0.529000
     7.673000  8.731000  0.529000
     7.673000  8.996000  0.529000
     7.673000  9.261000  0.529000
     7.673000  9.525000  0.529000
     7.673000  9.790000  0.529000
     7.673000  10.054000  0.529000
     7.673000  10.319000  0.529000
     7.673000  10.584000  0.529000
     7.938000 -10.584000  0.529000
     7.938000 -10.319000  0.529000
     7.938000 -10.054000  0.529000
     7.938000 -9.790000  0.529000
     7.938000 -9.525000  0.529000
     7.938000 -9.261000  0.529000
     7.938000 -8.996000  0.529000
     7.938000 -8.731000  0.529000
     7.938000 -8.467000  0.529000
     7.938000 -8.202000  0.529000
     7.938000 -7.938000  0.529000
     7.938000 -7.673000  0.529000
     7.938000 -7.408000  0.529000
     7.938000 -7.144000  0.529000
     7.938000 -6.879000  0.529000
     7.938000 -6.615000  0.529000
     7.938000 -6.350000  0.529000
     7.938000 -6.086000  0.529000
     7.938000 -5.821000  0.529000
     7.938000 -5.556000  0.529000
     7.938000 -5.292000  0.529000
     7.938000 -5.027000  0.529000
     7.938000 -4.763000  0.529000
     7.938000 -4.498000  0.529000
     7.938000 -4.233000  0.529000
     7.938000 -3.969000  0.529000
     7.938000 -3.704000  0.529000
     7.938000 -3.440000  0.529000
     7.938000 -3.175000  0.529000
     7.938000 -2.910000  0.529000
     7.938000 -2.646000  0.529000
     7.938000 -2.381000  0.529000
     7.938000 -2.117000  0.529000
     7.938000 -1.852000  0.529000
     7.938000 -1.588000  0.529000
     7.938000 -1.323000  0.529000
     7.938000 -1.058000  0.529000
     7.938000 -0.794000  0.529000
     7.938000 -0.529000  0.529000
     7.938000 -0.265000  0.529000
     7.938000  0.000000  0.529000
     7.938000  0.265000  0.529000
     7.938000  0.529000  0.529000
     7.938000  0.794000  0.529000
     7.938000  1.058000  0.529000
     7.938000  1.323000  0.529000
     7.938000  1.588000  0.529000
     7.938000  1.852000  0.529000
     7.938000  2.117000  0.529000
     7.938000  2.381000  0.529000
     7.938000  2.646000  0.529000
     7.938000  2.910000  0.529000
     7.938000  3.175000  0.529000
     7.938000  3.440000  0.529000
     7.938000  3.704000  0.529000
     7.938000  3.969000  0.529000
     7.938000  4.233000  0.529000
     7.938000  4.498000  0.529000
     7.938000  4.763000  0.529000
     7.938000  5.027000  0.529000
     7.938000  5.292000  0.529000
     7.938000  5.556000  0.529000
     7.938000  5.821000  0.529000
     7.938000  6.086000  0.529000
     7.938000  6.350000  0.529000
     7.938000  6.615000  0.529000
     7.938000  6.879000  0.529000
     7.938000  7.144000  0.529000
     7.938000  7.408000  0.529000
     7.938000  7.673000  0.529000
     7.938000  7.938000  0.529000
     7.938000  8.202000  0.529000
     7.938000  8.467000  0.529000
     7.938000  8.731000  0.529000
     7.938000  8.996000  0.529000
     7.938000  9.261000  0.529000
     7.938000  9.525000  0.529000
     7.938000  9.790000  0.529000
     7.938000  10.054000  0.529000
     7.938000  10.319000  0.529000
     7.938000  10.584000  0.529000
     8.202000 -10.584000  0.529000
     8.202000 -10.319000  0.529000
     8.202000 -10.054000  0.529000
     8.202000 -9.790000  0.529000
     8.202000 -9.525000  0.529000
     8.202000 -9.261000  0.529000
     8.202000 -8.996000  0.529000
     8.202000 -8.731000  0.529000
     8.202000 -8.467000  0.529000
     8.202000 -8.202000  0.529000
     8.202000 -7.938000  0.529000
     8.202000 -7.673000  0.529000
     8.202000 -7.408000  0.529000
     8.202000 -7.144000  0.529000
     8.202000 -6.879000  0.529000
     8.202000 -6.615000  0.529000
     8.202000 -6.350000  0.529000
     8.202000 -6.086000  0.529000
     8.202000 -5.821000  0.529000
     8.202000 -5.556000  0.529000
     8.202000 -5.292000  0.529000
     8.202000 -5.027000  0.529000
     8.202000 -4.763000  0.529000
     8.202000 -4.498000  0.529000
     8.202000 -4.233000  0.529000
     8.202000 -3.969000  0.529000
     8.202000 -3.704000  0.529000
     8.202000 -3.440000  0.529000
     8.202000 -3.175000  0.529000
     8.202000 -2.910000  0.529000
     8.202000 -2.646000  0.529000
     8.202000 -2.381000  0.529000
     8.202000 -2.117000  0.529000
     8.202000 -1.852000  0.529000
     8.202000 -1.588000  0.529000
     8.202000 -1.323000  0.529000
     8.202000 -1.058000  0.529000
     8.202000 -0.794000  0.529000
     8.202000 -0.529000  0.529000
     8.202000 -0.265000  0.529000
     8.202000  0.000000  0.529000
     8.202000  0.265000  0.529000
     8.202000  0.529000  0.529000
     8.202000  0.794000  0.529000
     8.202000  1.058000  0.529000
     8.202000  1.323000  0.529000
     8.202000  1.588000  0.529000
     8.202000  1.852000  0.529000
     8.202000  2.117000  0.529000
     8.202000  2.381000  0.529000
     8.202000  2.646000  0.529000
     8.202000  2.910000  0.529000
     8.202000  3.175000  0.529000
     8.202000  3.440000  0.529000
     8.202000  3.704000  0.529000
     8.202000  3.969000  0.529000
     8.202000  4.233000  0.529000
     8.202000  4.498000  0.529000
     8.202000  4.763000  0.529000
     8.202000  5.027000  0.529000
     8.202000  5.292000  0.529000
     8.202000  5.556000  0.529000
     8.202000  5.821000  0.529000
     8.202000  6.086000  0.529000
     8.202000  6.350000  0.529000
     8.202000  6.615000  0.529000
     8.202000  6.879000  0.529000
     8.202000  7.144000  0.529000
     8.202000  7.408000  0.529000
     8.202000  7.673000  0.529000
     8.202000  7.938000  0.529000
     8.202000  8.202000  0.529000
     8.202000  8.467000  0.529000
     8.202000  8.731000  0.529000
     8.202000  8.996000  0.529000
     8.202000  9.261000  0.529000
     8.202000  9.525000  0.529000
     8.202000  9.790000  0.529000
     8.202000  10.054000  0.529000
     8.202000  10.319000  0.529000
     8.202000  10.584000  0.529000
     8.467000 -10.584000  0.529000
     8.467000 -10.319000  0.529000
     8.467000 -10.054000  0.529000
     8.467000 -9.790000  0.529000
     8.467000 -9.525000  0.529000
     8.467000 -9.261000  0.529000
     8.467000 -8.996000  0.529000
     8.467000 -8.731000  0.529000
     8.467000 -8.467000  0.529000
     8.467000 -8.202000  0.529000
     8.467000 -7.938000  0.529000
     8.467000 -7.673000  0.529000
     8.467000 -7.408000  0.529000
     8.467000 -7.144000  0.529000
     8.467000 -6.879000  0.529000
     8.467000 -6.615000  0.529000
     8.467000 -6.350000  0.529000
     8.467000 -6.086000  0.529000
     8.467000 -5.821000  0.529000
     8.467000 -5.556000  0.529000
     8.467000 -5.292000  0.529000
     8.467000 -5.027000  0.529000
     8.467000 -4.763000  0.529000
     8.467000 -4.498000  0.529000
     8.467000 -4.233000  0.529000
     8.467000 -3.969000  0.529000
     8.467000 -3.704000  0.529000
     8.467000 -3.440000  0.529000
     8.467000 -3.175000  0.529000
     8.467000 -2.910000  0.529000
     8.467000 -2.646000  0.529000
     8.467000 -2.381000  0.529000
     8.467000 -2.117000  0.529000
     8.467000 -1.852000  0.529000
     8.467000 -1.588000  0.529000
     8.467000 -1.323000  0.529000
     8.467000 -1.058000  0.529000
     8.467000 -0.794000  0.529000
     8.467000 -0.529000  0.529000
     8.467000 -0.265000  0.529000
     8.467000  0.000000  0.529000
     8.467000  0.265000  0.529000
     8.467000  0.529000  0.529000
     8.467000  0.794000  0.529000
     8.467000  1.058000  0.529000
     8.467000  1.323000  0.529000
     8.467000  1.588000  0.529000
     8.467000  1.852000  0.529000
     8.467000  2.117000  0.529000
     8.467000  2.381000  0.529000
     8.467000  2.646000  0.529000
     8.467000  2.910000  0.529000
     8.467000  3.175000  0.529000
     8.467000  3.440000  0.529000
     8.467000  3.704000  0.529000
     8.467000  3.969000  0.529000
     8.467000  4.233000  0.529000
     8.467000  4.498000  0.529000
     8.467000  4.763000  0.529000
     8.467000  5.027000  0.529000
     8.467000  5.292000  0.529000
     8.467000  5.556000  0.529000
     8.467000  5.821000  0.529000
     8.467000  6.086000  0.529000
     8.467000  6.350000  0.529000
     8.467000  6.615000  0.529000
     8.467000  6.879000  0.529000
     8.467000  7.144000  0.529000
     8.467000  7.408000  0.529000
     8.467000  7.673000  0.529000
     8.467000  7.938000  0.529000
     8.467000  8.202000  0.529000
     8.467000  8.467000  0.529000
     8.467000  8.731000  0.529000
     8.467000  8.996000  0.529000
     8.467000  9.261000  0.529000
     8.467000  9.525000  0.529000
     8.467000  9.790000  0.529000
     8.467000  10.054000  0.529000
     8.467000  10.319000  0.529000
     8.467000  10.584000  0.529000
     8.731000 -10.584000  0.529000
     8.731000 -10.319000  0.529000
     8.731000 -10.054000  0.529000
     8.731000 -9.790000  0.529000
     8.731000 -9.525000  0.529000
     8.731000 -9.261000  0.529000
     8.731000 -8.996000  0.529000
     8.731000 -8.731000  0.529000
     8.731000 -8.467000  0.529000
     8.731000 -8.202000  0.529000
     8.731000 -7.938000  0.529000
     8.731000 -7.673000  0.529000
     8.731000 -7.408000  0.529000
     8.731000 -7.144000  0.529000
     8.731000 -6.879000  0.529000
     8.731000 -6.615000  0.529000
     8.731000 -6.350000  0.529000
     8.731000 -6.086000  0.529000
     8.731000 -5.821000  0.529000
     8.731000 -5.556000  0.529000
     8.731000 -5.292000  0.529000
     8.731000 -5.027000  0.529000
     8.731000 -4.763000  0.529000
     8.731000 -4.498000  0.529000
     8.731000 -4.233000  0.529000
     8.731000 -3.969000  0.529000
     8.731000 -3.704000  0.529000
     8.731000 -3.440000  0.529000
     8.731000 -3.175000  0.529000
     8.731000 -2.910000  0.529000
     8.731000 -2.646000  0.529000
     8.731000 -2.381000  0.529000
     8.731000 -2.117000  0.529000
     8.731000 -1.852000  0.529000
     8.731000 -1.588000  0.529000
     8.731000 -1.323000  0.529000
     8.731000 -1.058000  0.529000
     8.731000 -0.794000  0.529000
     8.731000 -0.529000  0.529000
     8.731000 -0.265000  0.529000
     8.731000  0.000000  0.529000
     8.731000  0.265000  0.529000
     8.731000  0.529000  0.529000
     8.731000  0.794000  0.529000
     8.731000  1.058000  0.529000
     8.731000  1.323000  0.529000
     8.731000  1.588000  0.529000
     8.731000  1.852000  0.529000
     8.731000  2.117000  0.529000
     8.731000  2.381000  0.529000
     8.731000  2.646000  0.529000
     8.731000  2.910000  0.529000
     8.731000  3.175000  0.529000
     8.731000  3.440000  0.529000
     8.731000  3.704000  0.529000
     8.731000  3.969000  0.529000
     8.731000  4.233000  0.529000
     8.731000  4.498000  0.529000
     8.731000  4.763000  0.529000
     8.731000  5.027000  0.529000
     8.731000  5.292000  0.529000
     8.731000  5.556000  0.529000
     8.731000  5.821000  0.529000
     8.731000  6.086000  0.529000
     8.731000  6.350000  0.529000
     8.731000  6.615000  0.529000
     8.731000  6.879000  0.529000
     8.731000  7.144000  0.529000
     8.731000  7.408000  0.529000
     8.731000  7.673000  0.529000
     8.731000  7.938000  0.529000
     8.731000  8.202000  0.529000
     8.731000  8.467000  0.529000
     8.731000  8.731000  0.529000
     8.731000  8.996000  0.529000
     8.731000  9.261000  0.529000
     8.731000  9.525000  0.529000
     8.731000  9.790000  0.529000
     8.731000  10.054000  0.529000
     8.731000  10.319000  0.529000
     8.731000  10.584000  0.529000
     8.996000 -10.584000  0.529000
     8.996000 -10.319000  0.529000
     8.996000 -10.054000  0.529000
     8.996000 -9.790000  0.529000
     8.996000 -9.525000  0.529000
     8.996000 -9.261000  0.529000
     8.996000 -8.996000  0.529000
     8.996000 -8.731000  0.529000
     8.996000 -8.467000  0.529000
     8.996000 -8.202000  0.529000
     8.996000 -7.938000  0.529000
     8.996000 -7.673000  0.529000
     8.996000 -7.408000  0.529000
     8.996000 -7.144000  0.529000
     8.996000 -6.879000  0.529000
     8.996000 -6.615000  0.529000
     8.996000 -6.350000  0.529000
     8.996000 -6.086000  0.529000
     8.996000 -5.821000  0.529000
     8.996000 -5.556000  0.529000
     8.996000 -5.292000  0.529000
     8.996000 -5.027000  0.529000
     8.996000 -4.763000  0.529000
     8.996000 -4.498000  0.529000
     8.996000 -4.233000  0.529000
     8.996000 -3.969000  0.529000
     8.996000 -3.704000  0.529000
     8.996000 -3.440000  0.529000
     8.996000 -3.175000  0.529000
     8.996000 -2.910000  0.529000
     8.996000 -2.646000  0.529000
     8.996000 -2.381000  0.529000
     8.996000 -2.117000  0.529000
     8.996000 -1.852000  0.529000
     8.996000 -1.588000  0.529000
     8.996000 -1.323000  0.529000
     8.996000 -1.058000  0.529000
     8.996000 -0.794000  0.529000
     8.996000 -0.529000  0.529000
     8.996000 -0.265000  0.529000
     8.996000  0.000000  0.529000
     8.996000  0.265000  0.529000
     8.996000  0.529000  0.529000
     8.996000  0.794000  0.529000
     8.996000  1.058000  0.529000
     8.996000  1.323000  0.529000
     8.996000  1.588000  0.529000
     8.996000  1.852000  0.529000
     8.996000  2.117000  0.529000
     8.996000  2.381000  0.529000
     8.996000  2.646000  0.529000
     8.996000  2.910000  0.529000
     8.996000  3.175000  0.529000
     8.996000  3.440000  0.529000
     8.996000  3.704000  0.529000
     8.996000  3.969000  0.529000
     8.996000  4.233000  0.529000
     8.996000  4.498000  0.529000
     8.996000  4.763000  0.529000
     8.996000  5.027000  0.529000
     8.996000  5.292000  0.529000
     8.996000  5.556000  0.529000
     8.996000  5.821000  0.529000
     8.996000  6.086000  0.529000
     8.996000  6.350000  0.529000
     8.996000  6.615000  0.529000
     8.996000  6.879000  0.529000
     8.996000  7.144000  0.529000
     8.996000  7.408000  0.529000
     8.996000  7.673000  0.529000
     8.996000  7.938000  0.529000
     8.996000  8.202000  0.529000
     8.996000  8.467000  0.529000
     8.996000  8.731000  0.529000
     8.996000  8.996000  0.529000
     8.996000  9.261000  0.529000
     8.996000  9.525000  0.529000
     8.996000  9.790000  0.529000
     8.996000  10.054000  0.529000
     8.996000  10.319000  0.529000
     8.996000  10.584000  0.529000
     9.261000 -10.584000  0.529000
     9.261000 -10.319000  0.529000
     9.261000 -10.054000  0.529000
     9.261000 -9.790000  0.529000
     9.261000 -9.525000  0.529000
     9.261000 -9.261000  0.529000
     9.261000 -8.996000  0.529000
     9.261000 -8.731000  0.529000
     9.261000 -8.467000  0.529000
     9.261000 -8.202000  0.529000
     9.261000 -7.938000  0.529000
     9.261000 -7.673000  0.529000
     9.261000 -7.408000  0.529000
     9.261000 -7.144000  0.529000
     9.261000 -6.879000  0.529000
     9.261000 -6.615000  0.529000
     9.261000 -6.350000  0.529000
     9.261000 -6.086000  0.529000
     9.261000 -5.821000  0.529000
     9.261000 -5.556000  0.529000
     9.261000 -5.292000  0.529000
     9.261000 -5.027000  0.529000
     9.261000 -4.763000  0.529000
     9.261000 -4.498000  0.529000
     9.261000 -4.233000  0.529000
     9.261000 -3.969000  0.529000
     9.261000 -3.704000  0.529000
     9.261000 -3.440000  0.529000
     9.261000 -3.175000  0.529000
     9.261000 -2.910000  0.529000
     9.261000 -2.646000  0.529000
     9.261000 -2.381000  0.529000
     9.261000 -2.117000  0.529000
     9.261000 -1.852000  0.529000
     9.261000 -1.588000  0.529000
     9.261000 -1.323000  0.529000
     9.261000 -1.058000  0.529000
     9.261000 -0.794000  0.529000
     9.261000 -0.529000  0.529000
     9.261000 -0.265000  0.529000
     9.261000  0.000000  0.529000
     9.261000  0.265000  0.529000
     9.261000  0.529000  0.529000
     9.261000  0.794000  0.529000
     9.261000  1.058000  0.529000
     9.261000  1.323000  0.529000
     9.261000  1.588000  0.529000
     9.261000  1.852000  0.529000
     9.261000  2.117000  0.529000
     9.261000  2.381000  0.529000
     9.261000  2.646000  0.529000
     9.261000  2.910000  0.529000
     9.261000  3.175000  0.529000
     9.261000  3.440000  0.529000
     9.261000  3.704000  0.529000
     9.261000  3.969000  0.529000
     9.261000  4.233000  0.529000
     9.261000  4.498000  0.529000
     9.261000  4.763000  0.529000
     9.261000  5.027000  0.529000
     9.261000  5.292000  0.529000
     9.261000  5.556000  0.529000
     9.261000  5.821000  0.529000
     9.261000  6.086000  0.529000
     9.261000  6.350000  0.529000
     9.261000  6.615000  0.529000
     9.261000  6.879000  0.529000
     9.261000  7.144000  0.529000
     9.261000  7.408000  0.529000
     9.261000  7.673000  0.529000
     9.261000  7.938000  0.529000
     9.261000  8.202000  0.529000
     9.261000  8.467000  0.529000
     9.261000  8.731000  0.529000
     9.261000  8.996000  0.529000
     9.261000  9.261000  0.529000
     9.261000  9.525000  0.529000
     9.261000  9.790000  0.529000
     9.261000  10.054000  0.529000
     9.261000  10.319000  0.529000
     9.261000  10.584000  0.529000
     9.525000 -10.584000  0.529000
     9.525000 -10.319000  0.529000
     9.525000 -10.054000  0.529000
     9.525000 -9.790000  0.529000
     9.525000 -9.525000  0.529000
     9.525000 -9.261000  0.529000
     9.525000 -8.996000  0.529000
     9.525000 -8.731000  0.529000
     9.525000 -8.467000  0.529000
     9.525000 -8.202000  0.529000
     9.525000 -7.938000  0.529000
     9.525000 -7.673000  0.529000
     9.525000 -7.408000  0.529000
     9.525000 -7.144000  0.529000
     9.525000 -6.879000  0.529000
     9.525000 -6.615000  0.529000
     9.525000 -6.350000  0.529000
     9.525000 -6.086000  0.529000
     9.525000 -5.821000  0.529000
     9.525000 -5.556000  0.529000
     9.525000 -5.292000  0.529000
     9.525000 -5.027000  0.529000
     9.525000 -4.763000  0.529000
     9.525000 -4.498000  0.529000
     9.525000 -4.233000  0.529000
     9.525000 -3.969000  0.529000
     9.525000 -3.704000  0.529000
     9.525000 -3.440000  0.529000
     9.525000 -3.175000  0.529000
     9.525000 -2.910000  0.529000
     9.525000 -2.646000  0.529000
     9.525000 -2.381000  0.529000
     9.525000 -2.117000  0.529000
     9.525000 -1.852000  0.529000
     9.525000 -1.588000  0.529000
     9.525000 -1.323000  0.529000
     9.525000 -1.058000  0.529000
     9.525000 -0.794000  0.529000
     9.525000 -0.529000  0.529000
     9.525000 -0.265000  0.529000
     9.525000  0.000000  0.529000
     9.525000  0.265000  0.529000
     9.525000  0.529000  0.529000
     9.525000  0.794000  0.529000
     9.525000  1.058000  0.529000
     9.525000  1.323000  0.529000
     9.525000  1.588000  0.529000
     9.525000  1.852000  0.529000
     9.525000  2.117000  0.529000
     9.525000  2.381000  0.529000
     9.525000  2.646000  0.529000
     9.525000  2.910000  0.529000
     9.525000  3.175000  0.529000
     9.525000  3.440000  0.529000
     9.525000  3.704000  0.529000
     9.525000  3.969000  0.529000
     9.525000  4.233000  0.529000
     9.525000  4.498000  0.529000
     9.525000  4.763000  0.529000
     9.525000  5.027000  0.529000
     9.525000  5.292000  0.529000
     9.525000  5.556000  0.529000
     9.525000  5.821000  0.529000
     9.525000  6.086000  0.529000
     9.525000  6.350000  0.529000
     9.525000  6.615000  0.529000
     9.525000  6.879000  0.529000
     9.525000  7.144000  0.529000
     9.525000  7.408000  0.529000
     9.525000  7.673000  0.529000
     9.525000  7.938000  0.529000
     9.525000  8.202000  0.529000
     9.525000  8.467000  0.529000
     9.525000  8.731000  0.529000
     9.525000  8.996000  0.529000
     9.525000  9.261000  0.529000
     9.525000  9.525000  0.529000
     9.525000  9.790000  0.529000
     9.525000  10.054000  0.529000
     9.525000  10.319000  0.529000
     9.525000  10.584000  0.529000
     9.790000 -10.584000  0.529000
     9.790000 -10.319000  0.529000
     9.790000 -10.054000  0.529000
     9.790000 -9.790000  0.529000
     9.790000 -9.525000  0.529000
     9.790000 -9.261000  0.529000
     9.790000 -8.996000  0.529000
     9.790000 -8.731000  0.529000
     9.790000 -8.467000  0.529000
     9.790000 -8.202000  0.529000
     9.790000 -7.938000  0.529000
     9.790000 -7.673000  0.529000
     9.790000 -7.408000  0.529000
     9.790000 -7.144000  0.529000
     9.790000 -6.879000  0.529000
     9.790000 -6.615000  0.529000
     9.790000 -6.350000  0.529000
     9.790000 -6.086000  0.529000
     9.790000 -5.821000  0.529000
     9.790000 -5.556000  0.529000
     9.790000 -5.292000  0.529000
     9.790000 -5.027000  0.529000
     9.790000 -4.763000  0.529000
     9.790000 -4.498000  0.529000
     9.790000 -4.233000  0.529000
     9.790000 -3.969000  0.529000
     9.790000 -3.704000  0.529000
     9.790000 -3.440000  0.529000
     9.790000 -3.175000  0.529000
     9.790000 -2.910000  0.529000
     9.790000 -2.646000  0.529000
     9.790000 -2.381000  0.529000
     9.790000 -2.117000  0.529000
     9.790000 -1.852000  0.529000
     9.790000 -1.588000  0.529000
     9.790000 -1.323000  0.529000
     9.790000 -1.058000  0.529000
     9.790000 -0.794000  0.529000
     9.790000 -0.529000  0.529000
     9.790000 -0.265000  0.529000
     9.790000  0.000000  0.529000
     9.790000  0.265000  0.529000
     9.790000  0.529000  0.529000
     9.790000  0.794000  0.529000
     9.790000  1.058000  0.529000
     9.790000  1.323000  0.529000
     9.790000  1.588000  0.529000
     9.790000  1.852000  0.529000
     9.790000  2.117000  0.529000
     9.790000  2.381000  0.529000
     9.790000  2.646000  0.529000
     9.790000  2.910000  0.529000
     9.790000  3.175000  0.529000
     9.790000  3.440000  0.529000
     9.790000  3.704000  0.529000
     9.790000  3.969000  0.529000
     9.790000  4.233000  0.529000
     9.790000  4.498000  0.529000
     9.790000  4.763000  0.529000
     9.790000  5.027000  0.529000
     9.790000  5.292000  0.529000
     9.790000  5.556000  0.529000
     9.790000  5.821000  0.529000
     9.790000  6.086000  0.529000
     9.790000  6.350000  0.529000
     9.790000  6.615000  0.529000
     9.790000  6.879000  0.529000
     9.790000  7.144000  0.529000
     9.790000  7.408000  0.529000
     9.790000  7.673000  0.529000
     9.790000  7.938000  0.529000
     9.790000  8.202000  0.529000
     9.790000  8.467000  0.529000
     9.790000  8.731000  0.529000
     9.790000  8.996000  0.529000
     9.790000  9.261000  0.529000
     9.790000  9.525000  0.529000
     9.790000  9.790000  0.529000
     9.790000  10.054000  0.529000
     9.790000  10.319000  0.529000
     9.790000  10.584000  0.529000
     10.054000 -10.584000  0.529000
     10.054000 -10.319000  0.529000
     10.054000 -10.054000  0.529000
     10.054000 -9.790000  0.529000
     10.054000 -9.525000  0.529000
     10.054000 -9.261000  0.529000
     10.054000 -8.996000  0.529000
     10.054000 -8.731000  0.529000
     10.054000 -8.467000  0.529000
     10.054000 -8.202000  0.529000
     10.054000 -7.938000  0.529000
     10.054000 -7.673000  0.529000
     10.054000 -7.408000  0.529000
     10.054000 -7.144000  0.529000
     10.054000 -6.879000  0.529000
     10.054000 -6.615000  0.529000
     10.054000 -6.350000  0.529000
     10.054000 -6.086000  0.529000
     10.054000 -5.821000  0.529000
     10.054000 -5.556000  0.529000
     10.054000 -5.292000  0.529000
     10.054000 -5.027000  0.529000
     10.054000 -4.763000  0.529000
     10.054000 -4.498000  0.529000
     10.054000 -4.233000  0.529000
     10.054000 -3.969000  0.529000
     10.054000 -3.704000  0.529000
     10.054000 -3.440000  0.529000
     10.054000 -3.175000  0.529000
     10.054000 -2.910000  0.529000
     10.054000 -2.646000  0.529000
     10.054000 -2.381000  0.529000
     10.054000 -2.117000  0.529000
     10.054000 -1.852000  0.529000
     10.054000 -1.588000  0.529000
     10.054000 -1.323000  0.529000
     10.054000 -1.058000  0.529000
     10.054000 -0.794000  0.529000
     10.054000 -0.529000  0.529000
     10.054000 -0.265000  0.529000
     10.054000  0.000000  0.529000
     10.054000  0.265000  0.529000
     10.054000  0.529000  0.529000
     10.054000  0.794000  0.529000
     10.054000  1.058000  0.529000
     10.054000  1.323000  0.529000
     10.054000  1.588000  0.529000
     10.054000  1.852000  0.529000
     10.054000  2.117000  0.529000
     10.054000  2.381000  0.529000
     10.054000  2.646000  0.529000
     10.054000  2.910000  0.529000
     10.054000  3.175000  0.529000
     10.054000  3.440000  0.529000
     10.054000  3.704000  0.529000
     10.054000  3.969000  0.529000
     10.054000  4.233000  0.529000
     10.054000  4.498000  0.529000
     10.054000  4.763000  0.529000
     10.054000  5.027000  0.529000
     10.054000  5.292000  0.529000
     10.054000  5.556000  0.529000
     10.054000  5.821000  0.529000
     10.054000  6.086000  0.529000
     10.054000  6.350000  0.529000
     10.054000  6.615000  0.529000
     10.054000  6.879000  0.529000
     10.054000  7.144000  0.529000
     10.054000  7.408000  0.529000
     10.054000  7.673000  0.529000
     10.054000  7.938000  0.529000
     10.054000  8.202000  0.529000
     10.054000  8.467000  0.529000
     10.054000  8.731000  0.529000
     10.054000  8.996000  0.529000
     10.054000  9.261000  0.529000
     10.054000  9.525000  0.529000
     10.054000  9.790000  0.529000
     10.054000  10.054000  0.529000
     10.054000  10.319000  0.529000
     10.054000  10.584000  0.529000
     10.319000 -10.584000  0.529000
     10.319000 -10.319000  0.529000
     10.319000 -10.054000  0.529000
     10.319000 -9.790000  0.529000
     10.319000 -9.525000  0.529000
     10.319000 -9.261000  0.529000
     10.319000 -8.996000  0.529000
     10.319000 -8.731000  0.529000
     10.319000 -8.467000  0.529000
     10.319000 -8.202000  0.529000
     10.319000 -7.938000  0.529000
     10.319000 -7.673000  0.529000
     10.319000 -7.408000  0.529000
     10.319000 -7.144000  0.529000
     10.319000 -6.879000  0.529000
     10.319000 -6.615000  0.529000
     10.319000 -6.350000  0.529000
     10.319000 -6.086000  0.529000
     10.319000 -5.821000  0.529000
     10.319000 -5.556000  0.529000
     10.319000 -5.292000  0.529000
     10.319000 -5.027000  0.529000
     10.319000 -4.763000  0.529000
     10.319000 -4.498000  0.529000
     10.319000 -4.233000  0.529000
     10.319000 -3.969000  0.529000
     10.319000 -3.704000  0.529000
     10.319000 -3.440000  0.529000
     10.319000 -3.175000  0.529000
     10.319000 -2.910000  0.529000
     10.319000 -2.646000  0.529000
     10.319000 -2.381000  0.529000
     10.319000 -2.117000  0.529000
     10.319000 -1.852000  0.529000
     10.319000 -1.588000  0.529000
     10.319000 -1.323000  0.529000
     10.319000 -1.058000  0.529000
     10.319000 -0.794000  0.529000
     10.319000 -0.529000  0.529000
     10.319000 -0.265000  0.529000
     10.319000  0.000000  0.529000
     10.319000  0.265000  0.529000
     10.319000  0.529000  0.529000
     10.319000  0.794000  0.529000
     10.319000  1.058000  0.529000
     10.319000  1.323000  0.529000
     10.319000  1.588000  0.529000
     10.319000  1.852000  0.529000
     10.319000  2.117000  0.529000
     10.319000  2.381000  0.529000
     10.319000  2.646000  0.529000
     10.319000  2.910000  0.529000
     10.319000  3.175000  0.529000
     10.319000  3.440000  0.529000
     10.319000  3.704000  0.529000
     10.319000  3.969000  0.529000
     10.319000  4.233000  0.529000
     10.319000  4.498000  0.529000
     10.319000  4.763000  0.529000
     10.319000  5.027000  0.529000
     10.319000  5.292000  0.529000
     10.319000  5.556000  0.529000
     10.319000  5.821000  0.529000
     10.319000  6.086000  0.529000
     10.319000  6.350000  0.529000
     10.319000  6.615000  0.529000
     10.319000  6.879000  0.529000
     10.319000  7.144000  0.529000
     10.319000  7.408000  0.529000
     10.319000  7.673000  0.529000
     10.319000  7.938000  0.529000
     10.319000  8.202000  0.529000
     10.319000  8.467000  0.529000
     10.319000  8.731000  0.529000
     10.319000  8.996000  0.529000
     10.319000  9.261000  0.529000
     10.319000  9.525000  0.529000
     10.319000  9.790000  0.529000
     10.319000  10.054000  0.529000
     10.319000  10.319000  0.529000
     10.319000  10.584000  0.529000
     10.584000 -10.584000  0.529000
     10.584000 -10.319000  0.529000
     10.584000 -10.054000  0.529000
     10.584000 -9.790000  0.529000
     10.584000 -9.525000  0.529000
     10.584000 -9.261000  0.529000
     10.584000 -8.996000  0.529000
     10.584000 -8.731000  0.529000
     10.584000 -8.467000  0.529000
     10.584000 -8.202000  0.529000
     10.584000 -7.938000  0.529000
     10.584000 -7.673000  0.529000
     10.584000 -7.408000  0.529000
     10.584000 -7.144000  0.529000
     10.584000 -6.879000  0.529000
     10.584000 -6.615000  0.529000
     10.584000 -6.350000  0.529000
     10.584000 -6.086000  0.529000
     10.584000 -5.821000  0.529000
     10.584000 -5.556000  0.529000
     10.584000 -5.292000  0.529000
     10.584000 -5.027000  0.529000
     10.584000 -4.763000  0.529000
     10.584000 -4.498000  0.529000
     10.584000 -4.233000  0.529000
     10.584000 -3.969000  0.529000
     10.584000 -3.704000  0.529000
     10.584000 -3.440000  0.529000
     10.584000 -3.175000  0.529000
     10.584000 -2.910000  0.529000
     10.584000 -2.646000  0.529000
     10.584000 -2.381000  0.529000
     10.584000 -2.117000  0.529000
     10.584000 -1.852000  0.529000
     10.584000 -1.588000  0.529000
     10.584000 -1.323000  0.529000
     10.584000 -1.058000  0.529000
     10.584000 -0.794000  0.529000
     10.584000 -0.529000  0.529000
     10.584000 -0.265000  0.529000
     10.584000  0.000000  0.529000
     10.584000  0.265000  0.529000
     10.584000  0.529000  0.529000
     10.584000  0.794000  0.529000
     10.584000  1.058000  0.529000
     10.584000  1.323000  0.529000
     10.584000  1.588000  0.529000
     10.584000  1.852000  0.529000
     10.584000  2.117000  0.529000
     10.584000  2.381000  0.529000
     10.584000  2.646000  0.529000
     10.584000  2.910000  0.529000
     10.584000  3.175000  0.529000
     10.584000  3.440000  0.529000
     10.584000  3.704000  0.529000
     10.584000  3.969000  0.529000
     10.584000  4.233000  0.529000
     10.584000  4.498000  0.529000
     10.584000  4.763000  0.529000
     10.584000  5.027000  0.529000
     10.584000  5.292000  0.529000
     10.584000  5.556000  0.529000
     10.584000  5.821000  0.529000
     10.584000  6.086000  0.529000
     10.584000  6.350000  0.529000
     10.584000  6.615000  0.529000
     10.584000  6.879000  0.529000
     10.584000  7.144000  0.529000
     10.584000  7.408000  0.529000
     10.584000  7.673000  0.529000
     10.584000  7.938000  0.529000
     10.584000  8.202000  0.529000
     10.584000  8.467000  0.529000
     10.584000  8.731000  0.529000
     10.584000  8.996000  0.529000
     10.584000  9.261000  0.529000
     10.584000  9.525000  0.529000
     10.584000  9.790000  0.529000
     10.584000  10.054000  0.529000
     10.584000  10.319000  0.529000
     10.584000  10.584000  0.529000

POINT_DATA 6561
VECTORS point_vectors float
     0.000441 -0.000669 -0.000034
     0.000441 -0.000669 -0.000034
     0.000441 -0.000669 -0.000034
     0.000441 -0.000669 -0.000034
     0.000441 -0.000669 -0.000034
     0.000441 -0.000669 -0.000034
     0.000441 -0.000669 -0.000034
     0.000441 -0.000669 -0.000034
     0.000441 -0.000669 -0.000034
     0.000441 -0.000669 -0.000034
     0.000397 -0.000671 -0.000034
     0.000393 -0.000670 -0.000034
     0.000389 -0.000669 -0.000034
     0.000388 -0.000668 -0.000034
     0.000389 -0.000666 -0.000034
     0.000393 -0.000665 -0.000033
     0.000442 -0.000668 -0.000034
     0.000384 -0.000677 -0.000035
     0.000389 -0.000678 -0.000036
     0.000389 -0.000679 -0.000036
     0.000465 -0.000710 -0.000029
     0.000475 -0.000716 -0.000027
     0.000489 -0.000726 -0.000024
     0.000491 -0.000730 -0.000022
     0.000485 -0.000722 -0.000024
     0.000488 -0.000730 -0.000022
     0.000489 -0.000731 -0.000021
     0.000489 -0.000731 -0.000022
     0.000490 -0.000741 -0.000016
     0.000491 -0.000741 -0.000017
     0.000490 -0.000737 -0.000019
     0.000437 -0.000688 -0.000034
     0.000429 -0.000670 -0.000034
     0.000421 -0.000666 -0.000034
     0.000419 -0.000661 -0.000033
     0.000419 -0.000656 -0.000032
     0.000385 -0.000685 -0.000037
     0.000387 -0.000680 -0.000036
     0.000391 -0.000677 -0.000035
     0.000399 -0.000671 -0.000034
     0.000412 -0.000664 -0.000033
     0.000423 -0.000659 -0.000032
     0.000427 -0.000659 -0.000032
     0.000430 -0.000662 -0.000033
     0.000452 -0.000648 -0.000030
     0.000452 -0.000653 -0.000031
     0.000452 -0.000656 -0.000032
     0.000453 -0.000658 -0.000032
     0.000454 -0.000660 -0.000032
     0.000449 -0.000665 -0.000033
     0.000441 -0.000703 -0.000031
     0.000437 -0.000714 -0.000030
     0.000430 -0.000723 -0.000028
     0.000423 -0.000724 -0.000029
     0.000417 -0.000709 -0.000032
     0.000419 -0.000699 -0.000033
     0.000421 -0.000688 -0.000035
     0.000432 -0.000669 -0.000034
     0.000451 -0.000658 -0.000032
     0.000476 -0.000644 -0.000030
     0.000505 -0.000607 -0.000025
     0.000509 -0.000529 -0.000015
     0.000506 -0.000528 -0.000015
     0.000503 -0.000534 -0.000016
     0.000500 -0.000543 -0.000017
     0.000497 -0.000549 -0.000018
     0.000441 -0.000669 -0.000034
     0.000441 -0.000669 -0.000034
     0.000441 -0.000669 -0.000034
     0.000441 -0.000669 -0.000034
     0.000441 -0.000669 -0.000034
     0.000441 -0.000669 -0.000034
     0.000441 -0.000669 -0.000034
     0.000441 -0.000669 -0.000034
     0.000441 -0.000669 -0.000034
     0.000441 -0.000669 -0.000034
     0.000441 -0.000669 -0.000034
     0.000441 -0.000669 -0.000034
     0.000441 -0.000669 -0.000034
     0.000441 -0.000669 -0.000034
     0.000441 -0.000669 -0.000034
     0.000441 -0.000669 -0.000034
     0.000441 -0.000669 -0.000034
     0.000441 -0.000669 -0.000034
     0.000441 -0.000669 -0.000034
     0.000441 -0.000669 -0.000034
     0.000441 -0.000669 -0.000034
     0.000441 -0.000669 -0.000034
     0.000441 -0.000669 -0.000034
     0.000441 -0.000669 -0.000034
     0.000394 -0.000672 -0.000035
     0.000390 -0.000672 -0.000035
     0.000385 -0.000671 -0.000035
     0.000383 -0.000670 -0.000034
     0.000384 -0.000669 -0.000034
     0.000388 -0.000668 -0.000034
     0.000444 -0.000671 -0.000034
     0.000384 -0.000679 -0.000036
     0.000390 -0.000680 -0.000036
     0.000390 -0.000681 -0.000036
     0.000469 -0.000712 -0.000028
     0.000483 -0.000720 -0.000026
     0.000451 -0.000663 -0.000033
     0.000484 -0.000718 -0.000026
     0.000485 -0.000724 -0.000023
     0.000485 -0.000724 -0.000023
     0.000484 -0.000722 -0.000024
     0.000483 -0.000718 -0.000026
     0.000482 -0.000724 -0.000021
     0.000480 -0.000719 -0.000023
     0.000442 -0.000661 -0.000033
     0.000438 -0.000656 -0.000032
     0.000427 -0.000648 -0.000030
     0.000422 -0.000653 -0.000029
     0.000421 -0.000664 -0.000028
     0.000423 -0.000670 -0.000027
     0.000427 -0.000672 -0.000026
     0.000432 -0.000671 -0.000025
     0.000438 -0.000668 -0.000025
     0.000445 -0.000663 -0.000025
     0.000412 -0.000656 -0.000030
     0.000420 -0.000652 -0.000029
     0.000431 -0.000645 -0.000028
     0.000450 -0.000636 -0.000027
     0.000467 -0.000626 -0.000026
     0.000470 -0.000627 -0.000026
     0.000469 -0.000634 -0.000028
     0.000490 -0.000625 -0.000026
     0.000489 -0.000630 -0.000027
     0.000479 -0.000641 -0.000029
     0.000470 -0.000651 -0.000031
     0.000463 -0.000657 -0.000032
     0.000449 -0.000681 -0.000033
     0.000440 -0.000713 -0.000030
     0.000431 -0.000725 -0.000028
     0.000421 -0.000731 -0.000028
     0.000415 -0.000716 -0.000031
     0.000418 -0.000707 -0.000032
     0.000420 -0.000699 -0.000033
     0.000424 -0.000679 -0.000035
     0.000445 -0.000662 -0.000033
     0.000474 -0.000646 -0.000030
     0.000495 -0.000631 -0.000028
     0.000503 -0.000523 -0.000015
     0.000500 -0.000524 -0.000015
     0.000497 -0.000531 -0.000016
     0.000494 -0.000540 -0.000017
     0.000498 -0.000620 -0.000027
     0.000441 -0.000669 -0.000034
     0.000441 -0.000669 -0.000034
     0.000441 -0.000669 -0.000034
     0.000441 -0.000669 -0.000034
     0.000441 -0.000669 -0.000034
     0.000441 -0.000669 -0.000034
     0.000441 -0.000669 -0.000034
     0.000441 -0.000669 -0.000034
     0.000441 -0.000669 -0.000034
     0.000441 -0.000669 -0.000034
     0.000441 -0.000669 -0.000034
     0.000441 -0.000669 -0.000034
     0.000441 -0.000669 -0.000034
     0.000441 -0.000669 -0.000034
     0.000441 -0.000669 -0.000034
     0.000441 -0.000669 -0.000034
     0.000441 -0.000669 -0.000034
     0.000441 -0.000669 -0.000034
     0.000441 -0.000669 -0.000034
     0.000441 -0.000669 -0.000034
     0.000441 -0.000669 -0.000034
     0.000441 -0.000669 -0.000034
     0.000441 -0.000669 -0.000034
     0.000387 -0.000674 -0.000035
     0.000381 -0.000674 -0.000035
     0.000378 -0.000673 -0.000035
     0.000379 -0.000672 -0.000035
     0.000383 -0.000671 -0.000034
     0.000445 -0.000675 -0.000034
     0.000463 -0.000702 -0.000031
     0.000392 -0.000681 -0.000036
     0.000390 -0.000682 -0.000036
     0.000432 -0.000664 -0.000033
     0.000440 -0.000663 -0.000033
     0.000482 -0.000713 -0.000028
     0.000483 -0.000718 -0.000026
     0.000482 -0.000718 -0.000025
     0.000481 -0.000716 -0.000026
     0.000480 -0.000710 -0.000028
     0.000475 -0.000707 -0.000027
     0.000471 -0.000695 -0.000028
     0.000473 -0.000646 -0.000031
     0.000438 -0.000644 -0.000030
     0.000425 -0.000651 -0.000029
     0.000404 -0.000687 -0.000027
     0.000399 -0.000707 -0.000026
     0.000403 -0.000719 -0.000024
     0.000411 -0.000725 -0.000022
     0.000425 -0.000724 -0.000020
     0.000439 -0.000724 -0.000018
     0.000455 -0.000722 -0.000017
     0.000477 -0.000751 -0.000015
     0.000487 -0.000714 -0.000014
     0.000494 -0.000691 -0.000015
     0.000501 -0.000678 -0.000016
     0.000505 -0.000663 -0.000017
     0.000463 -0.000654 -0.000023
     0.000474 -0.000641 -0.000023
     0.000498 -0.000625 -0.000022
     0.000516 -0.000612 -0.000021
     0.000517 -0.000604 -0.000022
     0.000508 -0.000615 -0.000024
     0.000509 -0.000602 -0.000023
     0.000498 -0.000616 -0.000025
     0.000486 -0.000635 -0.000028
     0.000475 -0.000653 -0.000031
     0.000462 -0.000661 -0.000033
     0.000445 -0.000708 -0.000030
     0.000430 -0.000725 -0.000028
     0.000418 -0.000734 -0.000027
     0.000413 -0.000721 -0.000030
     0.000416 -0.000712 -0.000031
     0.000418 -0.000705 -0.000032
     0.000422 -0.000695 -0.000034
     0.000440 -0.000667 -0.000034
     0.000473 -0.000649 -0.000031
     0.000491 -0.000629 -0.000028
     0.000496 -0.000519 -0.000014
     0.000493 -0.000521 -0.000015
     0.000491 -0.000529 -0.000016
     0.000489 -0.000537 -0.000017
     0.000496 -0.000617 -0.000026
     0.000441 -0.000669 -0.000034
     0.000441 -0.000669 -0.000034
     0.000441 -0.000669 -0.000034
     0.000441 -0.000669 -0.000034
     0.000441 -0.000669 -0.000034
     0.000441 -0.000669 -0.000034
     0.000441 -0.000669 -0.000034
     0.000441 -0.000669 -0.000034
     0.000441 -0.000669 -0.000034
     0.000441 -0.000669 -0.000034
     0.000441 -0.000669 -0.000034
     0.000441 -0.000669 -0.000034
     0.000441 -0.000669 -0.000034
     0.000441 -0.000669 -0.000034
     0.000441 -0.000669 -0.000034
     0.000441 -0.000669 -0.000034
     0.000441 -0.000669 -0.000034
     0.000441 -0.000669 -0.000034
     0.000441 -0.000669 -0.000034
     0.000441 -0.000669 -0.000034
     0.000441 -0.000669 -0.000034
     0.000385 -0.000676 -0.000035
     0.000379 -0.000676 -0.000035
     0.000374 -0.000676 -0.000035
     0.000374 -0.000675 -0.000035
     0.000378 -0.000673 -0.000035
     0.000444 -0.000675 -0.000034
     0.000464 -0.000702 -0.000031
     0.000393 -0.000682 -0.000036
     0.000371 -0.000671 -0.000034
     0.000432 -0.000664 -0.000033
     0.000458 -0.000695 -0.000032
     0.000482 -0.000713 -0.000028
     0.000482 -0.000714 -0.000027
     0.000480 -0.000712 -0.000027
     0.000479 -0.000708 -0.000029
     0.000465 -0.000659 -0.000032
     0.000476 -0.000653 -0.000032
     0.000481 -0.000647 -0.000031
     0.000482 -0.000643 -0.000030
     0.000420 -0.000654 -0.000029
     0.000389 -0.000699 -0.000028
     0.000367 -0.000737 -0.000026
     0.000363 -0.000758 -0.000025
     0.000371 -0.000765 -0.000023
     0.000389 -0.000821 -0.000020
     0.000423 -0.000984 -0.000017
     0.000436 -0.001186 -0.000015
     0.000398 -0.001361 -0.000013
     0.000378 -0.001434 -0.000012
     0.000376 -0.001401 -0.000011
     0.000372 -0.001373 -0.000010
     0.000385 -0.001259 -0.000010
     0.000416 -0.001056 -0.000010
     0.000473 -0.000749 -0.000011
     0.000562 -0.000642 -0.000011
     0.000559 -0.000624 -0.000013
     0.000509 -0.000624 -0.000020
     0.000520 -0.000613 -0.000020
     0.000520 -0.000591 -0.000019
     0.000513 -0.000578 -0.000019
     0.000504 -0.000587 -0.000021
     0.000494 -0.000603 -0.000023
     0.000493 -0.000593 -0.000023
     0.000484 -0.000612 -0.000026
     0.000477 -0.000636 -0.000029
     0.000469 -0.000660 -0.000032
     0.000450 -0.000709 -0.000029
     0.000430 -0.000728 -0.000028
     0.000413 -0.000738 -0.000027
     0.000410 -0.000724 -0.000030
     0.000414 -0.000714 -0.000031
     0.000416 -0.000708 -0.000032
     0.000421 -0.000700 -0.000033
     0.000436 -0.000670 -0.000034
     0.000474 -0.000650 -0.000031
     0.000488 -0.000627 -0.000028
     0.000489 -0.000516 -0.000014
     0.000487 -0.000520 -0.000015
     0.000486 -0.000528 -0.000016
     0.000484 -0.000536 -0.000017
     0.000493 -0.000615 -0.000026
     0.000441 -0.000669 -0.000034
     0.000441 -0.000669 -0.000034
     0.000441 -0.000669 -0.000034
     0.000441 -0.000669 -0.000034
     0.000441 -0.000669 -0.000034
     0.000441 -0.000669 -0.000034
     0.000441 -0.000669 -0.000034
     0.000441 -0.000669 -0.000034
     0.000441 -0.000669 -0.000034
     0.000441 -0.000669 -0.000034
     0.000441 -0.000669 -0.000034
     0.000441 -0.000669 -0.000034
     0.000441 -0.000669 -0.000034
     0.000441 -0.000669 -0.000034
     0.000441 -0.000669 -0.000034
     0.000441 -0.000669 -0.000034
     0.000441 -0.000669 -0.000034
     0.000441 -0.000669 -0.000034
     0.000441 -0.000669 -0.000034
     0.000384 -0.000677 -0.000036
     0.000377 -0.000678 -0.000036
     0.000371 -0.000678 -0.000036
     0.000369 -0.000677 -0.000035
     0.000373 -0.000676 -0.000035
     0.000442 -0.000673 -0.000034
     0.000463 -0.000701 -0.000031
     0.000441 -0.000658 -0.000032
     0.000368 -0.000673 -0.000035
     0.000447 -0.000666 -0.000034
     0.000460 -0.000691 -0.000032
     0.000481 -0.000712 -0.000028
     0.000481 -0.000711 -0.000028
     0.000479 -0.000708 -0.000029
     0.000463 -0.000661 -0.000033
     0.000454 -0.000656 -0.000032
     0.000470 -0.000653 -0.000031
     0.000471 -0.000647 -0.000030
     0.000467 -0.000639 -0.000029
     0.000390 -0.000688 -0.000029
     0.000345 -0.000746 -0.000028
     0.000321 -0.000786 -0.000027
     0.000323 -0.000801 -0.000025
     0.000357 -0.001006 -0.000022
     0.000395 -0.001204 -0.000018
     0.000391 -0.001460 -0.000015
     0.000348 -0.001657 -0.000014
     0.000330 -0.001702 -0.000013
     0.000333 -0.001632 -0.000012
     0.000342 -0.001534 -0.000011
     0.000360 -0.001393 -0.000011
     0.000383 -0.001223 -0.000010
     0.000407 -0.001056 -0.000010
     0.000425 -0.000927 -0.000010
     0.000404 -0.000893 -0.000009
     0.000387 -0.000834 -0.000009
     0.000441 -0.000731 -0.000009
     0.000485 -0.000669 -0.000009
     0.000428 -0.000805 -0.000009
     0.000550 -0.000636 -0.000014
     0.000555 -0.000611 -0.000012
     0.000548 -0.000589 -0.000011
     0.000540 -0.000575 -0.000012
     0.000532 -0.000567 -0.000014
     0.000524 -0.000566 -0.000017
     0.000519 -0.000562 -0.000018
     0.000511 -0.000589 -0.000022
     0.000506 -0.000616 -0.000025
     0.000464 -0.000648 -0.000031
     0.000410 -0.000679 -0.000036
     0.000408 -0.000742 -0.000027
     0.000407 -0.000728 -0.000029
     0.000412 -0.000716 -0.000031
     0.000415 -0.000709 -0.000032
     0.000421 -0.000702 -0.000033
     0.000436 -0.000675 -0.000034
     0.000477 -0.000649 -0.000031
     0.000484 -0.000625 -0.000028
     0.000482 -0.000515 -0.000014
     0.000481 -0.000520 -0.000015
     0.000480 -0.000528 -0.000016
     0.000492 -0.000609 -0.000026
     0.000490 -0.000613 -0.000026
     0.000441 -0.000669 -0.000034
     0.000441 -0.000669 -0.000034
     0.000441 -0.000669 -0.000034
     0.000441 -0.000669 -0.000034
     0.000441 -0.000669 -0.000034
     0.000441 -0.000669 -0.000034
     0.000441 -0.000669 -0.000034
     0.000441 -0.000669 -0.000034
     0.000441 -0.000669 -0.000034
     0.000441 -0.000669 -0.000034
     0.000441 -0.000669 -0.000034
     0.000441 -0.000669 -0.000034
     0.000441 -0.000669 -0.000034
     0.000441 -0.000669 -0.000034
     0.000441 -0.000669 -0.000034
     0.000441 -0.000669 -0.000034
     0.000441 -0.000669 -0.000034
     0.000384 -0.000678 -0.000036
     0.000377 -0.000679 -0.000036
     0.000369 -0.000680 -0.000036
     0.000365 -0.000680 -0.000036
     0.000367 -0.000679 -0.000036
     0.000438 -0.000670 -0.000034
     0.000459 -0.000699 -0.000032
     0.000436 -0.000659 -0.000033
     0.000364 -0.000675 -0.000035
     0.000380 -0.000676 -0.000035
     0.000461 -0.000685 -0.000032
     0.000480 -0.000710 -0.000029
     0.000480 -0.000710 -0.000029
     0.000474 -0.000704 -0.000030
     0.000450 -0.000661 -0.000033
     0.000445 -0.000659 -0.000032
     0.000457 -0.000654 -0.000032
     0.000449 -0.000647 -0.000030
     0.000446 -0.000638 -0.000028
     0.000356 -0.000722 -0.000030
     0.000301 -0.000788 -0.000029
     0.000276 -0.000829 -0.000028
     0.000359 -0.001066 -0.000024
     0.000401 -0.001231 -0.000021
     0.000481 -0.001409 -0.000017
     0.000455 -0.001588 -0.000016
     0.000343 -0.001641 -0.000015
     0.000343 -0.001576 -0.000014
     0.000355 -0.001455 -0.000014
     0.000378 -0.001281 -0.000013
     0.000408 -0.001073 -0.000013
     0.000429 -0.000929 -0.000012
     0.000451 -0.000787 -0.000012
     0.000468 -0.000754 -0.000011
     0.000468 -0.000745 -0.000011
     0.000371 -0.001258 -0.000008
     0.000353 -0.001334 -0.000007
     0.000318 -0.001416 -0.000006
     0.000313 -0.001400 -0.000006
     0.000302 -0.001409 -0.000006
     0.000279 -0.001410 -0.000005
     0.000420 -0.000838 -0.000010
     0.000383 -0.000794 -0.000008
     0.000375 -0.000768 -0.000007
     0.000406 -0.000703 -0.000007
     0.000531 -0.000553 -0.000008
     0.000528 -0.000544 -0.000012
     0.000522 -0.000533 -0.000013
     0.000513 -0.000566 -0.000019
     0.000507 -0.000605 -0.000024
     0.000473 -0.000642 -0.000030
     0.000413 -0.000675 -0.000035
     0.000344 -0.000725 -0.000034
     0.000403 -0.000678 -0.000036
     0.000419 -0.000669 -0.000035
     0.000414 -0.000710 -0.000032
     0.000421 -0.000703 -0.000033
     0.000439 -0.000677 -0.000034
     0.000482 -0.000648 -0.000030
     0.000475 -0.000549 -0.000019
     0.000476 -0.000516 -0.000015
     0.000476 -0.000522 -0.000016
     0.000475 -0.000528 -0.000017
     0.000489 -0.000608 -0.000025
     0.000488 -0.000612 -0.000026
     0.000441 -0.000669 -0.000034
     0.000441 -0.000669 -0.000034
     0.000441 -0.000669 -0.000034
     0.000441 -0.000669 -0.000034
     0.000441 -0.000669 -0.000034
     0.000441 -0.000669 -0.000034
     0.000441 -0.000669 -0.000034
     0.000441 -0.000669 -0.000034
     0.000441 -0.000669 -0.000034
     0.000441 -0.000669 -0.000034
     0.000441 -0.000669 -0.000034
     0.000441 -0.000669 -0.000034
     0.000441 -0.000669 -0.000034
     0.000441 -0.000669 -0.000034
     0.000441 -0.000669 -0.000034
     0.000441 -0.000669 -0.000034
     0.000378 -0.000680 -0.000036
     0.000369 -0.000682 -0.000036
     0.000363 -0.000682 -0.000036
     0.000362 -0.000682 -0.000036
     0.000368 -0.000680 -0.000036
     0.000412 -0.000665 -0.000033
     0.000429 -0.000661 -0.000033
     0.000439 -0.000658 -0.000032
     0.000379 -0.000677 -0.000035
     0.000460 -0.000677 -0.000032
     0.000479 -0.000710 -0.000028
     0.000480 -0.000710 -0.000028
     0.000464 -0.000692 -0.000032
     0.000440 -0.000664 -0.000033
     0.000437 -0.000662 -0.000033
     0.000443 -0.000657 -0.000032
     0.000423 -0.000651 -0.000031
     0.000417 -0.000656 -0.000029
     0.000321 -0.000752 -0.000031
     0.000261 -0.000821 -0.000031
     0.000524 -0.000885 -0.000026
     0.000640 -0.001059 -0.000023
     0.000634 -0.001159 -0.000021
     0.000678 -0.001286 -0.000019
     0.000607 -0.001327 -0.000018
     0.000349 -0.001208 -0.000021
     0.000369 -0.000995 -0.000020
     0.000387 -0.000807 -0.000020
     0.000420 -0.000740 -0.000019
     0.000458 -0.000709 -0.000017
     0.000491 -0.000684 -0.000016
     0.000516 -0.000667 -0.000014
     0.000462 -0.000797 -0.000013
     0.000456 -0.000837 -0.000012
     0.000430 -0.000981 -0.000011
     0.000392 -0.001186 -0.000009
     0.000357 -0.001355 -0.000007
     0.000342 -0.001406 -0.000006
     0.000288 -0.001473 -0.000005
     0.000287 -0.001380 -0.000005
     0.000288 -0.001309 -0.000005
     0.000265 -0.001290 -0.000005
     0.000207 -0.001367 -0.000003
     0.000273 -0.001028 -0.000006
     0.000246 -0.000978 -0.000005
     0.000241 -0.000844 -0.000004
     0.000346 -0.000709 -0.000005
     0.000503 -0.000541 -0.000007
     0.000523 -0.000508 -0.000008
     0.000515 -0.000538 -0.000015
     0.000507 -0.000594 -0.000022
     0.000469 -0.000642 -0.000030
     0.000418 -0.000670 -0.000035
     0.000341 -0.000719 -0.000036
     0.000409 -0.000675 -0.000036
     0.000419 -0.000670 -0.000035
     0.000442 -0.000658 -0.000032
     0.000423 -0.000701 -0.000033
     0.000444 -0.000671 -0.000034
     0.000479 -0.000643 -0.000030
     0.000470 -0.000549 -0.000019
     0.000470 -0.000518 -0.000015
     0.000470 -0.000524 -0.000016
     0.000487 -0.000603 -0.000025
     0.000486 -0.000607 -0.000026
     0.000485 -0.000612 -0.000026
     0.000441 -0.000669 -0.000034
     0.000441 -0.000669 -0.000034
     0.000441 -0.000669 -0.000034
     0.000441 -0.000669 -0.000034
     0.000441 -0.000669 -0.000034
     0.000441 -0.000669 -0.000034
     0.000441 -0.000669 -0.000034
     0.000441 -0.000669 -0.000034
     0.000441 -0.000669 -0.000034
     0.000441 -0.000669 -0.000034
     0.000441 -0.000669 -0.000034
     0.000441 -0.000669 -0.000034
     0.000441 -0.000669 -0.000034
     0.000441 -0.000669 -0.000034
     0.000379 -0.000681 -0.000036
     0.000371 -0.000683 -0.000036
     0.000362 -0.000684 -0.000037
     0.000358 -0.000684 -0.000037
     0.000362 -0.000683 -0.000036
     0.000402 -0.000667 -0.000034
     0.000419 -0.000663 -0.000033
     0.000434 -0.000659 -0.000033
     0.000376 -0.000678 -0.000036
     0.000458 -0.000668 -0.000033
     0.000479 -0.000709 -0.000028
     0.000479 -0.000711 -0.000028
     0.000461 -0.000697 -0.000032
     0.000432 -0.000667 -0.000034
     0.000428 -0.000666 -0.000033
     0.000429 -0.000661 -0.000032
     0.000395 -0.000659 -0.000031
     0.000381 -0.000686 -0.000030
     0.000360 -0.000717 -0.000029
     0.000236 -0.000833 -0.000032
     0.000710 -0.000840 -0.000027
     0.000806 -0.000946 -0.000024
     0.000785 -0.001023 -0.000023
     0.000678 -0.001013 -0.000023
     0.000494 -0.000945 -0.000025
     0.000275 -0.000833 -0.000027
     0.000318 -0.000797 -0.000025
     0.000351 -0.000775 -0.000024
     0.000389 -0.000752 -0.000021
     0.000431 -0.000726 -0.000019
     0.000477 -0.000688 -0.000017
     0.000483 -0.000694 -0.000016
     0.000509 -0.000661 -0.000016
     0.000519 -0.000639 -0.000017
     0.000517 -0.000630 -0.000019
     0.000515 -0.000621 -0.000020
     0.000514 -0.000620 -0.000020
     0.000524 -0.000622 -0.000019
     0.000547 -0.000623 -0.000016
     0.000573 -0.000619 -0.000011
     0.000402 -0.000780 -0.000008
     0.000310 -0.001025 -0.000006
     0.000320 -0.000951 -0.000007
     0.000265 -0.001057 -0.000005
     0.000182 -0.001207 -0.000003
     0.000232 -0.000926 -0.000005
     0.000193 -0.000917 -0.000004
     0.000159 -0.000891 -0.000002
     0.000228 -0.000781 -0.000003
     0.000402 -0.000605 -0.000005
     0.000501 -0.000497 -0.000006
     0.000512 -0.000516 -0.000012
     0.000508 -0.000583 -0.000021
     0.000466 -0.000642 -0.000030
     0.000350 -0.000695 -0.000040
     0.000342 -0.000710 -0.000038
     0.000406 -0.000676 -0.000036
     0.000422 -0.000668 -0.000034
     0.000451 -0.000654 -0.000032
     0.000473 -0.000644 -0.000030
     0.000454 -0.000664 -0.000033
     0.000477 -0.000638 -0.000029
     0.000466 -0.000550 -0.000019
     0.000465 -0.000521 -0.000016
     0.000465 -0.000525 -0.000016
     0.000484 -0.000602 -0.000025
     0.000483 -0.000607 -0.000026
     0.000482 -0.000612 -0.000026
     0.000441 -0.000669 -0.000034
     0.000441 -0.000669 -0.000034
     0.000441 -0.000669 -0.000034
     0.000441 -0.000669 -0.000034
     0.000441 -0.000669 -0.000034
     0.000441 -0.000669 -0.000034
     0.000441 -0.000669 -0.000034
     0.000441 -0.000669 -0.000034
     0.000441 -0.000669 -0.000034
     0.000441 -0.000669 -0.000034
     0.000441 -0.000669 -0.000034
     0.000441 -0.000669 -0.000034
     0.000441 -0.000669 -0.000034
     0.000373 -0.000683 -0.000036
     0.000363 -0.000685 -0.000037
     0.000356 -0.000686 -0.000037
     0.000356 -0.000686 -0.000037
     0.000391 -0.000671 -0.000034
     0.000407 -0.000666 -0.000034
     0.000426 -0.000661 -0.000033
     0.000457 -0.000658 -0.000032
     0.000381 -0.000679 -0.000036
     0.000478 -0.000708 -0.000028
     0.000479 -0.000711 -0.000027
     0.000470 -0.000703 -0.000031
     0.000428 -0.000671 -0.000034
     0.000420 -0.000670 -0.000034
     0.000391 -0.000669 -0.000034
     0.000372 -0.000676 -0.000033
     0.000341 -0.000716 -0.000032
     0.000340 -0.000726 -0.000031
     0.000223 -0.000830 -0.000035
     0.000776 -0.000837 -0.000029
     0.000880 -0.000840 -0.000027
     0.000696 -0.000839 -0.000028
     0.000495 -0.000837 -0.000030
     0.000356 -0.000836 -0.000032
     0.000252 -0.000814 -0.000032
     0.000281 -0.000793 -0.000031
     0.000303 -0.000781 -0.000029
     0.000334 -0.000762 -0.000027
     0.000389 -0.000719 -0.000025
     0.000452 -0.000664 -0.000023
     0.000475 -0.000653 -0.000022
     0.000525 -0.000607 -0.000020
     0.000540 -0.000588 -0.000021
     0.000526 -0.000585 -0.000022
     0.000515 -0.000594 -0.000024
     0.000504 -0.000616 -0.000027
     0.000496 -0.000650 -0.000031
     0.000477 -0.000726 -0.000030
     0.000453 -0.000713 -0.000032
     0.000460 -0.000648 -0.000031
     0.000508 -0.000609 -0.000024
     0.000542 -0.000588 -0.000016
     0.000542 -0.000575 -0.000009
     0.000406 -0.000705 -0.000008
     0.000325 -0.000765 -0.000006
     0.000178 -0.000913 -0.000004
     0.000228 -0.000816 -0.000005
     0.000127 -0.000885 -0.000002
     0.000114 -0.000854 -0.000001
     0.000199 -0.000759 -0.000002
     0.000365 -0.000601 -0.000004
     0.000464 -0.000498 -0.000005
     0.000503 -0.000513 -0.000012
     0.000507 -0.000591 -0.000022
     0.000465 -0.000642 -0.000030
     0.000356 -0.000693 -0.000039
     0.000426 -0.000664 -0.000034
     0.000408 -0.000675 -0.000036
     0.000430 -0.000664 -0.000034
     0.000462 -0.000649 -0.000031
     0.000489 -0.000637 -0.000029
     0.000493 -0.000605 -0.000025
     0.000462 -0.000559 -0.000021
     0.000462 -0.000553 -0.000020
     0.000461 -0.000523 -0.000016
     0.000481 -0.000600 -0.000025
     0.000481 -0.000602 -0.000025
     0.000480 -0.000608 -0.000026
     0.000441 -0.000669 -0.000034
     0.000441 -0.000669 -0.000034
     0.000441 -0.000669 -0.000034
     0.000441 -0.000669 -0.000034
     0.000441 -0.000669 -0.000034
     0.000441 -0.000669 -0.000034
     0.000441 -0.000669 -0.000034
     0.000441 -0.000669 -0.000034
     0.000441 -0.000669 -0.000034
     0.000441 -0.000669 -0.000034
     0.000441 -0.000669 -0.000034
     0.000441 -0.000669 -0.000034
     0.000376 -0.000684 -0.000037
     0.000366 -0.000686 -0.000037
     0.000356 -0.000688 -0.000037
     0.000352 -0.000688 -0.000037
     0.000303 -0.000711 -0.000038
     0.000394 -0.000670 -0.000034
     0.000413 -0.000665 -0.000033
     0.000453 -0.000659 -0.000033
     0.000465 -0.000657 -0.000032
     0.000477 -0.000704 -0.000029
     0.000477 -0.000712 -0.000026
     0.000480 -0.000709 -0.000029
     0.000429 -0.000673 -0.000035
     0.000413 -0.000674 -0.000035
     0.000379 -0.000674 -0.000034
     0.000355 -0.000686 -0.000034
     0.000310 -0.000732 -0.000034
     0.000320 -0.000730 -0.000033
     0.000218 -0.000816 -0.000037
     0.000607 -0.000832 -0.000033
     0.000904 -0.000836 -0.000029
     0.000656 -0.000834 -0.000031
     0.000684 -0.000839 -0.000028
     0.000576 -0.000839 -0.000028
     0.000245 -0.000828 -0.000032
     0.000278 -0.000793 -0.000031
     0.000290 -0.000779 -0.000031
     0.000324 -0.000744 -0.000031
     0.000393 -0.000670 -0.000031
     0.000416 -0.000648 -0.000031
     0.000469 -0.000653 -0.000033
     0.000519 -0.000784 -0.000024
     0.000526 -0.000803 -0.000020
     0.000525 -0.000806 -0.000017
     0.000513 -0.000790 -0.000018
     0.000516 -0.000794 -0.000015
     0.000506 -0.000773 -0.000019
     0.000506 -0.000767 -0.000023
     0.000501 -0.000769 -0.000026
     0.000464 -0.000779 -0.000027
     0.000430 -0.000774 -0.000029
     0.000407 -0.000719 -0.000035
     0.000441 -0.000650 -0.000032
     0.000517 -0.000603 -0.000023
     0.000529 -0.000582 -0.000016
     0.000517 -0.000552 -0.000009
     0.000392 -0.000643 -0.000007
     0.000207 -0.000778 -0.000003
     0.000276 -0.000712 -0.000005
     0.000124 -0.000820 -0.000001
     0.000060 -0.000838 -0.000001
     0.000197 -0.000712 -0.000001
     0.000357 -0.000566 -0.000003
     0.000485 -0.000451 -0.000005
     0.000493 -0.000523 -0.000014
     0.000507 -0.000621 -0.000026
     0.000387 -0.000676 -0.000036
     0.000366 -0.000688 -0.000038
     0.000434 -0.000661 -0.000033
     0.000412 -0.000673 -0.000035
     0.000444 -0.000658 -0.000032
     0.000476 -0.000643 -0.000030
     0.000494 -0.000626 -0.000027
     0.000488 -0.000593 -0.000023
     0.000458 -0.000560 -0.000021
     0.000456 -0.000524 -0.000017
     0.000479 -0.000599 -0.000025
     0.000478 -0.000599 -0.000025
     0.000478 -0.000603 -0.000025
     0.000478 -0.000609 -0.000026
     0.000441 -0.000669 -0.000034
     0.000441 -0.000669 -0.000034
     0.000441 -0.000669 -0.000034
     0.000441 -0.000669 -0.000034
     0.000441 -0.000669 -0.000034
     0.000441 -0.000669 -0.000034
     0.000441 -0.000669 -0.000034
     0.000441 -0.000669 -0.000034
     0.000441 -0.000669 -0.000034
     0.000441 -0.000669 -0.000034
     0.000441 -0.000669 -0.000034
     0.000371 -0.000686 -0.000037
     0.000360 -0.000688 -0.000037
     0.000351 -0.000690 -0.000037
     0.000294 -0.000715 -0.000039
     0.000380 -0.000675 -0.000035
     0.000398 -0.000669 -0.000034
     0.000447 -0.000660 -0.000033
     0.000458 -0.000658 -0.000032
     0.000389 -0.000680 -0.000036
     0.000475 -0.000711 -0.000025
     0.000478 -0.000711 -0.000026
     0.000453 -0.000696 -0.000032
     0.000409 -0.000677 -0.000035
     0.000375 -0.000678 -0.000035
     0.000348 -0.000686 -0.000035
     0.000302 -0.000727 -0.000036
     0.000295 -0.000736 -0.000036
     0.000291 -0.000748 -0.000035
     0.000583 -0.000830 -0.000034
     0.001293 -0.000841 -0.000025
     0.001057 -0.000840 -0.000026
     0.000791 -0.000838 -0.000028
     0.000568 -0.000837 -0.000030
     0.000259 -0.000801 -0.000033
     0.000298 -0.000752 -0.000034
     0.000303 -0.000733 -0.000035
     0.000341 -0.000684 -0.000036
     0.000430 -0.000737 -0.000031
     0.000489 -0.000811 -0.000022
     0.000588 -0.000919 -0.000002
     0.000618 -0.000985  0.000010
     0.000641 -0.001027  0.000017
     0.000649 -0.001040  0.000018
     0.000630 -0.000997  0.000010
     0.000603 -0.000943  0.000000
     0.000568 -0.000885 -0.000011
     0.000518 -0.000798 -0.000024
     0.000507 -0.000636 -0.000031
     0.000477 -0.000734 -0.000030
     0.000454 -0.000714 -0.000032
     0.000419 -0.000735 -0.000034
     0.000384 -0.000758 -0.000035
     0.000367 -0.000708 -0.000039
     0.000427 -0.000647 -0.000032
     0.000504 -0.000609 -0.000023
     0.000532 -0.000587 -0.000016
     0.000507 -0.000536 -0.000009
     0.000353 -0.000628 -0.000005
     0.000245 -0.000686 -0.000003
     0.000307 -0.000631 -0.000004
     0.000127 -0.000758 -0.000001
     0.000068 -0.000782  0.000000
     0.000214 -0.000652 -0.000000
     0.000389 -0.000507 -0.000003
     0.000474 -0.000462 -0.000007
     0.000487 -0.000558 -0.000019
     0.000485 -0.000634 -0.000028
     0.000384 -0.000678 -0.000036
     0.000468 -0.000643 -0.000030
     0.000431 -0.000663 -0.000033
     0.000419 -0.000670 -0.000035
     0.000457 -0.000652 -0.000031
     0.000496 -0.000634 -0.000028
     0.000490 -0.000610 -0.000025
     0.000468 -0.000509 -0.000014
     0.000466 -0.000499 -0.000013
     0.000452 -0.000525 -0.000017
     0.000476 -0.000598 -0.000025
     0.000475 -0.000600 -0.000025
     0.000475 -0.000605 -0.000026
     0.000476 -0.000611 -0.000026
     0.000441 -0.000669 -0.000034
     0.000441 -0.000669 -0.000034
     0.000441 -0.000669 -0.000034
     0.000441 -0.000669 -0.000034
     0.000441 -0.000669 -0.000034
     0.000441 -0.000669 -0.000034
     0.000441 -0.000669 -0.000034
     0.000441 -0.000669 -0.000034
     0.000441 -0.000669 -0.000034
     0.000441 -0.000669 -0.000034
     0.000365 -0.000688 -0.000037
     0.000353 -0.000691 -0.000038
     0.000289 -0.000716 -0.000039
     0.000287 -0.000719 -0.000039
     0.000382 -0.000674 -0.000035
     0.000433 -0.000664 -0.000033
     0.000453 -0.000659 -0.000033
     0.000473 -0.000656 -0.000032
     0.000475 -0.000708 -0.000026
     0.000475 -0.000712 -0.000025
     0.000480 -0.000710 -0.000028
     0.000411 -0.000678 -0.000035
     0.000376 -0.000681 -0.000036
     0.000317 -0.000703 -0.000037
     0.000309 -0.000711 -0.000037
     0.000272 -0.000745 -0.000038
     0.000249 -0.000792 -0.000035
     0.000935 -0.000835 -0.000030
     0.001227 -0.000839 -0.000026
     0.001218 -0.000840 -0.000025
     0.001009 -0.000839 -0.000027
     0.000521 -0.000834 -0.000031
     0.000289 -0.000759 -0.000034
     0.000343 -0.000688 -0.000035
     0.000337 -0.000690 -0.000038
     0.000372 -0.000717 -0.000036
     0.000523 -0.000829 -0.000015
     0.000587 -0.000910 -0.000004
     0.000624 -0.001006  0.000018
     0.000661 -0.001087  0.000032
     0.000693 -0.001145  0.000039
     0.000714 -0.001168  0.000036
     0.000716 -0.001152  0.000027
     0.000619 -0.001077  0.000013
     0.000538 -0.000987 -0.000001
     0.000497 -0.000910 -0.000012
     0.000477 -0.000856 -0.000020
     0.000474 -0.000812 -0.000026
     0.000476 -0.000721 -0.000030
     0.000476 -0.000646 -0.000032
     0.000467 -0.000648 -0.000033
     0.000427 -0.000800 -0.000027
     0.000391 -0.000819 -0.000027
     0.000369 -0.000802 -0.000031
     0.000394 -0.000675 -0.000037
     0.000481 -0.000623 -0.000027
     0.000520 -0.000561 -0.000015
     0.000451 -0.000535 -0.000006
     0.000272 -0.000632 -0.000003
     0.000276 -0.000602 -0.000003
     0.000339 -0.000549 -0.000004
     0.000133 -0.000700  0.000000
     0.000105 -0.000713  0.000001
     0.000218 -0.000621 -0.000000
     0.000443 -0.000445 -0.000004
     0.000463 -0.000494 -0.000011
     0.000489 -0.000611 -0.000025
     0.000391 -0.000677 -0.000036
     0.000388 -0.000679 -0.000036
     0.000462 -0.000648 -0.000031
     0.000426 -0.000666 -0.000034
     0.000433 -0.000664 -0.000034
     0.000473 -0.000646 -0.000030
     0.000491 -0.000620 -0.000027
     0.000485 -0.000595 -0.000024
     0.000463 -0.000504 -0.000014
     0.000460 -0.000496 -0.000013
     0.000474 -0.000598 -0.000025
     0.000473 -0.000597 -0.000025
     0.000473 -0.000601 -0.000025
     0.000473 -0.000608 -0.000026
     0.000441 -0.000669 -0.000034
     0.000441 -0.000669 -0.000034
     0.000441 -0.000669 -0.000034
     0.000441 -0.000669 -0.000034
     0.000441 -0.000669 -0.000034
     0.000441 -0.000669 -0.000034
     0.000441 -0.000669 -0.000034
     0.000441 -0.000669 -0.000034
     0.000441 -0.000669 -0.000034
     0.000370 -0.000688 -0.000037
     0.000359 -0.000691 -0.000038
     0.000348 -0.000693 -0.000038
     0.000279 -0.000721 -0.000040
     0.000367 -0.000680 -0.000036
     0.000385 -0.000674 -0.000035
     0.000443 -0.000662 -0.000033
     0.000463 -0.000658 -0.000032
     0.000476 -0.000673 -0.000030
     0.000473 -0.000711 -0.000024
     0.000476 -0.000712 -0.000025
     0.000444 -0.000692 -0.000033
     0.000382 -0.000683 -0.000036
     0.000330 -0.000692 -0.000037
     0.000319 -0.000695 -0.000037
     0.000238 -0.000781 -0.000038
     0.000209 -0.000816 -0.000038
     0.000346 -0.000830 -0.000035
     0.001438 -0.000840 -0.000025
     0.001291 -0.000839 -0.000026
     0.001156 -0.000838 -0.000027
     0.000413 -0.000830 -0.000034
     0.000319 -0.000720 -0.000035
     0.000396 -0.000675 -0.000036
     0.000400 -0.000730 -0.000034
     0.000459 -0.000791 -0.000023
     0.000566 -0.000873 -0.000006
     0.000588 -0.000921  0.000000
     0.000612 -0.000993  0.000018
     0.000644 -0.001071  0.000033
     0.000674 -0.001126  0.000038
     0.000693 -0.001141  0.000033
     0.000707 -0.001140  0.000022
     0.000587 -0.001055  0.000006
     0.000498 -0.000996 -0.000005
     0.000486 -0.001007 -0.000006
     0.000499 -0.001027 -0.000003
     0.000500 -0.000995 -0.000007
     0.000503 -0.000952 -0.000012
     0.000511 -0.000907 -0.000015
     0.000527 -0.000872 -0.000017
     0.000536 -0.000864 -0.000016
     0.000527 -0.000865 -0.000014
     0.000502 -0.000881 -0.000014
     0.000441 -0.000953 -0.000007
     0.000407 -0.000935 -0.000011
     0.000419 -0.000839 -0.000022
     0.000431 -0.000703 -0.000034
     0.000484 -0.000551 -0.000017
     0.000447 -0.000457 -0.000005
     0.000292 -0.000555 -0.000003
     0.000427 -0.000487 -0.000009
     0.000325 -0.000527 -0.000004
     0.000181 -0.000628 -0.000001
     0.000156 -0.000647  0.000001
     0.000246 -0.000575 -0.000001
     0.000423 -0.000440 -0.000003
     0.000467 -0.000556 -0.000019
     0.000408 -0.000673 -0.000035
     0.000381 -0.000685 -0.000037
     0.000480 -0.000642 -0.000029
     0.000446 -0.000658 -0.000032
     0.000427 -0.000667 -0.000034
     0.000446 -0.000659 -0.000033
     0.000492 -0.000634 -0.000028
     0.000486 -0.000608 -0.000025
     0.000460 -0.000511 -0.000015
     0.000457 -0.000498 -0.000013
     0.000477 -0.000534 -0.000017
     0.000470 -0.000596 -0.000025
     0.000470 -0.000598 -0.000025
     0.000471 -0.000604 -0.000026
     0.000472 -0.000611 -0.000027
     0.000441 -0.000669 -0.000034
     0.000441 -0.000669 -0.000034
     0.000441 -0.000669 -0.000034
     0.000441 -0.000669 -0.000034
     0.000441 -0.000669 -0.000034
     0.000441 -0.000669 -0.000034
     0.000441 -0.000669 -0.000034
     0.000441 -0.000669 -0.000034
     0.000366 -0.000690 -0.000037
     0.000354 -0.000693 -0.000038
     0.000278 -0.000719 -0.000040
     0.000270 -0.000726 -0.000040
     0.000366 -0.000680 -0.000036
     0.000424 -0.000667 -0.000034
     0.000454 -0.000660 -0.000033
     0.000478 -0.000662 -0.000031
     0.000474 -0.000685 -0.000027
     0.000473 -0.000712 -0.000023
     0.000478 -0.000710 -0.000028
     0.000398 -0.000682 -0.000036
     0.000351 -0.000692 -0.000037
     0.000299 -0.000704 -0.000039
     0.000236 -0.000776 -0.000039
     0.000317 -0.000824 -0.000039
     0.000616 -0.000831 -0.000034
     0.001536 -0.000839 -0.000025
     0.001278 -0.000837 -0.000027
     0.001214 -0.000836 -0.000028
     0.000447 -0.000828 -0.000036
     0.000324 -0.000710 -0.000035
     0.000459 -0.000726 -0.000031
     0.000490 -0.000783 -0.000024
     0.000479 -0.000792 -0.000022
     0.000549 -0.000839 -0.000013
     0.000563 -0.000866 -0.000012
     0.000569 -0.000903  0.000000
     0.000589 -0.000971  0.000017
     0.000603 -0.000999  0.000019
     0.000606 -0.000990  0.000011
     0.000596 -0.000935 -0.000008
     0.000474 -0.000845 -0.000025
     0.000433 -0.000823 -0.000029
     0.000458 -0.000895 -0.000022
     0.000496 -0.000987 -0.000013
     0.000517 -0.001072 -0.000004
     0.000535 -0.001100  0.000001
     0.000567 -0.001104  0.000005
     0.000596 -0.001091  0.000006
     0.000619 -0.001064  0.000006
     0.000622 -0.001048  0.000007
     0.000615 -0.000994  0.000003
     0.000536 -0.000941 -0.000008
     0.000487 -0.000968 -0.000009
     0.000413 -0.000991 -0.000011
     0.000360 -0.000978 -0.000014
     0.000369 -0.000870 -0.000025
     0.000410 -0.000672 -0.000037
     0.000494 -0.000524 -0.000014
     0.000257 -0.000607 -0.000002
     0.000245 -0.000608 -0.000002
     0.000432 -0.000478 -0.000006
     0.000184 -0.000652 -0.000001
     0.000047 -0.000751  0.000001
     0.000017 -0.000756  0.000002
     0.000162 -0.000660  0.000001
     0.000438 -0.000470 -0.000009
     0.000474 -0.000615 -0.000026
     0.000390 -0.000683 -0.000037
     0.000382 -0.000687 -0.000037
     0.000462 -0.000653 -0.000031
     0.000431 -0.000667 -0.000034
     0.000431 -0.000667 -0.000034
     0.000475 -0.000646 -0.000030
     0.000486 -0.000617 -0.000026
     0.000458 -0.000522 -0.000016
     0.000454 -0.000504 -0.000014
     0.000481 -0.000565 -0.000021
     0.000471 -0.000530 -0.000017
     0.000467 -0.000597 -0.000025
     0.000468 -0.000601 -0.000026
     0.000469 -0.000608 -0.000026
     0.000441 -0.000669 -0.000034
     0.000441 -0.000669 -0.000034
     0.000441 -0.000669 -0.000034
     0.000441 -0.000669 -0.000034
     0.000441 -0.000669 -0.000034
     0.000441 -0.000669 -0.000034
     0.000441 -0.000669 -0.000034
     0.000441 -0.000669 -0.000034
     0.000362 -0.000691 -0.000038
     0.000283 -0.000712 -0.000040
     0.000267 -0.000725 -0.000041
     0.000262 -0.000731 -0.000041
     0.000369 -0.000680 -0.000036
     0.000437 -0.000665 -0.000033
     0.000467 -0.000658 -0.000032
     0.000475 -0.000676 -0.000029
     0.000454 -0.000700 -0.000015
     0.000474 -0.000711 -0.000024
     0.000456 -0.000697 -0.000032
     0.000376 -0.000689 -0.000037
     0.000284 -0.000726 -0.000038
     0.000247 -0.000761 -0.000039
     0.000275 -0.000822 -0.000040
     0.000828 -0.000830 -0.000034
     0.001005 -0.000834 -0.000031
     0.001367 -0.000836 -0.000028
     0.001053 -0.000833 -0.000030
     0.000670 -0.000828 -0.000035
     0.000304 -0.000724 -0.000036
     0.000476 -0.000688 -0.000031
     0.000520 -0.000791 -0.000022
     0.000476 -0.000768 -0.000027
     0.000509 -0.000794 -0.000023
     0.000490 -0.000788 -0.000026
     0.000546 -0.000850 -0.000013
     0.000552 -0.000885 -0.000003
     0.000570 -0.000935  0.000005
     0.000579 -0.000940  0.000001
     0.000551 -0.000720 -0.000025
     0.000471 -0.000639 -0.000031
     0.000422 -0.000646 -0.000030
     0.000453 -0.000642 -0.000030
     0.000488 -0.000731 -0.000029
     0.000547 -0.000949 -0.000014
     0.000524 -0.000962 -0.000013
     0.000416 -0.000803 -0.000025
     0.000428 -0.000738 -0.000027
     0.000543 -0.000859 -0.000013
     0.000602 -0.001078  0.000002
     0.000616 -0.001115  0.000006
     0.000597 -0.001072  0.000003
     0.000573 -0.001025 -0.000001
     0.000534 -0.000991 -0.000004
     0.000442 -0.001057 -0.000004
     0.000367 -0.001051 -0.000010
     0.000330 -0.001011 -0.000014
     0.000347 -0.000885 -0.000025
     0.000437 -0.000683 -0.000034
     0.000463 -0.000501 -0.000012
     0.000290 -0.000548 -0.000002
     0.000269 -0.000583 -0.000002
     0.000369 -0.000509 -0.000004
     0.000201 -0.000626 -0.000001
     0.000072 -0.000715  0.000002
     0.000009 -0.000743  0.000002
     0.000192 -0.000619  0.000001
     0.000482 -0.000505 -0.000012
     0.000455 -0.000640 -0.000029
     0.000436 -0.000650 -0.000031
     0.000466 -0.000655 -0.000031
     0.000437 -0.000667 -0.000034
     0.000421 -0.000673 -0.000035
     0.000439 -0.000664 -0.000033
     0.000487 -0.000633 -0.000028
     0.000482 -0.000608 -0.000026
     0.000452 -0.000512 -0.000015
     0.000480 -0.000567 -0.000021
     0.000467 -0.000527 -0.000017
     0.000465 -0.000528 -0.000017
     0.000465 -0.000599 -0.000025
     0.000466 -0.000605 -0.000026
     0.000441 -0.000669 -0.000034
     0.000441 -0.000669 -0.000034
     0.000441 -0.000669 -0.000034
     0.000441 -0.000669 -0.000034
     0.000441 -0.000669 -0.000034
     0.000441 -0.000669 -0.000034
     0.000441 -0.000669 -0.000034
     0.000441 -0.000669 -0.000034
     0.000358 -0.000694 -0.000038
     0.000272 -0.000719 -0.000041
     0.000257 -0.000731 -0.000041
     0.000350 -0.000687 -0.000037
     0.000410 -0.000672 -0.000035
     0.000452 -0.000662 -0.000033
     0.000477 -0.000665 -0.000031
     0.000474 -0.000681 -0.000028
     0.000471 -0.000710 -0.000023
     0.000475 -0.000709 -0.000026
     0.000425 -0.000685 -0.000034
     0.000311 -0.000702 -0.000038
     0.000234 -0.000764 -0.000041
     0.000177 -0.000817 -0.000042
     0.000868 -0.000827 -0.000035
     0.001096 -0.000831 -0.000032
     0.000962 -0.000832 -0.000032
     0.001133 -0.000832 -0.000031
     0.000689 -0.000828 -0.000035
     0.000253 -0.000763 -0.000038
     0.000433 -0.000657 -0.000033
     0.000511 -0.000677 -0.000027
     0.000512 -0.000692 -0.000029
     0.000485 -0.000739 -0.000029
     0.000453 -0.000701 -0.000033
     0.000540 -0.000831 -0.000018
     0.000558 -0.000885 -0.000008
     0.000577 -0.000946  0.000005
     0.000586 -0.000955  0.000001
     0.000575 -0.000827 -0.000018
     0.000475 -0.000685 -0.000032
     0.000368 -0.000675 -0.000034
     0.000395 -0.000670 -0.000030
     0.000490 -0.000612 -0.000025
     0.000497 -0.000653 -0.000021
     0.000481 -0.000732 -0.000027
     0.000299 -0.000831 -0.000034
     0.001302 -0.001833 -0.000012
     0.000018 -0.003589 -0.000014
    -0.001065 -0.002790 -0.000021
     0.000138 -0.000770 -0.000011
     0.000497 -0.000631 -0.000032
     0.000489 -0.000731 -0.000030
     0.000497 -0.000800 -0.000027
     0.000507 -0.000913 -0.000019
     0.000473 -0.000975 -0.000013
     0.000365 -0.001071 -0.000011
     0.000298 -0.001066 -0.000015
     0.000282 -0.000991 -0.000020
     0.000353 -0.000843 -0.000030
     0.000498 -0.000626 -0.000028
     0.000445 -0.000468 -0.000009
     0.000365 -0.000493 -0.000003
     0.000438 -0.000468 -0.000007
     0.000339 -0.000508 -0.000004
     0.000247 -0.000567 -0.000002
     0.000039 -0.000718  0.000002
     0.000118 -0.000665  0.000002
     0.000436 -0.000454 -0.000004
     0.000503 -0.000618 -0.000025
     0.000450 -0.000645 -0.000030
     0.000500 -0.000614 -0.000025
     0.000505 -0.000624 -0.000026
     0.000419 -0.000687 -0.000035
     0.000417 -0.000676 -0.000036
     0.000462 -0.000655 -0.000032
     0.000481 -0.000618 -0.000027
     0.000451 -0.000524 -0.000017
     0.000479 -0.000573 -0.000022
     0.000464 -0.000525 -0.000016
     0.000461 -0.000523 -0.000016
     0.000460 -0.000529 -0.000017
     0.000464 -0.000602 -0.000026
     0.000465 -0.000610 -0.000027
     0.000441 -0.000669 -0.000034
     0.000441 -0.000669 -0.000034
     0.000441 -0.000669 -0.000034
     0.000441 -0.000669 -0.000034
     0.000441 -0.000669 -0.000034
     0.000441 -0.000669 -0.000034
     0.000441 -0.000669 -0.000034
     0.000284 -0.000710 -0.000041
     0.000262 -0.000724 -0.000041
     0.000248 -0.000736 -0.000042
     0.000351 -0.000688 -0.000037
     0.000423 -0.000670 -0.000034
     0.000466 -0.000659 -0.000033
     0.000475 -0.000674 -0.000029
     0.000473 -0.000682 -0.000027
     0.000471 -0.000710 -0.000024
     0.000478 -0.000709 -0.000028
     0.000349 -0.000685 -0.000036
     0.000273 -0.000730 -0.000039
     0.000169 -0.000814 -0.000043
     0.000727 -0.000824 -0.000038
     0.001190 -0.000829 -0.000033
     0.001177 -0.000831 -0.000032
     0.001478 -0.000833 -0.000030
     0.000822 -0.000828 -0.000035
     0.000204 -0.000803 -0.000040
     0.000353 -0.000680 -0.000035
     0.000483 -0.000636 -0.000030
     0.000511 -0.000626 -0.000026
     0.000519 -0.000700 -0.000027
     0.000452 -0.000714 -0.000032
     0.000520 -0.000679 -0.000029
     0.000557 -0.000795 -0.000017
     0.000568 -0.000869 -0.000007
     0.000582 -0.000868 -0.000004
     0.000569 -0.000707 -0.000018
     0.000542 -0.000664 -0.000027
     0.000434 -0.000682 -0.000035
     0.000317 -0.000696 -0.000037
     0.000387 -0.000685 -0.000037
     0.000525 -0.000685 -0.000024
     0.000488 -0.000644 -0.000018
     0.000538 -0.000903 -0.000024
     0.004365 -0.005411  0.000018
     0.003882 -0.009161  0.000012
     0.000397 -0.010715 -0.000000
    -0.003007 -0.009409 -0.000030
    -0.002847 -0.004958 -0.000029
    -0.000136 -0.001017 -0.000008
     0.000464 -0.000616 -0.000029
     0.000517 -0.000596 -0.000024
     0.000558 -0.000583 -0.000022
     0.000512 -0.000619 -0.000029
     0.000386 -0.000948 -0.000026
     0.000286 -0.001068 -0.000020
     0.000242 -0.001038 -0.000022
     0.000309 -0.000928 -0.000027
     0.000402 -0.000792 -0.000030
     0.000466 -0.000554 -0.000020
     0.000439 -0.000461 -0.000008
     0.000429 -0.000445 -0.000004
     0.000371 -0.000491 -0.000004
     0.000295 -0.000536 -0.000003
     0.000123 -0.000643  0.000001
     0.000139 -0.000620  0.000001
     0.000337 -0.000494 -0.000002
     0.000500 -0.000547 -0.000016
     0.000486 -0.000629 -0.000027
     0.000438 -0.000653 -0.000031
     0.000498 -0.000625 -0.000027
     0.000484 -0.000636 -0.000028
     0.000461 -0.000645 -0.000030
     0.000428 -0.000671 -0.000035
     0.000483 -0.000635 -0.000029
     0.000449 -0.000537 -0.000018
     0.000442 -0.000510 -0.000015
     0.000470 -0.000558 -0.000020
     0.000457 -0.000520 -0.000016
     0.000455 -0.000524 -0.000017
     0.000461 -0.000600 -0.000026
     0.000463 -0.000608 -0.000027
     0.000441 -0.000669 -0.000034
     0.000441 -0.000669 -0.000034
     0.000441 -0.000669 -0.000034
     0.000441 -0.000669 -0.000034
     0.000441 -0.000669 -0.000034
     0.000441 -0.000669 -0.000034
     0.000364 -0.000693 -0.000038
     0.000274 -0.000714 -0.000041
     0.000252 -0.000730 -0.000042
     0.000242 -0.000738 -0.000043
     0.000392 -0.000680 -0.000036
     0.000438 -0.000667 -0.000034
     0.000478 -0.000665 -0.000031
     0.000474 -0.000675 -0.000028
     0.000472 -0.000677 -0.000026
     0.000480 -0.000648 -0.000031
     0.000426 -0.000663 -0.000033
     0.000317 -0.000696 -0.000038
     0.000220 -0.000770 -0.000042
     0.000376 -0.000819 -0.000042
     0.001013 -0.000825 -0.000036
     0.001247 -0.000828 -0.000034
     0.001249 -0.000830 -0.000033
     0.001195 -0.000829 -0.000034
     0.000483 -0.000824 -0.000039
     0.000272 -0.000745 -0.000038
     0.000403 -0.000668 -0.000030
     0.000544 -0.000596 -0.000024
     0.000528 -0.000569 -0.000024
     0.000483 -0.000636 -0.000031
     0.000523 -0.000735 -0.000027
     0.000562 -0.000882 -0.000013
     0.000580 -0.000930 -0.000003
     0.000561 -0.000894 -0.000007
     0.000466 -0.000608 -0.000023
     0.000088 -0.001006 -0.000017
    -0.000288 -0.001739 -0.000015
     0.000052 -0.001123 -0.000018
     0.000352 -0.000707 -0.000031
     0.000522 -0.000908 -0.000021
     0.000650 -0.000996 -0.000005
     0.000366 -0.000695 -0.000031
     0.006466 -0.005125  0.000007
     0.011083 -0.014292 -0.000019
     0.007149 -0.020669 -0.000017
    -0.000715 -0.019903  0.000010
    -0.005373 -0.015408 -0.000029
    -0.006786 -0.008492 -0.000038
    -0.002029 -0.003078 -0.000021
     0.000458 -0.000670 -0.000022
     0.000456 -0.000669 -0.000023
     0.000537 -0.000604 -0.000012
     0.000519 -0.000534 -0.000009
     0.000509 -0.000599 -0.000025
     0.000295 -0.000852 -0.000040
     0.000169 -0.000996 -0.000029
     0.000257 -0.000966 -0.000029
     0.000359 -0.000852 -0.000030
     0.000480 -0.000681 -0.000031
     0.000452 -0.000524 -0.000016
     0.000450 -0.000487 -0.000011
     0.000441 -0.000476 -0.000009
     0.000324 -0.000512 -0.000003
     0.000189 -0.000589 -0.000001
     0.000082 -0.000650  0.000001
     0.000304 -0.000509 -0.000002
     0.000472 -0.000530 -0.000015
     0.000490 -0.000600 -0.000023
     0.000466 -0.000641 -0.000029
     0.000493 -0.000624 -0.000027
     0.000495 -0.000633 -0.000028
     0.000464 -0.000645 -0.000030
     0.000464 -0.000644 -0.000030
     0.000503 -0.000612 -0.000025
     0.000447 -0.000550 -0.000020
     0.000441 -0.000522 -0.000017
     0.000469 -0.000563 -0.000021
     0.000453 -0.000518 -0.000016
     0.000451 -0.000519 -0.000016
     0.000451 -0.000527 -0.000017
     0.000460 -0.000606 -0.000026
     0.000441 -0.000669 -0.000034
     0.000441 -0.000669 -0.000034
     0.000441 -0.000669 -0.000034
     0.000441 -0.000669 -0.000034
     0.000441 -0.000669 -0.000034
     0.000441 -0.000669 -0.000034
     0.000288 -0.000712 -0.000041
     0.000265 -0.000718 -0.000042
     0.000243 -0.000734 -0.000043
     0.000238 -0.000739 -0.000043
     0.000401 -0.000678 -0.000035
     0.000452 -0.000663 -0.000033
     0.000476 -0.000670 -0.000030
     0.000474 -0.000673 -0.000028
     0.000478 -0.000645 -0.000031
     0.000474 -0.000649 -0.000031
     0.000390 -0.000671 -0.000034
     0.000283 -0.000721 -0.000039
     0.000167 -0.000816 -0.000044
     0.000662 -0.000820 -0.000040
     0.001187 -0.000824 -0.000036
     0.001354 -0.000827 -0.000034
     0.000957 -0.000827 -0.000036
     0.001187 -0.000831 -0.000032
     0.000430 -0.000826 -0.000038
     0.000290 -0.000755 -0.000035
     0.000457 -0.000630 -0.000027
     0.000526 -0.000544 -0.000022
     0.000519 -0.000722 -0.000010
     0.000539 -0.000833 -0.000018
     0.000563 -0.000883 -0.000010
     0.000591 -0.000949  0.000000
     0.000583 -0.000929 -0.000004
     0.000268 -0.000775 -0.000033
     0.001716 -0.003276  0.000001
     0.000387 -0.007490 -0.000004
    -0.001100 -0.011158 -0.000011
    -0.002305 -0.011454 -0.000020
    -0.002503 -0.006011 -0.000026
     0.000247 -0.000654 -0.000006
     0.000525 -0.000604 -0.000022
     0.002608 -0.001543 -0.000004
     0.015454 -0.010791 -0.000033
     0.019230 -0.023634 -0.000049
     0.012577 -0.031170 -0.000033
    -0.006016 -0.028604  0.000017
    -0.013466 -0.016517 -0.000023
    -0.012862 -0.007885 -0.000032
    -0.003410 -0.003755 -0.000027
     0.000443 -0.000687 -0.000021
     0.000416 -0.000692 -0.000026
     0.000473 -0.000637 -0.000011
     0.000332 -0.000662 -0.000007
     0.000550 -0.000566 -0.000015
     0.000446 -0.000624 -0.000030
     0.000261 -0.000745 -0.000046
     0.000242 -0.000915 -0.000039
     0.000323 -0.000879 -0.000031
     0.000433 -0.000784 -0.000030
     0.000468 -0.000604 -0.000026
     0.000468 -0.000547 -0.000018
     0.000454 -0.000469 -0.000008
     0.000315 -0.000520 -0.000003
     0.000226 -0.000560 -0.000001
     0.000088 -0.000632  0.000001
     0.000244 -0.000531 -0.000001
     0.000448 -0.000496 -0.000011
     0.000471 -0.000561 -0.000019
     0.000489 -0.000632 -0.000027
     0.000483 -0.000607 -0.000025
     0.000489 -0.000629 -0.000028
     0.000460 -0.000649 -0.000031
     0.000450 -0.000650 -0.000031
     0.000493 -0.000631 -0.000028
     0.000460 -0.000505 -0.000014
     0.000440 -0.000536 -0.000019
     0.000468 -0.000570 -0.000022
     0.000449 -0.000518 -0.000016
     0.000446 -0.000515 -0.000016
     0.000446 -0.000522 -0.000017
     0.000448 -0.000534 -0.000018
     0.000460 -0.000611 -0.000027
     0.000441 -0.000669 -0.000034
     0.000441 -0.000669 -0.000034
     0.000441 -0.000669 -0.000034
     0.000441 -0.000669 -0.000034
     0.000441 -0.000669 -0.000034
     0.000280 -0.000716 -0.000041
     0.000257 -0.000723 -0.000042
     0.000236 -0.000737 -0.000043
     0.000372 -0.000688 -0.000037
     0.000412 -0.000675 -0.000035
     0.000467 -0.000663 -0.000033
     0.000475 -0.000670 -0.000029
     0.000474 -0.000669 -0.000028
     0.000480 -0.000581 -0.000025
     0.000451 -0.000654 -0.000032
     0.000369 -0.000677 -0.000035
     0.000232 -0.000758 -0.000041
     0.000425 -0.000816 -0.000043
     0.000802 -0.000820 -0.000040
     0.001331 -0.000824 -0.000036
     0.001679 -0.000811 -0.000029
     0.001047 -0.000829 -0.000034
     0.001026 -0.000829 -0.000034
     0.000349 -0.000825 -0.000038
     0.000341 -0.000714 -0.000032
     0.000542 -0.000602 -0.000026
     0.000515 -0.000696 -0.000005
     0.000543 -0.000825 -0.000009
     0.000564 -0.000897 -0.000004
     0.000596 -0.000965  0.000004
     0.000608 -0.000978 -0.000000
     0.000348 -0.000633 -0.000039
     0.003726 -0.001863  0.000004
     0.006003 -0.006134  0.000009
     0.004779 -0.013972  0.000000
     0.002386 -0.020814 -0.000001
    -0.002847 -0.023214 -0.000004
    -0.006098 -0.021040 -0.000033
    -0.005221 -0.014927 -0.000034
    -0.000413 -0.010765 -0.000003
     0.007555 -0.015126  0.000002
     0.026498 -0.027185 -0.000047
     0.036206 -0.037923 -0.000052
     0.015942 -0.036270 -0.000039
    -0.013852 -0.029131  0.000032
    -0.025646 -0.017395 -0.000024
    -0.018979 -0.006294 -0.000019
    -0.005262 -0.001439 -0.000017
     0.000392 -0.000668 -0.000034
     0.000394 -0.000649 -0.000036
     0.000485 -0.000594 -0.000021
     0.000413 -0.000506 -0.000011
     0.000506 -0.000528 -0.000013
     0.000536 -0.000586 -0.000022
     0.000353 -0.000659 -0.000039
     0.000284 -0.000758 -0.000044
     0.000335 -0.000847 -0.000033
     0.000399 -0.000813 -0.000030
     0.000490 -0.000692 -0.000030
     0.000479 -0.000612 -0.000026
     0.000482 -0.000542 -0.000017
     0.000440 -0.000445 -0.000005
     0.000168 -0.000603 -0.000000
     0.000081 -0.000631  0.000001
     0.000181 -0.000559 -0.000000
     0.000432 -0.000505 -0.000013
     0.000450 -0.000538 -0.000017
     0.000469 -0.000594 -0.000023
     0.000463 -0.000601 -0.000025
     0.000472 -0.000654 -0.000031
     0.000465 -0.000650 -0.000031
     0.000430 -0.000661 -0.000033
     0.000467 -0.000643 -0.000030
     0.000462 -0.000531 -0.000017
     0.000451 -0.000488 -0.000012
     0.000468 -0.000580 -0.000023
     0.000457 -0.000553 -0.000020
     0.000441 -0.000513 -0.000016
     0.000441 -0.000517 -0.000017
     0.000443 -0.000529 -0.000018
     0.000458 -0.000611 -0.000027
     0.000441 -0.000669 -0.000034
     0.000441 -0.000669 -0.000034
     0.000441 -0.000669 -0.000034
     0.000441 -0.000669 -0.000034
     0.000365 -0.000688 -0.000037
     0.000274 -0.000719 -0.000042
     0.000249 -0.000726 -0.000043
     0.000232 -0.000738 -0.000044
     0.000377 -0.000687 -0.000037
     0.000423 -0.000673 -0.000035
     0.000478 -0.000671 -0.000031
     0.000475 -0.000667 -0.000029
     0.000454 -0.000652 -0.000032
     0.000484 -0.000580 -0.000024
     0.000422 -0.000660 -0.000033
     0.000347 -0.000683 -0.000036
     0.000202 -0.000776 -0.000043
     0.000586 -0.000816 -0.000043
     0.001368 -0.000825 -0.000035
     0.001752 -0.000764 -0.000027
     0.001549 -0.000830 -0.000032
     0.001552 -0.000829 -0.000033
     0.001103 -0.000828 -0.000035
     0.000201 -0.000823 -0.000040
     0.000446 -0.000636 -0.000030
     0.000515 -0.000618 -0.000016
     0.000525 -0.000810  0.000009
     0.000566 -0.000940  0.000012
     0.000582 -0.000937  0.000004
     0.000598 -0.000958 -0.000001
     0.000478 -0.000693 -0.000032
     0.000846 -0.000841 -0.000034
     0.007597 -0.002944 -0.000009
     0.011625 -0.006534 -0.000011
     0.012541 -0.015237 -0.000029
     0.010122 -0.025013 -0.000029
    -0.001942 -0.037014 -0.000002
    -0.014313 -0.043349  0.000003
    -0.011472 -0.042480  0.000000
     0.002577 -0.038257  0.000005
     0.015141 -0.050714 -0.000020
     0.033764 -0.059459 -0.000058
     0.036721 -0.051881 -0.000061
     0.012067 -0.037462 -0.000032
    -0.021329 -0.026576  0.000041
    -0.044660 -0.019067 -0.000059
    -0.023514 -0.006342 -0.000014
    -0.005970 -0.002895 -0.000015
     0.000502 -0.000618 -0.000027
     0.000399 -0.000925 -0.000027
     0.000453 -0.000662 -0.000029
     0.000339 -0.000553 -0.000021
     0.000454 -0.000636 -0.000030
     0.000496 -0.000626 -0.000030
     0.000392 -0.000652 -0.000038
     0.000331 -0.000680 -0.000043
     0.000384 -0.000671 -0.000039
     0.000422 -0.000783 -0.000032
     0.000465 -0.000780 -0.000026
     0.000447 -0.000757 -0.000026
     0.000457 -0.000658 -0.000032
     0.000445 -0.000447 -0.000006
     0.000150 -0.000618  0.000000
    -0.000033 -0.000707  0.000002
     0.000066 -0.000631  0.000002
     0.000410 -0.000472 -0.000009
     0.000428 -0.000522 -0.000015
     0.000447 -0.000572 -0.000021
     0.000445 -0.000576 -0.000022
     0.000465 -0.000639 -0.000030
     0.000441 -0.000669 -0.000034
     0.000413 -0.000670 -0.000035
     0.000438 -0.000656 -0.000032
     0.000502 -0.000626 -0.000027
     0.000451 -0.000502 -0.000014
     0.000477 -0.000525 -0.000016
     0.000462 -0.000494 -0.000013
     0.000437 -0.000513 -0.000016
     0.000436 -0.000514 -0.000016
     0.000438 -0.000524 -0.000017
     0.000442 -0.000538 -0.000019
     0.000441 -0.000669 -0.000034
     0.000441 -0.000669 -0.000034
     0.000441 -0.000669 -0.000034
     0.000441 -0.000669 -0.000034
     0.000361 -0.000690 -0.000038
     0.000268 -0.000716 -0.000042
     0.000244 -0.000719 -0.000044
     0.000231 -0.000722 -0.000044
     0.000383 -0.000686 -0.000037
     0.000434 -0.000671 -0.000034
     0.000477 -0.000671 -0.000031
     0.000444 -0.000657 -0.000032
     0.000454 -0.000652 -0.000032
     0.000494 -0.000591 -0.000025
     0.000405 -0.000665 -0.000033
     0.000325 -0.000692 -0.000037
     0.000185 -0.000783 -0.000045
     0.000818 -0.000820 -0.000040
     0.001519 -0.000807 -0.000034
     0.001757 -0.000770 -0.000028
     0.001376 -0.000828 -0.000034
     0.001388 -0.000827 -0.000035
     0.001096 -0.000825 -0.000037
     0.000232 -0.000771 -0.000040
     0.000524 -0.000602 -0.000027
     0.000521 -0.000812  0.000005
     0.000551 -0.000924  0.000016
     0.000572 -0.000961  0.000014
     0.000574 -0.000910 -0.000006
     0.000436 -0.000655 -0.000036
     0.000384 -0.000671 -0.000032
     0.001452 -0.000803 -0.000027
     0.008010 -0.001020 -0.000012
     0.015029 -0.003690 -0.000030
     0.019882 -0.008168 -0.000041
     0.020565 -0.019903 -0.000044
     0.010606 -0.033414 -0.000028
    -0.005932 -0.059055  0.000004
    -0.002311 -0.077405 -0.000004
     0.013344 -0.083411 -0.000033
     0.020161 -0.092631 -0.000048
     0.022160 -0.093670 -0.000060
     0.018678 -0.078034 -0.000052
    -0.002106 -0.056444  0.000000
    -0.038904 -0.042251  0.000019
    -0.057250 -0.035024 -0.000068
    -0.034057 -0.025253 -0.000029
    -0.009733 -0.012506 -0.000022
    -0.001697 -0.003860 -0.000018
    -0.000142 -0.002115 -0.000018
    -0.000995 -0.002770 -0.000022
    -0.001174 -0.002015 -0.000021
    -0.000003 -0.000784 -0.000014
     0.000434 -0.000624 -0.000030
     0.000439 -0.000965 -0.000018
     0.000396 -0.000963 -0.000023
     0.000426 -0.000892 -0.000025
     0.000446 -0.000828 -0.000027
     0.000478 -0.000777 -0.000028
     0.000464 -0.000762 -0.000028
     0.000370 -0.000743 -0.000034
     0.000461 -0.000574 -0.000021
     0.000358 -0.000447 -0.000004
    -0.000019 -0.000694  0.000002
    -0.000139 -0.000745  0.000002
     0.000383 -0.000437 -0.000004
     0.000405 -0.000487 -0.000012
     0.000426 -0.000550 -0.000019
     0.000422 -0.000552 -0.000020
     0.000449 -0.000624 -0.000028
     0.000457 -0.000675 -0.000033
     0.000377 -0.000703 -0.000036
     0.000405 -0.000671 -0.000035
     0.000482 -0.000637 -0.000029
     0.000498 -0.000594 -0.000023
     0.000477 -0.000534 -0.000017
     0.000459 -0.000496 -0.000013
     0.000437 -0.000450 -0.000008
     0.000431 -0.000513 -0.000016
     0.000433 -0.000521 -0.000017
     0.000437 -0.000535 -0.000019
     0.000441 -0.000669 -0.000034
     0.000441 -0.000669 -0.000034
     0.000441 -0.000669 -0.000034
     0.000441 -0.000669 -0.000034
     0.000356 -0.000692 -0.000038
     0.000264 -0.000706 -0.000043
     0.000241 -0.000707 -0.000044
     0.000231 -0.000704 -0.000044
     0.000389 -0.000685 -0.000037
     0.000444 -0.000669 -0.000034
     0.000423 -0.000665 -0.000033
     0.000439 -0.000658 -0.000032
     0.000455 -0.000651 -0.000032
     0.000504 -0.000606 -0.000026
     0.000498 -0.000628 -0.000028
     0.000322 -0.000694 -0.000037
     0.000353 -0.000816 -0.000044
     0.000990 -0.000820 -0.000039
     0.001646 -0.000775 -0.000031
     0.001716 -0.000788 -0.000031
     0.001047 -0.000824 -0.000038
     0.001167 -0.000823 -0.000039
     0.000969 -0.000821 -0.000040
     0.000301 -0.000708 -0.000039
     0.000510 -0.000711 -0.000012
     0.000530 -0.000819  0.000014
     0.000561 -0.000872  0.000018
     0.000572 -0.000951  0.000007
     0.000446 -0.000714 -0.000033
     0.000306 -0.000715 -0.000037
     0.000334 -0.000721 -0.000032
     0.000182 -0.000833 -0.000037
     0.005468  0.000665 -0.000002
     0.014730  0.002501 -0.000040
     0.029039  0.002098 -0.000061
     0.037848 -0.003676 -0.000038
     0.023369 -0.019743 -0.000044
     0.012175 -0.047376 -0.000034
     0.013218 -0.080184 -0.000040
     0.024358 -0.097469 -0.000081
     0.021886 -0.101524 -0.000095
     0.015438 -0.098777 -0.000048
     0.002340 -0.089359 -0.000015
    -0.013599 -0.074348  0.000026
    -0.042745 -0.067564  0.000027
    -0.061525 -0.063535 -0.000041
    -0.050736 -0.053721 -0.000047
    -0.023795 -0.032769 -0.000024
    -0.006716 -0.023686 -0.000028
    -0.001476 -0.019083 -0.000000
    -0.002926 -0.015446 -0.000019
    -0.004956 -0.011310 -0.000042
    -0.003070 -0.004855 -0.000034
    -0.000789 -0.001323 -0.000016
     0.000461 -0.000707 -0.000026
     0.000414 -0.001023 -0.000016
     0.000431 -0.000977 -0.000018
     0.000430 -0.000886 -0.000026
     0.000468 -0.000676 -0.000033
     0.000474 -0.000639 -0.000032
     0.000395 -0.000662 -0.000036
     0.000429 -0.000669 -0.000034
     0.000402 -0.000482 -0.000011
     0.000089 -0.000600  0.000001
    -0.000029 -0.000662  0.000002
     0.000294 -0.000468 -0.000003
     0.000378 -0.000437 -0.000006
     0.000406 -0.000525 -0.000017
     0.000406 -0.000537 -0.000019
     0.000431 -0.000604 -0.000026
     0.000459 -0.000673 -0.000030
     0.000383 -0.000707 -0.000035
     0.000344 -0.000709 -0.000038
     0.000409 -0.000673 -0.000035
     0.000500 -0.000607 -0.000025
     0.000477 -0.000547 -0.000018
     0.000457 -0.000499 -0.000013
     0.000432 -0.000448 -0.000008
     0.000428 -0.000446 -0.000008
     0.000428 -0.000518 -0.000017
     0.000432 -0.000531 -0.000019
     0.000470 -0.000611 -0.000027
     0.000441 -0.000669 -0.000034
     0.000441 -0.000669 -0.000034
     0.000441 -0.000669 -0.000034
     0.000352 -0.000694 -0.000038
     0.000260 -0.000696 -0.000043
     0.000240 -0.000694 -0.000044
     0.000274 -0.000681 -0.000043
     0.000394 -0.000684 -0.000036
     0.000453 -0.000674 -0.000033
     0.000417 -0.000667 -0.000034
     0.000435 -0.000658 -0.000033
     0.000449 -0.000653 -0.000032
     0.000511 -0.000622 -0.000027
     0.000450 -0.000630 -0.000028
     0.000283 -0.000732 -0.000038
     0.000460 -0.000816 -0.000044
     0.001096 -0.000820 -0.000040
     0.001690 -0.000767 -0.000031
     0.001606 -0.000824 -0.000036
     0.000667 -0.000819 -0.000042
     0.000810 -0.000674 -0.000044
     0.000565 -0.000672 -0.000046
     0.000381 -0.000677 -0.000036
     0.000514 -0.000729 -0.000006
     0.000552 -0.000772  0.000010
     0.000568 -0.000838  0.000020
     0.000570 -0.000754 -0.000013
     0.000312 -0.000698 -0.000039
     0.000183 -0.000812 -0.000041
     0.000292 -0.000755 -0.000033
     0.000398 -0.000680 -0.000028
     0.001461 -0.000173 -0.000031
     0.011087  0.004256 -0.000033
     0.027652  0.010120 -0.000080
     0.052281  0.011184 -0.000082
     0.050173 -0.005164 -0.000021
     0.042844 -0.034034 -0.000036
     0.039999 -0.067150 -0.000051
     0.033746 -0.073393 -0.000057
     0.016977 -0.057541 -0.000046
     0.005014 -0.041264 -0.000016
    -0.005000 -0.035875  0.000010
    -0.012453 -0.045283  0.000027
    -0.032317 -0.064234  0.000032
    -0.063696 -0.070058 -0.000032
    -0.070731 -0.069059 -0.000007
    -0.041255 -0.059752 -0.000012
    -0.018801 -0.050391  0.000012
    -0.008480 -0.035940  0.000013
    -0.009590 -0.024153 -0.000009
    -0.012221 -0.014687 -0.000034
    -0.009070 -0.007574 -0.000038
    -0.003335 -0.002759 -0.000027
     0.000155 -0.000272 -0.000015
     0.000453 -0.001012 -0.000009
     0.000434 -0.001047 -0.000011
     0.000415 -0.000981 -0.000018
     0.000405 -0.000891 -0.000027
     0.000418 -0.000655 -0.000036
     0.000394 -0.000648 -0.000034
     0.000391 -0.000660 -0.000034
     0.000456 -0.000524 -0.000014
    -0.000055 -0.000733  0.000001
    -0.000052 -0.000680  0.000002
     0.000130 -0.000575 -0.000000
     0.000351 -0.000436 -0.000007
     0.000384 -0.000492 -0.000013
     0.000387 -0.000521 -0.000018
     0.000415 -0.000583 -0.000024
     0.000451 -0.000663 -0.000029
     0.000393 -0.000710 -0.000033
     0.000326 -0.000720 -0.000037
     0.000364 -0.000698 -0.000038
     0.000501 -0.000624 -0.000027
     0.000478 -0.000562 -0.000020
     0.000455 -0.000506 -0.000014
     0.000427 -0.000447 -0.000008
     0.000422 -0.000442 -0.000008
     0.000422 -0.000449 -0.000009
     0.000427 -0.000528 -0.000018
     0.000467 -0.000609 -0.000027
     0.000441 -0.000669 -0.000034
     0.000441 -0.000669 -0.000034
     0.000358 -0.000693 -0.000038
     0.000348 -0.000696 -0.000038
     0.000258 -0.000685 -0.000044
     0.000240 -0.000681 -0.000045
     0.000278 -0.000669 -0.000043
     0.000400 -0.000682 -0.000036
     0.000391 -0.000677 -0.000035
     0.000409 -0.000669 -0.000034
     0.000435 -0.000658 -0.000033
     0.000435 -0.000657 -0.000032
     0.000458 -0.000629 -0.000028
     0.000444 -0.000634 -0.000028
     0.000290 -0.000726 -0.000038
     0.000456 -0.000815 -0.000044
     0.001235 -0.000819 -0.000040
     0.001641 -0.000769 -0.000034
     0.001305 -0.000758 -0.000040
     0.000135 -0.000664 -0.000049
     0.000643 -0.000591 -0.000047
     0.000347 -0.000570 -0.000050
     0.000432 -0.000714 -0.000030
     0.000514 -0.000780  0.000001
     0.000553 -0.000743  0.000013
     0.000575 -0.000674  0.000007
     0.000556 -0.000642 -0.000028
     0.000224 -0.000758 -0.000042
     0.000279 -0.000772 -0.000043
     0.000261 -0.000748 -0.000038
     0.000498 -0.000758 -0.000025
     0.000469 -0.000750 -0.000022
     0.003903  0.001312 -0.000014
     0.023590  0.007542 -0.000086
     0.062149  0.008711 -0.000094
     0.075787 -0.005446 -0.000055
     0.071527 -0.033081 -0.000011
     0.051343 -0.039899 -0.000031
     0.014421 -0.015240 -0.000035
     0.002393  0.000106  0.000001
    -0.001743  0.005757  0.000020
    -0.000315  0.003715  0.000014
     0.000601 -0.003463  0.000004
    -0.009487 -0.017563  0.000029
    -0.049716 -0.045219  0.000005
    -0.074529 -0.059797 -0.000070
    -0.052866 -0.060907 -0.000011
    -0.026988 -0.055232  0.000049
    -0.019976 -0.041442  0.000037
    -0.021029 -0.026392  0.000010
    -0.020676 -0.014439 -0.000027
    -0.015500 -0.006577 -0.000030
    -0.009506 -0.002067 -0.000018
    -0.001189 -0.000497 -0.000009
     0.000499 -0.000937 -0.000005
     0.000419 -0.001112 -0.000006
     0.000385 -0.001062 -0.000014
     0.000332 -0.000991 -0.000025
     0.000326 -0.000859 -0.000037
     0.000337 -0.000668 -0.000040
     0.000458 -0.000629 -0.000027
     0.000474 -0.000508 -0.000012
     0.000082 -0.000672  0.000000
    -0.000294 -0.000852  0.000001
    -0.000333 -0.000874  0.000000
    -0.000012 -0.000688  0.000002
     0.000353 -0.000462 -0.000010
     0.000364 -0.000544 -0.000019
     0.000399 -0.000571 -0.000023
     0.000441 -0.000650 -0.000027
     0.000407 -0.000707 -0.000032
     0.000314 -0.000730 -0.000037
     0.000336 -0.000713 -0.000038
     0.000434 -0.000663 -0.000033
     0.000478 -0.000576 -0.000022
     0.000453 -0.000516 -0.000016
     0.000421 -0.000449 -0.000009
     0.000416 -0.000440 -0.000008
     0.000416 -0.000445 -0.000009
     0.000423 -0.000527 -0.000018
     0.000465 -0.000606 -0.000026
     0.000441 -0.000669 -0.000034
     0.000441 -0.000669 -0.000034
     0.000355 -0.000695 -0.000038
     0.000345 -0.000698 -0.000039
     0.000256 -0.000674 -0.000044
     0.000242 -0.000669 -0.000045
     0.000283 -0.000658 -0.000043
     0.000405 -0.000678 -0.000036
     0.000386 -0.000679 -0.000036
     0.000400 -0.000672 -0.000035
     0.000436 -0.000658 -0.000033
     0.000376 -0.000667 -0.000033
     0.000442 -0.000635 -0.000029
     0.000448 -0.000631 -0.000028
     0.000299 -0.000717 -0.000037
     0.000388 -0.000814 -0.000045
     0.001259 -0.000784 -0.000040
     0.001172 -0.000647 -0.000043
     0.000675 -0.000606 -0.000046
     0.000154 -0.000574 -0.000049
     0.000474 -0.000527 -0.000049
     0.000158 -0.000563 -0.000047
     0.000467 -0.000741 -0.000024
     0.000508 -0.000814  0.000004
     0.000550 -0.000672  0.000006
     0.000575 -0.000598 -0.000004
     0.000553 -0.000811 -0.000021
     0.000280 -0.000637 -0.000043
     0.000192 -0.000610 -0.000045
     0.000320 -0.000582 -0.000036
     0.000546 -0.000842 -0.000014
     0.000558 -0.000854 -0.000020
     0.003712 -0.000481 -0.000014
     0.023806 -0.004100 -0.000056
     0.063718 -0.009199 -0.000051
     0.091853 -0.024799 -0.000057
     0.078624 -0.029549 -0.000003
     0.027455 -0.010824 -0.000035
    -0.000672  0.004326  0.000013
    -0.007958  0.012044  0.000050
    -0.005382  0.017409  0.000046
     0.003591  0.016596  0.000022
     0.009853  0.011440 -0.000008
     0.003225  0.003492  0.000001
    -0.023595 -0.014557  0.000032
    -0.062522 -0.037775 -0.000035
    -0.057466 -0.043236 -0.000019
    -0.037099 -0.033300  0.000029
    -0.027871 -0.017179  0.000024
    -0.030426 -0.009024 -0.000017
    -0.027973 -0.005733 -0.000036
    -0.019123 -0.003108 -0.000021
    -0.013059 -0.001430 -0.000010
    -0.003779 -0.000572 -0.000009
     0.000547 -0.000837 -0.000014
     0.000420 -0.001109 -0.000008
     0.000343 -0.001130 -0.000011
     0.000229 -0.001055 -0.000023
     0.000212 -0.000986 -0.000038
     0.000251 -0.000701 -0.000048
     0.000397 -0.000651 -0.000033
     0.000493 -0.000489 -0.000009
     0.000191 -0.000618 -0.000002
    -0.000345 -0.000893  0.000000
    -0.000502 -0.000964 -0.000000
    -0.000231 -0.000796  0.000001
     0.000097 -0.000604  0.000001
     0.000365 -0.000419 -0.000006
     0.000404 -0.000607 -0.000019
     0.000439 -0.000650 -0.000025
     0.000418 -0.000704 -0.000031
     0.000316 -0.000730 -0.000036
     0.000403 -0.000716 -0.000031
     0.000384 -0.000689 -0.000038
     0.000482 -0.000635 -0.000029
     0.000452 -0.000529 -0.000017
     0.000417 -0.000454 -0.000010
     0.000410 -0.000440 -0.000008
     0.000409 -0.000441 -0.000008
     0.000413 -0.000455 -0.000010
     0.000462 -0.000604 -0.000026
     0.000464 -0.000611 -0.000027
     0.000441 -0.000669 -0.000034
     0.000353 -0.000697 -0.000039
     0.000341 -0.000699 -0.000039
     0.000331 -0.000700 -0.000040
     0.000245 -0.000657 -0.000045
     0.000287 -0.000648 -0.000043
     0.000338 -0.000697 -0.000038
     0.000378 -0.000682 -0.000036
     0.000392 -0.000675 -0.000035
     0.000386 -0.000663 -0.000033
     0.000362 -0.000676 -0.000034
     0.000318 -0.000706 -0.000036
     0.000453 -0.000630 -0.000028
     0.000314 -0.000704 -0.000037
     0.000275 -0.000807 -0.000047
     0.000789 -0.000633 -0.000046
     0.000954 -0.000572 -0.000046
     0.000350 -0.000534 -0.000050
     0.000162 -0.000527 -0.000049
     0.000285 -0.000508 -0.000050
     0.000218 -0.000603 -0.000039
     0.000488 -0.000757 -0.000019
     0.000502 -0.000831  0.000005
     0.000544 -0.000674  0.000002
     0.000567 -0.000485 -0.000015
     0.000540 -0.000593 -0.000026
     0.000323 -0.000693 -0.000037
     0.000349 -0.000636 -0.000039
     0.000388 -0.000605 -0.000026
     0.000261 -0.000641 -0.000035
     0.001075 -0.002318 -0.000009
     0.010158 -0.008099 -0.000007
     0.030654 -0.013151 -0.000055
     0.074793 -0.023176 -0.000046
     0.097670 -0.026543 -0.000104
     0.069721 -0.016154 -0.000008
     0.012924 -0.006276 -0.000031
    -0.009924  0.004382  0.000048
    -0.013571  0.011543  0.000019
    -0.005913  0.013517  0.000015
     0.005422  0.013332  0.000036
     0.014169  0.011374 -0.000011
     0.012395  0.005586 -0.000022
    -0.005446 -0.003111  0.000023
    -0.048398 -0.018748 -0.000004
    -0.058504 -0.014490 -0.000044
    -0.047748  0.002204 -0.000044
    -0.037155  0.013582 -0.000036
    -0.032046  0.013305 -0.000033
    -0.022619  0.004951 -0.000021
    -0.017360 -0.000544 -0.000017
    -0.012077 -0.001246 -0.000009
    -0.003162 -0.001632 -0.000013
     0.000475 -0.000490 -0.000013
     0.000461 -0.000971 -0.000022
     0.000317 -0.001100 -0.000019
    -0.000264 -0.000952 -0.000018
    -0.000371 -0.000790 -0.000025
     0.000103 -0.000755 -0.000050
     0.000346 -0.000668 -0.000038
     0.000531 -0.000563 -0.000018
     0.000266 -0.000580 -0.000003
    -0.000351 -0.000897 -0.000000
    -0.000582 -0.001004 -0.000001
    -0.000529 -0.000953  0.000000
    -0.000090 -0.000709  0.000002
     0.000189 -0.000510  0.000000
     0.000385 -0.000476 -0.000012
     0.000420 -0.000590 -0.000025
     0.000423 -0.000706 -0.000031
     0.000320 -0.000730 -0.000036
     0.000301 -0.000729 -0.000038
     0.000357 -0.000708 -0.000037
     0.000462 -0.000657 -0.000032
     0.000452 -0.000577 -0.000023
     0.000413 -0.000464 -0.000011
     0.000404 -0.000441 -0.000009
     0.000403 -0.000439 -0.000008
     0.000407 -0.000451 -0.000010
     0.000452 -0.000531 -0.000018
     0.000461 -0.000609 -0.000027
     0.000441 -0.000669 -0.000034
     0.000351 -0.000692 -0.000039
     0.000339 -0.000693 -0.000039
     0.000329 -0.000693 -0.000040
     0.000248 -0.000646 -0.000045
     0.000293 -0.000644 -0.000043
     0.000335 -0.000699 -0.000039
     0.000368 -0.000686 -0.000037
     0.000332 -0.000689 -0.000036
     0.000375 -0.000666 -0.000034
     0.000353 -0.000681 -0.000035
     0.000314 -0.000707 -0.000037
     0.000461 -0.000631 -0.000028
     0.000436 -0.000644 -0.000030
     0.000184 -0.000675 -0.000047
     0.000615 -0.000560 -0.000049
     0.000634 -0.000491 -0.000049
     0.000129 -0.000521 -0.000049
     0.000157 -0.000530 -0.000048
     0.000173 -0.000602 -0.000050
     0.000295 -0.000644 -0.000031
     0.000482 -0.000749 -0.000017
     0.000511 -0.000802 -0.000012
     0.000538 -0.000564 -0.000016
     0.000616 -0.000520 -0.000018
     0.000573 -0.000561 -0.000022
     0.000438 -0.000632 -0.000031
     0.000471 -0.000679 -0.000031
     0.001361 -0.000732 -0.000023
     0.004846 -0.004119  0.000014
     0.009205 -0.012220 -0.000009
     0.016015 -0.022184 -0.000041
     0.044213 -0.038249 -0.000053
     0.074677 -0.037288 -0.000032
     0.088264 -0.016190 -0.000042
     0.062387 -0.004574 -0.000014
     0.009026 -0.001005 -0.000023
    -0.012711 -0.000900  0.000044
    -0.016373 -0.001812 -0.000005
    -0.007508 -0.001209 -0.000019
     0.003204 -0.000992  0.000026
     0.016103 -0.000547 -0.000023
     0.018160 -0.001925 -0.000038
     0.000044 -0.004926  0.000004
    -0.041241 -0.010065  0.000007
    -0.073846 -0.001462 -0.000120
    -0.065997  0.022589 -0.000136
    -0.042124  0.030201 -0.000069
    -0.020554  0.017478 -0.000011
    -0.014933  0.008728 -0.000019
    -0.010812  0.001122 -0.000016
    -0.006493 -0.001838 -0.000015
    -0.001507 -0.001952 -0.000010
    -0.000157 -0.000828  0.000001
     0.000553 -0.000587 -0.000025
     0.000307 -0.000998 -0.000030
    -0.000485 -0.000882 -0.000024
    -0.000233 -0.000623 -0.000014
    -0.000275 -0.000788 -0.000039
     0.000293 -0.000689 -0.000043
     0.000498 -0.000607 -0.000024
     0.000454 -0.000485 -0.000008
    -0.000346 -0.000892 -0.000000
    -0.000617 -0.001021 -0.000001
    -0.000697 -0.001033 -0.000000
    -0.000330 -0.000831  0.000001
    -0.000013 -0.000640  0.000003
     0.000370 -0.000413 -0.000005
     0.000412 -0.000541 -0.000019
     0.000429 -0.000687 -0.000034
     0.000326 -0.000730 -0.000036
     0.000296 -0.000733 -0.000038
     0.000336 -0.000718 -0.000037
     0.000417 -0.000691 -0.000035
     0.000451 -0.000597 -0.000025
     0.000412 -0.000509 -0.000016
     0.000399 -0.000446 -0.000009
     0.000397 -0.000440 -0.000009
     0.000401 -0.000448 -0.000010
     0.000447 -0.000526 -0.000017
     0.000459 -0.000608 -0.000027
     0.000441 -0.000669 -0.000034
     0.000349 -0.000686 -0.000039
     0.000338 -0.000686 -0.000040
     0.000328 -0.000685 -0.000040
     0.000251 -0.000635 -0.000045
     0.000221 -0.000674 -0.000046
     0.000331 -0.000701 -0.000039
     0.000358 -0.000690 -0.000037
     0.000321 -0.000696 -0.000037
     0.000364 -0.000671 -0.000034
     0.000349 -0.000683 -0.000035
     0.000319 -0.000701 -0.000037
     0.000461 -0.000635 -0.000029
     0.000480 -0.000641 -0.000029
     0.000234 -0.000621 -0.000045
     0.000363 -0.000515 -0.000050
     0.000348 -0.000504 -0.000047
     0.000454 -0.000584 -0.000048
     0.000186 -0.000548 -0.000043
     0.000224 -0.000590 -0.000039
     0.000341 -0.000665 -0.000030
     0.000430 -0.000712 -0.000025
     0.000506 -0.000741 -0.000027
     0.000562 -0.000594 -0.000025
     0.000540 -0.000590 -0.000022
     0.000615 -0.000540 -0.000019
     0.000596 -0.000560 -0.000024
     0.000376 -0.000676 -0.000028
     0.003697 -0.002201  0.000007
     0.011664 -0.006025 -0.000014
     0.017147 -0.013281 -0.000040
     0.026246 -0.019978 -0.000047
     0.041695 -0.032033 -0.000047
     0.059415 -0.029218 -0.000022
     0.070068 -0.004913 -0.000012
     0.061432  0.013193 -0.000021
     0.014686  0.000094 -0.000031
    -0.008347 -0.007804  0.000035
    -0.014766 -0.012802  0.000005
    -0.006307 -0.014396 -0.000014
     0.005123 -0.015499 -0.000005
     0.015882 -0.015675 -0.000040
     0.016273 -0.013959 -0.000039
    -0.002547 -0.005579  0.000012
    -0.048763  0.005365 -0.000035
    -0.087469  0.010800 -0.000122
    -0.074096  0.015380 -0.000132
    -0.035674  0.013846 -0.000043
    -0.011767  0.010146 -0.000006
    -0.002287  0.002006 -0.000015
    -0.001700 -0.001086 -0.000018
    -0.001400 -0.001715 -0.000012
    -0.001085 -0.001693 -0.000006
    -0.001017 -0.001256 -0.000003
     0.000467 -0.000433 -0.000006
     0.000424 -0.000633 -0.000036
    -0.000459 -0.000720 -0.000033
    -0.000247 -0.000619 -0.000021
    -0.000209 -0.000719 -0.000029
     0.000206 -0.000817 -0.000047
     0.000400 -0.000654 -0.000034
     0.000469 -0.000491 -0.000009
    -0.000296 -0.000867 -0.000000
    -0.000605 -0.001014 -0.000001
    -0.000840 -0.001102 -0.000001
    -0.000529 -0.000928  0.000001
    -0.000177 -0.000720  0.000003
     0.000245 -0.000476 -0.000001
     0.000404 -0.000483 -0.000012
     0.000465 -0.000655 -0.000031
     0.000342 -0.000706 -0.000039
     0.000296 -0.000735 -0.000038
     0.000326 -0.000724 -0.000037
     0.000395 -0.000702 -0.000035
     0.000451 -0.000620 -0.000028
     0.000411 -0.000527 -0.000018
     0.000394 -0.000454 -0.000010
     0.000391 -0.000443 -0.000009
     0.000394 -0.000446 -0.000010
     0.000442 -0.000521 -0.000017
     0.000445 -0.000534 -0.000018
     0.000441 -0.000669 -0.000034
     0.000348 -0.000681 -0.000039
     0.000336 -0.000679 -0.000040
     0.000328 -0.000678 -0.000040
     0.000256 -0.000635 -0.000044
     0.000221 -0.000664 -0.000046
     0.000230 -0.000666 -0.000045
     0.000289 -0.000712 -0.000039
     0.000310 -0.000703 -0.000038
     0.000354 -0.000676 -0.000035
     0.000351 -0.000679 -0.000035
     0.000335 -0.000686 -0.000036
     0.000496 -0.000634 -0.000029
     0.000486 -0.000635 -0.000029
     0.000274 -0.000614 -0.000042
     0.000333 -0.000618 -0.000049
     0.000716 -0.000520 -0.000048
     0.000169 -0.000542 -0.000043
     0.000193 -0.000556 -0.000041
     0.000189 -0.000573 -0.000044
     0.000303 -0.000635 -0.000040
     0.000369 -0.000664 -0.000036
     0.000390 -0.000675 -0.000035
     0.000439 -0.000636 -0.000029
     0.000522 -0.000589 -0.000024
     0.000620 -0.000501 -0.000018
     0.000574 -0.000560 -0.000010
     0.000168 -0.000428 -0.000040
     0.005504 -0.000590  0.000005
     0.013429 -0.002802 -0.000022
     0.024506 -0.004927 -0.000042
     0.032900 -0.007218 -0.000044
     0.036829 -0.007045 -0.000035
     0.038177  0.001755 -0.000029
     0.051461  0.015362 -0.000028
     0.067087  0.020149 -0.000032
     0.034690  0.002167 -0.000025
     0.002884 -0.009311 -0.000004
    -0.008203 -0.022010  0.000026
    -0.003225 -0.035330  0.000001
     0.010604 -0.044165 -0.000029
     0.016827 -0.041951 -0.000042
     0.008953 -0.025766 -0.000024
    -0.015518 -0.012342  0.000025
    -0.066095 -0.003897 -0.000071
    -0.089059  0.005532 -0.000092
    -0.071947  0.002870 -0.000096
    -0.028700 -0.000156 -0.000015
    -0.006374 -0.000368 -0.000017
     0.000106 -0.000725 -0.000017
     0.000195 -0.000662 -0.000010
    -0.000920 -0.001278 -0.000008
    -0.001135 -0.001302 -0.000007
    -0.000948 -0.001126 -0.000002
     0.000387 -0.000392 -0.000003
     0.000403 -0.000641 -0.000039
    -0.000271 -0.000584 -0.000047
    -0.000255 -0.000485 -0.000035
    -0.000270 -0.000737 -0.000037
     0.000179 -0.000894 -0.000045
     0.000307 -0.000735 -0.000042
     0.000489 -0.000618 -0.000024
     0.000166 -0.000631 -0.000002
    -0.000656 -0.001041 -0.000001
    -0.000940 -0.001153 -0.000001
    -0.000712 -0.001018  0.000000
    -0.000332 -0.000792  0.000002
     0.000132 -0.000546  0.000001
     0.000400 -0.000446 -0.000008
     0.000480 -0.000611 -0.000026
     0.000297 -0.000702 -0.000042
     0.000316 -0.000715 -0.000040
     0.000312 -0.000731 -0.000037
     0.000382 -0.000708 -0.000034
     0.000459 -0.000672 -0.000030
     0.000410 -0.000549 -0.000021
     0.000395 -0.000499 -0.000016
     0.000386 -0.000448 -0.000010
     0.000389 -0.000447 -0.000010
     0.000436 -0.000517 -0.000017
     0.000440 -0.000529 -0.000018
     0.000457 -0.000613 -0.000027
     0.000348 -0.000675 -0.000039
     0.000336 -0.000672 -0.000040
     0.000327 -0.000670 -0.000040
     0.000330 -0.000670 -0.000040
     0.000221 -0.000655 -0.000046
     0.000158 -0.000757 -0.000048
     0.000275 -0.000721 -0.000040
     0.000296 -0.000711 -0.000039
     0.000353 -0.000677 -0.000035
     0.000358 -0.000677 -0.000035
     0.000381 -0.000681 -0.000036
     0.000482 -0.000620 -0.000028
     0.000492 -0.000633 -0.000028
     0.000357 -0.000684 -0.000035
     0.000233 -0.000586 -0.000041
     0.000154 -0.000544 -0.000042
     0.000176 -0.000548 -0.000040
     0.000135 -0.000527 -0.000047
     0.000172 -0.000608 -0.000048
     0.000278 -0.000717 -0.000040
     0.000358 -0.000687 -0.000036
     0.000316 -0.000695 -0.000038
     0.000380 -0.000664 -0.000033
     0.000547 -0.000598 -0.000026
     0.000557 -0.000762  0.000001
     0.000560 -0.000823  0.000012
     0.000193 -0.000089 -0.000039
     0.005944  0.001427  0.000002
     0.013651  0.001587 -0.000028
     0.023291  0.005203 -0.000052
     0.028318  0.011138 -0.000046
     0.026263  0.020428 -0.000039
     0.026244  0.033247 -0.000043
     0.048608  0.044120 -0.000070
     0.072789  0.038289 -0.000088
     0.060497  0.023824 -0.000033
     0.022541 -0.003044 -0.000029
     0.007231 -0.019761 -0.000020
     0.010187 -0.043817 -0.000029
     0.013386 -0.056622 -0.000039
     0.006197 -0.057957 -0.000021
    -0.010446 -0.049459  0.000014
    -0.044890 -0.030168 -0.000013
    -0.082065 -0.022613 -0.000095
    -0.090007 -0.027420 -0.000055
    -0.076349 -0.024275 -0.000045
    -0.028880 -0.013695 -0.000030
    -0.007991 -0.008151 -0.000030
    -0.001576 -0.003912 -0.000026
    -0.001769 -0.003768 -0.000028
    -0.003119 -0.004880 -0.000030
    -0.003898 -0.003210 -0.000020
    -0.002778 -0.001377 -0.000008
     0.000367 -0.000414 -0.000007
     0.000397 -0.000665 -0.000040
    -0.000222 -0.000626 -0.000044
    -0.000496 -0.000774 -0.000036
    -0.000255 -0.000764 -0.000034
     0.000222 -0.000875 -0.000043
     0.000299 -0.000781 -0.000036
     0.000358 -0.000682 -0.000038
     0.000296 -0.000516 -0.000004
    -0.000470 -0.000924 -0.000000
    -0.000948 -0.001159 -0.000001
    -0.000890 -0.001109 -0.000000
    -0.000539 -0.000892  0.000002
     0.000042 -0.000598  0.000003
     0.000398 -0.000431 -0.000006
     0.000475 -0.000566 -0.000020
     0.000360 -0.000672 -0.000036
     0.000343 -0.000699 -0.000040
     0.000314 -0.000717 -0.000040
     0.000417 -0.000671 -0.000035
     0.000470 -0.000689 -0.000030
     0.000411 -0.000571 -0.000024
     0.000394 -0.000516 -0.000018
     0.000382 -0.000455 -0.000011
     0.000383 -0.000450 -0.000010
     0.000431 -0.000515 -0.000017
     0.000434 -0.000525 -0.000018
     0.000439 -0.000539 -0.000019
     0.000348 -0.000669 -0.000039
     0.000336 -0.000666 -0.000040
     0.000327 -0.000663 -0.000041
     0.000251 -0.000689 -0.000044
     0.000220 -0.000645 -0.000046
     0.000151 -0.000748 -0.000049
     0.000264 -0.000727 -0.000041
     0.000285 -0.000716 -0.000039
     0.000355 -0.000678 -0.000035
     0.000370 -0.000676 -0.000035
     0.000405 -0.000678 -0.000035
     0.000414 -0.000666 -0.000033
     0.000491 -0.000638 -0.000029
     0.000438 -0.000668 -0.000033
     0.000253 -0.000600 -0.000038
     0.000201 -0.000565 -0.000038
     0.000296 -0.000506 -0.000043
     0.000843 -0.000473 -0.000048
     0.000810 -0.000704 -0.000044
     0.000254 -0.000748 -0.000040
     0.000411 -0.000654 -0.000031
     0.000266 -0.000738 -0.000039
     0.000382 -0.000682 -0.000037
     0.000524 -0.000703 -0.000017
     0.000545 -0.000917  0.000015
     0.000583 -0.000918  0.000017
     0.000321 -0.000411 -0.000015
     0.004398  0.002562 -0.000003
     0.011946  0.006867 -0.000024
     0.016665  0.010756 -0.000042
     0.016300  0.017534 -0.000023
     0.016332  0.028094 -0.000007
     0.019575  0.037727 -0.000018
     0.040505  0.047143 -0.000093
     0.073648  0.052033 -0.000145
     0.079707  0.051467 -0.000112
     0.063876  0.028082 -0.000032
     0.041187 -0.005359 -0.000015
     0.034257 -0.029318 -0.000021
     0.023321 -0.046430 -0.000023
     0.000486 -0.049127 -0.000009
    -0.031061 -0.043617 -0.000019
    -0.066342 -0.040967 -0.000046
    -0.082655 -0.047373 -0.000072
    -0.089007 -0.053926 -0.000107
    -0.079943 -0.051540 -0.000110
    -0.047731 -0.039977 -0.000053
    -0.014721 -0.024535 -0.000032
    -0.002719 -0.019854 -0.000010
    -0.003289 -0.016750 -0.000018
    -0.009042 -0.012840 -0.000040
    -0.011187 -0.007076 -0.000027
    -0.008033 -0.003494 -0.000014
    -0.000748 -0.001078 -0.000005
     0.000432 -0.000908 -0.000029
    -0.000022 -0.001079 -0.000025
    -0.000406 -0.000946 -0.000025
    -0.000300 -0.000879 -0.000030
     0.000246 -0.000942 -0.000028
     0.000308 -0.000825 -0.000029
     0.000294 -0.000720 -0.000037
     0.000401 -0.000550 -0.000018
    -0.000208 -0.000767  0.000001
    -0.000663 -0.000998 -0.000001
    -0.001837 -0.001101  0.000001
    -0.000760 -0.001002  0.000001
    -0.000086 -0.000665  0.000003
     0.000390 -0.000415 -0.000004
     0.000470 -0.000549 -0.000018
     0.000501 -0.000626 -0.000027
     0.000400 -0.000674 -0.000036
     0.000323 -0.000712 -0.000040
     0.000370 -0.000705 -0.000037
     0.000459 -0.000696 -0.000030
     0.000419 -0.000629 -0.000023
     0.000395 -0.000536 -0.000020
     0.000386 -0.000499 -0.000016
     0.000378 -0.000455 -0.000011
     0.000426 -0.000514 -0.000017
     0.000429 -0.000522 -0.000018
     0.000434 -0.000536 -0.000019
     0.000349 -0.000665 -0.000039
     0.000337 -0.000661 -0.000040
     0.000327 -0.000657 -0.000041
     0.000246 -0.000677 -0.000044
     0.000143 -0.000722 -0.000050
     0.000143 -0.000740 -0.000049
     0.000256 -0.000731 -0.000041
     0.000277 -0.000719 -0.000040
     0.000363 -0.000677 -0.000035
     0.000427 -0.000667 -0.000034
     0.000392 -0.000671 -0.000034
     0.000444 -0.000659 -0.000032
     0.000458 -0.000663 -0.000024
     0.000467 -0.000684 -0.000028
     0.000382 -0.000641 -0.000032
     0.000206 -0.000564 -0.000040
     0.000831 -0.000427 -0.000045
     0.001602 -0.000491 -0.000042
     0.001530 -0.000671 -0.000039
     0.000173 -0.000804 -0.000044
     0.000465 -0.000638 -0.000029
     0.000305 -0.000704 -0.000038
     0.000434 -0.000659 -0.000034
     0.000511 -0.000776  0.000001
     0.000538 -0.000925  0.000020
     0.000576 -0.000978  0.000022
     0.000509 -0.000815  0.000004
     0.002214  0.001198 -0.000010
     0.009168  0.005364 -0.000026
     0.011913  0.008372 -0.000021
     0.009827  0.010264  0.000001
     0.006279  0.014029  0.000031
     0.007825  0.016649  0.000023
     0.025786  0.022104 -0.000078
     0.064207  0.034070 -0.000139
     0.086955  0.038657 -0.000123
     0.086148  0.030662 -0.000066
     0.078366  0.005977 -0.000014
     0.060936 -0.016203 -0.000004
     0.024627 -0.014702 -0.000002
    -0.006104 -0.003296 -0.000000
    -0.029884 -0.001587 -0.000008
    -0.046825 -0.018113 -0.000019
    -0.059878 -0.036199 -0.000026
    -0.076661 -0.059665 -0.000054
    -0.082242 -0.066603 -0.000051
    -0.063193 -0.060095 -0.000056
    -0.027564 -0.051795  0.000019
    -0.013398 -0.040502  0.000020
    -0.012293 -0.027396  0.000007
    -0.015782 -0.017477 -0.000023
    -0.019005 -0.010956 -0.000026
    -0.013565 -0.004015 -0.000013
    -0.002632 -0.001498 -0.000016
     0.000525 -0.000745 -0.000025
     0.000359 -0.001218 -0.000018
    -0.000228 -0.001065 -0.000008
     0.000054 -0.001065 -0.000011
     0.000302 -0.000991 -0.000018
     0.000319 -0.000856 -0.000028
     0.000189 -0.000786 -0.000039
     0.000432 -0.000628 -0.000032
     0.000192 -0.000504 -0.000003
    -0.000404 -0.000853  0.000000
    -0.001563 -0.001049  0.000001
    -0.000923 -0.001081  0.000000
    -0.000252 -0.000754  0.000002
     0.000367 -0.000416 -0.000003
     0.000522 -0.000585 -0.000021
     0.000492 -0.000596 -0.000023
     0.000459 -0.000649 -0.000031
     0.000349 -0.000702 -0.000040
     0.000368 -0.000707 -0.000037
     0.000464 -0.000631 -0.000029
     0.000432 -0.000645 -0.000023
     0.000399 -0.000572 -0.000021
     0.000385 -0.000512 -0.000018
     0.000423 -0.000519 -0.000017
     0.000421 -0.000514 -0.000017
     0.000424 -0.000521 -0.000018
     0.000430 -0.000534 -0.000019
     0.000351 -0.000666 -0.000039
     0.000340 -0.000662 -0.000040
     0.000330 -0.000658 -0.000040
     0.000242 -0.000664 -0.000045
     0.000207 -0.000756 -0.000045
     0.000135 -0.000729 -0.000050
     0.000150 -0.000735 -0.000049
     0.000274 -0.000719 -0.000041
     0.000365 -0.000671 -0.000034
     0.000407 -0.000660 -0.000033
     0.000420 -0.000665 -0.000033
     0.000462 -0.000697 -0.000023
     0.000452 -0.000684 -0.000019
     0.000467 -0.000689 -0.000024
     0.000386 -0.000641 -0.000033
     0.000174 -0.000546 -0.000045
     0.001283 -0.000425 -0.000045
     0.001971 -0.000405 -0.000036
     0.001977 -0.000530 -0.000033
     0.000330 -0.000732 -0.000047
     0.000456 -0.000630 -0.000027
     0.000400 -0.000661 -0.000031
     0.000508 -0.000624 -0.000023
     0.000512 -0.000709  0.000007
     0.000526 -0.000882  0.000023
     0.000576 -0.001006  0.000027
     0.000593 -0.000956  0.000002
     0.000602 -0.000401 -0.000048
     0.005108  0.000747 -0.000023
     0.007282  0.001338 -0.000018
     0.004879  0.002001  0.000009
     0.002507  0.001619 -0.000007
     0.003417  0.001394 -0.000005
     0.016327  0.004583 -0.000062
     0.051820  0.009830 -0.000099
     0.084471  0.011568 -0.000089
     0.097995  0.001388 -0.000083
     0.089670 -0.009514 -0.000004
     0.049714  0.001594 -0.000008
     0.005044  0.022978 -0.000006
    -0.010755  0.032949  0.000018
    -0.015725  0.032663  0.000030
    -0.011672  0.017193  0.000035
    -0.015981 -0.003149  0.000019
    -0.049344 -0.036233 -0.000003
    -0.077028 -0.057374 -0.000061
    -0.073861 -0.061737 -0.000061
    -0.039181 -0.055148  0.000033
    -0.022851 -0.044336  0.000051
    -0.025644 -0.034154  0.000028
    -0.030540 -0.019694 -0.000024
    -0.028795 -0.009408 -0.000036
    -0.019016 -0.003843 -0.000008
    -0.007803 -0.000797 -0.000010
     0.000342 -0.000503 -0.000009
     0.000451 -0.001194 -0.000008
     0.000260 -0.001220 -0.000001
     0.000298 -0.001177  0.000001
     0.000286 -0.001093 -0.000003
     0.000184 -0.000975 -0.000020
     0.000194 -0.000825 -0.000039
     0.000407 -0.000662 -0.000035
     0.000327 -0.000505 -0.000014
    -0.000021 -0.000631  0.000001
    -0.000932 -0.001021  0.000000
    -0.000851 -0.001031  0.000000
    -0.000402 -0.000834  0.000002
     0.000283 -0.000469 -0.000001
     0.000508 -0.000564 -0.000018
     0.000473 -0.000572 -0.000021
     0.000490 -0.000623 -0.000027
     0.000396 -0.000679 -0.000036
     0.000375 -0.000704 -0.000037
     0.000461 -0.000679 -0.000029
     0.000415 -0.000551 -0.000021
     0.000408 -0.000616 -0.000021
     0.000385 -0.000529 -0.000020
     0.000428 -0.000558 -0.000022
     0.000417 -0.000516 -0.000017
     0.000419 -0.000520 -0.000018
     0.000425 -0.000532 -0.000019
     0.000354 -0.000668 -0.000039
     0.000343 -0.000664 -0.000039
     0.000332 -0.000660 -0.000040
     0.000162 -0.000721 -0.000048
     0.000193 -0.000758 -0.000046
     0.000127 -0.000714 -0.000051
     0.000152 -0.000716 -0.000049
     0.000223 -0.000765 -0.000042
     0.000364 -0.000673 -0.000035
     0.000438 -0.000651 -0.000031
     0.000465 -0.000693 -0.000026
     0.000460 -0.000700 -0.000020
     0.000468 -0.000707 -0.000018
     0.000465 -0.000689 -0.000024
     0.000351 -0.000626 -0.000036
     0.000221 -0.000607 -0.000045
     0.001615 -0.000427 -0.000043
     0.002231 -0.000342 -0.000028
     0.002079 -0.000356 -0.000035
     0.000669 -0.000785 -0.000042
     0.000356 -0.000699 -0.000032
     0.000493 -0.000610 -0.000026
     0.000517 -0.000500 -0.000019
     0.000528 -0.000470  0.000000
     0.000559 -0.000684  0.000014
     0.000588 -0.000911  0.000024
     0.000589 -0.000965  0.000004
     0.000585 -0.000626 -0.000050
     0.002699 -0.000295 -0.000018
     0.003310 -0.000247 -0.000016
     0.002628 -0.000421 -0.000030
     0.000950 -0.000749 -0.000038
     0.001882 -0.000777 -0.000022
     0.014557 -0.002545 -0.000045
     0.045384 -0.006139 -0.000067
     0.088829 -0.007877 -0.000070
     0.101462 -0.015483 -0.000124
     0.076592 -0.010673 -0.000008
     0.014854  0.004725 -0.000016
    -0.006741  0.019129  0.000035
    -0.014294  0.025783  0.000048
    -0.009027  0.022427  0.000047
     0.001840  0.016465  0.000021
     0.003203  0.009394  0.000005
    -0.014421 -0.005083  0.000024
    -0.058050 -0.031422 -0.000016
    -0.075020 -0.044605 -0.000060
    -0.052507 -0.038396 -0.000000
    -0.036308 -0.022559  0.000024
    -0.033622 -0.005891 -0.000008
    -0.041253 -0.003148 -0.000060
    -0.033737 -0.002935 -0.000043
    -0.021603 -0.001747 -0.000001
    -0.011425 -0.000804 -0.000004
     0.000088 -0.000193 -0.000006
     0.000499 -0.001150  0.000005
     0.000485 -0.001218  0.000009
     0.000391 -0.001231  0.000013
    -0.000028 -0.001055  0.000003
     0.000024 -0.000685  0.000000
     0.000168 -0.000903 -0.000033
     0.000353 -0.000741 -0.000032
     0.000374 -0.000555 -0.000020
     0.000234 -0.000452 -0.000004
    -0.000519 -0.000832  0.000001
    -0.000701 -0.000950  0.000001
    -0.000439 -0.000842  0.000002
     0.000277 -0.000530 -0.000001
     0.000432 -0.000480 -0.000011
     0.000455 -0.000553 -0.000019
     0.000479 -0.000613 -0.000026
     0.000452 -0.000657 -0.000032
     0.000387 -0.000699 -0.000036
     0.000467 -0.000686 -0.000029
     0.000427 -0.000627 -0.000025
     0.000395 -0.000513 -0.000017
     0.000391 -0.000571 -0.000019
     0.000426 -0.000565 -0.000023
     0.000413 -0.000519 -0.000018
     0.000415 -0.000521 -0.000018
     0.000420 -0.000531 -0.000019
     0.000357 -0.000669 -0.000038
     0.000347 -0.000665 -0.000039
     0.000336 -0.000661 -0.000039
     0.000154 -0.000704 -0.000049
     0.000138 -0.000728 -0.000050
     0.000189 -0.000766 -0.000046
     0.000155 -0.000695 -0.000049
     0.000267 -0.000729 -0.000040
     0.000362 -0.000676 -0.000035
     0.000470 -0.000615 -0.000028
     0.000460 -0.000683 -0.000022
     0.000457 -0.000704 -0.000014
     0.000466 -0.000708 -0.000016
     0.000464 -0.000686 -0.000026
     0.000311 -0.000608 -0.000039
     0.000158 -0.000580 -0.000049
     0.001314 -0.000607 -0.000042
     0.002201 -0.000230 -0.000033
     0.002315 -0.000363 -0.000028
     0.001540 -0.000618 -0.000039
     0.000281 -0.000726 -0.000038
     0.000519 -0.000603 -0.000022
     0.000583 -0.000424 -0.000009
     0.000545 -0.000294  0.000004
     0.000581 -0.000561  0.000020
     0.000593 -0.000849  0.000023
     0.000615 -0.000922 -0.000011
     0.000298 -0.000674 -0.000038
     0.002594  0.000062 -0.000015
     0.002531 -0.000058 -0.000023
     0.003230 -0.000022 -0.000030
     0.004867 -0.000748 -0.000004
     0.006875 -0.005457  0.000006
     0.017061 -0.011528 -0.000036
     0.048709 -0.014572 -0.000063
     0.088821 -0.017290 -0.000053
     0.098206 -0.012739 -0.000065
     0.059206  0.001225 -0.000019
     0.002980  0.005161 -0.000005
    -0.013529  0.009746  0.000050
    -0.012461  0.010844  0.000020
    -0.004395  0.011380  0.000020
     0.007679  0.008648  0.000009
     0.013351  0.004566 -0.000024
     0.000242 -0.002491  0.000004
    -0.040625 -0.021327 -0.000000
    -0.075368 -0.033787 -0.000066
    -0.067228 -0.011918 -0.000066
    -0.049982  0.011453 -0.000056
    -0.043349  0.019554 -0.000064
    -0.037495  0.011047 -0.000056
    -0.026985  0.005320 -0.000020
    -0.019467  0.000763 -0.000000
    -0.011464 -0.000359 -0.000002
    -0.000703 -0.000955 -0.000003
     0.000532 -0.000836 -0.000002
     0.000514 -0.001144  0.000016
     0.000396 -0.001197  0.000007
    -0.000407 -0.000904  0.000011
     0.000120 -0.000544  0.000017
     0.000034 -0.000773 -0.000015
     0.000290 -0.000820 -0.000031
     0.000386 -0.000578 -0.000023
     0.000105 -0.000490 -0.000001
    -0.000166 -0.000644  0.000002
    -0.000489 -0.000837  0.000001
    -0.000143 -0.000734  0.000002
     0.000231 -0.000550 -0.000001
     0.000407 -0.000448 -0.000008
     0.000438 -0.000535 -0.000018
     0.000463 -0.000599 -0.000025
     0.000477 -0.000639 -0.000029
     0.000410 -0.000691 -0.000036
     0.000467 -0.000685 -0.000029
     0.000433 -0.000644 -0.000025
     0.000394 -0.000519 -0.000018
     0.000432 -0.000538 -0.000019
     0.000426 -0.000574 -0.000024
     0.000409 -0.000523 -0.000018
     0.000411 -0.000522 -0.000018
     0.000416 -0.000531 -0.000019
     0.000441 -0.000669 -0.000034
     0.000350 -0.000667 -0.000038
     0.000258 -0.000667 -0.000044
     0.000147 -0.000687 -0.000050
     0.000128 -0.000706 -0.000051
     0.000179 -0.000742 -0.000047
     0.000487 -0.000785 -0.000047
     0.000177 -0.000747 -0.000047
     0.000362 -0.000678 -0.000035
     0.000465 -0.000605 -0.000026
     0.000454 -0.000670 -0.000017
     0.000454 -0.000709 -0.000011
     0.000465 -0.000707 -0.000017
     0.000406 -0.000668 -0.000030
     0.000310 -0.000607 -0.000040
     0.000132 -0.000576 -0.000050
     0.001126 -0.000470 -0.000045
     0.002522 -0.000119 -0.000025
     0.002463 -0.000253 -0.000026
     0.001811 -0.000524 -0.000038
     0.000698 -0.000826 -0.000039
     0.000495 -0.000614 -0.000024
     0.000568 -0.000391 -0.000007
     0.000563 -0.000169  0.000010
     0.000612 -0.000386  0.000026
     0.000666 -0.000582  0.000013
     0.000666 -0.001026  0.000002
     0.000297 -0.000851 -0.000021
     0.001766 -0.000313 -0.000003
     0.003803  0.000734 -0.000001
     0.010933  0.000361 -0.000045
     0.014294 -0.004322 -0.000035
     0.016193 -0.010884 -0.000034
     0.025670 -0.019922 -0.000047
     0.053727 -0.029455 -0.000034
     0.082212 -0.019967 -0.000032
     0.089103  0.002370 -0.000043
     0.052600  0.010376 -0.000023
     0.002733  0.003643 -0.000003
    -0.013869  0.000750  0.000036
    -0.012685 -0.001771 -0.000002
    -0.001404 -0.003247 -0.000001
     0.008290 -0.004860 -0.000001
     0.014672 -0.005290 -0.000033
     0.006276 -0.008707 -0.000014
    -0.030414 -0.015810  0.000012
    -0.077850 -0.016050 -0.000093
    -0.088478  0.006388 -0.000149
    -0.067317  0.028906 -0.000143
    -0.040305  0.028468 -0.000069
    -0.021476  0.016641 -0.000012
    -0.017758  0.008367 -0.000004
    -0.014792  0.001870  0.000000
    -0.006813 -0.000160 -0.000004
    -0.000810 -0.000991 -0.000002
     0.000269 -0.000450  0.000005
     0.000572 -0.000961  0.000003
     0.000315 -0.001120 -0.000009
    -0.000227 -0.000630  0.000009
     0.000159 -0.000448  0.000023
     0.000090 -0.000664 -0.000004
     0.000238 -0.000881 -0.000030
     0.000467 -0.000682 -0.000027
     0.000278 -0.000409 -0.000005
    -0.000055 -0.000618  0.000002
    -0.000273 -0.000717  0.000002
    -0.000016 -0.000655  0.000002
     0.000080 -0.000573  0.000002
     0.000378 -0.000410 -0.000004
     0.000421 -0.000518 -0.000016
     0.000444 -0.000581 -0.000023
     0.000466 -0.000633 -0.000029
     0.000442 -0.000668 -0.000034
     0.000465 -0.000684 -0.000029
     0.000438 -0.000651 -0.000026
     0.000404 -0.000578 -0.000022
     0.000431 -0.000544 -0.000020
     0.000425 -0.000584 -0.000025
     0.000418 -0.000561 -0.000022
     0.000407 -0.000525 -0.000019
     0.000412 -0.000532 -0.000019
     0.000441 -0.000669 -0.000034
     0.000355 -0.000668 -0.000038
     0.000175 -0.000657 -0.000049
     0.000141 -0.000668 -0.000051
     0.000142 -0.000681 -0.000051
     0.000392 -0.000810 -0.000047
     0.000194 -0.000772 -0.000045
     0.000188 -0.000732 -0.000046
     0.000445 -0.000666 -0.000034
     0.000462 -0.000606 -0.000024
     0.000448 -0.000641 -0.000012
     0.000451 -0.000709 -0.000009
     0.000466 -0.000704 -0.000018
     0.000392 -0.000659 -0.000032
     0.000313 -0.000622 -0.000041
     0.000199 -0.000554 -0.000044
     0.001396 -0.000417 -0.000044
     0.002383 -0.000267 -0.000027
     0.003160 -0.000270 -0.000017
     0.002547 -0.000547 -0.000019
     0.000400 -0.000828 -0.000040
     0.000465 -0.000627 -0.000027
     0.000553 -0.000392 -0.000007
     0.000561 -0.000307  0.000022
     0.000650 -0.000357  0.000034
     0.000711 -0.000623  0.000026
     0.000756 -0.000891  0.000009
     0.000575 -0.001113 -0.000002
     0.000272 -0.000741 -0.000008
     0.008117  0.001650 -0.000037
     0.017355  0.001344 -0.000068
     0.024616 -0.003689 -0.000062
     0.030592 -0.009224 -0.000042
     0.035757 -0.017223 -0.000043
     0.050769 -0.020412 -0.000026
     0.066425 -0.007995 -0.000012
     0.081492  0.018188 -0.000039
     0.060265  0.018962 -0.000023
     0.008161  0.002105 -0.000021
    -0.010167 -0.007371  0.000043
    -0.010196 -0.012616  0.000011
    -0.000265 -0.014361  0.000014
     0.008291 -0.015154 -0.000017
     0.014508 -0.016510 -0.000036
     0.005680 -0.011350 -0.000014
    -0.036993 -0.009804  0.000006
    -0.088291  0.006100 -0.000145
    -0.100985  0.018496  0.000093
    -0.069987  0.022634 -0.000154
    -0.027051  0.017225 -0.000013
    -0.011424  0.011219  0.000006
    -0.007251  0.002791  0.000001
    -0.005276  0.000216 -0.000002
    -0.002596 -0.000912 -0.000003
    -0.002135 -0.000498  0.000003
     0.000018 -0.000433  0.000010
     0.000572 -0.000882 -0.000008
     0.000059 -0.001008 -0.000020
    -0.000108 -0.000537  0.000003
     0.000103 -0.000408  0.000006
     0.000117 -0.000588 -0.000003
     0.000157 -0.000909 -0.000029
     0.000473 -0.000744 -0.000019
     0.000334 -0.000516 -0.000017
     0.000042 -0.000564  0.000001
    -0.000119 -0.000704  0.000002
    -0.000349 -0.000834  0.000002
     0.000148 -0.000508  0.000000
     0.000358 -0.000407 -0.000004
     0.000397 -0.000483 -0.000012
     0.000426 -0.000563 -0.000022
     0.000456 -0.000630 -0.000029
     0.000447 -0.000641 -0.000029
     0.000461 -0.000679 -0.000028
     0.000444 -0.000659 -0.000026
     0.000410 -0.000604 -0.000022
     0.000428 -0.000546 -0.000020
     0.000413 -0.000517 -0.000017
     0.000416 -0.000567 -0.000023
     0.000404 -0.000528 -0.000019
     0.000408 -0.000533 -0.000020
     0.000441 -0.000669 -0.000034
     0.000359 -0.000670 -0.000037
     0.000175 -0.000642 -0.000049
     0.000137 -0.000648 -0.000051
     0.000773 -0.000727 -0.000046
     0.000469 -0.000800 -0.000047
     0.000180 -0.000778 -0.000046
     0.000343 -0.000699 -0.000039
     0.000391 -0.000672 -0.000033
     0.000460 -0.000632 -0.000022
     0.000443 -0.000605 -0.000009
     0.000445 -0.000702 -0.000009
     0.000469 -0.000700 -0.000022
     0.000376 -0.000650 -0.000034
     0.000346 -0.000639 -0.000030
     0.000196 -0.000558 -0.000044
     0.001916 -0.000329 -0.000039
     0.002821 -0.000279 -0.000015
     0.003471 -0.000404 -0.000016
     0.002832 -0.000447 -0.000013
     0.000566 -0.000812 -0.000041
     0.000413 -0.000663 -0.000032
     0.000499 -0.000461  0.000000
     0.000570 -0.000478  0.000033
     0.000674 -0.000557  0.000038
     0.000745 -0.000591  0.000026
     0.000807 -0.000852  0.000017
     0.000798 -0.001164  0.000005
     0.000267 -0.000836 -0.000023
     0.009927  0.001043 -0.000053
     0.022435  0.003036 -0.000074
     0.034180  0.002914 -0.000084
     0.041932 -0.000368 -0.000059
     0.044404 -0.000636 -0.000027
     0.041221  0.003299 -0.000028
     0.055631  0.021099 -0.000029
     0.074400  0.033713 -0.000049
     0.069412  0.029200 -0.000031
     0.028156  0.010910 -0.000024
    -0.000769 -0.003970  0.000008
    -0.004821 -0.016523  0.000020
     0.003498 -0.021168 -0.000009
     0.009952 -0.024257 -0.000027
     0.010948 -0.023666 -0.000028
    -0.002719 -0.009693  0.000010
    -0.056289  0.001256 -0.000028
    -0.097568  0.013182 -0.000102
    -0.099542  0.009854  0.000113
    -0.066938  0.004828 -0.000079
    -0.021012  0.001796  0.000008
    -0.004695  0.000666 -0.000005
    -0.000230 -0.000417 -0.000005
    -0.001294 -0.001063 -0.000005
    -0.003981 -0.000827 -0.000002
    -0.003590 -0.000157  0.000005
     0.000022 -0.000414  0.000011
     0.000560 -0.000862 -0.000015
    -0.000432 -0.000864 -0.000031
    -0.000026 -0.000460 -0.000003
     0.000165 -0.000402 -0.000002
     0.000026 -0.000633 -0.000017
     0.000095 -0.000889 -0.000032
     0.000384 -0.000789 -0.000022
     0.000412 -0.000605 -0.000025
     0.000269 -0.000471 -0.000003
     0.000013 -0.000630  0.000002
    -0.000307 -0.000739  0.000002
     0.000178 -0.000474 -0.000000
     0.000340 -0.000411 -0.000005
     0.000368 -0.000455 -0.000010
     0.000407 -0.000547 -0.000020
     0.000447 -0.000625 -0.000029
     0.000434 -0.000636 -0.000027
     0.000452 -0.000668 -0.000027
     0.000447 -0.000662 -0.000026
     0.000459 -0.000630 -0.000029
     0.000435 -0.000587 -0.000025
     0.000411 -0.000521 -0.000018
     0.000415 -0.000573 -0.000024
     0.000401 -0.000532 -0.000020
     0.000405 -0.000535 -0.000020
     0.000441 -0.000669 -0.000034
     0.000364 -0.000672 -0.000037
     0.000174 -0.000629 -0.000049
     0.000137 -0.000628 -0.000051
     0.000827 -0.000699 -0.000047
     0.000448 -0.000704 -0.000049
     0.000170 -0.000767 -0.000047
     0.000349 -0.000673 -0.000039
     0.000416 -0.000682 -0.000031
     0.000459 -0.000652 -0.000021
     0.000443 -0.000575 -0.000008
     0.000447 -0.000620 -0.000011
     0.000468 -0.000696 -0.000025
     0.000473 -0.000694 -0.000021
     0.000357 -0.000645 -0.000029
     0.000361 -0.000509 -0.000045
     0.002440 -0.000374 -0.000019
     0.003410 -0.000354 -0.000017
     0.003979 -0.000410 -0.000018
     0.002564 -0.000514 -0.000022
     0.000667 -0.000630 -0.000043
     0.000449 -0.000625 -0.000028
     0.000487 -0.000648  0.000011
     0.000566 -0.000769  0.000042
     0.000674 -0.000592  0.000032
     0.000751 -0.000517  0.000022
     0.000816 -0.000651  0.000010
     0.000819 -0.000742 -0.000009
     0.000329 -0.000758 -0.000041
     0.009040  0.000059 -0.000043
     0.022127  0.002914 -0.000074
     0.035888  0.004898 -0.000089
     0.042082  0.009967 -0.000078
     0.034982  0.017395 -0.000050
     0.027975  0.031729 -0.000046
     0.041218  0.049273 -0.000047
     0.069755  0.057863 -0.000093
     0.079289  0.058308 -0.000091
     0.055989  0.040317 -0.000025
     0.017756  0.012053 -0.000023
     0.006500 -0.007401 -0.000017
     0.009278 -0.020443 -0.000025
     0.008563 -0.026396 -0.000025
    -0.000427 -0.023529 -0.000004
    -0.030497 -0.010549 -0.000005
    -0.074948  0.005033 -0.000076
    -0.095997 -0.002574 -0.000126
    -0.092843 -0.017669  0.000068
    -0.071267 -0.019292 -0.000059
    -0.021763 -0.010215 -0.000009
    -0.006234 -0.006514 -0.000028
    -0.002936 -0.005036 -0.000031
    -0.005517 -0.006466 -0.000030
    -0.008903 -0.004789 -0.000018
    -0.008604 -0.003022 -0.000006
    -0.002112 -0.001229 -0.000006
     0.000525 -0.000610 -0.000029
    -0.000552 -0.000693 -0.000039
    -0.000136 -0.000528 -0.000015
     0.000024 -0.000517 -0.000018
     0.000152 -0.000568 -0.000019
     0.000280 -0.000867 -0.000030
     0.000307 -0.000809 -0.000028
     0.000366 -0.000684 -0.000038
     0.000359 -0.000466 -0.000010
    -0.000025 -0.000580  0.000002
    -0.000228 -0.000692  0.000003
    -0.000101 -0.000656  0.000003
     0.000321 -0.000405 -0.000005
     0.000342 -0.000445 -0.000010
     0.000389 -0.000524 -0.000018
     0.000417 -0.000606 -0.000026
     0.000432 -0.000641 -0.000026
     0.000446 -0.000660 -0.000026
     0.000449 -0.000665 -0.000026
     0.000458 -0.000633 -0.000030
     0.000432 -0.000587 -0.000025
     0.000408 -0.000525 -0.000018
     0.000398 -0.000503 -0.000016
     0.000398 -0.000536 -0.000020
     0.000447 -0.000598 -0.000026
     0.000441 -0.000669 -0.000034
     0.000361 -0.000692 -0.000038
     0.000175 -0.000616 -0.000049
     0.000605 -0.000684 -0.000048
     0.000858 -0.000673 -0.000047
     0.000475 -0.000674 -0.000049
     0.000258 -0.000637 -0.000044
     0.000362 -0.000660 -0.000038
     0.000476 -0.000700 -0.000030
     0.000473 -0.000710 -0.000020
     0.000445 -0.000568 -0.000010
     0.000451 -0.000536 -0.000014
     0.000451 -0.000702 -0.000012
     0.000472 -0.000697 -0.000019
     0.000329 -0.000631 -0.000032
     0.001515 -0.000574 -0.000042
     0.002472 -0.000434 -0.000018
     0.003661 -0.000344 -0.000018
     0.003537 -0.000277 -0.000018
     0.001974 -0.000500 -0.000036
     0.000306 -0.000611 -0.000046
     0.000449 -0.000664 -0.000023
     0.000471 -0.000817  0.000028
     0.000560 -0.000750  0.000027
     0.000648 -0.000606  0.000020
     0.000727 -0.000448  0.000012
     0.000787 -0.000478  0.000004
     0.000806 -0.000585 -0.000016
     0.000455 -0.000639 -0.000037
     0.005496 -0.000089 -0.000029
     0.016537  0.002123 -0.000071
     0.029740  0.007923 -0.000089
     0.026409  0.014748 -0.000070
     0.019038  0.024455 -0.000030
     0.016242  0.036605  0.000002
     0.024969  0.052326 -0.000043
     0.059457  0.062011 -0.000135
     0.080581  0.070312 -0.000126
     0.076778  0.070661 -0.000076
     0.062903  0.053419 -0.000022
     0.043598  0.024907 -0.000016
     0.027419  0.004165 -0.000011
     0.008562 -0.000747 -0.000005
    -0.013089  0.006514  0.000003
    -0.048578  0.015545 -0.000041
    -0.069909  0.003703 -0.000057
    -0.080654 -0.022441 -0.000094
    -0.085387 -0.038514 -0.000086
    -0.074710 -0.039337 -0.000098
    -0.035776 -0.031096 -0.000033
    -0.012800 -0.025049 -0.000029
    -0.005893 -0.021609 -0.000023
    -0.013106 -0.019365 -0.000036
    -0.016504 -0.014296 -0.000030
    -0.014841 -0.009174 -0.000015
    -0.006017 -0.004570 -0.000017
     0.000405 -0.000631 -0.000009
    -0.000265 -0.000587 -0.000046
    -0.000094 -0.000361 -0.000024
     0.000097 -0.000498 -0.000019
     0.000079 -0.000655 -0.000033
     0.000221 -0.000857 -0.000034
     0.000203 -0.000797 -0.000044
     0.000323 -0.000710 -0.000039
     0.000377 -0.000523 -0.000017
     0.000095 -0.000487  0.000000
    -0.000016 -0.000578  0.000002
     0.000012 -0.000579  0.000002
     0.000093 -0.000528  0.000002
     0.000327 -0.000445 -0.000010
     0.000378 -0.000517 -0.000018
     0.000411 -0.000597 -0.000025
     0.000431 -0.000640 -0.000025
     0.000442 -0.000655 -0.000025
     0.000441 -0.000674 -0.000034
     0.000456 -0.000637 -0.000030
     0.000430 -0.000589 -0.000025
     0.000406 -0.000527 -0.000019
     0.000395 -0.000507 -0.000017
     0.000396 -0.000541 -0.000021
     0.000445 -0.000599 -0.000026
     0.000441 -0.000669 -0.000034
     0.000358 -0.000694 -0.000038
     0.000186 -0.000701 -0.000047
     0.000609 -0.000666 -0.000049
     0.000869 -0.000649 -0.000047
     0.000463 -0.000644 -0.000050
     0.000236 -0.000621 -0.000044
     0.000371 -0.000666 -0.000035
     0.000476 -0.000702 -0.000029
     0.000460 -0.000678 -0.000019
     0.000457 -0.000709 -0.000014
     0.000454 -0.000484 -0.000017
     0.000444 -0.000689 -0.000011
     0.000466 -0.000693 -0.000021
     0.000183 -0.000606 -0.000047
     0.001892 -0.000563 -0.000031
     0.002883 -0.000263 -0.000016
     0.003056 -0.000308 -0.000016
     0.002777 -0.000228 -0.000019
     0.001965 -0.000401 -0.000038
     0.000340 -0.000525 -0.000048
     0.000424 -0.000660 -0.000011
     0.000460 -0.000580  0.000023
     0.000546 -0.000664  0.000018
     0.000616 -0.000686  0.000018
     0.000670 -0.000687  0.000014
     0.000741 -0.000643  0.000008
     0.000777 -0.000682 -0.000011
     0.000521 -0.000694 -0.000031
     0.002069 -0.000353 -0.000035
     0.011347  0.000954 -0.000055
     0.016863  0.007538 -0.000076
     0.014553  0.014696 -0.000033
     0.008498  0.018964  0.000019
     0.005982  0.021757  0.000042
     0.014640  0.027682 -0.000010
     0.037193  0.043397 -0.000122
     0.073179  0.061255 -0.000162
     0.085758  0.066516 -0.000110
     0.084244  0.065416 -0.000044
     0.068899  0.060634 -0.000017
     0.042038  0.058200 -0.000013
     0.012096  0.057032 -0.000020
    -0.017113  0.057443 -0.000023
    -0.034368  0.047849 -0.000021
    -0.035006  0.019839 -0.000004
    -0.047909 -0.010373 -0.000005
    -0.068950 -0.040066 -0.000060
    -0.072555 -0.049271 -0.000084
    -0.045975 -0.047267 -0.000024
    -0.021533 -0.045683  0.000022
    -0.018504 -0.038799  0.000018
    -0.024136 -0.030518 -0.000002
    -0.028627 -0.021119 -0.000034
    -0.020480 -0.011550 -0.000017
    -0.011115 -0.007637 -0.000017
    -0.001285 -0.002440 -0.000014
     0.000284 -0.000717 -0.000042
    -0.000313 -0.000446 -0.000039
    -0.000000 -0.000530 -0.000031
     0.000232 -0.000881 -0.000039
     0.000172 -0.000835 -0.000045
     0.000223 -0.000774 -0.000046
     0.000315 -0.000714 -0.000040
     0.000336 -0.000508 -0.000017
     0.000255 -0.000379 -0.000003
     0.000111 -0.000493  0.000000
     0.000005 -0.000569  0.000002
     0.000057 -0.000533  0.000002
     0.000305 -0.000376 -0.000002
     0.000352 -0.000521 -0.000017
     0.000404 -0.000605 -0.000023
     0.000427 -0.000635 -0.000024
     0.000454 -0.000664 -0.000033
     0.000449 -0.000683 -0.000033
     0.000456 -0.000652 -0.000030
     0.000428 -0.000592 -0.000026
     0.000403 -0.000530 -0.000019
     0.000392 -0.000510 -0.000017
     0.000374 -0.000470 -0.000013
     0.000443 -0.000600 -0.000026
     0.000441 -0.000669 -0.000034
     0.000355 -0.000696 -0.000038
     0.000183 -0.000693 -0.000048
     0.000609 -0.000649 -0.000049
     0.000848 -0.000628 -0.000048
     0.000185 -0.000607 -0.000047
     0.000257 -0.000631 -0.000041
     0.000374 -0.000669 -0.000034
     0.000472 -0.000703 -0.000028
     0.000461 -0.000688 -0.000020
     0.000459 -0.000595 -0.000018
     0.000437 -0.000579 -0.000004
     0.000446 -0.000590 -0.000013
     0.000436 -0.000664 -0.000033
     0.000258 -0.000771 -0.000047
     0.001868 -0.000573 -0.000033
     0.002590 -0.000272 -0.000017
     0.002850 -0.000135 -0.000018
     0.002588 -0.000221 -0.000024
     0.001496 -0.000355 -0.000043
     0.000182 -0.000492 -0.000046
     0.000432 -0.000657 -0.000017
     0.000467 -0.000372  0.000012
     0.000542 -0.000468  0.000017
     0.000593 -0.000713  0.000019
     0.000645 -0.000900  0.000022
     0.000692 -0.000900  0.000013
     0.000718 -0.000991  0.000001
     0.000481 -0.000953 -0.000023
     0.001790 -0.000686 -0.000034
     0.007456 -0.000509 -0.000030
     0.009784  0.000881 -0.000034
     0.006778  0.005608 -0.000008
     0.003735  0.007258  0.000010
     0.001585  0.007268  0.000012
     0.005814  0.011938  0.000032
     0.022569  0.021809 -0.000079
     0.065377  0.036166 -0.000136
     0.087599  0.043498 -0.000119
     0.086606  0.045051 -0.000075
     0.062186  0.047798 -0.000008
     0.030208  0.059747 -0.000023
     0.001829  0.065942 -0.000008
    -0.009066  0.065341  0.000029
    -0.011237  0.058757  0.000039
    -0.003252  0.038518  0.000019
    -0.007382  0.010567  0.000037
    -0.037758 -0.013494  0.000020
    -0.063855 -0.041878 -0.000046
    -0.051479 -0.046280 -0.000012
    -0.029615 -0.042769  0.000043
    -0.029971 -0.032943  0.000027
    -0.039333 -0.021610 -0.000026
    -0.043643 -0.013283 -0.000067
    -0.022498 -0.008522 -0.000017
    -0.013230 -0.006229 -0.000017
    -0.002335 -0.003213 -0.000020
     0.000384 -0.000672 -0.000033
    -0.000392 -0.000538 -0.000045
    -0.000219 -0.000842 -0.000037
    -0.000008 -0.000832 -0.000042
     0.000169 -0.000826 -0.000045
     0.000171 -0.000786 -0.000047
     0.000381 -0.000713 -0.000032
     0.000367 -0.000549 -0.000019
     0.000266 -0.000407 -0.000006
     0.000228 -0.000414 -0.000002
     0.000059 -0.000516  0.000001
     0.000117 -0.000475  0.000001
     0.000265 -0.000389 -0.000001
     0.000341 -0.000445 -0.000010
     0.000400 -0.000601 -0.000022
     0.000420 -0.000628 -0.000022
     0.000462 -0.000672 -0.000032
     0.000456 -0.000689 -0.000032
     0.000458 -0.000672 -0.000030
     0.000427 -0.000599 -0.000026
     0.000415 -0.000574 -0.000024
     0.000389 -0.000512 -0.000018
     0.000386 -0.000504 -0.000017
     0.000440 -0.000601 -0.000027
     0.000441 -0.000669 -0.000034
     0.000281 -0.000714 -0.000041
     0.000259 -0.000723 -0.000042
     0.000601 -0.000631 -0.000049
     0.000400 -0.000612 -0.000051
     0.000206 -0.000615 -0.000044
     0.000277 -0.000640 -0.000038
     0.000345 -0.000664 -0.000033
     0.000467 -0.000703 -0.000027
     0.000465 -0.000706 -0.000021
     0.000444 -0.000676 -0.000008
     0.000443 -0.000608 -0.000008
     0.000486 -0.000542 -0.000020
     0.000424 -0.000649 -0.000030
     0.000409 -0.000818 -0.000043
     0.001859 -0.000605 -0.000032
     0.002449 -0.000308 -0.000021
     0.002505 -0.000224 -0.000024
     0.002512 -0.000097 -0.000029
     0.001732 -0.000372 -0.000042
     0.000212 -0.000514 -0.000045
     0.000440 -0.000648 -0.000024
     0.000479 -0.000598  0.000004
     0.000545 -0.000417  0.000017
     0.000608 -0.000519  0.000019
     0.000667 -0.000775  0.000021
     0.000678 -0.000980  0.000017
     0.000649 -0.001062  0.000002
     0.000175 -0.000771 -0.000042
     0.007689 -0.002428 -0.000014
     0.011188 -0.005133 -0.000023
     0.008027 -0.005756  0.000003
     0.003024 -0.003014  0.000012
     0.001551  0.000296 -0.000016
     0.000032  0.000481 -0.000028
     0.003539  0.001898 -0.000006
     0.020234  0.005183 -0.000068
     0.061001  0.009782 -0.000090
     0.085780  0.016007 -0.000084
     0.082538  0.018000 -0.000044
     0.043283  0.022998 -0.000023
     0.002431  0.033209  0.000003
    -0.011363  0.049555  0.000048
    -0.012492  0.053911  0.000040
    -0.004441  0.045425  0.000050
     0.011042  0.033493  0.000012
     0.008969  0.021247 -0.000006
    -0.005283  0.005759  0.000026
    -0.044433 -0.013499  0.000002
    -0.054118 -0.025765 -0.000020
    -0.041385 -0.014592  0.000005
    -0.041312 -0.001496 -0.000027
    -0.048844  0.004455 -0.000077
    -0.040794  0.001982 -0.000065
    -0.021983 -0.002010 -0.000012
    -0.012222 -0.002892 -0.000015
    -0.003059 -0.002780 -0.000017
     0.000441 -0.000655 -0.000027
     0.000098 -0.000684 -0.000050
     0.000220 -0.000915 -0.000043
     0.000214 -0.000883 -0.000033
     0.000084 -0.000765 -0.000042
     0.000187 -0.000787 -0.000044
     0.000349 -0.000721 -0.000032
     0.000381 -0.000567 -0.000020
     0.000278 -0.000437 -0.000009
     0.000267 -0.000396 -0.000004
     0.000112 -0.000466  0.000000
     0.000124 -0.000463  0.000001
     0.000177 -0.000411  0.000001
     0.000339 -0.000449 -0.000011
     0.000399 -0.000601 -0.000020
     0.000451 -0.000633 -0.000030
     0.000463 -0.000679 -0.000031
     0.000461 -0.000691 -0.000031
     0.000461 -0.000677 -0.000029
     0.000428 -0.000617 -0.000026
     0.000414 -0.000580 -0.000024
     0.000386 -0.000513 -0.000018
     0.000433 -0.000560 -0.000022
     0.000438 -0.000603 -0.000027
     0.000441 -0.000669 -0.000034
     0.000274 -0.000718 -0.000042
     0.000250 -0.000727 -0.000043
     0.000576 -0.000614 -0.000050
     0.000197 -0.000614 -0.000046
     0.000232 -0.000626 -0.000042
     0.000298 -0.000649 -0.000036
     0.000351 -0.000668 -0.000032
     0.000458 -0.000702 -0.000027
     0.000470 -0.000708 -0.000022
     0.000447 -0.000709 -0.000009
     0.000471 -0.000548 -0.000022
     0.000503 -0.000597 -0.000025
     0.000388 -0.000672 -0.000031
     0.000179 -0.000807 -0.000043
     0.001632 -0.000768 -0.000036
     0.002217 -0.000415 -0.000027
     0.002323 -0.000277 -0.000029
     0.002328 -0.000231 -0.000031
     0.001711 -0.000299 -0.000042
     0.000243 -0.000553 -0.000044
     0.000450 -0.000685 -0.000014
     0.000491 -0.000834  0.000016
     0.000542 -0.000748  0.000024
     0.000608 -0.000605  0.000019
     0.000684 -0.000594  0.000015
     0.000709 -0.000740  0.000014
     0.000486 -0.000635 -0.000029
     0.003879 -0.001844  0.000005
     0.011336 -0.005133 -0.000019
     0.015536 -0.006505 -0.000029
     0.010319 -0.009170 -0.000014
     0.001639 -0.009566  0.000015
    -0.001161 -0.005919 -0.000013
     0.000284 -0.003554 -0.000010
     0.006739 -0.005595  0.000006
     0.024383 -0.009187 -0.000047
     0.061750 -0.014593 -0.000049
     0.088365 -0.011453 -0.000047
     0.074620 -0.003915 -0.000010
     0.017160  0.006302 -0.000021
    -0.009785  0.015212  0.000049
    -0.018632  0.024056  0.000007
    -0.009851  0.021036  0.000022
     0.003321  0.017804  0.000045
     0.012651  0.015449  0.000002
     0.017465  0.011901 -0.000029
     0.005112  0.008137 -0.000006
    -0.023925 -0.002785  0.000024
    -0.058834 -0.009203 -0.000048
    -0.061756  0.014609 -0.000090
    -0.055197  0.024112 -0.000098
    -0.043538  0.022995 -0.000084
    -0.027096  0.010306 -0.000024
    -0.017211  0.002136 -0.000009
    -0.008729 -0.000356 -0.000013
    -0.001551 -0.001551 -0.000013
     0.000547 -0.000587 -0.000021
     0.000359 -0.000734 -0.000040
     0.000320 -0.000905 -0.000029
     0.000215 -0.000886 -0.000037
     0.000295 -0.000626 -0.000021
     0.000183 -0.000792 -0.000044
     0.000381 -0.000706 -0.000032
     0.000381 -0.000566 -0.000022
     0.000283 -0.000455 -0.000012
     0.000263 -0.000408 -0.000006
     0.000179 -0.000415 -0.000001
     0.000089 -0.000447  0.000001
     0.000260 -0.000359 -0.000002
     0.000325 -0.000438 -0.000010
     0.000422 -0.000536 -0.000019
     0.000445 -0.000644 -0.000029
     0.000458 -0.000673 -0.000029
     0.000463 -0.000693 -0.000030
     0.000460 -0.000677 -0.000029
     0.000430 -0.000634 -0.000026
     0.000415 -0.000592 -0.000024
     0.000382 -0.000515 -0.000018
     0.000428 -0.000559 -0.000022
     0.000410 -0.000529 -0.000019
     0.000441 -0.000669 -0.000034
     0.000266 -0.000721 -0.000042
     0.000242 -0.000731 -0.000043
     0.000137 -0.000715 -0.000050
     0.000216 -0.000621 -0.000044
     0.000257 -0.000635 -0.000039
     0.000315 -0.000656 -0.000034
     0.000358 -0.000671 -0.000031
     0.000419 -0.000692 -0.000027
     0.000460 -0.000715 -0.000010
     0.000455 -0.000709 -0.000013
     0.000480 -0.000584 -0.000025
     0.000492 -0.000626 -0.000027
     0.000319 -0.000714 -0.000035
     0.000252 -0.000782 -0.000036
     0.001204 -0.000823 -0.000038
     0.001862 -0.000634 -0.000034
     0.001934 -0.000422 -0.000039
     0.002147 -0.000309 -0.000035
     0.001433 -0.000386 -0.000044
     0.000262 -0.000578 -0.000034
     0.000465 -0.000751  0.000005
     0.000498 -0.000871  0.000027
     0.000558 -0.000976  0.000029
     0.000618 -0.000903  0.000025
     0.000677 -0.000585  0.000006
     0.000689 -0.000352 -0.000008
     0.000304 -0.000817 -0.000023
     0.006555 -0.003529  0.000001
     0.013819 -0.006302 -0.000021
     0.019366 -0.010277 -0.000042
     0.014836 -0.015011 -0.000037
     0.005189 -0.018216 -0.000011
    -0.001807 -0.019181  0.000013
     0.002849 -0.019290 -0.000003
     0.012935 -0.022762 -0.000036
     0.034771 -0.037215 -0.000052
     0.067065 -0.041526 -0.000026
     0.081068 -0.033810 -0.000001
     0.064850 -0.016074 -0.000011
     0.006284 -0.001023 -0.000018
    -0.016431  0.003969  0.000046
    -0.018721  0.003183  0.000001
    -0.009573  0.000834 -0.000016
     0.003260  0.000580  0.000026
     0.014186  0.000938 -0.000015
     0.019947  0.001807 -0.000036
     0.010630 -0.000873 -0.000026
    -0.015028 -0.001733  0.000030
    -0.068155  0.001868 -0.000100
    -0.077399  0.020206 -0.000172
    -0.061023  0.030481 -0.000139
    -0.029201  0.021849 -0.000032
    -0.015167  0.011007 -0.000003
    -0.008918  0.002079 -0.000009
    -0.001950 -0.001443 -0.000019
     0.000042 -0.000749 -0.000003
     0.000491 -0.000432 -0.000006
     0.000521 -0.000785 -0.000024
     0.000366 -0.000894 -0.000025
     0.000223 -0.000930 -0.000032
     0.000119 -0.000701 -0.000032
     0.000176 -0.000809 -0.000043
     0.000393 -0.000698 -0.000033
     0.000410 -0.000601 -0.000023
     0.000288 -0.000440 -0.000014
     0.000258 -0.000419 -0.000007
     0.000169 -0.000389 -0.000001
     0.000125 -0.000410  0.000000
     0.000256 -0.000364 -0.000003
     0.000377 -0.000466 -0.000012
     0.000408 -0.000530 -0.000018
     0.000439 -0.000649 -0.000027
     0.000454 -0.000669 -0.000028
     0.000462 -0.000694 -0.000030
     0.000462 -0.000679 -0.000028
     0.000433 -0.000644 -0.000025
     0.000415 -0.000605 -0.000023
     0.000378 -0.000516 -0.000018
     0.000424 -0.000557 -0.000022
     0.000405 -0.000529 -0.000019
     0.000363 -0.000689 -0.000037
     0.000261 -0.000717 -0.000043
     0.000236 -0.000722 -0.000044
     0.000138 -0.000692 -0.000050
     0.000295 -0.000643 -0.000042
     0.000280 -0.000644 -0.000037
     0.000330 -0.000662 -0.000033
     0.000364 -0.000674 -0.000030
     0.000416 -0.000693 -0.000026
     0.000464 -0.000717 -0.000011
     0.000473 -0.000702 -0.000028
     0.000483 -0.000645 -0.000030
     0.000446 -0.000639 -0.000029
     0.000337 -0.000701 -0.000034
     0.000334 -0.000819 -0.000043
     0.000693 -0.000826 -0.000037
     0.001261 -0.000796 -0.000039
     0.001264 -0.000545 -0.000043
     0.001988 -0.000441 -0.000036
     0.000756 -0.000425 -0.000047
     0.000434 -0.000685 -0.000017
     0.000497 -0.000820  0.000023
     0.000526 -0.000929  0.000037
     0.000580 -0.000990  0.000030
     0.000608 -0.000981  0.000011
     0.000649 -0.000532 -0.000018
     0.000687 -0.000405 -0.000008
     0.001007 -0.000952 -0.000020
     0.007795 -0.004321 -0.000002
     0.016027 -0.007979 -0.000029
     0.026624 -0.012353 -0.000043
     0.023542 -0.017876 -0.000043
     0.011334 -0.023371 -0.000031
     0.003500 -0.034115 -0.000014
     0.012419 -0.048272 -0.000034
     0.031445 -0.059794 -0.000060
     0.043696 -0.070300 -0.000067
     0.060121 -0.064928 -0.000043
     0.067665 -0.049642 -0.000020
     0.053714 -0.030780 -0.000013
     0.005367 -0.017656 -0.000019
    -0.016157 -0.016584  0.000045
    -0.018851 -0.016351  0.000014
    -0.009902 -0.013568 -0.000009
     0.003383 -0.010965  0.000006
     0.013761 -0.009004 -0.000027
     0.020517 -0.005395 -0.000039
     0.009772 -0.000001 -0.000024
    -0.019487  0.004810  0.000033
    -0.072650  0.016126 -0.000136
    -0.081959  0.020131 -0.000053
    -0.050726  0.015389 -0.000081
    -0.017136  0.008882  0.000009
    -0.003633  0.001596 -0.000006
    -0.000333 -0.000839 -0.000008
     0.000027 -0.000774 -0.000003
     0.000145 -0.000633 -0.000001
     0.000149 -0.000477  0.000000
     0.000426 -0.000640 -0.000019
     0.000399 -0.000897 -0.000021
    -0.000140 -0.000867 -0.000034
     0.000111 -0.000653 -0.000030
     0.000171 -0.000817 -0.000043
     0.000396 -0.000699 -0.000032
     0.000385 -0.000566 -0.000021
     0.000297 -0.000448 -0.000015
     0.000245 -0.000391 -0.000008
     0.000170 -0.000378 -0.000001
     0.000188 -0.000360 -0.000001
     0.000307 -0.000398 -0.000005
     0.000373 -0.000497 -0.000015
     0.000394 -0.000523 -0.000018
     0.000403 -0.000550 -0.000021
     0.000454 -0.000670 -0.000027
     0.000461 -0.000696 -0.000030
     0.000463 -0.000681 -0.000028
     0.000435 -0.000648 -0.000025
     0.000415 -0.000617 -0.000023
     0.000427 -0.000565 -0.000023
     0.000399 -0.000525 -0.000019
     0.000401 -0.000530 -0.000019
     0.000359 -0.000691 -0.000038
     0.000256 -0.000707 -0.000043
     0.000233 -0.000708 -0.000044
     0.000224 -0.000710 -0.000045
     0.000311 -0.000649 -0.000040
     0.000302 -0.000652 -0.000036
     0.000342 -0.000667 -0.000032
     0.000370 -0.000676 -0.000029
     0.000426 -0.000698 -0.000025
     0.000476 -0.000721 -0.000013
     0.000450 -0.000692 -0.000030
     0.000392 -0.000681 -0.000035
     0.000374 -0.000668 -0.000033
     0.000315 -0.000716 -0.000035
     0.000377 -0.000819 -0.000043
     0.001068 -0.000822 -0.000039
     0.000356 -0.000824 -0.000040
     0.001255 -0.000825 -0.000037
     0.001716 -0.000551 -0.000040
     0.000206 -0.000560 -0.000043
     0.000496 -0.000760 -0.000002
     0.000529 -0.000877  0.000026
     0.000557 -0.000973  0.000044
     0.000555 -0.000942  0.000030
     0.000580 -0.000904 -0.000012
     0.000499 -0.000614 -0.000031
     0.000678 -0.000488 -0.000013
     0.000634 -0.000997 -0.000021
     0.007994 -0.002667 -0.000007
     0.016417 -0.004404 -0.000034
     0.027133 -0.006518 -0.000041
     0.030451 -0.011668 -0.000045
     0.021951 -0.023805 -0.000044
     0.018484 -0.040380 -0.000048
     0.027978 -0.061980 -0.000058
     0.044142 -0.074506 -0.000060
     0.044830 -0.075722 -0.000050
     0.044851 -0.070824 -0.000038
     0.049400 -0.057397 -0.000022
     0.047646 -0.048891 -0.000013
     0.012714 -0.043437 -0.000018
    -0.017052 -0.037055  0.000025
    -0.027904 -0.034830  0.000042
    -0.014909 -0.025155  0.000031
     0.001744 -0.019284 -0.000001
     0.011570 -0.016915 -0.000029
     0.012901 -0.006381 -0.000032
     0.004317  0.005822 -0.000007
    -0.032878  0.021926  0.000016
    -0.078879  0.031056 -0.000167
    -0.072433  0.015440 -0.000121
    -0.038159  0.002354 -0.000030
    -0.011631  0.000851  0.000000
     0.000319 -0.000486 -0.000010
     0.000554 -0.000551 -0.000020
     0.000298 -0.000494 -0.000003
    -0.000187 -0.000713  0.000000
    -0.000189 -0.000550  0.000003
     0.000366 -0.000577 -0.000005
     0.000357 -0.000915 -0.000028
    -0.000240 -0.000773 -0.000035
     0.000069 -0.000645 -0.000033
     0.000238 -0.000791 -0.000045
     0.000400 -0.000694 -0.000031
     0.000359 -0.000530 -0.000019
     0.000295 -0.000447 -0.000014
     0.000246 -0.000386 -0.000008
     0.000167 -0.000353  0.000001
     0.000257 -0.000375 -0.000003
     0.000299 -0.000412 -0.000007
     0.000360 -0.000493 -0.000015
     0.000380 -0.000515 -0.000018
     0.000391 -0.000545 -0.000021
     0.000457 -0.000675 -0.000026
     0.000456 -0.000697 -0.000030
     0.000464 -0.000683 -0.000028
     0.000439 -0.000652 -0.000025
     0.000415 -0.000624 -0.000023
     0.000421 -0.000563 -0.000023
     0.000394 -0.000525 -0.000019
     0.000397 -0.000531 -0.000020
     0.000355 -0.000693 -0.000038
     0.000252 -0.000696 -0.000044
     0.000230 -0.000695 -0.000045
     0.000319 -0.000673 -0.000041
     0.000324 -0.000654 -0.000039
     0.000372 -0.000671 -0.000035
     0.000353 -0.000671 -0.000031
     0.000375 -0.000679 -0.000029
     0.000481 -0.000722 -0.000014
     0.000442 -0.000700 -0.000026
     0.000379 -0.000668 -0.000033
     0.000325 -0.000679 -0.000040
     0.000282 -0.000719 -0.000039
     0.000277 -0.000736 -0.000038
     0.000258 -0.000819 -0.000043
     0.000789 -0.000821 -0.000041
     0.000410 -0.000756 -0.000045
     0.001397 -0.000718 -0.000039
     0.000485 -0.000818 -0.000044
     0.000340 -0.000647 -0.000038
     0.000504 -0.000813  0.000009
     0.000536 -0.000909  0.000027
     0.000558 -0.000968  0.000036
     0.000552 -0.000901  0.000014
     0.000326 -0.000707 -0.000028
     0.000266 -0.000725 -0.000041
     0.000473 -0.000647 -0.000024
     0.000375 -0.000754 -0.000022
     0.003629 -0.000465 -0.000002
     0.013717  0.001817 -0.000035
     0.026772  0.004595 -0.000060
     0.039537  0.000325 -0.000039
     0.043225 -0.016748 -0.000031
     0.040772 -0.039644 -0.000041
     0.049570 -0.060391 -0.000044
     0.044340 -0.057310 -0.000044
     0.032976 -0.044518 -0.000046
     0.023601 -0.028287 -0.000037
     0.033273 -0.024325 -0.000025
     0.041389 -0.019979 -0.000011
     0.017608 -0.022128 -0.000014
    -0.017452 -0.031364  0.000005
    -0.034213 -0.029961  0.000020
    -0.022151 -0.026765  0.000043
    -0.003865 -0.022588  0.000013
     0.004725 -0.014538 -0.000010
     0.001562  0.000292  0.000001
    -0.011585  0.021331  0.000033
    -0.040373  0.037283 -0.000015
    -0.058880  0.019580 -0.000096
    -0.060980 -0.001885 -0.000121
    -0.035325 -0.006770 -0.000043
    -0.011594 -0.005396 -0.000015
    -0.000337 -0.000920 -0.000005
     0.000472 -0.000659 -0.000026
     0.000259 -0.000433 -0.000010
    -0.000247 -0.000450  0.000001
    -0.000146 -0.000435  0.000005
     0.000399 -0.000622 -0.000010
     0.000263 -0.000911 -0.000041
    -0.000213 -0.000629 -0.000037
     0.000160 -0.000554 -0.000034
     0.000183 -0.000799 -0.000047
     0.000419 -0.000680 -0.000030
     0.000344 -0.000510 -0.000015
     0.000338 -0.000500 -0.000016
     0.000236 -0.000375 -0.000005
     0.000234 -0.000373 -0.000003
     0.000245 -0.000386 -0.000005
     0.000293 -0.000428 -0.000009
     0.000346 -0.000494 -0.000016
     0.000366 -0.000511 -0.000018
     0.000388 -0.000558 -0.000020
     0.000464 -0.000683 -0.000027
     0.000453 -0.000697 -0.000030
     0.000464 -0.000683 -0.000028
     0.000442 -0.000656 -0.000025
     0.000459 -0.000631 -0.000029
     0.000415 -0.000561 -0.000022
     0.000388 -0.000525 -0.000019
     0.000393 -0.000533 -0.000020
     0.000351 -0.000695 -0.000038
     0.000250 -0.000685 -0.000044
     0.000230 -0.000682 -0.000045
     0.000324 -0.000664 -0.000041
     0.000335 -0.000659 -0.000038
     0.000381 -0.000675 -0.000034
     0.000412 -0.000686 -0.000032
     0.000386 -0.000683 -0.000028
     0.000481 -0.000721 -0.000014
     0.000417 -0.000690 -0.000028
     0.000334 -0.000651 -0.000035
     0.000251 -0.000609 -0.000044
     0.000203 -0.000729 -0.000045
     0.000221 -0.000764 -0.000042
     0.000215 -0.000818 -0.000044
     0.000473 -0.000819 -0.000043
     0.000927 -0.000765 -0.000042
     0.001137 -0.000670 -0.000042
     0.000137 -0.000607 -0.000050
     0.000493 -0.000734 -0.000027
     0.000500 -0.000838  0.000007
     0.000534 -0.000916  0.000019
     0.000556 -0.000949  0.000023
     0.000548 -0.000857 -0.000007
     0.000225 -0.000589 -0.000043
     0.000538 -0.000509 -0.000048
     0.000161 -0.000742 -0.000046
     0.000526 -0.000590 -0.000024
     0.000301 -0.000612 -0.000035
     0.007370  0.001570 -0.000016
     0.025704  0.002944 -0.000073
     0.050063 -0.001271 -0.000064
     0.066467 -0.022255 -0.000017
     0.065429 -0.049522 -0.000025
     0.049844 -0.057619 -0.000040
     0.022667 -0.033752 -0.000046
     0.008234 -0.008265 -0.000021
     0.005798  0.004516 -0.000007
     0.016339  0.007964 -0.000032
     0.029623  0.008451 -0.000029
     0.021885  0.009753 -0.000019
    -0.006859  0.003571  0.000009
    -0.033613 -0.007731 -0.000004
    -0.030206 -0.006174  0.000011
    -0.012953  0.002623  0.000030
    -0.007117  0.012878  0.000039
    -0.016271  0.034735  0.000036
    -0.027143  0.049039  0.000020
    -0.023057  0.035054  0.000030
    -0.032616  0.011755  0.000002
    -0.043308 -0.007936 -0.000047
    -0.035597 -0.010503 -0.000057
    -0.017536 -0.008159 -0.000020
    -0.005370 -0.003496 -0.000021
     0.000100 -0.000077 -0.000008
     0.000260 -0.000404  0.000007
    -0.000068 -0.000292  0.000011
     0.000069 -0.000387  0.000006
     0.000445 -0.000536 -0.000019
     0.000067 -0.000681 -0.000051
    -0.000223 -0.000561 -0.000043
     0.000051 -0.000573 -0.000044
     0.000212 -0.000769 -0.000048
     0.000400 -0.000588 -0.000024
     0.000346 -0.000510 -0.000015
     0.000330 -0.000490 -0.000014
     0.000248 -0.000403 -0.000008
     0.000217 -0.000357 -0.000002
     0.000249 -0.000405 -0.000004
     0.000295 -0.000466 -0.000010
     0.000341 -0.000526 -0.000015
     0.000357 -0.000524 -0.000017
     0.000389 -0.000575 -0.000020
     0.000429 -0.000612 -0.000026
     0.000459 -0.000697 -0.000030
     0.000464 -0.000683 -0.000028
     0.000444 -0.000659 -0.000025
     0.000453 -0.000627 -0.000029
     0.000409 -0.000559 -0.000022
     0.000385 -0.000534 -0.000019
     0.000391 -0.000545 -0.000020
     0.000347 -0.000697 -0.000039
     0.000248 -0.000674 -0.000044
     0.000230 -0.000669 -0.000045
     0.000328 -0.000655 -0.000041
     0.000414 -0.000681 -0.000035
     0.000388 -0.000678 -0.000033
     0.000416 -0.000687 -0.000031
     0.000447 -0.000699 -0.000029
     0.000431 -0.000698 -0.000026
     0.000400 -0.000683 -0.000029
     0.000306 -0.000642 -0.000037
     0.000231 -0.000604 -0.000044
     0.000167 -0.000572 -0.000049
     0.000155 -0.000744 -0.000047
     0.000202 -0.000813 -0.000046
     0.000249 -0.000779 -0.000046
     0.000562 -0.000763 -0.000044
     0.000662 -0.000630 -0.000046
     0.000210 -0.000575 -0.000047
     0.000499 -0.000759 -0.000017
     0.000502 -0.000842  0.000011
     0.000540 -0.000783  0.000014
     0.000560 -0.000797  0.000008
     0.000515 -0.000773 -0.000026
     0.000156 -0.000614 -0.000049
     0.000802 -0.000507 -0.000046
     0.000148 -0.000558 -0.000042
     0.000448 -0.000858 -0.000022
     0.000557 -0.000818 -0.000022
     0.004820 -0.000655 -0.000014
     0.024686 -0.004460 -0.000058
     0.058923 -0.016546 -0.000055
     0.086266 -0.039344 -0.000032
     0.071424 -0.049051 -0.000019
     0.030048 -0.036836 -0.000049
     0.002057 -0.010182 -0.000002
    -0.006945  0.005295  0.000042
    -0.003166  0.014041  0.000043
     0.012249  0.017213 -0.000004
     0.024059  0.018405 -0.000038
     0.017145  0.017605 -0.000034
    -0.000668  0.017576  0.000011
    -0.036939  0.027267 -0.000022
    -0.045771  0.036435 -0.000023
    -0.040841  0.051551 -0.000017
    -0.027304  0.065525  0.000014
    -0.024276  0.070303  0.000019
    -0.013206  0.062999  0.000046
    -0.002596  0.044379  0.000022
    -0.009413  0.017589  0.000049
    -0.025371  0.007533  0.000004
    -0.032476 -0.000795 -0.000042
    -0.021307 -0.001871 -0.000016
    -0.012334 -0.000727 -0.000010
    -0.002443  0.000076 -0.000007
     0.000272 -0.000419  0.000008
     0.000231 -0.000392  0.000010
     0.000283 -0.000421 -0.000002
     0.000564 -0.000590 -0.000026
    -0.000063 -0.000657 -0.000047
    -0.000079 -0.000492 -0.000039
     0.000007 -0.000653 -0.000048
     0.000284 -0.000739 -0.000043
     0.000368 -0.000544 -0.000021
     0.000362 -0.000526 -0.000023
     0.000343 -0.000503 -0.000019
     0.000227 -0.000365 -0.000003
     0.000215 -0.000358  0.000002
     0.000264 -0.000425 -0.000003
     0.000308 -0.000484 -0.000008
     0.000347 -0.000535 -0.000014
     0.000382 -0.000581 -0.000018
     0.000392 -0.000590 -0.000020
     0.000436 -0.000622 -0.000027
     0.000459 -0.000696 -0.000030
     0.000463 -0.000682 -0.000028
     0.000453 -0.000663 -0.000033
     0.000445 -0.000622 -0.000029
     0.000404 -0.000564 -0.000022
     0.000384 -0.000552 -0.000018
     0.000391 -0.000562 -0.000019
     0.000344 -0.000699 -0.000039
     0.000247 -0.000662 -0.000045
     0.000232 -0.000656 -0.000046
     0.000335 -0.000657 -0.000040
     0.000418 -0.000683 -0.000034
     0.000392 -0.000679 -0.000033
     0.000421 -0.000689 -0.000031
     0.000469 -0.000710 -0.000019
     0.000465 -0.000704 -0.000029
     0.000378 -0.000674 -0.000031
     0.000291 -0.000637 -0.000038
     0.000212 -0.000599 -0.000044
     0.000140 -0.000555 -0.000050
     0.000457 -0.000556 -0.000049
     0.000248 -0.000708 -0.000048
     0.000146 -0.000717 -0.000047
     0.000310 -0.000706 -0.000047
     0.000151 -0.000625 -0.000050
     0.000266 -0.000608 -0.000041
     0.000497 -0.000761 -0.000018
     0.000499 -0.000733  0.000009
     0.000533 -0.000822  0.000011
     0.000544 -0.000869  0.000000
     0.000516 -0.000759 -0.000027
     0.000215 -0.000640 -0.000043
     0.000186 -0.000554 -0.000043
     0.000229 -0.000644 -0.000032
     0.000326 -0.000694 -0.000031
     0.000367 -0.000841 -0.000033
     0.009117 -0.004099 -0.000014
     0.032294 -0.009599 -0.000052
     0.073608 -0.024193 -0.000043
     0.092037 -0.042772 -0.000030
     0.063917 -0.040112 -0.000021
     0.010608 -0.017417 -0.000030
    -0.010534 -0.005194  0.000046
    -0.014330  0.003735  0.000007
    -0.006562  0.008597 -0.000001
     0.008590  0.011560  0.000017
     0.019732  0.012315 -0.000033
     0.020283  0.010286 -0.000035
     0.001197  0.009908  0.000003
    -0.042042  0.019083 -0.000010
    -0.068448  0.041149 -0.000097
    -0.059385  0.057932 -0.000087
    -0.038764  0.066409 -0.000021
    -0.020477  0.065214  0.000016
    -0.003106  0.057591  0.000048
     0.010817  0.053793  0.000021
    -0.001056  0.044880  0.000038
    -0.016208  0.026753  0.000021
    -0.023334  0.014392 -0.000012
    -0.020472  0.007711 -0.000013
    -0.013617  0.002690 -0.000008
    -0.005056  0.001194 -0.000002
     0.000307 -0.000475  0.000005
     0.000371 -0.000603 -0.000000
     0.000457 -0.000456 -0.000012
     0.000515 -0.000585 -0.000027
    -0.000024 -0.000671 -0.000045
    -0.000153 -0.000633 -0.000046
     0.000157 -0.000767 -0.000052
     0.000344 -0.000685 -0.000038
     0.000353 -0.000552 -0.000021
     0.000309 -0.000461 -0.000017
     0.000328 -0.000486 -0.000014
     0.000267 -0.000416 -0.000002
     0.000218 -0.000365  0.000006
     0.000274 -0.000441 -0.000001
     0.000322 -0.000504 -0.000007
     0.000356 -0.000547 -0.000013
     0.000393 -0.000595 -0.000019
     0.000404 -0.000603 -0.000021
     0.000440 -0.000627 -0.000027
     0.000462 -0.000696 -0.000030
     0.000416 -0.000675 -0.000035
     0.000463 -0.000661 -0.000033
     0.000439 -0.000627 -0.000028
     0.000401 -0.000580 -0.000021
     0.000384 -0.000571 -0.000017
     0.000392 -0.000580 -0.000019
     0.000341 -0.000695 -0.000039
     0.000248 -0.000651 -0.000045
     0.000235 -0.000643 -0.000046
     0.000342 -0.000660 -0.000039
     0.000421 -0.000684 -0.000034
     0.000458 -0.000696 -0.000032
     0.000424 -0.000690 -0.000031
     0.000467 -0.000710 -0.000018
     0.000452 -0.000698 -0.000030
     0.000395 -0.000674 -0.000035
     0.000285 -0.000635 -0.000038
     0.000208 -0.000600 -0.000044
     0.000138 -0.000557 -0.000048
     0.000617 -0.000480 -0.000049
     0.000550 -0.000508 -0.000049
     0.000161 -0.000639 -0.000047
     0.000147 -0.000650 -0.000048
     0.000185 -0.000594 -0.000047
     0.000317 -0.000639 -0.000037
     0.000496 -0.000757 -0.000019
     0.000496 -0.000635  0.000004
     0.000539 -0.000607  0.000001
     0.000554 -0.000609 -0.000010
     0.000557 -0.000852 -0.000018
     0.000357 -0.000752 -0.000025
     0.000305 -0.000703 -0.000029
     0.000859 -0.000407 -0.000042
     0.003741 -0.001365  0.000002
     0.008299 -0.006836  0.000002
     0.016356 -0.015562 -0.000037
     0.045733 -0.028471 -0.000057
     0.077223 -0.029589 -0.000044
     0.090664 -0.016711 -0.000049
     0.054759 -0.011047 -0.000016
     0.004411 -0.004895 -0.000008
    -0.014479 -0.004578  0.000034
    -0.015879 -0.003369 -0.000010
    -0.007583 -0.004276 -0.000029
     0.005456 -0.003813  0.000013
     0.018005 -0.003665 -0.000033
     0.020618  0.000179 -0.000038
    -0.000324  0.003684  0.000009
    -0.049363  0.015590 -0.000031
    -0.088061  0.039600 -0.000179
    -0.076089  0.048050 -0.000162
    -0.047601  0.053395 -0.000068
    -0.021111  0.041449  0.000038
     0.001121  0.033741  0.000068
     0.014795  0.037402  0.000006
     0.005272  0.038826  0.000048
    -0.008239  0.029812  0.000035
    -0.018322  0.024758 -0.000007
    -0.015699  0.014378 -0.000003
    -0.010655  0.007448  0.000002
    -0.003117  0.001682  0.000013
     0.000424 -0.000655 -0.000003
     0.000544 -0.000625 -0.000023
     0.000607 -0.000521 -0.000017
     0.000478 -0.000612 -0.000028
     0.000236 -0.000735 -0.000047
     0.000096 -0.000582 -0.000035
     0.000238 -0.000734 -0.000045
     0.000417 -0.000677 -0.000035
     0.000318 -0.000474 -0.000017
     0.000306 -0.000458 -0.000014
     0.000306 -0.000462 -0.000007
     0.000265 -0.000418  0.000002
     0.000228 -0.000382  0.000008
     0.000286 -0.000458  0.000001
     0.000340 -0.000528 -0.000008
     0.000370 -0.000566 -0.000014
     0.000400 -0.000604 -0.000019
     0.000416 -0.000613 -0.000023
     0.000437 -0.000630 -0.000026
     0.000431 -0.000636 -0.000025
     0.000419 -0.000674 -0.000035
     0.000465 -0.000662 -0.000032
     0.000434 -0.000636 -0.000026
     0.000380 -0.000585 -0.000016
     0.000384 -0.000589 -0.000017
     0.000393 -0.000597 -0.000018
     0.000339 -0.000688 -0.000039
     0.000329 -0.000688 -0.000040
     0.000238 -0.000632 -0.000046
     0.000348 -0.000662 -0.000038
     0.000424 -0.000685 -0.000034
     0.000454 -0.000695 -0.000032
     0.000426 -0.000690 -0.000031
     0.000468 -0.000704 -0.000029
     0.000442 -0.000694 -0.000031
     0.000367 -0.000664 -0.000036
     0.000319 -0.000643 -0.000041
     0.000208 -0.000601 -0.000043
     0.000146 -0.000562 -0.000047
     0.000707 -0.000465 -0.000045
     0.000657 -0.000456 -0.000047
     0.000830 -0.000458 -0.000048
     0.000152 -0.000605 -0.000049
     0.000226 -0.000591 -0.000046
     0.000359 -0.000660 -0.000035
     0.000496 -0.000752 -0.000019
     0.000494 -0.000683 -0.000003
     0.000533 -0.000498 -0.000011
     0.000562 -0.000465 -0.000016
     0.000587 -0.000608 -0.000016
     0.000460 -0.000843 -0.000021
     0.000255 -0.000497 -0.000041
     0.005247 -0.000354 -0.000009
     0.011316 -0.004463 -0.000021
     0.017090 -0.009589 -0.000034
     0.028419 -0.021758 -0.000048
     0.048560 -0.031701 -0.000043
     0.064262 -0.021833 -0.000016
     0.076558  0.004598 -0.000045
     0.063033  0.014916 -0.000026
     0.008124 -0.000094 -0.000020
    -0.012072 -0.008512  0.000046
    -0.014270 -0.012287  0.000003
    -0.005587 -0.014415 -0.000009
     0.005324 -0.013549 -0.000004
     0.015264 -0.012304 -0.000037
     0.014006 -0.004228 -0.000034
    -0.006467  0.011251  0.000034
    -0.064476  0.029708 -0.000093
    -0.097549  0.038475 -0.000011
    -0.079736  0.037465 -0.000076
    -0.035562  0.025528 -0.000037
    -0.009097  0.014251  0.000051
     0.001574  0.011427  0.000033
     0.006245  0.017054  0.000049
     0.005099  0.020859  0.000039
    -0.003381  0.022631  0.000036
    -0.010905  0.020174  0.000011
    -0.010345  0.014683  0.000023
    -0.004973  0.006739  0.000030
     0.000021  0.000463  0.000009
     0.000452 -0.000853 -0.000029
     0.000493 -0.000600 -0.000032
     0.000599 -0.000557 -0.000022
     0.000471 -0.000628 -0.000027
     0.000024 -0.000721 -0.000043
     0.000189 -0.000776 -0.000047
     0.000340 -0.000692 -0.000040
     0.000416 -0.000603 -0.000027
     0.000307 -0.000461 -0.000014
     0.000289 -0.000439 -0.000009
     0.000291 -0.000447 -0.000001
     0.000263 -0.000420  0.000007
     0.000239 -0.000398  0.000010
     0.000305 -0.000484  0.000001
     0.000359 -0.000552 -0.000009
     0.000392 -0.000593 -0.000017
     0.000409 -0.000615 -0.000020
     0.000428 -0.000621 -0.000025
     0.000434 -0.000634 -0.000026
     0.000479 -0.000637 -0.000029
     0.000426 -0.000673 -0.000035
     0.000456 -0.000666 -0.000030
     0.000430 -0.000641 -0.000025
     0.000382 -0.000587 -0.000016
     0.000386 -0.000592 -0.000016
     0.000395 -0.000604 -0.000018
     0.000338 -0.000682 -0.000040
     0.000328 -0.000681 -0.000040
     0.000244 -0.000631 -0.000045
     0.000354 -0.000665 -0.000038
     0.000426 -0.000686 -0.000034
     0.000450 -0.000694 -0.000032
     0.000477 -0.000683 -0.000030
     0.000466 -0.000703 -0.000029
     0.000437 -0.000692 -0.000031
     0.000357 -0.000661 -0.000037
     0.000314 -0.000642 -0.000040
     0.000245 -0.000612 -0.000045
     0.000162 -0.000572 -0.000045
     0.000681 -0.000469 -0.000043
     0.000710 -0.000449 -0.000043
     0.000853 -0.000436 -0.000045
     0.000296 -0.000501 -0.000049
     0.000237 -0.000587 -0.000044
     0.000367 -0.000674 -0.000035
     0.000493 -0.000752 -0.000018
     0.000492 -0.000699 -0.000008
     0.000521 -0.000555 -0.000018
     0.000566 -0.000486 -0.000017
     0.000601 -0.000449 -0.000015
     0.000608 -0.000754 -0.000019
     0.001284 -0.000373 -0.000038
     0.008807 -0.000272 -0.000021
     0.015457 -0.002634 -0.000039
     0.023455 -0.006050 -0.000044
     0.034631 -0.007374 -0.000044
     0.036924 -0.003294 -0.000036
     0.042801  0.008727 -0.000030
     0.061851  0.030914 -0.000057
     0.073289  0.039398 -0.000077
     0.029370  0.015227 -0.000033
    -0.002517 -0.002810  0.000017
    -0.011132 -0.014406  0.000038
    -0.003502 -0.017945  0.000018
     0.005595 -0.019260 -0.000014
     0.010114 -0.016821 -0.000025
     0.001400 -0.000473  0.000004
    -0.026916  0.017151  0.000030
    -0.070926  0.037030 -0.000121
    -0.094061  0.035767 -0.000004
    -0.070368  0.018270 -0.000119
    -0.023334  0.003755  0.000004
    -0.003979  0.001037 -0.000006
     0.000316 -0.000353 -0.000019
     0.000599  0.001625 -0.000010
     0.001485  0.009869  0.000016
    -0.002907  0.013808  0.000024
    -0.006040  0.013026  0.000037
    -0.003900  0.008911  0.000048
    -0.000122  0.001099  0.000017
     0.000396 -0.000834 -0.000028
     0.000310 -0.000661 -0.000047
     0.000427 -0.000616 -0.000035
     0.000552 -0.000571 -0.000024
     0.000420 -0.000654 -0.000031
     0.000240 -0.000743 -0.000044
     0.000301 -0.000693 -0.000041
     0.000412 -0.000668 -0.000035
     0.000397 -0.000577 -0.000025
     0.000299 -0.000452 -0.000012
     0.000260 -0.000407 -0.000001
     0.000273 -0.000429  0.000006
     0.000272 -0.000435  0.000009
     0.000257 -0.000423  0.000010
     0.000330 -0.000516 -0.000001
     0.000386 -0.000586 -0.000013
     0.000406 -0.000611 -0.000019
     0.000423 -0.000632 -0.000023
     0.000431 -0.000632 -0.000025
     0.000482 -0.000636 -0.000029
     0.000471 -0.000631 -0.000029
     0.000440 -0.000676 -0.000034
     0.000449 -0.000663 -0.000028
     0.000428 -0.000639 -0.000024
     0.000383 -0.000589 -0.000015
     0.000389 -0.000596 -0.000016
     0.000398 -0.000608 -0.000018
     0.000337 -0.000675 -0.000040
     0.000328 -0.000673 -0.000040
     0.000250 -0.000634 -0.000044
     0.000359 -0.000667 -0.000037
     0.000381 -0.000674 -0.000035
     0.000447 -0.000693 -0.000032
     0.000478 -0.000691 -0.000031
     0.000466 -0.000703 -0.000029
     0.000436 -0.000691 -0.000031
     0.000355 -0.000660 -0.000037
     0.000314 -0.000643 -0.000039
     0.000249 -0.000615 -0.000044
     0.000212 -0.000588 -0.000046
     0.000131 -0.000538 -0.000051
     0.000770 -0.000450 -0.000039
     0.000983 -0.000417 -0.000040
     0.000513 -0.000480 -0.000045
     0.000205 -0.000577 -0.000045
     0.000408 -0.000693 -0.000032
     0.000493 -0.000752 -0.000017
     0.000491 -0.000731 -0.000014
     0.000517 -0.000582 -0.000023
     0.000550 -0.000519 -0.000020
     0.000599 -0.000439 -0.000014
     0.000613 -0.000503 -0.000018
     0.001422 -0.000365 -0.000034
     0.008938  0.001186 -0.000023
     0.014636  0.004526 -0.000040
     0.025051  0.009795 -0.000064
     0.028376  0.016054 -0.000057
     0.028065  0.030874 -0.000050
     0.030457  0.047933 -0.000047
     0.054336  0.062945 -0.000082
     0.079293  0.065673 -0.000152
     0.060681  0.054336 -0.000078
     0.012879  0.021690 -0.000026
    -0.001508  0.003264  0.000016
    -0.001065 -0.005543  0.000011
     0.003374 -0.007151 -0.000005
    -0.001038  0.000547  0.000012
    -0.018408  0.015104  0.000036
    -0.052519  0.043726 -0.000053
    -0.068903  0.040389 -0.000114
    -0.073112  0.016159 -0.000149
    -0.060819 -0.008000 -0.000115
    -0.023606 -0.008577 -0.000021
    -0.006348 -0.005992 -0.000030
    -0.000008 -0.000794 -0.000011
     0.000373 -0.000540 -0.000018
     0.000033  0.000350 -0.000010
    -0.000528  0.001506  0.000006
    -0.001218  0.001710  0.000026
     0.000070  0.000372  0.000012
     0.000385 -0.000882 -0.000025
     0.000194 -0.000833 -0.000042
     0.000272 -0.000782 -0.000045
     0.000365 -0.000657 -0.000041
     0.000486 -0.000615 -0.000030
     0.000430 -0.000630 -0.000032
     0.000300 -0.000694 -0.000042
     0.000361 -0.000686 -0.000038
     0.000451 -0.000667 -0.000033
     0.000366 -0.000536 -0.000021
     0.000276 -0.000426 -0.000004
     0.000238 -0.000384  0.000007
     0.000215 -0.000336  0.000015
     0.000275 -0.000428  0.000012
     0.000286 -0.000461  0.000008
     0.000364 -0.000559 -0.000007
     0.000410 -0.000615 -0.000017
     0.000417 -0.000625 -0.000020
     0.000436 -0.000648 -0.000025
     0.000485 -0.000638 -0.000029
     0.000473 -0.000630 -0.000029
     0.000461 -0.000625 -0.000028
     0.000461 -0.000687 -0.000032
     0.000442 -0.000656 -0.000026
     0.000409 -0.000619 -0.000019
     0.000386 -0.000593 -0.000015
     0.000392 -0.000601 -0.000016
     0.000401 -0.000612 -0.000018
     0.000337 -0.000669 -0.000040
     0.000327 -0.000666 -0.000041
     0.000256 -0.000636 -0.000043
     0.000364 -0.000669 -0.000037
     0.000385 -0.000675 -0.000035
     0.000444 -0.000692 -0.000032
     0.000470 -0.000698 -0.000031
     0.000476 -0.000619 -0.000029
     0.000434 -0.000691 -0.000031
     0.000358 -0.000661 -0.000036
     0.000322 -0.000647 -0.000038
     0.000250 -0.000617 -0.000043
     0.000229 -0.000597 -0.000044
     0.000158 -0.000556 -0.000047
     0.000299 -0.000511 -0.000046
     0.001135 -0.000404 -0.000036
     0.000727 -0.000458 -0.000041
     0.000150 -0.000556 -0.000047
     0.000403 -0.000689 -0.000034
     0.000489 -0.000705 -0.000019
     0.000491 -0.000746 -0.000017
     0.000501 -0.000766 -0.000026
     0.000545 -0.000542 -0.000022
     0.000589 -0.000462 -0.000016
     0.000609 -0.000434 -0.000013
     0.000227 -0.000416 -0.000042
     0.005282  0.001974 -0.000005
     0.010338  0.009030 -0.000013
     0.016954  0.017787 -0.000039
     0.021417  0.031884 -0.000047
     0.017928  0.046820 -0.000015
     0.019574  0.069921 -0.000062
     0.037412  0.074078 -0.000147
     0.071057  0.072213 -0.000212
     0.070927  0.077205 -0.000144
     0.046981  0.072774 -0.000060
     0.012733  0.052771 -0.000025
     0.003382  0.035790  0.000003
    -0.000666  0.034465  0.000014
    -0.013549  0.049271  0.000028
    -0.038650  0.063450 -0.000017
    -0.051104  0.062773 -0.000055
    -0.040975  0.038365 -0.000021
    -0.043655  0.010956 -0.000041
    -0.046463 -0.007244 -0.000060
    -0.026516 -0.010921 -0.000036
    -0.014302 -0.005937 -0.000030
    -0.004344 -0.002387 -0.000025
     0.000091 -0.000088 -0.000013
     0.000291 -0.000435 -0.000002
     0.000215 -0.000339  0.000005
     0.000275 -0.000447  0.000007
     0.000548 -0.000852 -0.000014
     0.000316 -0.000972 -0.000035
     0.000157 -0.000935 -0.000039
     0.000233 -0.000852 -0.000045
     0.000328 -0.000699 -0.000043
     0.000418 -0.000653 -0.000035
     0.000433 -0.000648 -0.000033
     0.000267 -0.000715 -0.000043
     0.000392 -0.000669 -0.000035
     0.000404 -0.000593 -0.000028
     0.000311 -0.000467 -0.000009
     0.000230 -0.000374  0.000009
     0.000206 -0.000297  0.000016
     0.000205 -0.000271  0.000020
     0.000301 -0.000476  0.000010
     0.000324 -0.000508  0.000002
     0.000399 -0.000601 -0.000014
     0.000424 -0.000633 -0.000020
     0.000432 -0.000643 -0.000023
     0.000469 -0.000652 -0.000031
     0.000480 -0.000638 -0.000029
     0.000464 -0.000625 -0.000028
     0.000448 -0.000616 -0.000028
     0.000462 -0.000679 -0.000029
     0.000437 -0.000650 -0.000024
     0.000410 -0.000620 -0.000018
     0.000389 -0.000597 -0.000014
     0.000396 -0.000606 -0.000016
     0.000441 -0.000635 -0.000027
     0.000338 -0.000662 -0.000040
     0.000327 -0.000658 -0.000041
     0.000328 -0.000658 -0.000041
     0.000369 -0.000670 -0.000036
     0.000389 -0.000677 -0.000035
     0.000444 -0.000693 -0.000032
     0.000359 -0.000671 -0.000039
     0.000477 -0.000625 -0.000029
     0.000483 -0.000640 -0.000030
     0.000368 -0.000665 -0.000035
     0.000329 -0.000650 -0.000037
     0.000255 -0.000621 -0.000041
     0.000246 -0.000606 -0.000042
     0.000175 -0.000568 -0.000045
     0.000152 -0.000546 -0.000044
     0.001119 -0.000407 -0.000039
     0.000723 -0.000457 -0.000044
     0.000534 -0.000497 -0.000043
     0.000355 -0.000665 -0.000036
     0.000493 -0.000608 -0.000022
     0.000497 -0.000637 -0.000022
     0.000504 -0.000635 -0.000025
     0.000523 -0.000631 -0.000025
     0.000560 -0.000516 -0.000019
     0.000615 -0.000386 -0.000009
     0.000483 -0.000662 -0.000021
     0.001300  0.000976 -0.000026
     0.004469  0.007812  0.000011
     0.008351  0.015760  0.000023
     0.009952  0.024522  0.000046
     0.007060  0.029484  0.000073
     0.010801  0.038427  0.000065
     0.027171  0.050395 -0.000066
     0.053964  0.062838 -0.000176
     0.066313  0.073039 -0.000225
     0.056995  0.082677 -0.000139
     0.027626  0.085560 -0.000032
     0.006894  0.085750  0.000000
    -0.005707  0.089715  0.000036
    -0.020322  0.096059  0.000025
    -0.031872  0.094276  0.000019
    -0.018965  0.077870  0.000031
    -0.011869  0.052344  0.000048
    -0.013517  0.017862  0.000049
    -0.027358  0.007012 -0.000006
    -0.028098 -0.000690 -0.000030
    -0.018327 -0.001705 -0.000025
    -0.010449  0.000038 -0.000017
    -0.002268  0.000866 -0.000006
     0.000207 -0.000036  0.000015
     0.000241 -0.000216  0.000021
     0.000382 -0.000611  0.000006
     0.000497 -0.000897 -0.000023
     0.000277 -0.000920 -0.000040
    -0.000110 -0.000749 -0.000043
     0.000224 -0.000767 -0.000049
     0.000303 -0.000689 -0.000045
     0.000405 -0.000654 -0.000036
     0.000429 -0.000644 -0.000033
     0.000310 -0.000700 -0.000039
     0.000462 -0.000656 -0.000031
     0.000330 -0.000493 -0.000013
     0.000282 -0.000434  0.000000
     0.000197 -0.000257  0.000018
     0.000183 -0.000188  0.000023
     0.000220 -0.000295  0.000019
     0.000337 -0.000522  0.000004
     0.000367 -0.000563 -0.000006
     0.000420 -0.000627 -0.000018
     0.000438 -0.000649 -0.000022
     0.000469 -0.000656 -0.000032
     0.000460 -0.000656 -0.000032
     0.000475 -0.000636 -0.000029
     0.000453 -0.000619 -0.000028
     0.000434 -0.000613 -0.000027
     0.000453 -0.000669 -0.000027
     0.000417 -0.000628 -0.000019
     0.000389 -0.000597 -0.000013
     0.000393 -0.000602 -0.000014
     0.000400 -0.000611 -0.000016
     0.000442 -0.000644 -0.000027
     0.000340 -0.000662 -0.000040
     0.000329 -0.000658 -0.000040
     0.000329 -0.000657 -0.000040
     0.000371 -0.000671 -0.000036
     0.000392 -0.000678 -0.000035
     0.000446 -0.000693 -0.000032
     0.000351 -0.000661 -0.000039
     0.000479 -0.000635 -0.000030
     0.000483 -0.000641 -0.000031
     0.000435 -0.000668 -0.000034
     0.000345 -0.000656 -0.000036
     0.000278 -0.000630 -0.000039
     0.000255 -0.000612 -0.000040
     0.000208 -0.000584 -0.000042
     0.000202 -0.000569 -0.000041
     0.001072 -0.000417 -0.000038
     0.001039 -0.000418 -0.000039
     0.000797 -0.000457 -0.000044
     0.000281 -0.000643 -0.000043
     0.000539 -0.000579 -0.000024
     0.000511 -0.000557 -0.000023
     0.000518 -0.000580 -0.000025
     0.000525 -0.000634 -0.000029
     0.000538 -0.000591 -0.000022
     0.000582 -0.000497 -0.000010
     0.000609 -0.000519 -0.000007
     0.000408 -0.000585 -0.000020
    -0.000061  0.000931 -0.000016
     0.002292  0.005705  0.000007
     0.002995  0.009944  0.000026
     0.001224  0.011002  0.000033
     0.002347  0.010997  0.000041
     0.010438  0.015192  0.000024
     0.032888  0.033384 -0.000109
     0.060859  0.048631 -0.000180
     0.063735  0.055526 -0.000116
     0.027706  0.058219 -0.000026
    -0.004085  0.068248  0.000029
    -0.015990  0.085177  0.000035
    -0.019087  0.090105  0.000031
    -0.019212  0.078306  0.000037
    -0.003647  0.069338  0.000041
     0.005343  0.055268  0.000039
    -0.003669  0.035428  0.000050
    -0.016204  0.022738  0.000014
    -0.020779  0.013461 -0.000009
    -0.017750  0.006933 -0.000018
    -0.012413  0.003548 -0.000009
    -0.004668  0.001997  0.000001
     0.000218 -0.000052  0.000019
     0.000408 -0.000639  0.000007
     0.000535 -0.000821 -0.000020
     0.000409 -0.000707 -0.000037
     0.000088 -0.000663 -0.000049
    -0.000253 -0.000595 -0.000048
     0.000261 -0.000693 -0.000048
     0.000325 -0.000670 -0.000042
     0.000408 -0.000638 -0.000034
     0.000432 -0.000630 -0.000031
     0.000396 -0.000662 -0.000034
     0.000350 -0.000519 -0.000017
     0.000269 -0.000416  0.000003
     0.000253 -0.000371  0.000010
     0.000171 -0.000134  0.000025
     0.000193 -0.000198  0.000023
     0.000259 -0.000416  0.000014
     0.000381 -0.000577 -0.000006
     0.000403 -0.000607 -0.000013
     0.000456 -0.000667 -0.000030
     0.000447 -0.000666 -0.000033
     0.000458 -0.000661 -0.000033
     0.000452 -0.000659 -0.000033
     0.000455 -0.000622 -0.000028
     0.000437 -0.000610 -0.000027
     0.000423 -0.000631 -0.000024
     0.000446 -0.000661 -0.000025
     0.000416 -0.000628 -0.000018
     0.000392 -0.000601 -0.000013
     0.000397 -0.000607 -0.000014
     0.000438 -0.000651 -0.000026
     0.000443 -0.000653 -0.000026
     0.000343 -0.000664 -0.000039
     0.000332 -0.000659 -0.000040
     0.000330 -0.000658 -0.000040
     0.000440 -0.000668 -0.000034
     0.000394 -0.000678 -0.000034
     0.000408 -0.000683 -0.000033
     0.000347 -0.000661 -0.000039
     0.000480 -0.000649 -0.000031
     0.000483 -0.000639 -0.000030
     0.000446 -0.000665 -0.000034
     0.000359 -0.000661 -0.000035
     0.000303 -0.000640 -0.000037
     0.000264 -0.000618 -0.000038
     0.000234 -0.000597 -0.000040
     0.000235 -0.000585 -0.000038
     0.000861 -0.000451 -0.000039
     0.001225 -0.000397 -0.000036
     0.001119 -0.000413 -0.000037
     0.000177 -0.000582 -0.000045
     0.000482 -0.000640 -0.000031
     0.000569 -0.000517 -0.000017
     0.000579 -0.000535 -0.000019
     0.000581 -0.000575 -0.000023
     0.000533 -0.000525 -0.000021
     0.000565 -0.000494 -0.000011
     0.000599 -0.000509 -0.000005
     0.000603 -0.000628 -0.000015
     0.000505 -0.000713 -0.000024
     0.000277 -0.000484 -0.000035
     0.000211 -0.000427 -0.000038
     0.000378 -0.000692 -0.000025
     0.000396 -0.000816 -0.000017
     0.003333  0.001039  0.000003
     0.021918  0.009479 -0.000089
     0.051712  0.021858 -0.000117
     0.052421  0.032895 -0.000096
     0.016791  0.036194 -0.000021
    -0.016363  0.042112  0.000043
    -0.033147  0.050249 -0.000014
    -0.024217  0.047763  0.000027
    -0.013295  0.034791  0.000071
     0.002744  0.028546  0.000079
     0.011814  0.031736  0.000033
     0.003767  0.028028  0.000059
    -0.008411  0.024483  0.000029
    -0.013781  0.017050 -0.000001
    -0.012646  0.009393 -0.000011
    -0.009728  0.003686 -0.000002
    -0.002066  0.000832 -0.000001
     0.000469 -0.000725 -0.000013
     0.000539 -0.000629 -0.000031
     0.000504 -0.000589 -0.000031
     0.000389 -0.000642 -0.000038
    -0.000119 -0.000595 -0.000041
    -0.000223 -0.000587 -0.000042
     0.000280 -0.000715 -0.000044
     0.000354 -0.000672 -0.000038
     0.000419 -0.000638 -0.000032
     0.000433 -0.000647 -0.000032
     0.000387 -0.000565 -0.000022
     0.000274 -0.000421  0.000003
     0.000227 -0.000280  0.000013
     0.000206 -0.000192  0.000020
     0.000175 -0.000124  0.000026
     0.000242 -0.000363  0.000016
     0.000300 -0.000478  0.000006
     0.000422 -0.000627 -0.000014
     0.000445 -0.000655 -0.000027
     0.000459 -0.000679 -0.000032
     0.000442 -0.000671 -0.000034
     0.000444 -0.000665 -0.000033
     0.000451 -0.000661 -0.000033
     0.000441 -0.000615 -0.000028
     0.000426 -0.000632 -0.000025
     0.000414 -0.000623 -0.000021
     0.000426 -0.000639 -0.000019
     0.000417 -0.000630 -0.000018
     0.000396 -0.000606 -0.000013
     0.000401 -0.000612 -0.000014
     0.000440 -0.000655 -0.000025
     0.000441 -0.000669 -0.000034
     0.000347 -0.000665 -0.000039
     0.000335 -0.000661 -0.000039
     0.000331 -0.000659 -0.000039
     0.000340 -0.000661 -0.000039
     0.000394 -0.000678 -0.000034
     0.000413 -0.000685 -0.000033
     0.000345 -0.000661 -0.000039
     0.000469 -0.000660 -0.000033
     0.000483 -0.000641 -0.000031
     0.000459 -0.000660 -0.000033
     0.000407 -0.000674 -0.000036
     0.000339 -0.000654 -0.000035
     0.000299 -0.000633 -0.000035
     0.000242 -0.000604 -0.000037
     0.000253 -0.000597 -0.000036
     0.000659 -0.000483 -0.000039
     0.001185 -0.000406 -0.000035
     0.001138 -0.000413 -0.000035
     0.000595 -0.000498 -0.000039
     0.000320 -0.000653 -0.000039
     0.000553 -0.000587 -0.000024
     0.000593 -0.000537 -0.000018
     0.000604 -0.000559 -0.000021
     0.000591 -0.000491 -0.000016
     0.000582 -0.000415 -0.000010
     0.000605 -0.000369 -0.000007
     0.000614 -0.000464 -0.000016
     0.000597 -0.000581 -0.000026
     0.000453 -0.000627 -0.000031
     0.000252 -0.000726 -0.000043
     0.000389 -0.000661 -0.000039
     0.000567 -0.000710 -0.000027
     0.002164 -0.000337 -0.000035
     0.017799  0.000860 -0.000067
     0.037600  0.010003 -0.000096
     0.032556  0.020408 -0.000070
     0.009022  0.029366  0.000013
    -0.020169  0.033880  0.000018
    -0.031448  0.031921 -0.000045
    -0.014428  0.018170  0.000030
    -0.001697  0.011465  0.000063
     0.000815  0.009476  0.000028
     0.005488  0.013982  0.000041
     0.004395  0.017349  0.000036
    -0.001366  0.016921  0.000022
    -0.005558  0.011828 -0.000006
    -0.005780  0.004495 -0.000012
    -0.003262  0.000828 -0.000007
     0.000323 -0.000451 -0.000007
     0.000605 -0.000528 -0.000023
     0.000583 -0.000552 -0.000023
     0.000540 -0.000582 -0.000025
     0.000416 -0.000659 -0.000033
    -0.000071 -0.000594 -0.000036
    -0.000131 -0.000613 -0.000038
     0.000333 -0.000689 -0.000039
     0.000379 -0.000654 -0.000036
     0.000470 -0.000651 -0.000032
     0.000375 -0.000554 -0.000017
     0.000290 -0.000439  0.000003
     0.000225 -0.000249  0.000014
     0.000206 -0.000178  0.000018
     0.000221 -0.000231  0.000018
     0.000230 -0.000317  0.000018
     0.000279 -0.000450  0.000010
     0.000350 -0.000537 -0.000009
     0.000456 -0.000679 -0.000028
     0.000457 -0.000670 -0.000029
     0.000446 -0.000682 -0.000033
     0.000427 -0.000673 -0.000035
     0.000435 -0.000667 -0.000034
     0.000456 -0.000662 -0.000033
     0.000429 -0.000637 -0.000025
     0.000420 -0.000629 -0.000022
     0.000406 -0.000615 -0.000019
     0.000424 -0.000637 -0.000018
     0.000397 -0.000608 -0.000012
     0.000400 -0.000611 -0.000013
     0.000437 -0.000652 -0.000024
     0.000442 -0.000658 -0.000025
     0.000441 -0.000669 -0.000034
     0.000350 -0.000667 -0.000038
     0.000339 -0.000663 -0.000039
     0.000333 -0.000660 -0.000039
     0.000340 -0.000661 -0.000039
     0.000456 -0.000662 -0.000033
     0.000414 -0.000685 -0.000033
     0.000309 -0.000652 -0.000040
     0.000453 -0.000670 -0.000033
     0.000483 -0.000645 -0.000031
     0.000473 -0.000655 -0.000032
     0.000415 -0.000676 -0.000035
     0.000401 -0.000671 -0.000036
     0.000344 -0.000650 -0.000033
     0.000258 -0.000614 -0.000035
     0.000267 -0.000607 -0.000034
     0.000472 -0.000513 -0.000039
     0.001169 -0.000411 -0.000034
     0.001043 -0.000425 -0.000036
     0.000960 -0.000444 -0.000034
     0.000199 -0.000591 -0.000040
     0.000384 -0.000683 -0.000037
     0.000545 -0.000594 -0.000025
     0.000613 -0.000496 -0.000014
     0.000624 -0.000455 -0.000011
     0.000614 -0.000388 -0.000007
     0.000598 -0.000356 -0.000005
     0.000593 -0.000416 -0.000012
     0.000553 -0.000590 -0.000027
     0.000379 -0.000671 -0.000038
     0.000289 -0.000572 -0.000041
     0.000376 -0.000673 -0.000028
     0.000545 -0.000836 -0.000013
     0.001586  0.000018 -0.000039
     0.014240  0.004365 -0.000058
     0.024419  0.013756 -0.000073
     0.020602  0.024899 -0.000045
     0.002116  0.025131  0.000055
    -0.015946  0.026376  0.000007
    -0.017343  0.017471 -0.000002
    -0.008564  0.006604  0.000003
     0.000226 -0.000097 -0.000001
     0.000374 -0.000750 -0.000027
     0.000176  0.000281 -0.000029
     0.000992  0.004775 -0.000003
     0.000258  0.006534 -0.000001
    -0.000740  0.003386 -0.000015
    -0.000585  0.001049 -0.000013
     0.000259 -0.000530 -0.000014
     0.000614 -0.000540 -0.000020
     0.000608 -0.000550 -0.000021
     0.000592 -0.000562 -0.000021
     0.000528 -0.000603 -0.000025
     0.000447 -0.000639 -0.000031
     0.000211 -0.000682 -0.000039
     0.000318 -0.000690 -0.000041
     0.000371 -0.000651 -0.000037
     0.000441 -0.000678 -0.000034
     0.000392 -0.000577 -0.000016
     0.000273 -0.000372  0.000008
     0.000243 -0.000271  0.000011
     0.000202 -0.000162  0.000018
     0.000228 -0.000254  0.000015
     0.000214 -0.000251  0.000020
     0.000285 -0.000452  0.000003
     0.000322 -0.000502 -0.000003
     0.000380 -0.000575 -0.000013
     0.000410 -0.000686 -0.000032
     0.000458 -0.000681 -0.000031
     0.000435 -0.000684 -0.000034
     0.000417 -0.000676 -0.000035
     0.000436 -0.000668 -0.000034
     0.000459 -0.000668 -0.000031
     0.000421 -0.000631 -0.000022
     0.000413 -0.000622 -0.000020
     0.000387 -0.000594 -0.000012
     0.000423 -0.000637 -0.000018
     0.000401 -0.000612 -0.000013
     0.000435 -0.000650 -0.000024
     0.000439 -0.000655 -0.000024
     0.000443 -0.000660 -0.000025
     0.000441 -0.000669 -0.000034
     0.000354 -0.000668 -0.000038
     0.000343 -0.000665 -0.000038
     0.000336 -0.000662 -0.000039
     0.000339 -0.000662 -0.000038
     0.000448 -0.000665 -0.000034
     0.000413 -0.000685 -0.000033
     0.000317 -0.000655 -0.000039
     0.000444 -0.000675 -0.000034
     0.000483 -0.000650 -0.000031
     0.000482 -0.000652 -0.000032
     0.000432 -0.000683 -0.000034
     0.000413 -0.000675 -0.000035
     0.000415 -0.000672 -0.000034
     0.000343 -0.000643 -0.000035
     0.000282 -0.000617 -0.000031
     0.000357 -0.000536 -0.000037
     0.001057 -0.000431 -0.000033
     0.001093 -0.000420 -0.000034
     0.000863 -0.000453 -0.000035
     0.000461 -0.000513 -0.000038
     0.000260 -0.000620 -0.000039
     0.000404 -0.000669 -0.000035
     0.000577 -0.000576 -0.000022
     0.000636 -0.000469 -0.000012
     0.000658 -0.000353 -0.000002
     0.000660 -0.000302  0.000001
     0.000629 -0.000349 -0.000004
     0.000581 -0.000511 -0.000020
     0.000457 -0.000702 -0.000032
     0.000372 -0.000616 -0.000034
     0.000390 -0.000621 -0.000024
     0.000494 -0.000741 -0.000012
     0.000499 -0.000121 -0.000037
     0.008693  0.004151 -0.000029
     0.014579  0.013410 -0.000038
     0.011945  0.019261 -0.000001
     0.002813  0.021339  0.000048
    -0.008306  0.018443  0.000011
    -0.009789  0.011133 -0.000005
    -0.001143  0.001671 -0.000004
     0.000339 -0.000753 -0.000035
     0.000378 -0.000880 -0.000033
     0.000481 -0.000738 -0.000028
     0.000295 -0.000388 -0.000022
     0.000218 -0.000174 -0.000026
     0.000285 -0.000340 -0.000032
     0.000448 -0.000665 -0.000032
     0.000505 -0.000582 -0.000029
     0.000540 -0.000573 -0.000027
     0.000580 -0.000554 -0.000023
     0.000564 -0.000564 -0.000024
     0.000526 -0.000579 -0.000027
     0.000421 -0.000636 -0.000034
     0.000334 -0.000675 -0.000040
     0.000347 -0.000669 -0.000040
     0.000443 -0.000721 -0.000031
     0.000395 -0.000581 -0.000014
     0.000310 -0.000467  0.000003
     0.000287 -0.000387  0.000005
     0.000228 -0.000227  0.000014
     0.000211 -0.000184  0.000018
     0.000271 -0.000425  0.000005
     0.000273 -0.000438  0.000007
     0.000306 -0.000482  0.000002
     0.000341 -0.000528 -0.000004
     0.000415 -0.000619 -0.000019
     0.000374 -0.000691 -0.000036
     0.000440 -0.000684 -0.000032
     0.000412 -0.000688 -0.000036
     0.000411 -0.000677 -0.000036
     0.000444 -0.000668 -0.000034
     0.000426 -0.000637 -0.000023
     0.000417 -0.000627 -0.000020
     0.000392 -0.000600 -0.000013
     0.000385 -0.000593 -0.000011
     0.000404 -0.000616 -0.000012
     0.000434 -0.000649 -0.000023
     0.000437 -0.000652 -0.000024
     0.000441 -0.000658 -0.000025
     0.000445 -0.000662 -0.000025
     0.000441 -0.000669 -0.000034
     0.000358 -0.000670 -0.000037
     0.000349 -0.000667 -0.000038
     0.000339 -0.000663 -0.000038
     0.000339 -0.000662 -0.000038
     0.000440 -0.000669 -0.000034
     0.000471 -0.000656 -0.000032
     0.000325 -0.000658 -0.000038
     0.000404 -0.000679 -0.000034
     0.000468 -0.000658 -0.000032
     0.000484 -0.000648 -0.000031
     0.000463 -0.000660 -0.000033
     0.000421 -0.000679 -0.000034
     0.000400 -0.000671 -0.000034
     0.000386 -0.000661 -0.000033
     0.000346 -0.000641 -0.000032
     0.000279 -0.000557 -0.000034
     0.000995 -0.000448 -0.000030
     0.001200 -0.000410 -0.000031
     0.000918 -0.000444 -0.000033
     0.000770 -0.000465 -0.000035
     0.000182 -0.000570 -0.000040
     0.000265 -0.000624 -0.000040
     0.000409 -0.000666 -0.000035
     0.000586 -0.000574 -0.000023
     0.000673 -0.000371 -0.000003
     0.000709 -0.000271  0.000006
     0.000733 -0.000240  0.000009
     0.000700 -0.000356 -0.000003
     0.000599 -0.000569 -0.000024
     0.000464 -0.000646 -0.000033
     0.000439 -0.000725 -0.000032
     0.000489 -0.000806 -0.000026
     0.000334 -0.000610 -0.000038
     0.003401  0.001103 -0.000018
     0.007011  0.006357 -0.000006
     0.006026  0.012155  0.000021
     0.002871  0.013670  0.000012
    -0.003032  0.012406  0.000010
    -0.002413  0.005622  0.000007
     0.000042  0.000452 -0.000014
     0.000254 -0.000696 -0.000030
     0.000342 -0.000655 -0.000025
     0.000406 -0.000576 -0.000020
     0.000419 -0.000611 -0.000023
     0.000437 -0.000759 -0.000027
     0.000412 -0.000836 -0.000031
     0.000376 -0.000702 -0.000040
     0.000376 -0.000645 -0.000041
     0.000453 -0.000616 -0.000034
     0.000500 -0.000603 -0.000031
     0.000489 -0.000598 -0.000030
     0.000479 -0.000620 -0.000032
     0.000403 -0.000656 -0.000037
     0.000333 -0.000690 -0.000042
     0.000412 -0.000723 -0.000032
     0.000387 -0.000577 -0.000009
     0.000320 -0.000480  0.000002
     0.000294 -0.000441 -0.000001
     0.000284 -0.000425  0.000001
     0.000252 -0.000357  0.000008
     0.000276 -0.000427  0.000005
     0.000294 -0.000458  0.000006
     0.000295 -0.000468  0.000008
     0.000325 -0.000508  0.000002
     0.000377 -0.000573 -0.000010
     0.000449 -0.000660 -0.000026
     0.000347 -0.000693 -0.000039
     0.000425 -0.000687 -0.000033
     0.000396 -0.000683 -0.000037
     0.000416 -0.000676 -0.000036
     0.000460 -0.000675 -0.000029
     0.000420 -0.000631 -0.000021
     0.000398 -0.000606 -0.000013
     0.000389 -0.000597 -0.000011
     0.000385 -0.000594 -0.000010
     0.000436 -0.000651 -0.000023
     0.000436 -0.000651 -0.000023
     0.000439 -0.000656 -0.000024
     0.000444 -0.000661 -0.000025
     0.000441 -0.000669 -0.000034
     0.000441 -0.000669 -0.000034
     0.000363 -0.000672 -0.000037
     0.000354 -0.000669 -0.000037
     0.000344 -0.000665 -0.000037
     0.000341 -0.000663 -0.000037
     0.000348 -0.000665 -0.000037
     0.000458 -0.000661 -0.000033
     0.000383 -0.000687 -0.000037
     0.000316 -0.000655 -0.000038
     0.000451 -0.000664 -0.000033
     0.000485 -0.000645 -0.000031
     0.000476 -0.000655 -0.000032
     0.000437 -0.000685 -0.000033
     0.000421 -0.000678 -0.000033
     0.000426 -0.000676 -0.000032
     0.000394 -0.000661 -0.000031
     0.000221 -0.000598 -0.000036
     0.000832 -0.000481 -0.000028
     0.001351 -0.000399 -0.000025
     0.001083 -0.000424 -0.000029
     0.000872 -0.000448 -0.000032
     0.000441 -0.000503 -0.000036
     0.000204 -0.000574 -0.000040
     0.000283 -0.000623 -0.000041
     0.000488 -0.000629 -0.000029
     0.000619 -0.000505 -0.000016
     0.000706 -0.000321  0.000002
     0.000775 -0.000240  0.000010
     0.000799 -0.000247  0.000009
     0.000766 -0.000382 -0.000004
     0.000625 -0.000540 -0.000021
     0.000524 -0.000601 -0.000029
     0.000533 -0.000599 -0.000030
     0.000473 -0.000628 -0.000035
     0.000171 -0.000436 -0.000047
     0.002179  0.001218 -0.000019
     0.002235  0.005050 -0.000000
     0.000743  0.007100  0.000006
    -0.000309  0.005352  0.000010
    -0.000079  0.000930  0.000001
     0.000322 -0.000620 -0.000025
     0.000279 -0.000638 -0.000024
     0.000367 -0.000479 -0.000013
     0.000350 -0.000386 -0.000008
     0.000425 -0.000601 -0.000010
     0.000424 -0.000731 -0.000017
     0.000361 -0.000823 -0.000027
     0.000308 -0.000855 -0.000036
     0.000329 -0.000843 -0.000037
     0.000402 -0.000761 -0.000035
     0.000432 -0.000646 -0.000034
     0.000474 -0.000641 -0.000032
     0.000462 -0.000647 -0.000033
     0.000385 -0.000666 -0.000037
     0.000364 -0.000679 -0.000038
     0.000432 -0.000633 -0.000024
     0.000331 -0.000493 -0.000007
     0.000296 -0.000444  0.000002
     0.000249 -0.000287  0.000010
     0.000251 -0.000273  0.000011
     0.000248 -0.000280  0.000013
     0.000257 -0.000306  0.000015
     0.000274 -0.000387  0.000015
     0.000323 -0.000505  0.000005
     0.000363 -0.000556 -0.000006
     0.000417 -0.000622 -0.000019
     0.000457 -0.000681 -0.000030
     0.000433 -0.000687 -0.000032
     0.000397 -0.000690 -0.000037
     0.000391 -0.000683 -0.000037
     0.000440 -0.000687 -0.000033
     0.000450 -0.000665 -0.000026
     0.000418 -0.000628 -0.000019
     0.000393 -0.000602 -0.000011
     0.000388 -0.000596 -0.000010
     0.000395 -0.000604 -0.000015
     0.000436 -0.000652 -0.000022
     0.000438 -0.000654 -0.000023
     0.000442 -0.000659 -0.000024
     0.000446 -0.000663 -0.000025
     0.000441 -0.000669 -0.000034
     0.000441 -0.000669 -0.000034
     0.000441 -0.000669 -0.000034
     0.000359 -0.000670 -0.000037
     0.000349 -0.000667 -0.000037
     0.000343 -0.000665 -0.000037
     0.000347 -0.000665 -0.000037
     0.000447 -0.000666 -0.000034
     0.000373 -0.000681 -0.000038
     0.000379 -0.000689 -0.000037
     0.000409 -0.000681 -0.000034
     0.000481 -0.000651 -0.000032
     0.000485 -0.000647 -0.000031
     0.000472 -0.000657 -0.000032
     0.000433 -0.000683 -0.000032
     0.000458 -0.000688 -0.000031
     0.000427 -0.000676 -0.000030
     0.000373 -0.000651 -0.000029
     0.000216 -0.000563 -0.000035
     0.000992 -0.000449 -0.000029
     0.001351 -0.000399 -0.000021
     0.001053 -0.000427 -0.000026
     0.000732 -0.000461 -0.000031
     0.000176 -0.000533 -0.000037
     0.000196 -0.000562 -0.000038
     0.000305 -0.000626 -0.000039
     0.000489 -0.000627 -0.000030
     0.000654 -0.000441 -0.000010
     0.000740 -0.000324  0.000002
     0.000816 -0.000254  0.000010
     0.000843 -0.000289  0.000007
     0.000801 -0.000440 -0.000007
     0.000662 -0.000511 -0.000017
     0.000629 -0.000524 -0.000020
     0.000624 -0.000520 -0.000021
     0.000512 -0.000576 -0.000030
     0.000383 -0.000666 -0.000036
     0.000324 -0.000445 -0.000033
     0.000282 -0.000322 -0.000020
     0.000392 -0.000542 -0.000018
     0.000411 -0.000782 -0.000023
     0.000373 -0.000787 -0.000021
     0.000401 -0.000693 -0.000014
     0.000424 -0.000621 -0.000010
     0.000440 -0.000623 -0.000009
     0.000413 -0.000709 -0.000016
     0.000359 -0.000782 -0.000024
     0.000275 -0.000835 -0.000037
     0.000257 -0.000838 -0.000041
     0.000274 -0.000701 -0.000045
     0.000346 -0.000683 -0.000040
     0.000430 -0.000662 -0.000035
     0.000457 -0.000655 -0.000033
     0.000425 -0.000663 -0.000035
     0.000370 -0.000684 -0.000038
     0.000445 -0.000647 -0.000023
     0.000350 -0.000517 -0.000005
     0.000253 -0.000244  0.000013
     0.000226 -0.000132  0.000018
     0.000194 -0.000010  0.000025
     0.000242 -0.000166  0.000017
     0.000229 -0.000144  0.000022
     0.000307 -0.000431  0.000010
     0.000329 -0.000512  0.000005
     0.000364 -0.000557 -0.000005
     0.000393 -0.000594 -0.000013
     0.000446 -0.000657 -0.000025
     0.000436 -0.000684 -0.000032
     0.000396 -0.000691 -0.000036
     0.000386 -0.000684 -0.000037
     0.000406 -0.000684 -0.000036
     0.000463 -0.000679 -0.000028
     0.000446 -0.000660 -0.000025
     0.000399 -0.000609 -0.000012
     0.000390 -0.000599 -0.000010
     0.000415 -0.000626 -0.000020
     0.000438 -0.000653 -0.000022
     0.000438 -0.000654 -0.000022
     0.000441 -0.000658 -0.000023
     0.000445 -0.000663 -0.000024
     0.000441 -0.000669 -0.000034
     0.000441 -0.000669 -0.000034
     0.000441 -0.000669 -0.000034
     0.000441 -0.000669 -0.000034
     0.000364 -0.000672 -0.000036
     0.000356 -0.000670 -0.000036
     0.000348 -0.000667 -0.000037
     0.000347 -0.000666 -0.000036
     0.000437 -0.000675 -0.000034
     0.000361 -0.000667 -0.000039
     0.000376 -0.000684 -0.000038
     0.000410 -0.000681 -0.000034
     0.000462 -0.000659 -0.000033
     0.000488 -0.000638 -0.000030
     0.000483 -0.000647 -0.000031
     0.000459 -0.000689 -0.000032
     0.000432 -0.000683 -0.000032
     0.000464 -0.000690 -0.000029
     0.000425 -0.000674 -0.000028
     0.000237 -0.000606 -0.000033
     0.000713 -0.000497 -0.000028
     0.001102 -0.000435 -0.000024
     0.001090 -0.000423 -0.000025
     0.001088 -0.000420 -0.000022
     0.000466 -0.000491 -0.000030
     0.000180 -0.000537 -0.000034
     0.000198 -0.000551 -0.000034
     0.000360 -0.000638 -0.000033
     0.000527 -0.000618 -0.000028
     0.000653 -0.000446 -0.000010
     0.000746 -0.000354 -0.000000
     0.000814 -0.000316  0.000005
     0.000843 -0.000377  0.000001
     0.000747 -0.000480 -0.000009
     0.000643 -0.000531 -0.000017
     0.000637 -0.000530 -0.000018
     0.000629 -0.000528 -0.000019
     0.000648 -0.000513 -0.000019
     0.000594 -0.000533 -0.000024
     0.000600 -0.000539 -0.000024
     0.000585 -0.000552 -0.000026
     0.000508 -0.000604 -0.000033
     0.000454 -0.000811 -0.000030
     0.000447 -0.000804 -0.000023
     0.000445 -0.000785 -0.000022
     0.000416 -0.000804 -0.000025
     0.000320 -0.000847 -0.000038
     0.000250 -0.000701 -0.000048
     0.000218 -0.000737 -0.000047
     0.000253 -0.000728 -0.000045
     0.000325 -0.000684 -0.000040
     0.000404 -0.000652 -0.000035
     0.000456 -0.000655 -0.000033
     0.000472 -0.000702 -0.000030
     0.000437 -0.000691 -0.000029
     0.000435 -0.000635 -0.000015
     0.000353 -0.000500  0.000002
     0.000228 -0.000069  0.000021
     0.000200  0.000033  0.000026
     0.000178  0.000123  0.000031
     0.000250 -0.000111  0.000020
     0.000274 -0.000245  0.000016
     0.000303 -0.000390  0.000012
     0.000371 -0.000559 -0.000003
     0.000368 -0.000561 -0.000004
     0.000389 -0.000588 -0.000010
     0.000422 -0.000628 -0.000019
     0.000462 -0.000682 -0.000029
     0.000391 -0.000683 -0.000037
     0.000381 -0.000685 -0.000037
     0.000390 -0.000684 -0.000037
     0.000441 -0.000688 -0.000032
     0.000456 -0.000671 -0.000026
     0.000407 -0.000617 -0.000013
     0.000395 -0.000604 -0.000010
     0.000414 -0.000626 -0.000019
     0.000395 -0.000606 -0.000013
     0.000439 -0.000655 -0.000022
     0.000441 -0.000658 -0.000022
     0.000444 -0.000662 -0.000023
     0.000448 -0.000666 -0.000024
     0.000441 -0.000669 -0.000034
     0.000441 -0.000669 -0.000034
     0.000441 -0.000669 -0.000034
     0.000441 -0.000669 -0.000034
     0.000370 -0.000674 -0.000036
     0.000362 -0.000672 -0.000036
     0.000354 -0.000669 -0.000036
     0.000349 -0.000667 -0.000036
     0.000354 -0.000668 -0.000036
     0.000449 -0.000665 -0.000034
     0.000366 -0.000668 -0.000038
     0.000476 -0.000648 -0.000031
     0.000417 -0.000683 -0.000034
     0.000489 -0.000646 -0.000031
     0.000488 -0.000635 -0.000030
     0.000481 -0.000646 -0.000031
     0.000452 -0.000690 -0.000032
     0.000470 -0.000693 -0.000029
     0.000468 -0.000691 -0.000028
     0.000313 -0.000639 -0.000031
     0.000172 -0.000580 -0.000032
     0.000871 -0.000477 -0.000023
     0.001082 -0.000438 -0.000020
     0.001172 -0.000412 -0.000020
     0.000749 -0.000452 -0.000027
     0.000177 -0.000527 -0.000034
     0.000203 -0.000534 -0.000028
     0.000275 -0.000565 -0.000027
     0.000338 -0.000626 -0.000027
     0.000494 -0.000681 -0.000029
     0.000587 -0.000516 -0.000018
     0.000676 -0.000420 -0.000007
     0.000727 -0.000398 -0.000004
     0.000738 -0.000440 -0.000008
     0.000675 -0.000502 -0.000015
     0.000608 -0.000537 -0.000020
     0.000583 -0.000553 -0.000023
     0.000591 -0.000548 -0.000023
     0.000613 -0.000535 -0.000021
     0.000562 -0.000566 -0.000026
     0.000594 -0.000548 -0.000024
     0.000594 -0.000546 -0.000024
     0.000562 -0.000566 -0.000026
     0.000531 -0.000584 -0.000029
     0.000490 -0.000584 -0.000030
     0.000415 -0.000639 -0.000035
     0.000306 -0.000696 -0.000037
     0.000188 -0.000691 -0.000039
     0.000278 -0.000729 -0.000042
     0.000309 -0.000698 -0.000041
     0.000369 -0.000667 -0.000038
     0.000470 -0.000715 -0.000028
     0.000436 -0.000647 -0.000014
     0.000436 -0.000641 -0.000012
     0.000410 -0.000602 -0.000004
     0.000337 -0.000376  0.000008
     0.000226  0.000021  0.000026
     0.000184  0.000157  0.000032
     0.000183  0.000147  0.000033
     0.000212  0.000026  0.000028
     0.000311 -0.000338  0.000011
     0.000323 -0.000434  0.000009
     0.000374 -0.000562 -0.000003
     0.000372 -0.000566 -0.000003
     0.000391 -0.000590 -0.000008
     0.000413 -0.000617 -0.000015
     0.000452 -0.000665 -0.000025
     0.000402 -0.000680 -0.000036
     0.000383 -0.000679 -0.000037
     0.000387 -0.000683 -0.000037
     0.000415 -0.000690 -0.000035
     0.000455 -0.000671 -0.000024
     0.000437 -0.000651 -0.000020
     0.000400 -0.000610 -0.000010
     0.000415 -0.000626 -0.000019
     0.000395 -0.000605 -0.000012
     0.000398 -0.000609 -0.000012
     0.000441 -0.000658 -0.000022
     0.000444 -0.000661 -0.000023
     0.000447 -0.000665 -0.000024
     0.000441 -0.000669 -0.000034
     0.000441 -0.000669 -0.000034
     0.000441 -0.000669 -0.000034
     0.000441 -0.000669 -0.000034
     0.000441 -0.000669 -0.000034
     0.000441 -0.000669 -0.000034
     0.000368 -0.000674 -0.000036
     0.000360 -0.000671 -0.000036
     0.000354 -0.000669 -0.000035
     0.000354 -0.000668 -0.000035
     0.000438 -0.000679 -0.000034
     0.000358 -0.000666 -0.000038
     0.000366 -0.000668 -0.000038
     0.000477 -0.000647 -0.000031
     0.000430 -0.000687 -0.000033
     0.000492 -0.000631 -0.000029
     0.000489 -0.000629 -0.000029
     0.000480 -0.000648 -0.000031
     0.000470 -0.000652 -0.000030
     0.000468 -0.000693 -0.000028
     0.000456 -0.000685 -0.000028
     0.000269 -0.000622 -0.000030
     0.000279 -0.000563 -0.000029
     0.000838 -0.000483 -0.000019
     0.001097 -0.000338 -0.000014
     0.001129 -0.000299 -0.000014
     0.000549 -0.000477 -0.000023
     0.000209 -0.000532 -0.000029
     0.000243 -0.000542 -0.000028
     0.000330 -0.000577 -0.000025
     0.000382 -0.000630 -0.000018
     0.000477 -0.000705 -0.000021
     0.000499 -0.000616 -0.000026
     0.000581 -0.000501 -0.000017
     0.000627 -0.000477 -0.000014
     0.000623 -0.000531 -0.000019
     0.000598 -0.000568 -0.000023
     0.000564 -0.000584 -0.000025
     0.000553 -0.000586 -0.000026
     0.000550 -0.000586 -0.000026
     0.000561 -0.000579 -0.000025
     0.000588 -0.000560 -0.000023
     0.000540 -0.000581 -0.000027
     0.000555 -0.000575 -0.000023
     0.000518 -0.000605 -0.000025
     0.000466 -0.000646 -0.000028
     0.000418 -0.000678 -0.000031
     0.000379 -0.000692 -0.000034
     0.000350 -0.000696 -0.000037
     0.000350 -0.000675 -0.000038
     0.000384 -0.000673 -0.000038
     0.000466 -0.000690 -0.000018
     0.000409 -0.000612 -0.000003
     0.000397 -0.000592  0.000000
     0.000371 -0.000492  0.000006
     0.000329 -0.000334  0.000010
     0.000251 -0.000050  0.000023
     0.000221  0.000027  0.000027
     0.000199  0.000083  0.000030
     0.000231 -0.000040  0.000026
     0.000340 -0.000428  0.000006
     0.000361 -0.000537  0.000004
     0.000377 -0.000564 -0.000002
     0.000414 -0.000612 -0.000012
     0.000397 -0.000597 -0.000008
     0.000417 -0.000622 -0.000015
     0.000441 -0.000651 -0.000023
     0.000417 -0.000676 -0.000035
     0.000383 -0.000677 -0.000037
     0.000468 -0.000666 -0.000032
     0.000403 -0.000691 -0.000036
     0.000470 -0.000690 -0.000028
     0.000448 -0.000663 -0.000022
     0.000429 -0.000642 -0.000022
     0.000417 -0.000629 -0.000018
     0.000395 -0.000605 -0.000011
     0.000397 -0.000608 -0.000011
     0.000401 -0.000613 -0.000012
     0.000444 -0.000662 -0.000022
     0.000447 -0.000665 -0.000023
     0.000441 -0.000669 -0.000034
     0.000441 -0.000669 -0.000034
     0.000441 -0.000669 -0.000034
     0.000441 -0.000669 -0.000034
     0.000441 -0.000669 -0.000034
     0.000441 -0.000669 -0.000034
     0.000441 -0.000669 -0.000034
     0.000374 -0.000676 -0.000035
     0.000367 -0.000674 -0.000035
     0.000360 -0.000671 -0.000035
     0.000356 -0.000670 -0.000035
     0.000360 -0.000670 -0.000035
     0.000352 -0.000665 -0.000038
     0.000360 -0.000666 -0.000038
     0.000472 -0.000650 -0.000031
     0.000485 -0.000643 -0.000030
     0.000445 -0.000691 -0.000033
     0.000495 -0.000621 -0.000028
     0.000491 -0.000624 -0.000029
     0.000480 -0.000647 -0.000031
     0.000469 -0.000626 -0.000029
     0.000468 -0.000692 -0.000028
     0.000358 -0.000657 -0.000030
     0.000234 -0.000608 -0.000029
     0.000187 -0.000575 -0.000027
     0.000670 -0.000451 -0.000018
     0.001032 -0.000235 -0.000009
     0.000947 -0.000205 -0.000010
     0.000320 -0.000391 -0.000019
     0.000242 -0.000540 -0.000023
     0.000286 -0.000555 -0.000022
     0.000375 -0.000592 -0.000021
     0.000399 -0.000631 -0.000019
     0.000470 -0.000687 -0.000022
     0.000479 -0.000694 -0.000026
     0.000529 -0.000559 -0.000023
     0.000572 -0.000534 -0.000020
     0.000581 -0.000567 -0.000023
     0.000574 -0.000582 -0.000024
     0.000531 -0.000601 -0.000027
     0.000501 -0.000612 -0.000029
     0.000505 -0.000600 -0.000028
     0.000523 -0.000583 -0.000025
     0.000542 -0.000588 -0.000023
     0.000461 -0.000630 -0.000029
     0.000450 -0.000644 -0.000029
     0.000427 -0.000658 -0.000031
     0.000402 -0.000658 -0.000033
     0.000376 -0.000660 -0.000036
     0.000370 -0.000662 -0.000038
     0.000420 -0.000733 -0.000031
     0.000440 -0.000653 -0.000011
     0.000380 -0.000573  0.000003
     0.000358 -0.000487  0.000007
     0.000340 -0.000400  0.000009
     0.000318 -0.000316  0.000010
     0.000277 -0.000163  0.000018
     0.000253 -0.000092  0.000022
     0.000230 -0.000027  0.000026
     0.000243 -0.000089  0.000024
     0.000300 -0.000302  0.000014
     0.000381 -0.000565  0.000000
     0.000390 -0.000580 -0.000004
     0.000418 -0.000616 -0.000012
     0.000406 -0.000608 -0.000009
     0.000427 -0.000633 -0.000017
     0.000442 -0.000653 -0.000023
     0.000433 -0.000672 -0.000035
     0.000394 -0.000673 -0.000036
     0.000391 -0.000675 -0.000036
     0.000399 -0.000683 -0.000037
     0.000448 -0.000691 -0.000030
     0.000449 -0.000665 -0.000033
     0.000456 -0.000671 -0.000028
     0.000420 -0.000632 -0.000018
     0.000396 -0.000607 -0.000010
     0.000396 -0.000607 -0.000010
     0.000401 -0.000613 -0.000011
     0.000445 -0.000662 -0.000022
     0.000448 -0.000666 -0.000023
     0.000450 -0.000669 -0.000024
     0.000441 -0.000669 -0.000034
     0.000441 -0.000669 -0.000034
     0.000441 -0.000669 -0.000034
     0.000441 -0.000669 -0.000034
     0.000441 -0.000669 -0.000034
     0.000441 -0.000669 -0.000034
     0.000441 -0.000669 -0.000034
     0.000441 -0.000669 -0.000034
     0.000373 -0.000676 -0.000035
     0.000367 -0.000674 -0.000035
     0.000361 -0.000672 -0.000034
     0.000360 -0.000671 -0.000034
     0.000278 -0.000647 -0.000037
     0.000353 -0.000665 -0.000037
     0.000360 -0.000666 -0.000038
     0.000476 -0.000647 -0.000031
     0.000498 -0.000637 -0.000029
     0.000507 -0.000617 -0.000027
     0.000499 -0.000611 -0.000027
     0.000493 -0.000621 -0.000028
     0.000487 -0.000594 -0.000026
     0.000472 -0.000612 -0.000028
     0.000410 -0.000677 -0.000030
     0.000327 -0.000645 -0.000029
     0.000233 -0.000606 -0.000027
     0.000188 -0.000581 -0.000025
     0.000498 -0.000434 -0.000017
     0.000820 -0.000205 -0.000008
     0.000678 -0.000149 -0.000007
     0.000174 -0.000292 -0.000014
     0.000257 -0.000453 -0.000016
     0.000329 -0.000571 -0.000017
     0.000400 -0.000602 -0.000018
     0.000404 -0.000634 -0.000018
     0.000458 -0.000680 -0.000022
     0.000479 -0.000713 -0.000026
     0.000511 -0.000605 -0.000027
     0.000560 -0.000577 -0.000024
     0.000562 -0.000592 -0.000025
     0.000506 -0.000615 -0.000029
     0.000498 -0.000606 -0.000028
     0.000469 -0.000611 -0.000030
     0.000443 -0.000624 -0.000031
     0.000438 -0.000633 -0.000031
     0.000450 -0.000633 -0.000029
     0.000458 -0.000624 -0.000029
     0.000389 -0.000658 -0.000036
     0.000372 -0.000679 -0.000039
     0.000403 -0.000721 -0.000032
     0.000461 -0.000673 -0.000015
     0.000398 -0.000587  0.000001
     0.000313 -0.000274  0.000014
     0.000300 -0.000227  0.000016
     0.000289 -0.000187  0.000017
     0.000315 -0.000313  0.000010
     0.000290 -0.000224  0.000015
     0.000279 -0.000193  0.000017
     0.000253 -0.000109  0.000022
     0.000247 -0.000099  0.000024
     0.000305 -0.000313  0.000014
     0.000388 -0.000574 -0.000001
     0.000412 -0.000606 -0.000008
     0.000429 -0.000629 -0.000014
     0.000419 -0.000623 -0.000012
     0.000440 -0.000649 -0.000021
     0.000452 -0.000665 -0.000026
     0.000443 -0.000669 -0.000034
     0.000403 -0.000669 -0.000035
     0.000395 -0.000673 -0.000036
     0.000449 -0.000665 -0.000024
     0.000407 -0.000668 -0.000035
     0.000437 -0.000668 -0.000034
     0.000462 -0.000678 -0.000029
     0.000424 -0.000636 -0.000018
     0.000415 -0.000628 -0.000016
     0.000397 -0.000608 -0.000009
     0.000400 -0.000613 -0.000010
     0.000406 -0.000619 -0.000012
     0.000448 -0.000667 -0.000022
     0.000451 -0.000670 -0.000023
     0.000441 -0.000669 -0.000034
     0.000441 -0.000669 -0.000034
     0.000441 -0.000669 -0.000034
     0.000441 -0.000669 -0.000034
     0.000441 -0.000669 -0.000034
     0.000441 -0.000669 -0.000034
     0.000441 -0.000669 -0.000034
     0.000441 -0.000669 -0.000034
     0.000441 -0.000669 -0.000034
     0.000441 -0.000669 -0.000034
     0.000374 -0.000676 -0.000034
     0.000368 -0.000674 -0.000034
     0.000364 -0.000672 -0.000034
     0.000366 -0.000672 -0.000033
     0.000348 -0.000664 -0.000037
     0.000353 -0.000665 -0.000037
     0.000461 -0.000655 -0.000032
     0.000485 -0.000643 -0.000030
     0.000505 -0.000630 -0.000029
     0.000510 -0.000611 -0.000027
     0.000503 -0.000606 -0.000026
     0.000498 -0.000612 -0.000027
     0.000495 -0.000578 -0.000024
     0.000478 -0.000612 -0.000028
     0.000406 -0.000675 -0.000031
     0.000314 -0.000639 -0.000028
     0.000247 -0.000610 -0.000025
     0.000212 -0.000588 -0.000022
     0.000280 -0.000443 -0.000017
     0.000529 -0.000225 -0.000008
     0.000323 -0.000180 -0.000008
     0.000199 -0.000228 -0.000008
     0.000269 -0.000342 -0.000009
     0.000343 -0.000490 -0.000011
     0.000346 -0.000532 -0.000011
     0.000393 -0.000624 -0.000015
     0.000426 -0.000660 -0.000020
     0.000458 -0.000696 -0.000026
     0.000483 -0.000648 -0.000032
     0.000522 -0.000614 -0.000028
     0.000511 -0.000609 -0.000028
     0.000483 -0.000616 -0.000029
     0.000436 -0.000642 -0.000033
     0.000420 -0.000652 -0.000034
     0.000388 -0.000678 -0.000037
     0.000390 -0.000709 -0.000035
     0.000410 -0.000698 -0.000031
     0.000428 -0.000688 -0.000028
     0.000452 -0.000657 -0.000020
     0.000411 -0.000600 -0.000011
     0.000350 -0.000391  0.000007
     0.000292 -0.000187  0.000016
     0.000296 -0.000221  0.000014
     0.000302 -0.000255  0.000013
     0.000324 -0.000369  0.000006
     0.000300 -0.000273  0.000012
     0.000293 -0.000248  0.000014
     0.000265 -0.000146  0.000020
     0.000262 -0.000148  0.000021
     0.000307 -0.000321  0.000014
     0.000356 -0.000501  0.000007
     0.000433 -0.000631 -0.000013
     0.000448 -0.000652 -0.000019
     0.000449 -0.000674 -0.000028
     0.000454 -0.000666 -0.000025
     0.000463 -0.000677 -0.000029
     0.000447 -0.000668 -0.000034
     0.000415 -0.000667 -0.000035
     0.000408 -0.000679 -0.000036
     0.000416 -0.000658 -0.000034
     0.000473 -0.000645 -0.000031
     0.000429 -0.000669 -0.000034
     0.000467 -0.000684 -0.000030
     0.000448 -0.000663 -0.000024
     0.000402 -0.000613 -0.000009
     0.000399 -0.000610 -0.000008
     0.000401 -0.000613 -0.000009
     0.000406 -0.000619 -0.000011
     0.000449 -0.000668 -0.000022
     0.000452 -0.000671 -0.000023
     0.000441 -0.000669 -0.000034
     0.000441 -0.000669 -0.000034
     0.000441 -0.000669 -0.000034
     0.000441 -0.000669 -0.000034
     0.000441 -0.000669 -0.000034
     0.000441 -0.000669 -0.000034
     0.000441 -0.000669 -0.000034
     0.000441 -0.000669 -0.000034
     0.000441 -0.000669 -0.000034
     0.000441 -0.000669 -0.000034
     0.000441 -0.000669 -0.000034
     0.000380 -0.000678 -0.000034
     0.000375 -0.000676 -0.000034
     0.000370 -0.000675 -0.000033
     0.000368 -0.000673 -0.000033
     0.000285 -0.000650 -0.000035
     0.000348 -0.000664 -0.000036
     0.000354 -0.000665 -0.000037
     0.000468 -0.000651 -0.000032
     0.000494 -0.000638 -0.000030
     0.000507 -0.000624 -0.000028
     0.000513 -0.000606 -0.000026
     0.000541 -0.000551 -0.000020
     0.000505 -0.000598 -0.000026
     0.000504 -0.000568 -0.000023
     0.000445 -0.000689 -0.000033
     0.000397 -0.000672 -0.000031
     0.000320 -0.000641 -0.000028
     0.000269 -0.000617 -0.000024
     0.000239 -0.000597 -0.000020
     0.000196 -0.000441 -0.000015
     0.000195 -0.000276 -0.000010
     0.000190 -0.000226 -0.000007
     0.000233 -0.000237 -0.000006
     0.000292 -0.000317 -0.000006
     0.000347 -0.000403 -0.000006
     0.000346 -0.000420 -0.000006
     0.000367 -0.000477 -0.000006
     0.000402 -0.000626 -0.000010
     0.000429 -0.000655 -0.000015
     0.000445 -0.000677 -0.000020
     0.000449 -0.000692 -0.000025
     0.000445 -0.000699 -0.000028
     0.000440 -0.000698 -0.000029
     0.000440 -0.000691 -0.000027
     0.000446 -0.000681 -0.000023
     0.000455 -0.000667 -0.000022
     0.000447 -0.000643 -0.000018
     0.000422 -0.000607 -0.000012
     0.000393 -0.000567 -0.000005
     0.000352 -0.000456  0.000002
     0.000336 -0.000437  0.000003
     0.000341 -0.000494  0.000001
     0.000358 -0.000523 -0.000008
     0.000341 -0.000504 -0.000002
     0.000306 -0.000303  0.000011
     0.000292 -0.000240  0.000015
     0.000282 -0.000199  0.000018
     0.000282 -0.000211  0.000019
     0.000315 -0.000347  0.000014
     0.000373 -0.000560  0.000005
     0.000450 -0.000653 -0.000019
     0.000432 -0.000673 -0.000029
     0.000409 -0.000677 -0.000034
     0.000465 -0.000679 -0.000029
     0.000455 -0.000681 -0.000032
     0.000457 -0.000641 -0.000031
     0.000433 -0.000651 -0.000032
     0.000419 -0.000653 -0.000033
     0.000420 -0.000657 -0.000033
     0.000464 -0.000642 -0.000030
     0.000427 -0.000671 -0.000035
     0.000467 -0.000687 -0.000030
     0.000452 -0.000668 -0.000024
     0.000406 -0.000618 -0.000009
     0.000401 -0.000614 -0.000008
     0.000402 -0.000615 -0.000008
     0.000406 -0.000620 -0.000010
     0.000412 -0.000627 -0.000012
     0.000453 -0.000672 -0.000023
     0.000441 -0.000669 -0.000034
     0.000441 -0.000669 -0.000034
     0.000441 -0.000669 -0.000034
     0.000441 -0.000669 -0.000034
     0.000441 -0.000669 -0.000034
     0.000441 -0.000669 -0.000034
     0.000441 -0.000669 -0.000034
     0.000441 -0.000669 -0.000034
     0.000441 -0.000669 -0.000034
     0.000441 -0.000669 -0.000034
     0.000441 -0.000669 -0.000034
     0.000441 -0.000669 -0.000034
     0.000441 -0.000669 -0.000034
     0.000382 -0.000679 -0.000033
     0.000378 -0.000677 -0.000033
     0.000374 -0.000675 -0.000033
     0.000291 -0.000653 -0.000034
     0.000288 -0.000651 -0.000034
     0.000349 -0.000664 -0.000036
     0.000441 -0.000665 -0.000034
     0.000476 -0.000647 -0.000031
     0.000504 -0.000633 -0.000029
     0.000509 -0.000620 -0.000028
     0.000514 -0.000607 -0.000026
     0.000544 -0.000552 -0.000020
     0.000560 -0.000497 -0.000014
     0.000515 -0.000561 -0.000022
     0.000447 -0.000665 -0.000034
     0.000395 -0.000672 -0.000033
     0.000339 -0.000648 -0.000028
     0.000296 -0.000626 -0.000023
     0.000272 -0.000608 -0.000018
     0.000238 -0.000472 -0.000013
     0.000209 -0.000293 -0.000008
     0.000231 -0.000249 -0.000005
     0.000266 -0.000245 -0.000003
     0.000311 -0.000288 -0.000003
     0.000361 -0.000373 -0.000003
     0.000320 -0.000255  0.000000
     0.000366 -0.000365 -0.000002
     0.000376 -0.000363 -0.000001
     0.000399 -0.000401 -0.000000
     0.000429 -0.000520 -0.000003
     0.000439 -0.000608 -0.000005
     0.000439 -0.000627 -0.000006
     0.000436 -0.000623 -0.000008
     0.000432 -0.000616 -0.000009
     0.000420 -0.000600 -0.000008
     0.000407 -0.000581 -0.000005
     0.000390 -0.000539 -0.000003
     0.000353 -0.000406  0.000003
     0.000348 -0.000453  0.000002
     0.000368 -0.000531 -0.000007
     0.000352 -0.000514 -0.000001
     0.000324 -0.000407  0.000005
     0.000315 -0.000378  0.000008
     0.000317 -0.000393  0.000009
     0.000324 -0.000427  0.000009
     0.000333 -0.000477  0.000008
     0.000360 -0.000545 -0.000000
     0.000394 -0.000589 -0.000009
     0.000421 -0.000677 -0.000035
     0.000402 -0.000663 -0.000034
     0.000406 -0.000654 -0.000033
     0.000454 -0.000661 -0.000033
     0.000453 -0.000659 -0.000032
     0.000451 -0.000656 -0.000032
     0.000436 -0.000653 -0.000032
     0.000423 -0.000653 -0.000033
     0.000424 -0.000656 -0.000033
     0.000432 -0.000661 -0.000033
     0.000446 -0.000660 -0.000025
     0.000463 -0.000687 -0.000030
     0.000455 -0.000671 -0.000025
     0.000429 -0.000643 -0.000015
     0.000405 -0.000617 -0.000007
     0.000404 -0.000618 -0.000008
     0.000408 -0.000622 -0.000009
     0.000413 -0.000628 -0.000011
     0.000454 -0.000674 -0.000023
     0.000441 -0.000669 -0.000034
     0.000441 -0.000669 -0.000034
     0.000441 -0.000669 -0.000034
     0.000441 -0.000669 -0.000034
     0.000441 -0.000669 -0.000034
     0.000441 -0.000669 -0.000034
     0.000441 -0.000669 -0.000034
     0.000441 -0.000669 -0.000034
     0.000441 -0.000669 -0.000034
     0.000441 -0.000669 -0.000034
     0.000441 -0.000669 -0.000034
     0.000441 -0.000669 -0.000034
     0.000441 -0.000669 -0.000034
     0.000441 -0.000669 -0.000034
     0.000441 -0.000669 -0.000034
     0.000384 -0.000679 -0.000033
     0.000381 -0.000678 -0.000033
     0.000378 -0.000677 -0.000032
     0.000296 -0.000654 -0.000033
     0.000292 -0.000652 -0.000033
     0.000350 -0.000665 -0.000035
     0.000445 -0.000664 -0.000033
     0.000483 -0.000644 -0.000030
     0.000508 -0.000629 -0.000028
     0.000512 -0.000617 -0.000027
     0.000516 -0.000607 -0.000026
     0.000526 -0.000588 -0.000024
     0.000571 -0.000492 -0.000013
     0.000553 -0.000589 -0.000023
     0.000452 -0.000660 -0.000033
     0.000399 -0.000675 -0.000034
     0.000360 -0.000658 -0.000031
     0.000328 -0.000640 -0.000025
     0.000311 -0.000624 -0.000019
     0.000287 -0.000549 -0.000013
     0.000262 -0.000364 -0.000007
     0.000270 -0.000273 -0.000003
     0.000299 -0.000247 -0.000001
     0.000333 -0.000254  0.000001
     0.000369 -0.000290  0.000001
     0.000330 -0.000156  0.000006
     0.000372 -0.000247  0.000004
     0.000380 -0.000241  0.000005
     0.000387 -0.000276  0.000004
     0.000390 -0.000315  0.000003
     0.000393 -0.000365  0.000002
     0.000393 -0.000401  0.000001
     0.000388 -0.000402  0.000001
     0.000376 -0.000375  0.000003
     0.000353 -0.000302  0.000007
     0.000330 -0.000233  0.000011
     0.000357 -0.000404  0.000002
     0.000338 -0.000336  0.000006
     0.000317 -0.000264  0.000011
     0.000305 -0.000229  0.000014
     0.000306 -0.000245  0.000015
     0.000311 -0.000282  0.000014
     0.000329 -0.000373  0.000012
     0.000352 -0.000494  0.000007
     0.000368 -0.000557  0.000004
     0.000411 -0.000611 -0.000011
     0.000456 -0.000666 -0.000027
     0.000385 -0.000673 -0.000036
     0.000389 -0.000667 -0.000035
     0.000445 -0.000665 -0.000033
     0.000446 -0.000662 -0.000033
     0.000443 -0.000658 -0.000033
     0.000434 -0.000655 -0.000033
     0.000426 -0.000654 -0.000033
     0.000429 -0.000658 -0.000033
     0.000437 -0.000664 -0.000034
     0.000441 -0.000656 -0.000023
     0.000433 -0.000647 -0.000020
     0.000458 -0.000675 -0.000025
     0.000433 -0.000648 -0.000015
     0.000409 -0.000622 -0.000007
     0.000408 -0.000621 -0.000007
     0.000410 -0.000624 -0.000009
     0.000415 -0.000630 -0.000010
     0.000419 -0.000635 -0.000012
     0.000441 -0.000669 -0.000034
     0.000441 -0.000669 -0.000034
     0.000441 -0.000669 -0.000034
     0.000441 -0.000669 -0.000034
     0.000441 -0.000669 -0.000034
     0.000441 -0.000669 -0.000034
     0.000441 -0.000669 -0.000034
     0.000441 -0.000669 -0.000034
     0.000441 -0.000669 -0.000034
     0.000441 -0.000669 -0.000034
     0.000441 -0.000669 -0.000034
     0.000441 -0.000669 -0.000034
     0.000441 -0.000669 -0.000034
     0.000441 -0.000669 -0.000034
     0.000441 -0.000669 -0.000034
     0.000441 -0.000669 -0.000034
     0.000441 -0.000669 -0.000034
     0.000388 -0.000680 -0.000032
     0.000385 -0.000679 -0.000032
     0.000306 -0.000658 -0.000033
     0.000300 -0.000656 -0.000032
     0.000297 -0.000653 -0.000032
     0.000354 -0.000666 -0.000034
     0.000448 -0.000662 -0.000033
     0.000488 -0.000641 -0.000030
     0.000509 -0.000627 -0.000028
     0.000514 -0.000615 -0.000027
     0.000519 -0.000606 -0.000026
     0.000526 -0.000591 -0.000024
     0.000550 -0.000535 -0.000018
     0.000555 -0.000592 -0.000023
     0.000509 -0.000616 -0.000027
     0.000440 -0.000654 -0.000032
     0.000376 -0.000666 -0.000032
     0.000355 -0.000653 -0.000029
     0.000341 -0.000642 -0.000024
     0.000333 -0.000628 -0.000019
     0.000329 -0.000595 -0.000013
     0.000320 -0.000437 -0.000006
     0.000342 -0.000403 -0.000004
     0.000370 -0.000396 -0.000002
     0.000396 -0.000402 -0.000001
     0.000350 -0.000213  0.000005
     0.000358 -0.000177  0.000007
     0.000383 -0.000244  0.000005
     0.000376 -0.000223  0.000006
     0.000373 -0.000237  0.000006
     0.000368 -0.000241  0.000007
     0.000353 -0.000205  0.000010
     0.000373 -0.000356  0.000003
     0.000358 -0.000307  0.000006
     0.000345 -0.000270  0.000009
     0.000333 -0.000244  0.000011
     0.000323 -0.000224  0.000013
     0.000324 -0.000255  0.000013
     0.000334 -0.000327  0.000012
     0.000355 -0.000441  0.000008
     0.000375 -0.000555  0.000004
     0.000389 -0.000580 -0.000002
     0.000399 -0.000597 -0.000006
     0.000433 -0.000639 -0.000019
     0.000448 -0.000676 -0.000032
     0.000381 -0.000670 -0.000035
     0.000381 -0.000666 -0.000035
     0.000435 -0.000668 -0.000034
     0.000440 -0.000666 -0.000034
     0.000434 -0.000660 -0.000033
     0.000428 -0.000658 -0.000033
     0.000426 -0.000660 -0.000033
     0.000431 -0.000664 -0.000034
     0.000446 -0.000680 -0.000033
     0.000437 -0.000651 -0.000020
     0.000433 -0.000647 -0.000018
     0.000448 -0.000664 -0.000018
     0.000437 -0.000652 -0.000015
     0.000413 -0.000627 -0.000007
     0.000411 -0.000626 -0.000007
     0.000413 -0.000628 -0.000008
     0.000417 -0.000632 -0.000010
     0.000421 -0.000638 -0.000012
     0.000441 -0.000669 -0.000034
     0.000441 -0.000669 -0.000034
     0.000441 -0.000669 -0.000034
     0.000441 -0.000669 -0.000034
     0.000441 -0.000669 -0.000034
     0.000441 -0.000669 -0.000034
     0.000441 -0.000669 -0.000034
     0.000441 -0.000669 -0.000034
     0.000441 -0.000669 -0.000034
     0.000441 -0.000669 -0.000034
     0.000441 -0.000669 -0.000034
     0.000441 -0.000669 -0.000034
     0.000441 -0.000669 -0.000034
     0.000441 -0.000669 -0.000034
     0.000441 -0.000669 -0.000034
     0.000441 -0.000669 -0.000034
     0.000441 -0.000669 -0.000034
     0.000441 -0.000669 -0.000034
     0.000394 -0.000682 -0.000032
     0.000391 -0.000681 -0.000032
     0.000389 -0.000680 -0.000031
     0.000311 -0.000660 -0.000031
     0.000306 -0.000657 -0.000031
     0.000304 -0.000655 -0.000030
     0.000421 -0.000682 -0.000035
     0.000451 -0.000661 -0.000033
     0.000488 -0.000641 -0.000030
     0.000510 -0.000627 -0.000028
     0.000516 -0.000616 -0.000027
     0.000522 -0.000606 -0.000026
     0.000530 -0.000590 -0.000024
     0.000549 -0.000544 -0.000019
     0.000537 -0.000602 -0.000025
     0.000504 -0.000618 -0.000027
     0.000453 -0.000645 -0.000031
     0.000403 -0.000675 -0.000035
     0.000368 -0.000663 -0.000037
     0.000358 -0.000655 -0.000035
     0.000354 -0.000646 -0.000032
     0.000363 -0.000637 -0.000020
     0.000367 -0.000628 -0.000015
     0.000383 -0.000624 -0.000012
     0.000406 -0.000623 -0.000010
     0.000430 -0.000624 -0.000009
     0.000419 -0.000621 -0.000016
     0.000393 -0.000588 -0.000010
     0.000398 -0.000513 -0.000006
     0.000422 -0.000514 -0.000005
     0.000403 -0.000433 -0.000001
     0.000389 -0.000388  0.000002
     0.000377 -0.000351  0.000004
     0.000367 -0.000331  0.000007
     0.000362 -0.000335  0.000008
     0.000364 -0.000374  0.000007
     0.000371 -0.000434  0.000006
     0.000387 -0.000531  0.000003
     0.000399 -0.000589 -0.000001
     0.000405 -0.000599 -0.000004
     0.000406 -0.000604 -0.000005
     0.000423 -0.000626 -0.000013
     0.000452 -0.000661 -0.000024
     0.000431 -0.000678 -0.000034
     0.000378 -0.000670 -0.000036
     0.000375 -0.000668 -0.000035
     0.000425 -0.000674 -0.000035
     0.000430 -0.000671 -0.000035
     0.000424 -0.000668 -0.000034
     0.000422 -0.000665 -0.000034
     0.000424 -0.000667 -0.000034
     0.000431 -0.000670 -0.000034
     0.000454 -0.000685 -0.000031
     0.000464 -0.000685 -0.000030
     0.000421 -0.000634 -0.000011
     0.000412 -0.000625 -0.000008
     0.000441 -0.000657 -0.000015
     0.000418 -0.000632 -0.000008
     0.000416 -0.000631 -0.000007
     0.000417 -0.000632 -0.000008
     0.000420 -0.000636 -0.000010
     0.000423 -0.000640 -0.000012
     0.000441 -0.000669 -0.000034
     0.000441 -0.000669 -0.000034
     0.000441 -0.000669 -0.000034
     0.000441 -0.000669 -0.000034
     0.000441 -0.000669 -0.000034
     0.000441 -0.000669 -0.000034
     0.000441 -0.000669 -0.000034
     0.000441 -0.000669 -0.000034
     0.000441 -0.000669 -0.000034
     0.000441 -0.000669 -0.000034
     0.000441 -0.000669 -0.000034
     0.000441 -0.000669 -0.000034
     0.000441 -0.000669 -0.000034
     0.000441 -0.000669 -0.000034
     0.000441 -0.000669 -0.000034
     0.000441 -0.000669 -0.000034
     0.000441 -0.000669 -0.000034
     0.000441 -0.000669 -0.000034
     0.000441 -0.000669 -0.000034
     0.000441 -0.000669 -0.000034
     0.000397 -0.000683 -0.000032
     0.000396 -0.000682 -0.000031
     0.000324 -0.000664 -0.000031
     0.000318 -0.000662 -0.000030
     0.000313 -0.000659 -0.000030
     0.000312 -0.000658 -0.000029
     0.000423 -0.000682 -0.000034
     0.000450 -0.000662 -0.000033
     0.000485 -0.000643 -0.000030
     0.000510 -0.000629 -0.000028
     0.000516 -0.000620 -0.000027
     0.000524 -0.000607 -0.000026
     0.000534 -0.000591 -0.000024
     0.000521 -0.000615 -0.000027
     0.000496 -0.000629 -0.000029
     0.000461 -0.000648 -0.000031
     0.000448 -0.000650 -0.000032
     0.000416 -0.000669 -0.000034
     0.000388 -0.000683 -0.000037
     0.000378 -0.000663 -0.000035
     0.000376 -0.000658 -0.000032
     0.000378 -0.000652 -0.000030
     0.000380 -0.000645 -0.000025
     0.000388 -0.000639 -0.000021
     0.000406 -0.000637 -0.000019
     0.000428 -0.000637 -0.000017
     0.000448 -0.000637 -0.000015
     0.000436 -0.000631 -0.000008
     0.000437 -0.000574 -0.000005
     0.000423 -0.000511 -0.000002
     0.000422 -0.000558 -0.000003
     0.000414 -0.000534 -0.000001
     0.000412 -0.000539 -0.000000
     0.000413 -0.000567 -0.000001
     0.000418 -0.000608 -0.000002
     0.000420 -0.000613 -0.000004
     0.000415 -0.000611 -0.000001
     0.000421 -0.000620 -0.000006
     0.000431 -0.000634 -0.000011
     0.000445 -0.000652 -0.000018
     0.000456 -0.000677 -0.000028
     0.000421 -0.000680 -0.000034
     0.000369 -0.000677 -0.000037
     0.000367 -0.000676 -0.000037
     0.000420 -0.000684 -0.000034
     0.000418 -0.000685 -0.000035
     0.000414 -0.000673 -0.000035
     0.000416 -0.000672 -0.000035
     0.000421 -0.000673 -0.000035
     0.000441 -0.000685 -0.000033
     0.000463 -0.000680 -0.000024
     0.000459 -0.000676 -0.000023
     0.000421 -0.000634 -0.000009
     0.000414 -0.000628 -0.000007
     0.000444 -0.000661 -0.000015
     0.000422 -0.000638 -0.000008
     0.000420 -0.000636 -0.000008
     0.000421 -0.000637 -0.000009
     0.000423 -0.000640 -0.000010
     0.000450 -0.000668 -0.000023
     0.000452 -0.000671 -0.000024
     0.000441 -0.000669 -0.000034
     0.000441 -0.000669 -0.000034
     0.000441 -0.000669 -0.000034
     0.000441 -0.000669 -0.000034
     0.000441 -0.000669 -0.000034
     0.000441 -0.000669 -0.000034
     0.000441 -0.000669 -0.000034
     0.000441 -0.000669 -0.000034
     0.000441 -0.000669 -0.000034
     0.000441 -0.000669 -0.000034
     0.000441 -0.000669 -0.000034
     0.000441 -0.000669 -0.000034
     0.000441 -0.000669 -0.000034
     0.000441 -0.000669 -0.000034
     0.000441 -0.000669 -0.000034
     0.000441 -0.000669 -0.000034
     0.000441 -0.000669 -0.000034
     0.000441 -0.000669 -0.000034
     0.000441 -0.000669 -0.000034
     0.000441 -0.000669 -0.000034
     0.000441 -0.000669 -0.000034
     0.000441 -0.000669 -0.000034
     0.000400 -0.000684 -0.000031
     0.000331 -0.000666 -0.000030
     0.000325 -0.000664 -0.000029
     0.000321 -0.000661 -0.000028
     0.000323 -0.000660 -0.000028
     0.000424 -0.000683 -0.000034
     0.000446 -0.000665 -0.000034
     0.000480 -0.000646 -0.000031
     0.000504 -0.000632 -0.000029
     0.000515 -0.000624 -0.000028
     0.000523 -0.000613 -0.000026
     0.000535 -0.000595 -0.000024
     0.000518 -0.000616 -0.000027
     0.000500 -0.000626 -0.000028
     0.000472 -0.000642 -0.000031
     0.000433 -0.000665 -0.000034
     0.000405 -0.000677 -0.000036
     0.000410 -0.000676 -0.000035
     0.000398 -0.000671 -0.000036
     0.000399 -0.000667 -0.000033
     0.000404 -0.000664 -0.000030
     0.000411 -0.000661 -0.000028
     0.000418 -0.000657 -0.000024
     0.000428 -0.000654 -0.000021
     0.000442 -0.000654 -0.000019
     0.000455 -0.000655 -0.000019
     0.000451 -0.000651 -0.000018
     0.000455 -0.000651 -0.000012
     0.000451 -0.000648 -0.000011
     0.000448 -0.000646 -0.000010
     0.000447 -0.000646 -0.000010
     0.000439 -0.000639 -0.000004
     0.000438 -0.000640 -0.000009
     0.000440 -0.000644 -0.000011
     0.000445 -0.000651 -0.000014
     0.000452 -0.000661 -0.000018
     0.000465 -0.000676 -0.000024
     0.000430 -0.000681 -0.000031
     0.000414 -0.000683 -0.000034
     0.000363 -0.000679 -0.000037
     0.000364 -0.000677 -0.000037
     0.000406 -0.000686 -0.000035
     0.000407 -0.000679 -0.000036
     0.000408 -0.000676 -0.000036
     0.000412 -0.000676 -0.000036
     0.000452 -0.000688 -0.000028
     0.000468 -0.000688 -0.000026
     0.000465 -0.000681 -0.000024
     0.000460 -0.000676 -0.000022
     0.000421 -0.000635 -0.000008
     0.000416 -0.000630 -0.000006
     0.000447 -0.000664 -0.000016
     0.000427 -0.000643 -0.000008
     0.000425 -0.000641 -0.000008
     0.000425 -0.000642 -0.000009
     0.000426 -0.000644 -0.000010
     0.000450 -0.000669 -0.000022
     0.000453 -0.000672 -0.000023
     0.000441 -0.000669 -0.000034
     0.000441 -0.000669 -0.000034
     0.000441 -0.000669 -0.000034
     0.000441 -0.000669 -0.000034
     0.000441 -0.000669 -0.000034
     0.000441 -0.000669 -0.000034
     0.000441 -0.000669 -0.000034
     0.000441 -0.000669 -0.000034
     0.000441 -0.000669 -0.000034
     0.000441 -0.000669 -0.000034
     0.000441 -0.000669 -0.000034
     0.000441 -0.000669 -0.000034
     0.000441 -0.000669 -0.000034
     0.000441 -0.000669 -0.000034
     0.000441 -0.000669 -0.000034
     0.000441 -0.000669 -0.000034
     0.000441 -0.000669 -0.000034
     0.000441 -0.000669 -0.000034
     0.000441 -0.000669 -0.000034
     0.000441 -0.000669 -0.000034
     0.000441 -0.000669 -0.000034
     0.000441 -0.000669 -0.000034
     0.000441 -0.000669 -0.000034
     0.000441 -0.000669 -0.000034
     0.000405 -0.000685 -0.000030
     0.000339 -0.000668 -0.000029
     0.000334 -0.000666 -0.000028
     0.000331 -0.000664 -0.000027
     0.000334 -0.000663 -0.000026
     0.000394 -0.000676 -0.000029
     0.000441 -0.000671 -0.000034
     0.000471 -0.000652 -0.000032
     0.000495 -0.000637 -0.000030
     0.000508 -0.000629 -0.000028
     0.000520 -0.000620 -0.000027
     0.000531 -0.000606 -0.000026
     0.000510 -0.000620 -0.000027
     0.000502 -0.000623 -0.000028
     0.000480 -0.000636 -0.000030
     0.000459 -0.000648 -0.000031
     0.000425 -0.000670 -0.000035
     0.000410 -0.000678 -0.000035
     0.000412 -0.000677 -0.000034
     0.000416 -0.000676 -0.000033
     0.000422 -0.000675 -0.000031
     0.000430 -0.000674 -0.000029
     0.000438 -0.000673 -0.000026
     0.000447 -0.000672 -0.000025
     0.000457 -0.000671 -0.000022
     0.000462 -0.000670 -0.000021
     0.000458 -0.000666 -0.000020
     0.000456 -0.000665 -0.000020
     0.000460 -0.000667 -0.000014
     0.000459 -0.000667 -0.000014
     0.000459 -0.000668 -0.000015
     0.000461 -0.000671 -0.000017
     0.000464 -0.000675 -0.000019
     0.000465 -0.000682 -0.000022
     0.000441 -0.000684 -0.000026
     0.000426 -0.000686 -0.000029
     0.000355 -0.000691 -0.000039
     0.000353 -0.000686 -0.000038
     0.000400 -0.000690 -0.000034
     0.000407 -0.000689 -0.000033
     0.000412 -0.000689 -0.000033
     0.000424 -0.000689 -0.000031
     0.000438 -0.000688 -0.000029
     0.000450 -0.000688 -0.000028
     0.000467 -0.000688 -0.000026
     0.000467 -0.000683 -0.000024
     0.000459 -0.000676 -0.000021
     0.000422 -0.000636 -0.000007
     0.000418 -0.000632 -0.000006
     0.000415 -0.000629 -0.000005
     0.000432 -0.000648 -0.000009
     0.000430 -0.000647 -0.000009
     0.000449 -0.000667 -0.000021
     0.000450 -0.000668 -0.000021
     0.000452 -0.000671 -0.000022
     0.000454 -0.000673 -0.000023
     0.000441 -0.000669 -0.000034
     0.000441 -0.000669 -0.000034
     0.000441 -0.000669 -0.000034
     0.000441 -0.000669 -0.000034
     0.000441 -0.000669 -0.000034
     0.000441 -0.000669 -0.000034
     0.000441 -0.000669 -0.000034
     0.000441 -0.000669 -0.000034
     0.000441 -0.000669 -0.000034
     0.000441 -0.000669 -0.000034
     0.000441 -0.000669 -0.000034
     0.000441 -0.000669 -0.000034
     0.000441 -0.000669 -0.000034
     0.000441 -0.000669 -0.000034
     0.000441 -0.000669 -0.000034
     0.000441 -0.000669 -0.000034
     0.000441 -0.000669 -0.000034
     0.000441 -0.000669 -0.000034
     0.000441 -0.000669 -0.000034
     0.000441 -0.000669 -0.000034
     0.000441 -0.000669 -0.000034
     0.000441 -0.000669 -0.000034
     0.000441 -0.000669 -0.000034
     0.000441 -0.000669 -0.000034
     0.000441 -0.000669 -0.000034
     0.000441 -0.000669 -0.000034
     0.000410 -0.000686 -0.000030
     0.000347 -0.000670 -0.000028
     0.000344 -0.000669 -0.000027
     0.000343 -0.000667 -0.000026
     0.000346 -0.000667 -0.000025
     0.000400 -0.000678 -0.000028
     0.000438 -0.000686 -0.000034
     0.000460 -0.000659 -0.000033
     0.000483 -0.000645 -0.000031
     0.000497 -0.000636 -0.000029
     0.000510 -0.000627 -0.000028
     0.000526 -0.000616 -0.000027
     0.000494 -0.000630 -0.000029
     0.000495 -0.000628 -0.000029
     0.000483 -0.000634 -0.000029
     0.000468 -0.000643 -0.000031
     0.000455 -0.000651 -0.000032
     0.000432 -0.000668 -0.000034
     0.000420 -0.000681 -0.000035
     0.000424 -0.000680 -0.000034
     0.000430 -0.000680 -0.000033
     0.000436 -0.000680 -0.000032
     0.000442 -0.000681 -0.000032
     0.000448 -0.000681 -0.000031
     0.000454 -0.000681 -0.000030
     0.000459 -0.000682 -0.000029
     0.000463 -0.000682 -0.000029
     0.000465 -0.000683 -0.000029
     0.000465 -0.000684 -0.000030
     0.000459 -0.000686 -0.000032
     0.000442 -0.000685 -0.000028
     0.000424 -0.000687 -0.000032
     0.000410 -0.000689 -0.000034
     0.000397 -0.000682 -0.000037
     0.000371 -0.000667 -0.000036
     0.000367 -0.000667 -0.000036
     0.000396 -0.000690 -0.000035
     0.000408 -0.000689 -0.000034
     0.000417 -0.000689 -0.000032
     0.000423 -0.000688 -0.000031
     0.000436 -0.000688 -0.000030
     0.000448 -0.000688 -0.000028
     0.000463 -0.000688 -0.000026
     0.000467 -0.000684 -0.000024
     0.000458 -0.000675 -0.000020
     0.000423 -0.000638 -0.000006
     0.000420 -0.000635 -0.000005
     0.000418 -0.000633 -0.000005
     0.000436 -0.000653 -0.000009
     0.000451 -0.000669 -0.000020
     0.000451 -0.000669 -0.000021
     0.000452 -0.000671 -0.000021
     0.000454 -0.000673 -0.000022
     0.000455 -0.000675 -0.000023
     0.000441 -0.000669 -0.000034
     0.000441 -0.000669 -0.000034
     0.000441 -0.000669 -0.000034
     0.000441 -0.000669 -0.000034
     0.000441 -0.000669 -0.000034
     0.000441 -0.000669 -0.000034
     0.000441 -0.000669 -0.000034
     0.000441 -0.000669 -0.000034
     0.000441 -0.000669 -0.000034
     0.000441 -0.000669 -0.000034
     0.000441 -0.000669 -0.000034
     0.000441 -0.000669 -0.000034
     0.000441 -0.000669 -0.000034
     0.000441 -0.000669 -0.000034
     0.000441 -0.000669 -0.000034
