# vtk DataFile Version 3.0
Predicted magnetic field
ASCII

DATASET STRUCTURED_GRID
DIMENSIONS 81 81 1
POINTS 6561 float
    -10.584000 -10.584000  0.529000
    -10.584000 -10.319000  0.529000
    -10.584000 -10.054000  0.529000
    -10.584000 -9.790000  0.529000
    -10.584000 -9.525000  0.529000
    -10.584000 -9.261000  0.529000
    -10.584000 -8.996000  0.529000
    -10.584000 -8.731000  0.529000
    -10.584000 -8.467000  0.529000
    -10.584000 -8.202000  0.529000
    -10.584000 -7.938000  0.529000
    -10.584000 -7.673000  0.529000
    -10.584000 -7.408000  0.529000
    -10.584000 -7.144000  0.529000
    -10.584000 -6.879000  0.529000
    -10.584000 -6.615000  0.529000
    -10.584000 -6.350000  0.529000
    -10.584000 -6.086000  0.529000
    -10.584000 -5.821000  0.529000
    -10.584000 -5.556000  0.529000
    -10.584000 -5.292000  0.529000
    -10.584000 -5.027000  0.529000
    -10.584000 -4.763000  0.529000
    -10.584000 -4.498000  0.529000
    -10.584000 -4.233000  0.529000
    -10.584000 -3.969000  0.529000
    -10.584000 -3.704000  0.529000
    -10.584000 -3.440000  0.529000
    -10.584000 -3.175000  0.529000
    -10.584000 -2.910000  0.529000
    -10.584000 -2.646000  0.529000
    -10.584000 -2.381000  0.529000
    -10.584000 -2.117000  0.529000
    -10.584000 -1.852000  0.529000
    -10.584000 -1.588000  0.529000
    -10.584000 -1.323000  0.529000
    -10.584000 -1.058000  0.529000
    -10.584000 -0.794000  0.529000
    -10.584000 -0.529000  0.529000
    -10.584000 -0.265000  0.529000
    -10.584000  0.000000  0.529000
    -10.584000  0.265000  0.529000
    -10.584000  0.529000  0.529000
    -10.584000  0.794000  0.529000
    -10.584000  1.058000  0.529000
    -10.584000  1.323000  0.529000
    -10.584000  1.588000  0.529000
    -10.584000  1.852000  0.529000
    -10.584000  2.117000  0.529000
    -10.584000  2.381000  0.529000
    -10.584000  2.646000  0.529000
    -10.584000  2.910000  0.529000
    -10.584000  3.175000  0.529000
    -10.584000  3.440000  0.529000
    -10.584000  3.704000  0.529000
    -10.584000  3.969000  0.529000
    -10.584000  4.233000  0.529000
    -10.584000  4.498000  0.529000
    -10.584000  4.763000  0.529000
    -10.584000  5.027000  0.529000
    -10.584000  5.292000  0.529000
    -10.584000  5.556000  0.529000
    -10.584000  5.821000  0.529000
    -10.584000  6.086000  0.529000
    -10.584000  6.350000  0.529000
    -10.584000  6.615000  0.529000
    -10.584000  6.879000  0.529000
    -10.584000  7.144000  0.529000
    -10.584000  7.408000  0.529000
    -10.584000  7.673000  0.529000
    -10.584000  7.938000  0.529000
    -10.584000  8.202000  0.529000
    -10.584000  8.467000  0.529000
    -10.584000  8.731000  0.529000
    -10.584000  8.996000  0.529000
    -10.584000  9.261000  0.529000
    -10.584000  9.525000  0.529000
    -10.584000  9.790000  0.529000
    -10.584000  10.054000  0.529000
    -10.584000  10.319000  0.529000
    -10.584000  10.584000  0.529000
    -10.319000 -10.584000  0.529000
    -10.319000 -10.319000  0.529000
    -10.319000 -10.054000  0.529000
    -10.319000 -9.790000  0.529000
    -10.319000 -9.525000  0.529000
    -10.319000 -9.261000  0.529000
    -10.319000 -8.996000  0.529000
    -10.319000 -8.731000  0.529000
    -10.319000 -8.467000  0.529000
    -10.319000 -8.202000  0.529000
    -10.319000 -7.938000  0.529000
    -10.319000 -7.673000  0.529000
    -10.319000 -7.408000  0.529000
    -10.319000 -7.144000  0.529000
    -10.319000 -6.879000  0.529000
    -10.319000 -6.615000  0.529000
    -10.319000 -6.350000  0.529000
    -10.319000 -6.086000  0.529000
    -10.319000 -5.821000  0.529000
    -10.319000 -5.556000  0.529000
    -10.319000 -5.292000  0.529000
    -10.319000 -5.027000  0.529000
    -10.319000 -4.763000  0.529000
    -10.319000 -4.498000  0.529000
    -10.319000 -4.233000  0.529000
    -10.319000 -3.969000  0.529000
    -10.319000 -3.704000  0.529000
    -10.319000 -3.440000  0.529000
    -10.319000 -3.175000  0.529000
    -10.319000 -2.910000  0.529000
    -10.319000 -2.646000  0.529000
    -10.319000 -2.381000  0.529000
    -10.319000 -2.117000  0.529000
    -10.319000 -1.852000  0.529000
    -10.319000 -1.588000  0.529000
    -10.319000 -1.323000  0.529000
    -10.319000 -1.058000  0.529000
    -10.319000 -0.794000  0.529000
    -10.319000 -0.529000  0.529000
    -10.319000 -0.265000  0.529000
    -10.319000  0.000000  0.529000
    -10.319000  0.265000  0.529000
    -10.319000  0.529000  0.529000
    -10.319000  0.794000  0.529000
    -10.319000  1.058000  0.529000
    -10.319000  1.323000  0.529000
    -10.319000  1.588000  0.529000
    -10.319000  1.852000  0.529000
    -10.319000  2.117000  0.529000
    -10.319000  2.381000  0.529000
    -10.319000  2.646000  0.529000
    -10.319000  2.910000  0.529000
    -10.319000  3.175000  0.529000
    -10.319000  3.440000  0.529000
    -10.319000  3.704000  0.529000
    -10.319000  3.969000  0.529000
    -10.319000  4.233000  0.529000
    -10.319000  4.498000  0.529000
    -10.319000  4.763000  0.529000
    -10.319000  5.027000  0.529000
    -10.319000  5.292000  0.529000
    -10.319000  5.556000  0.529000
    -10.319000  5.821000  0.529000
    -10.319000  6.086000  0.529000
    -10.319000  6.350000  0.529000
    -10.319000  6.615000  0.529000
    -10.319000  6.879000  0.529000
    -10.319000  7.144000  0.529000
    -10.319000  7.408000  0.529000
    -10.319000  7.673000  0.529000
    -10.319000  7.938000  0.529000
    -10.319000  8.202000  0.529000
    -10.319000  8.467000  0.529000
    -10.319000  8.731000  0.529000
    -10.319000  8.996000  0.529000
    -10.319000  9.261000  0.529000
    -10.319000  9.525000  0.529000
    -10.319000  9.790000  0.529000
    -10.319000  10.054000  0.529000
    -10.319000  10.319000  0.529000
    -10.319000  10.584000  0.529000
    -10.054000 -10.584000  0.529000
    -10.054000 -10.319000  0.529000
    -10.054000 -10.054000  0.529000
    -10.054000 -9.790000  0.529000
    -10.054000 -9.525000  0.529000
    -10.054000 -9.261000  0.529000
    -10.054000 -8.996000  0.529000
    -10.054000 -8.731000  0.529000
    -10.054000 -8.467000  0.529000
    -10.054000 -8.202000  0.529000
    -10.054000 -7.938000  0.529000
    -10.054000 -7.673000  0.529000
    -10.054000 -7.408000  0.529000
    -10.054000 -7.144000  0.529000
    -10.054000 -6.879000  0.529000
    -10.054000 -6.615000  0.529000
    -10.054000 -6.350000  0.529000
    -10.054000 -6.086000  0.529000
    -10.054000 -5.821000  0.529000
    -10.054000 -5.556000  0.529000
    -10.054000 -5.292000  0.529000
    -10.054000 -5.027000  0.529000
    -10.054000 -4.763000  0.529000
    -10.054000 -4.498000  0.529000
    -10.054000 -4.233000  0.529000
    -10.054000 -3.969000  0.529000
    -10.054000 -3.704000  0.529000
    -10.054000 -3.440000  0.529000
    -10.054000 -3.175000  0.529000
    -10.054000 -2.910000  0.529000
    -10.054000 -2.646000  0.529000
    -10.054000 -2.381000  0.529000
    -10.054000 -2.117000  0.529000
    -10.054000 -1.852000  0.529000
    -10.054000 -1.588000  0.529000
    -10.054000 -1.323000  0.529000
    -10.054000 -1.058000  0.529000
    -10.054000 -0.794000  0.529000
    -10.054000 -0.529000  0.529000
    -10.054000 -0.265000  0.529000
    -10.054000  0.000000  0.529000
    -10.054000  0.265000  0.529000
    -10.054000  0.529000  0.529000
    -10.054000  0.794000  0.529000
    -10.054000  1.058000  0.529000
    -10.054000  1.323000  0.529000
    -10.054000  1.588000  0.529000
    -10.054000  1.852000  0.529000
    -10.054000  2.117000  0.529000
    -10.054000  2.381000  0.529000
    -10.054000  2.646000  0.529000
    -10.054000  2.910000  0.529000
    -10.054000  3.175000  0.529000
    -10.054000  3.440000  0.529000
    -10.054000  3.704000  0.529000
    -10.054000  3.969000  0.529000
    -10.054000  4.233000  0.529000
    -10.054000  4.498000  0.529000
    -10.054000  4.763000  0.529000
    -10.054000  5.027000  0.529000
    -10.054000  5.292000  0.529000
    -10.054000  5.556000  0.529000
    -10.054000  5.821000  0.529000
    -10.054000  6.086000  0.529000
    -10.054000  6.350000  0.529000
    -10.054000  6.615000  0.529000
    -10.054000  6.879000  0.529000
    -10.054000  7.144000  0.529000
    -10.054000  7.408000  0.529000
    -10.054000  7.673000  0.529000
    -10.054000  7.938000  0.529000
    -10.054000  8.202000  0.529000
    -10.054000  8.467000  0.529000
    -10.054000  8.731000  0.529000
    -10.054000  8.996000  0.529000
    -10.054000  9.261000  0.529000
    -10.054000  9.525000  0.529000
    -10.054000  9.790000  0.529000
    -10.054000  10.054000  0.529000
    -10.054000  10.319000  0.529000
    -10.054000  10.584000  0.529000
    -9.790000 -10.584000  0.529000
    -9.790000 -10.319000  0.529000
    -9.790000 -10.054000  0.529000
    -9.790000 -9.790000  0.529000
    -9.790000 -9.525000  0.529000
    -9.790000 -9.261000  0.529000
    -9.790000 -8.996000  0.529000
    -9.790000 -8.731000  0.529000
    -9.790000 -8.467000  0.529000
    -9.790000 -8.202000  0.529000
    -9.790000 -7.938000  0.529000
    -9.790000 -7.673000  0.529000
    -9.790000 -7.408000  0.529000
    -9.790000 -7.144000  0.529000
    -9.790000 -6.879000  0.529000
    -9.790000 -6.615000  0.529000
    -9.790000 -6.350000  0.529000
    -9.790000 -6.086000  0.529000
    -9.790000 -5.821000  0.529000
    -9.790000 -5.556000  0.529000
    -9.790000 -5.292000  0.529000
    -9.790000 -5.027000  0.529000
    -9.790000 -4.763000  0.529000
    -9.790000 -4.498000  0.529000
    -9.790000 -4.233000  0.529000
    -9.790000 -3.969000  0.529000
    -9.790000 -3.704000  0.529000
    -9.790000 -3.440000  0.529000
    -9.790000 -3.175000  0.529000
    -9.790000 -2.910000  0.529000
    -9.790000 -2.646000  0.529000
    -9.790000 -2.381000  0.529000
    -9.790000 -2.117000  0.529000
    -9.790000 -1.852000  0.529000
    -9.790000 -1.588000  0.529000
    -9.790000 -1.323000  0.529000
    -9.790000 -1.058000  0.529000
    -9.790000 -0.794000  0.529000
    -9.790000 -0.529000  0.529000
    -9.790000 -0.265000  0.529000
    -9.790000  0.000000  0.529000
    -9.790000  0.265000  0.529000
    -9.790000  0.529000  0.529000
    -9.790000  0.794000  0.529000
    -9.790000  1.058000  0.529000
    -9.790000  1.323000  0.529000
    -9.790000  1.588000  0.529000
    -9.790000  1.852000  0.529000
    -9.790000  2.117000  0.529000
    -9.790000  2.381000  0.529000
    -9.790000  2.646000  0.529000
    -9.790000  2.910000  0.529000
    -9.790000  3.175000  0.529000
    -9.790000  3.440000  0.529000
    -9.790000  3.704000  0.529000
    -9.790000  3.969000  0.529000
    -9.790000  4.233000  0.529000
    -9.790000  4.498000  0.529000
    -9.790000  4.763000  0.529000
    -9.790000  5.027000  0.529000
    -9.790000  5.292000  0.529000
    -9.790000  5.556000  0.529000
    -9.790000  5.821000  0.529000
    -9.790000  6.086000  0.529000
    -9.790000  6.350000  0.529000
    -9.790000  6.615000  0.529000
    -9.790000  6.879000  0.529000
    -9.790000  7.144000  0.529000
    -9.790000  7.408000  0.529000
    -9.790000  7.673000  0.529000
    -9.790000  7.938000  0.529000
    -9.790000  8.202000  0.529000
    -9.790000  8.467000  0.529000
    -9.790000  8.731000  0.529000
    -9.790000  8.996000  0.529000
    -9.790000  9.261000  0.529000
    -9.790000  9.525000  0.529000
    -9.790000  9.790000  0.529000
    -9.790000  10.054000  0.529000
    -9.790000  10.319000  0.529000
    -9.790000  10.584000  0.529000
    -9.525000 -10.584000  0.529000
    -9.525000 -10.319000  0.529000
    -9.525000 -10.054000  0.529000
    -9.525000 -9.790000  0.529000
    -9.525000 -9.525000  0.529000
    -9.525000 -9.261000  0.529000
    -9.525000 -8.996000  0.529000
    -9.525000 -8.731000  0.529000
    -9.525000 -8.467000  0.529000
    -9.525000 -8.202000  0.529000
    -9.525000 -7.938000  0.529000
    -9.525000 -7.673000  0.529000
    -9.525000 -7.408000  0.529000
    -9.525000 -7.144000  0.529000
    -9.525000 -6.879000  0.529000
    -9.525000 -6.615000  0.529000
    -9.525000 -6.350000  0.529000
    -9.525000 -6.086000  0.529000
    -9.525000 -5.821000  0.529000
    -9.525000 -5.556000  0.529000
    -9.525000 -5.292000  0.529000
    -9.525000 -5.027000  0.529000
    -9.525000 -4.763000  0.529000
    -9.525000 -4.498000  0.529000
    -9.525000 -4.233000  0.529000
    -9.525000 -3.969000  0.529000
    -9.525000 -3.704000  0.529000
    -9.525000 -3.440000  0.529000
    -9.525000 -3.175000  0.529000
    -9.525000 -2.910000  0.529000
    -9.525000 -2.646000  0.529000
    -9.525000 -2.381000  0.529000
    -9.525000 -2.117000  0.529000
    -9.525000 -1.852000  0.529000
    -9.525000 -1.588000  0.529000
    -9.525000 -1.323000  0.529000
    -9.525000 -1.058000  0.529000
    -9.525000 -0.794000  0.529000
    -9.525000 -0.529000  0.529000
    -9.525000 -0.265000  0.529000
    -9.525000  0.000000  0.529000
    -9.525000  0.265000  0.529000
    -9.525000  0.529000  0.529000
    -9.525000  0.794000  0.529000
    -9.525000  1.058000  0.529000
    -9.525000  1.323000  0.529000
    -9.525000  1.588000  0.529000
    -9.525000  1.852000  0.529000
    -9.525000  2.117000  0.529000
    -9.525000  2.381000  0.529000
    -9.525000  2.646000  0.529000
    -9.525000  2.910000  0.529000
    -9.525000  3.175000  0.529000
    -9.525000  3.440000  0.529000
    -9.525000  3.704000  0.529000
    -9.525000  3.969000  0.529000
    -9.525000  4.233000  0.529000
    -9.525000  4.498000  0.529000
    -9.525000  4.763000  0.529000
    -9.525000  5.027000  0.529000
    -9.525000  5.292000  0.529000
    -9.525000  5.556000  0.529000
    -9.525000  5.821000  0.529000
    -9.525000  6.086000  0.529000
    -9.525000  6.350000  0.529000
    -9.525000  6.615000  0.529000
    -9.525000  6.879000  0.529000
    -9.525000  7.144000  0.529000
    -9.525000  7.408000  0.529000
    -9.525000  7.673000  0.529000
    -9.525000  7.938000  0.529000
    -9.525000  8.202000  0.529000
    -9.525000  8.467000  0.529000
    -9.525000  8.731000  0.529000
    -9.525000  8.996000  0.529000
    -9.525000  9.261000  0.529000
    -9.525000  9.525000  0.529000
    -9.525000  9.790000  0.529000
    -9.525000  10.054000  0.529000
    -9.525000  10.319000  0.529000
    -9.525000  10.584000  0.529000
    -9.261000 -10.584000  0.529000
    -9.261000 -10.319000  0.529000
    -9.261000 -10.054000  0.529000
    -9.261000 -9.790000  0.529000
    -9.261000 -9.525000  0.529000
    -9.261000 -9.261000  0.529000
    -9.261000 -8.996000  0.529000
    -9.261000 -8.731000  0.529000
    -9.261000 -8.467000  0.529000
    -9.261000 -8.202000  0.529000
    -9.261000 -7.938000  0.529000
    -9.261000 -7.673000  0.529000
    -9.261000 -7.408000  0.529000
    -9.261000 -7.144000  0.529000
    -9.261000 -6.879000  0.529000
    -9.261000 -6.615000  0.529000
    -9.261000 -6.350000  0.529000
    -9.261000 -6.086000  0.529000
    -9.261000 -5.821000  0.529000
    -9.261000 -5.556000  0.529000
    -9.261000 -5.292000  0.529000
    -9.261000 -5.027000  0.529000
    -9.261000 -4.763000  0.529000
    -9.261000 -4.498000  0.529000
    -9.261000 -4.233000  0.529000
    -9.261000 -3.969000  0.529000
    -9.261000 -3.704000  0.529000
    -9.261000 -3.440000  0.529000
    -9.261000 -3.175000  0.529000
    -9.261000 -2.910000  0.529000
    -9.261000 -2.646000  0.529000
    -9.261000 -2.381000  0.529000
    -9.261000 -2.117000  0.529000
    -9.261000 -1.852000  0.529000
    -9.261000 -1.588000  0.529000
    -9.261000 -1.323000  0.529000
    -9.261000 -1.058000  0.529000
    -9.261000 -0.794000  0.529000
    -9.261000 -0.529000  0.529000
    -9.261000 -0.265000  0.529000
    -9.261000  0.000000  0.529000
    -9.261000  0.265000  0.529000
    -9.261000  0.529000  0.529000
    -9.261000  0.794000  0.529000
    -9.261000  1.058000  0.529000
    -9.261000  1.323000  0.529000
    -9.261000  1.588000  0.529000
    -9.261000  1.852000  0.529000
    -9.261000  2.117000  0.529000
    -9.261000  2.381000  0.529000
    -9.261000  2.646000  0.529000
    -9.261000  2.910000  0.529000
    -9.261000  3.175000  0.529000
    -9.261000  3.440000  0.529000
    -9.261000  3.704000  0.529000
    -9.261000  3.969000  0.529000
    -9.261000  4.233000  0.529000
    -9.261000  4.498000  0.529000
    -9.261000  4.763000  0.529000
    -9.261000  5.027000  0.529000
    -9.261000  5.292000  0.529000
    -9.261000  5.556000  0.529000
    -9.261000  5.821000  0.529000
    -9.261000  6.086000  0.529000
    -9.261000  6.350000  0.529000
    -9.261000  6.615000  0.529000
    -9.261000  6.879000  0.529000
    -9.261000  7.144000  0.529000
    -9.261000  7.408000  0.529000
    -9.261000  7.673000  0.529000
    -9.261000  7.938000  0.529000
    -9.261000  8.202000  0.529000
    -9.261000  8.467000  0.529000
    -9.261000  8.731000  0.529000
    -9.261000  8.996000  0.529000
    -9.261000  9.261000  0.529000
    -9.261000  9.525000  0.529000
    -9.261000  9.790000  0.529000
    -9.261000  10.054000  0.529000
    -9.261000  10.319000  0.529000
    -9.261000  10.584000  0.529000
    -8.996000 -10.584000  0.529000
    -8.996000 -10.319000  0.529000
    -8.996000 -10.054000  0.529000
    -8.996000 -9.790000  0.529000
    -8.996000 -9.525000  0.529000
    -8.996000 -9.261000  0.529000
    -8.996000 -8.996000  0.529000
    -8.996000 -8.731000  0.529000
    -8.996000 -8.467000  0.529000
    -8.996000 -8.202000  0.529000
    -8.996000 -7.938000  0.529000
    -8.996000 -7.673000  0.529000
    -8.996000 -7.408000  0.529000
    -8.996000 -7.144000  0.529000
    -8.996000 -6.879000  0.529000
    -8.996000 -6.615000  0.529000
    -8.996000 -6.350000  0.529000
    -8.996000 -6.086000  0.529000
    -8.996000 -5.821000  0.529000
    -8.996000 -5.556000  0.529000
    -8.996000 -5.292000  0.529000
    -8.996000 -5.027000  0.529000
    -8.996000 -4.763000  0.529000
    -8.996000 -4.498000  0.529000
    -8.996000 -4.233000  0.529000
    -8.996000 -3.969000  0.529000
    -8.996000 -3.704000  0.529000
    -8.996000 -3.440000  0.529000
    -8.996000 -3.175000  0.529000
    -8.996000 -2.910000  0.529000
    -8.996000 -2.646000  0.529000
    -8.996000 -2.381000  0.529000
    -8.996000 -2.117000  0.529000
    -8.996000 -1.852000  0.529000
    -8.996000 -1.588000  0.529000
    -8.996000 -1.323000  0.529000
    -8.996000 -1.058000  0.529000
    -8.996000 -0.794000  0.529000
    -8.996000 -0.529000  0.529000
    -8.996000 -0.265000  0.529000
    -8.996000  0.000000  0.529000
    -8.996000  0.265000  0.529000
    -8.996000  0.529000  0.529000
    -8.996000  0.794000  0.529000
    -8.996000  1.058000  0.529000
    -8.996000  1.323000  0.529000
    -8.996000  1.588000  0.529000
    -8.996000  1.852000  0.529000
    -8.996000  2.117000  0.529000
    -8.996000  2.381000  0.529000
    -8.996000  2.646000  0.529000
    -8.996000  2.910000  0.529000
    -8.996000  3.175000  0.529000
    -8.996000  3.440000  0.529000
    -8.996000  3.704000  0.529000
    -8.996000  3.969000  0.529000
    -8.996000  4.233000  0.529000
    -8.996000  4.498000  0.529000
    -8.996000  4.763000  0.529000
    -8.996000  5.027000  0.529000
    -8.996000  5.292000  0.529000
    -8.996000  5.556000  0.529000
    -8.996000  5.821000  0.529000
    -8.996000  6.086000  0.529000
    -8.996000  6.350000  0.529000
    -8.996000  6.615000  0.529000
    -8.996000  6.879000  0.529000
    -8.996000  7.144000  0.529000
    -8.996000  7.408000  0.529000
    -8.996000  7.673000  0.529000
    -8.996000  7.938000  0.529000
    -8.996000  8.202000  0.529000
    -8.996000  8.467000  0.529000
    -8.996000  8.731000  0.529000
    -8.996000  8.996000  0.529000
    -8.996000  9.261000  0.529000
    -8.996000  9.525000  0.529000
    -8.996000  9.790000  0.529000
    -8.996000  10.054000  0.529000
    -8.996000  10.319000  0.529000
    -8.996000  10.584000  0.529000
    -8.731000 -10.584000  0.529000
    -8.731000 -10.319000  0.529000
    -8.731000 -10.054000  0.529000
    -8.731000 -9.790000  0.529000
    -8.731000 -9.525000  0.529000
    -8.731000 -9.261000  0.529000
    -8.731000 -8.996000  0.529000
    -8.731000 -8.731000  0.529000
    -8.731000 -8.467000  0.529000
    -8.731000 -8.202000  0.529000
    -8.731000 -7.938000  0.529000
    -8.731000 -7.673000  0.529000
    -8.731000 -7.408000  0.529000
    -8.731000 -7.144000  0.529000
    -8.731000 -6.879000  0.529000
    -8.731000 -6.615000  0.529000
    -8.731000 -6.350000  0.529000
    -8.731000 -6.086000  0.529000
    -8.731000 -5.821000  0.529000
    -8.731000 -5.556000  0.529000
    -8.731000 -5.292000  0.529000
    -8.731000 -5.027000  0.529000
    -8.731000 -4.763000  0.529000
    -8.731000 -4.498000  0.529000
    -8.731000 -4.233000  0.529000
    -8.731000 -3.969000  0.529000
    -8.731000 -3.704000  0.529000
    -8.731000 -3.440000  0.529000
    -8.731000 -3.175000  0.529000
    -8.731000 -2.910000  0.529000
    -8.731000 -2.646000  0.529000
    -8.731000 -2.381000  0.529000
    -8.731000 -2.117000  0.529000
    -8.731000 -1.852000  0.529000
    -8.731000 -1.588000  0.529000
    -8.731000 -1.323000  0.529000
    -8.731000 -1.058000  0.529000
    -8.731000 -0.794000  0.529000
    -8.731000 -0.529000  0.529000
    -8.731000 -0.265000  0.529000
    -8.731000  0.000000  0.529000
    -8.731000  0.265000  0.529000
    -8.731000  0.529000  0.529000
    -8.731000  0.794000  0.529000
    -8.731000  1.058000  0.529000
    -8.731000  1.323000  0.529000
    -8.731000  1.588000  0.529000
    -8.731000  1.852000  0.529000
    -8.731000  2.117000  0.529000
    -8.731000  2.381000  0.529000
    -8.731000  2.646000  0.529000
    -8.731000  2.910000  0.529000
    -8.731000  3.175000  0.529000
    -8.731000  3.440000  0.529000
    -8.731000  3.704000  0.529000
    -8.731000  3.969000  0.529000
    -8.731000  4.233000  0.529000
    -8.731000  4.498000  0.529000
    -8.731000  4.763000  0.529000
    -8.731000  5.027000  0.529000
    -8.731000  5.292000  0.529000
    -8.731000  5.556000  0.529000
    -8.731000  5.821000  0.529000
    -8.731000  6.086000  0.529000
    -8.731000  6.350000  0.529000
    -8.731000  6.615000  0.529000
    -8.731000  6.879000  0.529000
    -8.731000  7.144000  0.529000
    -8.731000  7.408000  0.529000
    -8.731000  7.673000  0.529000
    -8.731000  7.938000  0.529000
    -8.731000  8.202000  0.529000
    -8.731000  8.467000  0.529000
    -8.731000  8.731000  0.529000
    -8.731000  8.996000  0.529000
    -8.731000  9.261000  0.529000
    -8.731000  9.525000  0.529000
    -8.731000  9.790000  0.529000
    -8.731000  10.054000  0.529000
    -8.731000  10.319000  0.529000
    -8.731000  10.584000  0.529000
    -8.467000 -10.584000  0.529000
    -8.467000 -10.319000  0.529000
    -8.467000 -10.054000  0.529000
    -8.467000 -9.790000  0.529000
    -8.467000 -9.525000  0.529000
    -8.467000 -9.261000  0.529000
    -8.467000 -8.996000  0.529000
    -8.467000 -8.731000  0.529000
    -8.467000 -8.467000  0.529000
    -8.467000 -8.202000  0.529000
    -8.467000 -7.938000  0.529000
    -8.467000 -7.673000  0.529000
    -8.467000 -7.408000  0.529000
    -8.467000 -7.144000  0.529000
    -8.467000 -6.879000  0.529000
    -8.467000 -6.615000  0.529000
    -8.467000 -6.350000  0.529000
    -8.467000 -6.086000  0.529000
    -8.467000 -5.821000  0.529000
    -8.467000 -5.556000  0.529000
    -8.467000 -5.292000  0.529000
    -8.467000 -5.027000  0.529000
    -8.467000 -4.763000  0.529000
    -8.467000 -4.498000  0.529000
    -8.467000 -4.233000  0.529000
    -8.467000 -3.969000  0.529000
    -8.467000 -3.704000  0.529000
    -8.467000 -3.440000  0.529000
    -8.467000 -3.175000  0.529000
    -8.467000 -2.910000  0.529000
    -8.467000 -2.646000  0.529000
    -8.467000 -2.381000  0.529000
    -8.467000 -2.117000  0.529000
    -8.467000 -1.852000  0.529000
    -8.467000 -1.588000  0.529000
    -8.467000 -1.323000  0.529000
    -8.467000 -1.058000  0.529000
    -8.467000 -0.794000  0.529000
    -8.467000 -0.529000  0.529000
    -8.467000 -0.265000  0.529000
    -8.467000  0.000000  0.529000
    -8.467000  0.265000  0.529000
    -8.467000  0.529000  0.529000
    -8.467000  0.794000  0.529000
    -8.467000  1.058000  0.529000
    -8.467000  1.323000  0.529000
    -8.467000  1.588000  0.529000
    -8.467000  1.852000  0.529000
    -8.467000  2.117000  0.529000
    -8.467000  2.381000  0.529000
    -8.467000  2.646000  0.529000
    -8.467000  2.910000  0.529000
    -8.467000  3.175000  0.529000
    -8.467000  3.440000  0.529000
    -8.467000  3.704000  0.529000
    -8.467000  3.969000  0.529000
    -8.467000  4.233000  0.529000
    -8.467000  4.498000  0.529000
    -8.467000  4.763000  0.529000
    -8.467000  5.027000  0.529000
    -8.467000  5.292000  0.529000
    -8.467000  5.556000  0.529000
    -8.467000  5.821000  0.529000
    -8.467000  6.086000  0.529000
    -8.467000  6.350000  0.529000
    -8.467000  6.615000  0.529000
    -8.467000  6.879000  0.529000
    -8.467000  7.144000  0.529000
    -8.467000  7.408000  0.529000
    -8.467000  7.673000  0.529000
    -8.467000  7.938000  0.529000
    -8.467000  8.202000  0.529000
    -8.467000  8.467000  0.529000
    -8.467000  8.731000  0.529000
    -8.467000  8.996000  0.529000
    -8.467000  9.261000  0.529000
    -8.467000  9.525000  0.529000
    -8.467000  9.790000  0.529000
    -8.467000  10.054000  0.529000
    -8.467000  10.319000  0.529000
    -8.467000  10.584000  0.529000
    -8.202000 -10.584000  0.529000
    -8.202000 -10.319000  0.529000
    -8.202000 -10.054000  0.529000
    -8.202000 -9.790000  0.529000
    -8.202000 -9.525000  0.529000
    -8.202000 -9.261000  0.529000
    -8.202000 -8.996000  0.529000
    -8.202000 -8.731000  0.529000
    -8.202000 -8.467000  0.529000
    -8.202000 -8.202000  0.529000
    -8.202000 -7.938000  0.529000
    -8.202000 -7.673000  0.529000
    -8.202000 -7.408000  0.529000
    -8.202000 -7.144000  0.529000
    -8.202000 -6.879000  0.529000
    -8.202000 -6.615000  0.529000
    -8.202000 -6.350000  0.529000
    -8.202000 -6.086000  0.529000
    -8.202000 -5.821000  0.529000
    -8.202000 -5.556000  0.529000
    -8.202000 -5.292000  0.529000
    -8.202000 -5.027000  0.529000
    -8.202000 -4.763000  0.529000
    -8.202000 -4.498000  0.529000
    -8.202000 -4.233000  0.529000
    -8.202000 -3.969000  0.529000
    -8.202000 -3.704000  0.529000
    -8.202000 -3.440000  0.529000
    -8.202000 -3.175000  0.529000
    -8.202000 -2.910000  0.529000
    -8.202000 -2.646000  0.529000
    -8.202000 -2.381000  0.529000
    -8.202000 -2.117000  0.529000
    -8.202000 -1.852000  0.529000
    -8.202000 -1.588000  0.529000
    -8.202000 -1.323000  0.529000
    -8.202000 -1.058000  0.529000
    -8.202000 -0.794000  0.529000
    -8.202000 -0.529000  0.529000
    -8.202000 -0.265000  0.529000
    -8.202000  0.000000  0.529000
    -8.202000  0.265000  0.529000
    -8.202000  0.529000  0.529000
    -8.202000  0.794000  0.529000
    -8.202000  1.058000  0.529000
    -8.202000  1.323000  0.529000
    -8.202000  1.588000  0.529000
    -8.202000  1.852000  0.529000
    -8.202000  2.117000  0.529000
    -8.202000  2.381000  0.529000
    -8.202000  2.646000  0.529000
    -8.202000  2.910000  0.529000
    -8.202000  3.175000  0.529000
    -8.202000  3.440000  0.529000
    -8.202000  3.704000  0.529000
    -8.202000  3.969000  0.529000
    -8.202000  4.233000  0.529000
    -8.202000  4.498000  0.529000
    -8.202000  4.763000  0.529000
    -8.202000  5.027000  0.529000
    -8.202000  5.292000  0.529000
    -8.202000  5.556000  0.529000
    -8.202000  5.821000  0.529000
    -8.202000  6.086000  0.529000
    -8.202000  6.350000  0.529000
    -8.202000  6.615000  0.529000
    -8.202000  6.879000  0.529000
    -8.202000  7.144000  0.529000
    -8.202000  7.408000  0.529000
    -8.202000  7.673000  0.529000
    -8.202000  7.938000  0.529000
    -8.202000  8.202000  0.529000
    -8.202000  8.467000  0.529000
    -8.202000  8.731000  0.529000
    -8.202000  8.996000  0.529000
    -8.202000  9.261000  0.529000
    -8.202000  9.525000  0.529000
    -8.202000  9.790000  0.529000
    -8.202000  10.054000  0.529000
    -8.202000  10.319000  0.529000
    -8.202000  10.584000  0.529000
    -7.938000 -10.584000  0.529000
    -7.938000 -10.319000  0.529000
    -7.938000 -10.054000  0.529000
    -7.938000 -9.790000  0.529000
    -7.938000 -9.525000  0.529000
    -7.938000 -9.261000  0.529000
    -7.938000 -8.996000  0.529000
    -7.938000 -8.731000  0.529000
    -7.938000 -8.467000  0.529000
    -7.938000 -8.202000  0.529000
    -7.938000 -7.938000  0.529000
    -7.938000 -7.673000  0.529000
    -7.938000 -7.408000  0.529000
    -7.938000 -7.144000  0.529000
    -7.938000 -6.879000  0.529000
    -7.938000 -6.615000  0.529000
    -7.938000 -6.350000  0.529000
    -7.938000 -6.086000  0.529000
    -7.938000 -5.821000  0.529000
    -7.938000 -5.556000  0.529000
    -7.938000 -5.292000  0.529000
    -7.938000 -5.027000  0.529000
    -7.938000 -4.763000  0.529000
    -7.938000 -4.498000  0.529000
    -7.938000 -4.233000  0.529000
    -7.938000 -3.969000  0.529000
    -7.938000 -3.704000  0.529000
    -7.938000 -3.440000  0.529000
    -7.938000 -3.175000  0.529000
    -7.938000 -2.910000  0.529000
    -7.938000 -2.646000  0.529000
    -7.938000 -2.381000  0.529000
    -7.938000 -2.117000  0.529000
    -7.938000 -1.852000  0.529000
    -7.938000 -1.588000  0.529000
    -7.938000 -1.323000  0.529000
    -7.938000 -1.058000  0.529000
    -7.938000 -0.794000  0.529000
    -7.938000 -0.529000  0.529000
    -7.938000 -0.265000  0.529000
    -7.938000  0.000000  0.529000
    -7.938000  0.265000  0.529000
    -7.938000  0.529000  0.529000
    -7.938000  0.794000  0.529000
    -7.938000  1.058000  0.529000
    -7.938000  1.323000  0.529000
    -7.938000  1.588000  0.529000
    -7.938000  1.852000  0.529000
    -7.938000  2.117000  0.529000
    -7.938000  2.381000  0.529000
    -7.938000  2.646000  0.529000
    -7.938000  2.910000  0.529000
    -7.938000  3.175000  0.529000
    -7.938000  3.440000  0.529000
    -7.938000  3.704000  0.529000
    -7.938000  3.969000  0.529000
    -7.938000  4.233000  0.529000
    -7.938000  4.498000  0.529000
    -7.938000  4.763000  0.529000
    -7.938000  5.027000  0.529000
    -7.938000  5.292000  0.529000
    -7.938000  5.556000  0.529000
    -7.938000  5.821000  0.529000
    -7.938000  6.086000  0.529000
    -7.938000  6.350000  0.529000
    -7.938000  6.615000  0.529000
    -7.938000  6.879000  0.529000
    -7.938000  7.144000  0.529000
    -7.938000  7.408000  0.529000
    -7.938000  7.673000  0.529000
    -7.938000  7.938000  0.529000
    -7.938000  8.202000  0.529000
    -7.938000  8.467000  0.529000
    -7.938000  8.731000  0.529000
    -7.938000  8.996000  0.529000
    -7.938000  9.261000  0.529000
    -7.938000  9.525000  0.529000
    -7.938000  9.790000  0.529000
    -7.938000  10.054000  0.529000
    -7.938000  10.319000  0.529000
    -7.938000  10.584000  0.529000
    -7.673000 -10.584000  0.529000
    -7.673000 -10.319000  0.529000
    -7.673000 -10.054000  0.529000
    -7.673000 -9.790000  0.529000
    -7.673000 -9.525000  0.529000
    -7.673000 -9.261000  0.529000
    -7.673000 -8.996000  0.529000
    -7.673000 -8.731000  0.529000
    -7.673000 -8.467000  0.529000
    -7.673000 -8.202000  0.529000
    -7.673000 -7.938000  0.529000
    -7.673000 -7.673000  0.529000
    -7.673000 -7.408000  0.529000
    -7.673000 -7.144000  0.529000
    -7.673000 -6.879000  0.529000
    -7.673000 -6.615000  0.529000
    -7.673000 -6.350000  0.529000
    -7.673000 -6.086000  0.529000
    -7.673000 -5.821000  0.529000
    -7.673000 -5.556000  0.529000
    -7.673000 -5.292000  0.529000
    -7.673000 -5.027000  0.529000
    -7.673000 -4.763000  0.529000
    -7.673000 -4.498000  0.529000
    -7.673000 -4.233000  0.529000
    -7.673000 -3.969000  0.529000
    -7.673000 -3.704000  0.529000
    -7.673000 -3.440000  0.529000
    -7.673000 -3.175000  0.529000
    -7.673000 -2.910000  0.529000
    -7.673000 -2.646000  0.529000
    -7.673000 -2.381000  0.529000
    -7.673000 -2.117000  0.529000
    -7.673000 -1.852000  0.529000
    -7.673000 -1.588000  0.529000
    -7.673000 -1.323000  0.529000
    -7.673000 -1.058000  0.529000
    -7.673000 -0.794000  0.529000
    -7.673000 -0.529000  0.529000
    -7.673000 -0.265000  0.529000
    -7.673000  0.000000  0.529000
    -7.673000  0.265000  0.529000
    -7.673000  0.529000  0.529000
    -7.673000  0.794000  0.529000
    -7.673000  1.058000  0.529000
    -7.673000  1.323000  0.529000
    -7.673000  1.588000  0.529000
    -7.673000  1.852000  0.529000
    -7.673000  2.117000  0.529000
    -7.673000  2.381000  0.529000
    -7.673000  2.646000  0.529000
    -7.673000  2.910000  0.529000
    -7.673000  3.175000  0.529000
    -7.673000  3.440000  0.529000
    -7.673000  3.704000  0.529000
    -7.673000  3.969000  0.529000
    -7.673000  4.233000  0.529000
    -7.673000  4.498000  0.529000
    -7.673000  4.763000  0.529000
    -7.673000  5.027000  0.529000
    -7.673000  5.292000  0.529000
    -7.673000  5.556000  0.529000
    -7.673000  5.821000  0.529000
    -7.673000  6.086000  0.529000
    -7.673000  6.350000  0.529000
    -7.673000  6.615000  0.529000
    -7.673000  6.879000  0.529000
    -7.673000  7.144000  0.529000
    -7.673000  7.408000  0.529000
    -7.673000  7.673000  0.529000
    -7.673000  7.938000  0.529000
    -7.673000  8.202000  0.529000
    -7.673000  8.467000  0.529000
    -7.673000  8.731000  0.529000
    -7.673000  8.996000  0.529000
    -7.673000  9.261000  0.529000
    -7.673000  9.525000  0.529000
    -7.673000  9.790000  0.529000
    -7.673000  10.054000  0.529000
    -7.673000  10.319000  0.529000
    -7.673000  10.584000  0.529000
    -7.408000 -10.584000  0.529000
    -7.408000 -10.319000  0.529000
    -7.408000 -10.054000  0.529000
    -7.408000 -9.790000  0.529000
    -7.408000 -9.525000  0.529000
    -7.408000 -9.261000  0.529000
    -7.408000 -8.996000  0.529000
    -7.408000 -8.731000  0.529000
    -7.408000 -8.467000  0.529000
    -7.408000 -8.202000  0.529000
    -7.408000 -7.938000  0.529000
    -7.408000 -7.673000  0.529000
    -7.408000 -7.408000  0.529000
    -7.408000 -7.144000  0.529000
    -7.408000 -6.879000  0.529000
    -7.408000 -6.615000  0.529000
    -7.408000 -6.350000  0.529000
    -7.408000 -6.086000  0.529000
    -7.408000 -5.821000  0.529000
    -7.408000 -5.556000  0.529000
    -7.408000 -5.292000  0.529000
    -7.408000 -5.027000  0.529000
    -7.408000 -4.763000  0.529000
    -7.408000 -4.498000  0.529000
    -7.408000 -4.233000  0.529000
    -7.408000 -3.969000  0.529000
    -7.408000 -3.704000  0.529000
    -7.408000 -3.440000  0.529000
    -7.408000 -3.175000  0.529000
    -7.408000 -2.910000  0.529000
    -7.408000 -2.646000  0.529000
    -7.408000 -2.381000  0.529000
    -7.408000 -2.117000  0.529000
    -7.408000 -1.852000  0.529000
    -7.408000 -1.588000  0.529000
    -7.408000 -1.323000  0.529000
    -7.408000 -1.058000  0.529000
    -7.408000 -0.794000  0.529000
    -7.408000 -0.529000  0.529000
    -7.408000 -0.265000  0.529000
    -7.408000  0.000000  0.529000
    -7.408000  0.265000  0.529000
    -7.408000  0.529000  0.529000
    -7.408000  0.794000  0.529000
    -7.408000  1.058000  0.529000
    -7.408000  1.323000  0.529000
    -7.408000  1.588000  0.529000
    -7.408000  1.852000  0.529000
    -7.408000  2.117000  0.529000
    -7.408000  2.381000  0.529000
    -7.408000  2.646000  0.529000
    -7.408000  2.910000  0.529000
    -7.408000  3.175000  0.529000
    -7.408000  3.440000  0.529000
    -7.408000  3.704000  0.529000
    -7.408000  3.969000  0.529000
    -7.408000  4.233000  0.529000
    -7.408000  4.498000  0.529000
    -7.408000  4.763000  0.529000
    -7.408000  5.027000  0.529000
    -7.408000  5.292000  0.529000
    -7.408000  5.556000  0.529000
    -7.408000  5.821000  0.529000
    -7.408000  6.086000  0.529000
    -7.408000  6.350000  0.529000
    -7.408000  6.615000  0.529000
    -7.408000  6.879000  0.529000
    -7.408000  7.144000  0.529000
    -7.408000  7.408000  0.529000
    -7.408000  7.673000  0.529000
    -7.408000  7.938000  0.529000
    -7.408000  8.202000  0.529000
    -7.408000  8.467000  0.529000
    -7.408000  8.731000  0.529000
    -7.408000  8.996000  0.529000
    -7.408000  9.261000  0.529000
    -7.408000  9.525000  0.529000
    -7.408000  9.790000  0.529000
    -7.408000  10.054000  0.529000
    -7.408000  10.319000  0.529000
    -7.408000  10.584000  0.529000
    -7.144000 -10.584000  0.529000
    -7.144000 -10.319000  0.529000
    -7.144000 -10.054000  0.529000
    -7.144000 -9.790000  0.529000
    -7.144000 -9.525000  0.529000
    -7.144000 -9.261000  0.529000
    -7.144000 -8.996000  0.529000
    -7.144000 -8.731000  0.529000
    -7.144000 -8.467000  0.529000
    -7.144000 -8.202000  0.529000
    -7.144000 -7.938000  0.529000
    -7.144000 -7.673000  0.529000
    -7.144000 -7.408000  0.529000
    -7.144000 -7.144000  0.529000
    -7.144000 -6.879000  0.529000
    -7.144000 -6.615000  0.529000
    -7.144000 -6.350000  0.529000
    -7.144000 -6.086000  0.529000
    -7.144000 -5.821000  0.529000
    -7.144000 -5.556000  0.529000
    -7.144000 -5.292000  0.529000
    -7.144000 -5.027000  0.529000
    -7.144000 -4.763000  0.529000
    -7.144000 -4.498000  0.529000
    -7.144000 -4.233000  0.529000
    -7.144000 -3.969000  0.529000
    -7.144000 -3.704000  0.529000
    -7.144000 -3.440000  0.529000
    -7.144000 -3.175000  0.529000
    -7.144000 -2.910000  0.529000
    -7.144000 -2.646000  0.529000
    -7.144000 -2.381000  0.529000
    -7.144000 -2.117000  0.529000
    -7.144000 -1.852000  0.529000
    -7.144000 -1.588000  0.529000
    -7.144000 -1.323000  0.529000
    -7.144000 -1.058000  0.529000
    -7.144000 -0.794000  0.529000
    -7.144000 -0.529000  0.529000
    -7.144000 -0.265000  0.529000
    -7.144000  0.000000  0.529000
    -7.144000  0.265000  0.529000
    -7.144000  0.529000  0.529000
    -7.144000  0.794000  0.529000
    -7.144000  1.058000  0.529000
    -7.144000  1.323000  0.529000
    -7.144000  1.588000  0.529000
    -7.144000  1.852000  0.529000
    -7.144000  2.117000  0.529000
    -7.144000  2.381000  0.529000
    -7.144000  2.646000  0.529000
    -7.144000  2.910000  0.529000
    -7.144000  3.175000  0.529000
    -7.144000  3.440000  0.529000
    -7.144000  3.704000  0.529000
    -7.144000  3.969000  0.529000
    -7.144000  4.233000  0.529000
    -7.144000  4.498000  0.529000
    -7.144000  4.763000  0.529000
    -7.144000  5.027000  0.529000
    -7.144000  5.292000  0.529000
    -7.144000  5.556000  0.529000
    -7.144000  5.821000  0.529000
    -7.144000  6.086000  0.529000
    -7.144000  6.350000  0.529000
    -7.144000  6.615000  0.529000
    -7.144000  6.879000  0.529000
    -7.144000  7.144000  0.529000
    -7.144000  7.408000  0.529000
    -7.144000  7.673000  0.529000
    -7.144000  7.938000  0.529000
    -7.144000  8.202000  0.529000
    -7.144000  8.467000  0.529000
    -7.144000  8.731000  0.529000
    -7.144000  8.996000  0.529000
    -7.144000  9.261000  0.529000
    -7.144000  9.525000  0.529000
    -7.144000  9.790000  0.529000
    -7.144000  10.054000  0.529000
    -7.144000  10.319000  0.529000
    -7.144000  10.584000  0.529000
    -6.879000 -10.584000  0.529000
    -6.879000 -10.319000  0.529000
    -6.879000 -10.054000  0.529000
    -6.879000 -9.790000  0.529000
    -6.879000 -9.525000  0.529000
    -6.879000 -9.261000  0.529000
    -6.879000 -8.996000  0.529000
    -6.879000 -8.731000  0.529000
    -6.879000 -8.467000  0.529000
    -6.879000 -8.202000  0.529000
    -6.879000 -7.938000  0.529000
    -6.879000 -7.673000  0.529000
    -6.879000 -7.408000  0.529000
    -6.879000 -7.144000  0.529000
    -6.879000 -6.879000  0.529000
    -6.879000 -6.615000  0.529000
    -6.879000 -6.350000  0.529000
    -6.879000 -6.086000  0.529000
    -6.879000 -5.821000  0.529000
    -6.879000 -5.556000  0.529000
    -6.879000 -5.292000  0.529000
    -6.879000 -5.027000  0.529000
    -6.879000 -4.763000  0.529000
    -6.879000 -4.498000  0.529000
    -6.879000 -4.233000  0.529000
    -6.879000 -3.969000  0.529000
    -6.879000 -3.704000  0.529000
    -6.879000 -3.440000  0.529000
    -6.879000 -3.175000  0.529000
    -6.879000 -2.910000  0.529000
    -6.879000 -2.646000  0.529000
    -6.879000 -2.381000  0.529000
    -6.879000 -2.117000  0.529000
    -6.879000 -1.852000  0.529000
    -6.879000 -1.588000  0.529000
    -6.879000 -1.323000  0.529000
    -6.879000 -1.058000  0.529000
    -6.879000 -0.794000  0.529000
    -6.879000 -0.529000  0.529000
    -6.879000 -0.265000  0.529000
    -6.879000  0.000000  0.529000
    -6.879000  0.265000  0.529000
    -6.879000  0.529000  0.529000
    -6.879000  0.794000  0.529000
    -6.879000  1.058000  0.529000
    -6.879000  1.323000  0.529000
    -6.879000  1.588000  0.529000
    -6.879000  1.852000  0.529000
    -6.879000  2.117000  0.529000
    -6.879000  2.381000  0.529000
    -6.879000  2.646000  0.529000
    -6.879000  2.910000  0.529000
    -6.879000  3.175000  0.529000
    -6.879000  3.440000  0.529000
    -6.879000  3.704000  0.529000
    -6.879000  3.969000  0.529000
    -6.879000  4.233000  0.529000
    -6.879000  4.498000  0.529000
    -6.879000  4.763000  0.529000
    -6.879000  5.027000  0.529000
    -6.879000  5.292000  0.529000
    -6.879000  5.556000  0.529000
    -6.879000  5.821000  0.529000
    -6.879000  6.086000  0.529000
    -6.879000  6.350000  0.529000
    -6.879000  6.615000  0.529000
    -6.879000  6.879000  0.529000
    -6.879000  7.144000  0.529000
    -6.879000  7.408000  0.529000
    -6.879000  7.673000  0.529000
    -6.879000  7.938000  0.529000
    -6.879000  8.202000  0.529000
    -6.879000  8.467000  0.529000
    -6.879000  8.731000  0.529000
    -6.879000  8.996000  0.529000
    -6.879000  9.261000  0.529000
    -6.879000  9.525000  0.529000
    -6.879000  9.790000  0.529000
    -6.879000  10.054000  0.529000
    -6.879000  10.319000  0.529000
    -6.879000  10.584000  0.529000
    -6.615000 -10.584000  0.529000
    -6.615000 -10.319000  0.529000
    -6.615000 -10.054000  0.529000
    -6.615000 -9.790000  0.529000
    -6.615000 -9.525000  0.529000
    -6.615000 -9.261000  0.529000
    -6.615000 -8.996000  0.529000
    -6.615000 -8.731000  0.529000
    -6.615000 -8.467000  0.529000
    -6.615000 -8.202000  0.529000
    -6.615000 -7.938000  0.529000
    -6.615000 -7.673000  0.529000
    -6.615000 -7.408000  0.529000
    -6.615000 -7.144000  0.529000
    -6.615000 -6.879000  0.529000
    -6.615000 -6.615000  0.529000
    -6.615000 -6.350000  0.529000
    -6.615000 -6.086000  0.529000
    -6.615000 -5.821000  0.529000
    -6.615000 -5.556000  0.529000
    -6.615000 -5.292000  0.529000
    -6.615000 -5.027000  0.529000
    -6.615000 -4.763000  0.529000
    -6.615000 -4.498000  0.529000
    -6.615000 -4.233000  0.529000
    -6.615000 -3.969000  0.529000
    -6.615000 -3.704000  0.529000
    -6.615000 -3.440000  0.529000
    -6.615000 -3.175000  0.529000
    -6.615000 -2.910000  0.529000
    -6.615000 -2.646000  0.529000
    -6.615000 -2.381000  0.529000
    -6.615000 -2.117000  0.529000
    -6.615000 -1.852000  0.529000
    -6.615000 -1.588000  0.529000
    -6.615000 -1.323000  0.529000
    -6.615000 -1.058000  0.529000
    -6.615000 -0.794000  0.529000
    -6.615000 -0.529000  0.529000
    -6.615000 -0.265000  0.529000
    -6.615000  0.000000  0.529000
    -6.615000  0.265000  0.529000
    -6.615000  0.529000  0.529000
    -6.615000  0.794000  0.529000
    -6.615000  1.058000  0.529000
    -6.615000  1.323000  0.529000
    -6.615000  1.588000  0.529000
    -6.615000  1.852000  0.529000
    -6.615000  2.117000  0.529000
    -6.615000  2.381000  0.529000
    -6.615000  2.646000  0.529000
    -6.615000  2.910000  0.529000
    -6.615000  3.175000  0.529000
    -6.615000  3.440000  0.529000
    -6.615000  3.704000  0.529000
    -6.615000  3.969000  0.529000
    -6.615000  4.233000  0.529000
    -6.615000  4.498000  0.529000
    -6.615000  4.763000  0.529000
    -6.615000  5.027000  0.529000
    -6.615000  5.292000  0.529000
    -6.615000  5.556000  0.529000
    -6.615000  5.821000  0.529000
    -6.615000  6.086000  0.529000
    -6.615000  6.350000  0.529000
    -6.615000  6.615000  0.529000
    -6.615000  6.879000  0.529000
    -6.615000  7.144000  0.529000
    -6.615000  7.408000  0.529000
    -6.615000  7.673000  0.529000
    -6.615000  7.938000  0.529000
    -6.615000  8.202000  0.529000
    -6.615000  8.467000  0.529000
    -6.615000  8.731000  0.529000
    -6.615000  8.996000  0.529000
    -6.615000  9.261000  0.529000
    -6.615000  9.525000  0.529000
    -6.615000  9.790000  0.529000
    -6.615000  10.054000  0.529000
    -6.615000  10.319000  0.529000
    -6.615000  10.584000  0.529000
    -6.350000 -10.584000  0.529000
    -6.350000 -10.319000  0.529000
    -6.350000 -10.054000  0.529000
    -6.350000 -9.790000  0.529000
    -6.350000 -9.525000  0.529000
    -6.350000 -9.261000  0.529000
    -6.350000 -8.996000  0.529000
    -6.350000 -8.731000  0.529000
    -6.350000 -8.467000  0.529000
    -6.350000 -8.202000  0.529000
    -6.350000 -7.938000  0.529000
    -6.350000 -7.673000  0.529000
    -6.350000 -7.408000  0.529000
    -6.350000 -7.144000  0.529000
    -6.350000 -6.879000  0.529000
    -6.350000 -6.615000  0.529000
    -6.350000 -6.350000  0.529000
    -6.350000 -6.086000  0.529000
    -6.350000 -5.821000  0.529000
    -6.350000 -5.556000  0.529000
    -6.350000 -5.292000  0.529000
    -6.350000 -5.027000  0.529000
    -6.350000 -4.763000  0.529000
    -6.350000 -4.498000  0.529000
    -6.350000 -4.233000  0.529000
    -6.350000 -3.969000  0.529000
    -6.350000 -3.704000  0.529000
    -6.350000 -3.440000  0.529000
    -6.350000 -3.175000  0.529000
    -6.350000 -2.910000  0.529000
    -6.350000 -2.646000  0.529000
    -6.350000 -2.381000  0.529000
    -6.350000 -2.117000  0.529000
    -6.350000 -1.852000  0.529000
    -6.350000 -1.588000  0.529000
    -6.350000 -1.323000  0.529000
    -6.350000 -1.058000  0.529000
    -6.350000 -0.794000  0.529000
    -6.350000 -0.529000  0.529000
    -6.350000 -0.265000  0.529000
    -6.350000  0.000000  0.529000
    -6.350000  0.265000  0.529000
    -6.350000  0.529000  0.529000
    -6.350000  0.794000  0.529000
    -6.350000  1.058000  0.529000
    -6.350000  1.323000  0.529000
    -6.350000  1.588000  0.529000
    -6.350000  1.852000  0.529000
    -6.350000  2.117000  0.529000
    -6.350000  2.381000  0.529000
    -6.350000  2.646000  0.529000
    -6.350000  2.910000  0.529000
    -6.350000  3.175000  0.529000
    -6.350000  3.440000  0.529000
    -6.350000  3.704000  0.529000
    -6.350000  3.969000  0.529000
    -6.350000  4.233000  0.529000
    -6.350000  4.498000  0.529000
    -6.350000  4.763000  0.529000
    -6.350000  5.027000  0.529000
    -6.350000  5.292000  0.529000
    -6.350000  5.556000  0.529000
    -6.350000  5.821000  0.529000
    -6.350000  6.086000  0.529000
    -6.350000  6.350000  0.529000
    -6.350000  6.615000  0.529000
    -6.350000  6.879000  0.529000
    -6.350000  7.144000  0.529000
    -6.350000  7.408000  0.529000
    -6.350000  7.673000  0.529000
    -6.350000  7.938000  0.529000
    -6.350000  8.202000  0.529000
    -6.350000  8.467000  0.529000
    -6.350000  8.731000  0.529000
    -6.350000  8.996000  0.529000
    -6.350000  9.261000  0.529000
    -6.350000  9.525000  0.529000
    -6.350000  9.790000  0.529000
    -6.350000  10.054000  0.529000
    -6.350000  10.319000  0.529000
    -6.350000  10.584000  0.529000
    -6.086000 -10.584000  0.529000
    -6.086000 -10.319000  0.529000
    -6.086000 -10.054000  0.529000
    -6.086000 -9.790000  0.529000
    -6.086000 -9.525000  0.529000
    -6.086000 -9.261000  0.529000
    -6.086000 -8.996000  0.529000
    -6.086000 -8.731000  0.529000
    -6.086000 -8.467000  0.529000
    -6.086000 -8.202000  0.529000
    -6.086000 -7.938000  0.529000
    -6.086000 -7.673000  0.529000
    -6.086000 -7.408000  0.529000
    -6.086000 -7.144000  0.529000
    -6.086000 -6.879000  0.529000
    -6.086000 -6.615000  0.529000
    -6.086000 -6.350000  0.529000
    -6.086000 -6.086000  0.529000
    -6.086000 -5.821000  0.529000
    -6.086000 -5.556000  0.529000
    -6.086000 -5.292000  0.529000
    -6.086000 -5.027000  0.529000
    -6.086000 -4.763000  0.529000
    -6.086000 -4.498000  0.529000
    -6.086000 -4.233000  0.529000
    -6.086000 -3.969000  0.529000
    -6.086000 -3.704000  0.529000
    -6.086000 -3.440000  0.529000
    -6.086000 -3.175000  0.529000
    -6.086000 -2.910000  0.529000
    -6.086000 -2.646000  0.529000
    -6.086000 -2.381000  0.529000
    -6.086000 -2.117000  0.529000
    -6.086000 -1.852000  0.529000
    -6.086000 -1.588000  0.529000
    -6.086000 -1.323000  0.529000
    -6.086000 -1.058000  0.529000
    -6.086000 -0.794000  0.529000
    -6.086000 -0.529000  0.529000
    -6.086000 -0.265000  0.529000
    -6.086000  0.000000  0.529000
    -6.086000  0.265000  0.529000
    -6.086000  0.529000  0.529000
    -6.086000  0.794000  0.529000
    -6.086000  1.058000  0.529000
    -6.086000  1.323000  0.529000
    -6.086000  1.588000  0.529000
    -6.086000  1.852000  0.529000
    -6.086000  2.117000  0.529000
    -6.086000  2.381000  0.529000
    -6.086000  2.646000  0.529000
    -6.086000  2.910000  0.529000
    -6.086000  3.175000  0.529000
    -6.086000  3.440000  0.529000
    -6.086000  3.704000  0.529000
    -6.086000  3.969000  0.529000
    -6.086000  4.233000  0.529000
    -6.086000  4.498000  0.529000
    -6.086000  4.763000  0.529000
    -6.086000  5.027000  0.529000
    -6.086000  5.292000  0.529000
    -6.086000  5.556000  0.529000
    -6.086000  5.821000  0.529000
    -6.086000  6.086000  0.529000
    -6.086000  6.350000  0.529000
    -6.086000  6.615000  0.529000
    -6.086000  6.879000  0.529000
    -6.086000  7.144000  0.529000
    -6.086000  7.408000  0.529000
    -6.086000  7.673000  0.529000
    -6.086000  7.938000  0.529000
    -6.086000  8.202000  0.529000
    -6.086000  8.467000  0.529000
    -6.086000  8.731000  0.529000
    -6.086000  8.996000  0.529000
    -6.086000  9.261000  0.529000
    -6.086000  9.525000  0.529000
    -6.086000  9.790000  0.529000
    -6.086000  10.054000  0.529000
    -6.086000  10.319000  0.529000
    -6.086000  10.584000  0.529000
    -5.821000 -10.584000  0.529000
    -5.821000 -10.319000  0.529000
    -5.821000 -10.054000  0.529000
    -5.821000 -9.790000  0.529000
    -5.821000 -9.525000  0.529000
    -5.821000 -9.261000  0.529000
    -5.821000 -8.996000  0.529000
    -5.821000 -8.731000  0.529000
    -5.821000 -8.467000  0.529000
    -5.821000 -8.202000  0.529000
    -5.821000 -7.938000  0.529000
    -5.821000 -7.673000  0.529000
    -5.821000 -7.408000  0.529000
    -5.821000 -7.144000  0.529000
    -5.821000 -6.879000  0.529000
    -5.821000 -6.615000  0.529000
    -5.821000 -6.350000  0.529000
    -5.821000 -6.086000  0.529000
    -5.821000 -5.821000  0.529000
    -5.821000 -5.556000  0.529000
    -5.821000 -5.292000  0.529000
    -5.821000 -5.027000  0.529000
    -5.821000 -4.763000  0.529000
    -5.821000 -4.498000  0.529000
    -5.821000 -4.233000  0.529000
    -5.821000 -3.969000  0.529000
    -5.821000 -3.704000  0.529000
    -5.821000 -3.440000  0.529000
    -5.821000 -3.175000  0.529000
    -5.821000 -2.910000  0.529000
    -5.821000 -2.646000  0.529000
    -5.821000 -2.381000  0.529000
    -5.821000 -2.117000  0.529000
    -5.821000 -1.852000  0.529000
    -5.821000 -1.588000  0.529000
    -5.821000 -1.323000  0.529000
    -5.821000 -1.058000  0.529000
    -5.821000 -0.794000  0.529000
    -5.821000 -0.529000  0.529000
    -5.821000 -0.265000  0.529000
    -5.821000  0.000000  0.529000
    -5.821000  0.265000  0.529000
    -5.821000  0.529000  0.529000
    -5.821000  0.794000  0.529000
    -5.821000  1.058000  0.529000
    -5.821000  1.323000  0.529000
    -5.821000  1.588000  0.529000
    -5.821000  1.852000  0.529000
    -5.821000  2.117000  0.529000
    -5.821000  2.381000  0.529000
    -5.821000  2.646000  0.529000
    -5.821000  2.910000  0.529000
    -5.821000  3.175000  0.529000
    -5.821000  3.440000  0.529000
    -5.821000  3.704000  0.529000
    -5.821000  3.969000  0.529000
    -5.821000  4.233000  0.529000
    -5.821000  4.498000  0.529000
    -5.821000  4.763000  0.529000
    -5.821000  5.027000  0.529000
    -5.821000  5.292000  0.529000
    -5.821000  5.556000  0.529000
    -5.821000  5.821000  0.529000
    -5.821000  6.086000  0.529000
    -5.821000  6.350000  0.529000
    -5.821000  6.615000  0.529000
    -5.821000  6.879000  0.529000
    -5.821000  7.144000  0.529000
    -5.821000  7.408000  0.529000
    -5.821000  7.673000  0.529000
    -5.821000  7.938000  0.529000
    -5.821000  8.202000  0.529000
    -5.821000  8.467000  0.529000
    -5.821000  8.731000  0.529000
    -5.821000  8.996000  0.529000
    -5.821000  9.261000  0.529000
    -5.821000  9.525000  0.529000
    -5.821000  9.790000  0.529000
    -5.821000  10.054000  0.529000
    -5.821000  10.319000  0.529000
    -5.821000  10.584000  0.529000
    -5.556000 -10.584000  0.529000
    -5.556000 -10.319000  0.529000
    -5.556000 -10.054000  0.529000
    -5.556000 -9.790000  0.529000
    -5.556000 -9.525000  0.529000
    -5.556000 -9.261000  0.529000
    -5.556000 -8.996000  0.529000
    -5.556000 -8.731000  0.529000
    -5.556000 -8.467000  0.529000
    -5.556000 -8.202000  0.529000
    -5.556000 -7.938000  0.529000
    -5.556000 -7.673000  0.529000
    -5.556000 -7.408000  0.529000
    -5.556000 -7.144000  0.529000
    -5.556000 -6.879000  0.529000
    -5.556000 -6.615000  0.529000
    -5.556000 -6.350000  0.529000
    -5.556000 -6.086000  0.529000
    -5.556000 -5.821000  0.529000
    -5.556000 -5.556000  0.529000
    -5.556000 -5.292000  0.529000
    -5.556000 -5.027000  0.529000
    -5.556000 -4.763000  0.529000
    -5.556000 -4.498000  0.529000
    -5.556000 -4.233000  0.529000
    -5.556000 -3.969000  0.529000
    -5.556000 -3.704000  0.529000
    -5.556000 -3.440000  0.529000
    -5.556000 -3.175000  0.529000
    -5.556000 -2.910000  0.529000
    -5.556000 -2.646000  0.529000
    -5.556000 -2.381000  0.529000
    -5.556000 -2.117000  0.529000
    -5.556000 -1.852000  0.529000
    -5.556000 -1.588000  0.529000
    -5.556000 -1.323000  0.529000
    -5.556000 -1.058000  0.529000
    -5.556000 -0.794000  0.529000
    -5.556000 -0.529000  0.529000
    -5.556000 -0.265000  0.529000
    -5.556000  0.000000  0.529000
    -5.556000  0.265000  0.529000
    -5.556000  0.529000  0.529000
    -5.556000  0.794000  0.529000
    -5.556000  1.058000  0.529000
    -5.556000  1.323000  0.529000
    -5.556000  1.588000  0.529000
    -5.556000  1.852000  0.529000
    -5.556000  2.117000  0.529000
    -5.556000  2.381000  0.529000
    -5.556000  2.646000  0.529000
    -5.556000  2.910000  0.529000
    -5.556000  3.175000  0.529000
    -5.556000  3.440000  0.529000
    -5.556000  3.704000  0.529000
    -5.556000  3.969000  0.529000
    -5.556000  4.233000  0.529000
    -5.556000  4.498000  0.529000
    -5.556000  4.763000  0.529000
    -5.556000  5.027000  0.529000
    -5.556000  5.292000  0.529000
    -5.556000  5.556000  0.529000
    -5.556000  5.821000  0.529000
    -5.556000  6.086000  0.529000
    -5.556000  6.350000  0.529000
    -5.556000  6.615000  0.529000
    -5.556000  6.879000  0.529000
    -5.556000  7.144000  0.529000
    -5.556000  7.408000  0.529000
    -5.556000  7.673000  0.529000
    -5.556000  7.938000  0.529000
    -5.556000  8.202000  0.529000
    -5.556000  8.467000  0.529000
    -5.556000  8.731000  0.529000
    -5.556000  8.996000  0.529000
    -5.556000  9.261000  0.529000
    -5.556000  9.525000  0.529000
    -5.556000  9.790000  0.529000
    -5.556000  10.054000  0.529000
    -5.556000  10.319000  0.529000
    -5.556000  10.584000  0.529000
    -5.292000 -10.584000  0.529000
    -5.292000 -10.319000  0.529000
    -5.292000 -10.054000  0.529000
    -5.292000 -9.790000  0.529000
    -5.292000 -9.525000  0.529000
    -5.292000 -9.261000  0.529000
    -5.292000 -8.996000  0.529000
    -5.292000 -8.731000  0.529000
    -5.292000 -8.467000  0.529000
    -5.292000 -8.202000  0.529000
    -5.292000 -7.938000  0.529000
    -5.292000 -7.673000  0.529000
    -5.292000 -7.408000  0.529000
    -5.292000 -7.144000  0.529000
    -5.292000 -6.879000  0.529000
    -5.292000 -6.615000  0.529000
    -5.292000 -6.350000  0.529000
    -5.292000 -6.086000  0.529000
    -5.292000 -5.821000  0.529000
    -5.292000 -5.556000  0.529000
    -5.292000 -5.292000  0.529000
    -5.292000 -5.027000  0.529000
    -5.292000 -4.763000  0.529000
    -5.292000 -4.498000  0.529000
    -5.292000 -4.233000  0.529000
    -5.292000 -3.969000  0.529000
    -5.292000 -3.704000  0.529000
    -5.292000 -3.440000  0.529000
    -5.292000 -3.175000  0.529000
    -5.292000 -2.910000  0.529000
    -5.292000 -2.646000  0.529000
    -5.292000 -2.381000  0.529000
    -5.292000 -2.117000  0.529000
    -5.292000 -1.852000  0.529000
    -5.292000 -1.588000  0.529000
    -5.292000 -1.323000  0.529000
    -5.292000 -1.058000  0.529000
    -5.292000 -0.794000  0.529000
    -5.292000 -0.529000  0.529000
    -5.292000 -0.265000  0.529000
    -5.292000  0.000000  0.529000
    -5.292000  0.265000  0.529000
    -5.292000  0.529000  0.529000
    -5.292000  0.794000  0.529000
    -5.292000  1.058000  0.529000
    -5.292000  1.323000  0.529000
    -5.292000  1.588000  0.529000
    -5.292000  1.852000  0.529000
    -5.292000  2.117000  0.529000
    -5.292000  2.381000  0.529000
    -5.292000  2.646000  0.529000
    -5.292000  2.910000  0.529000
    -5.292000  3.175000  0.529000
    -5.292000  3.440000  0.529000
    -5.292000  3.704000  0.529000
    -5.292000  3.969000  0.529000
    -5.292000  4.233000  0.529000
    -5.292000  4.498000  0.529000
    -5.292000  4.763000  0.529000
    -5.292000  5.027000  0.529000
    -5.292000  5.292000  0.529000
    -5.292000  5.556000  0.529000
    -5.292000  5.821000  0.529000
    -5.292000  6.086000  0.529000
    -5.292000  6.350000  0.529000
    -5.292000  6.615000  0.529000
    -5.292000  6.879000  0.529000
    -5.292000  7.144000  0.529000
    -5.292000  7.408000  0.529000
    -5.292000  7.673000  0.529000
    -5.292000  7.938000  0.529000
    -5.292000  8.202000  0.529000
    -5.292000  8.467000  0.529000
    -5.292000  8.731000  0.529000
    -5.292000  8.996000  0.529000
    -5.292000  9.261000  0.529000
    -5.292000  9.525000  0.529000
    -5.292000  9.790000  0.529000
    -5.292000  10.054000  0.529000
    -5.292000  10.319000  0.529000
    -5.292000  10.584000  0.529000
    -5.027000 -10.584000  0.529000
    -5.027000 -10.319000  0.529000
    -5.027000 -10.054000  0.529000
    -5.027000 -9.790000  0.529000
    -5.027000 -9.525000  0.529000
    -5.027000 -9.261000  0.529000
    -5.027000 -8.996000  0.529000
    -5.027000 -8.731000  0.529000
    -5.027000 -8.467000  0.529000
    -5.027000 -8.202000  0.529000
    -5.027000 -7.938000  0.529000
    -5.027000 -7.673000  0.529000
    -5.027000 -7.408000  0.529000
    -5.027000 -7.144000  0.529000
    -5.027000 -6.879000  0.529000
    -5.027000 -6.615000  0.529000
    -5.027000 -6.350000  0.529000
    -5.027000 -6.086000  0.529000
    -5.027000 -5.821000  0.529000
    -5.027000 -5.556000  0.529000
    -5.027000 -5.292000  0.529000
    -5.027000 -5.027000  0.529000
    -5.027000 -4.763000  0.529000
    -5.027000 -4.498000  0.529000
    -5.027000 -4.233000  0.529000
    -5.027000 -3.969000  0.529000
    -5.027000 -3.704000  0.529000
    -5.027000 -3.440000  0.529000
    -5.027000 -3.175000  0.529000
    -5.027000 -2.910000  0.529000
    -5.027000 -2.646000  0.529000
    -5.027000 -2.381000  0.529000
    -5.027000 -2.117000  0.529000
    -5.027000 -1.852000  0.529000
    -5.027000 -1.588000  0.529000
    -5.027000 -1.323000  0.529000
    -5.027000 -1.058000  0.529000
    -5.027000 -0.794000  0.529000
    -5.027000 -0.529000  0.529000
    -5.027000 -0.265000  0.529000
    -5.027000  0.000000  0.529000
    -5.027000  0.265000  0.529000
    -5.027000  0.529000  0.529000
    -5.027000  0.794000  0.529000
    -5.027000  1.058000  0.529000
    -5.027000  1.323000  0.529000
    -5.027000  1.588000  0.529000
    -5.027000  1.852000  0.529000
    -5.027000  2.117000  0.529000
    -5.027000  2.381000  0.529000
    -5.027000  2.646000  0.529000
    -5.027000  2.910000  0.529000
    -5.027000  3.175000  0.529000
    -5.027000  3.440000  0.529000
    -5.027000  3.704000  0.529000
    -5.027000  3.969000  0.529000
    -5.027000  4.233000  0.529000
    -5.027000  4.498000  0.529000
    -5.027000  4.763000  0.529000
    -5.027000  5.027000  0.529000
    -5.027000  5.292000  0.529000
    -5.027000  5.556000  0.529000
    -5.027000  5.821000  0.529000
    -5.027000  6.086000  0.529000
    -5.027000  6.350000  0.529000
    -5.027000  6.615000  0.529000
    -5.027000  6.879000  0.529000
    -5.027000  7.144000  0.529000
    -5.027000  7.408000  0.529000
    -5.027000  7.673000  0.529000
    -5.027000  7.938000  0.529000
    -5.027000  8.202000  0.529000
    -5.027000  8.467000  0.529000
    -5.027000  8.731000  0.529000
    -5.027000  8.996000  0.529000
    -5.027000  9.261000  0.529000
    -5.027000  9.525000  0.529000
    -5.027000  9.790000  0.529000
    -5.027000  10.054000  0.529000
    -5.027000  10.319000  0.529000
    -5.027000  10.584000  0.529000
    -4.763000 -10.584000  0.529000
    -4.763000 -10.319000  0.529000
    -4.763000 -10.054000  0.529000
    -4.763000 -9.790000  0.529000
    -4.763000 -9.525000  0.529000
    -4.763000 -9.261000  0.529000
    -4.763000 -8.996000  0.529000
    -4.763000 -8.731000  0.529000
    -4.763000 -8.467000  0.529000
    -4.763000 -8.202000  0.529000
    -4.763000 -7.938000  0.529000
    -4.763000 -7.673000  0.529000
    -4.763000 -7.408000  0.529000
    -4.763000 -7.144000  0.529000
    -4.763000 -6.879000  0.529000
    -4.763000 -6.615000  0.529000
    -4.763000 -6.350000  0.529000
    -4.763000 -6.086000  0.529000
    -4.763000 -5.821000  0.529000
    -4.763000 -5.556000  0.529000
    -4.763000 -5.292000  0.529000
    -4.763000 -5.027000  0.529000
    -4.763000 -4.763000  0.529000
    -4.763000 -4.498000  0.529000
    -4.763000 -4.233000  0.529000
    -4.763000 -3.969000  0.529000
    -4.763000 -3.704000  0.529000
    -4.763000 -3.440000  0.529000
    -4.763000 -3.175000  0.529000
    -4.763000 -2.910000  0.529000
    -4.763000 -2.646000  0.529000
    -4.763000 -2.381000  0.529000
    -4.763000 -2.117000  0.529000
    -4.763000 -1.852000  0.529000
    -4.763000 -1.588000  0.529000
    -4.763000 -1.323000  0.529000
    -4.763000 -1.058000  0.529000
    -4.763000 -0.794000  0.529000
    -4.763000 -0.529000  0.529000
    -4.763000 -0.265000  0.529000
    -4.763000  0.000000  0.529000
    -4.763000  0.265000  0.529000
    -4.763000  0.529000  0.529000
    -4.763000  0.794000  0.529000
    -4.763000  1.058000  0.529000
    -4.763000  1.323000  0.529000
    -4.763000  1.588000  0.529000
    -4.763000  1.852000  0.529000
    -4.763000  2.117000  0.529000
    -4.763000  2.381000  0.529000
    -4.763000  2.646000  0.529000
    -4.763000  2.910000  0.529000
    -4.763000  3.175000  0.529000
    -4.763000  3.440000  0.529000
    -4.763000  3.704000  0.529000
    -4.763000  3.969000  0.529000
    -4.763000  4.233000  0.529000
    -4.763000  4.498000  0.529000
    -4.763000  4.763000  0.529000
    -4.763000  5.027000  0.529000
    -4.763000  5.292000  0.529000
    -4.763000  5.556000  0.529000
    -4.763000  5.821000  0.529000
    -4.763000  6.086000  0.529000
    -4.763000  6.350000  0.529000
    -4.763000  6.615000  0.529000
    -4.763000  6.879000  0.529000
    -4.763000  7.144000  0.529000
    -4.763000  7.408000  0.529000
    -4.763000  7.673000  0.529000
    -4.763000  7.938000  0.529000
    -4.763000  8.202000  0.529000
    -4.763000  8.467000  0.529000
    -4.763000  8.731000  0.529000
    -4.763000  8.996000  0.529000
    -4.763000  9.261000  0.529000
    -4.763000  9.525000  0.529000
    -4.763000  9.790000  0.529000
    -4.763000  10.054000  0.529000
    -4.763000  10.319000  0.529000
    -4.763000  10.584000  0.529000
    -4.498000 -10.584000  0.529000
    -4.498000 -10.319000  0.529000
    -4.498000 -10.054000  0.529000
    -4.498000 -9.790000  0.529000
    -4.498000 -9.525000  0.529000
    -4.498000 -9.261000  0.529000
    -4.498000 -8.996000  0.529000
    -4.498000 -8.731000  0.529000
    -4.498000 -8.467000  0.529000
    -4.498000 -8.202000  0.529000
    -4.498000 -7.938000  0.529000
    -4.498000 -7.673000  0.529000
    -4.498000 -7.408000  0.529000
    -4.498000 -7.144000  0.529000
    -4.498000 -6.879000  0.529000
    -4.498000 -6.615000  0.529000
    -4.498000 -6.350000  0.529000
    -4.498000 -6.086000  0.529000
    -4.498000 -5.821000  0.529000
    -4.498000 -5.556000  0.529000
    -4.498000 -5.292000  0.529000
    -4.498000 -5.027000  0.529000
    -4.498000 -4.763000  0.529000
    -4.498000 -4.498000  0.529000
    -4.498000 -4.233000  0.529000
    -4.498000 -3.969000  0.529000
    -4.498000 -3.704000  0.529000
    -4.498000 -3.440000  0.529000
    -4.498000 -3.175000  0.529000
    -4.498000 -2.910000  0.529000
    -4.498000 -2.646000  0.529000
    -4.498000 -2.381000  0.529000
    -4.498000 -2.117000  0.529000
    -4.498000 -1.852000  0.529000
    -4.498000 -1.588000  0.529000
    -4.498000 -1.323000  0.529000
    -4.498000 -1.058000  0.529000
    -4.498000 -0.794000  0.529000
    -4.498000 -0.529000  0.529000
    -4.498000 -0.265000  0.529000
    -4.498000  0.000000  0.529000
    -4.498000  0.265000  0.529000
    -4.498000  0.529000  0.529000
    -4.498000  0.794000  0.529000
    -4.498000  1.058000  0.529000
    -4.498000  1.323000  0.529000
    -4.498000  1.588000  0.529000
    -4.498000  1.852000  0.529000
    -4.498000  2.117000  0.529000
    -4.498000  2.381000  0.529000
    -4.498000  2.646000  0.529000
    -4.498000  2.910000  0.529000
    -4.498000  3.175000  0.529000
    -4.498000  3.440000  0.529000
    -4.498000  3.704000  0.529000
    -4.498000  3.969000  0.529000
    -4.498000  4.233000  0.529000
    -4.498000  4.498000  0.529000
    -4.498000  4.763000  0.529000
    -4.498000  5.027000  0.529000
    -4.498000  5.292000  0.529000
    -4.498000  5.556000  0.529000
    -4.498000  5.821000  0.529000
    -4.498000  6.086000  0.529000
    -4.498000  6.350000  0.529000
    -4.498000  6.615000  0.529000
    -4.498000  6.879000  0.529000
    -4.498000  7.144000  0.529000
    -4.498000  7.408000  0.529000
    -4.498000  7.673000  0.529000
    -4.498000  7.938000  0.529000
    -4.498000  8.202000  0.529000
    -4.498000  8.467000  0.529000
    -4.498000  8.731000  0.529000
    -4.498000  8.996000  0.529000
    -4.498000  9.261000  0.529000
    -4.498000  9.525000  0.529000
    -4.498000  9.790000  0.529000
    -4.498000  10.054000  0.529000
    -4.498000  10.319000  0.529000
    -4.498000  10.584000  0.529000
    -4.233000 -10.584000  0.529000
    -4.233000 -10.319000  0.529000
    -4.233000 -10.054000  0.529000
    -4.233000 -9.790000  0.529000
    -4.233000 -9.525000  0.529000
    -4.233000 -9.261000  0.529000
    -4.233000 -8.996000  0.529000
    -4.233000 -8.731000  0.529000
    -4.233000 -8.467000  0.529000
    -4.233000 -8.202000  0.529000
    -4.233000 -7.938000  0.529000
    -4.233000 -7.673000  0.529000
    -4.233000 -7.408000  0.529000
    -4.233000 -7.144000  0.529000
    -4.233000 -6.879000  0.529000
    -4.233000 -6.615000  0.529000
    -4.233000 -6.350000  0.529000
    -4.233000 -6.086000  0.529000
    -4.233000 -5.821000  0.529000
    -4.233000 -5.556000  0.529000
    -4.233000 -5.292000  0.529000
    -4.233000 -5.027000  0.529000
    -4.233000 -4.763000  0.529000
    -4.233000 -4.498000  0.529000
    -4.233000 -4.233000  0.529000
    -4.233000 -3.969000  0.529000
    -4.233000 -3.704000  0.529000
    -4.233000 -3.440000  0.529000
    -4.233000 -3.175000  0.529000
    -4.233000 -2.910000  0.529000
    -4.233000 -2.646000  0.529000
    -4.233000 -2.381000  0.529000
    -4.233000 -2.117000  0.529000
    -4.233000 -1.852000  0.529000
    -4.233000 -1.588000  0.529000
    -4.233000 -1.323000  0.529000
    -4.233000 -1.058000  0.529000
    -4.233000 -0.794000  0.529000
    -4.233000 -0.529000  0.529000
    -4.233000 -0.265000  0.529000
    -4.233000  0.000000  0.529000
    -4.233000  0.265000  0.529000
    -4.233000  0.529000  0.529000
    -4.233000  0.794000  0.529000
    -4.233000  1.058000  0.529000
    -4.233000  1.323000  0.529000
    -4.233000  1.588000  0.529000
    -4.233000  1.852000  0.529000
    -4.233000  2.117000  0.529000
    -4.233000  2.381000  0.529000
    -4.233000  2.646000  0.529000
    -4.233000  2.910000  0.529000
    -4.233000  3.175000  0.529000
    -4.233000  3.440000  0.529000
    -4.233000  3.704000  0.529000
    -4.233000  3.969000  0.529000
    -4.233000  4.233000  0.529000
    -4.233000  4.498000  0.529000
    -4.233000  4.763000  0.529000
    -4.233000  5.027000  0.529000
    -4.233000  5.292000  0.529000
    -4.233000  5.556000  0.529000
    -4.233000  5.821000  0.529000
    -4.233000  6.086000  0.529000
    -4.233000  6.350000  0.529000
    -4.233000  6.615000  0.529000
    -4.233000  6.879000  0.529000
    -4.233000  7.144000  0.529000
    -4.233000  7.408000  0.529000
    -4.233000  7.673000  0.529000
    -4.233000  7.938000  0.529000
    -4.233000  8.202000  0.529000
    -4.233000  8.467000  0.529000
    -4.233000  8.731000  0.529000
    -4.233000  8.996000  0.529000
    -4.233000  9.261000  0.529000
    -4.233000  9.525000  0.529000
    -4.233000  9.790000  0.529000
    -4.233000  10.054000  0.529000
    -4.233000  10.319000  0.529000
    -4.233000  10.584000  0.529000
    -3.969000 -10.584000  0.529000
    -3.969000 -10.319000  0.529000
    -3.969000 -10.054000  0.529000
    -3.969000 -9.790000  0.529000
    -3.969000 -9.525000  0.529000
    -3.969000 -9.261000  0.529000
    -3.969000 -8.996000  0.529000
    -3.969000 -8.731000  0.529000
    -3.969000 -8.467000  0.529000
    -3.969000 -8.202000  0.529000
    -3.969000 -7.938000  0.529000
    -3.969000 -7.673000  0.529000
    -3.969000 -7.408000  0.529000
    -3.969000 -7.144000  0.529000
    -3.969000 -6.879000  0.529000
    -3.969000 -6.615000  0.529000
    -3.969000 -6.350000  0.529000
    -3.969000 -6.086000  0.529000
    -3.969000 -5.821000  0.529000
    -3.969000 -5.556000  0.529000
    -3.969000 -5.292000  0.529000
    -3.969000 -5.027000  0.529000
    -3.969000 -4.763000  0.529000
    -3.969000 -4.498000  0.529000
    -3.969000 -4.233000  0.529000
    -3.969000 -3.969000  0.529000
    -3.969000 -3.704000  0.529000
    -3.969000 -3.440000  0.529000
    -3.969000 -3.175000  0.529000
    -3.969000 -2.910000  0.529000
    -3.969000 -2.646000  0.529000
    -3.969000 -2.381000  0.529000
    -3.969000 -2.117000  0.529000
    -3.969000 -1.852000  0.529000
    -3.969000 -1.588000  0.529000
    -3.969000 -1.323000  0.529000
    -3.969000 -1.058000  0.529000
    -3.969000 -0.794000  0.529000
    -3.969000 -0.529000  0.529000
    -3.969000 -0.265000  0.529000
    -3.969000  0.000000  0.529000
    -3.969000  0.265000  0.529000
    -3.969000  0.529000  0.529000
    -3.969000  0.794000  0.529000
    -3.969000  1.058000  0.529000
    -3.969000  1.323000  0.529000
    -3.969000  1.588000  0.529000
    -3.969000  1.852000  0.529000
    -3.969000  2.117000  0.529000
    -3.969000  2.381000  0.529000
    -3.969000  2.646000  0.529000
    -3.969000  2.910000  0.529000
    -3.969000  3.175000  0.529000
    -3.969000  3.440000  0.529000
    -3.969000  3.704000  0.529000
    -3.969000  3.969000  0.529000
    -3.969000  4.233000  0.529000
    -3.969000  4.498000  0.529000
    -3.969000  4.763000  0.529000
    -3.969000  5.027000  0.529000
    -3.969000  5.292000  0.529000
    -3.969000  5.556000  0.529000
    -3.969000  5.821000  0.529000
    -3.969000  6.086000  0.529000
    -3.969000  6.350000  0.529000
    -3.969000  6.615000  0.529000
    -3.969000  6.879000  0.529000
    -3.969000  7.144000  0.529000
    -3.969000  7.408000  0.529000
    -3.969000  7.673000  0.529000
    -3.969000  7.938000  0.529000
    -3.969000  8.202000  0.529000
    -3.969000  8.467000  0.529000
    -3.969000  8.731000  0.529000
    -3.969000  8.996000  0.529000
    -3.969000  9.261000  0.529000
    -3.969000  9.525000  0.529000
    -3.969000  9.790000  0.529000
    -3.969000  10.054000  0.529000
    -3.969000  10.319000  0.529000
    -3.969000  10.584000  0.529000
    -3.704000 -10.584000  0.529000
    -3.704000 -10.319000  0.529000
    -3.704000 -10.054000  0.529000
    -3.704000 -9.790000  0.529000
    -3.704000 -9.525000  0.529000
    -3.704000 -9.261000  0.529000
    -3.704000 -8.996000  0.529000
    -3.704000 -8.731000  0.529000
    -3.704000 -8.467000  0.529000
    -3.704000 -8.202000  0.529000
    -3.704000 -7.938000  0.529000
    -3.704000 -7.673000  0.529000
    -3.704000 -7.408000  0.529000
    -3.704000 -7.144000  0.529000
    -3.704000 -6.879000  0.529000
    -3.704000 -6.615000  0.529000
    -3.704000 -6.350000  0.529000
    -3.704000 -6.086000  0.529000
    -3.704000 -5.821000  0.529000
    -3.704000 -5.556000  0.529000
    -3.704000 -5.292000  0.529000
    -3.704000 -5.027000  0.529000
    -3.704000 -4.763000  0.529000
    -3.704000 -4.498000  0.529000
    -3.704000 -4.233000  0.529000
    -3.704000 -3.969000  0.529000
    -3.704000 -3.704000  0.529000
    -3.704000 -3.440000  0.529000
    -3.704000 -3.175000  0.529000
    -3.704000 -2.910000  0.529000
    -3.704000 -2.646000  0.529000
    -3.704000 -2.381000  0.529000
    -3.704000 -2.117000  0.529000
    -3.704000 -1.852000  0.529000
    -3.704000 -1.588000  0.529000
    -3.704000 -1.323000  0.529000
    -3.704000 -1.058000  0.529000
    -3.704000 -0.794000  0.529000
    -3.704000 -0.529000  0.529000
    -3.704000 -0.265000  0.529000
    -3.704000  0.000000  0.529000
    -3.704000  0.265000  0.529000
    -3.704000  0.529000  0.529000
    -3.704000  0.794000  0.529000
    -3.704000  1.058000  0.529000
    -3.704000  1.323000  0.529000
    -3.704000  1.588000  0.529000
    -3.704000  1.852000  0.529000
    -3.704000  2.117000  0.529000
    -3.704000  2.381000  0.529000
    -3.704000  2.646000  0.529000
    -3.704000  2.910000  0.529000
    -3.704000  3.175000  0.529000
    -3.704000  3.440000  0.529000
    -3.704000  3.704000  0.529000
    -3.704000  3.969000  0.529000
    -3.704000  4.233000  0.529000
    -3.704000  4.498000  0.529000
    -3.704000  4.763000  0.529000
    -3.704000  5.027000  0.529000
    -3.704000  5.292000  0.529000
    -3.704000  5.556000  0.529000
    -3.704000  5.821000  0.529000
    -3.704000  6.086000  0.529000
    -3.704000  6.350000  0.529000
    -3.704000  6.615000  0.529000
    -3.704000  6.879000  0.529000
    -3.704000  7.144000  0.529000
    -3.704000  7.408000  0.529000
    -3.704000  7.673000  0.529000
    -3.704000  7.938000  0.529000
    -3.704000  8.202000  0.529000
    -3.704000  8.467000  0.529000
    -3.704000  8.731000  0.529000
    -3.704000  8.996000  0.529000
    -3.704000  9.261000  0.529000
    -3.704000  9.525000  0.529000
    -3.704000  9.790000  0.529000
    -3.704000  10.054000  0.529000
    -3.704000  10.319000  0.529000
    -3.704000  10.584000  0.529000
    -3.440000 -10.584000  0.529000
    -3.440000 -10.319000  0.529000
    -3.440000 -10.054000  0.529000
    -3.440000 -9.790000  0.529000
    -3.440000 -9.525000  0.529000
    -3.440000 -9.261000  0.529000
    -3.440000 -8.996000  0.529000
    -3.440000 -8.731000  0.529000
    -3.440000 -8.467000  0.529000
    -3.440000 -8.202000  0.529000
    -3.440000 -7.938000  0.529000
    -3.440000 -7.673000  0.529000
    -3.440000 -7.408000  0.529000
    -3.440000 -7.144000  0.529000
    -3.440000 -6.879000  0.529000
    -3.440000 -6.615000  0.529000
    -3.440000 -6.350000  0.529000
    -3.440000 -6.086000  0.529000
    -3.440000 -5.821000  0.529000
    -3.440000 -5.556000  0.529000
    -3.440000 -5.292000  0.529000
    -3.440000 -5.027000  0.529000
    -3.440000 -4.763000  0.529000
    -3.440000 -4.498000  0.529000
    -3.440000 -4.233000  0.529000
    -3.440000 -3.969000  0.529000
    -3.440000 -3.704000  0.529000
    -3.440000 -3.440000  0.529000
    -3.440000 -3.175000  0.529000
    -3.440000 -2.910000  0.529000
    -3.440000 -2.646000  0.529000
    -3.440000 -2.381000  0.529000
    -3.440000 -2.117000  0.529000
    -3.440000 -1.852000  0.529000
    -3.440000 -1.588000  0.529000
    -3.440000 -1.323000  0.529000
    -3.440000 -1.058000  0.529000
    -3.440000 -0.794000  0.529000
    -3.440000 -0.529000  0.529000
    -3.440000 -0.265000  0.529000
    -3.440000  0.000000  0.529000
    -3.440000  0.265000  0.529000
    -3.440000  0.529000  0.529000
    -3.440000  0.794000  0.529000
    -3.440000  1.058000  0.529000
    -3.440000  1.323000  0.529000
    -3.440000  1.588000  0.529000
    -3.440000  1.852000  0.529000
    -3.440000  2.117000  0.529000
    -3.440000  2.381000  0.529000
    -3.440000  2.646000  0.529000
    -3.440000  2.910000  0.529000
    -3.440000  3.175000  0.529000
    -3.440000  3.440000  0.529000
    -3.440000  3.704000  0.529000
    -3.440000  3.969000  0.529000
    -3.440000  4.233000  0.529000
    -3.440000  4.498000  0.529000
    -3.440000  4.763000  0.529000
    -3.440000  5.027000  0.529000
    -3.440000  5.292000  0.529000
    -3.440000  5.556000  0.529000
    -3.440000  5.821000  0.529000
    -3.440000  6.086000  0.529000
    -3.440000  6.350000  0.529000
    -3.440000  6.615000  0.529000
    -3.440000  6.879000  0.529000
    -3.440000  7.144000  0.529000
    -3.440000  7.408000  0.529000
    -3.440000  7.673000  0.529000
    -3.440000  7.938000  0.529000
    -3.440000  8.202000  0.529000
    -3.440000  8.467000  0.529000
    -3.440000  8.731000  0.529000
    -3.440000  8.996000  0.529000
    -3.440000  9.261000  0.529000
    -3.440000  9.525000  0.529000
    -3.440000  9.790000  0.529000
    -3.440000  10.054000  0.529000
    -3.440000  10.319000  0.529000
    -3.440000  10.584000  0.529000
    -3.175000 -10.584000  0.529000
    -3.175000 -10.319000  0.529000
    -3.175000 -10.054000  0.529000
    -3.175000 -9.790000  0.529000
    -3.175000 -9.525000  0.529000
    -3.175000 -9.261000  0.529000
    -3.175000 -8.996000  0.529000
    -3.175000 -8.731000  0.529000
    -3.175000 -8.467000  0.529000
    -3.175000 -8.202000  0.529000
    -3.175000 -7.938000  0.529000
    -3.175000 -7.673000  0.529000
    -3.175000 -7.408000  0.529000
    -3.175000 -7.144000  0.529000
    -3.175000 -6.879000  0.529000
    -3.175000 -6.615000  0.529000
    -3.175000 -6.350000  0.529000
    -3.175000 -6.086000  0.529000
    -3.175000 -5.821000  0.529000
    -3.175000 -5.556000  0.529000
    -3.175000 -5.292000  0.529000
    -3.175000 -5.027000  0.529000
    -3.175000 -4.763000  0.529000
    -3.175000 -4.498000  0.529000
    -3.175000 -4.233000  0.529000
    -3.175000 -3.969000  0.529000
    -3.175000 -3.704000  0.529000
    -3.175000 -3.440000  0.529000
    -3.175000 -3.175000  0.529000
    -3.175000 -2.910000  0.529000
    -3.175000 -2.646000  0.529000
    -3.175000 -2.381000  0.529000
    -3.175000 -2.117000  0.529000
    -3.175000 -1.852000  0.529000
    -3.175000 -1.588000  0.529000
    -3.175000 -1.323000  0.529000
    -3.175000 -1.058000  0.529000
    -3.175000 -0.794000  0.529000
    -3.175000 -0.529000  0.529000
    -3.175000 -0.265000  0.529000
    -3.175000  0.000000  0.529000
    -3.175000  0.265000  0.529000
    -3.175000  0.529000  0.529000
    -3.175000  0.794000  0.529000
    -3.175000  1.058000  0.529000
    -3.175000  1.323000  0.529000
    -3.175000  1.588000  0.529000
    -3.175000  1.852000  0.529000
    -3.175000  2.117000  0.529000
    -3.175000  2.381000  0.529000
    -3.175000  2.646000  0.529000
    -3.175000  2.910000  0.529000
    -3.175000  3.175000  0.529000
    -3.175000  3.440000  0.529000
    -3.175000  3.704000  0.529000
    -3.175000  3.969000  0.529000
    -3.175000  4.233000  0.529000
    -3.175000  4.498000  0.529000
    -3.175000  4.763000  0.529000
    -3.175000  5.027000  0.529000
    -3.175000  5.292000  0.529000
    -3.175000  5.556000  0.529000
    -3.175000  5.821000  0.529000
    -3.175000  6.086000  0.529000
    -3.175000  6.350000  0.529000
    -3.175000  6.615000  0.529000
    -3.175000  6.879000  0.529000
    -3.175000  7.144000  0.529000
    -3.175000  7.408000  0.529000
    -3.175000  7.673000  0.529000
    -3.175000  7.938000  0.529000
    -3.175000  8.202000  0.529000
    -3.175000  8.467000  0.529000
    -3.175000  8.731000  0.529000
    -3.175000  8.996000  0.529000
    -3.175000  9.261000  0.529000
    -3.175000  9.525000  0.529000
    -3.175000  9.790000  0.529000
    -3.175000  10.054000  0.529000
    -3.175000  10.319000  0.529000
    -3.175000  10.584000  0.529000
    -2.910000 -10.584000  0.529000
    -2.910000 -10.319000  0.529000
    -2.910000 -10.054000  0.529000
    -2.910000 -9.790000  0.529000
    -2.910000 -9.525000  0.529000
    -2.910000 -9.261000  0.529000
    -2.910000 -8.996000  0.529000
    -2.910000 -8.731000  0.529000
    -2.910000 -8.467000  0.529000
    -2.910000 -8.202000  0.529000
    -2.910000 -7.938000  0.529000
    -2.910000 -7.673000  0.529000
    -2.910000 -7.408000  0.529000
    -2.910000 -7.144000  0.529000
    -2.910000 -6.879000  0.529000
    -2.910000 -6.615000  0.529000
    -2.910000 -6.350000  0.529000
    -2.910000 -6.086000  0.529000
    -2.910000 -5.821000  0.529000
    -2.910000 -5.556000  0.529000
    -2.910000 -5.292000  0.529000
    -2.910000 -5.027000  0.529000
    -2.910000 -4.763000  0.529000
    -2.910000 -4.498000  0.529000
    -2.910000 -4.233000  0.529000
    -2.910000 -3.969000  0.529000
    -2.910000 -3.704000  0.529000
    -2.910000 -3.440000  0.529000
    -2.910000 -3.175000  0.529000
    -2.910000 -2.910000  0.529000
    -2.910000 -2.646000  0.529000
    -2.910000 -2.381000  0.529000
    -2.910000 -2.117000  0.529000
    -2.910000 -1.852000  0.529000
    -2.910000 -1.588000  0.529000
    -2.910000 -1.323000  0.529000
    -2.910000 -1.058000  0.529000
    -2.910000 -0.794000  0.529000
    -2.910000 -0.529000  0.529000
    -2.910000 -0.265000  0.529000
    -2.910000  0.000000  0.529000
    -2.910000  0.265000  0.529000
    -2.910000  0.529000  0.529000
    -2.910000  0.794000  0.529000
    -2.910000  1.058000  0.529000
    -2.910000  1.323000  0.529000
    -2.910000  1.588000  0.529000
    -2.910000  1.852000  0.529000
    -2.910000  2.117000  0.529000
    -2.910000  2.381000  0.529000
    -2.910000  2.646000  0.529000
    -2.910000  2.910000  0.529000
    -2.910000  3.175000  0.529000
    -2.910000  3.440000  0.529000
    -2.910000  3.704000  0.529000
    -2.910000  3.969000  0.529000
    -2.910000  4.233000  0.529000
    -2.910000  4.498000  0.529000
    -2.910000  4.763000  0.529000
    -2.910000  5.027000  0.529000
    -2.910000  5.292000  0.529000
    -2.910000  5.556000  0.529000
    -2.910000  5.821000  0.529000
    -2.910000  6.086000  0.529000
    -2.910000  6.350000  0.529000
    -2.910000  6.615000  0.529000
    -2.910000  6.879000  0.529000
    -2.910000  7.144000  0.529000
    -2.910000  7.408000  0.529000
    -2.910000  7.673000  0.529000
    -2.910000  7.938000  0.529000
    -2.910000  8.202000  0.529000
    -2.910000  8.467000  0.529000
    -2.910000  8.731000  0.529000
    -2.910000  8.996000  0.529000
    -2.910000  9.261000  0.529000
    -2.910000  9.525000  0.529000
    -2.910000  9.790000  0.529000
    -2.910000  10.054000  0.529000
    -2.910000  10.319000  0.529000
    -2.910000  10.584000  0.529000
    -2.646000 -10.584000  0.529000
    -2.646000 -10.319000  0.529000
    -2.646000 -10.054000  0.529000
    -2.646000 -9.790000  0.529000
    -2.646000 -9.525000  0.529000
    -2.646000 -9.261000  0.529000
    -2.646000 -8.996000  0.529000
    -2.646000 -8.731000  0.529000
    -2.646000 -8.467000  0.529000
    -2.646000 -8.202000  0.529000
    -2.646000 -7.938000  0.529000
    -2.646000 -7.673000  0.529000
    -2.646000 -7.408000  0.529000
    -2.646000 -7.144000  0.529000
    -2.646000 -6.879000  0.529000
    -2.646000 -6.615000  0.529000
    -2.646000 -6.350000  0.529000
    -2.646000 -6.086000  0.529000
    -2.646000 -5.821000  0.529000
    -2.646000 -5.556000  0.529000
    -2.646000 -5.292000  0.529000
    -2.646000 -5.027000  0.529000
    -2.646000 -4.763000  0.529000
    -2.646000 -4.498000  0.529000
    -2.646000 -4.233000  0.529000
    -2.646000 -3.969000  0.529000
    -2.646000 -3.704000  0.529000
    -2.646000 -3.440000  0.529000
    -2.646000 -3.175000  0.529000
    -2.646000 -2.910000  0.529000
    -2.646000 -2.646000  0.529000
    -2.646000 -2.381000  0.529000
    -2.646000 -2.117000  0.529000
    -2.646000 -1.852000  0.529000
    -2.646000 -1.588000  0.529000
    -2.646000 -1.323000  0.529000
    -2.646000 -1.058000  0.529000
    -2.646000 -0.794000  0.529000
    -2.646000 -0.529000  0.529000
    -2.646000 -0.265000  0.529000
    -2.646000  0.000000  0.529000
    -2.646000  0.265000  0.529000
    -2.646000  0.529000  0.529000
    -2.646000  0.794000  0.529000
    -2.646000  1.058000  0.529000
    -2.646000  1.323000  0.529000
    -2.646000  1.588000  0.529000
    -2.646000  1.852000  0.529000
    -2.646000  2.117000  0.529000
    -2.646000  2.381000  0.529000
    -2.646000  2.646000  0.529000
    -2.646000  2.910000  0.529000
    -2.646000  3.175000  0.529000
    -2.646000  3.440000  0.529000
    -2.646000  3.704000  0.529000
    -2.646000  3.969000  0.529000
    -2.646000  4.233000  0.529000
    -2.646000  4.498000  0.529000
    -2.646000  4.763000  0.529000
    -2.646000  5.027000  0.529000
    -2.646000  5.292000  0.529000
    -2.646000  5.556000  0.529000
    -2.646000  5.821000  0.529000
    -2.646000  6.086000  0.529000
    -2.646000  6.350000  0.529000
    -2.646000  6.615000  0.529000
    -2.646000  6.879000  0.529000
    -2.646000  7.144000  0.529000
    -2.646000  7.408000  0.529000
    -2.646000  7.673000  0.529000
    -2.646000  7.938000  0.529000
    -2.646000  8.202000  0.529000
    -2.646000  8.467000  0.529000
    -2.646000  8.731000  0.529000
    -2.646000  8.996000  0.529000
    -2.646000  9.261000  0.529000
    -2.646000  9.525000  0.529000
    -2.646000  9.790000  0.529000
    -2.646000  10.054000  0.529000
    -2.646000  10.319000  0.529000
    -2.646000  10.584000  0.529000
    -2.381000 -10.584000  0.529000
    -2.381000 -10.319000  0.529000
    -2.381000 -10.054000  0.529000
    -2.381000 -9.790000  0.529000
    -2.381000 -9.525000  0.529000
    -2.381000 -9.261000  0.529000
    -2.381000 -8.996000  0.529000
    -2.381000 -8.731000  0.529000
    -2.381000 -8.467000  0.529000
    -2.381000 -8.202000  0.529000
    -2.381000 -7.938000  0.529000
    -2.381000 -7.673000  0.529000
    -2.381000 -7.408000  0.529000
    -2.381000 -7.144000  0.529000
    -2.381000 -6.879000  0.529000
    -2.381000 -6.615000  0.529000
    -2.381000 -6.350000  0.529000
    -2.381000 -6.086000  0.529000
    -2.381000 -5.821000  0.529000
    -2.381000 -5.556000  0.529000
    -2.381000 -5.292000  0.529000
    -2.381000 -5.027000  0.529000
    -2.381000 -4.763000  0.529000
    -2.381000 -4.498000  0.529000
    -2.381000 -4.233000  0.529000
    -2.381000 -3.969000  0.529000
    -2.381000 -3.704000  0.529000
    -2.381000 -3.440000  0.529000
    -2.381000 -3.175000  0.529000
    -2.381000 -2.910000  0.529000
    -2.381000 -2.646000  0.529000
    -2.381000 -2.381000  0.529000
    -2.381000 -2.117000  0.529000
    -2.381000 -1.852000  0.529000
    -2.381000 -1.588000  0.529000
    -2.381000 -1.323000  0.529000
    -2.381000 -1.058000  0.529000
    -2.381000 -0.794000  0.529000
    -2.381000 -0.529000  0.529000
    -2.381000 -0.265000  0.529000
    -2.381000  0.000000  0.529000
    -2.381000  0.265000  0.529000
    -2.381000  0.529000  0.529000
    -2.381000  0.794000  0.529000
    -2.381000  1.058000  0.529000
    -2.381000  1.323000  0.529000
    -2.381000  1.588000  0.529000
    -2.381000  1.852000  0.529000
    -2.381000  2.117000  0.529000
    -2.381000  2.381000  0.529000
    -2.381000  2.646000  0.529000
    -2.381000  2.910000  0.529000
    -2.381000  3.175000  0.529000
    -2.381000  3.440000  0.529000
    -2.381000  3.704000  0.529000
    -2.381000  3.969000  0.529000
    -2.381000  4.233000  0.529000
    -2.381000  4.498000  0.529000
    -2.381000  4.763000  0.529000
    -2.381000  5.027000  0.529000
    -2.381000  5.292000  0.529000
    -2.381000  5.556000  0.529000
    -2.381000  5.821000  0.529000
    -2.381000  6.086000  0.529000
    -2.381000  6.350000  0.529000
    -2.381000  6.615000  0.529000
    -2.381000  6.879000  0.529000
    -2.381000  7.144000  0.529000
    -2.381000  7.408000  0.529000
    -2.381000  7.673000  0.529000
    -2.381000  7.938000  0.529000
    -2.381000  8.202000  0.529000
    -2.381000  8.467000  0.529000
    -2.381000  8.731000  0.529000
    -2.381000  8.996000  0.529000
    -2.381000  9.261000  0.529000
    -2.381000  9.525000  0.529000
    -2.381000  9.790000  0.529000
    -2.381000  10.054000  0.529000
    -2.381000  10.319000  0.529000
    -2.381000  10.584000  0.529000
    -2.117000 -10.584000  0.529000
    -2.117000 -10.319000  0.529000
    -2.117000 -10.054000  0.529000
    -2.117000 -9.790000  0.529000
    -2.117000 -9.525000  0.529000
    -2.117000 -9.261000  0.529000
    -2.117000 -8.996000  0.529000
    -2.117000 -8.731000  0.529000
    -2.117000 -8.467000  0.529000
    -2.117000 -8.202000  0.529000
    -2.117000 -7.938000  0.529000
    -2.117000 -7.673000  0.529000
    -2.117000 -7.408000  0.529000
    -2.117000 -7.144000  0.529000
    -2.117000 -6.879000  0.529000
    -2.117000 -6.615000  0.529000
    -2.117000 -6.350000  0.529000
    -2.117000 -6.086000  0.529000
    -2.117000 -5.821000  0.529000
    -2.117000 -5.556000  0.529000
    -2.117000 -5.292000  0.529000
    -2.117000 -5.027000  0.529000
    -2.117000 -4.763000  0.529000
    -2.117000 -4.498000  0.529000
    -2.117000 -4.233000  0.529000
    -2.117000 -3.969000  0.529000
    -2.117000 -3.704000  0.529000
    -2.117000 -3.440000  0.529000
    -2.117000 -3.175000  0.529000
    -2.117000 -2.910000  0.529000
    -2.117000 -2.646000  0.529000
    -2.117000 -2.381000  0.529000
    -2.117000 -2.117000  0.529000
    -2.117000 -1.852000  0.529000
    -2.117000 -1.588000  0.529000
    -2.117000 -1.323000  0.529000
    -2.117000 -1.058000  0.529000
    -2.117000 -0.794000  0.529000
    -2.117000 -0.529000  0.529000
    -2.117000 -0.265000  0.529000
    -2.117000  0.000000  0.529000
    -2.117000  0.265000  0.529000
    -2.117000  0.529000  0.529000
    -2.117000  0.794000  0.529000
    -2.117000  1.058000  0.529000
    -2.117000  1.323000  0.529000
    -2.117000  1.588000  0.529000
    -2.117000  1.852000  0.529000
    -2.117000  2.117000  0.529000
    -2.117000  2.381000  0.529000
    -2.117000  2.646000  0.529000
    -2.117000  2.910000  0.529000
    -2.117000  3.175000  0.529000
    -2.117000  3.440000  0.529000
    -2.117000  3.704000  0.529000
    -2.117000  3.969000  0.529000
    -2.117000  4.233000  0.529000
    -2.117000  4.498000  0.529000
    -2.117000  4.763000  0.529000
    -2.117000  5.027000  0.529000
    -2.117000  5.292000  0.529000
    -2.117000  5.556000  0.529000
    -2.117000  5.821000  0.529000
    -2.117000  6.086000  0.529000
    -2.117000  6.350000  0.529000
    -2.117000  6.615000  0.529000
    -2.117000  6.879000  0.529000
    -2.117000  7.144000  0.529000
    -2.117000  7.408000  0.529000
    -2.117000  7.673000  0.529000
    -2.117000  7.938000  0.529000
    -2.117000  8.202000  0.529000
    -2.117000  8.467000  0.529000
    -2.117000  8.731000  0.529000
    -2.117000  8.996000  0.529000
    -2.117000  9.261000  0.529000
    -2.117000  9.525000  0.529000
    -2.117000  9.790000  0.529000
    -2.117000  10.054000  0.529000
    -2.117000  10.319000  0.529000
    -2.117000  10.584000  0.529000
    -1.852000 -10.584000  0.529000
    -1.852000 -10.319000  0.529000
    -1.852000 -10.054000  0.529000
    -1.852000 -9.790000  0.529000
    -1.852000 -9.525000  0.529000
    -1.852000 -9.261000  0.529000
    -1.852000 -8.996000  0.529000
    -1.852000 -8.731000  0.529000
    -1.852000 -8.467000  0.529000
    -1.852000 -8.202000  0.529000
    -1.852000 -7.938000  0.529000
    -1.852000 -7.673000  0.529000
    -1.852000 -7.408000  0.529000
    -1.852000 -7.144000  0.529000
    -1.852000 -6.879000  0.529000
    -1.852000 -6.615000  0.529000
    -1.852000 -6.350000  0.529000
    -1.852000 -6.086000  0.529000
    -1.852000 -5.821000  0.529000
    -1.852000 -5.556000  0.529000
    -1.852000 -5.292000  0.529000
    -1.852000 -5.027000  0.529000
    -1.852000 -4.763000  0.529000
    -1.852000 -4.498000  0.529000
    -1.852000 -4.233000  0.529000
    -1.852000 -3.969000  0.529000
    -1.852000 -3.704000  0.529000
    -1.852000 -3.440000  0.529000
    -1.852000 -3.175000  0.529000
    -1.852000 -2.910000  0.529000
    -1.852000 -2.646000  0.529000
    -1.852000 -2.381000  0.529000
    -1.852000 -2.117000  0.529000
    -1.852000 -1.852000  0.529000
    -1.852000 -1.588000  0.529000
    -1.852000 -1.323000  0.529000
    -1.852000 -1.058000  0.529000
    -1.852000 -0.794000  0.529000
    -1.852000 -0.529000  0.529000
    -1.852000 -0.265000  0.529000
    -1.852000  0.000000  0.529000
    -1.852000  0.265000  0.529000
    -1.852000  0.529000  0.529000
    -1.852000  0.794000  0.529000
    -1.852000  1.058000  0.529000
    -1.852000  1.323000  0.529000
    -1.852000  1.588000  0.529000
    -1.852000  1.852000  0.529000
    -1.852000  2.117000  0.529000
    -1.852000  2.381000  0.529000
    -1.852000  2.646000  0.529000
    -1.852000  2.910000  0.529000
    -1.852000  3.175000  0.529000
    -1.852000  3.440000  0.529000
    -1.852000  3.704000  0.529000
    -1.852000  3.969000  0.529000
    -1.852000  4.233000  0.529000
    -1.852000  4.498000  0.529000
    -1.852000  4.763000  0.529000
    -1.852000  5.027000  0.529000
    -1.852000  5.292000  0.529000
    -1.852000  5.556000  0.529000
    -1.852000  5.821000  0.529000
    -1.852000  6.086000  0.529000
    -1.852000  6.350000  0.529000
    -1.852000  6.615000  0.529000
    -1.852000  6.879000  0.529000
    -1.852000  7.144000  0.529000
    -1.852000  7.408000  0.529000
    -1.852000  7.673000  0.529000
    -1.852000  7.938000  0.529000
    -1.852000  8.202000  0.529000
    -1.852000  8.467000  0.529000
    -1.852000  8.731000  0.529000
    -1.852000  8.996000  0.529000
    -1.852000  9.261000  0.529000
    -1.852000  9.525000  0.529000
    -1.852000  9.790000  0.529000
    -1.852000  10.054000  0.529000
    -1.852000  10.319000  0.529000
    -1.852000  10.584000  0.529000
    -1.588000 -10.584000  0.529000
    -1.588000 -10.319000  0.529000
    -1.588000 -10.054000  0.529000
    -1.588000 -9.790000  0.529000
    -1.588000 -9.525000  0.529000
    -1.588000 -9.261000  0.529000
    -1.588000 -8.996000  0.529000
    -1.588000 -8.731000  0.529000
    -1.588000 -8.467000  0.529000
    -1.588000 -8.202000  0.529000
    -1.588000 -7.938000  0.529000
    -1.588000 -7.673000  0.529000
    -1.588000 -7.408000  0.529000
    -1.588000 -7.144000  0.529000
    -1.588000 -6.879000  0.529000
    -1.588000 -6.615000  0.529000
    -1.588000 -6.350000  0.529000
    -1.588000 -6.086000  0.529000
    -1.588000 -5.821000  0.529000
    -1.588000 -5.556000  0.529000
    -1.588000 -5.292000  0.529000
    -1.588000 -5.027000  0.529000
    -1.588000 -4.763000  0.529000
    -1.588000 -4.498000  0.529000
    -1.588000 -4.233000  0.529000
    -1.588000 -3.969000  0.529000
    -1.588000 -3.704000  0.529000
    -1.588000 -3.440000  0.529000
    -1.588000 -3.175000  0.529000
    -1.588000 -2.910000  0.529000
    -1.588000 -2.646000  0.529000
    -1.588000 -2.381000  0.529000
    -1.588000 -2.117000  0.529000
    -1.588000 -1.852000  0.529000
    -1.588000 -1.588000  0.529000
    -1.588000 -1.323000  0.529000
    -1.588000 -1.058000  0.529000
    -1.588000 -0.794000  0.529000
    -1.588000 -0.529000  0.529000
    -1.588000 -0.265000  0.529000
    -1.588000  0.000000  0.529000
    -1.588000  0.265000  0.529000
    -1.588000  0.529000  0.529000
    -1.588000  0.794000  0.529000
    -1.588000  1.058000  0.529000
    -1.588000  1.323000  0.529000
    -1.588000  1.588000  0.529000
    -1.588000  1.852000  0.529000
    -1.588000  2.117000  0.529000
    -1.588000  2.381000  0.529000
    -1.588000  2.646000  0.529000
    -1.588000  2.910000  0.529000
    -1.588000  3.175000  0.529000
    -1.588000  3.440000  0.529000
    -1.588000  3.704000  0.529000
    -1.588000  3.969000  0.529000
    -1.588000  4.233000  0.529000
    -1.588000  4.498000  0.529000
    -1.588000  4.763000  0.529000
    -1.588000  5.027000  0.529000
    -1.588000  5.292000  0.529000
    -1.588000  5.556000  0.529000
    -1.588000  5.821000  0.529000
    -1.588000  6.086000  0.529000
    -1.588000  6.350000  0.529000
    -1.588000  6.615000  0.529000
    -1.588000  6.879000  0.529000
    -1.588000  7.144000  0.529000
    -1.588000  7.408000  0.529000
    -1.588000  7.673000  0.529000
    -1.588000  7.938000  0.529000
    -1.588000  8.202000  0.529000
    -1.588000  8.467000  0.529000
    -1.588000  8.731000  0.529000
    -1.588000  8.996000  0.529000
    -1.588000  9.261000  0.529000
    -1.588000  9.525000  0.529000
    -1.588000  9.790000  0.529000
    -1.588000  10.054000  0.529000
    -1.588000  10.319000  0.529000
    -1.588000  10.584000  0.529000
    -1.323000 -10.584000  0.529000
    -1.323000 -10.319000  0.529000
    -1.323000 -10.054000  0.529000
    -1.323000 -9.790000  0.529000
    -1.323000 -9.525000  0.529000
    -1.323000 -9.261000  0.529000
    -1.323000 -8.996000  0.529000
    -1.323000 -8.731000  0.529000
    -1.323000 -8.467000  0.529000
    -1.323000 -8.202000  0.529000
    -1.323000 -7.938000  0.529000
    -1.323000 -7.673000  0.529000
    -1.323000 -7.408000  0.529000
    -1.323000 -7.144000  0.529000
    -1.323000 -6.879000  0.529000
    -1.323000 -6.615000  0.529000
    -1.323000 -6.350000  0.529000
    -1.323000 -6.086000  0.529000
    -1.323000 -5.821000  0.529000
    -1.323000 -5.556000  0.529000
    -1.323000 -5.292000  0.529000
    -1.323000 -5.027000  0.529000
    -1.323000 -4.763000  0.529000
    -1.323000 -4.498000  0.529000
    -1.323000 -4.233000  0.529000
    -1.323000 -3.969000  0.529000
    -1.323000 -3.704000  0.529000
    -1.323000 -3.440000  0.529000
    -1.323000 -3.175000  0.529000
    -1.323000 -2.910000  0.529000
    -1.323000 -2.646000  0.529000
    -1.323000 -2.381000  0.529000
    -1.323000 -2.117000  0.529000
    -1.323000 -1.852000  0.529000
    -1.323000 -1.588000  0.529000
    -1.323000 -1.323000  0.529000
    -1.323000 -1.058000  0.529000
    -1.323000 -0.794000  0.529000
    -1.323000 -0.529000  0.529000
    -1.323000 -0.265000  0.529000
    -1.323000  0.000000  0.529000
    -1.323000  0.265000  0.529000
    -1.323000  0.529000  0.529000
    -1.323000  0.794000  0.529000
    -1.323000  1.058000  0.529000
    -1.323000  1.323000  0.529000
    -1.323000  1.588000  0.529000
    -1.323000  1.852000  0.529000
    -1.323000  2.117000  0.529000
    -1.323000  2.381000  0.529000
    -1.323000  2.646000  0.529000
    -1.323000  2.910000  0.529000
    -1.323000  3.175000  0.529000
    -1.323000  3.440000  0.529000
    -1.323000  3.704000  0.529000
    -1.323000  3.969000  0.529000
    -1.323000  4.233000  0.529000
    -1.323000  4.498000  0.529000
    -1.323000  4.763000  0.529000
    -1.323000  5.027000  0.529000
    -1.323000  5.292000  0.529000
    -1.323000  5.556000  0.529000
    -1.323000  5.821000  0.529000
    -1.323000  6.086000  0.529000
    -1.323000  6.350000  0.529000
    -1.323000  6.615000  0.529000
    -1.323000  6.879000  0.529000
    -1.323000  7.144000  0.529000
    -1.323000  7.408000  0.529000
    -1.323000  7.673000  0.529000
    -1.323000  7.938000  0.529000
    -1.323000  8.202000  0.529000
    -1.323000  8.467000  0.529000
    -1.323000  8.731000  0.529000
    -1.323000  8.996000  0.529000
    -1.323000  9.261000  0.529000
    -1.323000  9.525000  0.529000
    -1.323000  9.790000  0.529000
    -1.323000  10.054000  0.529000
    -1.323000  10.319000  0.529000
    -1.323000  10.584000  0.529000
    -1.058000 -10.584000  0.529000
    -1.058000 -10.319000  0.529000
    -1.058000 -10.054000  0.529000
    -1.058000 -9.790000  0.529000
    -1.058000 -9.525000  0.529000
    -1.058000 -9.261000  0.529000
    -1.058000 -8.996000  0.529000
    -1.058000 -8.731000  0.529000
    -1.058000 -8.467000  0.529000
    -1.058000 -8.202000  0.529000
    -1.058000 -7.938000  0.529000
    -1.058000 -7.673000  0.529000
    -1.058000 -7.408000  0.529000
    -1.058000 -7.144000  0.529000
    -1.058000 -6.879000  0.529000
    -1.058000 -6.615000  0.529000
    -1.058000 -6.350000  0.529000
    -1.058000 -6.086000  0.529000
    -1.058000 -5.821000  0.529000
    -1.058000 -5.556000  0.529000
    -1.058000 -5.292000  0.529000
    -1.058000 -5.027000  0.529000
    -1.058000 -4.763000  0.529000
    -1.058000 -4.498000  0.529000
    -1.058000 -4.233000  0.529000
    -1.058000 -3.969000  0.529000
    -1.058000 -3.704000  0.529000
    -1.058000 -3.440000  0.529000
    -1.058000 -3.175000  0.529000
    -1.058000 -2.910000  0.529000
    -1.058000 -2.646000  0.529000
    -1.058000 -2.381000  0.529000
    -1.058000 -2.117000  0.529000
    -1.058000 -1.852000  0.529000
    -1.058000 -1.588000  0.529000
    -1.058000 -1.323000  0.529000
    -1.058000 -1.058000  0.529000
    -1.058000 -0.794000  0.529000
    -1.058000 -0.529000  0.529000
    -1.058000 -0.265000  0.529000
    -1.058000  0.000000  0.529000
    -1.058000  0.265000  0.529000
    -1.058000  0.529000  0.529000
    -1.058000  0.794000  0.529000
    -1.058000  1.058000  0.529000
    -1.058000  1.323000  0.529000
    -1.058000  1.588000  0.529000
    -1.058000  1.852000  0.529000
    -1.058000  2.117000  0.529000
    -1.058000  2.381000  0.529000
    -1.058000  2.646000  0.529000
    -1.058000  2.910000  0.529000
    -1.058000  3.175000  0.529000
    -1.058000  3.440000  0.529000
    -1.058000  3.704000  0.529000
    -1.058000  3.969000  0.529000
    -1.058000  4.233000  0.529000
    -1.058000  4.498000  0.529000
    -1.058000  4.763000  0.529000
    -1.058000  5.027000  0.529000
    -1.058000  5.292000  0.529000
    -1.058000  5.556000  0.529000
    -1.058000  5.821000  0.529000
    -1.058000  6.086000  0.529000
    -1.058000  6.350000  0.529000
    -1.058000  6.615000  0.529000
    -1.058000  6.879000  0.529000
    -1.058000  7.144000  0.529000
    -1.058000  7.408000  0.529000
    -1.058000  7.673000  0.529000
    -1.058000  7.938000  0.529000
    -1.058000  8.202000  0.529000
    -1.058000  8.467000  0.529000
    -1.058000  8.731000  0.529000
    -1.058000  8.996000  0.529000
    -1.058000  9.261000  0.529000
    -1.058000  9.525000  0.529000
    -1.058000  9.790000  0.529000
    -1.058000  10.054000  0.529000
    -1.058000  10.319000  0.529000
    -1.058000  10.584000  0.529000
    -0.794000 -10.584000  0.529000
    -0.794000 -10.319000  0.529000
    -0.794000 -10.054000  0.529000
    -0.794000 -9.790000  0.529000
    -0.794000 -9.525000  0.529000
    -0.794000 -9.261000  0.529000
    -0.794000 -8.996000  0.529000
    -0.794000 -8.731000  0.529000
    -0.794000 -8.467000  0.529000
    -0.794000 -8.202000  0.529000
    -0.794000 -7.938000  0.529000
    -0.794000 -7.673000  0.529000
    -0.794000 -7.408000  0.529000
    -0.794000 -7.144000  0.529000
    -0.794000 -6.879000  0.529000
    -0.794000 -6.615000  0.529000
    -0.794000 -6.350000  0.529000
    -0.794000 -6.086000  0.529000
    -0.794000 -5.821000  0.529000
    -0.794000 -5.556000  0.529000
    -0.794000 -5.292000  0.529000
    -0.794000 -5.027000  0.529000
    -0.794000 -4.763000  0.529000
    -0.794000 -4.498000  0.529000
    -0.794000 -4.233000  0.529000
    -0.794000 -3.969000  0.529000
    -0.794000 -3.704000  0.529000
    -0.794000 -3.440000  0.529000
    -0.794000 -3.175000  0.529000
    -0.794000 -2.910000  0.529000
    -0.794000 -2.646000  0.529000
    -0.794000 -2.381000  0.529000
    -0.794000 -2.117000  0.529000
    -0.794000 -1.852000  0.529000
    -0.794000 -1.588000  0.529000
    -0.794000 -1.323000  0.529000
    -0.794000 -1.058000  0.529000
    -0.794000 -0.794000  0.529000
    -0.794000 -0.529000  0.529000
    -0.794000 -0.265000  0.529000
    -0.794000  0.000000  0.529000
    -0.794000  0.265000  0.529000
    -0.794000  0.529000  0.529000
    -0.794000  0.794000  0.529000
    -0.794000  1.058000  0.529000
    -0.794000  1.323000  0.529000
    -0.794000  1.588000  0.529000
    -0.794000  1.852000  0.529000
    -0.794000  2.117000  0.529000
    -0.794000  2.381000  0.529000
    -0.794000  2.646000  0.529000
    -0.794000  2.910000  0.529000
    -0.794000  3.175000  0.529000
    -0.794000  3.440000  0.529000
    -0.794000  3.704000  0.529000
    -0.794000  3.969000  0.529000
    -0.794000  4.233000  0.529000
    -0.794000  4.498000  0.529000
    -0.794000  4.763000  0.529000
    -0.794000  5.027000  0.529000
    -0.794000  5.292000  0.529000
    -0.794000  5.556000  0.529000
    -0.794000  5.821000  0.529000
    -0.794000  6.086000  0.529000
    -0.794000  6.350000  0.529000
    -0.794000  6.615000  0.529000
    -0.794000  6.879000  0.529000
    -0.794000  7.144000  0.529000
    -0.794000  7.408000  0.529000
    -0.794000  7.673000  0.529000
    -0.794000  7.938000  0.529000
    -0.794000  8.202000  0.529000
    -0.794000  8.467000  0.529000
    -0.794000  8.731000  0.529000
    -0.794000  8.996000  0.529000
    -0.794000  9.261000  0.529000
    -0.794000  9.525000  0.529000
    -0.794000  9.790000  0.529000
    -0.794000  10.054000  0.529000
    -0.794000  10.319000  0.529000
    -0.794000  10.584000  0.529000
    -0.529000 -10.584000  0.529000
    -0.529000 -10.319000  0.529000
    -0.529000 -10.054000  0.529000
    -0.529000 -9.790000  0.529000
    -0.529000 -9.525000  0.529000
    -0.529000 -9.261000  0.529000
    -0.529000 -8.996000  0.529000
    -0.529000 -8.731000  0.529000
    -0.529000 -8.467000  0.529000
    -0.529000 -8.202000  0.529000
    -0.529000 -7.938000  0.529000
    -0.529000 -7.673000  0.529000
    -0.529000 -7.408000  0.529000
    -0.529000 -7.144000  0.529000
    -0.529000 -6.879000  0.529000
    -0.529000 -6.615000  0.529000
    -0.529000 -6.350000  0.529000
    -0.529000 -6.086000  0.529000
    -0.529000 -5.821000  0.529000
    -0.529000 -5.556000  0.529000
    -0.529000 -5.292000  0.529000
    -0.529000 -5.027000  0.529000
    -0.529000 -4.763000  0.529000
    -0.529000 -4.498000  0.529000
    -0.529000 -4.233000  0.529000
    -0.529000 -3.969000  0.529000
    -0.529000 -3.704000  0.529000
    -0.529000 -3.440000  0.529000
    -0.529000 -3.175000  0.529000
    -0.529000 -2.910000  0.529000
    -0.529000 -2.646000  0.529000
    -0.529000 -2.381000  0.529000
    -0.529000 -2.117000  0.529000
    -0.529000 -1.852000  0.529000
    -0.529000 -1.588000  0.529000
    -0.529000 -1.323000  0.529000
    -0.529000 -1.058000  0.529000
    -0.529000 -0.794000  0.529000
    -0.529000 -0.529000  0.529000
    -0.529000 -0.265000  0.529000
    -0.529000  0.000000  0.529000
    -0.529000  0.265000  0.529000
    -0.529000  0.529000  0.529000
    -0.529000  0.794000  0.529000
    -0.529000  1.058000  0.529000
    -0.529000  1.323000  0.529000
    -0.529000  1.588000  0.529000
    -0.529000  1.852000  0.529000
    -0.529000  2.117000  0.529000
    -0.529000  2.381000  0.529000
    -0.529000  2.646000  0.529000
    -0.529000  2.910000  0.529000
    -0.529000  3.175000  0.529000
    -0.529000  3.440000  0.529000
    -0.529000  3.704000  0.529000
    -0.529000  3.969000  0.529000
    -0.529000  4.233000  0.529000
    -0.529000  4.498000  0.529000
    -0.529000  4.763000  0.529000
    -0.529000  5.027000  0.529000
    -0.529000  5.292000  0.529000
    -0.529000  5.556000  0.529000
    -0.529000  5.821000  0.529000
    -0.529000  6.086000  0.529000
    -0.529000  6.350000  0.529000
    -0.529000  6.615000  0.529000
    -0.529000  6.879000  0.529000
    -0.529000  7.144000  0.529000
    -0.529000  7.408000  0.529000
    -0.529000  7.673000  0.529000
    -0.529000  7.938000  0.529000
    -0.529000  8.202000  0.529000
    -0.529000  8.467000  0.529000
    -0.529000  8.731000  0.529000
    -0.529000  8.996000  0.529000
    -0.529000  9.261000  0.529000
    -0.529000  9.525000  0.529000
    -0.529000  9.790000  0.529000
    -0.529000  10.054000  0.529000
    -0.529000  10.319000  0.529000
    -0.529000  10.584000  0.529000
    -0.265000 -10.584000  0.529000
    -0.265000 -10.319000  0.529000
    -0.265000 -10.054000  0.529000
    -0.265000 -9.790000  0.529000
    -0.265000 -9.525000  0.529000
    -0.265000 -9.261000  0.529000
    -0.265000 -8.996000  0.529000
    -0.265000 -8.731000  0.529000
    -0.265000 -8.467000  0.529000
    -0.265000 -8.202000  0.529000
    -0.265000 -7.938000  0.529000
    -0.265000 -7.673000  0.529000
    -0.265000 -7.408000  0.529000
    -0.265000 -7.144000  0.529000
    -0.265000 -6.879000  0.529000
    -0.265000 -6.615000  0.529000
    -0.265000 -6.350000  0.529000
    -0.265000 -6.086000  0.529000
    -0.265000 -5.821000  0.529000
    -0.265000 -5.556000  0.529000
    -0.265000 -5.292000  0.529000
    -0.265000 -5.027000  0.529000
    -0.265000 -4.763000  0.529000
    -0.265000 -4.498000  0.529000
    -0.265000 -4.233000  0.529000
    -0.265000 -3.969000  0.529000
    -0.265000 -3.704000  0.529000
    -0.265000 -3.440000  0.529000
    -0.265000 -3.175000  0.529000
    -0.265000 -2.910000  0.529000
    -0.265000 -2.646000  0.529000
    -0.265000 -2.381000  0.529000
    -0.265000 -2.117000  0.529000
    -0.265000 -1.852000  0.529000
    -0.265000 -1.588000  0.529000
    -0.265000 -1.323000  0.529000
    -0.265000 -1.058000  0.529000
    -0.265000 -0.794000  0.529000
    -0.265000 -0.529000  0.529000
    -0.265000 -0.265000  0.529000
    -0.265000  0.000000  0.529000
    -0.265000  0.265000  0.529000
    -0.265000  0.529000  0.529000
    -0.265000  0.794000  0.529000
    -0.265000  1.058000  0.529000
    -0.265000  1.323000  0.529000
    -0.265000  1.588000  0.529000
    -0.265000  1.852000  0.529000
    -0.265000  2.117000  0.529000
    -0.265000  2.381000  0.529000
    -0.265000  2.646000  0.529000
    -0.265000  2.910000  0.529000
    -0.265000  3.175000  0.529000
    -0.265000  3.440000  0.529000
    -0.265000  3.704000  0.529000
    -0.265000  3.969000  0.529000
    -0.265000  4.233000  0.529000
    -0.265000  4.498000  0.529000
    -0.265000  4.763000  0.529000
    -0.265000  5.027000  0.529000
    -0.265000  5.292000  0.529000
    -0.265000  5.556000  0.529000
    -0.265000  5.821000  0.529000
    -0.265000  6.086000  0.529000
    -0.265000  6.350000  0.529000
    -0.265000  6.615000  0.529000
    -0.265000  6.879000  0.529000
    -0.265000  7.144000  0.529000
    -0.265000  7.408000  0.529000
    -0.265000  7.673000  0.529000
    -0.265000  7.938000  0.529000
    -0.265000  8.202000  0.529000
    -0.265000  8.467000  0.529000
    -0.265000  8.731000  0.529000
    -0.265000  8.996000  0.529000
    -0.265000  9.261000  0.529000
    -0.265000  9.525000  0.529000
    -0.265000  9.790000  0.529000
    -0.265000  10.054000  0.529000
    -0.265000  10.319000  0.529000
    -0.265000  10.584000  0.529000
     0.000000 -10.584000  0.529000
     0.000000 -10.319000  0.529000
     0.000000 -10.054000  0.529000
     0.000000 -9.790000  0.529000
     0.000000 -9.525000  0.529000
     0.000000 -9.261000  0.529000
     0.000000 -8.996000  0.529000
     0.000000 -8.731000  0.529000
     0.000000 -8.467000  0.529000
     0.000000 -8.202000  0.529000
     0.000000 -7.938000  0.529000
     0.000000 -7.673000  0.529000
     0.000000 -7.408000  0.529000
     0.000000 -7.144000  0.529000
     0.000000 -6.879000  0.529000
     0.000000 -6.615000  0.529000
     0.000000 -6.350000  0.529000
     0.000000 -6.086000  0.529000
     0.000000 -5.821000  0.529000
     0.000000 -5.556000  0.529000
     0.000000 -5.292000  0.529000
     0.000000 -5.027000  0.529000
     0.000000 -4.763000  0.529000
     0.000000 -4.498000  0.529000
     0.000000 -4.233000  0.529000
     0.000000 -3.969000  0.529000
     0.000000 -3.704000  0.529000
     0.000000 -3.440000  0.529000
     0.000000 -3.175000  0.529000
     0.000000 -2.910000  0.529000
     0.000000 -2.646000  0.529000
     0.000000 -2.381000  0.529000
     0.000000 -2.117000  0.529000
     0.000000 -1.852000  0.529000
     0.000000 -1.588000  0.529000
     0.000000 -1.323000  0.529000
     0.000000 -1.058000  0.529000
     0.000000 -0.794000  0.529000
     0.000000 -0.529000  0.529000
     0.000000 -0.265000  0.529000
     0.000000  0.000000  0.529000
     0.000000  0.265000  0.529000
     0.000000  0.529000  0.529000
     0.000000  0.794000  0.529000
     0.000000  1.058000  0.529000
     0.000000  1.323000  0.529000
     0.000000  1.588000  0.529000
     0.000000  1.852000  0.529000
     0.000000  2.117000  0.529000
     0.000000  2.381000  0.529000
     0.000000  2.646000  0.529000
     0.000000  2.910000  0.529000
     0.000000  3.175000  0.529000
     0.000000  3.440000  0.529000
     0.000000  3.704000  0.529000
     0.000000  3.969000  0.529000
     0.000000  4.233000  0.529000
     0.000000  4.498000  0.529000
     0.000000  4.763000  0.529000
     0.000000  5.027000  0.529000
     0.000000  5.292000  0.529000
     0.000000  5.556000  0.529000
     0.000000  5.821000  0.529000
     0.000000  6.086000  0.529000
     0.000000  6.350000  0.529000
     0.000000  6.615000  0.529000
     0.000000  6.879000  0.529000
     0.000000  7.144000  0.529000
     0.000000  7.408000  0.529000
     0.000000  7.673000  0.529000
     0.000000  7.938000  0.529000
     0.000000  8.202000  0.529000
     0.000000  8.467000  0.529000
     0.000000  8.731000  0.529000
     0.000000  8.996000  0.529000
     0.000000  9.261000  0.529000
     0.000000  9.525000  0.529000
     0.000000  9.790000  0.529000
     0.000000  10.054000  0.529000
     0.000000  10.319000  0.529000
     0.000000  10.584000  0.529000
     0.265000 -10.584000  0.529000
     0.265000 -10.319000  0.529000
     0.265000 -10.054000  0.529000
     0.265000 -9.790000  0.529000
     0.265000 -9.525000  0.529000
     0.265000 -9.261000  0.529000
     0.265000 -8.996000  0.529000
     0.265000 -8.731000  0.529000
     0.265000 -8.467000  0.529000
     0.265000 -8.202000  0.529000
     0.265000 -7.938000  0.529000
     0.265000 -7.673000  0.529000
     0.265000 -7.408000  0.529000
     0.265000 -7.144000  0.529000
     0.265000 -6.879000  0.529000
     0.265000 -6.615000  0.529000
     0.265000 -6.350000  0.529000
     0.265000 -6.086000  0.529000
     0.265000 -5.821000  0.529000
     0.265000 -5.556000  0.529000
     0.265000 -5.292000  0.529000
     0.265000 -5.027000  0.529000
     0.265000 -4.763000  0.529000
     0.265000 -4.498000  0.529000
     0.265000 -4.233000  0.529000
     0.265000 -3.969000  0.529000
     0.265000 -3.704000  0.529000
     0.265000 -3.440000  0.529000
     0.265000 -3.175000  0.529000
     0.265000 -2.910000  0.529000
     0.265000 -2.646000  0.529000
     0.265000 -2.381000  0.529000
     0.265000 -2.117000  0.529000
     0.265000 -1.852000  0.529000
     0.265000 -1.588000  0.529000
     0.265000 -1.323000  0.529000
     0.265000 -1.058000  0.529000
     0.265000 -0.794000  0.529000
     0.265000 -0.529000  0.529000
     0.265000 -0.265000  0.529000
     0.265000  0.000000  0.529000
     0.265000  0.265000  0.529000
     0.265000  0.529000  0.529000
     0.265000  0.794000  0.529000
     0.265000  1.058000  0.529000
     0.265000  1.323000  0.529000
     0.265000  1.588000  0.529000
     0.265000  1.852000  0.529000
     0.265000  2.117000  0.529000
     0.265000  2.381000  0.529000
     0.265000  2.646000  0.529000
     0.265000  2.910000  0.529000
     0.265000  3.175000  0.529000
     0.265000  3.440000  0.529000
     0.265000  3.704000  0.529000
     0.265000  3.969000  0.529000
     0.265000  4.233000  0.529000
     0.265000  4.498000  0.529000
     0.265000  4.763000  0.529000
     0.265000  5.027000  0.529000
     0.265000  5.292000  0.529000
     0.265000  5.556000  0.529000
     0.265000  5.821000  0.529000
     0.265000  6.086000  0.529000
     0.265000  6.350000  0.529000
     0.265000  6.615000  0.529000
     0.265000  6.879000  0.529000
     0.265000  7.144000  0.529000
     0.265000  7.408000  0.529000
     0.265000  7.673000  0.529000
     0.265000  7.938000  0.529000
     0.265000  8.202000  0.529000
     0.265000  8.467000  0.529000
     0.265000  8.731000  0.529000
     0.265000  8.996000  0.529000
     0.265000  9.261000  0.529000
     0.265000  9.525000  0.529000
     0.265000  9.790000  0.529000
     0.265000  10.054000  0.529000
     0.265000  10.319000  0.529000
     0.265000  10.584000  0.529000
     0.529000 -10.584000  0.529000
     0.529000 -10.319000  0.529000
     0.529000 -10.054000  0.529000
     0.529000 -9.790000  0.529000
     0.529000 -9.525000  0.529000
     0.529000 -9.261000  0.529000
     0.529000 -8.996000  0.529000
     0.529000 -8.731000  0.529000
     0.529000 -8.467000  0.529000
     0.529000 -8.202000  0.529000
     0.529000 -7.938000  0.529000
     0.529000 -7.673000  0.529000
     0.529000 -7.408000  0.529000
     0.529000 -7.144000  0.529000
     0.529000 -6.879000  0.529000
     0.529000 -6.615000  0.529000
     0.529000 -6.350000  0.529000
     0.529000 -6.086000  0.529000
     0.529000 -5.821000  0.529000
     0.529000 -5.556000  0.529000
     0.529000 -5.292000  0.529000
     0.529000 -5.027000  0.529000
     0.529000 -4.763000  0.529000
     0.529000 -4.498000  0.529000
     0.529000 -4.233000  0.529000
     0.529000 -3.969000  0.529000
     0.529000 -3.704000  0.529000
     0.529000 -3.440000  0.529000
     0.529000 -3.175000  0.529000
     0.529000 -2.910000  0.529000
     0.529000 -2.646000  0.529000
     0.529000 -2.381000  0.529000
     0.529000 -2.117000  0.529000
     0.529000 -1.852000  0.529000
     0.529000 -1.588000  0.529000
     0.529000 -1.323000  0.529000
     0.529000 -1.058000  0.529000
     0.529000 -0.794000  0.529000
     0.529000 -0.529000  0.529000
     0.529000 -0.265000  0.529000
     0.529000  0.000000  0.529000
     0.529000  0.265000  0.529000
     0.529000  0.529000  0.529000
     0.529000  0.794000  0.529000
     0.529000  1.058000  0.529000
     0.529000  1.323000  0.529000
     0.529000  1.588000  0.529000
     0.529000  1.852000  0.529000
     0.529000  2.117000  0.529000
     0.529000  2.381000  0.529000
     0.529000  2.646000  0.529000
     0.529000  2.910000  0.529000
     0.529000  3.175000  0.529000
     0.529000  3.440000  0.529000
     0.529000  3.704000  0.529000
     0.529000  3.969000  0.529000
     0.529000  4.233000  0.529000
     0.529000  4.498000  0.529000
     0.529000  4.763000  0.529000
     0.529000  5.027000  0.529000
     0.529000  5.292000  0.529000
     0.529000  5.556000  0.529000
     0.529000  5.821000  0.529000
     0.529000  6.086000  0.529000
     0.529000  6.350000  0.529000
     0.529000  6.615000  0.529000
     0.529000  6.879000  0.529000
     0.529000  7.144000  0.529000
     0.529000  7.408000  0.529000
     0.529000  7.673000  0.529000
     0.529000  7.938000  0.529000
     0.529000  8.202000  0.529000
     0.529000  8.467000  0.529000
     0.529000  8.731000  0.529000
     0.529000  8.996000  0.529000
     0.529000  9.261000  0.529000
     0.529000  9.525000  0.529000
     0.529000  9.790000  0.529000
     0.529000  10.054000  0.529000
     0.529000  10.319000  0.529000
     0.529000  10.584000  0.529000
     0.794000 -10.584000  0.529000
     0.794000 -10.319000  0.529000
     0.794000 -10.054000  0.529000
     0.794000 -9.790000  0.529000
     0.794000 -9.525000  0.529000
     0.794000 -9.261000  0.529000
     0.794000 -8.996000  0.529000
     0.794000 -8.731000  0.529000
     0.794000 -8.467000  0.529000
     0.794000 -8.202000  0.529000
     0.794000 -7.938000  0.529000
     0.794000 -7.673000  0.529000
     0.794000 -7.408000  0.529000
     0.794000 -7.144000  0.529000
     0.794000 -6.879000  0.529000
     0.794000 -6.615000  0.529000
     0.794000 -6.350000  0.529000
     0.794000 -6.086000  0.529000
     0.794000 -5.821000  0.529000
     0.794000 -5.556000  0.529000
     0.794000 -5.292000  0.529000
     0.794000 -5.027000  0.529000
     0.794000 -4.763000  0.529000
     0.794000 -4.498000  0.529000
     0.794000 -4.233000  0.529000
     0.794000 -3.969000  0.529000
     0.794000 -3.704000  0.529000
     0.794000 -3.440000  0.529000
     0.794000 -3.175000  0.529000
     0.794000 -2.910000  0.529000
     0.794000 -2.646000  0.529000
     0.794000 -2.381000  0.529000
     0.794000 -2.117000  0.529000
     0.794000 -1.852000  0.529000
     0.794000 -1.588000  0.529000
     0.794000 -1.323000  0.529000
     0.794000 -1.058000  0.529000
     0.794000 -0.794000  0.529000
     0.794000 -0.529000  0.529000
     0.794000 -0.265000  0.529000
     0.794000  0.000000  0.529000
     0.794000  0.265000  0.529000
     0.794000  0.529000  0.529000
     0.794000  0.794000  0.529000
     0.794000  1.058000  0.529000
     0.794000  1.323000  0.529000
     0.794000  1.588000  0.529000
     0.794000  1.852000  0.529000
     0.794000  2.117000  0.529000
     0.794000  2.381000  0.529000
     0.794000  2.646000  0.529000
     0.794000  2.910000  0.529000
     0.794000  3.175000  0.529000
     0.794000  3.440000  0.529000
     0.794000  3.704000  0.529000
     0.794000  3.969000  0.529000
     0.794000  4.233000  0.529000
     0.794000  4.498000  0.529000
     0.794000  4.763000  0.529000
     0.794000  5.027000  0.529000
     0.794000  5.292000  0.529000
     0.794000  5.556000  0.529000
     0.794000  5.821000  0.529000
     0.794000  6.086000  0.529000
     0.794000  6.350000  0.529000
     0.794000  6.615000  0.529000
     0.794000  6.879000  0.529000
     0.794000  7.144000  0.529000
     0.794000  7.408000  0.529000
     0.794000  7.673000  0.529000
     0.794000  7.938000  0.529000
     0.794000  8.202000  0.529000
     0.794000  8.467000  0.529000
     0.794000  8.731000  0.529000
     0.794000  8.996000  0.529000
     0.794000  9.261000  0.529000
     0.794000  9.525000  0.529000
     0.794000  9.790000  0.529000
     0.794000  10.054000  0.529000
     0.794000  10.319000  0.529000
     0.794000  10.584000  0.529000
     1.058000 -10.584000  0.529000
     1.058000 -10.319000  0.529000
     1.058000 -10.054000  0.529000
     1.058000 -9.790000  0.529000
     1.058000 -9.525000  0.529000
     1.058000 -9.261000  0.529000
     1.058000 -8.996000  0.529000
     1.058000 -8.731000  0.529000
     1.058000 -8.467000  0.529000
     1.058000 -8.202000  0.529000
     1.058000 -7.938000  0.529000
     1.058000 -7.673000  0.529000
     1.058000 -7.408000  0.529000
     1.058000 -7.144000  0.529000
     1.058000 -6.879000  0.529000
     1.058000 -6.615000  0.529000
     1.058000 -6.350000  0.529000
     1.058000 -6.086000  0.529000
     1.058000 -5.821000  0.529000
     1.058000 -5.556000  0.529000
     1.058000 -5.292000  0.529000
     1.058000 -5.027000  0.529000
     1.058000 -4.763000  0.529000
     1.058000 -4.498000  0.529000
     1.058000 -4.233000  0.529000
     1.058000 -3.969000  0.529000
     1.058000 -3.704000  0.529000
     1.058000 -3.440000  0.529000
     1.058000 -3.175000  0.529000
     1.058000 -2.910000  0.529000
     1.058000 -2.646000  0.529000
     1.058000 -2.381000  0.529000
     1.058000 -2.117000  0.529000
     1.058000 -1.852000  0.529000
     1.058000 -1.588000  0.529000
     1.058000 -1.323000  0.529000
     1.058000 -1.058000  0.529000
     1.058000 -0.794000  0.529000
     1.058000 -0.529000  0.529000
     1.058000 -0.265000  0.529000
     1.058000  0.000000  0.529000
     1.058000  0.265000  0.529000
     1.058000  0.529000  0.529000
     1.058000  0.794000  0.529000
     1.058000  1.058000  0.529000
     1.058000  1.323000  0.529000
     1.058000  1.588000  0.529000
     1.058000  1.852000  0.529000
     1.058000  2.117000  0.529000
     1.058000  2.381000  0.529000
     1.058000  2.646000  0.529000
     1.058000  2.910000  0.529000
     1.058000  3.175000  0.529000
     1.058000  3.440000  0.529000
     1.058000  3.704000  0.529000
     1.058000  3.969000  0.529000
     1.058000  4.233000  0.529000
     1.058000  4.498000  0.529000
     1.058000  4.763000  0.529000
     1.058000  5.027000  0.529000
     1.058000  5.292000  0.529000
     1.058000  5.556000  0.529000
     1.058000  5.821000  0.529000
     1.058000  6.086000  0.529000
     1.058000  6.350000  0.529000
     1.058000  6.615000  0.529000
     1.058000  6.879000  0.529000
     1.058000  7.144000  0.529000
     1.058000  7.408000  0.529000
     1.058000  7.673000  0.529000
     1.058000  7.938000  0.529000
     1.058000  8.202000  0.529000
     1.058000  8.467000  0.529000
     1.058000  8.731000  0.529000
     1.058000  8.996000  0.529000
     1.058000  9.261000  0.529000
     1.058000  9.525000  0.529000
     1.058000  9.790000  0.529000
     1.058000  10.054000  0.529000
     1.058000  10.319000  0.529000
     1.058000  10.584000  0.529000
     1.323000 -10.584000  0.529000
     1.323000 -10.319000  0.529000
     1.323000 -10.054000  0.529000
     1.323000 -9.790000  0.529000
     1.323000 -9.525000  0.529000
     1.323000 -9.261000  0.529000
     1.323000 -8.996000  0.529000
     1.323000 -8.731000  0.529000
     1.323000 -8.467000  0.529000
     1.323000 -8.202000  0.529000
     1.323000 -7.938000  0.529000
     1.323000 -7.673000  0.529000
     1.323000 -7.408000  0.529000
     1.323000 -7.144000  0.529000
     1.323000 -6.879000  0.529000
     1.323000 -6.615000  0.529000
     1.323000 -6.350000  0.529000
     1.323000 -6.086000  0.529000
     1.323000 -5.821000  0.529000
     1.323000 -5.556000  0.529000
     1.323000 -5.292000  0.529000
     1.323000 -5.027000  0.529000
     1.323000 -4.763000  0.529000
     1.323000 -4.498000  0.529000
     1.323000 -4.233000  0.529000
     1.323000 -3.969000  0.529000
     1.323000 -3.704000  0.529000
     1.323000 -3.440000  0.529000
     1.323000 -3.175000  0.529000
     1.323000 -2.910000  0.529000
     1.323000 -2.646000  0.529000
     1.323000 -2.381000  0.529000
     1.323000 -2.117000  0.529000
     1.323000 -1.852000  0.529000
     1.323000 -1.588000  0.529000
     1.323000 -1.323000  0.529000
     1.323000 -1.058000  0.529000
     1.323000 -0.794000  0.529000
     1.323000 -0.529000  0.529000
     1.323000 -0.265000  0.529000
     1.323000  0.000000  0.529000
     1.323000  0.265000  0.529000
     1.323000  0.529000  0.529000
     1.323000  0.794000  0.529000
     1.323000  1.058000  0.529000
     1.323000  1.323000  0.529000
     1.323000  1.588000  0.529000
     1.323000  1.852000  0.529000
     1.323000  2.117000  0.529000
     1.323000  2.381000  0.529000
     1.323000  2.646000  0.529000
     1.323000  2.910000  0.529000
     1.323000  3.175000  0.529000
     1.323000  3.440000  0.529000
     1.323000  3.704000  0.529000
     1.323000  3.969000  0.529000
     1.323000  4.233000  0.529000
     1.323000  4.498000  0.529000
     1.323000  4.763000  0.529000
     1.323000  5.027000  0.529000
     1.323000  5.292000  0.529000
     1.323000  5.556000  0.529000
     1.323000  5.821000  0.529000
     1.323000  6.086000  0.529000
     1.323000  6.350000  0.529000
     1.323000  6.615000  0.529000
     1.323000  6.879000  0.529000
     1.323000  7.144000  0.529000
     1.323000  7.408000  0.529000
     1.323000  7.673000  0.529000
     1.323000  7.938000  0.529000
     1.323000  8.202000  0.529000
     1.323000  8.467000  0.529000
     1.323000  8.731000  0.529000
     1.323000  8.996000  0.529000
     1.323000  9.261000  0.529000
     1.323000  9.525000  0.529000
     1.323000  9.790000  0.529000
     1.323000  10.054000  0.529000
     1.323000  10.319000  0.529000
     1.323000  10.584000  0.529000
     1.588000 -10.584000  0.529000
     1.588000 -10.319000  0.529000
     1.588000 -10.054000  0.529000
     1.588000 -9.790000  0.529000
     1.588000 -9.525000  0.529000
     1.588000 -9.261000  0.529000
     1.588000 -8.996000  0.529000
     1.588000 -8.731000  0.529000
     1.588000 -8.467000  0.529000
     1.588000 -8.202000  0.529000
     1.588000 -7.938000  0.529000
     1.588000 -7.673000  0.529000
     1.588000 -7.408000  0.529000
     1.588000 -7.144000  0.529000
     1.588000 -6.879000  0.529000
     1.588000 -6.615000  0.529000
     1.588000 -6.350000  0.529000
     1.588000 -6.086000  0.529000
     1.588000 -5.821000  0.529000
     1.588000 -5.556000  0.529000
     1.588000 -5.292000  0.529000
     1.588000 -5.027000  0.529000
     1.588000 -4.763000  0.529000
     1.588000 -4.498000  0.529000
     1.588000 -4.233000  0.529000
     1.588000 -3.969000  0.529000
     1.588000 -3.704000  0.529000
     1.588000 -3.440000  0.529000
     1.588000 -3.175000  0.529000
     1.588000 -2.910000  0.529000
     1.588000 -2.646000  0.529000
     1.588000 -2.381000  0.529000
     1.588000 -2.117000  0.529000
     1.588000 -1.852000  0.529000
     1.588000 -1.588000  0.529000
     1.588000 -1.323000  0.529000
     1.588000 -1.058000  0.529000
     1.588000 -0.794000  0.529000
     1.588000 -0.529000  0.529000
     1.588000 -0.265000  0.529000
     1.588000  0.000000  0.529000
     1.588000  0.265000  0.529000
     1.588000  0.529000  0.529000
     1.588000  0.794000  0.529000
     1.588000  1.058000  0.529000
     1.588000  1.323000  0.529000
     1.588000  1.588000  0.529000
     1.588000  1.852000  0.529000
     1.588000  2.117000  0.529000
     1.588000  2.381000  0.529000
     1.588000  2.646000  0.529000
     1.588000  2.910000  0.529000
     1.588000  3.175000  0.529000
     1.588000  3.440000  0.529000
     1.588000  3.704000  0.529000
     1.588000  3.969000  0.529000
     1.588000  4.233000  0.529000
     1.588000  4.498000  0.529000
     1.588000  4.763000  0.529000
     1.588000  5.027000  0.529000
     1.588000  5.292000  0.529000
     1.588000  5.556000  0.529000
     1.588000  5.821000  0.529000
     1.588000  6.086000  0.529000
     1.588000  6.350000  0.529000
     1.588000  6.615000  0.529000
     1.588000  6.879000  0.529000
     1.588000  7.144000  0.529000
     1.588000  7.408000  0.529000
     1.588000  7.673000  0.529000
     1.588000  7.938000  0.529000
     1.588000  8.202000  0.529000
     1.588000  8.467000  0.529000
     1.588000  8.731000  0.529000
     1.588000  8.996000  0.529000
     1.588000  9.261000  0.529000
     1.588000  9.525000  0.529000
     1.588000  9.790000  0.529000
     1.588000  10.054000  0.529000
     1.588000  10.319000  0.529000
     1.588000  10.584000  0.529000
     1.852000 -10.584000  0.529000
     1.852000 -10.319000  0.529000
     1.852000 -10.054000  0.529000
     1.852000 -9.790000  0.529000
     1.852000 -9.525000  0.529000
     1.852000 -9.261000  0.529000
     1.852000 -8.996000  0.529000
     1.852000 -8.731000  0.529000
     1.852000 -8.467000  0.529000
     1.852000 -8.202000  0.529000
     1.852000 -7.938000  0.529000
     1.852000 -7.673000  0.529000
     1.852000 -7.408000  0.529000
     1.852000 -7.144000  0.529000
     1.852000 -6.879000  0.529000
     1.852000 -6.615000  0.529000
     1.852000 -6.350000  0.529000
     1.852000 -6.086000  0.529000
     1.852000 -5.821000  0.529000
     1.852000 -5.556000  0.529000
     1.852000 -5.292000  0.529000
     1.852000 -5.027000  0.529000
     1.852000 -4.763000  0.529000
     1.852000 -4.498000  0.529000
     1.852000 -4.233000  0.529000
     1.852000 -3.969000  0.529000
     1.852000 -3.704000  0.529000
     1.852000 -3.440000  0.529000
     1.852000 -3.175000  0.529000
     1.852000 -2.910000  0.529000
     1.852000 -2.646000  0.529000
     1.852000 -2.381000  0.529000
     1.852000 -2.117000  0.529000
     1.852000 -1.852000  0.529000
     1.852000 -1.588000  0.529000
     1.852000 -1.323000  0.529000
     1.852000 -1.058000  0.529000
     1.852000 -0.794000  0.529000
     1.852000 -0.529000  0.529000
     1.852000 -0.265000  0.529000
     1.852000  0.000000  0.529000
     1.852000  0.265000  0.529000
     1.852000  0.529000  0.529000
     1.852000  0.794000  0.529000
     1.852000  1.058000  0.529000
     1.852000  1.323000  0.529000
     1.852000  1.588000  0.529000
     1.852000  1.852000  0.529000
     1.852000  2.117000  0.529000
     1.852000  2.381000  0.529000
     1.852000  2.646000  0.529000
     1.852000  2.910000  0.529000
     1.852000  3.175000  0.529000
     1.852000  3.440000  0.529000
     1.852000  3.704000  0.529000
     1.852000  3.969000  0.529000
     1.852000  4.233000  0.529000
     1.852000  4.498000  0.529000
     1.852000  4.763000  0.529000
     1.852000  5.027000  0.529000
     1.852000  5.292000  0.529000
     1.852000  5.556000  0.529000
     1.852000  5.821000  0.529000
     1.852000  6.086000  0.529000
     1.852000  6.350000  0.529000
     1.852000  6.615000  0.529000
     1.852000  6.879000  0.529000
     1.852000  7.144000  0.529000
     1.852000  7.408000  0.529000
     1.852000  7.673000  0.529000
     1.852000  7.938000  0.529000
     1.852000  8.202000  0.529000
     1.852000  8.467000  0.529000
     1.852000  8.731000  0.529000
     1.852000  8.996000  0.529000
     1.852000  9.261000  0.529000
     1.852000  9.525000  0.529000
     1.852000  9.790000  0.529000
     1.852000  10.054000  0.529000
     1.852000  10.319000  0.529000
     1.852000  10.584000  0.529000
     2.117000 -10.584000  0.529000
     2.117000 -10.319000  0.529000
     2.117000 -10.054000  0.529000
     2.117000 -9.790000  0.529000
     2.117000 -9.525000  0.529000
     2.117000 -9.261000  0.529000
     2.117000 -8.996000  0.529000
     2.117000 -8.731000  0.529000
     2.117000 -8.467000  0.529000
     2.117000 -8.202000  0.529000
     2.117000 -7.938000  0.529000
     2.117000 -7.673000  0.529000
     2.117000 -7.408000  0.529000
     2.117000 -7.144000  0.529000
     2.117000 -6.879000  0.529000
     2.117000 -6.615000  0.529000
     2.117000 -6.350000  0.529000
     2.117000 -6.086000  0.529000
     2.117000 -5.821000  0.529000
     2.117000 -5.556000  0.529000
     2.117000 -5.292000  0.529000
     2.117000 -5.027000  0.529000
     2.117000 -4.763000  0.529000
     2.117000 -4.498000  0.529000
     2.117000 -4.233000  0.529000
     2.117000 -3.969000  0.529000
     2.117000 -3.704000  0.529000
     2.117000 -3.440000  0.529000
     2.117000 -3.175000  0.529000
     2.117000 -2.910000  0.529000
     2.117000 -2.646000  0.529000
     2.117000 -2.381000  0.529000
     2.117000 -2.117000  0.529000
     2.117000 -1.852000  0.529000
     2.117000 -1.588000  0.529000
     2.117000 -1.323000  0.529000
     2.117000 -1.058000  0.529000
     2.117000 -0.794000  0.529000
     2.117000 -0.529000  0.529000
     2.117000 -0.265000  0.529000
     2.117000  0.000000  0.529000
     2.117000  0.265000  0.529000
     2.117000  0.529000  0.529000
     2.117000  0.794000  0.529000
     2.117000  1.058000  0.529000
     2.117000  1.323000  0.529000
     2.117000  1.588000  0.529000
     2.117000  1.852000  0.529000
     2.117000  2.117000  0.529000
     2.117000  2.381000  0.529000
     2.117000  2.646000  0.529000
     2.117000  2.910000  0.529000
     2.117000  3.175000  0.529000
     2.117000  3.440000  0.529000
     2.117000  3.704000  0.529000
     2.117000  3.969000  0.529000
     2.117000  4.233000  0.529000
     2.117000  4.498000  0.529000
     2.117000  4.763000  0.529000
     2.117000  5.027000  0.529000
     2.117000  5.292000  0.529000
     2.117000  5.556000  0.529000
     2.117000  5.821000  0.529000
     2.117000  6.086000  0.529000
     2.117000  6.350000  0.529000
     2.117000  6.615000  0.529000
     2.117000  6.879000  0.529000
     2.117000  7.144000  0.529000
     2.117000  7.408000  0.529000
     2.117000  7.673000  0.529000
     2.117000  7.938000  0.529000
     2.117000  8.202000  0.529000
     2.117000  8.467000  0.529000
     2.117000  8.731000  0.529000
     2.117000  8.996000  0.529000
     2.117000  9.261000  0.529000
     2.117000  9.525000  0.529000
     2.117000  9.790000  0.529000
     2.117000  10.054000  0.529000
     2.117000  10.319000  0.529000
     2.117000  10.584000  0.529000
     2.381000 -10.584000  0.529000
     2.381000 -10.319000  0.529000
     2.381000 -10.054000  0.529000
     2.381000 -9.790000  0.529000
     2.381000 -9.525000  0.529000
     2.381000 -9.261000  0.529000
     2.381000 -8.996000  0.529000
     2.381000 -8.731000  0.529000
     2.381000 -8.467000  0.529000
     2.381000 -8.202000  0.529000
     2.381000 -7.938000  0.529000
     2.381000 -7.673000  0.529000
     2.381000 -7.408000  0.529000
     2.381000 -7.144000  0.529000
     2.381000 -6.879000  0.529000
     2.381000 -6.615000  0.529000
     2.381000 -6.350000  0.529000
     2.381000 -6.086000  0.529000
     2.381000 -5.821000  0.529000
     2.381000 -5.556000  0.529000
     2.381000 -5.292000  0.529000
     2.381000 -5.027000  0.529000
     2.381000 -4.763000  0.529000
     2.381000 -4.498000  0.529000
     2.381000 -4.233000  0.529000
     2.381000 -3.969000  0.529000
     2.381000 -3.704000  0.529000
     2.381000 -3.440000  0.529000
     2.381000 -3.175000  0.529000
     2.381000 -2.910000  0.529000
     2.381000 -2.646000  0.529000
     2.381000 -2.381000  0.529000
     2.381000 -2.117000  0.529000
     2.381000 -1.852000  0.529000
     2.381000 -1.588000  0.529000
     2.381000 -1.323000  0.529000
     2.381000 -1.058000  0.529000
     2.381000 -0.794000  0.529000
     2.381000 -0.529000  0.529000
     2.381000 -0.265000  0.529000
     2.381000  0.000000  0.529000
     2.381000  0.265000  0.529000
     2.381000  0.529000  0.529000
     2.381000  0.794000  0.529000
     2.381000  1.058000  0.529000
     2.381000  1.323000  0.529000
     2.381000  1.588000  0.529000
     2.381000  1.852000  0.529000
     2.381000  2.117000  0.529000
     2.381000  2.381000  0.529000
     2.381000  2.646000  0.529000
     2.381000  2.910000  0.529000
     2.381000  3.175000  0.529000
     2.381000  3.440000  0.529000
     2.381000  3.704000  0.529000
     2.381000  3.969000  0.529000
     2.381000  4.233000  0.529000
     2.381000  4.498000  0.529000
     2.381000  4.763000  0.529000
     2.381000  5.027000  0.529000
     2.381000  5.292000  0.529000
     2.381000  5.556000  0.529000
     2.381000  5.821000  0.529000
     2.381000  6.086000  0.529000
     2.381000  6.350000  0.529000
     2.381000  6.615000  0.529000
     2.381000  6.879000  0.529000
     2.381000  7.144000  0.529000
     2.381000  7.408000  0.529000
     2.381000  7.673000  0.529000
     2.381000  7.938000  0.529000
     2.381000  8.202000  0.529000
     2.381000  8.467000  0.529000
     2.381000  8.731000  0.529000
     2.381000  8.996000  0.529000
     2.381000  9.261000  0.529000
     2.381000  9.525000  0.529000
     2.381000  9.790000  0.529000
     2.381000  10.054000  0.529000
     2.381000  10.319000  0.529000
     2.381000  10.584000  0.529000
     2.646000 -10.584000  0.529000
     2.646000 -10.319000  0.529000
     2.646000 -10.054000  0.529000
     2.646000 -9.790000  0.529000
     2.646000 -9.525000  0.529000
     2.646000 -9.261000  0.529000
     2.646000 -8.996000  0.529000
     2.646000 -8.731000  0.529000
     2.646000 -8.467000  0.529000
     2.646000 -8.202000  0.529000
     2.646000 -7.938000  0.529000
     2.646000 -7.673000  0.529000
     2.646000 -7.408000  0.529000
     2.646000 -7.144000  0.529000
     2.646000 -6.879000  0.529000
     2.646000 -6.615000  0.529000
     2.646000 -6.350000  0.529000
     2.646000 -6.086000  0.529000
     2.646000 -5.821000  0.529000
     2.646000 -5.556000  0.529000
     2.646000 -5.292000  0.529000
     2.646000 -5.027000  0.529000
     2.646000 -4.763000  0.529000
     2.646000 -4.498000  0.529000
     2.646000 -4.233000  0.529000
     2.646000 -3.969000  0.529000
     2.646000 -3.704000  0.529000
     2.646000 -3.440000  0.529000
     2.646000 -3.175000  0.529000
     2.646000 -2.910000  0.529000
     2.646000 -2.646000  0.529000
     2.646000 -2.381000  0.529000
     2.646000 -2.117000  0.529000
     2.646000 -1.852000  0.529000
     2.646000 -1.588000  0.529000
     2.646000 -1.323000  0.529000
     2.646000 -1.058000  0.529000
     2.646000 -0.794000  0.529000
     2.646000 -0.529000  0.529000
     2.646000 -0.265000  0.529000
     2.646000  0.000000  0.529000
     2.646000  0.265000  0.529000
     2.646000  0.529000  0.529000
     2.646000  0.794000  0.529000
     2.646000  1.058000  0.529000
     2.646000  1.323000  0.529000
     2.646000  1.588000  0.529000
     2.646000  1.852000  0.529000
     2.646000  2.117000  0.529000
     2.646000  2.381000  0.529000
     2.646000  2.646000  0.529000
     2.646000  2.910000  0.529000
     2.646000  3.175000  0.529000
     2.646000  3.440000  0.529000
     2.646000  3.704000  0.529000
     2.646000  3.969000  0.529000
     2.646000  4.233000  0.529000
     2.646000  4.498000  0.529000
     2.646000  4.763000  0.529000
     2.646000  5.027000  0.529000
     2.646000  5.292000  0.529000
     2.646000  5.556000  0.529000
     2.646000  5.821000  0.529000
     2.646000  6.086000  0.529000
     2.646000  6.350000  0.529000
     2.646000  6.615000  0.529000
     2.646000  6.879000  0.529000
     2.646000  7.144000  0.529000
     2.646000  7.408000  0.529000
     2.646000  7.673000  0.529000
     2.646000  7.938000  0.529000
     2.646000  8.202000  0.529000
     2.646000  8.467000  0.529000
     2.646000  8.731000  0.529000
     2.646000  8.996000  0.529000
     2.646000  9.261000  0.529000
     2.646000  9.525000  0.529000
     2.646000  9.790000  0.529000
     2.646000  10.054000  0.529000
     2.646000  10.319000  0.529000
     2.646000  10.584000  0.529000
     2.910000 -10.584000  0.529000
     2.910000 -10.319000  0.529000
     2.910000 -10.054000  0.529000
     2.910000 -9.790000  0.529000
     2.910000 -9.525000  0.529000
     2.910000 -9.261000  0.529000
     2.910000 -8.996000  0.529000
     2.910000 -8.731000  0.529000
     2.910000 -8.467000  0.529000
     2.910000 -8.202000  0.529000
     2.910000 -7.938000  0.529000
     2.910000 -7.673000  0.529000
     2.910000 -7.408000  0.529000
     2.910000 -7.144000  0.529000
     2.910000 -6.879000  0.529000
     2.910000 -6.615000  0.529000
     2.910000 -6.350000  0.529000
     2.910000 -6.086000  0.529000
     2.910000 -5.821000  0.529000
     2.910000 -5.556000  0.529000
     2.910000 -5.292000  0.529000
     2.910000 -5.027000  0.529000
     2.910000 -4.763000  0.529000
     2.910000 -4.498000  0.529000
     2.910000 -4.233000  0.529000
     2.910000 -3.969000  0.529000
     2.910000 -3.704000  0.529000
     2.910000 -3.440000  0.529000
     2.910000 -3.175000  0.529000
     2.910000 -2.910000  0.529000
     2.910000 -2.646000  0.529000
     2.910000 -2.381000  0.529000
     2.910000 -2.117000  0.529000
     2.910000 -1.852000  0.529000
     2.910000 -1.588000  0.529000
     2.910000 -1.323000  0.529000
     2.910000 -1.058000  0.529000
     2.910000 -0.794000  0.529000
     2.910000 -0.529000  0.529000
     2.910000 -0.265000  0.529000
     2.910000  0.000000  0.529000
     2.910000  0.265000  0.529000
     2.910000  0.529000  0.529000
     2.910000  0.794000  0.529000
     2.910000  1.058000  0.529000
     2.910000  1.323000  0.529000
     2.910000  1.588000  0.529000
     2.910000  1.852000  0.529000
     2.910000  2.117000  0.529000
     2.910000  2.381000  0.529000
     2.910000  2.646000  0.529000
     2.910000  2.910000  0.529000
     2.910000  3.175000  0.529000
     2.910000  3.440000  0.529000
     2.910000  3.704000  0.529000
     2.910000  3.969000  0.529000
     2.910000  4.233000  0.529000
     2.910000  4.498000  0.529000
     2.910000  4.763000  0.529000
     2.910000  5.027000  0.529000
     2.910000  5.292000  0.529000
     2.910000  5.556000  0.529000
     2.910000  5.821000  0.529000
     2.910000  6.086000  0.529000
     2.910000  6.350000  0.529000
     2.910000  6.615000  0.529000
     2.910000  6.879000  0.529000
     2.910000  7.144000  0.529000
     2.910000  7.408000  0.529000
     2.910000  7.673000  0.529000
     2.910000  7.938000  0.529000
     2.910000  8.202000  0.529000
     2.910000  8.467000  0.529000
     2.910000  8.731000  0.529000
     2.910000  8.996000  0.529000
     2.910000  9.261000  0.529000
     2.910000  9.525000  0.529000
     2.910000  9.790000  0.529000
     2.910000  10.054000  0.529000
     2.910000  10.319000  0.529000
     2.910000  10.584000  0.529000
     3.175000 -10.584000  0.529000
     3.175000 -10.319000  0.529000
     3.175000 -10.054000  0.529000
     3.175000 -9.790000  0.529000
     3.175000 -9.525000  0.529000
     3.175000 -9.261000  0.529000
     3.175000 -8.996000  0.529000
     3.175000 -8.731000  0.529000
     3.175000 -8.467000  0.529000
     3.175000 -8.202000  0.529000
     3.175000 -7.938000  0.529000
     3.175000 -7.673000  0.529000
     3.175000 -7.408000  0.529000
     3.175000 -7.144000  0.529000
     3.175000 -6.879000  0.529000
     3.175000 -6.615000  0.529000
     3.175000 -6.350000  0.529000
     3.175000 -6.086000  0.529000
     3.175000 -5.821000  0.529000
     3.175000 -5.556000  0.529000
     3.175000 -5.292000  0.529000
     3.175000 -5.027000  0.529000
     3.175000 -4.763000  0.529000
     3.175000 -4.498000  0.529000
     3.175000 -4.233000  0.529000
     3.175000 -3.969000  0.529000
     3.175000 -3.704000  0.529000
     3.175000 -3.440000  0.529000
     3.175000 -3.175000  0.529000
     3.175000 -2.910000  0.529000
     3.175000 -2.646000  0.529000
     3.175000 -2.381000  0.529000
     3.175000 -2.117000  0.529000
     3.175000 -1.852000  0.529000
     3.175000 -1.588000  0.529000
     3.175000 -1.323000  0.529000
     3.175000 -1.058000  0.529000
     3.175000 -0.794000  0.529000
     3.175000 -0.529000  0.529000
     3.175000 -0.265000  0.529000
     3.175000  0.000000  0.529000
     3.175000  0.265000  0.529000
     3.175000  0.529000  0.529000
     3.175000  0.794000  0.529000
     3.175000  1.058000  0.529000
     3.175000  1.323000  0.529000
     3.175000  1.588000  0.529000
     3.175000  1.852000  0.529000
     3.175000  2.117000  0.529000
     3.175000  2.381000  0.529000
     3.175000  2.646000  0.529000
     3.175000  2.910000  0.529000
     3.175000  3.175000  0.529000
     3.175000  3.440000  0.529000
     3.175000  3.704000  0.529000
     3.175000  3.969000  0.529000
     3.175000  4.233000  0.529000
     3.175000  4.498000  0.529000
     3.175000  4.763000  0.529000
     3.175000  5.027000  0.529000
     3.175000  5.292000  0.529000
     3.175000  5.556000  0.529000
     3.175000  5.821000  0.529000
     3.175000  6.086000  0.529000
     3.175000  6.350000  0.529000
     3.175000  6.615000  0.529000
     3.175000  6.879000  0.529000
     3.175000  7.144000  0.529000
     3.175000  7.408000  0.529000
     3.175000  7.673000  0.529000
     3.175000  7.938000  0.529000
     3.175000  8.202000  0.529000
     3.175000  8.467000  0.529000
     3.175000  8.731000  0.529000
     3.175000  8.996000  0.529000
     3.175000  9.261000  0.529000
     3.175000  9.525000  0.529000
     3.175000  9.790000  0.529000
     3.175000  10.054000  0.529000
     3.175000  10.319000  0.529000
     3.175000  10.584000  0.529000
     3.440000 -10.584000  0.529000
     3.440000 -10.319000  0.529000
     3.440000 -10.054000  0.529000
     3.440000 -9.790000  0.529000
     3.440000 -9.525000  0.529000
     3.440000 -9.261000  0.529000
     3.440000 -8.996000  0.529000
     3.440000 -8.731000  0.529000
     3.440000 -8.467000  0.529000
     3.440000 -8.202000  0.529000
     3.440000 -7.938000  0.529000
     3.440000 -7.673000  0.529000
     3.440000 -7.408000  0.529000
     3.440000 -7.144000  0.529000
     3.440000 -6.879000  0.529000
     3.440000 -6.615000  0.529000
     3.440000 -6.350000  0.529000
     3.440000 -6.086000  0.529000
     3.440000 -5.821000  0.529000
     3.440000 -5.556000  0.529000
     3.440000 -5.292000  0.529000
     3.440000 -5.027000  0.529000
     3.440000 -4.763000  0.529000
     3.440000 -4.498000  0.529000
     3.440000 -4.233000  0.529000
     3.440000 -3.969000  0.529000
     3.440000 -3.704000  0.529000
     3.440000 -3.440000  0.529000
     3.440000 -3.175000  0.529000
     3.440000 -2.910000  0.529000
     3.440000 -2.646000  0.529000
     3.440000 -2.381000  0.529000
     3.440000 -2.117000  0.529000
     3.440000 -1.852000  0.529000
     3.440000 -1.588000  0.529000
     3.440000 -1.323000  0.529000
     3.440000 -1.058000  0.529000
     3.440000 -0.794000  0.529000
     3.440000 -0.529000  0.529000
     3.440000 -0.265000  0.529000
     3.440000  0.000000  0.529000
     3.440000  0.265000  0.529000
     3.440000  0.529000  0.529000
     3.440000  0.794000  0.529000
     3.440000  1.058000  0.529000
     3.440000  1.323000  0.529000
     3.440000  1.588000  0.529000
     3.440000  1.852000  0.529000
     3.440000  2.117000  0.529000
     3.440000  2.381000  0.529000
     3.440000  2.646000  0.529000
     3.440000  2.910000  0.529000
     3.440000  3.175000  0.529000
     3.440000  3.440000  0.529000
     3.440000  3.704000  0.529000
     3.440000  3.969000  0.529000
     3.440000  4.233000  0.529000
     3.440000  4.498000  0.529000
     3.440000  4.763000  0.529000
     3.440000  5.027000  0.529000
     3.440000  5.292000  0.529000
     3.440000  5.556000  0.529000
     3.440000  5.821000  0.529000
     3.440000  6.086000  0.529000
     3.440000  6.350000  0.529000
     3.440000  6.615000  0.529000
     3.440000  6.879000  0.529000
     3.440000  7.144000  0.529000
     3.440000  7.408000  0.529000
     3.440000  7.673000  0.529000
     3.440000  7.938000  0.529000
     3.440000  8.202000  0.529000
     3.440000  8.467000  0.529000
     3.440000  8.731000  0.529000
     3.440000  8.996000  0.529000
     3.440000  9.261000  0.529000
     3.440000  9.525000  0.529000
     3.440000  9.790000  0.529000
     3.440000  10.054000  0.529000
     3.440000  10.319000  0.529000
     3.440000  10.584000  0.529000
     3.704000 -10.584000  0.529000
     3.704000 -10.319000  0.529000
     3.704000 -10.054000  0.529000
     3.704000 -9.790000  0.529000
     3.704000 -9.525000  0.529000
     3.704000 -9.261000  0.529000
     3.704000 -8.996000  0.529000
     3.704000 -8.731000  0.529000
     3.704000 -8.467000  0.529000
     3.704000 -8.202000  0.529000
     3.704000 -7.938000  0.529000
     3.704000 -7.673000  0.529000
     3.704000 -7.408000  0.529000
     3.704000 -7.144000  0.529000
     3.704000 -6.879000  0.529000
     3.704000 -6.615000  0.529000
     3.704000 -6.350000  0.529000
     3.704000 -6.086000  0.529000
     3.704000 -5.821000  0.529000
     3.704000 -5.556000  0.529000
     3.704000 -5.292000  0.529000
     3.704000 -5.027000  0.529000
     3.704000 -4.763000  0.529000
     3.704000 -4.498000  0.529000
     3.704000 -4.233000  0.529000
     3.704000 -3.969000  0.529000
     3.704000 -3.704000  0.529000
     3.704000 -3.440000  0.529000
     3.704000 -3.175000  0.529000
     3.704000 -2.910000  0.529000
     3.704000 -2.646000  0.529000
     3.704000 -2.381000  0.529000
     3.704000 -2.117000  0.529000
     3.704000 -1.852000  0.529000
     3.704000 -1.588000  0.529000
     3.704000 -1.323000  0.529000
     3.704000 -1.058000  0.529000
     3.704000 -0.794000  0.529000
     3.704000 -0.529000  0.529000
     3.704000 -0.265000  0.529000
     3.704000  0.000000  0.529000
     3.704000  0.265000  0.529000
     3.704000  0.529000  0.529000
     3.704000  0.794000  0.529000
     3.704000  1.058000  0.529000
     3.704000  1.323000  0.529000
     3.704000  1.588000  0.529000
     3.704000  1.852000  0.529000
     3.704000  2.117000  0.529000
     3.704000  2.381000  0.529000
     3.704000  2.646000  0.529000
     3.704000  2.910000  0.529000
     3.704000  3.175000  0.529000
     3.704000  3.440000  0.529000
     3.704000  3.704000  0.529000
     3.704000  3.969000  0.529000
     3.704000  4.233000  0.529000
     3.704000  4.498000  0.529000
     3.704000  4.763000  0.529000
     3.704000  5.027000  0.529000
     3.704000  5.292000  0.529000
     3.704000  5.556000  0.529000
     3.704000  5.821000  0.529000
     3.704000  6.086000  0.529000
     3.704000  6.350000  0.529000
     3.704000  6.615000  0.529000
     3.704000  6.879000  0.529000
     3.704000  7.144000  0.529000
     3.704000  7.408000  0.529000
     3.704000  7.673000  0.529000
     3.704000  7.938000  0.529000
     3.704000  8.202000  0.529000
     3.704000  8.467000  0.529000
     3.704000  8.731000  0.529000
     3.704000  8.996000  0.529000
     3.704000  9.261000  0.529000
     3.704000  9.525000  0.529000
     3.704000  9.790000  0.529000
     3.704000  10.054000  0.529000
     3.704000  10.319000  0.529000
     3.704000  10.584000  0.529000
     3.969000 -10.584000  0.529000
     3.969000 -10.319000  0.529000
     3.969000 -10.054000  0.529000
     3.969000 -9.790000  0.529000
     3.969000 -9.525000  0.529000
     3.969000 -9.261000  0.529000
     3.969000 -8.996000  0.529000
     3.969000 -8.731000  0.529000
     3.969000 -8.467000  0.529000
     3.969000 -8.202000  0.529000
     3.969000 -7.938000  0.529000
     3.969000 -7.673000  0.529000
     3.969000 -7.408000  0.529000
     3.969000 -7.144000  0.529000
     3.969000 -6.879000  0.529000
     3.969000 -6.615000  0.529000
     3.969000 -6.350000  0.529000
     3.969000 -6.086000  0.529000
     3.969000 -5.821000  0.529000
     3.969000 -5.556000  0.529000
     3.969000 -5.292000  0.529000
     3.969000 -5.027000  0.529000
     3.969000 -4.763000  0.529000
     3.969000 -4.498000  0.529000
     3.969000 -4.233000  0.529000
     3.969000 -3.969000  0.529000
     3.969000 -3.704000  0.529000
     3.969000 -3.440000  0.529000
     3.969000 -3.175000  0.529000
     3.969000 -2.910000  0.529000
     3.969000 -2.646000  0.529000
     3.969000 -2.381000  0.529000
     3.969000 -2.117000  0.529000
     3.969000 -1.852000  0.529000
     3.969000 -1.588000  0.529000
     3.969000 -1.323000  0.529000
     3.969000 -1.058000  0.529000
     3.969000 -0.794000  0.529000
     3.969000 -0.529000  0.529000
     3.969000 -0.265000  0.529000
     3.969000  0.000000  0.529000
     3.969000  0.265000  0.529000
     3.969000  0.529000  0.529000
     3.969000  0.794000  0.529000
     3.969000  1.058000  0.529000
     3.969000  1.323000  0.529000
     3.969000  1.588000  0.529000
     3.969000  1.852000  0.529000
     3.969000  2.117000  0.529000
     3.969000  2.381000  0.529000
     3.969000  2.646000  0.529000
     3.969000  2.910000  0.529000
     3.969000  3.175000  0.529000
     3.969000  3.440000  0.529000
     3.969000  3.704000  0.529000
     3.969000  3.969000  0.529000
     3.969000  4.233000  0.529000
     3.969000  4.498000  0.529000
     3.969000  4.763000  0.529000
     3.969000  5.027000  0.529000
     3.969000  5.292000  0.529000
     3.969000  5.556000  0.529000
     3.969000  5.821000  0.529000
     3.969000  6.086000  0.529000
     3.969000  6.350000  0.529000
     3.969000  6.615000  0.529000
     3.969000  6.879000  0.529000
     3.969000  7.144000  0.529000
     3.969000  7.408000  0.529000
     3.969000  7.673000  0.529000
     3.969000  7.938000  0.529000
     3.969000  8.202000  0.529000
     3.969000  8.467000  0.529000
     3.969000  8.731000  0.529000
     3.969000  8.996000  0.529000
     3.969000  9.261000  0.529000
     3.969000  9.525000  0.529000
     3.969000  9.790000  0.529000
     3.969000  10.054000  0.529000
     3.969000  10.319000  0.529000
     3.969000  10.584000  0.529000
     4.233000 -10.584000  0.529000
     4.233000 -10.319000  0.529000
     4.233000 -10.054000  0.529000
     4.233000 -9.790000  0.529000
     4.233000 -9.525000  0.529000
     4.233000 -9.261000  0.529000
     4.233000 -8.996000  0.529000
     4.233000 -8.731000  0.529000
     4.233000 -8.467000  0.529000
     4.233000 -8.202000  0.529000
     4.233000 -7.938000  0.529000
     4.233000 -7.673000  0.529000
     4.233000 -7.408000  0.529000
     4.233000 -7.144000  0.529000
     4.233000 -6.879000  0.529000
     4.233000 -6.615000  0.529000
     4.233000 -6.350000  0.529000
     4.233000 -6.086000  0.529000
     4.233000 -5.821000  0.529000
     4.233000 -5.556000  0.529000
     4.233000 -5.292000  0.529000
     4.233000 -5.027000  0.529000
     4.233000 -4.763000  0.529000
     4.233000 -4.498000  0.529000
     4.233000 -4.233000  0.529000
     4.233000 -3.969000  0.529000
     4.233000 -3.704000  0.529000
     4.233000 -3.440000  0.529000
     4.233000 -3.175000  0.529000
     4.233000 -2.910000  0.529000
     4.233000 -2.646000  0.529000
     4.233000 -2.381000  0.529000
     4.233000 -2.117000  0.529000
     4.233000 -1.852000  0.529000
     4.233000 -1.588000  0.529000
     4.233000 -1.323000  0.529000
     4.233000 -1.058000  0.529000
     4.233000 -0.794000  0.529000
     4.233000 -0.529000  0.529000
     4.233000 -0.265000  0.529000
     4.233000  0.000000  0.529000
     4.233000  0.265000  0.529000
     4.233000  0.529000  0.529000
     4.233000  0.794000  0.529000
     4.233000  1.058000  0.529000
     4.233000  1.323000  0.529000
     4.233000  1.588000  0.529000
     4.233000  1.852000  0.529000
     4.233000  2.117000  0.529000
     4.233000  2.381000  0.529000
     4.233000  2.646000  0.529000
     4.233000  2.910000  0.529000
     4.233000  3.175000  0.529000
     4.233000  3.440000  0.529000
     4.233000  3.704000  0.529000
     4.233000  3.969000  0.529000
     4.233000  4.233000  0.529000
     4.233000  4.498000  0.529000
     4.233000  4.763000  0.529000
     4.233000  5.027000  0.529000
     4.233000  5.292000  0.529000
     4.233000  5.556000  0.529000
     4.233000  5.821000  0.529000
     4.233000  6.086000  0.529000
     4.233000  6.350000  0.529000
     4.233000  6.615000  0.529000
     4.233000  6.879000  0.529000
     4.233000  7.144000  0.529000
     4.233000  7.408000  0.529000
     4.233000  7.673000  0.529000
     4.233000  7.938000  0.529000
     4.233000  8.202000  0.529000
     4.233000  8.467000  0.529000
     4.233000  8.731000  0.529000
     4.233000  8.996000  0.529000
     4.233000  9.261000  0.529000
     4.233000  9.525000  0.529000
     4.233000  9.790000  0.529000
     4.233000  10.054000  0.529000
     4.233000  10.319000  0.529000
     4.233000  10.584000  0.529000
     4.498000 -10.584000  0.529000
     4.498000 -10.319000  0.529000
     4.498000 -10.054000  0.529000
     4.498000 -9.790000  0.529000
     4.498000 -9.525000  0.529000
     4.498000 -9.261000  0.529000
     4.498000 -8.996000  0.529000
     4.498000 -8.731000  0.529000
     4.498000 -8.467000  0.529000
     4.498000 -8.202000  0.529000
     4.498000 -7.938000  0.529000
     4.498000 -7.673000  0.529000
     4.498000 -7.408000  0.529000
     4.498000 -7.144000  0.529000
     4.498000 -6.879000  0.529000
     4.498000 -6.615000  0.529000
     4.498000 -6.350000  0.529000
     4.498000 -6.086000  0.529000
     4.498000 -5.821000  0.529000
     4.498000 -5.556000  0.529000
     4.498000 -5.292000  0.529000
     4.498000 -5.027000  0.529000
     4.498000 -4.763000  0.529000
     4.498000 -4.498000  0.529000
     4.498000 -4.233000  0.529000
     4.498000 -3.969000  0.529000
     4.498000 -3.704000  0.529000
     4.498000 -3.440000  0.529000
     4.498000 -3.175000  0.529000
     4.498000 -2.910000  0.529000
     4.498000 -2.646000  0.529000
     4.498000 -2.381000  0.529000
     4.498000 -2.117000  0.529000
     4.498000 -1.852000  0.529000
     4.498000 -1.588000  0.529000
     4.498000 -1.323000  0.529000
     4.498000 -1.058000  0.529000
     4.498000 -0.794000  0.529000
     4.498000 -0.529000  0.529000
     4.498000 -0.265000  0.529000
     4.498000  0.000000  0.529000
     4.498000  0.265000  0.529000
     4.498000  0.529000  0.529000
     4.498000  0.794000  0.529000
     4.498000  1.058000  0.529000
     4.498000  1.323000  0.529000
     4.498000  1.588000  0.529000
     4.498000  1.852000  0.529000
     4.498000  2.117000  0.529000
     4.498000  2.381000  0.529000
     4.498000  2.646000  0.529000
     4.498000  2.910000  0.529000
     4.498000  3.175000  0.529000
     4.498000  3.440000  0.529000
     4.498000  3.704000  0.529000
     4.498000  3.969000  0.529000
     4.498000  4.233000  0.529000
     4.498000  4.498000  0.529000
     4.498000  4.763000  0.529000
     4.498000  5.027000  0.529000
     4.498000  5.292000  0.529000
     4.498000  5.556000  0.529000
     4.498000  5.821000  0.529000
     4.498000  6.086000  0.529000
     4.498000  6.350000  0.529000
     4.498000  6.615000  0.529000
     4.498000  6.879000  0.529000
     4.498000  7.144000  0.529000
     4.498000  7.408000  0.529000
     4.498000  7.673000  0.529000
     4.498000  7.938000  0.529000
     4.498000  8.202000  0.529000
     4.498000  8.467000  0.529000
     4.498000  8.731000  0.529000
     4.498000  8.996000  0.529000
     4.498000  9.261000  0.529000
     4.498000  9.525000  0.529000
     4.498000  9.790000  0.529000
     4.498000  10.054000  0.529000
     4.498000  10.319000  0.529000
     4.498000  10.584000  0.529000
     4.763000 -10.584000  0.529000
     4.763000 -10.319000  0.529000
     4.763000 -10.054000  0.529000
     4.763000 -9.790000  0.529000
     4.763000 -9.525000  0.529000
     4.763000 -9.261000  0.529000
     4.763000 -8.996000  0.529000
     4.763000 -8.731000  0.529000
     4.763000 -8.467000  0.529000
     4.763000 -8.202000  0.529000
     4.763000 -7.938000  0.529000
     4.763000 -7.673000  0.529000
     4.763000 -7.408000  0.529000
     4.763000 -7.144000  0.529000
     4.763000 -6.879000  0.529000
     4.763000 -6.615000  0.529000
     4.763000 -6.350000  0.529000
     4.763000 -6.086000  0.529000
     4.763000 -5.821000  0.529000
     4.763000 -5.556000  0.529000
     4.763000 -5.292000  0.529000
     4.763000 -5.027000  0.529000
     4.763000 -4.763000  0.529000
     4.763000 -4.498000  0.529000
     4.763000 -4.233000  0.529000
     4.763000 -3.969000  0.529000
     4.763000 -3.704000  0.529000
     4.763000 -3.440000  0.529000
     4.763000 -3.175000  0.529000
     4.763000 -2.910000  0.529000
     4.763000 -2.646000  0.529000
     4.763000 -2.381000  0.529000
     4.763000 -2.117000  0.529000
     4.763000 -1.852000  0.529000
     4.763000 -1.588000  0.529000
     4.763000 -1.323000  0.529000
     4.763000 -1.058000  0.529000
     4.763000 -0.794000  0.529000
     4.763000 -0.529000  0.529000
     4.763000 -0.265000  0.529000
     4.763000  0.000000  0.529000
     4.763000  0.265000  0.529000
     4.763000  0.529000  0.529000
     4.763000  0.794000  0.529000
     4.763000  1.058000  0.529000
     4.763000  1.323000  0.529000
     4.763000  1.588000  0.529000
     4.763000  1.852000  0.529000
     4.763000  2.117000  0.529000
     4.763000  2.381000  0.529000
     4.763000  2.646000  0.529000
     4.763000  2.910000  0.529000
     4.763000  3.175000  0.529000
     4.763000  3.440000  0.529000
     4.763000  3.704000  0.529000
     4.763000  3.969000  0.529000
     4.763000  4.233000  0.529000
     4.763000  4.498000  0.529000
     4.763000  4.763000  0.529000
     4.763000  5.027000  0.529000
     4.763000  5.292000  0.529000
     4.763000  5.556000  0.529000
     4.763000  5.821000  0.529000
     4.763000  6.086000  0.529000
     4.763000  6.350000  0.529000
     4.763000  6.615000  0.529000
     4.763000  6.879000  0.529000
     4.763000  7.144000  0.529000
     4.763000  7.408000  0.529000
     4.763000  7.673000  0.529000
     4.763000  7.938000  0.529000
     4.763000  8.202000  0.529000
     4.763000  8.467000  0.529000
     4.763000  8.731000  0.529000
     4.763000  8.996000  0.529000
     4.763000  9.261000  0.529000
     4.763000  9.525000  0.529000
     4.763000  9.790000  0.529000
     4.763000  10.054000  0.529000
     4.763000  10.319000  0.529000
     4.763000  10.584000  0.529000
     5.027000 -10.584000  0.529000
     5.027000 -10.319000  0.529000
     5.027000 -10.054000  0.529000
     5.027000 -9.790000  0.529000
     5.027000 -9.525000  0.529000
     5.027000 -9.261000  0.529000
     5.027000 -8.996000  0.529000
     5.027000 -8.731000  0.529000
     5.027000 -8.467000  0.529000
     5.027000 -8.202000  0.529000
     5.027000 -7.938000  0.529000
     5.027000 -7.673000  0.529000
     5.027000 -7.408000  0.529000
     5.027000 -7.144000  0.529000
     5.027000 -6.879000  0.529000
     5.027000 -6.615000  0.529000
     5.027000 -6.350000  0.529000
     5.027000 -6.086000  0.529000
     5.027000 -5.821000  0.529000
     5.027000 -5.556000  0.529000
     5.027000 -5.292000  0.529000
     5.027000 -5.027000  0.529000
     5.027000 -4.763000  0.529000
     5.027000 -4.498000  0.529000
     5.027000 -4.233000  0.529000
     5.027000 -3.969000  0.529000
     5.027000 -3.704000  0.529000
     5.027000 -3.440000  0.529000
     5.027000 -3.175000  0.529000
     5.027000 -2.910000  0.529000
     5.027000 -2.646000  0.529000
     5.027000 -2.381000  0.529000
     5.027000 -2.117000  0.529000
     5.027000 -1.852000  0.529000
     5.027000 -1.588000  0.529000
     5.027000 -1.323000  0.529000
     5.027000 -1.058000  0.529000
     5.027000 -0.794000  0.529000
     5.027000 -0.529000  0.529000
     5.027000 -0.265000  0.529000
     5.027000  0.000000  0.529000
     5.027000  0.265000  0.529000
     5.027000  0.529000  0.529000
     5.027000  0.794000  0.529000
     5.027000  1.058000  0.529000
     5.027000  1.323000  0.529000
     5.027000  1.588000  0.529000
     5.027000  1.852000  0.529000
     5.027000  2.117000  0.529000
     5.027000  2.381000  0.529000
     5.027000  2.646000  0.529000
     5.027000  2.910000  0.529000
     5.027000  3.175000  0.529000
     5.027000  3.440000  0.529000
     5.027000  3.704000  0.529000
     5.027000  3.969000  0.529000
     5.027000  4.233000  0.529000
     5.027000  4.498000  0.529000
     5.027000  4.763000  0.529000
     5.027000  5.027000  0.529000
     5.027000  5.292000  0.529000
     5.027000  5.556000  0.529000
     5.027000  5.821000  0.529000
     5.027000  6.086000  0.529000
     5.027000  6.350000  0.529000
     5.027000  6.615000  0.529000
     5.027000  6.879000  0.529000
     5.027000  7.144000  0.529000
     5.027000  7.408000  0.529000
     5.027000  7.673000  0.529000
     5.027000  7.938000  0.529000
     5.027000  8.202000  0.529000
     5.027000  8.467000  0.529000
     5.027000  8.731000  0.529000
     5.027000  8.996000  0.529000
     5.027000  9.261000  0.529000
     5.027000  9.525000  0.529000
     5.027000  9.790000  0.529000
     5.027000  10.054000  0.529000
     5.027000  10.319000  0.529000
     5.027000  10.584000  0.529000
     5.292000 -10.584000  0.529000
     5.292000 -10.319000  0.529000
     5.292000 -10.054000  0.529000
     5.292000 -9.790000  0.529000
     5.292000 -9.525000  0.529000
     5.292000 -9.261000  0.529000
     5.292000 -8.996000  0.529000
     5.292000 -8.731000  0.529000
     5.292000 -8.467000  0.529000
     5.292000 -8.202000  0.529000
     5.292000 -7.938000  0.529000
     5.292000 -7.673000  0.529000
     5.292000 -7.408000  0.529000
     5.292000 -7.144000  0.529000
     5.292000 -6.879000  0.529000
     5.292000 -6.615000  0.529000
     5.292000 -6.350000  0.529000
     5.292000 -6.086000  0.529000
     5.292000 -5.821000  0.529000
     5.292000 -5.556000  0.529000
     5.292000 -5.292000  0.529000
     5.292000 -5.027000  0.529000
     5.292000 -4.763000  0.529000
     5.292000 -4.498000  0.529000
     5.292000 -4.233000  0.529000
     5.292000 -3.969000  0.529000
     5.292000 -3.704000  0.529000
     5.292000 -3.440000  0.529000
     5.292000 -3.175000  0.529000
     5.292000 -2.910000  0.529000
     5.292000 -2.646000  0.529000
     5.292000 -2.381000  0.529000
     5.292000 -2.117000  0.529000
     5.292000 -1.852000  0.529000
     5.292000 -1.588000  0.529000
     5.292000 -1.323000  0.529000
     5.292000 -1.058000  0.529000
     5.292000 -0.794000  0.529000
     5.292000 -0.529000  0.529000
     5.292000 -0.265000  0.529000
     5.292000  0.000000  0.529000
     5.292000  0.265000  0.529000
     5.292000  0.529000  0.529000
     5.292000  0.794000  0.529000
     5.292000  1.058000  0.529000
     5.292000  1.323000  0.529000
     5.292000  1.588000  0.529000
     5.292000  1.852000  0.529000
     5.292000  2.117000  0.529000
     5.292000  2.381000  0.529000
     5.292000  2.646000  0.529000
     5.292000  2.910000  0.529000
     5.292000  3.175000  0.529000
     5.292000  3.440000  0.529000
     5.292000  3.704000  0.529000
     5.292000  3.969000  0.529000
     5.292000  4.233000  0.529000
     5.292000  4.498000  0.529000
     5.292000  4.763000  0.529000
     5.292000  5.027000  0.529000
     5.292000  5.292000  0.529000
     5.292000  5.556000  0.529000
     5.292000  5.821000  0.529000
     5.292000  6.086000  0.529000
     5.292000  6.350000  0.529000
     5.292000  6.615000  0.529000
     5.292000  6.879000  0.529000
     5.292000  7.144000  0.529000
     5.292000  7.408000  0.529000
     5.292000  7.673000  0.529000
     5.292000  7.938000  0.529000
     5.292000  8.202000  0.529000
     5.292000  8.467000  0.529000
     5.292000  8.731000  0.529000
     5.292000  8.996000  0.529000
     5.292000  9.261000  0.529000
     5.292000  9.525000  0.529000
     5.292000  9.790000  0.529000
     5.292000  10.054000  0.529000
     5.292000  10.319000  0.529000
     5.292000  10.584000  0.529000
     5.556000 -10.584000  0.529000
     5.556000 -10.319000  0.529000
     5.556000 -10.054000  0.529000
     5.556000 -9.790000  0.529000
     5.556000 -9.525000  0.529000
     5.556000 -9.261000  0.529000
     5.556000 -8.996000  0.529000
     5.556000 -8.731000  0.529000
     5.556000 -8.467000  0.529000
     5.556000 -8.202000  0.529000
     5.556000 -7.938000  0.529000
     5.556000 -7.673000  0.529000
     5.556000 -7.408000  0.529000
     5.556000 -7.144000  0.529000
     5.556000 -6.879000  0.529000
     5.556000 -6.615000  0.529000
     5.556000 -6.350000  0.529000
     5.556000 -6.086000  0.529000
     5.556000 -5.821000  0.529000
     5.556000 -5.556000  0.529000
     5.556000 -5.292000  0.529000
     5.556000 -5.027000  0.529000
     5.556000 -4.763000  0.529000
     5.556000 -4.498000  0.529000
     5.556000 -4.233000  0.529000
     5.556000 -3.969000  0.529000
     5.556000 -3.704000  0.529000
     5.556000 -3.440000  0.529000
     5.556000 -3.175000  0.529000
     5.556000 -2.910000  0.529000
     5.556000 -2.646000  0.529000
     5.556000 -2.381000  0.529000
     5.556000 -2.117000  0.529000
     5.556000 -1.852000  0.529000
     5.556000 -1.588000  0.529000
     5.556000 -1.323000  0.529000
     5.556000 -1.058000  0.529000
     5.556000 -0.794000  0.529000
     5.556000 -0.529000  0.529000
     5.556000 -0.265000  0.529000
     5.556000  0.000000  0.529000
     5.556000  0.265000  0.529000
     5.556000  0.529000  0.529000
     5.556000  0.794000  0.529000
     5.556000  1.058000  0.529000
     5.556000  1.323000  0.529000
     5.556000  1.588000  0.529000
     5.556000  1.852000  0.529000
     5.556000  2.117000  0.529000
     5.556000  2.381000  0.529000
     5.556000  2.646000  0.529000
     5.556000  2.910000  0.529000
     5.556000  3.175000  0.529000
     5.556000  3.440000  0.529000
     5.556000  3.704000  0.529000
     5.556000  3.969000  0.529000
     5.556000  4.233000  0.529000
     5.556000  4.498000  0.529000
     5.556000  4.763000  0.529000
     5.556000  5.027000  0.529000
     5.556000  5.292000  0.529000
     5.556000  5.556000  0.529000
     5.556000  5.821000  0.529000
     5.556000  6.086000  0.529000
     5.556000  6.350000  0.529000
     5.556000  6.615000  0.529000
     5.556000  6.879000  0.529000
     5.556000  7.144000  0.529000
     5.556000  7.408000  0.529000
     5.556000  7.673000  0.529000
     5.556000  7.938000  0.529000
     5.556000  8.202000  0.529000
     5.556000  8.467000  0.529000
     5.556000  8.731000  0.529000
     5.556000  8.996000  0.529000
     5.556000  9.261000  0.529000
     5.556000  9.525000  0.529000
     5.556000  9.790000  0.529000
     5.556000  10.054000  0.529000
     5.556000  10.319000  0.529000
     5.556000  10.584000  0.529000
     5.821000 -10.584000  0.529000
     5.821000 -10.319000  0.529000
     5.821000 -10.054000  0.529000
     5.821000 -9.790000  0.529000
     5.821000 -9.525000  0.529000
     5.821000 -9.261000  0.529000
     5.821000 -8.996000  0.529000
     5.821000 -8.731000  0.529000
     5.821000 -8.467000  0.529000
     5.821000 -8.202000  0.529000
     5.821000 -7.938000  0.529000
     5.821000 -7.673000  0.529000
     5.821000 -7.408000  0.529000
     5.821000 -7.144000  0.529000
     5.821000 -6.879000  0.529000
     5.821000 -6.615000  0.529000
     5.821000 -6.350000  0.529000
     5.821000 -6.086000  0.529000
     5.821000 -5.821000  0.529000
     5.821000 -5.556000  0.529000
     5.821000 -5.292000  0.529000
     5.821000 -5.027000  0.529000
     5.821000 -4.763000  0.529000
     5.821000 -4.498000  0.529000
     5.821000 -4.233000  0.529000
     5.821000 -3.969000  0.529000
     5.821000 -3.704000  0.529000
     5.821000 -3.440000  0.529000
     5.821000 -3.175000  0.529000
     5.821000 -2.910000  0.529000
     5.821000 -2.646000  0.529000
     5.821000 -2.381000  0.529000
     5.821000 -2.117000  0.529000
     5.821000 -1.852000  0.529000
     5.821000 -1.588000  0.529000
     5.821000 -1.323000  0.529000
     5.821000 -1.058000  0.529000
     5.821000 -0.794000  0.529000
     5.821000 -0.529000  0.529000
     5.821000 -0.265000  0.529000
     5.821000  0.000000  0.529000
     5.821000  0.265000  0.529000
     5.821000  0.529000  0.529000
     5.821000  0.794000  0.529000
     5.821000  1.058000  0.529000
     5.821000  1.323000  0.529000
     5.821000  1.588000  0.529000
     5.821000  1.852000  0.529000
     5.821000  2.117000  0.529000
     5.821000  2.381000  0.529000
     5.821000  2.646000  0.529000
     5.821000  2.910000  0.529000
     5.821000  3.175000  0.529000
     5.821000  3.440000  0.529000
     5.821000  3.704000  0.529000
     5.821000  3.969000  0.529000
     5.821000  4.233000  0.529000
     5.821000  4.498000  0.529000
     5.821000  4.763000  0.529000
     5.821000  5.027000  0.529000
     5.821000  5.292000  0.529000
     5.821000  5.556000  0.529000
     5.821000  5.821000  0.529000
     5.821000  6.086000  0.529000
     5.821000  6.350000  0.529000
     5.821000  6.615000  0.529000
     5.821000  6.879000  0.529000
     5.821000  7.144000  0.529000
     5.821000  7.408000  0.529000
     5.821000  7.673000  0.529000
     5.821000  7.938000  0.529000
     5.821000  8.202000  0.529000
     5.821000  8.467000  0.529000
     5.821000  8.731000  0.529000
     5.821000  8.996000  0.529000
     5.821000  9.261000  0.529000
     5.821000  9.525000  0.529000
     5.821000  9.790000  0.529000
     5.821000  10.054000  0.529000
     5.821000  10.319000  0.529000
     5.821000  10.584000  0.529000
     6.086000 -10.584000  0.529000
     6.086000 -10.319000  0.529000
     6.086000 -10.054000  0.529000
     6.086000 -9.790000  0.529000
     6.086000 -9.525000  0.529000
     6.086000 -9.261000  0.529000
     6.086000 -8.996000  0.529000
     6.086000 -8.731000  0.529000
     6.086000 -8.467000  0.529000
     6.086000 -8.202000  0.529000
     6.086000 -7.938000  0.529000
     6.086000 -7.673000  0.529000
     6.086000 -7.408000  0.529000
     6.086000 -7.144000  0.529000
     6.086000 -6.879000  0.529000
     6.086000 -6.615000  0.529000
     6.086000 -6.350000  0.529000
     6.086000 -6.086000  0.529000
     6.086000 -5.821000  0.529000
     6.086000 -5.556000  0.529000
     6.086000 -5.292000  0.529000
     6.086000 -5.027000  0.529000
     6.086000 -4.763000  0.529000
     6.086000 -4.498000  0.529000
     6.086000 -4.233000  0.529000
     6.086000 -3.969000  0.529000
     6.086000 -3.704000  0.529000
     6.086000 -3.440000  0.529000
     6.086000 -3.175000  0.529000
     6.086000 -2.910000  0.529000
     6.086000 -2.646000  0.529000
     6.086000 -2.381000  0.529000
     6.086000 -2.117000  0.529000
     6.086000 -1.852000  0.529000
     6.086000 -1.588000  0.529000
     6.086000 -1.323000  0.529000
     6.086000 -1.058000  0.529000
     6.086000 -0.794000  0.529000
     6.086000 -0.529000  0.529000
     6.086000 -0.265000  0.529000
     6.086000  0.000000  0.529000
     6.086000  0.265000  0.529000
     6.086000  0.529000  0.529000
     6.086000  0.794000  0.529000
     6.086000  1.058000  0.529000
     6.086000  1.323000  0.529000
     6.086000  1.588000  0.529000
     6.086000  1.852000  0.529000
     6.086000  2.117000  0.529000
     6.086000  2.381000  0.529000
     6.086000  2.646000  0.529000
     6.086000  2.910000  0.529000
     6.086000  3.175000  0.529000
     6.086000  3.440000  0.529000
     6.086000  3.704000  0.529000
     6.086000  3.969000  0.529000
     6.086000  4.233000  0.529000
     6.086000  4.498000  0.529000
     6.086000  4.763000  0.529000
     6.086000  5.027000  0.529000
     6.086000  5.292000  0.529000
     6.086000  5.556000  0.529000
     6.086000  5.821000  0.529000
     6.086000  6.086000  0.529000
     6.086000  6.350000  0.529000
     6.086000  6.615000  0.529000
     6.086000  6.879000  0.529000
     6.086000  7.144000  0.529000
     6.086000  7.408000  0.529000
     6.086000  7.673000  0.529000
     6.086000  7.938000  0.529000
     6.086000  8.202000  0.529000
     6.086000  8.467000  0.529000
     6.086000  8.731000  0.529000
     6.086000  8.996000  0.529000
     6.086000  9.261000  0.529000
     6.086000  9.525000  0.529000
     6.086000  9.790000  0.529000
     6.086000  10.054000  0.529000
     6.086000  10.319000  0.529000
     6.086000  10.584000  0.529000
     6.350000 -10.584000  0.529000
     6.350000 -10.319000  0.529000
     6.350000 -10.054000  0.529000
     6.350000 -9.790000  0.529000
     6.350000 -9.525000  0.529000
     6.350000 -9.261000  0.529000
     6.350000 -8.996000  0.529000
     6.350000 -8.731000  0.529000
     6.350000 -8.467000  0.529000
     6.350000 -8.202000  0.529000
     6.350000 -7.938000  0.529000
     6.350000 -7.673000  0.529000
     6.350000 -7.408000  0.529000
     6.350000 -7.144000  0.529000
     6.350000 -6.879000  0.529000
     6.350000 -6.615000  0.529000
     6.350000 -6.350000  0.529000
     6.350000 -6.086000  0.529000
     6.350000 -5.821000  0.529000
     6.350000 -5.556000  0.529000
     6.350000 -5.292000  0.529000
     6.350000 -5.027000  0.529000
     6.350000 -4.763000  0.529000
     6.350000 -4.498000  0.529000
     6.350000 -4.233000  0.529000
     6.350000 -3.969000  0.529000
     6.350000 -3.704000  0.529000
     6.350000 -3.440000  0.529000
     6.350000 -3.175000  0.529000
     6.350000 -2.910000  0.529000
     6.350000 -2.646000  0.529000
     6.350000 -2.381000  0.529000
     6.350000 -2.117000  0.529000
     6.350000 -1.852000  0.529000
     6.350000 -1.588000  0.529000
     6.350000 -1.323000  0.529000
     6.350000 -1.058000  0.529000
     6.350000 -0.794000  0.529000
     6.350000 -0.529000  0.529000
     6.350000 -0.265000  0.529000
     6.350000  0.000000  0.529000
     6.350000  0.265000  0.529000
     6.350000  0.529000  0.529000
     6.350000  0.794000  0.529000
     6.350000  1.058000  0.529000
     6.350000  1.323000  0.529000
     6.350000  1.588000  0.529000
     6.350000  1.852000  0.529000
     6.350000  2.117000  0.529000
     6.350000  2.381000  0.529000
     6.350000  2.646000  0.529000
     6.350000  2.910000  0.529000
     6.350000  3.175000  0.529000
     6.350000  3.440000  0.529000
     6.350000  3.704000  0.529000
     6.350000  3.969000  0.529000
     6.350000  4.233000  0.529000
     6.350000  4.498000  0.529000
     6.350000  4.763000  0.529000
     6.350000  5.027000  0.529000
     6.350000  5.292000  0.529000
     6.350000  5.556000  0.529000
     6.350000  5.821000  0.529000
     6.350000  6.086000  0.529000
     6.350000  6.350000  0.529000
     6.350000  6.615000  0.529000
     6.350000  6.879000  0.529000
     6.350000  7.144000  0.529000
     6.350000  7.408000  0.529000
     6.350000  7.673000  0.529000
     6.350000  7.938000  0.529000
     6.350000  8.202000  0.529000
     6.350000  8.467000  0.529000
     6.350000  8.731000  0.529000
     6.350000  8.996000  0.529000
     6.350000  9.261000  0.529000
     6.350000  9.525000  0.529000
     6.350000  9.790000  0.529000
     6.350000  10.054000  0.529000
     6.350000  10.319000  0.529000
     6.350000  10.584000  0.529000
     6.615000 -10.584000  0.529000
     6.615000 -10.319000  0.529000
     6.615000 -10.054000  0.529000
     6.615000 -9.790000  0.529000
     6.615000 -9.525000  0.529000
     6.615000 -9.261000  0.529000
     6.615000 -8.996000  0.529000
     6.615000 -8.731000  0.529000
     6.615000 -8.467000  0.529000
     6.615000 -8.202000  0.529000
     6.615000 -7.938000  0.529000
     6.615000 -7.673000  0.529000
     6.615000 -7.408000  0.529000
     6.615000 -7.144000  0.529000
     6.615000 -6.879000  0.529000
     6.615000 -6.615000  0.529000
     6.615000 -6.350000  0.529000
     6.615000 -6.086000  0.529000
     6.615000 -5.821000  0.529000
     6.615000 -5.556000  0.529000
     6.615000 -5.292000  0.529000
     6.615000 -5.027000  0.529000
     6.615000 -4.763000  0.529000
     6.615000 -4.498000  0.529000
     6.615000 -4.233000  0.529000
     6.615000 -3.969000  0.529000
     6.615000 -3.704000  0.529000
     6.615000 -3.440000  0.529000
     6.615000 -3.175000  0.529000
     6.615000 -2.910000  0.529000
     6.615000 -2.646000  0.529000
     6.615000 -2.381000  0.529000
     6.615000 -2.117000  0.529000
     6.615000 -1.852000  0.529000
     6.615000 -1.588000  0.529000
     6.615000 -1.323000  0.529000
     6.615000 -1.058000  0.529000
     6.615000 -0.794000  0.529000
     6.615000 -0.529000  0.529000
     6.615000 -0.265000  0.529000
     6.615000  0.000000  0.529000
     6.615000  0.265000  0.529000
     6.615000  0.529000  0.529000
     6.615000  0.794000  0.529000
     6.615000  1.058000  0.529000
     6.615000  1.323000  0.529000
     6.615000  1.588000  0.529000
     6.615000  1.852000  0.529000
     6.615000  2.117000  0.529000
     6.615000  2.381000  0.529000
     6.615000  2.646000  0.529000
     6.615000  2.910000  0.529000
     6.615000  3.175000  0.529000
     6.615000  3.440000  0.529000
     6.615000  3.704000  0.529000
     6.615000  3.969000  0.529000
     6.615000  4.233000  0.529000
     6.615000  4.498000  0.529000
     6.615000  4.763000  0.529000
     6.615000  5.027000  0.529000
     6.615000  5.292000  0.529000
     6.615000  5.556000  0.529000
     6.615000  5.821000  0.529000
     6.615000  6.086000  0.529000
     6.615000  6.350000  0.529000
     6.615000  6.615000  0.529000
     6.615000  6.879000  0.529000
     6.615000  7.144000  0.529000
     6.615000  7.408000  0.529000
     6.615000  7.673000  0.529000
     6.615000  7.938000  0.529000
     6.615000  8.202000  0.529000
     6.615000  8.467000  0.529000
     6.615000  8.731000  0.529000
     6.615000  8.996000  0.529000
     6.615000  9.261000  0.529000
     6.615000  9.525000  0.529000
     6.615000  9.790000  0.529000
     6.615000  10.054000  0.529000
     6.615000  10.319000  0.529000
     6.615000  10.584000  0.529000
     6.879000 -10.584000  0.529000
     6.879000 -10.319000  0.529000
     6.879000 -10.054000  0.529000
     6.879000 -9.790000  0.529000
     6.879000 -9.525000  0.529000
     6.879000 -9.261000  0.529000
     6.879000 -8.996000  0.529000
     6.879000 -8.731000  0.529000
     6.879000 -8.467000  0.529000
     6.879000 -8.202000  0.529000
     6.879000 -7.938000  0.529000
     6.879000 -7.673000  0.529000
     6.879000 -7.408000  0.529000
     6.879000 -7.144000  0.529000
     6.879000 -6.879000  0.529000
     6.879000 -6.615000  0.529000
     6.879000 -6.350000  0.529000
     6.879000 -6.086000  0.529000
     6.879000 -5.821000  0.529000
     6.879000 -5.556000  0.529000
     6.879000 -5.292000  0.529000
     6.879000 -5.027000  0.529000
     6.879000 -4.763000  0.529000
     6.879000 -4.498000  0.529000
     6.879000 -4.233000  0.529000
     6.879000 -3.969000  0.529000
     6.879000 -3.704000  0.529000
     6.879000 -3.440000  0.529000
     6.879000 -3.175000  0.529000
     6.879000 -2.910000  0.529000
     6.879000 -2.646000  0.529000
     6.879000 -2.381000  0.529000
     6.879000 -2.117000  0.529000
     6.879000 -1.852000  0.529000
     6.879000 -1.588000  0.529000
     6.879000 -1.323000  0.529000
     6.879000 -1.058000  0.529000
     6.879000 -0.794000  0.529000
     6.879000 -0.529000  0.529000
     6.879000 -0.265000  0.529000
     6.879000  0.000000  0.529000
     6.879000  0.265000  0.529000
     6.879000  0.529000  0.529000
     6.879000  0.794000  0.529000
     6.879000  1.058000  0.529000
     6.879000  1.323000  0.529000
     6.879000  1.588000  0.529000
     6.879000  1.852000  0.529000
     6.879000  2.117000  0.529000
     6.879000  2.381000  0.529000
     6.879000  2.646000  0.529000
     6.879000  2.910000  0.529000
     6.879000  3.175000  0.529000
     6.879000  3.440000  0.529000
     6.879000  3.704000  0.529000
     6.879000  3.969000  0.529000
     6.879000  4.233000  0.529000
     6.879000  4.498000  0.529000
     6.879000  4.763000  0.529000
     6.879000  5.027000  0.529000
     6.879000  5.292000  0.529000
     6.879000  5.556000  0.529000
     6.879000  5.821000  0.529000
     6.879000  6.086000  0.529000
     6.879000  6.350000  0.529000
     6.879000  6.615000  0.529000
     6.879000  6.879000  0.529000
     6.879000  7.144000  0.529000
     6.879000  7.408000  0.529000
     6.879000  7.673000  0.529000
     6.879000  7.938000  0.529000
     6.879000  8.202000  0.529000
     6.879000  8.467000  0.529000
     6.879000  8.731000  0.529000
     6.879000  8.996000  0.529000
     6.879000  9.261000  0.529000
     6.879000  9.525000  0.529000
     6.879000  9.790000  0.529000
     6.879000  10.054000  0.529000
     6.879000  10.319000  0.529000
     6.879000  10.584000  0.529000
     7.144000 -10.584000  0.529000
     7.144000 -10.319000  0.529000
     7.144000 -10.054000  0.529000
     7.144000 -9.790000  0.529000
     7.144000 -9.525000  0.529000
     7.144000 -9.261000  0.529000
     7.144000 -8.996000  0.529000
     7.144000 -8.731000  0.529000
     7.144000 -8.467000  0.529000
     7.144000 -8.202000  0.529000
     7.144000 -7.938000  0.529000
     7.144000 -7.673000  0.529000
     7.144000 -7.408000  0.529000
     7.144000 -7.144000  0.529000
     7.144000 -6.879000  0.529000
     7.144000 -6.615000  0.529000
     7.144000 -6.350000  0.529000
     7.144000 -6.086000  0.529000
     7.144000 -5.821000  0.529000
     7.144000 -5.556000  0.529000
     7.144000 -5.292000  0.529000
     7.144000 -5.027000  0.529000
     7.144000 -4.763000  0.529000
     7.144000 -4.498000  0.529000
     7.144000 -4.233000  0.529000
     7.144000 -3.969000  0.529000
     7.144000 -3.704000  0.529000
     7.144000 -3.440000  0.529000
     7.144000 -3.175000  0.529000
     7.144000 -2.910000  0.529000
     7.144000 -2.646000  0.529000
     7.144000 -2.381000  0.529000
     7.144000 -2.117000  0.529000
     7.144000 -1.852000  0.529000
     7.144000 -1.588000  0.529000
     7.144000 -1.323000  0.529000
     7.144000 -1.058000  0.529000
     7.144000 -0.794000  0.529000
     7.144000 -0.529000  0.529000
     7.144000 -0.265000  0.529000
     7.144000  0.000000  0.529000
     7.144000  0.265000  0.529000
     7.144000  0.529000  0.529000
     7.144000  0.794000  0.529000
     7.144000  1.058000  0.529000
     7.144000  1.323000  0.529000
     7.144000  1.588000  0.529000
     7.144000  1.852000  0.529000
     7.144000  2.117000  0.529000
     7.144000  2.381000  0.529000
     7.144000  2.646000  0.529000
     7.144000  2.910000  0.529000
     7.144000  3.175000  0.529000
     7.144000  3.440000  0.529000
     7.144000  3.704000  0.529000
     7.144000  3.969000  0.529000
     7.144000  4.233000  0.529000
     7.144000  4.498000  0.529000
     7.144000  4.763000  0.529000
     7.144000  5.027000  0.529000
     7.144000  5.292000  0.529000
     7.144000  5.556000  0.529000
     7.144000  5.821000  0.529000
     7.144000  6.086000  0.529000
     7.144000  6.350000  0.529000
     7.144000  6.615000  0.529000
     7.144000  6.879000  0.529000
     7.144000  7.144000  0.529000
     7.144000  7.408000  0.529000
     7.144000  7.673000  0.529000
     7.144000  7.938000  0.529000
     7.144000  8.202000  0.529000
     7.144000  8.467000  0.529000
     7.144000  8.731000  0.529000
     7.144000  8.996000  0.529000
     7.144000  9.261000  0.529000
     7.144000  9.525000  0.529000
     7.144000  9.790000  0.529000
     7.144000  10.054000  0.529000
     7.144000  10.319000  0.529000
     7.144000  10.584000  0.529000
     7.408000 -10.584000  0.529000
     7.408000 -10.319000  0.529000
     7.408000 -10.054000  0.529000
     7.408000 -9.790000  0.529000
     7.408000 -9.525000  0.529000
     7.408000 -9.261000  0.529000
     7.408000 -8.996000  0.529000
     7.408000 -8.731000  0.529000
     7.408000 -8.467000  0.529000
     7.408000 -8.202000  0.529000
     7.408000 -7.938000  0.529000
     7.408000 -7.673000  0.529000
     7.408000 -7.408000  0.529000
     7.408000 -7.144000  0.529000
     7.408000 -6.879000  0.529000
     7.408000 -6.615000  0.529000
     7.408000 -6.350000  0.529000
     7.408000 -6.086000  0.529000
     7.408000 -5.821000  0.529000
     7.408000 -5.556000  0.529000
     7.408000 -5.292000  0.529000
     7.408000 -5.027000  0.529000
     7.408000 -4.763000  0.529000
     7.408000 -4.498000  0.529000
     7.408000 -4.233000  0.529000
     7.408000 -3.969000  0.529000
     7.408000 -3.704000  0.529000
     7.408000 -3.440000  0.529000
     7.408000 -3.175000  0.529000
     7.408000 -2.910000  0.529000
     7.408000 -2.646000  0.529000
     7.408000 -2.381000  0.529000
     7.408000 -2.117000  0.529000
     7.408000 -1.852000  0.529000
     7.408000 -1.588000  0.529000
     7.408000 -1.323000  0.529000
     7.408000 -1.058000  0.529000
     7.408000 -0.794000  0.529000
     7.408000 -0.529000  0.529000
     7.408000 -0.265000  0.529000
     7.408000  0.000000  0.529000
     7.408000  0.265000  0.529000
     7.408000  0.529000  0.529000
     7.408000  0.794000  0.529000
     7.408000  1.058000  0.529000
     7.408000  1.323000  0.529000
     7.408000  1.588000  0.529000
     7.408000  1.852000  0.529000
     7.408000  2.117000  0.529000
     7.408000  2.381000  0.529000
     7.408000  2.646000  0.529000
     7.408000  2.910000  0.529000
     7.408000  3.175000  0.529000
     7.408000  3.440000  0.529000
     7.408000  3.704000  0.529000
     7.408000  3.969000  0.529000
     7.408000  4.233000  0.529000
     7.408000  4.498000  0.529000
     7.408000  4.763000  0.529000
     7.408000  5.027000  0.529000
     7.408000  5.292000  0.529000
     7.408000  5.556000  0.529000
     7.408000  5.821000  0.529000
     7.408000  6.086000  0.529000
     7.408000  6.350000  0.529000
     7.408000  6.615000  0.529000
     7.408000  6.879000  0.529000
     7.408000  7.144000  0.529000
     7.408000  7.408000  0.529000
     7.408000  7.673000  0.529000
     7.408000  7.938000  0.529000
     7.408000  8.202000  0.529000
     7.408000  8.467000  0.529000
     7.408000  8.731000  0.529000
     7.408000  8.996000  0.529000
     7.408000  9.261000  0.529000
     7.408000  9.525000  0.529000
     7.408000  9.790000  0.529000
     7.408000  10.054000  0.529000
     7.408000  10.319000  0.529000
     7.408000  10.584000  0.529000
     7.673000 -10.584000  0.529000
     7.673000 -10.319000  0.529000
     7.673000 -10.054000  0.529000
     7.673000 -9.790000  0.529000
     7.673000 -9.525000  0.529000
     7.673000 -9.261000  0.529000
     7.673000 -8.996000  0.529000
     7.673000 -8.731000  0.529000
     7.673000 -8.467000  0.529000
     7.673000 -8.202000  0.529000
     7.673000 -7.938000  0.529000
     7.673000 -7.673000  0.529000
     7.673000 -7.408000  0.529000
     7.673000 -7.144000  0.529000
     7.673000 -6.879000  0.529000
     7.673000 -6.615000  0.529000
     7.673000 -6.350000  0.529000
     7.673000 -6.086000  0.529000
     7.673000 -5.821000  0.529000
     7.673000 -5.556000  0.529000
     7.673000 -5.292000  0.529000
     7.673000 -5.027000  0.529000
     7.673000 -4.763000  0.529000
     7.673000 -4.498000  0.529000
     7.673000 -4.233000  0.529000
     7.673000 -3.969000  0.529000
     7.673000 -3.704000  0.529000
     7.673000 -3.440000  0.529000
     7.673000 -3.175000  0.529000
     7.673000 -2.910000  0.529000
     7.673000 -2.646000  0.529000
     7.673000 -2.381000  0.529000
     7.673000 -2.117000  0.529000
     7.673000 -1.852000  0.529000
     7.673000 -1.588000  0.529000
     7.673000 -1.323000  0.529000
     7.673000 -1.058000  0.529000
     7.673000 -0.794000  0.529000
     7.673000 -0.529000  0.529000
     7.673000 -0.265000  0.529000
     7.673000  0.000000  0.529000
     7.673000  0.265000  0.529000
     7.673000  0.529000  0.529000
     7.673000  0.794000  0.529000
     7.673000  1.058000  0.529000
     7.673000  1.323000  0.529000
     7.673000  1.588000  0.529000
     7.673000  1.852000  0.529000
     7.673000  2.117000  0.529000
     7.673000  2.381000  0.529000
     7.673000  2.646000  0.529000
     7.673000  2.910000  0.529000
     7.673000  3.175000  0.529000
     7.673000  3.440000  0.529000
     7.673000  3.704000  0.529000
     7.673000  3.969000  0.529000
     7.673000  4.233000  0.529000
     7.673000  4.498000  0.529000
     7.673000  4.763000  0.529000
     7.673000  5.027000  0.529000
     7.673000  5.292000  0.529000
     7.673000  5.556000  0.529000
     7.673000  5.821000  0.529000
     7.673000  6.086000  0.529000
     7.673000  6.350000  0.529000
     7.673000  6.615000  0.529000
     7.673000  6.879000  0.529000
     7.673000  7.144000  0.529000
     7.673000  7.408000  0.529000
     7.673000  7.673000  0.529000
     7.673000  7.938000  0.529000
     7.673000  8.202000  0.529000
     7.673000  8.467000  0.529000
     7.673000  8.731000  0.529000
     7.673000  8.996000  0.529000
     7.673000  9.261000  0.529000
     7.673000  9.525000  0.529000
     7.673000  9.790000  0.529000
     7.673000  10.054000  0.529000
     7.673000  10.319000  0.529000
     7.673000  10.584000  0.529000
     7.938000 -10.584000  0.529000
     7.938000 -10.319000  0.529000
     7.938000 -10.054000  0.529000
     7.938000 -9.790000  0.529000
     7.938000 -9.525000  0.529000
     7.938000 -9.261000  0.529000
     7.938000 -8.996000  0.529000
     7.938000 -8.731000  0.529000
     7.938000 -8.467000  0.529000
     7.938000 -8.202000  0.529000
     7.938000 -7.938000  0.529000
     7.938000 -7.673000  0.529000
     7.938000 -7.408000  0.529000
     7.938000 -7.144000  0.529000
     7.938000 -6.879000  0.529000
     7.938000 -6.615000  0.529000
     7.938000 -6.350000  0.529000
     7.938000 -6.086000  0.529000
     7.938000 -5.821000  0.529000
     7.938000 -5.556000  0.529000
     7.938000 -5.292000  0.529000
     7.938000 -5.027000  0.529000
     7.938000 -4.763000  0.529000
     7.938000 -4.498000  0.529000
     7.938000 -4.233000  0.529000
     7.938000 -3.969000  0.529000
     7.938000 -3.704000  0.529000
     7.938000 -3.440000  0.529000
     7.938000 -3.175000  0.529000
     7.938000 -2.910000  0.529000
     7.938000 -2.646000  0.529000
     7.938000 -2.381000  0.529000
     7.938000 -2.117000  0.529000
     7.938000 -1.852000  0.529000
     7.938000 -1.588000  0.529000
     7.938000 -1.323000  0.529000
     7.938000 -1.058000  0.529000
     7.938000 -0.794000  0.529000
     7.938000 -0.529000  0.529000
     7.938000 -0.265000  0.529000
     7.938000  0.000000  0.529000
     7.938000  0.265000  0.529000
     7.938000  0.529000  0.529000
     7.938000  0.794000  0.529000
     7.938000  1.058000  0.529000
     7.938000  1.323000  0.529000
     7.938000  1.588000  0.529000
     7.938000  1.852000  0.529000
     7.938000  2.117000  0.529000
     7.938000  2.381000  0.529000
     7.938000  2.646000  0.529000
     7.938000  2.910000  0.529000
     7.938000  3.175000  0.529000
     7.938000  3.440000  0.529000
     7.938000  3.704000  0.529000
     7.938000  3.969000  0.529000
     7.938000  4.233000  0.529000
     7.938000  4.498000  0.529000
     7.938000  4.763000  0.529000
     7.938000  5.027000  0.529000
     7.938000  5.292000  0.529000
     7.938000  5.556000  0.529000
     7.938000  5.821000  0.529000
     7.938000  6.086000  0.529000
     7.938000  6.350000  0.529000
     7.938000  6.615000  0.529000
     7.938000  6.879000  0.529000
     7.938000  7.144000  0.529000
     7.938000  7.408000  0.529000
     7.938000  7.673000  0.529000
     7.938000  7.938000  0.529000
     7.938000  8.202000  0.529000
     7.938000  8.467000  0.529000
     7.938000  8.731000  0.529000
     7.938000  8.996000  0.529000
     7.938000  9.261000  0.529000
     7.938000  9.525000  0.529000
     7.938000  9.790000  0.529000
     7.938000  10.054000  0.529000
     7.938000  10.319000  0.529000
     7.938000  10.584000  0.529000
     8.202000 -10.584000  0.529000
     8.202000 -10.319000  0.529000
     8.202000 -10.054000  0.529000
     8.202000 -9.790000  0.529000
     8.202000 -9.525000  0.529000
     8.202000 -9.261000  0.529000
     8.202000 -8.996000  0.529000
     8.202000 -8.731000  0.529000
     8.202000 -8.467000  0.529000
     8.202000 -8.202000  0.529000
     8.202000 -7.938000  0.529000
     8.202000 -7.673000  0.529000
     8.202000 -7.408000  0.529000
     8.202000 -7.144000  0.529000
     8.202000 -6.879000  0.529000
     8.202000 -6.615000  0.529000
     8.202000 -6.350000  0.529000
     8.202000 -6.086000  0.529000
     8.202000 -5.821000  0.529000
     8.202000 -5.556000  0.529000
     8.202000 -5.292000  0.529000
     8.202000 -5.027000  0.529000
     8.202000 -4.763000  0.529000
     8.202000 -4.498000  0.529000
     8.202000 -4.233000  0.529000
     8.202000 -3.969000  0.529000
     8.202000 -3.704000  0.529000
     8.202000 -3.440000  0.529000
     8.202000 -3.175000  0.529000
     8.202000 -2.910000  0.529000
     8.202000 -2.646000  0.529000
     8.202000 -2.381000  0.529000
     8.202000 -2.117000  0.529000
     8.202000 -1.852000  0.529000
     8.202000 -1.588000  0.529000
     8.202000 -1.323000  0.529000
     8.202000 -1.058000  0.529000
     8.202000 -0.794000  0.529000
     8.202000 -0.529000  0.529000
     8.202000 -0.265000  0.529000
     8.202000  0.000000  0.529000
     8.202000  0.265000  0.529000
     8.202000  0.529000  0.529000
     8.202000  0.794000  0.529000
     8.202000  1.058000  0.529000
     8.202000  1.323000  0.529000
     8.202000  1.588000  0.529000
     8.202000  1.852000  0.529000
     8.202000  2.117000  0.529000
     8.202000  2.381000  0.529000
     8.202000  2.646000  0.529000
     8.202000  2.910000  0.529000
     8.202000  3.175000  0.529000
     8.202000  3.440000  0.529000
     8.202000  3.704000  0.529000
     8.202000  3.969000  0.529000
     8.202000  4.233000  0.529000
     8.202000  4.498000  0.529000
     8.202000  4.763000  0.529000
     8.202000  5.027000  0.529000
     8.202000  5.292000  0.529000
     8.202000  5.556000  0.529000
     8.202000  5.821000  0.529000
     8.202000  6.086000  0.529000
     8.202000  6.350000  0.529000
     8.202000  6.615000  0.529000
     8.202000  6.879000  0.529000
     8.202000  7.144000  0.529000
     8.202000  7.408000  0.529000
     8.202000  7.673000  0.529000
     8.202000  7.938000  0.529000
     8.202000  8.202000  0.529000
     8.202000  8.467000  0.529000
     8.202000  8.731000  0.529000
     8.202000  8.996000  0.529000
     8.202000  9.261000  0.529000
     8.202000  9.525000  0.529000
     8.202000  9.790000  0.529000
     8.202000  10.054000  0.529000
     8.202000  10.319000  0.529000
     8.202000  10.584000  0.529000
     8.467000 -10.584000  0.529000
     8.467000 -10.319000  0.529000
     8.467000 -10.054000  0.529000
     8.467000 -9.790000  0.529000
     8.467000 -9.525000  0.529000
     8.467000 -9.261000  0.529000
     8.467000 -8.996000  0.529000
     8.467000 -8.731000  0.529000
     8.467000 -8.467000  0.529000
     8.467000 -8.202000  0.529000
     8.467000 -7.938000  0.529000
     8.467000 -7.673000  0.529000
     8.467000 -7.408000  0.529000
     8.467000 -7.144000  0.529000
     8.467000 -6.879000  0.529000
     8.467000 -6.615000  0.529000
     8.467000 -6.350000  0.529000
     8.467000 -6.086000  0.529000
     8.467000 -5.821000  0.529000
     8.467000 -5.556000  0.529000
     8.467000 -5.292000  0.529000
     8.467000 -5.027000  0.529000
     8.467000 -4.763000  0.529000
     8.467000 -4.498000  0.529000
     8.467000 -4.233000  0.529000
     8.467000 -3.969000  0.529000
     8.467000 -3.704000  0.529000
     8.467000 -3.440000  0.529000
     8.467000 -3.175000  0.529000
     8.467000 -2.910000  0.529000
     8.467000 -2.646000  0.529000
     8.467000 -2.381000  0.529000
     8.467000 -2.117000  0.529000
     8.467000 -1.852000  0.529000
     8.467000 -1.588000  0.529000
     8.467000 -1.323000  0.529000
     8.467000 -1.058000  0.529000
     8.467000 -0.794000  0.529000
     8.467000 -0.529000  0.529000
     8.467000 -0.265000  0.529000
     8.467000  0.000000  0.529000
     8.467000  0.265000  0.529000
     8.467000  0.529000  0.529000
     8.467000  0.794000  0.529000
     8.467000  1.058000  0.529000
     8.467000  1.323000  0.529000
     8.467000  1.588000  0.529000
     8.467000  1.852000  0.529000
     8.467000  2.117000  0.529000
     8.467000  2.381000  0.529000
     8.467000  2.646000  0.529000
     8.467000  2.910000  0.529000
     8.467000  3.175000  0.529000
     8.467000  3.440000  0.529000
     8.467000  3.704000  0.529000
     8.467000  3.969000  0.529000
     8.467000  4.233000  0.529000
     8.467000  4.498000  0.529000
     8.467000  4.763000  0.529000
     8.467000  5.027000  0.529000
     8.467000  5.292000  0.529000
     8.467000  5.556000  0.529000
     8.467000  5.821000  0.529000
     8.467000  6.086000  0.529000
     8.467000  6.350000  0.529000
     8.467000  6.615000  0.529000
     8.467000  6.879000  0.529000
     8.467000  7.144000  0.529000
     8.467000  7.408000  0.529000
     8.467000  7.673000  0.529000
     8.467000  7.938000  0.529000
     8.467000  8.202000  0.529000
     8.467000  8.467000  0.529000
     8.467000  8.731000  0.529000
     8.467000  8.996000  0.529000
     8.467000  9.261000  0.529000
     8.467000  9.525000  0.529000
     8.467000  9.790000  0.529000
     8.467000  10.054000  0.529000
     8.467000  10.319000  0.529000
     8.467000  10.584000  0.529000
     8.731000 -10.584000  0.529000
     8.731000 -10.319000  0.529000
     8.731000 -10.054000  0.529000
     8.731000 -9.790000  0.529000
     8.731000 -9.525000  0.529000
     8.731000 -9.261000  0.529000
     8.731000 -8.996000  0.529000
     8.731000 -8.731000  0.529000
     8.731000 -8.467000  0.529000
     8.731000 -8.202000  0.529000
     8.731000 -7.938000  0.529000
     8.731000 -7.673000  0.529000
     8.731000 -7.408000  0.529000
     8.731000 -7.144000  0.529000
     8.731000 -6.879000  0.529000
     8.731000 -6.615000  0.529000
     8.731000 -6.350000  0.529000
     8.731000 -6.086000  0.529000
     8.731000 -5.821000  0.529000
     8.731000 -5.556000  0.529000
     8.731000 -5.292000  0.529000
     8.731000 -5.027000  0.529000
     8.731000 -4.763000  0.529000
     8.731000 -4.498000  0.529000
     8.731000 -4.233000  0.529000
     8.731000 -3.969000  0.529000
     8.731000 -3.704000  0.529000
     8.731000 -3.440000  0.529000
     8.731000 -3.175000  0.529000
     8.731000 -2.910000  0.529000
     8.731000 -2.646000  0.529000
     8.731000 -2.381000  0.529000
     8.731000 -2.117000  0.529000
     8.731000 -1.852000  0.529000
     8.731000 -1.588000  0.529000
     8.731000 -1.323000  0.529000
     8.731000 -1.058000  0.529000
     8.731000 -0.794000  0.529000
     8.731000 -0.529000  0.529000
     8.731000 -0.265000  0.529000
     8.731000  0.000000  0.529000
     8.731000  0.265000  0.529000
     8.731000  0.529000  0.529000
     8.731000  0.794000  0.529000
     8.731000  1.058000  0.529000
     8.731000  1.323000  0.529000
     8.731000  1.588000  0.529000
     8.731000  1.852000  0.529000
     8.731000  2.117000  0.529000
     8.731000  2.381000  0.529000
     8.731000  2.646000  0.529000
     8.731000  2.910000  0.529000
     8.731000  3.175000  0.529000
     8.731000  3.440000  0.529000
     8.731000  3.704000  0.529000
     8.731000  3.969000  0.529000
     8.731000  4.233000  0.529000
     8.731000  4.498000  0.529000
     8.731000  4.763000  0.529000
     8.731000  5.027000  0.529000
     8.731000  5.292000  0.529000
     8.731000  5.556000  0.529000
     8.731000  5.821000  0.529000
     8.731000  6.086000  0.529000
     8.731000  6.350000  0.529000
     8.731000  6.615000  0.529000
     8.731000  6.879000  0.529000
     8.731000  7.144000  0.529000
     8.731000  7.408000  0.529000
     8.731000  7.673000  0.529000
     8.731000  7.938000  0.529000
     8.731000  8.202000  0.529000
     8.731000  8.467000  0.529000
     8.731000  8.731000  0.529000
     8.731000  8.996000  0.529000
     8.731000  9.261000  0.529000
     8.731000  9.525000  0.529000
     8.731000  9.790000  0.529000
     8.731000  10.054000  0.529000
     8.731000  10.319000  0.529000
     8.731000  10.584000  0.529000
     8.996000 -10.584000  0.529000
     8.996000 -10.319000  0.529000
     8.996000 -10.054000  0.529000
     8.996000 -9.790000  0.529000
     8.996000 -9.525000  0.529000
     8.996000 -9.261000  0.529000
     8.996000 -8.996000  0.529000
     8.996000 -8.731000  0.529000
     8.996000 -8.467000  0.529000
     8.996000 -8.202000  0.529000
     8.996000 -7.938000  0.529000
     8.996000 -7.673000  0.529000
     8.996000 -7.408000  0.529000
     8.996000 -7.144000  0.529000
     8.996000 -6.879000  0.529000
     8.996000 -6.615000  0.529000
     8.996000 -6.350000  0.529000
     8.996000 -6.086000  0.529000
     8.996000 -5.821000  0.529000
     8.996000 -5.556000  0.529000
     8.996000 -5.292000  0.529000
     8.996000 -5.027000  0.529000
     8.996000 -4.763000  0.529000
     8.996000 -4.498000  0.529000
     8.996000 -4.233000  0.529000
     8.996000 -3.969000  0.529000
     8.996000 -3.704000  0.529000
     8.996000 -3.440000  0.529000
     8.996000 -3.175000  0.529000
     8.996000 -2.910000  0.529000
     8.996000 -2.646000  0.529000
     8.996000 -2.381000  0.529000
     8.996000 -2.117000  0.529000
     8.996000 -1.852000  0.529000
     8.996000 -1.588000  0.529000
     8.996000 -1.323000  0.529000
     8.996000 -1.058000  0.529000
     8.996000 -0.794000  0.529000
     8.996000 -0.529000  0.529000
     8.996000 -0.265000  0.529000
     8.996000  0.000000  0.529000
     8.996000  0.265000  0.529000
     8.996000  0.529000  0.529000
     8.996000  0.794000  0.529000
     8.996000  1.058000  0.529000
     8.996000  1.323000  0.529000
     8.996000  1.588000  0.529000
     8.996000  1.852000  0.529000
     8.996000  2.117000  0.529000
     8.996000  2.381000  0.529000
     8.996000  2.646000  0.529000
     8.996000  2.910000  0.529000
     8.996000  3.175000  0.529000
     8.996000  3.440000  0.529000
     8.996000  3.704000  0.529000
     8.996000  3.969000  0.529000
     8.996000  4.233000  0.529000
     8.996000  4.498000  0.529000
     8.996000  4.763000  0.529000
     8.996000  5.027000  0.529000
     8.996000  5.292000  0.529000
     8.996000  5.556000  0.529000
     8.996000  5.821000  0.529000
     8.996000  6.086000  0.529000
     8.996000  6.350000  0.529000
     8.996000  6.615000  0.529000
     8.996000  6.879000  0.529000
     8.996000  7.144000  0.529000
     8.996000  7.408000  0.529000
     8.996000  7.673000  0.529000
     8.996000  7.938000  0.529000
     8.996000  8.202000  0.529000
     8.996000  8.467000  0.529000
     8.996000  8.731000  0.529000
     8.996000  8.996000  0.529000
     8.996000  9.261000  0.529000
     8.996000  9.525000  0.529000
     8.996000  9.790000  0.529000
     8.996000  10.054000  0.529000
     8.996000  10.319000  0.529000
     8.996000  10.584000  0.529000
     9.261000 -10.584000  0.529000
     9.261000 -10.319000  0.529000
     9.261000 -10.054000  0.529000
     9.261000 -9.790000  0.529000
     9.261000 -9.525000  0.529000
     9.261000 -9.261000  0.529000
     9.261000 -8.996000  0.529000
     9.261000 -8.731000  0.529000
     9.261000 -8.467000  0.529000
     9.261000 -8.202000  0.529000
     9.261000 -7.938000  0.529000
     9.261000 -7.673000  0.529000
     9.261000 -7.408000  0.529000
     9.261000 -7.144000  0.529000
     9.261000 -6.879000  0.529000
     9.261000 -6.615000  0.529000
     9.261000 -6.350000  0.529000
     9.261000 -6.086000  0.529000
     9.261000 -5.821000  0.529000
     9.261000 -5.556000  0.529000
     9.261000 -5.292000  0.529000
     9.261000 -5.027000  0.529000
     9.261000 -4.763000  0.529000
     9.261000 -4.498000  0.529000
     9.261000 -4.233000  0.529000
     9.261000 -3.969000  0.529000
     9.261000 -3.704000  0.529000
     9.261000 -3.440000  0.529000
     9.261000 -3.175000  0.529000
     9.261000 -2.910000  0.529000
     9.261000 -2.646000  0.529000
     9.261000 -2.381000  0.529000
     9.261000 -2.117000  0.529000
     9.261000 -1.852000  0.529000
     9.261000 -1.588000  0.529000
     9.261000 -1.323000  0.529000
     9.261000 -1.058000  0.529000
     9.261000 -0.794000  0.529000
     9.261000 -0.529000  0.529000
     9.261000 -0.265000  0.529000
     9.261000  0.000000  0.529000
     9.261000  0.265000  0.529000
     9.261000  0.529000  0.529000
     9.261000  0.794000  0.529000
     9.261000  1.058000  0.529000
     9.261000  1.323000  0.529000
     9.261000  1.588000  0.529000
     9.261000  1.852000  0.529000
     9.261000  2.117000  0.529000
     9.261000  2.381000  0.529000
     9.261000  2.646000  0.529000
     9.261000  2.910000  0.529000
     9.261000  3.175000  0.529000
     9.261000  3.440000  0.529000
     9.261000  3.704000  0.529000
     9.261000  3.969000  0.529000
     9.261000  4.233000  0.529000
     9.261000  4.498000  0.529000
     9.261000  4.763000  0.529000
     9.261000  5.027000  0.529000
     9.261000  5.292000  0.529000
     9.261000  5.556000  0.529000
     9.261000  5.821000  0.529000
     9.261000  6.086000  0.529000
     9.261000  6.350000  0.529000
     9.261000  6.615000  0.529000
     9.261000  6.879000  0.529000
     9.261000  7.144000  0.529000
     9.261000  7.408000  0.529000
     9.261000  7.673000  0.529000
     9.261000  7.938000  0.529000
     9.261000  8.202000  0.529000
     9.261000  8.467000  0.529000
     9.261000  8.731000  0.529000
     9.261000  8.996000  0.529000
     9.261000  9.261000  0.529000
     9.261000  9.525000  0.529000
     9.261000  9.790000  0.529000
     9.261000  10.054000  0.529000
     9.261000  10.319000  0.529000
     9.261000  10.584000  0.529000
     9.525000 -10.584000  0.529000
     9.525000 -10.319000  0.529000
     9.525000 -10.054000  0.529000
     9.525000 -9.790000  0.529000
     9.525000 -9.525000  0.529000
     9.525000 -9.261000  0.529000
     9.525000 -8.996000  0.529000
     9.525000 -8.731000  0.529000
     9.525000 -8.467000  0.529000
     9.525000 -8.202000  0.529000
     9.525000 -7.938000  0.529000
     9.525000 -7.673000  0.529000
     9.525000 -7.408000  0.529000
     9.525000 -7.144000  0.529000
     9.525000 -6.879000  0.529000
     9.525000 -6.615000  0.529000
     9.525000 -6.350000  0.529000
     9.525000 -6.086000  0.529000
     9.525000 -5.821000  0.529000
     9.525000 -5.556000  0.529000
     9.525000 -5.292000  0.529000
     9.525000 -5.027000  0.529000
     9.525000 -4.763000  0.529000
     9.525000 -4.498000  0.529000
     9.525000 -4.233000  0.529000
     9.525000 -3.969000  0.529000
     9.525000 -3.704000  0.529000
     9.525000 -3.440000  0.529000
     9.525000 -3.175000  0.529000
     9.525000 -2.910000  0.529000
     9.525000 -2.646000  0.529000
     9.525000 -2.381000  0.529000
     9.525000 -2.117000  0.529000
     9.525000 -1.852000  0.529000
     9.525000 -1.588000  0.529000
     9.525000 -1.323000  0.529000
     9.525000 -1.058000  0.529000
     9.525000 -0.794000  0.529000
     9.525000 -0.529000  0.529000
     9.525000 -0.265000  0.529000
     9.525000  0.000000  0.529000
     9.525000  0.265000  0.529000
     9.525000  0.529000  0.529000
     9.525000  0.794000  0.529000
     9.525000  1.058000  0.529000
     9.525000  1.323000  0.529000
     9.525000  1.588000  0.529000
     9.525000  1.852000  0.529000
     9.525000  2.117000  0.529000
     9.525000  2.381000  0.529000
     9.525000  2.646000  0.529000
     9.525000  2.910000  0.529000
     9.525000  3.175000  0.529000
     9.525000  3.440000  0.529000
     9.525000  3.704000  0.529000
     9.525000  3.969000  0.529000
     9.525000  4.233000  0.529000
     9.525000  4.498000  0.529000
     9.525000  4.763000  0.529000
     9.525000  5.027000  0.529000
     9.525000  5.292000  0.529000
     9.525000  5.556000  0.529000
     9.525000  5.821000  0.529000
     9.525000  6.086000  0.529000
     9.525000  6.350000  0.529000
     9.525000  6.615000  0.529000
     9.525000  6.879000  0.529000
     9.525000  7.144000  0.529000
     9.525000  7.408000  0.529000
     9.525000  7.673000  0.529000
     9.525000  7.938000  0.529000
     9.525000  8.202000  0.529000
     9.525000  8.467000  0.529000
     9.525000  8.731000  0.529000
     9.525000  8.996000  0.529000
     9.525000  9.261000  0.529000
     9.525000  9.525000  0.529000
     9.525000  9.790000  0.529000
     9.525000  10.054000  0.529000
     9.525000  10.319000  0.529000
     9.525000  10.584000  0.529000
     9.790000 -10.584000  0.529000
     9.790000 -10.319000  0.529000
     9.790000 -10.054000  0.529000
     9.790000 -9.790000  0.529000
     9.790000 -9.525000  0.529000
     9.790000 -9.261000  0.529000
     9.790000 -8.996000  0.529000
     9.790000 -8.731000  0.529000
     9.790000 -8.467000  0.529000
     9.790000 -8.202000  0.529000
     9.790000 -7.938000  0.529000
     9.790000 -7.673000  0.529000
     9.790000 -7.408000  0.529000
     9.790000 -7.144000  0.529000
     9.790000 -6.879000  0.529000
     9.790000 -6.615000  0.529000
     9.790000 -6.350000  0.529000
     9.790000 -6.086000  0.529000
     9.790000 -5.821000  0.529000
     9.790000 -5.556000  0.529000
     9.790000 -5.292000  0.529000
     9.790000 -5.027000  0.529000
     9.790000 -4.763000  0.529000
     9.790000 -4.498000  0.529000
     9.790000 -4.233000  0.529000
     9.790000 -3.969000  0.529000
     9.790000 -3.704000  0.529000
     9.790000 -3.440000  0.529000
     9.790000 -3.175000  0.529000
     9.790000 -2.910000  0.529000
     9.790000 -2.646000  0.529000
     9.790000 -2.381000  0.529000
     9.790000 -2.117000  0.529000
     9.790000 -1.852000  0.529000
     9.790000 -1.588000  0.529000
     9.790000 -1.323000  0.529000
     9.790000 -1.058000  0.529000
     9.790000 -0.794000  0.529000
     9.790000 -0.529000  0.529000
     9.790000 -0.265000  0.529000
     9.790000  0.000000  0.529000
     9.790000  0.265000  0.529000
     9.790000  0.529000  0.529000
     9.790000  0.794000  0.529000
     9.790000  1.058000  0.529000
     9.790000  1.323000  0.529000
     9.790000  1.588000  0.529000
     9.790000  1.852000  0.529000
     9.790000  2.117000  0.529000
     9.790000  2.381000  0.529000
     9.790000  2.646000  0.529000
     9.790000  2.910000  0.529000
     9.790000  3.175000  0.529000
     9.790000  3.440000  0.529000
     9.790000  3.704000  0.529000
     9.790000  3.969000  0.529000
     9.790000  4.233000  0.529000
     9.790000  4.498000  0.529000
     9.790000  4.763000  0.529000
     9.790000  5.027000  0.529000
     9.790000  5.292000  0.529000
     9.790000  5.556000  0.529000
     9.790000  5.821000  0.529000
     9.790000  6.086000  0.529000
     9.790000  6.350000  0.529000
     9.790000  6.615000  0.529000
     9.790000  6.879000  0.529000
     9.790000  7.144000  0.529000
     9.790000  7.408000  0.529000
     9.790000  7.673000  0.529000
     9.790000  7.938000  0.529000
     9.790000  8.202000  0.529000
     9.790000  8.467000  0.529000
     9.790000  8.731000  0.529000
     9.790000  8.996000  0.529000
     9.790000  9.261000  0.529000
     9.790000  9.525000  0.529000
     9.790000  9.790000  0.529000
     9.790000  10.054000  0.529000
     9.790000  10.319000  0.529000
     9.790000  10.584000  0.529000
     10.054000 -10.584000  0.529000
     10.054000 -10.319000  0.529000
     10.054000 -10.054000  0.529000
     10.054000 -9.790000  0.529000
     10.054000 -9.525000  0.529000
     10.054000 -9.261000  0.529000
     10.054000 -8.996000  0.529000
     10.054000 -8.731000  0.529000
     10.054000 -8.467000  0.529000
     10.054000 -8.202000  0.529000
     10.054000 -7.938000  0.529000
     10.054000 -7.673000  0.529000
     10.054000 -7.408000  0.529000
     10.054000 -7.144000  0.529000
     10.054000 -6.879000  0.529000
     10.054000 -6.615000  0.529000
     10.054000 -6.350000  0.529000
     10.054000 -6.086000  0.529000
     10.054000 -5.821000  0.529000
     10.054000 -5.556000  0.529000
     10.054000 -5.292000  0.529000
     10.054000 -5.027000  0.529000
     10.054000 -4.763000  0.529000
     10.054000 -4.498000  0.529000
     10.054000 -4.233000  0.529000
     10.054000 -3.969000  0.529000
     10.054000 -3.704000  0.529000
     10.054000 -3.440000  0.529000
     10.054000 -3.175000  0.529000
     10.054000 -2.910000  0.529000
     10.054000 -2.646000  0.529000
     10.054000 -2.381000  0.529000
     10.054000 -2.117000  0.529000
     10.054000 -1.852000  0.529000
     10.054000 -1.588000  0.529000
     10.054000 -1.323000  0.529000
     10.054000 -1.058000  0.529000
     10.054000 -0.794000  0.529000
     10.054000 -0.529000  0.529000
     10.054000 -0.265000  0.529000
     10.054000  0.000000  0.529000
     10.054000  0.265000  0.529000
     10.054000  0.529000  0.529000
     10.054000  0.794000  0.529000
     10.054000  1.058000  0.529000
     10.054000  1.323000  0.529000
     10.054000  1.588000  0.529000
     10.054000  1.852000  0.529000
     10.054000  2.117000  0.529000
     10.054000  2.381000  0.529000
     10.054000  2.646000  0.529000
     10.054000  2.910000  0.529000
     10.054000  3.175000  0.529000
     10.054000  3.440000  0.529000
     10.054000  3.704000  0.529000
     10.054000  3.969000  0.529000
     10.054000  4.233000  0.529000
     10.054000  4.498000  0.529000
     10.054000  4.763000  0.529000
     10.054000  5.027000  0.529000
     10.054000  5.292000  0.529000
     10.054000  5.556000  0.529000
     10.054000  5.821000  0.529000
     10.054000  6.086000  0.529000
     10.054000  6.350000  0.529000
     10.054000  6.615000  0.529000
     10.054000  6.879000  0.529000
     10.054000  7.144000  0.529000
     10.054000  7.408000  0.529000
     10.054000  7.673000  0.529000
     10.054000  7.938000  0.529000
     10.054000  8.202000  0.529000
     10.054000  8.467000  0.529000
     10.054000  8.731000  0.529000
     10.054000  8.996000  0.529000
     10.054000  9.261000  0.529000
     10.054000  9.525000  0.529000
     10.054000  9.790000  0.529000
     10.054000  10.054000  0.529000
     10.054000  10.319000  0.529000
     10.054000  10.584000  0.529000
     10.319000 -10.584000  0.529000
     10.319000 -10.319000  0.529000
     10.319000 -10.054000  0.529000
     10.319000 -9.790000  0.529000
     10.319000 -9.525000  0.529000
     10.319000 -9.261000  0.529000
     10.319000 -8.996000  0.529000
     10.319000 -8.731000  0.529000
     10.319000 -8.467000  0.529000
     10.319000 -8.202000  0.529000
     10.319000 -7.938000  0.529000
     10.319000 -7.673000  0.529000
     10.319000 -7.408000  0.529000
     10.319000 -7.144000  0.529000
     10.319000 -6.879000  0.529000
     10.319000 -6.615000  0.529000
     10.319000 -6.350000  0.529000
     10.319000 -6.086000  0.529000
     10.319000 -5.821000  0.529000
     10.319000 -5.556000  0.529000
     10.319000 -5.292000  0.529000
     10.319000 -5.027000  0.529000
     10.319000 -4.763000  0.529000
     10.319000 -4.498000  0.529000
     10.319000 -4.233000  0.529000
     10.319000 -3.969000  0.529000
     10.319000 -3.704000  0.529000
     10.319000 -3.440000  0.529000
     10.319000 -3.175000  0.529000
     10.319000 -2.910000  0.529000
     10.319000 -2.646000  0.529000
     10.319000 -2.381000  0.529000
     10.319000 -2.117000  0.529000
     10.319000 -1.852000  0.529000
     10.319000 -1.588000  0.529000
     10.319000 -1.323000  0.529000
     10.319000 -1.058000  0.529000
     10.319000 -0.794000  0.529000
     10.319000 -0.529000  0.529000
     10.319000 -0.265000  0.529000
     10.319000  0.000000  0.529000
     10.319000  0.265000  0.529000
     10.319000  0.529000  0.529000
     10.319000  0.794000  0.529000
     10.319000  1.058000  0.529000
     10.319000  1.323000  0.529000
     10.319000  1.588000  0.529000
     10.319000  1.852000  0.529000
     10.319000  2.117000  0.529000
     10.319000  2.381000  0.529000
     10.319000  2.646000  0.529000
     10.319000  2.910000  0.529000
     10.319000  3.175000  0.529000
     10.319000  3.440000  0.529000
     10.319000  3.704000  0.529000
     10.319000  3.969000  0.529000
     10.319000  4.233000  0.529000
     10.319000  4.498000  0.529000
     10.319000  4.763000  0.529000
     10.319000  5.027000  0.529000
     10.319000  5.292000  0.529000
     10.319000  5.556000  0.529000
     10.319000  5.821000  0.529000
     10.319000  6.086000  0.529000
     10.319000  6.350000  0.529000
     10.319000  6.615000  0.529000
     10.319000  6.879000  0.529000
     10.319000  7.144000  0.529000
     10.319000  7.408000  0.529000
     10.319000  7.673000  0.529000
     10.319000  7.938000  0.529000
     10.319000  8.202000  0.529000
     10.319000  8.467000  0.529000
     10.319000  8.731000  0.529000
     10.319000  8.996000  0.529000
     10.319000  9.261000  0.529000
     10.319000  9.525000  0.529000
     10.319000  9.790000  0.529000
     10.319000  10.054000  0.529000
     10.319000  10.319000  0.529000
     10.319000  10.584000  0.529000
     10.584000 -10.584000  0.529000
     10.584000 -10.319000  0.529000
     10.584000 -10.054000  0.529000
     10.584000 -9.790000  0.529000
     10.584000 -9.525000  0.529000
     10.584000 -9.261000  0.529000
     10.584000 -8.996000  0.529000
     10.584000 -8.731000  0.529000
     10.584000 -8.467000  0.529000
     10.584000 -8.202000  0.529000
     10.584000 -7.938000  0.529000
     10.584000 -7.673000  0.529000
     10.584000 -7.408000  0.529000
     10.584000 -7.144000  0.529000
     10.584000 -6.879000  0.529000
     10.584000 -6.615000  0.529000
     10.584000 -6.350000  0.529000
     10.584000 -6.086000  0.529000
     10.584000 -5.821000  0.529000
     10.584000 -5.556000  0.529000
     10.584000 -5.292000  0.529000
     10.584000 -5.027000  0.529000
     10.584000 -4.763000  0.529000
     10.584000 -4.498000  0.529000
     10.584000 -4.233000  0.529000
     10.584000 -3.969000  0.529000
     10.584000 -3.704000  0.529000
     10.584000 -3.440000  0.529000
     10.584000 -3.175000  0.529000
     10.584000 -2.910000  0.529000
     10.584000 -2.646000  0.529000
     10.584000 -2.381000  0.529000
     10.584000 -2.117000  0.529000
     10.584000 -1.852000  0.529000
     10.584000 -1.588000  0.529000
     10.584000 -1.323000  0.529000
     10.584000 -1.058000  0.529000
     10.584000 -0.794000  0.529000
     10.584000 -0.529000  0.529000
     10.584000 -0.265000  0.529000
     10.584000  0.000000  0.529000
     10.584000  0.265000  0.529000
     10.584000  0.529000  0.529000
     10.584000  0.794000  0.529000
     10.584000  1.058000  0.529000
     10.584000  1.323000  0.529000
     10.584000  1.588000  0.529000
     10.584000  1.852000  0.529000
     10.584000  2.117000  0.529000
     10.584000  2.381000  0.529000
     10.584000  2.646000  0.529000
     10.584000  2.910000  0.529000
     10.584000  3.175000  0.529000
     10.584000  3.440000  0.529000
     10.584000  3.704000  0.529000
     10.584000  3.969000  0.529000
     10.584000  4.233000  0.529000
     10.584000  4.498000  0.529000
     10.584000  4.763000  0.529000
     10.584000  5.027000  0.529000
     10.584000  5.292000  0.529000
     10.584000  5.556000  0.529000
     10.584000  5.821000  0.529000
     10.584000  6.086000  0.529000
     10.584000  6.350000  0.529000
     10.584000  6.615000  0.529000
     10.584000  6.879000  0.529000
     10.584000  7.144000  0.529000
     10.584000  7.408000  0.529000
     10.584000  7.673000  0.529000
     10.584000  7.938000  0.529000
     10.584000  8.202000  0.529000
     10.584000  8.467000  0.529000
     10.584000  8.731000  0.529000
     10.584000  8.996000  0.529000
     10.584000  9.261000  0.529000
     10.584000  9.525000  0.529000
     10.584000  9.790000  0.529000
     10.584000  10.054000  0.529000
     10.584000  10.319000  0.529000
     10.584000  10.584000  0.529000

POINT_DATA 6561
VECTORS point_vectors float
    -0.000137  0.000227  0.000026
    -0.000137  0.000227  0.000026
    -0.000137  0.000227  0.000026
    -0.000137  0.000227  0.000026
    -0.000137  0.000227  0.000026
    -0.000137  0.000227  0.000026
    -0.000137  0.000227  0.000026
    -0.000137  0.000227  0.000026
    -0.000137  0.000227  0.000026
    -0.000137  0.000227  0.000026
    -0.000137  0.000227  0.000026
    -0.000137  0.000227  0.000026
    -0.000137  0.000227  0.000026
    -0.000137  0.000227  0.000026
    -0.000137  0.000227  0.000026
    -0.000137  0.000227  0.000026
    -0.000137  0.000227  0.000026
    -0.000137  0.000227  0.000026
    -0.000137  0.000227  0.000026
    -0.000137  0.000227  0.000026
    -0.000137  0.000227  0.000026
    -0.000137  0.000227  0.000026
    -0.000137  0.000227  0.000026
    -0.000137  0.000227  0.000026
    -0.000137  0.000227  0.000026
    -0.000137  0.000227  0.000026
    -0.000167  0.000434  0.000026
    -0.000180  0.000480  0.000026
    -0.000198  0.000544  0.000026
    -0.000234  0.000672  0.000026
    -0.000248  0.000721  0.000026
    -0.000254  0.000742  0.000026
    -0.000258  0.000755  0.000026
    -0.000260  0.000762  0.000026
    -0.000260  0.000762  0.000026
    -0.000258  0.000756  0.000026
    -0.000248  0.000719  0.000026
    -0.000244  0.000705  0.000026
    -0.000263  0.000776  0.000026
    -0.000264  0.000778  0.000026
    -0.000264  0.000777  0.000026
    -0.000263  0.000773  0.000026
    -0.000260  0.000764  0.000026
    -0.000242  0.000695  0.000026
    -0.000244  0.000703  0.000026
    -0.000251  0.000729  0.000026
    -0.000251  0.000727  0.000026
    -0.000249  0.000719  0.000026
    -0.000245  0.000705  0.000026
    -0.000239  0.000685  0.000026
    -0.000232  0.000659  0.000026
    -0.000218  0.000611  0.000026
    -0.000186  0.000494  0.000026
    -0.000170  0.000440  0.000026
    -0.000149  0.000310  0.000026
    -0.000137  0.000227  0.000026
    -0.000137  0.000227  0.000026
    -0.000137  0.000227  0.000026
    -0.000137  0.000227  0.000026
    -0.000137  0.000227  0.000026
    -0.000137  0.000227  0.000026
    -0.000137  0.000227  0.000026
    -0.000137  0.000227  0.000026
    -0.000137  0.000227  0.000026
    -0.000137  0.000227  0.000026
    -0.000137  0.000227  0.000026
    -0.000137  0.000227  0.000026
    -0.000137  0.000227  0.000026
    -0.000137  0.000227  0.000026
    -0.000137  0.000227  0.000026
    -0.000137  0.000227  0.000026
    -0.000137  0.000227  0.000026
    -0.000137  0.000227  0.000026
    -0.000137  0.000227  0.000026
    -0.000137  0.000227  0.000026
    -0.000137  0.000227  0.000026
    -0.000137  0.000227  0.000026
    -0.000137  0.000227  0.000026
    -0.000137  0.000227  0.000026
    -0.000137  0.000227  0.000026
    -0.000137  0.000227  0.000026
    -0.000137  0.000227  0.000026
    -0.000137  0.000227  0.000026
    -0.000137  0.000227  0.000026
    -0.000137  0.000227  0.000026
    -0.000137  0.000227  0.000026
    -0.000137  0.000227  0.000026
    -0.000137  0.000227  0.000026
    -0.000137  0.000227  0.000026
    -0.000137  0.000227  0.000026
    -0.000137  0.000227  0.000026
    -0.000137  0.000227  0.000026
    -0.000137  0.000227  0.000026
    -0.000137  0.000227  0.000026
    -0.000137  0.000227  0.000026
    -0.000137  0.000227  0.000026
    -0.000137  0.000227  0.000026
    -0.000137  0.000227  0.000026
    -0.000137  0.000227  0.000026
    -0.000137  0.000227  0.000026
    -0.000137  0.000227  0.000026
    -0.000137  0.000227  0.000026
    -0.000137  0.000227  0.000026
    -0.000137  0.000227  0.000026
    -0.000137  0.000227  0.000026
    -0.000137  0.000227  0.000026
    -0.000202  0.000558  0.000026
    -0.000224  0.000636  0.000026
    -0.000245  0.000708  0.000026
    -0.000261  0.000762  0.000026
    -0.000268  0.000788  0.000026
    -0.000274  0.000809  0.000026
    -0.000278  0.000820  0.000026
    -0.000277  0.000820  0.000026
    -0.000276  0.000813  0.000026
    -0.000266  0.000777  0.000026
    -0.000286  0.000852  0.000026
    -0.000291  0.000870  0.000026
    -0.000296  0.000885  0.000026
    -0.000304  0.000983  0.000026
    -0.000314  0.001141  0.000026
    -0.000320  0.001227  0.000026
    -0.000312  0.001124  0.000026
    -0.000299  0.000955  0.000026
    -0.000290  0.000864  0.000026
    -0.000284  0.000842  0.000026
    -0.000277  0.000818  0.000026
    -0.000258  0.000746  0.000026
    -0.000264  0.000769  0.000026
    -0.000264  0.000766  0.000026
    -0.000261  0.000757  0.000026
    -0.000255  0.000737  0.000026
    -0.000248  0.000710  0.000026
    -0.000239  0.000680  0.000026
    -0.000224  0.000628  0.000026
    -0.000206  0.000565  0.000026
    -0.000187  0.000499  0.000026
    -0.000137  0.000227  0.000026
    -0.000137  0.000227  0.000026
    -0.000137  0.000227  0.000026
    -0.000137  0.000227  0.000026
    -0.000137  0.000227  0.000026
    -0.000137  0.000227  0.000026
    -0.000137  0.000227  0.000026
    -0.000137  0.000227  0.000026
    -0.000137  0.000227  0.000026
    -0.000137  0.000227  0.000026
    -0.000137  0.000227  0.000026
    -0.000137  0.000227  0.000026
    -0.000137  0.000227  0.000026
    -0.000137  0.000227  0.000026
    -0.000137  0.000227  0.000026
    -0.000137  0.000227  0.000026
    -0.000137  0.000227  0.000026
    -0.000137  0.000227  0.000026
    -0.000137  0.000227  0.000026
    -0.000137  0.000227  0.000026
    -0.000137  0.000227  0.000026
    -0.000137  0.000227  0.000026
    -0.000137  0.000227  0.000026
    -0.000137  0.000227  0.000026
    -0.000137  0.000227  0.000026
    -0.000137  0.000227  0.000026
    -0.000137  0.000227  0.000026
    -0.000137  0.000227  0.000026
    -0.000137  0.000227  0.000026
    -0.000137  0.000227  0.000026
    -0.000137  0.000227  0.000026
    -0.000137  0.000227  0.000026
    -0.000137  0.000227  0.000026
    -0.000137  0.000227  0.000026
    -0.000137  0.000227  0.000026
    -0.000137  0.000227  0.000026
    -0.000137  0.000227  0.000026
    -0.000137  0.000227  0.000026
    -0.000137  0.000227  0.000026
    -0.000137  0.000227  0.000026
    -0.000137  0.000227  0.000026
    -0.000137  0.000227  0.000026
    -0.000137  0.000227  0.000026
    -0.000137  0.000227  0.000026
    -0.000137  0.000227  0.000026
    -0.000137  0.000227  0.000026
    -0.000137  0.000227  0.000026
    -0.000137  0.000227  0.000026
    -0.000199  0.000545  0.000026
    -0.000220  0.000617  0.000026
    -0.000248  0.000714  0.000026
    -0.000270  0.000790  0.000026
    -0.000283  0.000833  0.000026
    -0.000288  0.000852  0.000026
    -0.000291  0.000861  0.000026
    -0.000291  0.000861  0.000026
    -0.000289  0.000854  0.000026
    -0.000301  0.000896  0.000026
    -0.000308  0.001004  0.000026
    -0.000318  0.001153  0.000026
    -0.000329  0.001317  0.000026
    -0.000333  0.001388  0.000026
    -0.000328  0.001329  0.000026
    -0.000318  0.001184  0.000026
    -0.000304  0.001005  0.000026
    -0.000296  0.000901  0.000026
    -0.000301  0.000981  0.000026
    -0.000312  0.001149  0.000026
    -0.000320  0.001270  0.000026
    -0.000322  0.001301  0.000026
    -0.000315  0.001216  0.000026
    -0.000301  0.001025  0.000026
    -0.000288  0.000857  0.000026
    -0.000285  0.000833  0.000026
    -0.000272  0.000789  0.000026
    -0.000271  0.000783  0.000026
    -0.000268  0.000773  0.000026
    -0.000263  0.000754  0.000026
    -0.000256  0.000729  0.000026
    -0.000243  0.000685  0.000026
    -0.000223  0.000617  0.000026
    -0.000199  0.000538  0.000026
    -0.000182  0.000479  0.000026
    -0.000137  0.000227  0.000026
    -0.000137  0.000227  0.000026
    -0.000137  0.000227  0.000026
    -0.000137  0.000227  0.000026
    -0.000137  0.000227  0.000026
    -0.000137  0.000227  0.000026
    -0.000137  0.000227  0.000026
    -0.000137  0.000227  0.000026
    -0.000137  0.000227  0.000026
    -0.000137  0.000227  0.000026
    -0.000137  0.000227  0.000026
    -0.000137  0.000227  0.000026
    -0.000137  0.000227  0.000026
    -0.000137  0.000227  0.000026
    -0.000137  0.000227  0.000026
    -0.000137  0.000227  0.000026
    -0.000137  0.000227  0.000026
    -0.000137  0.000227  0.000026
    -0.000137  0.000227  0.000026
    -0.000137  0.000227  0.000026
    -0.000137  0.000227  0.000026
    -0.000137  0.000227  0.000026
    -0.000137  0.000227  0.000026
    -0.000137  0.000227  0.000026
    -0.000137  0.000227  0.000026
    -0.000137  0.000227  0.000026
    -0.000137  0.000227  0.000026
    -0.000137  0.000227  0.000026
    -0.000137  0.000227  0.000026
    -0.000137  0.000227  0.000026
    -0.000137  0.000227  0.000026
    -0.000137  0.000227  0.000026
    -0.000137  0.000227  0.000026
    -0.000137  0.000227  0.000026
    -0.000137  0.000227  0.000026
    -0.000137  0.000227  0.000026
    -0.000137  0.000227  0.000026
    -0.000137  0.000227  0.000026
    -0.000137  0.000227  0.000026
    -0.000137  0.000227  0.000026
    -0.000137  0.000227  0.000026
    -0.000137  0.000227  0.000026
    -0.000137  0.000227  0.000026
    -0.000137  0.000227  0.000026
    -0.000172  0.000447  0.000026
    -0.000214  0.000593  0.000026
    -0.000241  0.000687  0.000026
    -0.000269  0.000781  0.000026
    -0.000284  0.000833  0.000026
    -0.000292  0.000856  0.000026
    -0.000294  0.000863  0.000026
    -0.000293  0.000858  0.000026
    -0.000290  0.000847  0.000026
    -0.000310  0.000997  0.000026
    -0.000297  0.000872  0.000026
    -0.000299  0.000882  0.000026
    -0.000296  0.000873  0.000026
    -0.000291  0.000856  0.000026
    -0.000287  0.000845  0.000026
    -0.000283  0.000833  0.000026
    -0.000279  0.000818  0.000026
    -0.000275  0.000804  0.000026
    -0.000274  0.000802  0.000026
    -0.000274  0.000801  0.000026
    -0.000273  0.000796  0.000026
    -0.000272  0.000793  0.000026
    -0.000273  0.000797  0.000026
    -0.000276  0.000803  0.000026
    -0.000277  0.000806  0.000026
    -0.000278  0.000808  0.000026
    -0.000281  0.000814  0.000026
    -0.000281  0.000812  0.000026
    -0.000277  0.000796  0.000026
    -0.000281  0.000810  0.000026
    -0.000266  0.000757  0.000026
    -0.000266  0.000755  0.000026
    -0.000264  0.000748  0.000026
    -0.000260  0.000733  0.000026
    -0.000251  0.000705  0.000026
    -0.000237  0.000658  0.000026
    -0.000214  0.000583  0.000026
    -0.000192  0.000508  0.000026
    -0.000154  0.000347  0.000026
    -0.000137  0.000227  0.000026
    -0.000137  0.000227  0.000026
    -0.000137  0.000227  0.000026
    -0.000137  0.000227  0.000026
    -0.000137  0.000227  0.000026
    -0.000137  0.000227  0.000026
    -0.000137  0.000227  0.000026
    -0.000137  0.000227  0.000026
    -0.000137  0.000227  0.000026
    -0.000137  0.000227  0.000026
    -0.000137  0.000227  0.000026
    -0.000137  0.000227  0.000026
    -0.000137  0.000227  0.000026
    -0.000137  0.000227  0.000026
    -0.000137  0.000227  0.000026
    -0.000137  0.000227  0.000026
    -0.000137  0.000227  0.000026
    -0.000137  0.000227  0.000026
    -0.000137  0.000227  0.000026
    -0.000137  0.000227  0.000026
    -0.000137  0.000227  0.000026
    -0.000137  0.000227  0.000026
    -0.000137  0.000227  0.000026
    -0.000137  0.000227  0.000026
    -0.000137  0.000227  0.000026
    -0.000137  0.000227  0.000026
    -0.000137  0.000227  0.000026
    -0.000137  0.000227  0.000026
    -0.000137  0.000227  0.000026
    -0.000137  0.000227  0.000026
    -0.000137  0.000227  0.000026
    -0.000137  0.000227  0.000026
    -0.000137  0.000227  0.000026
    -0.000137  0.000227  0.000026
    -0.000137  0.000227  0.000026
    -0.000137  0.000227  0.000026
    -0.000137  0.000227  0.000026
    -0.000137  0.000227  0.000026
    -0.000137  0.000227  0.000026
    -0.000137  0.000227  0.000026
    -0.000154  0.000343  0.000026
    -0.000182  0.000480  0.000026
    -0.000228  0.000637  0.000026
    -0.000254  0.000725  0.000026
    -0.000276  0.000798  0.000026
    -0.000286  0.000829  0.000026
    -0.000289  0.000837  0.000026
    -0.000288  0.000834  0.000026
    -0.000285  0.000821  0.000026
    -0.000280  0.000803  0.000026
    -0.000290  0.000839  0.000026
    -0.000284  0.000820  0.000026
    -0.000277  0.000799  0.000026
    -0.000268  0.000771  0.000026
    -0.000259  0.000742  0.000026
    -0.000252  0.000721  0.000026
    -0.000246  0.000702  0.000026
    -0.000241  0.000687  0.000026
    -0.000242  0.000690  0.000026
    -0.000243  0.000693  0.000026
    -0.000244  0.000698  0.000026
    -0.000244  0.000695  0.000026
    -0.000242  0.000689  0.000026
    -0.000239  0.000678  0.000026
    -0.000237  0.000671  0.000026
    -0.000235  0.000663  0.000026
    -0.000238  0.000670  0.000026
    -0.000242  0.000681  0.000026
    -0.000246  0.000692  0.000026
    -0.000252  0.000710  0.000026
    -0.000258  0.000725  0.000026
    -0.000261  0.000733  0.000026
    -0.000264  0.000742  0.000026
    -0.000254  0.000704  0.000026
    -0.000255  0.000708  0.000026
    -0.000255  0.000707  0.000026
    -0.000310  0.000719  0.000026
    -0.000354  0.000720  0.000026
    -0.000337  0.000687  0.000026
    -0.000221  0.000598  0.000026
    -0.000200  0.000530  0.000026
    -0.000166  0.000421  0.000026
    -0.000137  0.000227  0.000026
    -0.000137  0.000227  0.000026
    -0.000137  0.000227  0.000026
    -0.000137  0.000227  0.000026
    -0.000137  0.000227  0.000026
    -0.000137  0.000227  0.000026
    -0.000137  0.000227  0.000026
    -0.000137  0.000227  0.000026
    -0.000137  0.000227  0.000026
    -0.000137  0.000227  0.000026
    -0.000137  0.000227  0.000026
    -0.000137  0.000227  0.000026
    -0.000137  0.000227  0.000026
    -0.000137  0.000227  0.000026
    -0.000137  0.000227  0.000026
    -0.000137  0.000227  0.000026
    -0.000137  0.000227  0.000026
    -0.000137  0.000227  0.000026
    -0.000137  0.000227  0.000026
    -0.000137  0.000227  0.000026
    -0.000137  0.000227  0.000026
    -0.000137  0.000227  0.000026
    -0.000137  0.000227  0.000026
    -0.000137  0.000227  0.000026
    -0.000137  0.000227  0.000026
    -0.000137  0.000227  0.000026
    -0.000137  0.000227  0.000026
    -0.000137  0.000227  0.000026
    -0.000137  0.000227  0.000026
    -0.000137  0.000227  0.000026
    -0.000137  0.000227  0.000026
    -0.000137  0.000227  0.000026
    -0.000137  0.000227  0.000026
    -0.000137  0.000227  0.000026
    -0.000137  0.000227  0.000026
    -0.000137  0.000227  0.000026
    -0.000137  0.000227  0.000026
    -0.000137  0.000227  0.000026
    -0.000166  0.000425  0.000026
    -0.000206  0.000559  0.000026
    -0.000235  0.000655  0.000026
    -0.000257  0.000727  0.000026
    -0.000216  0.000814  0.000026
    -0.000242  0.000828  0.000026
    -0.000282  0.000806  0.000026
    -0.000279  0.000794  0.000026
    -0.000274  0.000774  0.000026
    -0.000283  0.000806  0.000026
    -0.000273  0.000772  0.000026
    -0.000259  0.000729  0.000026
    -0.000249  0.000696  0.000026
    -0.000237  0.000660  0.000026
    -0.000229  0.000639  0.000026
    -0.000221  0.000615  0.000026
    -0.000216  0.000600  0.000026
    -0.000218  0.000607  0.000026
    -0.000216  0.000600  0.000026
    -0.000211  0.000586  0.000026
    -0.000204  0.000562  0.000026
    -0.000198  0.000539  0.000026
    -0.000197  0.000536  0.000026
    -0.000196  0.000534  0.000026
    -0.000201  0.000550  0.000026
    -0.000206  0.000567  0.000026
    -0.000209  0.000576  0.000026
    -0.000210  0.000578  0.000026
    -0.000208  0.000569  0.000026
    -0.000211  0.000576  0.000026
    -0.000217  0.000591  0.000026
    -0.000222  0.000602  0.000026
    -0.000229  0.000623  0.000026
    -0.000236  0.000641  0.000026
    -0.000245  0.000667  0.000026
    -0.000251  0.000682  0.000026
    -0.000242  0.000651  0.000026
    -0.000308  0.000678  0.000026
    -0.000390  0.000705  0.000026
    -0.000400  0.000702  0.000026
    -0.000345  0.000665  0.000026
    -0.000306  0.000613  0.000026
    -0.000202  0.000530  0.000026
    -0.000181  0.000464  0.000026
    -0.000140  0.000250  0.000026
    -0.000137  0.000227  0.000026
    -0.000137  0.000227  0.000026
    -0.000137  0.000227  0.000026
    -0.000137  0.000227  0.000026
    -0.000137  0.000227  0.000026
    -0.000137  0.000227  0.000026
    -0.000137  0.000227  0.000026
    -0.000137  0.000227  0.000026
    -0.000137  0.000227  0.000026
    -0.000137  0.000227  0.000026
    -0.000137  0.000227  0.000026
    -0.000137  0.000227  0.000026
    -0.000137  0.000227  0.000026
    -0.000137  0.000227  0.000026
    -0.000137  0.000227  0.000026
    -0.000137  0.000227  0.000026
    -0.000137  0.000227  0.000026
    -0.000137  0.000227  0.000026
    -0.000137  0.000227  0.000026
    -0.000137  0.000227  0.000026
    -0.000137  0.000227  0.000026
    -0.000137  0.000227  0.000026
    -0.000137  0.000227  0.000026
    -0.000137  0.000227  0.000026
    -0.000137  0.000227  0.000026
    -0.000137  0.000227  0.000026
    -0.000137  0.000227  0.000026
    -0.000137  0.000227  0.000026
    -0.000137  0.000227  0.000026
    -0.000137  0.000227  0.000026
    -0.000137  0.000227  0.000026
    -0.000137  0.000227  0.000026
    -0.000137  0.000227  0.000026
    -0.000137  0.000227  0.000026
    -0.000137  0.000227  0.000026
    -0.000170  0.000438  0.000026
    -0.000193  0.000512  0.000026
    -0.000226  0.000657  0.000026
    -0.000195  0.000742  0.000026
    -0.000184  0.000786  0.000026
    -0.000154  0.000813  0.000026
    -0.000171  0.000784  0.000026
    -0.000259  0.000713  0.000026
    -0.000251  0.000686  0.000026
    -0.000260  0.000718  0.000026
    -0.000248  0.000679  0.000026
    -0.000236  0.000645  0.000026
    -0.000223  0.000607  0.000026
    -0.000212  0.000575  0.000026
    -0.000202  0.000545  0.000026
    -0.000199  0.000540  0.000026
    -0.000194  0.000525  0.000026
    -0.000190  0.000517  0.000026
    -0.000185  0.000503  0.000026
    -0.000177  0.000479  0.000026
    -0.000172  0.000466  0.000026
    -0.000171  0.000464  0.000026
    -0.000166  0.000430  0.000026
    -0.000160  0.000385  0.000026
    -0.000165  0.000421  0.000026
    -0.000169  0.000448  0.000026
    -0.000170  0.000459  0.000026
    -0.000174  0.000468  0.000026
    -0.000180  0.000484  0.000026
    -0.000183  0.000489  0.000026
    -0.000186  0.000494  0.000026
    -0.000190  0.000504  0.000026
    -0.000191  0.000505  0.000026
    -0.000199  0.000524  0.000026
    -0.000206  0.000542  0.000026
    -0.000214  0.000560  0.000026
    -0.000221  0.000576  0.000026
    -0.000259  0.000603  0.000026
    -0.000237  0.000569  0.000026
    -0.000352  0.000617  0.000026
    -0.000343  0.000621  0.000026
    -0.000292  0.000608  0.000026
    -0.000251  0.000584  0.000026
    -0.000245  0.000568  0.000026
    -0.000222  0.000523  0.000026
    -0.000171  0.000428  0.000026
    -0.000146  0.000293  0.000026
    -0.000137  0.000227  0.000026
    -0.000137  0.000227  0.000026
    -0.000137  0.000227  0.000026
    -0.000137  0.000227  0.000026
    -0.000137  0.000227  0.000026
    -0.000137  0.000227  0.000026
    -0.000137  0.000227  0.000026
    -0.000137  0.000227  0.000026
    -0.000137  0.000227  0.000026
    -0.000137  0.000227  0.000026
    -0.000137  0.000227  0.000026
    -0.000137  0.000227  0.000026
    -0.000137  0.000227  0.000026
    -0.000137  0.000227  0.000026
    -0.000137  0.000227  0.000026
    -0.000137  0.000227  0.000026
    -0.000137  0.000227  0.000026
    -0.000137  0.000227  0.000026
    -0.000137  0.000227  0.000026
    -0.000137  0.000227  0.000026
    -0.000137  0.000227  0.000026
    -0.000137  0.000227  0.000026
    -0.000137  0.000227  0.000026
    -0.000137  0.000227  0.000026
    -0.000137  0.000227  0.000026
    -0.000137  0.000227  0.000026
    -0.000137  0.000227  0.000026
    -0.000137  0.000227  0.000026
    -0.000137  0.000227  0.000026
    -0.000137  0.000227  0.000026
    -0.000137  0.000227  0.000026
    -0.000137  0.000227  0.000026
    -0.000137  0.000227  0.000026
    -0.000172  0.000440  0.000026
    -0.000188  0.000490  0.000026
    -0.000261  0.000583  0.000026
    -0.000250  0.000654  0.000026
    -0.000230  0.000732  0.000026
    -0.000195  0.000776  0.000026
    -0.000151  0.000785  0.000026
    -0.000176  0.000740  0.000026
    -0.000251  0.000679  0.000026
    -0.000260  0.000713  0.000026
    -0.000248  0.000680  0.000026
    -0.000231  0.000628  0.000026
    -0.000217  0.000590  0.000026
    -0.000204  0.000554  0.000026
    -0.000194  0.000524  0.000026
    -0.000176  0.000470  0.000026
    -0.000159  0.000381  0.000026
    -0.000139  0.000245  0.000026
    -0.000137  0.000227  0.000026
    -0.000137  0.000227  0.000026
    -0.000137  0.000227  0.000026
    -0.000137  0.000227  0.000026
    -0.000139  0.000243  0.000026
    -0.000137  0.000227  0.000026
    -0.000137  0.000227  0.000026
    -0.000137  0.000227  0.000026
    -0.000138  0.000235  0.000026
    -0.000137  0.000227  0.000026
    -0.000137  0.000227  0.000026
    -0.000137  0.000227  0.000026
    -0.000137  0.000227  0.000026
    -0.000137  0.000227  0.000026
    -0.000151  0.000328  0.000026
    -0.000171  0.000449  0.000026
    -0.000185  0.000489  0.000026
    -0.000192  0.000508  0.000026
    -0.000201  0.000528  0.000026
    -0.000209  0.000545  0.000026
    -0.000220  0.000569  0.000026
    -0.000309  0.000606  0.000026
    -0.000288  0.000570  0.000026
    -0.000346  0.000590  0.000026
    -0.000287  0.000580  0.000026
    -0.000227  0.000560  0.000026
    -0.000182  0.000529  0.000026
    -0.000162  0.000490  0.000026
    -0.000150  0.000452  0.000026
    -0.000165  0.000401  0.000026
    -0.000147  0.000295  0.000026
    -0.000137  0.000227  0.000026
    -0.000137  0.000227  0.000026
    -0.000137  0.000227  0.000026
    -0.000137  0.000227  0.000026
    -0.000137  0.000227  0.000026
    -0.000137  0.000227  0.000026
    -0.000137  0.000227  0.000026
    -0.000137  0.000227  0.000026
    -0.000137  0.000227  0.000026
    -0.000137  0.000227  0.000026
    -0.000137  0.000227  0.000026
    -0.000137  0.000227  0.000026
    -0.000137  0.000227  0.000026
    -0.000137  0.000227  0.000026
    -0.000137  0.000227  0.000026
    -0.000137  0.000227  0.000026
    -0.000137  0.000227  0.000026
    -0.000137  0.000227  0.000026
    -0.000137  0.000227  0.000026
    -0.000137  0.000227  0.000026
    -0.000137  0.000227  0.000026
    -0.000137  0.000227  0.000026
    -0.000137  0.000227  0.000026
    -0.000137  0.000227  0.000026
    -0.000137  0.000227  0.000026
    -0.000137  0.000227  0.000026
    -0.000137  0.000227  0.000026
    -0.000137  0.000227  0.000026
    -0.000137  0.000227  0.000026
    -0.000137  0.000227  0.000026
    -0.000137  0.000227  0.000026
    -0.000163  0.000407  0.000026
    -0.000181  0.000463  0.000026
    -0.000284  0.000551  0.000026
    -0.000275  0.000639  0.000026
    -0.000257  0.000712  0.000026
    -0.000226  0.000758  0.000026
    -0.000181  0.000769  0.000026
    -0.000129  0.000792  0.000026
    -0.000230  0.000701  0.000026
    -0.000256  0.000723  0.000026
    -0.000269  0.000755  0.000026
    -0.000252  0.000708  0.000026
    -0.000232  0.000653  0.000026
    -0.000218  0.000614  0.000026
    -0.000202  0.000570  0.000026
    -0.000179  0.000498  0.000026
    -0.000158  0.000372  0.000026
    -0.000140  0.000250  0.000026
    -0.000137  0.000227  0.000026
    -0.000137  0.000227  0.000026
    -0.000137  0.000227  0.000026
    -0.000137  0.000227  0.000026
    -0.000137  0.000227  0.000026
    -0.000137  0.000227  0.000026
    -0.000137  0.000227  0.000026
    -0.000137  0.000227  0.000026
    -0.000137  0.000227  0.000026
    -0.000137  0.000227  0.000026
    -0.000137  0.000227  0.000026
    -0.000137  0.000227  0.000026
    -0.000137  0.000227  0.000026
    -0.000137  0.000227  0.000026
    -0.000137  0.000227  0.000026
    -0.000141  0.000258  0.000026
    -0.000159  0.000378  0.000026
    -0.000178  0.000494  0.000026
    -0.000196  0.000546  0.000026
    -0.000207  0.000575  0.000026
    -0.000217  0.000594  0.000026
    -0.000229  0.000621  0.000026
    -0.000238  0.000634  0.000026
    -0.000373  0.000625  0.000026
    -0.000361  0.000592  0.000026
    -0.000311  0.000582  0.000026
    -0.000236  0.000547  0.000026
    -0.000173  0.000524  0.000026
    -0.000135  0.000496  0.000026
    -0.000118  0.000460  0.000026
    -0.000114  0.000420  0.000026
    -0.000159  0.000378  0.000026
    -0.000137  0.000227  0.000026
    -0.000137  0.000227  0.000026
    -0.000137  0.000227  0.000026
    -0.000137  0.000227  0.000026
    -0.000137  0.000227  0.000026
    -0.000137  0.000227  0.000026
    -0.000137  0.000227  0.000026
    -0.000137  0.000227  0.000026
    -0.000137  0.000227  0.000026
    -0.000137  0.000227  0.000026
    -0.000137  0.000227  0.000026
    -0.000137  0.000227  0.000026
    -0.000137  0.000227  0.000026
    -0.000137  0.000227  0.000026
    -0.000137  0.000227  0.000026
    -0.000137  0.000227  0.000026
    -0.000137  0.000227  0.000026
    -0.000137  0.000227  0.000026
    -0.000137  0.000227  0.000026
    -0.000137  0.000227  0.000026
    -0.000137  0.000227  0.000026
    -0.000137  0.000227  0.000026
    -0.000137  0.000227  0.000026
    -0.000137  0.000227  0.000026
    -0.000137  0.000227  0.000026
    -0.000137  0.000227  0.000026
    -0.000137  0.000227  0.000026
    -0.000137  0.000227  0.000026
    -0.000137  0.000227  0.000026
    -0.000137  0.000227  0.000026
    -0.000153  0.000336  0.000026
    -0.000181  0.000460  0.000026
    -0.000298  0.000531  0.000026
    -0.000298  0.000620  0.000026
    -0.000280  0.000688  0.000026
    -0.000253  0.000741  0.000026
    -0.000207  0.000785  0.000026
    -0.000118  0.000913  0.000026
    -0.000151  0.000862  0.000026
    -0.000214  0.000852  0.000026
    -0.000276  0.000779  0.000026
    -0.000248  0.000701  0.000026
    -0.000230  0.000652  0.000026
    -0.000210  0.000597  0.000026
    -0.000187  0.000529  0.000026
    -0.000147  0.000298  0.000026
    -0.000145  0.000283  0.000026
    -0.000143  0.000267  0.000026
    -0.000146  0.000291  0.000026
    -0.000138  0.000234  0.000026
    -0.000137  0.000227  0.000026
    -0.000137  0.000227  0.000026
    -0.000137  0.000227  0.000026
    -0.000137  0.000227  0.000026
    -0.000137  0.000227  0.000026
    -0.000137  0.000227  0.000026
    -0.000137  0.000227  0.000026
    -0.000137  0.000227  0.000026
    -0.000137  0.000227  0.000026
    -0.000137  0.000227  0.000026
    -0.000137  0.000227  0.000026
    -0.000137  0.000227  0.000026
    -0.000137  0.000227  0.000026
    -0.000144  0.000277  0.000026
    -0.000151  0.000327  0.000026
    -0.000148  0.000305  0.000026
    -0.000151  0.000327  0.000026
    -0.000155  0.000354  0.000026
    -0.000185  0.000522  0.000026
    -0.000202  0.000567  0.000026
    -0.000216  0.000596  0.000026
    -0.000226  0.000614  0.000026
    -0.000325  0.000673  0.000026
    -0.000458  0.000721  0.000026
    -0.000418  0.000683  0.000026
    -0.000323  0.000650  0.000026
    -0.000190  0.000533  0.000026
    -0.000127  0.000494  0.000026
    -0.000098  0.000466  0.000026
    -0.000080  0.000432  0.000026
    -0.000090  0.000397  0.000026
    -0.000158  0.000370  0.000026
    -0.000137  0.000227  0.000026
    -0.000137  0.000227  0.000026
    -0.000137  0.000227  0.000026
    -0.000137  0.000227  0.000026
    -0.000137  0.000227  0.000026
    -0.000137  0.000227  0.000026
    -0.000137  0.000227  0.000026
    -0.000137  0.000227  0.000026
    -0.000137  0.000227  0.000026
    -0.000137  0.000227  0.000026
    -0.000137  0.000227  0.000026
    -0.000137  0.000227  0.000026
    -0.000137  0.000227  0.000026
    -0.000137  0.000227  0.000026
    -0.000137  0.000227  0.000026
    -0.000137  0.000227  0.000026
    -0.000137  0.000227  0.000026
    -0.000137  0.000227  0.000026
    -0.000137  0.000227  0.000026
    -0.000137  0.000227  0.000026
    -0.000137  0.000227  0.000026
    -0.000137  0.000227  0.000026
    -0.000137  0.000227  0.000026
    -0.000137  0.000227  0.000026
    -0.000137  0.000227  0.000026
    -0.000137  0.000227  0.000026
    -0.000137  0.000227  0.000026
    -0.000137  0.000227  0.000026
    -0.000149  0.000314  0.000026
    -0.000180  0.000454  0.000026
    -0.000308  0.000508  0.000026
    -0.000315  0.000598  0.000026
    -0.000302  0.000668  0.000026
    -0.000283  0.000721  0.000026
    -0.000214  0.000897  0.000026
    -0.000148  0.000940  0.000026
    -0.000078  0.000944  0.000026
    -0.000137  0.000921  0.000026
    -0.000281  0.000794  0.000026
    -0.000254  0.000721  0.000026
    -0.000233  0.000663  0.000026
    -0.000206  0.000590  0.000026
    -0.000179  0.000512  0.000026
    -0.000169  0.000447  0.000026
    -0.000169  0.000447  0.000026
    -0.000171  0.000466  0.000026
    -0.000163  0.000407  0.000026
    -0.000143  0.000272  0.000026
    -0.000152  0.000334  0.000026
    -0.000162  0.000404  0.000026
    -0.000150  0.000316  0.000026
    -0.000137  0.000227  0.000026
    -0.000137  0.000227  0.000026
    -0.000137  0.000227  0.000026
    -0.000137  0.000227  0.000026
    -0.000137  0.000227  0.000026
    -0.000137  0.000227  0.000026
    -0.000137  0.000227  0.000026
    -0.000139  0.000241  0.000026
    -0.000137  0.000227  0.000026
    -0.000155  0.000350  0.000026
    -0.000165  0.000423  0.000026
    -0.000159  0.000381  0.000026
    -0.000154  0.000348  0.000026
    -0.000170  0.000457  0.000026
    -0.000177  0.000508  0.000026
    -0.000177  0.000508  0.000026
    -0.000179  0.000521  0.000026
    -0.000182  0.000523  0.000026
    -0.000201  0.000570  0.000026
    -0.000218  0.000607  0.000026
    -0.000230  0.000626  0.000026
    -0.000387  0.000697  0.000026
    -0.000431  0.000722  0.000026
    -0.000382  0.000686  0.000026
    -0.000273  0.000641  0.000026
    -0.000174  0.000585  0.000026
    -0.000078  0.000460  0.000026
    -0.000060  0.000437  0.000026
    -0.000051  0.000407  0.000026
    -0.000073  0.000376  0.000026
    -0.000154  0.000347  0.000026
    -0.000137  0.000227  0.000026
    -0.000137  0.000227  0.000026
    -0.000137  0.000227  0.000026
    -0.000137  0.000227  0.000026
    -0.000137  0.000227  0.000026
    -0.000137  0.000227  0.000026
    -0.000137  0.000227  0.000026
    -0.000137  0.000227  0.000026
    -0.000137  0.000227  0.000026
    -0.000137  0.000227  0.000026
    -0.000137  0.000227  0.000026
    -0.000137  0.000227  0.000026
    -0.000137  0.000227  0.000026
    -0.000137  0.000227  0.000026
    -0.000137  0.000227  0.000026
    -0.000137  0.000227  0.000026
    -0.000137  0.000227  0.000026
    -0.000137  0.000227  0.000026
    -0.000137  0.000227  0.000026
    -0.000137  0.000227  0.000026
    -0.000137  0.000227  0.000026
    -0.000137  0.000227  0.000026
    -0.000137  0.000227  0.000026
    -0.000137  0.000227  0.000026
    -0.000137  0.000227  0.000026
    -0.000137  0.000227  0.000026
    -0.000159  0.000380  0.000026
    -0.000177  0.000444  0.000026
    -0.000273  0.000456  0.000026
    -0.000328  0.000570  0.000026
    -0.000331  0.000635  0.000026
    -0.000293  0.000808  0.000026
    -0.000246  0.000928  0.000026
    -0.000173  0.000994  0.000026
    -0.000104  0.000974  0.000026
    -0.000079  0.000958  0.000026
    -0.000251  0.000794  0.000026
    -0.000255  0.000717  0.000026
    -0.000225  0.000635  0.000026
    -0.000194  0.000553  0.000026
    -0.000169  0.000452  0.000026
    -0.000159  0.000384  0.000026
    -0.000156  0.000363  0.000026
    -0.000170  0.000457  0.000026
    -0.000158  0.000371  0.000026
    -0.000155  0.000354  0.000026
    -0.000184  0.000551  0.000026
    -0.000177  0.000503  0.000026
    -0.000147  0.000299  0.000026
    -0.000169  0.000452  0.000026
    -0.000161  0.000391  0.000026
    -0.000169  0.000452  0.000026
    -0.000186  0.000559  0.000026
    -0.000191  0.000569  0.000026
    -0.000192  0.000573  0.000026
    -0.000192  0.000573  0.000026
    -0.000187  0.000563  0.000026
    -0.000171  0.000463  0.000026
    -0.000164  0.000416  0.000026
    -0.000173  0.000477  0.000026
    -0.000158  0.000373  0.000026
    -0.000182  0.000539  0.000026
    -0.000187  0.000573  0.000026
    -0.000165  0.000425  0.000026
    -0.000167  0.000436  0.000026
    -0.000176  0.000500  0.000026
    -0.000168  0.000441  0.000026
    -0.000171  0.000465  0.000026
    -0.000179  0.000522  0.000026
    -0.000191  0.000543  0.000026
    -0.000210  0.000579  0.000026
    -0.000227  0.000609  0.000026
    -0.000435  0.000691  0.000026
    -0.000382  0.000696  0.000026
    -0.000336  0.000680  0.000026
    -0.000228  0.000642  0.000026
    -0.000120  0.000576  0.000026
    -0.000061  0.000502  0.000026
    -0.000013  0.000399  0.000026
    -0.000029  0.000381  0.000026
    -0.000136  0.000369  0.000026
    -0.000149  0.000311  0.000026
    -0.000137  0.000227  0.000026
    -0.000137  0.000227  0.000026
    -0.000137  0.000227  0.000026
    -0.000137  0.000227  0.000026
    -0.000137  0.000227  0.000026
    -0.000137  0.000227  0.000026
    -0.000137  0.000227  0.000026
    -0.000137  0.000227  0.000026
    -0.000137  0.000227  0.000026
    -0.000137  0.000227  0.000026
    -0.000137  0.000227  0.000026
    -0.000137  0.000227  0.000026
    -0.000137  0.000227  0.000026
    -0.000137  0.000227  0.000026
    -0.000137  0.000227  0.000026
    -0.000137  0.000227  0.000026
    -0.000137  0.000227  0.000026
    -0.000137  0.000227  0.000026
    -0.000137  0.000227  0.000026
    -0.000137  0.000227  0.000026
    -0.000137  0.000227  0.000026
    -0.000137  0.000227  0.000026
    -0.000137  0.000227  0.000026
    -0.000137  0.000227  0.000026
    -0.000150  0.000317  0.000026
    -0.000174  0.000432  0.000026
    -0.000291  0.000436  0.000026
    -0.000339  0.000530  0.000026
    -0.000341  0.000692  0.000026
    -0.000316  0.000824  0.000026
    -0.000346  0.000992  0.000026
    -0.000292  0.001222  0.000026
    -0.000154  0.000953  0.000026
    -0.000130  0.000911  0.000026
    -0.000148  0.000811  0.000026
    -0.000249  0.000685  0.000026
    -0.000213  0.000591  0.000026
    -0.000185  0.000526  0.000026
    -0.000145  0.000286  0.000026
    -0.000137  0.000227  0.000026
    -0.000137  0.000227  0.000026
    -0.000152  0.000332  0.000026
    -0.000142  0.000260  0.000026
    -0.000139  0.000240  0.000026
    -0.000159  0.000383  0.000026
    -0.000144  0.000280  0.000026
    -0.000137  0.000227  0.000026
    -0.000192  0.000595  0.000026
    -0.000206  0.000617  0.000026
    -0.000220  0.000643  0.000026
    -0.000229  0.000655  0.000026
    -0.000240  0.000678  0.000026
    -0.000244  0.000682  0.000026
    -0.000243  0.000676  0.000026
    -0.000241  0.000672  0.000026
    -0.000237  0.000666  0.000026
    -0.000226  0.000643  0.000026
    -0.000217  0.000630  0.000026
    -0.000203  0.000605  0.000026
    -0.000192  0.000591  0.000026
    -0.000137  0.000227  0.000026
    -0.000151  0.000326  0.000026
    -0.000162  0.000401  0.000026
    -0.000148  0.000305  0.000026
    -0.000152  0.000330  0.000026
    -0.000159  0.000380  0.000026
    -0.000148  0.000307  0.000026
    -0.000151  0.000325  0.000026
    -0.000159  0.000378  0.000026
    -0.000183  0.000518  0.000026
    -0.000198  0.000534  0.000026
    -0.000216  0.000560  0.000026
    -0.000359  0.000627  0.000026
    -0.000298  0.000633  0.000026
    -0.000252  0.000630  0.000026
    -0.000150  0.000608  0.000026
    -0.000063  0.000557  0.000026
    -0.000022  0.000493  0.000026
     0.000004  0.000424  0.000026
    -0.000012  0.000352  0.000026
    -0.000108  0.000350  0.000026
    -0.000142  0.000263  0.000026
    -0.000137  0.000227  0.000026
    -0.000137  0.000227  0.000026
    -0.000137  0.000227  0.000026
    -0.000137  0.000227  0.000026
    -0.000137  0.000227  0.000026
    -0.000137  0.000227  0.000026
    -0.000137  0.000227  0.000026
    -0.000137  0.000227  0.000026
    -0.000137  0.000227  0.000026
    -0.000137  0.000227  0.000026
    -0.000137  0.000227  0.000026
    -0.000137  0.000227  0.000026
    -0.000137  0.000227  0.000026
    -0.000137  0.000227  0.000026
    -0.000137  0.000227  0.000026
    -0.000137  0.000227  0.000026
    -0.000137  0.000227  0.000026
    -0.000137  0.000227  0.000026
    -0.000137  0.000227  0.000026
    -0.000137  0.000227  0.000026
    -0.000137  0.000227  0.000026
    -0.000137  0.000227  0.000026
    -0.000137  0.000227  0.000026
    -0.000294  0.000363  0.000026
    -0.000303  0.000414  0.000026
    -0.000304  0.000535  0.000026
    -0.000355  0.000680  0.000026
    -0.000354  0.000816  0.000026
    -0.000471  0.001038  0.000026
    -0.000454  0.001097  0.000026
    -0.000216  0.000901  0.000026
    -0.000156  0.000815  0.000026
    -0.000148  0.000776  0.000026
    -0.000239  0.000643  0.000026
    -0.000200  0.000541  0.000026
    -0.000177  0.000492  0.000026
    -0.000137  0.000227  0.000026
    -0.000155  0.000353  0.000026
    -0.000150  0.000317  0.000026
    -0.000150  0.000320  0.000026
    -0.000164  0.000413  0.000026
    -0.000170  0.000457  0.000026
    -0.000186  0.000567  0.000026
    -0.000155  0.000352  0.000026
    -0.000182  0.000538  0.000026
    -0.000197  0.000597  0.000026
    -0.000207  0.000603  0.000026
    -0.000225  0.000641  0.000026
    -0.000234  0.000655  0.000026
    -0.000234  0.000629  0.000026
    -0.000251  0.000670  0.000026
    -0.000256  0.000679  0.000026
    -0.000258  0.000683  0.000026
    -0.000252  0.000663  0.000026
    -0.000242  0.000635  0.000026
    -0.000221  0.000581  0.000026
    -0.000223  0.000613  0.000026
    -0.000214  0.000598  0.000026
    -0.000198  0.000569  0.000026
    -0.000192  0.000579  0.000026
    -0.000181  0.000535  0.000026
    -0.000163  0.000411  0.000026
    -0.000187  0.000575  0.000026
    -0.000177  0.000505  0.000026
    -0.000171  0.000461  0.000026
    -0.000161  0.000395  0.000026
    -0.000166  0.000426  0.000026
    -0.000169  0.000447  0.000026
    -0.000137  0.000227  0.000026
    -0.000174  0.000481  0.000026
    -0.000185  0.000481  0.000026
    -0.000275  0.000532  0.000026
    -0.000278  0.000559  0.000026
    -0.000255  0.000561  0.000026
    -0.000151  0.000558  0.000026
    -0.000054  0.000545  0.000026
    -0.000002  0.000520  0.000026
     0.000041  0.000460  0.000026
     0.000027  0.000407  0.000026
    -0.000069  0.000381  0.000026
    -0.000088  0.000329  0.000026
    -0.000124  0.000223  0.000026
    -0.000137  0.000227  0.000026
    -0.000137  0.000227  0.000026
    -0.000137  0.000227  0.000026
    -0.000137  0.000227  0.000026
    -0.000137  0.000227  0.000026
    -0.000137  0.000227  0.000026
    -0.000137  0.000227  0.000026
    -0.000137  0.000227  0.000026
    -0.000137  0.000227  0.000026
    -0.000137  0.000227  0.000026
    -0.000137  0.000227  0.000026
    -0.000137  0.000227  0.000026
    -0.000137  0.000227  0.000026
    -0.000137  0.000227  0.000026
    -0.000137  0.000227  0.000026
    -0.000137  0.000227  0.000026
    -0.000137  0.000227  0.000026
    -0.000137  0.000227  0.000026
    -0.000137  0.000227  0.000026
    -0.000137  0.000227  0.000026
    -0.000137  0.000227  0.000026
    -0.000279  0.000345  0.000026
    -0.000349  0.000389  0.000026
    -0.000322  0.000522  0.000026
    -0.000368  0.000654  0.000026
    -0.000381  0.000781  0.000026
    -0.000540  0.001000  0.000026
    -0.000559  0.001068  0.000026
    -0.000281  0.000849  0.000026
    -0.000217  0.000764  0.000026
    -0.000200  0.000711  0.000026
    -0.000177  0.000627  0.000026
    -0.000195  0.000513  0.000026
    -0.000189  0.000531  0.000026
    -0.000143  0.000269  0.000026
    -0.000140  0.000247  0.000026
    -0.000137  0.000227  0.000026
    -0.000161  0.000397  0.000026
    -0.000180  0.000523  0.000026
    -0.000170  0.000455  0.000026
    -0.000162  0.000400  0.000026
    -0.000137  0.000227  0.000026
    -0.000180  0.000527  0.000026
    -0.000198  0.000579  0.000026
    -0.000218  0.000603  0.000026
    -0.000231  0.000620  0.000026
    -0.000250  0.000659  0.000026
    -0.000263  0.000686  0.000026
    -0.000257  0.000667  0.000026
    -0.000247  0.000641  0.000026
    -0.000244  0.000634  0.000026
    -0.000264  0.000699  0.000026
    -0.000240  0.000619  0.000026
    -0.000238  0.000606  0.000026
    -0.000243  0.000616  0.000026
    -0.000246  0.000621  0.000026
    -0.000233  0.000594  0.000026
    -0.000216  0.000560  0.000026
    -0.000204  0.000548  0.000026
    -0.000191  0.000550  0.000026
    -0.000180  0.000525  0.000026
    -0.000138  0.000234  0.000026
    -0.000169  0.000453  0.000026
    -0.000180  0.000525  0.000026
    -0.000182  0.000540  0.000026
    -0.000169  0.000453  0.000026
    -0.000152  0.000332  0.000026
    -0.000156  0.000357  0.000026
    -0.000157  0.000370  0.000026
    -0.000182  0.000505  0.000026
    -0.000174  0.000431  0.000026
    -0.000254  0.000480  0.000026
    -0.000192  0.000485  0.000026
    -0.000155  0.000488  0.000026
    -0.000044  0.000481  0.000026
     0.000037  0.000477  0.000026
     0.000080  0.000456  0.000026
     0.000085  0.000422  0.000026
     0.000048  0.000383  0.000026
    -0.000041  0.000362  0.000026
    -0.000005  0.000279  0.000026
    -0.000137  0.000227  0.000026
    -0.000137  0.000227  0.000026
    -0.000137  0.000227  0.000026
    -0.000137  0.000227  0.000026
    -0.000137  0.000227  0.000026
    -0.000137  0.000227  0.000026
    -0.000137  0.000227  0.000026
    -0.000137  0.000227  0.000026
    -0.000137  0.000227  0.000026
    -0.000137  0.000227  0.000026
    -0.000137  0.000227  0.000026
    -0.000137  0.000227  0.000026
    -0.000137  0.000227  0.000026
    -0.000137  0.000227  0.000026
    -0.000137  0.000227  0.000026
    -0.000137  0.000227  0.000026
    -0.000137  0.000227  0.000026
    -0.000137  0.000227  0.000026
    -0.000137  0.000227  0.000026
    -0.000137  0.000227  0.000026
    -0.000207  0.000348  0.000026
    -0.000362  0.000350  0.000026
    -0.000344  0.000501  0.000026
    -0.000337  0.000596  0.000026
    -0.000403  0.000726  0.000026
    -0.000556  0.000910  0.000026
    -0.000593  0.000999  0.000026
    -0.000339  0.000794  0.000026
    -0.000282  0.000715  0.000026
    -0.000218  0.000622  0.000026
    -0.000194  0.000669  0.000026
    -0.000212  0.000566  0.000026
    -0.000185  0.000509  0.000026
    -0.000138  0.000237  0.000026
    -0.000137  0.000227  0.000026
    -0.000137  0.000227  0.000026
    -0.000137  0.000227  0.000026
    -0.000137  0.000227  0.000026
    -0.000137  0.000227  0.000026
    -0.000137  0.000227  0.000026
    -0.000137  0.000227  0.000026
    -0.000158  0.000377  0.000026
    -0.000199  0.000558  0.000026
    -0.000222  0.000588  0.000026
    -0.000242  0.000622  0.000026
    -0.000254  0.000641  0.000026
    -0.000256  0.000640  0.000026
    -0.000250  0.000613  0.000026
    -0.000248  0.000600  0.000026
    -0.000268  0.000666  0.000026
    -0.000265  0.000661  0.000026
    -0.000257  0.000642  0.000026
    -0.000260  0.000642  0.000026
    -0.000259  0.000627  0.000026
    -0.000237  0.000556  0.000026
    -0.000232  0.000547  0.000026
    -0.000233  0.000548  0.000026
    -0.000229  0.000544  0.000026
    -0.000219  0.000532  0.000026
    -0.000202  0.000508  0.000026
    -0.000188  0.000512  0.000026
    -0.000157  0.000368  0.000026
    -0.000137  0.000227  0.000026
    -0.000137  0.000227  0.000026
    -0.000137  0.000227  0.000026
    -0.000137  0.000227  0.000026
    -0.000140  0.000251  0.000026
    -0.000137  0.000227  0.000026
    -0.000137  0.000227  0.000026
    -0.000146  0.000288  0.000026
    -0.000175  0.000467  0.000026
    -0.000185  0.000460  0.000026
    -0.000213  0.000482  0.000026
    -0.000160  0.000418  0.000026
    -0.000046  0.000411  0.000026
     0.000051  0.000409  0.000026
     0.000114  0.000413  0.000026
     0.000157  0.000389  0.000026
     0.000119  0.000378  0.000026
    -0.000005  0.000376  0.000026
    -0.000006  0.000336  0.000026
     0.000024  0.000184  0.000026
    -0.000137  0.000227  0.000026
    -0.000137  0.000227  0.000026
    -0.000137  0.000227  0.000026
    -0.000137  0.000227  0.000026
    -0.000137  0.000227  0.000026
    -0.000137  0.000227  0.000026
    -0.000137  0.000227  0.000026
    -0.000137  0.000227  0.000026
    -0.000137  0.000227  0.000026
    -0.000137  0.000227  0.000026
    -0.000137  0.000227  0.000026
    -0.000137  0.000227  0.000026
    -0.000137  0.000227  0.000026
    -0.000137  0.000227  0.000026
    -0.000137  0.000227  0.000026
    -0.000137  0.000227  0.000026
    -0.000137  0.000227  0.000026
    -0.000137  0.000227  0.000026
    -0.000137  0.000227  0.000026
    -0.000363  0.000306  0.000026
    -0.000407  0.000469  0.000026
    -0.000364  0.000561  0.000026
    -0.000419  0.000657  0.000026
    -0.000445  0.000730  0.000026
    -0.000676  0.000952  0.000026
    -0.000387  0.000739  0.000026
    -0.000341  0.000663  0.000026
    -0.000260  0.000672  0.000026
    -0.000249  0.000610  0.000026
    -0.000199  0.000511  0.000026
    -0.000175  0.000458  0.000026
    -0.000137  0.000227  0.000026
    -0.000137  0.000227  0.000026
    -0.000137  0.000227  0.000026
    -0.000137  0.000227  0.000026
    -0.000137  0.000227  0.000026
    -0.000137  0.000227  0.000026
    -0.000137  0.000227  0.000026
    -0.000137  0.000227  0.000026
    -0.000164  0.000417  0.000026
    -0.000193  0.000505  0.000026
    -0.000220  0.000535  0.000026
    -0.000246  0.000573  0.000026
    -0.000258  0.000583  0.000026
    -0.000257  0.000571  0.000026
    -0.000241  0.000524  0.000026
    -0.000261  0.000600  0.000026
    -0.000257  0.000604  0.000026
    -0.000234  0.000551  0.000026
    -0.000224  0.000519  0.000026
    -0.000222  0.000509  0.000026
    -0.000222  0.000512  0.000026
    -0.000225  0.000518  0.000026
    -0.000241  0.000542  0.000026
    -0.000241  0.000523  0.000026
    -0.000224  0.000456  0.000026
    -0.000231  0.000471  0.000026
    -0.000254  0.000475  0.000026
    -0.000259  0.000466  0.000026
    -0.000194  0.000434  0.000026
    -0.000178  0.000445  0.000026
    -0.000154  0.000346  0.000026
    -0.000137  0.000227  0.000026
    -0.000137  0.000227  0.000026
    -0.000137  0.000227  0.000026
    -0.000137  0.000227  0.000026
    -0.000137  0.000227  0.000026
    -0.000137  0.000227  0.000026
    -0.000137  0.000227  0.000026
    -0.000137  0.000227  0.000026
    -0.000156  0.000362  0.000026
    -0.000170  0.000401  0.000026
    -0.000121  0.000405  0.000026
    -0.000090  0.000413  0.000026
     0.000053  0.000337  0.000026
     0.000130  0.000345  0.000026
     0.000211  0.000335  0.000026
     0.000200  0.000332  0.000026
     0.000142  0.000332  0.000026
     0.000039  0.000339  0.000026
     0.000098  0.000272  0.000026
     0.000017  0.000183  0.000026
    -0.000137  0.000227  0.000026
    -0.000137  0.000227  0.000026
    -0.000137  0.000227  0.000026
    -0.000137  0.000227  0.000026
    -0.000137  0.000227  0.000026
    -0.000137  0.000227  0.000026
    -0.000137  0.000227  0.000026
    -0.000137  0.000227  0.000026
    -0.000137  0.000227  0.000026
    -0.000137  0.000227  0.000026
    -0.000137  0.000227  0.000026
    -0.000137  0.000227  0.000026
    -0.000137  0.000227  0.000026
    -0.000137  0.000227  0.000026
    -0.000137  0.000227  0.000026
    -0.000137  0.000227  0.000026
    -0.000137  0.000227  0.000026
    -0.000319  0.000282  0.000026
    -0.000423  0.000419  0.000026
    -0.000434  0.000514  0.000026
    -0.000387  0.000579  0.000026
    -0.000463  0.000656  0.000026
    -0.000610  0.000797  0.000026
    -0.000447  0.000685  0.000026
    -0.000380  0.000708  0.000026
    -0.000336  0.000609  0.000026
    -0.000268  0.000539  0.000026
    -0.000271  0.000462  0.000026
    -0.000169  0.000434  0.000026
    -0.000137  0.000227  0.000026
    -0.000137  0.000227  0.000026
    -0.000137  0.000227  0.000026
    -0.000137  0.000227  0.000026
    -0.000092  0.000214  0.000026
    -0.000137  0.000227  0.000026
    -0.000137  0.000227  0.000026
    -0.000137  0.000227  0.000026
    -0.000175  0.000476  0.000026
    -0.000204  0.000533  0.000026
    -0.000229  0.000544  0.000026
    -0.000099  0.000623  0.000026
    -0.000161  0.000550  0.000026
    -0.000239  0.000454  0.000026
    -0.000245  0.000474  0.000026
    -0.000244  0.000491  0.000026
    -0.000238  0.000504  0.000026
    -0.000221  0.000496  0.000026
    -0.000213  0.000504  0.000026
    -0.000217  0.000532  0.000026
    -0.000220  0.000546  0.000026
    -0.000213  0.000517  0.000026
    -0.000213  0.000500  0.000026
    -0.000220  0.000488  0.000026
    -0.000226  0.000456  0.000026
    -0.000224  0.000413  0.000026
    -0.000219  0.000372  0.000026
    -0.000304  0.000365  0.000026
    -0.000477  0.000439  0.000026
    -0.000495  0.000477  0.000026
    -0.000261  0.000438  0.000026
    -0.000185  0.000454  0.000026
    -0.000159  0.000380  0.000026
    -0.000137  0.000227  0.000026
    -0.000137  0.000227  0.000026
    -0.000165  0.000213  0.000026
    -0.000482  0.000058  0.000026
    -0.000137  0.000227  0.000026
    -0.000137  0.000227  0.000026
    -0.000137  0.000227  0.000026
    -0.000137  0.000227  0.000026
    -0.000141  0.000254  0.000026
    -0.000119  0.000356  0.000026
    -0.000088  0.000350  0.000026
     0.000037  0.000322  0.000026
     0.000118  0.000333  0.000026
     0.000229  0.000270  0.000026
     0.000275  0.000270  0.000026
     0.000225  0.000283  0.000026
     0.000087  0.000316  0.000026
     0.000153  0.000262  0.000026
     0.000124  0.000235  0.000026
    -0.000121  0.000222  0.000026
    -0.000137  0.000227  0.000026
    -0.000137  0.000227  0.000026
    -0.000137  0.000227  0.000026
    -0.000137  0.000227  0.000026
    -0.000137  0.000227  0.000026
    -0.000137  0.000227  0.000026
    -0.000137  0.000227  0.000026
    -0.000137  0.000227  0.000026
    -0.000137  0.000227  0.000026
    -0.000137  0.000227  0.000026
    -0.000137  0.000227  0.000026
    -0.000137  0.000227  0.000026
    -0.000137  0.000227  0.000026
    -0.000137  0.000227  0.000026
    -0.000137  0.000227  0.000026
    -0.000137  0.000227  0.000026
    -0.000420  0.000361  0.000026
    -0.000467  0.000459  0.000026
    -0.000457  0.000516  0.000026
    -0.000420  0.000576  0.000026
    -0.000503  0.000625  0.000026
    -0.000507  0.000610  0.000026
    -0.000445  0.000639  0.000026
    -0.000383  0.000591  0.000026
    -0.000329  0.000525  0.000026
    -0.000317  0.000432  0.000026
    -0.000165  0.000414  0.000026
    -0.000137  0.000227  0.000026
    -0.000137  0.000227  0.000026
    -0.000137  0.000227  0.000026
    -0.000137  0.000227  0.000026
     0.000083  0.000163  0.000026
    -0.000137  0.000227  0.000026
    -0.000137  0.000227  0.000026
    -0.000137  0.000227  0.000026
    -0.000188  0.000503  0.000026
    -0.000217  0.000561  0.000026
    -0.000220  0.000552  0.000026
     0.000050  0.000665  0.000026
     0.000061  0.000586  0.000026
    -0.000046  0.000505  0.000026
    -0.000229  0.000388  0.000026
    -0.000222  0.000406  0.000026
    -0.000210  0.000408  0.000026
    -0.000199  0.000408  0.000026
    -0.000196  0.000414  0.000026
    -0.000203  0.000429  0.000026
    -0.000196  0.000450  0.000026
    -0.000190  0.000473  0.000026
    -0.000199  0.000461  0.000026
    -0.000204  0.000428  0.000026
    -0.000199  0.000418  0.000026
    -0.000196  0.000393  0.000026
    -0.000196  0.000352  0.000026
    -0.000199  0.000313  0.000026
    -0.000352  0.000315  0.000026
    -0.000550  0.000356  0.000026
    -0.000621  0.000387  0.000026
    -0.000610  0.000459  0.000026
    -0.000309  0.000448  0.000026
    -0.000191  0.000458  0.000026
    -0.000172  0.000437  0.000026
    -0.000137  0.000227  0.000026
    -0.000137  0.000227  0.000026
    -0.000229  0.000182  0.000026
    -0.000679 -0.000038  0.000026
    -0.000309  0.000143  0.000026
    -0.000213  0.000190  0.000026
    -0.000137  0.000227  0.000026
    -0.000137  0.000227  0.000026
    -0.000137  0.000227  0.000026
    -0.000037  0.000296  0.000026
     0.000015  0.000295  0.000026
     0.000115  0.000277  0.000026
     0.000226  0.000247  0.000026
     0.000326  0.000184  0.000026
     0.000302  0.000220  0.000026
     0.000149  0.000277  0.000026
     0.000201  0.000231  0.000026
     0.000204  0.000211  0.000026
     0.000119  0.000174  0.000026
    -0.000137  0.000227  0.000026
    -0.000137  0.000227  0.000026
    -0.000137  0.000227  0.000026
    -0.000137  0.000227  0.000026
    -0.000137  0.000227  0.000026
    -0.000137  0.000227  0.000026
    -0.000137  0.000227  0.000026
    -0.000137  0.000227  0.000026
    -0.000137  0.000227  0.000026
    -0.000137  0.000227  0.000026
    -0.000137  0.000227  0.000026
    -0.000137  0.000227  0.000026
    -0.000137  0.000227  0.000026
    -0.000137  0.000227  0.000026
    -0.000137  0.000227  0.000026
    -0.000345  0.000291  0.000026
    -0.000473  0.000395  0.000026
    -0.000497  0.000459  0.000026
    -0.000488  0.000502  0.000026
    -0.000511  0.000553  0.000026
    -0.000629  0.000670  0.000026
    -0.000539  0.000636  0.000026
    -0.000422  0.000586  0.000026
    -0.000372  0.000505  0.000026
    -0.000319  0.000386  0.000026
    -0.000223  0.000370  0.000026
    -0.000137  0.000227  0.000026
    -0.000137  0.000227  0.000026
    -0.000137  0.000227  0.000026
    -0.000063  0.000205  0.000026
     0.000042  0.000175  0.000026
    -0.000137  0.000227  0.000026
    -0.000137  0.000227  0.000026
    -0.000171  0.000461  0.000026
    -0.000199  0.000545  0.000026
    -0.000221  0.000550  0.000026
    -0.000227  0.000542  0.000026
     0.000057  0.000634  0.000026
     0.000189  0.000575  0.000026
     0.000187  0.000558  0.000026
    -0.000071  0.000394  0.000026
    -0.000183  0.000328  0.000026
    -0.000169  0.000342  0.000026
    -0.000159  0.000348  0.000026
    -0.000152  0.000329  0.000026
    -0.000162  0.000351  0.000026
    -0.000137  0.000227  0.000026
     0.000519  0.000036  0.000026
    -0.000420 -0.000158  0.000026
    -0.001039 -0.000215  0.000026
    -0.000142  0.000262  0.000026
    -0.000156  0.000328  0.000026
    -0.000141  0.000258  0.000026
    -0.000150  0.000314  0.000026
    -0.000153  0.000283  0.000026
    -0.000159  0.000235  0.000026
    -0.000393  0.000254  0.000026
    -0.000673  0.000313  0.000026
    -0.000643  0.000320  0.000026
    -0.000557  0.000420  0.000026
    -0.000272  0.000436  0.000026
    -0.000232  0.000437  0.000026
    -0.000180  0.000469  0.000026
    -0.000144  0.000276  0.000026
    -0.000137  0.000227  0.000026
    -0.000375  0.000111  0.000026
    -0.000624 -0.000011  0.000026
    -0.000507  0.000046  0.000026
    -0.000191  0.000201  0.000026
    -0.000137  0.000227  0.000026
    -0.000137  0.000227  0.000026
    -0.000137  0.000227  0.000026
    -0.000024  0.000256  0.000026
     0.000086  0.000252  0.000026
     0.000185  0.000239  0.000026
     0.000330  0.000184  0.000026
     0.000378  0.000167  0.000026
     0.000312  0.000180  0.000026
     0.000261  0.000186  0.000026
     0.000264  0.000174  0.000026
     0.000211  0.000177  0.000026
    -0.000081  0.000211  0.000026
    -0.000137  0.000227  0.000026
    -0.000137  0.000227  0.000026
    -0.000137  0.000227  0.000026
    -0.000137  0.000227  0.000026
    -0.000137  0.000227  0.000026
    -0.000137  0.000227  0.000026
    -0.000137  0.000227  0.000026
    -0.000137  0.000227  0.000026
    -0.000137  0.000227  0.000026
    -0.000137  0.000227  0.000026
    -0.000137  0.000227  0.000026
    -0.000137  0.000227  0.000026
    -0.000137  0.000227  0.000026
    -0.000137  0.000227  0.000026
    -0.000452  0.000333  0.000026
    -0.000520  0.000399  0.000026
    -0.000519  0.000431  0.000026
    -0.000481  0.000460  0.000026
    -0.000557  0.000547  0.000026
    -0.000710  0.000700  0.000026
    -0.000493  0.000572  0.000026
    -0.000408  0.000495  0.000026
    -0.000368  0.000383  0.000026
    -0.000371  0.000301  0.000026
    -0.000137  0.000227  0.000026
    -0.000137  0.000227  0.000026
    -0.000137  0.000227  0.000026
    -0.000137  0.000227  0.000026
    -0.000010  0.000190  0.000026
    -0.000113  0.000220  0.000026
    -0.000137  0.000227  0.000026
    -0.000175  0.000474  0.000026
    -0.000202  0.000543  0.000026
    -0.000215  0.000543  0.000026
    -0.000077  0.000582  0.000026
    -0.000066  0.000522  0.000026
     0.000144  0.000546  0.000026
     0.000202  0.000581  0.000026
     0.000041  0.000446  0.000026
    -0.000174  0.000354  0.000026
    -0.000170  0.000429  0.000026
    -0.000145  0.000286  0.000026
    -0.000137  0.000227  0.000026
    -0.000137  0.000227  0.000026
     0.000225  0.000121  0.000026
     0.002332 -0.000689  0.000025
     0.002035 -0.004031  0.000025
     0.000344 -0.005561  0.000025
    -0.001917 -0.003819  0.000026
    -0.003096 -0.001221  0.000026
    -0.000776 -0.000086  0.000026
    -0.000137  0.000227  0.000026
    -0.000137  0.000227  0.000026
    -0.000137  0.000227  0.000026
    -0.000150  0.000319  0.000026
    -0.000152  0.000270  0.000026
    -0.000419  0.000244  0.000026
    -0.000577  0.000283  0.000026
    -0.000527  0.000286  0.000026
    -0.000371  0.000355  0.000026
    -0.000392  0.000418  0.000026
    -0.000184  0.000418  0.000026
    -0.000177  0.000442  0.000026
    -0.000145  0.000280  0.000026
    -0.000137  0.000227  0.000026
    -0.000424  0.000086  0.000026
    -0.000557  0.000022  0.000026
    -0.000449  0.000074  0.000026
    -0.000137  0.000227  0.000026
    -0.000137  0.000227  0.000026
    -0.000137  0.000227  0.000026
     0.000030  0.000181  0.000026
     0.000063  0.000211  0.000026
     0.000150  0.000215  0.000026
     0.000310  0.000168  0.000026
     0.000412  0.000132  0.000026
     0.000397  0.000133  0.000026
     0.000257  0.000157  0.000026
     0.000310  0.000127  0.000026
     0.000299  0.000129  0.000026
     0.000171  0.000156  0.000026
    -0.000137  0.000227  0.000026
    -0.000137  0.000227  0.000026
    -0.000137  0.000227  0.000026
    -0.000137  0.000227  0.000026
    -0.000137  0.000227  0.000026
    -0.000137  0.000227  0.000026
    -0.000137  0.000227  0.000026
    -0.000137  0.000227  0.000026
    -0.000137  0.000227  0.000026
    -0.000137  0.000227  0.000026
    -0.000137  0.000227  0.000026
    -0.000137  0.000227  0.000026
    -0.000137  0.000227  0.000026
    -0.000376  0.000276  0.000026
    -0.000505  0.000340  0.000026
    -0.000551  0.000371  0.000026
    -0.000554  0.000370  0.000026
    -0.000521  0.000494  0.000026
    -0.000681  0.000619  0.000026
    -0.000632  0.000604  0.000026
    -0.000471  0.000477  0.000026
    -0.000388  0.000391  0.000026
    -0.000370  0.000299  0.000026
    -0.000242  0.000286  0.000026
    -0.000137  0.000227  0.000026
    -0.000137  0.000227  0.000026
    -0.000137  0.000227  0.000026
    -0.000137  0.000227  0.000026
     0.000034  0.000177  0.000026
    -0.000137  0.000227  0.000026
    -0.000142  0.000266  0.000026
    -0.000266  0.000408  0.000026
    -0.000206  0.000517  0.000026
    -0.000113  0.000517  0.000026
    -0.000028  0.000470  0.000026
     0.000016  0.000461  0.000026
    -0.000037  0.000404  0.000026
    -0.000111  0.000297  0.000026
    -0.000162  0.000346  0.000026
    -0.000169  0.000450  0.000026
    -0.000169  0.000450  0.000026
    -0.000167  0.000435  0.000026
    -0.000142  0.000263  0.000026
    -0.000149  0.000310  0.000026
     0.002538 -0.000479  0.000025
     0.005553 -0.005406  0.000025
     0.005204 -0.012443  0.000024
     0.001659 -0.013385  0.000025
    -0.005229 -0.012260  0.000025
    -0.006178 -0.004259  0.000026
    -0.002952 -0.000415  0.000026
    -0.000148  0.000303  0.000026
    -0.000137  0.000227  0.000026
    -0.000154  0.000348  0.000026
    -0.000149  0.000310  0.000026
    -0.000137  0.000227  0.000026
    -0.000137  0.000227  0.000026
    -0.000205  0.000155  0.000026
    -0.000287  0.000163  0.000026
    -0.000388  0.000254  0.000026
    -0.000347  0.000289  0.000026
    -0.000281  0.000348  0.000026
    -0.000184  0.000392  0.000026
    -0.000152  0.000329  0.000026
    -0.000137  0.000227  0.000026
    -0.000137  0.000227  0.000026
    -0.000569  0.000015  0.000026
    -0.000311  0.000142  0.000026
    -0.000312  0.000141  0.000026
    -0.000137  0.000227  0.000026
    -0.000137  0.000227  0.000026
    -0.000137  0.000227  0.000026
     0.000041  0.000182  0.000026
     0.000098  0.000199  0.000026
     0.000265  0.000144  0.000026
     0.000421  0.000100  0.000026
     0.000451  0.000097  0.000026
     0.000331  0.000139  0.000026
     0.000377  0.000054  0.000026
     0.000359  0.000076  0.000026
     0.000264  0.000140  0.000026
     0.000036  0.000177  0.000026
    -0.000137  0.000227  0.000026
    -0.000137  0.000227  0.000026
    -0.000137  0.000227  0.000026
    -0.000137  0.000227  0.000026
    -0.000137  0.000227  0.000026
    -0.000137  0.000227  0.000026
    -0.000137  0.000227  0.000026
    -0.000137  0.000227  0.000026
    -0.000137  0.000227  0.000026
    -0.000137  0.000227  0.000026
    -0.000137  0.000227  0.000026
    -0.000313  0.000213  0.000026
    -0.000411  0.000287  0.000026
    -0.000544  0.000317  0.000026
    -0.000570  0.000299  0.000026
    -0.000605  0.000414  0.000026
    -0.000548  0.000504  0.000026
    -0.000710  0.000606  0.000026
    -0.000536  0.000462  0.000026
    -0.000451  0.000387  0.000026
    -0.000374  0.000315  0.000026
    -0.000334  0.000288  0.000026
    -0.000137  0.000227  0.000026
    -0.000137  0.000227  0.000026
    -0.000137  0.000227  0.000026
    -0.000137  0.000227  0.000026
    -0.000137  0.000227  0.000026
    -0.000132  0.000226  0.000026
    -0.000137  0.000227  0.000026
    -0.000275  0.000389  0.000026
    -0.000229  0.000452  0.000026
    -0.000181  0.000414  0.000026
    -0.000072  0.000384  0.000026
     0.000046  0.000491  0.000026
     0.000011  0.000529  0.000026
    -0.000049  0.000460  0.000026
    -0.000177  0.000356  0.000026
    -0.000186  0.000488  0.000026
    -0.000190  0.000585  0.000026
    -0.000157  0.000370  0.000026
    -0.000137  0.000227  0.000026
    -0.000137  0.000227  0.000026
    -0.000176  0.000497  0.000026
     0.004865 -0.000708  0.000025
     0.014235 -0.007880  0.000024
     0.012542 -0.016294  0.000023
    -0.001215 -0.021403  0.000024
    -0.013247 -0.018195  0.000026
    -0.015583 -0.008043  0.000027
    -0.004973 -0.000412  0.000026
    -0.000242  0.000608  0.000026
    -0.000137  0.000227  0.000026
    -0.000137  0.000227  0.000026
    -0.000137  0.000227  0.000026
    -0.000160  0.000390  0.000026
    -0.000166  0.000421  0.000026
    -0.000148  0.000250  0.000026
    -0.000319  0.000259  0.000026
    -0.000399  0.000312  0.000026
    -0.000435  0.000283  0.000026
    -0.000285  0.000210  0.000026
    -0.000167  0.000292  0.000026
    -0.000129  0.000280  0.000026
    -0.000143  0.000313  0.000026
    -0.000137  0.000227  0.000026
    -0.000408  0.000094  0.000026
    -0.000386  0.000105  0.000026
    -0.000177  0.000207  0.000026
    -0.000306  0.000144  0.000026
    -0.000137  0.000227  0.000026
    -0.000137  0.000227  0.000026
    -0.000092  0.000214  0.000026
     0.000056  0.000181  0.000026
     0.000219  0.000128  0.000026
     0.000382  0.000073  0.000026
     0.000478  0.000059  0.000026
     0.000386  0.000110  0.000026
     0.000470  0.000032  0.000026
     0.000384  0.000120  0.000026
     0.000330  0.000128  0.000026
     0.000100  0.000167  0.000026
    -0.000128  0.000224  0.000026
    -0.000137  0.000227  0.000026
    -0.000137  0.000227  0.000026
    -0.000137  0.000227  0.000026
    -0.000137  0.000227  0.000026
    -0.000137  0.000227  0.000026
    -0.000137  0.000227  0.000026
    -0.000137  0.000227  0.000026
    -0.000137  0.000227  0.000026
    -0.000137  0.000227  0.000026
    -0.000137  0.000227  0.000026
    -0.000397  0.000244  0.000026
    -0.000503  0.000276  0.000026
    -0.000571  0.000251  0.000026
    -0.000631  0.000344  0.000026
    -0.000642  0.000419  0.000026
    -0.000561  0.000490  0.000026
    -0.000587  0.000443  0.000026
    -0.000514  0.000373  0.000026
    -0.000420  0.000325  0.000026
    -0.000357  0.000307  0.000026
    -0.000137  0.000227  0.000026
    -0.000137  0.000227  0.000026
    -0.000137  0.000227  0.000026
    -0.000137  0.000227  0.000026
    -0.000137  0.000227  0.000026
    -0.000137  0.000227  0.000026
    -0.000137  0.000227  0.000026
    -0.000165  0.000407  0.000026
    -0.000345  0.000304  0.000026
    -0.000242  0.000379  0.000026
    -0.000081  0.000478  0.000026
     0.000078  0.000529  0.000026
     0.000049  0.000590  0.000026
    -0.000059  0.000560  0.000026
    -0.000068  0.000510  0.000026
    -0.000190  0.000470  0.000026
    -0.000209  0.000707  0.000026
    -0.000184  0.000556  0.000026
    -0.000203  0.000670  0.000026
    -0.000172  0.000406  0.000026
    -0.000154  0.000208  0.000026
     0.000841  0.000272  0.000026
     0.012320 -0.001640  0.000024
     0.023667 -0.010125  0.000023
     0.020989 -0.019217  0.000022
    -0.000957 -0.022230  0.000024
    -0.020174 -0.019005  0.000026
    -0.025364 -0.011118  0.000028
    -0.013363 -0.001277  0.000027
    -0.001319  0.000533  0.000026
    -0.000139  0.000153  0.000026
    -0.000169  0.000397  0.000026
    -0.000196  0.000639  0.000026
    -0.000172  0.000468  0.000026
    -0.000182  0.000543  0.000026
    -0.000168  0.000386  0.000026
    -0.000289  0.000346  0.000026
    -0.000360  0.000389  0.000026
    -0.000506  0.000376  0.000026
    -0.000453  0.000271  0.000026
    -0.000294  0.000290  0.000026
    -0.000103  0.000220  0.000026
     0.000026  0.000193  0.000026
    -0.000137  0.000227  0.000026
    -0.000137  0.000227  0.000026
    -0.000388  0.000104  0.000026
    -0.000137  0.000227  0.000026
    -0.000223  0.000185  0.000026
    -0.000166  0.000213  0.000026
    -0.000137  0.000227  0.000026
    -0.000137  0.000227  0.000026
     0.000021  0.000185  0.000026
     0.000148  0.000167  0.000026
     0.000338  0.000051  0.000026
     0.000470  0.000018  0.000026
     0.000417  0.000078  0.000026
     0.000541 -0.000008  0.000026
     0.000503  0.000023  0.000026
     0.000373  0.000118  0.000026
     0.000251  0.000139  0.000026
     0.000066  0.000170  0.000026
    -0.000137  0.000227  0.000026
    -0.000137  0.000227  0.000026
    -0.000137  0.000227  0.000026
    -0.000137  0.000227  0.000026
    -0.000137  0.000227  0.000026
    -0.000137  0.000227  0.000026
    -0.000137  0.000227  0.000026
    -0.000137  0.000227  0.000026
    -0.000137  0.000227  0.000026
    -0.000271  0.000161  0.000026
    -0.000433  0.000242  0.000026
    -0.000529  0.000218  0.000026
    -0.000626  0.000280  0.000026
    -0.000676  0.000345  0.000026
    -0.000714  0.000439  0.000026
    -0.000622  0.000419  0.000026
    -0.000571  0.000363  0.000026
    -0.000488  0.000331  0.000026
    -0.000399  0.000311  0.000026
    -0.000209  0.000210  0.000026
    -0.000137  0.000227  0.000026
    -0.000137  0.000227  0.000026
    -0.000137  0.000227  0.000026
    -0.000137  0.000227  0.000026
    -0.000137  0.000227  0.000026
    -0.000137  0.000227  0.000026
    -0.000137  0.000227  0.000026
    -0.000314  0.000338  0.000026
    -0.000216  0.000390  0.000026
    -0.000013  0.000484  0.000026
     0.000205  0.000638  0.000026
     0.000247  0.000688  0.000026
    -0.000138  0.000560  0.000026
    -0.000248  0.000582  0.000026
    -0.000238  0.000685  0.000026
    -0.000233  0.000893  0.000026
    -0.000321 -0.000129  0.000026
    -0.000750 -0.000985  0.000026
    -0.001372 -0.000979  0.000026
    -0.001444 -0.000412  0.000026
    -0.000200  0.000196  0.000026
     0.004481 -0.003101  0.000025
     0.018943 -0.009808  0.000023
     0.032732 -0.014563  0.000021
     0.027391 -0.018468  0.000022
    -0.000473 -0.020894  0.000024
    -0.024608 -0.017098  0.000027
    -0.033375 -0.014025  0.000028
    -0.020318 -0.009397  0.000027
    -0.003936 -0.001793  0.000026
    -0.000287  0.000154  0.000026
     0.000812 -0.000050  0.000026
     0.000619 -0.000723  0.000026
     0.000111 -0.000832  0.000026
    -0.000278 -0.000035  0.000026
    -0.000235  0.000905  0.000026
    -0.000221  0.000622  0.000026
    -0.000271  0.000490  0.000026
    -0.000457  0.000443  0.000026
    -0.000726  0.000392  0.000026
    -0.000584  0.000320  0.000026
    -0.000332  0.000232  0.000026
    -0.000085  0.000156  0.000026
    -0.000044  0.000204  0.000026
    -0.000137  0.000227  0.000026
    -0.000137  0.000227  0.000026
    -0.000137  0.000227  0.000026
    -0.000137  0.000227  0.000026
    -0.000331  0.000132  0.000026
    -0.000137  0.000227  0.000026
    -0.000137  0.000227  0.000026
    -0.000137  0.000227  0.000026
     0.000105  0.000173  0.000026
     0.000281  0.000110  0.000026
     0.000443 -0.000012  0.000026
     0.000528 -0.000021  0.000026
     0.000603 -0.000054  0.000026
     0.000588 -0.000023  0.000026
     0.000474  0.000102  0.000026
     0.000293  0.000130  0.000026
     0.000129  0.000159  0.000026
    -0.000137  0.000227  0.000026
    -0.000137  0.000227  0.000026
    -0.000137  0.000227  0.000026
    -0.000137  0.000227  0.000026
    -0.000137  0.000227  0.000026
    -0.000137  0.000227  0.000026
    -0.000137  0.000227  0.000026
    -0.000137  0.000227  0.000026
    -0.000137  0.000227  0.000026
    -0.000388  0.000175  0.000026
    -0.000447  0.000199  0.000026
    -0.000560  0.000201  0.000026
    -0.000678  0.000277  0.000026
    -0.000717  0.000335  0.000026
    -0.000720  0.000393  0.000026
    -0.000613  0.000357  0.000026
    -0.000549  0.000319  0.000026
    -0.000456  0.000295  0.000026
    -0.000371  0.000233  0.000026
    -0.000137  0.000227  0.000026
    -0.000137  0.000227  0.000026
    -0.000137  0.000227  0.000026
    -0.000137  0.000227  0.000026
    -0.000137  0.000227  0.000026
    -0.000137  0.000227  0.000026
    -0.000137  0.000227  0.000026
    -0.000340  0.000337  0.000026
    -0.000189  0.000400  0.000026
    -0.000019  0.000477  0.000026
     0.000195  0.000611  0.000026
     0.000384  0.000759  0.000026
     0.000152  0.000695  0.000026
    -0.000235  0.000545  0.000026
    -0.000254  0.000649  0.000026
    -0.000225  0.001592  0.000026
     0.002204  0.000477  0.000026
     0.002730 -0.003830  0.000025
     0.003080 -0.010934  0.000025
     0.001539 -0.014533  0.000024
    -0.001713 -0.015116  0.000025
     0.002255 -0.014179  0.000024
     0.009642 -0.018358  0.000023
     0.024959 -0.029401  0.000021
     0.038145 -0.033849  0.000019
     0.033447 -0.032113  0.000020
    -0.000497 -0.031416  0.000024
    -0.032449 -0.031995  0.000027
    -0.040038 -0.033398  0.000027
    -0.024362 -0.030230  0.000026
    -0.012524 -0.019649  0.000026
     0.000363 -0.013713  0.000025
     0.003427 -0.014497  0.000024
     0.001668 -0.013986  0.000024
    -0.000738 -0.009816  0.000025
    -0.002378 -0.002415  0.000026
    -0.002656  0.000550  0.000026
    -0.000355  0.001707  0.000026
    -0.000238  0.000594  0.000026
    -0.000449  0.000480  0.000026
    -0.000815  0.000468  0.000026
    -0.000753  0.000327  0.000026
    -0.000519  0.000229  0.000026
    -0.000259  0.000132  0.000026
    -0.000122  0.000171  0.000026
    -0.000080  0.000210  0.000026
    -0.000137  0.000227  0.000026
    -0.000137  0.000227  0.000026
    -0.000137  0.000227  0.000026
    -0.000323  0.000136  0.000026
    -0.000137  0.000227  0.000026
    -0.000137  0.000227  0.000026
    -0.000137  0.000227  0.000026
     0.000031  0.000179  0.000026
     0.000216  0.000155  0.000026
     0.000391  0.000072  0.000026
     0.000517 -0.000053  0.000026
     0.000638 -0.000102  0.000026
     0.000663 -0.000046  0.000026
     0.000564  0.000086  0.000026
     0.000347  0.000120  0.000026
     0.000153  0.000154  0.000026
     0.000036  0.000177  0.000026
    -0.000137  0.000227  0.000026
    -0.000137  0.000227  0.000026
    -0.000137  0.000227  0.000026
    -0.000137  0.000227  0.000026
    -0.000137  0.000227  0.000026
    -0.000137  0.000227  0.000026
    -0.000137  0.000227  0.000026
    -0.000147  0.000222  0.000026
    -0.000406  0.000112  0.000026
    -0.000468  0.000191  0.000026
    -0.000628  0.000236  0.000026
    -0.000729  0.000264  0.000026
    -0.000791  0.000334  0.000026
    -0.000680  0.000313  0.000026
    -0.000637  0.000279  0.000026
    -0.000527  0.000265  0.000026
    -0.000421  0.000221  0.000026
    -0.000198  0.000197  0.000026
    -0.000137  0.000227  0.000026
    -0.000137  0.000227  0.000026
    -0.000137  0.000227  0.000026
    -0.000137  0.000227  0.000026
    -0.000137  0.000227  0.000026
    -0.000137  0.000227  0.000026
    -0.000162  0.000400  0.000026
    -0.000203  0.000394  0.000026
    -0.000054  0.000433  0.000026
     0.000096  0.000518  0.000026
     0.000330  0.000655  0.000026
     0.000482  0.000748  0.000026
     0.000001  0.000545  0.000026
    -0.000225  0.000418  0.000026
    -0.000311  0.001179  0.000026
     0.002670  0.000914  0.000026
     0.006521 -0.000433  0.000025
     0.010701 -0.009271  0.000024
     0.011397 -0.018934  0.000023
     0.004514 -0.028727  0.000023
    -0.002233 -0.034302  0.000023
     0.004805 -0.039272  0.000022
     0.026114 -0.047918  0.000019
     0.034396 -0.060306  0.000018
     0.039844 -0.067195  0.000017
     0.027066 -0.062036  0.000018
     0.000501 -0.055992  0.000022
    -0.028468 -0.061387  0.000025
    -0.040452 -0.066331  0.000026
    -0.032037 -0.060092  0.000025
    -0.023059 -0.049247  0.000024
    -0.005867 -0.039911  0.000023
     0.001877 -0.032781  0.000023
    -0.005327 -0.026693  0.000024
    -0.011273 -0.019917  0.000025
    -0.011263 -0.009118  0.000026
    -0.006538 -0.000084  0.000026
    -0.003145  0.001215  0.000026
    -0.000311  0.001159  0.000026
    -0.000211  0.000326  0.000026
    -0.000640  0.000385  0.000026
    -0.000837  0.000272  0.000026
    -0.000618  0.000169  0.000026
    -0.000322  0.000053  0.000026
    -0.000221  0.000109  0.000026
    -0.000133  0.000210  0.000026
    -0.000137  0.000227  0.000026
    -0.000137  0.000227  0.000026
    -0.000137  0.000227  0.000026
    -0.000137  0.000227  0.000026
    -0.000137  0.000227  0.000026
    -0.000137  0.000227  0.000026
    -0.000137  0.000227  0.000026
    -0.000137  0.000227  0.000026
     0.000139  0.000164  0.000026
     0.000339  0.000133  0.000026
     0.000533  0.000080  0.000026
     0.000616 -0.000017  0.000026
     0.000709 -0.000011  0.000026
     0.000653  0.000070  0.000026
     0.000468  0.000100  0.000026
     0.000190  0.000147  0.000026
     0.000090  0.000163  0.000026
    -0.000137  0.000227  0.000026
    -0.000137  0.000227  0.000026
    -0.000137  0.000227  0.000026
    -0.000137  0.000227  0.000026
    -0.000137  0.000227  0.000026
    -0.000137  0.000227  0.000026
    -0.000137  0.000227  0.000026
    -0.000252  0.000171  0.000026
    -0.000440  0.000160  0.000026
    -0.000526  0.000222  0.000026
    -0.000665  0.000225  0.000026
    -0.000769  0.000236  0.000026
    -0.000845  0.000318  0.000026
    -0.000671  0.000266  0.000026
    -0.000621  0.000220  0.000026
    -0.000508  0.000204  0.000026
    -0.000412  0.000163  0.000026
    -0.000137  0.000227  0.000026
    -0.000137  0.000227  0.000026
    -0.000137  0.000227  0.000026
    -0.000137  0.000227  0.000026
    -0.000137  0.000227  0.000026
    -0.000137  0.000227  0.000026
    -0.000141  0.000257  0.000026
    -0.000299  0.000405  0.000026
    -0.000098  0.000387  0.000026
     0.000033  0.000467  0.000026
    -0.000011  0.000674  0.000026
     0.000318  0.000636  0.000026
     0.000475  0.000579  0.000026
    -0.000072  0.000517  0.000026
    -0.000230  0.000511  0.000026
     0.000652  0.001086  0.000026
     0.005901  0.000363  0.000025
     0.014734 -0.001231  0.000024
     0.021491 -0.008415  0.000023
     0.024973 -0.019626  0.000022
     0.016514 -0.030732  0.000022
     0.003372 -0.043077  0.000022
     0.014101 -0.060947  0.000020
     0.037581 -0.072660  0.000017
     0.044574 -0.082179  0.000016
     0.034103 -0.083986  0.000017
     0.015899 -0.080751  0.000019
     0.001010 -0.074439  0.000021
    -0.016563 -0.081401  0.000023
    -0.035861 -0.083776  0.000026
    -0.044234 -0.081585  0.000027
    -0.038091 -0.071827  0.000026
    -0.013381 -0.058861  0.000023
    -0.006439 -0.043039  0.000023
    -0.016094 -0.031574  0.000025
    -0.022486 -0.018169  0.000027
    -0.022687 -0.008974  0.000027
    -0.015832 -0.000528  0.000027
    -0.005656  0.000902  0.000026
    -0.001124  0.001277  0.000026
    -0.000211  0.000441  0.000026
    -0.000554  0.000386  0.000026
    -0.000804  0.000138  0.000026
    -0.000598  0.000051  0.000026
    -0.000350 -0.000042  0.000026
    -0.000253  0.000030  0.000026
    -0.000205  0.000137  0.000026
    -0.000067  0.000280  0.000026
    -0.000137  0.000227  0.000026
    -0.000137  0.000227  0.000026
    -0.000137  0.000227  0.000026
    -0.000137  0.000227  0.000026
    -0.000137  0.000227  0.000026
    -0.000137  0.000227  0.000026
    -0.000137  0.000227  0.000026
     0.000098  0.000165  0.000026
     0.000299  0.000137  0.000026
     0.000495  0.000103  0.000026
     0.000589  0.000079  0.000026
     0.000741  0.000039  0.000026
     0.000721  0.000058  0.000026
     0.000533  0.000088  0.000026
     0.000291  0.000130  0.000026
     0.000138  0.000155  0.000026
    -0.000137  0.000227  0.000026
    -0.000137  0.000227  0.000026
    -0.000137  0.000227  0.000026
    -0.000137  0.000227  0.000026
    -0.000137  0.000227  0.000026
    -0.000137  0.000227  0.000026
    -0.000137  0.000227  0.000026
    -0.000386  0.000106  0.000026
    -0.000463  0.000164  0.000026
    -0.000559  0.000219  0.000026
    -0.000702  0.000207  0.000026
    -0.000797  0.000196  0.000026
    -0.000768  0.000211  0.000026
    -0.000654  0.000205  0.000026
    -0.000600  0.000149  0.000026
    -0.000479  0.000141  0.000026
    -0.000400  0.000101  0.000026
    -0.000137  0.000227  0.000026
    -0.000137  0.000227  0.000026
    -0.000137  0.000227  0.000026
    -0.000137  0.000227  0.000026
    -0.000137  0.000227  0.000026
    -0.000137  0.000227  0.000026
    -0.000191  0.000529  0.000026
    -0.000211  0.000437  0.000026
    -0.000085  0.000430  0.000026
     0.000053  0.000418  0.000026
    -0.000088  0.000530  0.000026
     0.000352  0.000470  0.000026
     0.000414  0.000577  0.000026
    -0.000218  0.000426  0.000026
    -0.000183  0.000547  0.000026
     0.002004 -0.000316  0.000025
     0.006641  0.000529  0.000025
     0.016958  0.002661  0.000024
     0.029251  0.002633  0.000023
     0.034706 -0.000220  0.000022
     0.029089 -0.009654  0.000022
     0.021514 -0.028403  0.000022
     0.029964 -0.051797  0.000019
     0.058545 -0.066691  0.000015
     0.048753 -0.068066  0.000016
     0.025582 -0.057631  0.000019
     0.006721 -0.039424  0.000022
    -0.000021 -0.035960  0.000023
    -0.005536 -0.037995  0.000024
    -0.026730 -0.056111  0.000026
    -0.048987 -0.068330  0.000027
    -0.058213 -0.065840  0.000027
    -0.031164 -0.049608  0.000026
    -0.020568 -0.028551  0.000026
    -0.027222 -0.009072  0.000028
    -0.035368 -0.000934  0.000030
    -0.028441  0.003393  0.000029
    -0.018391  0.001992  0.000028
    -0.006084  0.001027  0.000026
    -0.002275  0.000011  0.000026
    -0.000198  0.000632  0.000026
    -0.000245  0.000325  0.000026
    -0.000726  0.000138  0.000026
    -0.000539 -0.000086  0.000026
    -0.000207 -0.000240  0.000026
    -0.000207 -0.000098  0.000026
    -0.000134  0.000036  0.000026
    -0.000119  0.000226  0.000026
    -0.000167  0.000435  0.000026
    -0.000137  0.000227  0.000026
    -0.000137  0.000227  0.000026
    -0.000137  0.000227  0.000026
    -0.000137  0.000227  0.000026
    -0.000137  0.000227  0.000026
    -0.000137  0.000227  0.000026
    -0.000057  0.000204  0.000026
     0.000232  0.000145  0.000026
     0.000448  0.000108  0.000026
     0.000552  0.000093  0.000026
     0.000741  0.000058  0.000026
     0.000772  0.000048  0.000026
     0.000597  0.000077  0.000026
     0.000350  0.000120  0.000026
     0.000175  0.000148  0.000026
    -0.000048  0.000201  0.000026
    -0.000137  0.000227  0.000026
    -0.000137  0.000227  0.000026
    -0.000137  0.000227  0.000026
    -0.000137  0.000227  0.000026
    -0.000137  0.000227  0.000026
    -0.000137  0.000227  0.000026
    -0.000415  0.000107  0.000026
    -0.000528  0.000188  0.000026
    -0.000590  0.000210  0.000026
    -0.000732  0.000174  0.000026
    -0.000836  0.000169  0.000026
    -0.000765  0.000155  0.000026
    -0.000641  0.000141  0.000026
    -0.000586  0.000085  0.000026
    -0.000468  0.000111  0.000026
    -0.000345  0.000125  0.000026
    -0.000137  0.000227  0.000026
    -0.000137  0.000227  0.000026
    -0.000137  0.000227  0.000026
    -0.000137  0.000227  0.000026
    -0.000137  0.000227  0.000026
    -0.000455  0.000341  0.000026
    -0.000286  0.000478  0.000026
    -0.000170  0.000443  0.000026
    -0.000106  0.000318  0.000026
     0.000022  0.000261  0.000026
    -0.000210  0.000555  0.000026
     0.000259  0.000362  0.000026
     0.000191  0.000374  0.000026
    -0.000154  0.000347  0.000026
     0.000860 -0.000064  0.000026
     0.001713 -0.000313  0.000026
     0.003936  0.000156  0.000025
     0.012953  0.004225  0.000025
     0.024648  0.012482  0.000024
     0.036325  0.015106  0.000023
     0.040825  0.008919  0.000023
     0.044707 -0.008221  0.000021
     0.059265 -0.034714  0.000017
     0.067507 -0.044267  0.000015
     0.035399 -0.026499  0.000020
     0.004993 -0.005151  0.000025
    -0.002548  0.004918  0.000027
    -0.000643  0.007823  0.000027
     0.000887  0.005420  0.000026
    -0.006531 -0.004359  0.000026
    -0.036079 -0.026395  0.000028
    -0.066524 -0.043890  0.000027
    -0.058839 -0.034668  0.000028
    -0.043591 -0.006035  0.000030
    -0.041295  0.009787  0.000031
    -0.036155  0.015488  0.000031
    -0.025678  0.010825  0.000029
    -0.012838  0.004365  0.000027
    -0.004312  0.000357  0.000026
    -0.002087 -0.000709  0.000026
    -0.001321 -0.000348  0.000026
    -0.000153  0.000339  0.000026
    -0.000493  0.000043  0.000026
    -0.000416 -0.000174  0.000026
    -0.000149 -0.000345  0.000026
    -0.000110 -0.000273  0.000026
    -0.000058 -0.000102  0.000026
    -0.000135  0.000187  0.000026
    -0.000093  0.000336  0.000026
     0.000107  0.000156  0.000026
    -0.000137  0.000227  0.000026
    -0.000137  0.000227  0.000026
    -0.000137  0.000227  0.000026
    -0.000137  0.000227  0.000026
    -0.000137  0.000227  0.000026
    -0.000137  0.000227  0.000026
     0.000193  0.000147  0.000026
     0.000417  0.000111  0.000026
     0.000520  0.000096  0.000026
     0.000732  0.000058  0.000026
     0.000817  0.000040  0.000026
     0.000648  0.000067  0.000026
     0.000405  0.000110  0.000026
     0.000288  0.000128  0.000026
     0.000097  0.000161  0.000026
    -0.000137  0.000227  0.000026
    -0.000137  0.000227  0.000026
    -0.000137  0.000227  0.000026
    -0.000137  0.000227  0.000026
    -0.000137  0.000227  0.000026
    -0.000264  0.000165  0.000026
    -0.000440  0.000107  0.000026
    -0.000561  0.000180  0.000026
    -0.000616  0.000192  0.000026
    -0.000760  0.000150  0.000026
    -0.000832  0.000108  0.000026
    -0.000750  0.000088  0.000026
    -0.000620  0.000079  0.000026
    -0.000513  0.000086  0.000026
    -0.000461  0.000106  0.000026
    -0.000278  0.000158  0.000026
    -0.000137  0.000227  0.000026
    -0.000137  0.000227  0.000026
    -0.000137  0.000227  0.000026
    -0.000137  0.000227  0.000026
    -0.000159  0.000379  0.000026
    -0.000431  0.000365  0.000026
    -0.000276  0.000443  0.000026
    -0.000170  0.000395  0.000026
    -0.000141  0.000296  0.000026
    -0.000094  0.000297  0.000026
    -0.000024  0.000138  0.000026
     0.000009  0.000068  0.000026
    -0.000092  0.000121  0.000026
     0.000349  0.000085  0.000026
     0.001770 -0.000329  0.000025
     0.001547 -0.000264  0.000026
     0.001968 -0.000387  0.000025
     0.004297  0.000852  0.000025
     0.016155  0.009926  0.000025
     0.030866  0.016979  0.000024
     0.051609  0.012851  0.000022
     0.068410 -0.004193  0.000018
     0.080048 -0.029739  0.000015
     0.048520 -0.023667  0.000019
     0.009749 -0.000566  0.000025
    -0.005904  0.011812  0.000028
    -0.006691  0.019676  0.000028
     0.000679  0.021441  0.000028
     0.006535  0.020472  0.000027
     0.006040  0.012007  0.000026
    -0.009787 -0.000378  0.000027
    -0.050391 -0.023814  0.000028
    -0.079710 -0.028842  0.000027
    -0.068542 -0.003546  0.000029
    -0.052590  0.013891  0.000032
    -0.030690  0.015911  0.000030
    -0.016077  0.010407  0.000028
    -0.004818  0.001267  0.000026
    -0.002343 -0.000774  0.000026
    -0.002009 -0.000668  0.000026
    -0.001932 -0.000608  0.000026
    -0.000866 -0.000130  0.000026
    -0.000252  0.000271  0.000026
    -0.000214  0.000170  0.000026
    -0.000011 -0.000173  0.000026
    -0.000012 -0.000324  0.000026
     0.000035 -0.000191  0.000026
    -0.000129  0.000150  0.000026
    -0.000048  0.000237  0.000026
     0.000127  0.000203  0.000026
    -0.000137  0.000227  0.000026
    -0.000137  0.000227  0.000026
    -0.000137  0.000227  0.000026
    -0.000137  0.000227  0.000026
    -0.000137  0.000227  0.000026
    -0.000137  0.000227  0.000026
     0.000152  0.000151  0.000026
     0.000288  0.000133  0.000026
     0.000476  0.000100  0.000026
     0.000700  0.000061  0.000026
     0.000834  0.000036  0.000026
     0.000698  0.000058  0.000026
     0.000451  0.000102  0.000026
     0.000345  0.000118  0.000026
     0.000140  0.000153  0.000026
    -0.000137  0.000227  0.000026
    -0.000137  0.000227  0.000026
    -0.000137  0.000227  0.000026
    -0.000137  0.000227  0.000026
    -0.000137  0.000227  0.000026
    -0.000407  0.000099  0.000026
    -0.000512  0.000157  0.000026
    -0.000590  0.000167  0.000026
    -0.000637  0.000171  0.000026
    -0.000773  0.000114  0.000026
    -0.000822  0.000047  0.000026
    -0.000733  0.000027  0.000026
    -0.000606  0.000021  0.000026
    -0.000515  0.000118  0.000026
    -0.000504  0.000086  0.000026
    -0.000137  0.000227  0.000026
    -0.000137  0.000227  0.000026
    -0.000137  0.000227  0.000026
    -0.000137  0.000227  0.000026
    -0.000137  0.000227  0.000026
    -0.000466  0.000346  0.000026
    -0.000425  0.000368  0.000026
    -0.000296  0.000367  0.000026
    -0.000246  0.000420  0.000026
    -0.000186  0.000184  0.000026
    -0.000151  0.000098  0.000026
    -0.000174 -0.000047  0.000026
    -0.000103 -0.000040  0.000026
    -0.000137  0.000227  0.000026
     0.001032 -0.000114  0.000026
     0.002161 -0.000444  0.000025
     0.001894 -0.000365  0.000025
     0.000476  0.000048  0.000026
     0.000335  0.000194  0.000026
     0.006782  0.002048  0.000025
     0.025598  0.008028  0.000024
     0.060622  0.001918  0.000020
     0.083443 -0.009689  0.000016
     0.078247 -0.017568  0.000016
     0.031792 -0.010922  0.000022
    -0.005320 -0.001270  0.000027
    -0.017081  0.009535  0.000029
    -0.010788  0.017474  0.000028
    -0.002217  0.018178  0.000028
     0.011316  0.016747  0.000026
     0.015857  0.009492  0.000025
     0.003671 -0.001053  0.000026
    -0.033273 -0.009195  0.000029
    -0.078240 -0.017166  0.000028
    -0.085165 -0.009944  0.000029
    -0.062449  0.002741  0.000032
    -0.026676  0.006308  0.000029
    -0.006190  0.002899  0.000027
    -0.000770  0.000230  0.000026
    -0.001197 -0.000292  0.000026
    -0.002177 -0.000739  0.000026
    -0.002217 -0.000746  0.000026
    -0.001404 -0.000382  0.000026
    -0.000137  0.000227  0.000026
    -0.000110  0.000265  0.000026
     0.000065  0.000248  0.000026
     0.000075  0.000027  0.000026
     0.000076 -0.000016  0.000026
    -0.000006  0.000110  0.000026
     0.000017  0.000135  0.000026
     0.000160  0.000148  0.000026
     0.000095  0.000159  0.000026
    -0.000137  0.000227  0.000026
    -0.000137  0.000227  0.000026
    -0.000137  0.000227  0.000026
    -0.000137  0.000227  0.000026
    -0.000137  0.000227  0.000026
     0.000185  0.000141  0.000026
     0.000262  0.000135  0.000026
     0.000442  0.000104  0.000026
     0.000664  0.000065  0.000026
     0.000813  0.000038  0.000026
     0.000722  0.000054  0.000026
     0.000487  0.000095  0.000026
     0.000396  0.000109  0.000026
     0.000257  0.000132  0.000026
    -0.000039  0.000199  0.000026
    -0.000137  0.000227  0.000026
    -0.000137  0.000227  0.000026
    -0.000137  0.000227  0.000026
    -0.000137  0.000227  0.000026
    -0.000453  0.000095  0.000026
    -0.000544  0.000145  0.000026
    -0.000615  0.000147  0.000026
    -0.000655  0.000148  0.000026
    -0.000774  0.000074  0.000026
    -0.000812 -0.000008  0.000026
    -0.000717 -0.000030  0.000026
    -0.000616 -0.000006  0.000026
    -0.000517  0.000105  0.000026
    -0.000504  0.000071  0.000026
    -0.000194  0.000199  0.000026
    -0.000137  0.000227  0.000026
    -0.000137  0.000227  0.000026
    -0.000137  0.000227  0.000026
    -0.000150  0.000322  0.000026
    -0.000466  0.000333  0.000026
    -0.000428  0.000309  0.000026
    -0.000351  0.000309  0.000026
    -0.000265  0.000357  0.000026
    -0.000197  0.000203  0.000026
    -0.000225  0.000025  0.000026
    -0.000264 -0.000092  0.000026
    -0.000305  0.000237  0.000026
     0.000303  0.000099  0.000026
     0.004169 -0.003536  0.000025
     0.004595 -0.005602  0.000025
     0.002912 -0.005394  0.000025
     0.000515 -0.002061  0.000025
    -0.000680 -0.000070  0.000026
     0.004270 -0.001506  0.000025
     0.026736 -0.005165  0.000023
     0.064851 -0.007766  0.000019
     0.087430 -0.006380  0.000016
     0.078001 -0.008058  0.000016
     0.026434 -0.006622  0.000023
    -0.009565 -0.003333  0.000027
    -0.021798 -0.000255  0.000028
    -0.016866  0.002784  0.000028
    -0.000068  0.001464  0.000026
     0.015400  0.002405  0.000024
     0.021392 -0.000175  0.000024
     0.007718 -0.002494  0.000025
    -0.027949 -0.004055  0.000029
    -0.078078 -0.007813  0.000028
    -0.088024 -0.006880  0.000029
    -0.065759 -0.005431  0.000031
    -0.028070 -0.003856  0.000028
    -0.004021 -0.001515  0.000026
    -0.000522 -0.000062  0.000026
    -0.001495 -0.001756  0.000026
    -0.002820 -0.004881  0.000026
    -0.004086 -0.004736  0.000026
    -0.003560 -0.002266  0.000026
    -0.000825 -0.000110  0.000026
    -0.000019  0.000221  0.000026
     0.000135  0.000214  0.000026
     0.000086  0.000234  0.000026
     0.000071 -0.000005  0.000026
     0.000042  0.000043  0.000026
     0.000101  0.000124  0.000026
     0.000174  0.000165  0.000026
     0.000168  0.000152  0.000026
    -0.000137  0.000227  0.000026
    -0.000137  0.000227  0.000026
    -0.000137  0.000227  0.000026
    -0.000137  0.000227  0.000026
    -0.000137  0.000227  0.000026
     0.000160  0.000142  0.000026
     0.000237  0.000136  0.000026
     0.000450  0.000100  0.000026
     0.000632  0.000068  0.000026
     0.000793  0.000040  0.000026
     0.000723  0.000053  0.000026
     0.000518  0.000090  0.000026
     0.000439  0.000101  0.000026
     0.000311  0.000122  0.000026
     0.000130  0.000152  0.000026
    -0.000137  0.000227  0.000026
    -0.000137  0.000227  0.000026
    -0.000137  0.000227  0.000026
    -0.000230  0.000181  0.000026
    -0.000481  0.000093  0.000026
    -0.000573  0.000127  0.000026
    -0.000640  0.000127  0.000026
    -0.000666  0.000118  0.000026
    -0.000770  0.000026  0.000026
    -0.000796 -0.000058  0.000026
    -0.000703 -0.000063  0.000026
    -0.000636  0.000093  0.000026
    -0.000513  0.000091  0.000026
    -0.000503  0.000057  0.000026
    -0.000137  0.000227  0.000026
    -0.000137  0.000227  0.000026
    -0.000137  0.000227  0.000026
    -0.000137  0.000227  0.000026
    -0.000305  0.000429  0.000026
    -0.000473  0.000260  0.000026
    -0.000487  0.000250  0.000026
    -0.000350  0.000270  0.000026
    -0.000232  0.000299  0.000026
    -0.000280  0.000222  0.000026
    -0.000357  0.000009  0.000026
    -0.000428  0.000214  0.000026
    -0.000989 -0.000190  0.000026
     0.003574 -0.003558  0.000025
     0.006949 -0.010038  0.000024
     0.007601 -0.015436  0.000024
     0.004791 -0.017400  0.000024
     0.002092 -0.016983  0.000024
     0.001542 -0.015830  0.000024
     0.008107 -0.017870  0.000024
     0.029787 -0.026673  0.000021
     0.063673 -0.024817  0.000017
     0.087235 -0.020198  0.000015
     0.080864 -0.006629  0.000016
     0.030145 -0.004278  0.000023
    -0.008342 -0.001930  0.000027
    -0.020831 -0.009344  0.000027
    -0.016973 -0.014345  0.000026
     0.001508 -0.012534  0.000025
     0.015842 -0.013160  0.000023
     0.021324 -0.008506  0.000023
     0.006692 -0.001522  0.000025
    -0.031046 -0.001196  0.000029
    -0.080312 -0.006482  0.000027
    -0.087715 -0.019864  0.000028
    -0.064410 -0.026236  0.000030
    -0.029154 -0.026656  0.000027
    -0.010339 -0.018898  0.000025
     0.001301 -0.015526  0.000024
     0.001324 -0.016543  0.000024
    -0.004212 -0.017775  0.000025
    -0.010076 -0.016415  0.000026
    -0.008491 -0.010034  0.000026
    -0.003524 -0.002570  0.000026
     0.000349  0.000085  0.000026
     0.000179  0.000180  0.000026
     0.000197  0.000186  0.000026
     0.000107  0.000083  0.000026
     0.000034 -0.000017  0.000026
     0.000129  0.000142  0.000026
     0.000269  0.000145  0.000026
     0.000193  0.000149  0.000026
    -0.000110  0.000219  0.000026
    -0.000137  0.000227  0.000026
    -0.000137  0.000227  0.000026
    -0.000137  0.000227  0.000026
    -0.000137  0.000227  0.000026
     0.000026  0.000180  0.000026
     0.000205  0.000139  0.000026
     0.000444  0.000099  0.000026
     0.000595  0.000073  0.000026
     0.000763  0.000043  0.000026
     0.000716  0.000053  0.000026
     0.000539  0.000086  0.000026
     0.000481  0.000093  0.000026
     0.000361  0.000112  0.000026
     0.000175  0.000144  0.000026
    -0.000137  0.000227  0.000026
    -0.000137  0.000227  0.000026
    -0.000137  0.000227  0.000026
    -0.000343  0.000126  0.000026
    -0.000561  0.000090  0.000026
    -0.000600  0.000103  0.000026
    -0.000658  0.000102  0.000026
    -0.000667  0.000084  0.000026
    -0.000759 -0.000018  0.000026
    -0.000767 -0.000097  0.000026
    -0.000722  0.000028  0.000026
    -0.000643  0.000093  0.000026
    -0.000510  0.000082  0.000026
    -0.000521  0.000053  0.000026
    -0.000395  0.000101  0.000026
    -0.000232  0.000181  0.000026
    -0.000137  0.000227  0.000026
    -0.000142  0.000259  0.000026
    -0.000477  0.000286  0.000026
    -0.000504  0.000212  0.000026
    -0.000483  0.000168  0.000026
    -0.000352  0.000238  0.000026
    -0.000310  0.000215  0.000026
    -0.000306  0.000258  0.000026
    -0.000346  0.000086  0.000026
    -0.000489  0.000119  0.000026
     0.000723 -0.000341  0.000026
     0.006757 -0.006756  0.000025
     0.014951 -0.013952  0.000023
     0.019270 -0.025738  0.000022
     0.012883 -0.034404  0.000022
     0.002378 -0.039593  0.000022
     0.001152 -0.038514  0.000023
     0.018111 -0.042839  0.000021
     0.036023 -0.053826  0.000018
     0.058038 -0.054627  0.000016
     0.076315 -0.041956  0.000015
     0.073896 -0.018871  0.000016
     0.034768 -0.005642  0.000022
    -0.001099 -0.009314  0.000025
    -0.014934 -0.018356  0.000026
    -0.017145 -0.023638  0.000026
    -0.001184 -0.025763  0.000024
     0.017825 -0.024526  0.000022
     0.014667 -0.019821  0.000023
     0.002090 -0.009879  0.000025
    -0.035610 -0.004691  0.000028
    -0.073291 -0.017201  0.000027
    -0.074394 -0.041327  0.000028
    -0.058353 -0.055257  0.000029
    -0.034462 -0.054169  0.000026
    -0.017563 -0.044194  0.000024
    -0.002056 -0.037883  0.000023
    -0.003485 -0.039069  0.000023
    -0.012395 -0.035715  0.000024
    -0.018674 -0.024801  0.000026
    -0.016092 -0.014989  0.000026
    -0.007656 -0.005914  0.000026
    -0.001317 -0.000453  0.000026
     0.000178  0.000154  0.000026
     0.000120  0.000191  0.000026
     0.000077  0.000120  0.000026
     0.000114  0.000136  0.000026
     0.000153  0.000140  0.000026
     0.000305  0.000146  0.000026
     0.000242  0.000138  0.000026
     0.000100  0.000158  0.000026
    -0.000137  0.000227  0.000026
    -0.000137  0.000227  0.000026
    -0.000137  0.000227  0.000026
    -0.000132  0.000226  0.000026
     0.000119  0.000152  0.000026
     0.000183  0.000141  0.000026
     0.000428  0.000100  0.000026
     0.000590  0.000072  0.000026
     0.000711  0.000051  0.000026
     0.000696  0.000055  0.000026
     0.000540  0.000085  0.000026
     0.000514  0.000087  0.000026
     0.000406  0.000104  0.000026
     0.000315  0.000117  0.000026
    -0.000137  0.000227  0.000026
    -0.000137  0.000227  0.000026
    -0.000137  0.000227  0.000026
    -0.000423  0.000089  0.000026
    -0.000597  0.000086  0.000026
    -0.000645  0.000066  0.000026
    -0.000671  0.000071  0.000026
    -0.000663  0.000050  0.000026
    -0.000742 -0.000057  0.000026
    -0.000740 -0.000032  0.000026
    -0.000721  0.000087  0.000026
    -0.000650  0.000085  0.000026
    -0.000554  0.000077  0.000026
    -0.000320  0.000137  0.000026
    -0.000505  0.000047  0.000026
    -0.000419  0.000089  0.000026
    -0.000137  0.000227  0.000026
    -0.000144  0.000278  0.000026
    -0.000425  0.000086  0.000026
    -0.000495  0.000174  0.000026
    -0.000488  0.000108  0.000026
    -0.000422  0.000158  0.000026
    -0.000283  0.000190  0.000026
    -0.000232  0.000251  0.000026
    -0.000254  0.000233  0.000026
    -0.000382  0.000107  0.000026
     0.003055 -0.000704  0.000025
     0.011773 -0.005195  0.000024
     0.023172 -0.011250  0.000023
     0.034172 -0.025647  0.000020
     0.023964 -0.035210  0.000021
     0.008503 -0.047459  0.000021
     0.004888 -0.057167  0.000021
     0.024315 -0.064412  0.000018
     0.039539 -0.069799  0.000017
     0.045754 -0.068578  0.000016
     0.051968 -0.054118  0.000017
     0.046072 -0.028530  0.000019
     0.031047 -0.007512  0.000022
     0.009490 -0.009493  0.000024
    -0.011634 -0.016342  0.000026
    -0.016230 -0.020764  0.000026
     0.000160 -0.022276  0.000024
     0.017520 -0.019126  0.000023
     0.011645 -0.016594  0.000024
    -0.009653 -0.009398  0.000026
    -0.031475 -0.008218  0.000028
    -0.047899 -0.026572  0.000027
    -0.052801 -0.051052  0.000027
    -0.046375 -0.068480  0.000027
    -0.041028 -0.068541  0.000026
    -0.021968 -0.060321  0.000024
    -0.007173 -0.054524  0.000022
    -0.009398 -0.045708  0.000023
    -0.021258 -0.035440  0.000025
    -0.034788 -0.025067  0.000027
    -0.024541 -0.011971  0.000027
    -0.012510 -0.004291  0.000027
    -0.003198 -0.000870  0.000026
    -0.000104  0.000217  0.000026
    -0.000043  0.000221  0.000026
    -0.000027  0.000143  0.000026
     0.000067  0.000163  0.000026
     0.000249  0.000167  0.000026
     0.000334  0.000145  0.000026
     0.000255  0.000140  0.000026
    -0.000020  0.000193  0.000026
    -0.000137  0.000227  0.000026
    -0.000137  0.000227  0.000026
    -0.000059  0.000204  0.000026
    -0.000001  0.000187  0.000026
    -0.000137  0.000227  0.000026
     0.000262  0.000125  0.000026
     0.000427  0.000098  0.000026
     0.000552  0.000076  0.000026
     0.000642  0.000063  0.000026
     0.000667  0.000060  0.000026
     0.000534  0.000085  0.000026
     0.000538  0.000082  0.000026
     0.000476  0.000090  0.000026
     0.000371  0.000106  0.000026
    -0.000067  0.000207  0.000026
    -0.000137  0.000227  0.000026
    -0.000137  0.000227  0.000026
    -0.000440  0.000087  0.000026
    -0.000630  0.000082  0.000026
    -0.000687  0.000019  0.000026
    -0.000679  0.000037  0.000026
    -0.000659  0.000016  0.000026
    -0.000653 -0.000032  0.000026
    -0.000725  0.000094  0.000026
    -0.000719  0.000084  0.000026
    -0.000652  0.000078  0.000026
    -0.000564  0.000069  0.000026
    -0.000427  0.000085  0.000026
    -0.000546  0.000027  0.000026
    -0.000580  0.000026  0.000026
    -0.000137  0.000227  0.000026
    -0.000137  0.000227  0.000026
    -0.000475  0.000137  0.000026
    -0.000523  0.000088  0.000026
    -0.000510  0.000020  0.000026
    -0.000384  0.000041  0.000026
    -0.000288  0.000170  0.000026
    -0.000192  0.000273  0.000026
    -0.000251  0.000178  0.000026
    -0.000137  0.000227  0.000026
     0.003284 -0.000332  0.000025
     0.013742 -0.000003  0.000024
     0.029447 -0.002192  0.000023
     0.043088 -0.005022  0.000021
     0.034817 -0.015535  0.000021
     0.022088 -0.027862  0.000021
     0.017980 -0.048386  0.000020
     0.033587 -0.061290  0.000018
     0.037297 -0.058970  0.000018
     0.026703 -0.042378  0.000020
     0.018642 -0.015663  0.000023
     0.011594  0.004634  0.000025
     0.021250  0.021426  0.000025
     0.018284  0.025941  0.000026
    -0.003881  0.016366  0.000028
    -0.018287 -0.000538  0.000028
     0.000999 -0.007308  0.000026
     0.018086  0.001069  0.000024
     0.004054  0.017449  0.000027
    -0.020583  0.026506  0.000029
    -0.023945  0.022823  0.000029
    -0.013160  0.006593  0.000028
    -0.019814 -0.014818  0.000027
    -0.028787 -0.039730  0.000027
    -0.039391 -0.056819  0.000027
    -0.036113 -0.059259  0.000026
    -0.017862 -0.046365  0.000024
    -0.020015 -0.027908  0.000026
    -0.033528 -0.013890  0.000028
    -0.043135 -0.005219  0.000030
    -0.029342 -0.001200  0.000029
    -0.014455 -0.000184  0.000027
    -0.003532 -0.000225  0.000026
    -0.000137  0.000227  0.000026
    -0.000137  0.000227  0.000026
    -0.000094  0.000127  0.000026
     0.000118  0.000116  0.000026
     0.000251  0.000179  0.000026
     0.000366  0.000136  0.000026
     0.000318  0.000131  0.000026
     0.000158  0.000142  0.000026
    -0.000137  0.000227  0.000026
    -0.000137  0.000227  0.000026
     0.000228  0.000121  0.000026
     0.000049  0.000173  0.000026
    -0.000086  0.000212  0.000026
     0.000268  0.000122  0.000026
     0.000417  0.000098  0.000026
     0.000542  0.000077  0.000026
     0.000573  0.000074  0.000026
     0.000520  0.000088  0.000026
     0.000526  0.000086  0.000026
     0.000550  0.000079  0.000026
     0.000540  0.000078  0.000026
     0.000419  0.000097  0.000026
     0.000012  0.000184  0.000026
    -0.000137  0.000227  0.000026
    -0.000137  0.000227  0.000026
    -0.000453  0.000085  0.000026
    -0.000658  0.000078  0.000026
    -0.000723 -0.000035  0.000026
    -0.000683 -0.000000  0.000026
    -0.000655 -0.000018  0.000026
    -0.000644  0.000028  0.000026
    -0.000718  0.000090  0.000026
    -0.000718  0.000081  0.000026
    -0.000695  0.000076  0.000026
    -0.000573  0.000062  0.000026
    -0.000517  0.000050  0.000026
    -0.000562  0.000026  0.000026
    -0.000584  0.000023  0.000026
    -0.000168  0.000212  0.000026
    -0.000137  0.000227  0.000026
    -0.000460  0.000101  0.000026
    -0.000552  0.000020  0.000026
    -0.000518 -0.000036  0.000026
    -0.000327 -0.000023  0.000026
    -0.000279  0.000024  0.000026
    -0.000208  0.000241  0.000026
    -0.000137  0.000227  0.000026
    -0.000137  0.000227  0.000026
     0.002070  0.000249  0.000026
     0.010534  0.001983  0.000025
     0.025018  0.010127  0.000024
     0.041441  0.014531  0.000023
     0.043053  0.010955  0.000023
     0.044077 -0.006045  0.000021
     0.040639 -0.027202  0.000020
     0.040481 -0.044932  0.000018
     0.021199 -0.026847  0.000022
     0.001877 -0.002921  0.000026
    -0.004752  0.013461  0.000028
    -0.003585  0.030838  0.000029
     0.013291  0.043578  0.000028
     0.020387  0.052538  0.000027
     0.014684  0.047447  0.000027
    -0.007011  0.036273  0.000026
     0.000610  0.027780  0.000025
     0.004165  0.036341  0.000026
    -0.016673  0.046846  0.000027
    -0.021838  0.052620  0.000030
    -0.014107  0.044947  0.000031
     0.001778  0.031707  0.000029
     0.002516  0.013629  0.000027
    -0.004277 -0.002325  0.000026
    -0.021488 -0.026914  0.000026
    -0.042260 -0.044049  0.000028
    -0.040666 -0.027452  0.000029
    -0.042239 -0.004046  0.000030
    -0.043086  0.011758  0.000031
    -0.041719  0.013825  0.000031
    -0.026175  0.008748  0.000029
    -0.009856  0.002527  0.000027
    -0.002436  0.000414  0.000026
    -0.000137  0.000227  0.000026
    -0.000137  0.000227  0.000026
    -0.000131  0.000240  0.000026
     0.000122  0.000216  0.000026
     0.000216  0.000196  0.000026
     0.000418  0.000134  0.000026
     0.000360  0.000121  0.000026
     0.000147  0.000146  0.000026
    -0.000137  0.000227  0.000026
    -0.000137  0.000227  0.000026
     0.000212  0.000125  0.000026
     0.000137  0.000147  0.000026
     0.000099  0.000158  0.000026
     0.000274  0.000119  0.000026
     0.000499  0.000083  0.000026
     0.000538  0.000078  0.000026
     0.000553  0.000077  0.000026
     0.000484  0.000094  0.000026
     0.000519  0.000087  0.000026
     0.000556  0.000077  0.000026
     0.000600  0.000066  0.000026
     0.000457  0.000089  0.000026
     0.000065  0.000168  0.000026
    -0.000137  0.000227  0.000026
    -0.000137  0.000227  0.000026
    -0.000521  0.000080  0.000026
    -0.000689  0.000074  0.000026
    -0.000752 -0.000018  0.000026
    -0.000702 -0.000040  0.000026
    -0.000657  0.000006  0.000026
    -0.000626  0.000106  0.000026
    -0.000714  0.000089  0.000026
    -0.000701  0.000080  0.000026
    -0.000697  0.000073  0.000026
    -0.000582  0.000060  0.000026
    -0.000541  0.000049  0.000026
    -0.000398  0.000099  0.000026
    -0.000592  0.000017  0.000026
    -0.000530  0.000035  0.000026
    -0.000137  0.000227  0.000026
    -0.000498  0.000074  0.000026
    -0.000549  0.000122  0.000026
    -0.000515 -0.000144  0.000026
    -0.000303 -0.000130  0.000026
    -0.000283 -0.000113  0.000026
    -0.000276  0.000187  0.000026
    -0.000137  0.000227  0.000026
    -0.000137  0.000227  0.000026
     0.000259  0.000111  0.000026
     0.003432  0.000985  0.000025
     0.016419  0.010307  0.000025
     0.033192  0.018369  0.000024
     0.055137  0.020115  0.000022
     0.066737  0.002768  0.000019
     0.067849 -0.022348  0.000017
     0.040994 -0.031583  0.000019
     0.000216 -0.011802  0.000025
    -0.014711  0.007626  0.000028
    -0.019130  0.021008  0.000030
    -0.008415  0.028933  0.000029
     0.009978  0.037945  0.000028
     0.024095  0.044418  0.000027
     0.025183  0.045047  0.000026
     0.018207  0.030279  0.000026
    -0.000528  0.021720  0.000026
    -0.020120  0.031161  0.000028
    -0.027294  0.045196  0.000029
    -0.024390  0.045712  0.000032
    -0.009231  0.040424  0.000030
     0.009009  0.030451  0.000028
     0.016014  0.021303  0.000026
     0.014714  0.008536  0.000025
     0.000061 -0.011343  0.000025
    -0.042540 -0.031093  0.000028
    -0.066952 -0.022138  0.000028
    -0.065486  0.003839  0.000030
    -0.054509  0.019412  0.000032
    -0.032351  0.018087  0.000031
    -0.015996  0.010964  0.000028
    -0.003962  0.001424  0.000026
    -0.000674 -0.000036  0.000026
    -0.000137  0.000227  0.000026
    -0.000137  0.000227  0.000026
    -0.000090  0.000220  0.000026
     0.000153  0.000211  0.000026
     0.000197  0.000203  0.000026
     0.000459  0.000134  0.000026
     0.000335  0.000128  0.000026
     0.000190  0.000136  0.000026
    -0.000137  0.000227  0.000026
     0.000003  0.000186  0.000026
     0.000188  0.000132  0.000026
    -0.000089  0.000213  0.000026
     0.000218  0.000125  0.000026
     0.000287  0.000116  0.000026
     0.000501  0.000082  0.000026
     0.000507  0.000083  0.000026
     0.000541  0.000079  0.000026
     0.000423  0.000104  0.000026
     0.000511  0.000087  0.000026
     0.000579  0.000072  0.000026
     0.000633  0.000059  0.000026
     0.000501  0.000081  0.000026
     0.000219  0.000133  0.000026
    -0.000137  0.000227  0.000026
    -0.000137  0.000227  0.000026
    -0.000533  0.000077  0.000026
    -0.000713  0.000069  0.000026
    -0.000782  0.000038  0.000026
    -0.000760  0.000037  0.000026
    -0.000668  0.000077  0.000026
    -0.000621  0.000104  0.000026
    -0.000702  0.000090  0.000026
    -0.000730  0.000081  0.000026
    -0.000692  0.000070  0.000026
    -0.000590  0.000060  0.000026
    -0.000558  0.000047  0.000026
    -0.000486  0.000056  0.000026
    -0.000543  0.000028  0.000026
    -0.000612  0.000019  0.000026
    -0.000137  0.000227  0.000026
    -0.000466  0.000075  0.000026
    -0.000560  0.000042  0.000026
    -0.000538 -0.000093  0.000026
    -0.000346 -0.000044  0.000026
    -0.000297 -0.000059  0.000026
    -0.000301  0.000158  0.000026
    -0.000137  0.000227  0.000026
    -0.000137  0.000227  0.000026
    -0.000038  0.000198  0.000026
     0.000155  0.000142  0.000026
     0.006030  0.001640  0.000025
     0.026271  0.009804  0.000024
     0.060256  0.009122  0.000020
     0.082311  0.000190  0.000017
     0.078186 -0.013260  0.000016
     0.032363 -0.013449  0.000022
    -0.011510 -0.005372  0.000027
    -0.027342  0.003909  0.000029
    -0.024451  0.015063  0.000030
    -0.010332  0.020441  0.000029
     0.006335  0.021317  0.000027
     0.023357  0.023241  0.000026
     0.038231  0.016503  0.000023
     0.036593  0.009040  0.000023
    -0.001884  0.001941  0.000027
    -0.038985  0.011362  0.000028
    -0.041122  0.016761  0.000030
    -0.024619  0.023536  0.000030
    -0.007103  0.022255  0.000028
     0.012235  0.019122  0.000026
     0.023836  0.016522  0.000025
     0.027928  0.004560  0.000024
     0.011867 -0.006039  0.000024
    -0.032866 -0.012755  0.000029
    -0.076985 -0.013800  0.000028
    -0.082728  0.001582  0.000029
    -0.061249  0.009571  0.000032
    -0.026513  0.008802  0.000029
    -0.005570  0.002695  0.000027
    -0.000656 -0.000027  0.000026
    -0.000510  0.000045  0.000026
    -0.000157  0.000217  0.000026
    -0.000137  0.000227  0.000026
    -0.000137  0.000227  0.000026
     0.000147  0.000211  0.000026
     0.000229  0.000198  0.000026
     0.000469  0.000132  0.000026
     0.000384  0.000122  0.000026
     0.000104  0.000157  0.000026
    -0.000137  0.000227  0.000026
     0.000299  0.000101  0.000026
     0.000003  0.000186  0.000026
    -0.000020  0.000193  0.000026
     0.000241  0.000120  0.000026
     0.000303  0.000113  0.000026
     0.000493  0.000082  0.000026
     0.000573  0.000071  0.000026
     0.000521  0.000083  0.000026
     0.000408  0.000106  0.000026
     0.000504  0.000088  0.000026
     0.000632  0.000061  0.000026
     0.000656  0.000053  0.000026
     0.000532  0.000074  0.000026
     0.000233  0.000129  0.000026
    -0.000137  0.000227  0.000026
    -0.000137  0.000227  0.000026
    -0.000544  0.000075  0.000026
    -0.000729  0.000065  0.000026
    -0.000803  0.000068  0.000026
    -0.000783  0.000079  0.000026
    -0.000669  0.000095  0.000026
    -0.000625  0.000102  0.000026
    -0.000622  0.000100  0.000026
    -0.000733  0.000080  0.000026
    -0.000677  0.000071  0.000026
    -0.000597  0.000062  0.000026
    -0.000570  0.000043  0.000026
    -0.000534  0.000033  0.000026
    -0.000613  0.000002  0.000026
    -0.000623  0.000019  0.000026
    -0.000285  0.000155  0.000026
    -0.000495  0.000070  0.000026
    -0.000608  0.000137  0.000026
    -0.000592  0.000051  0.000026
    -0.000398  0.000109  0.000026
    -0.000376  0.000194  0.000026
    -0.000324  0.000136  0.000026
    -0.000137  0.000227  0.000026
    -0.000137  0.000227  0.000026
     0.000302  0.000099  0.000026
    -0.000137  0.000227  0.000026
     0.002511 -0.000531  0.000025
     0.022198  0.000330  0.000024
     0.059404 -0.000668  0.000020
     0.086039 -0.001287  0.000016
     0.082072 -0.000018  0.000016
     0.030998 -0.001604  0.000023
    -0.015203  0.000739  0.000028
    -0.033230  0.000262  0.000029
    -0.027940  0.000752  0.000029
    -0.010331  0.000440  0.000027
     0.003318 -0.000011  0.000025
     0.025847  0.000358  0.000023
     0.041796 -0.000886  0.000022
     0.039632 -0.000060  0.000022
    -0.001693 -0.000846  0.000026
    -0.041678  0.001165  0.000028
    -0.042116  0.000467  0.000030
    -0.026284  0.000542  0.000029
    -0.003695  0.000766  0.000026
     0.009596  0.000590  0.000025
     0.026596 -0.000027  0.000023
     0.031958  0.000785  0.000023
     0.016019  0.001211  0.000025
    -0.030082  0.001125  0.000029
    -0.081993  0.000333  0.000028
    -0.085600  0.000719  0.000029
    -0.060845  0.001077  0.000032
    -0.024458 -0.000454  0.000028
    -0.002634 -0.000084  0.000026
    -0.000137  0.000227  0.000026
    -0.000765 -0.000080  0.000026
    -0.000153  0.000219  0.000026
    -0.000137  0.000227  0.000026
    -0.000137  0.000227  0.000026
     0.000176  0.000200  0.000026
     0.000263  0.000192  0.000026
     0.000500  0.000124  0.000026
     0.000420  0.000115  0.000026
     0.000158  0.000142  0.000026
    -0.000137  0.000227  0.000026
     0.000315  0.000099  0.000026
     0.000164  0.000139  0.000026
     0.000012  0.000183  0.000026
     0.000251  0.000117  0.000026
     0.000323  0.000110  0.000026
     0.000471  0.000086  0.000026
     0.000576  0.000070  0.000026
     0.000406  0.000106  0.000026
     0.000410  0.000105  0.000026
     0.000481  0.000091  0.000026
     0.000647  0.000057  0.000026
     0.000670  0.000050  0.000026
     0.000546  0.000071  0.000026
     0.000246  0.000127  0.000026
    -0.000137  0.000227  0.000026
    -0.000137  0.000227  0.000026
    -0.000548  0.000073  0.000026
    -0.000736  0.000062  0.000026
    -0.000820  0.000063  0.000026
    -0.000801  0.000072  0.000026
    -0.000725  0.000084  0.000026
    -0.000630  0.000101  0.000026
    -0.000673  0.000099  0.000026
    -0.000730  0.000081  0.000026
    -0.000681  0.000074  0.000026
    -0.000571  0.000066  0.000026
    -0.000572  0.000041  0.000026
    -0.000521  0.000039  0.000026
    -0.000495  0.000052  0.000026
    -0.000624  0.000014  0.000026
    -0.000219  0.000187  0.000026
    -0.000531  0.000054  0.000026
    -0.000652  0.000119  0.000026
    -0.000639  0.000193  0.000026
    -0.000462  0.000283  0.000026
    -0.000450  0.000267  0.000026
    -0.000358  0.000138  0.000026
    -0.000137  0.000227  0.000026
    -0.000126  0.000224  0.000026
    -0.000137  0.000227  0.000026
     0.000133  0.000148  0.000026
     0.005308 -0.003369  0.000025
     0.025782 -0.009335  0.000022
     0.061506 -0.011956  0.000019
     0.082632 -0.003215  0.000016
     0.078873  0.012954  0.000018
     0.033151  0.013997  0.000024
    -0.011961  0.007011  0.000028
    -0.027516 -0.003602  0.000029
    -0.023911 -0.014613  0.000027
    -0.011213 -0.019377  0.000025
     0.005744 -0.019830  0.000024
     0.024526 -0.023119  0.000022
     0.040135 -0.016204  0.000021
     0.036005 -0.010627  0.000021
    -0.001894 -0.003298  0.000026
    -0.038075 -0.011280  0.000028
    -0.041183 -0.017039  0.000029
    -0.023040 -0.023242  0.000026
    -0.006563 -0.021348  0.000025
     0.010026 -0.018099  0.000023
     0.023070 -0.014044  0.000022
     0.027955 -0.003033  0.000023
     0.011739  0.006456  0.000025
    -0.032129  0.013498  0.000030
    -0.077640  0.015236  0.000028
    -0.082985 -0.000731  0.000029
    -0.060953 -0.009145  0.000031
    -0.027255 -0.008185  0.000028
    -0.006221 -0.002366  0.000026
    -0.000684 -0.000041  0.000026
    -0.000309  0.000143  0.000026
    -0.000374  0.000111  0.000026
    -0.000137  0.000227  0.000026
    -0.000075  0.000209  0.000026
     0.000236  0.000186  0.000026
     0.000289  0.000181  0.000026
     0.000520  0.000118  0.000026
     0.000452  0.000106  0.000026
     0.000184  0.000134  0.000026
    -0.000137  0.000227  0.000026
     0.000306  0.000099  0.000026
    -0.000019  0.000193  0.000026
    -0.000014  0.000191  0.000026
     0.000250  0.000117  0.000026
     0.000288  0.000117  0.000026
     0.000486  0.000084  0.000026
     0.000574  0.000071  0.000026
     0.000499  0.000088  0.000026
     0.000416  0.000104  0.000026
     0.000545  0.000077  0.000026
     0.000661  0.000053  0.000026
     0.000682  0.000046  0.000026
     0.000549  0.000070  0.000026
     0.000248  0.000126  0.000026
    -0.000137  0.000227  0.000026
    -0.000137  0.000227  0.000026
    -0.000547  0.000071  0.000026
    -0.000731  0.000060  0.000026
    -0.000828  0.000058  0.000026
    -0.000802  0.000066  0.000026
    -0.000751  0.000078  0.000026
    -0.000656  0.000097  0.000026
    -0.000688  0.000097  0.000026
    -0.000658  0.000094  0.000026
    -0.000686  0.000077  0.000026
    -0.000557  0.000068  0.000026
    -0.000560  0.000042  0.000026
    -0.000503  0.000048  0.000026
    -0.000597  0.000015  0.000026
    -0.000480  0.000059  0.000026
    -0.000299  0.000147  0.000026
    -0.000582  0.000048  0.000026
    -0.000619  0.000112  0.000026
    -0.000699  0.000183  0.000026
    -0.000525  0.000253  0.000026
    -0.000508  0.000253  0.000026
    -0.000401  0.000144  0.000026
    -0.000137  0.000227  0.000026
    -0.000137  0.000227  0.000026
     0.000230  0.000120  0.000026
     0.004166 -0.001277  0.000025
     0.016072 -0.010191  0.000023
     0.035023 -0.019804  0.000021
     0.055546 -0.021042  0.000019
     0.067525 -0.005789  0.000018
     0.066795  0.023436  0.000020
     0.042505  0.032352  0.000023
    -0.001666  0.011913  0.000027
    -0.015062 -0.006817  0.000027
    -0.017300 -0.020473  0.000026
    -0.008906 -0.030827  0.000024
     0.008288 -0.038301  0.000022
     0.024761 -0.045187  0.000020
     0.025848 -0.045621  0.000020
     0.019051 -0.029992  0.000022
    -0.001731 -0.023026  0.000025
    -0.018910 -0.029606  0.000027
    -0.028745 -0.045273  0.000027
    -0.024864 -0.045339  0.000025
    -0.009695 -0.040827  0.000024
     0.008437 -0.030285  0.000023
     0.018136 -0.021733  0.000022
     0.014839 -0.007097  0.000024
    -0.000937  0.011508  0.000027
    -0.041793  0.031617  0.000029
    -0.067407  0.023654  0.000028
    -0.066028 -0.003350  0.000029
    -0.054839 -0.020683  0.000030
    -0.035395 -0.017127  0.000028
    -0.017098 -0.010480  0.000027
    -0.003975 -0.001354  0.000026
    -0.000647 -0.000023  0.000026
    -0.000137  0.000227  0.000026
    -0.000137  0.000227  0.000026
     0.000011  0.000193  0.000026
     0.000297  0.000172  0.000026
     0.000337  0.000165  0.000026
     0.000573  0.000103  0.000026
     0.000390  0.000114  0.000026
     0.000258  0.000119  0.000026
    -0.000137  0.000227  0.000026
    -0.000023  0.000194  0.000026
     0.000185  0.000133  0.000026
    -0.000051  0.000202  0.000026
     0.000230  0.000121  0.000026
     0.000268  0.000121  0.000026
     0.000497  0.000083  0.000026
     0.000476  0.000091  0.000026
     0.000522  0.000084  0.000026
     0.000448  0.000097  0.000026
     0.000574  0.000071  0.000026
     0.000643  0.000055  0.000026
     0.000684  0.000045  0.000026
     0.000534  0.000072  0.000026
     0.000241  0.000127  0.000026
    -0.000137  0.000227  0.000026
    -0.000137  0.000227  0.000026
    -0.000472  0.000080  0.000026
    -0.000718  0.000058  0.000026
    -0.000828  0.000053  0.000026
    -0.000815  0.000060  0.000026
    -0.000779  0.000072  0.000026
    -0.000728  0.000085  0.000026
    -0.000703  0.000095  0.000026
    -0.000677  0.000094  0.000026
    -0.000679  0.000082  0.000026
    -0.000555  0.000069  0.000026
    -0.000525  0.000046  0.000026
    -0.000578  0.000018  0.000026
    -0.000608  0.000015  0.000026
    -0.000321  0.000137  0.000026
    -0.000296  0.000149  0.000026
    -0.000593  0.000043  0.000026
    -0.000677  0.000088  0.000026
    -0.000725  0.000148  0.000026
    -0.000604  0.000220  0.000026
    -0.000566  0.000223  0.000026
    -0.000466  0.000148  0.000026
    -0.000137  0.000227  0.000026
    -0.000137  0.000227  0.000026
     0.002254 -0.000471  0.000025
     0.010179 -0.003543  0.000024
     0.025071 -0.008414  0.000023
     0.041431 -0.014905  0.000020
     0.044506 -0.013565  0.000020
     0.043792  0.003816  0.000022
     0.040730  0.028286  0.000024
     0.041059  0.044589  0.000024
     0.020818  0.026930  0.000026
     0.001445  0.004244  0.000026
    -0.004178 -0.013655  0.000025
    -0.003166 -0.031823  0.000024
     0.014098 -0.044438  0.000021
     0.022123 -0.052079  0.000020
     0.017400 -0.046432  0.000021
    -0.006914 -0.035391  0.000025
    -0.000589 -0.028398  0.000025
     0.003277 -0.035656  0.000024
    -0.017441 -0.045950  0.000026
    -0.023300 -0.052430  0.000025
    -0.013270 -0.043535  0.000024
     0.001979 -0.032338  0.000023
     0.003396 -0.014608  0.000025
    -0.004111  0.004182  0.000027
    -0.020008  0.027020  0.000030
    -0.041360  0.044722  0.000029
    -0.040459  0.026990  0.000030
    -0.042896  0.004935  0.000031
    -0.043022 -0.011259  0.000029
    -0.042647 -0.013861  0.000029
    -0.026490 -0.008189  0.000028
    -0.010714 -0.002003  0.000027
    -0.002566 -0.000428  0.000026
    -0.000137  0.000227  0.000026
    -0.000137  0.000227  0.000026
     0.000084  0.000183  0.000026
     0.000334  0.000158  0.000026
     0.000416  0.000143  0.000026
     0.000567  0.000095  0.000026
     0.000449  0.000097  0.000026
     0.000256  0.000119  0.000026
    -0.000137  0.000227  0.000026
    -0.000137  0.000227  0.000026
     0.000234  0.000119  0.000026
     0.000123  0.000151  0.000026
     0.000088  0.000161  0.000026
     0.000265  0.000122  0.000026
     0.000490  0.000085  0.000026
     0.000508  0.000085  0.000026
     0.000546  0.000079  0.000026
     0.000539  0.000079  0.000026
     0.000605  0.000064  0.000026
     0.000652  0.000052  0.000026
     0.000672  0.000046  0.000026
     0.000506  0.000077  0.000026
     0.000102  0.000157  0.000026
    -0.000137  0.000227  0.000026
    -0.000137  0.000227  0.000026
    -0.000464  0.000080  0.000026
    -0.000706  0.000057  0.000026
    -0.000813  0.000050  0.000026
    -0.000833  0.000054  0.000026
    -0.000805  0.000066  0.000026
    -0.000773  0.000078  0.000026
    -0.000745  0.000089  0.000026
    -0.000687  0.000094  0.000026
    -0.000598  0.000095  0.000026
    -0.000551  0.000073  0.000026
    -0.000418  0.000090  0.000026
    -0.000504  0.000047  0.000026
    -0.000606  0.000016  0.000026
    -0.000376  0.000110  0.000026
    -0.000137  0.000227  0.000026
    -0.000609  0.000034  0.000026
    -0.000690  0.000081  0.000026
    -0.000711  0.000123  0.000026
    -0.000659  0.000179  0.000026
    -0.000646  0.000186  0.000026
    -0.000511  0.000163  0.000026
    -0.000399  0.000126  0.000026
    -0.000137  0.000227  0.000026
     0.003082  0.000176  0.000025
     0.013601  0.001226  0.000024
     0.029365  0.001676  0.000023
     0.043047  0.005190  0.000022
     0.033784  0.013293  0.000024
     0.021658  0.028514  0.000026
     0.018244  0.049859  0.000028
     0.033572  0.062455  0.000027
     0.038154  0.059991  0.000026
     0.027661  0.041369  0.000026
     0.017055  0.016764  0.000026
     0.013144 -0.006320  0.000024
     0.022611 -0.021115  0.000022
     0.020270 -0.025196  0.000022
    -0.003078 -0.014163  0.000025
    -0.018575 -0.001090  0.000028
     0.001476  0.006410  0.000027
     0.017878 -0.000456  0.000024
     0.002790 -0.015725  0.000025
    -0.021462 -0.023851  0.000027
    -0.024407 -0.021832  0.000027
    -0.013199 -0.005446  0.000027
    -0.019059  0.014749  0.000029
    -0.026714  0.039739  0.000031
    -0.038513  0.058036  0.000030
    -0.034225  0.061370  0.000031
    -0.018667  0.049109  0.000032
    -0.021601  0.028098  0.000031
    -0.033720  0.014157  0.000031
    -0.043342  0.005491  0.000031
    -0.029647  0.002952  0.000029
    -0.014324  0.000423  0.000027
    -0.003391  0.000338  0.000026
    -0.000137  0.000227  0.000026
    -0.000008  0.000190  0.000026
     0.000161  0.000175  0.000026
     0.000401  0.000137  0.000026
     0.000462  0.000123  0.000026
     0.000515  0.000097  0.000026
     0.000448  0.000097  0.000026
     0.000270  0.000114  0.000026
    -0.000137  0.000227  0.000026
    -0.000137  0.000227  0.000026
     0.000247  0.000115  0.000026
    -0.000005  0.000189  0.000026
    -0.000097  0.000215  0.000026
     0.000260  0.000124  0.000026
     0.000378  0.000109  0.000026
     0.000521  0.000083  0.000026
     0.000594  0.000069  0.000026
     0.000598  0.000067  0.000026
     0.000635  0.000057  0.000026
     0.000669  0.000048  0.000026
     0.000633  0.000053  0.000026
     0.000479  0.000081  0.000026
     0.000055  0.000171  0.000026
    -0.000137  0.000227  0.000026
    -0.000137  0.000227  0.000026
    -0.000449  0.000080  0.000026
    -0.000690  0.000056  0.000026
    -0.000785  0.000049  0.000026
    -0.000844  0.000050  0.000026
    -0.000831  0.000060  0.000026
    -0.000877  0.000067  0.000026
    -0.000818  0.000080  0.000026
    -0.000713  0.000091  0.000026
    -0.000620  0.000094  0.000026
    -0.000546  0.000078  0.000026
    -0.000273  0.000160  0.000026
    -0.000435  0.000081  0.000026
    -0.000528  0.000036  0.000026
    -0.000294  0.000150  0.000026
    -0.000314  0.000140  0.000026
    -0.000568  0.000031  0.000026
    -0.000688  0.000065  0.000026
    -0.000744  0.000115  0.000026
    -0.000711  0.000126  0.000026
    -0.000611  0.000172  0.000026
    -0.000553  0.000161  0.000026
    -0.000512  0.000138  0.000026
    -0.000396  0.000100  0.000026
     0.002381  0.001073  0.000026
     0.011804  0.004720  0.000025
     0.023589  0.013565  0.000025
     0.033622  0.025917  0.000025
     0.022265  0.036699  0.000027
     0.009058  0.047271  0.000029
     0.005484  0.056991  0.000030
     0.024301  0.062835  0.000028
     0.040445  0.070425  0.000026
     0.046676  0.070734  0.000025
     0.052243  0.053400  0.000023
     0.046926  0.027933  0.000022
     0.032089  0.007380  0.000023
     0.009423  0.009050  0.000026
    -0.011377  0.017297  0.000029
    -0.016219  0.020044  0.000029
    -0.000840  0.021727  0.000028
     0.016908  0.020174  0.000026
     0.009877  0.017124  0.000027
    -0.010641  0.010209  0.000028
    -0.032810  0.009131  0.000028
    -0.047324  0.028268  0.000027
    -0.052379  0.052313  0.000028
    -0.046946  0.069236  0.000029
    -0.040381  0.070955  0.000031
    -0.027525  0.063209  0.000033
    -0.006560  0.056728  0.000031
    -0.008609  0.047331  0.000031
    -0.024824  0.035283  0.000032
    -0.032256  0.025308  0.000031
    -0.025038  0.012415  0.000029
    -0.011504  0.005285  0.000027
    -0.002719  0.001211  0.000026
    -0.000080  0.000210  0.000026
     0.000162  0.000164  0.000026
     0.000229  0.000162  0.000026
     0.000333  0.000145  0.000026
     0.000486  0.000104  0.000026
     0.000543  0.000090  0.000026
     0.000413  0.000098  0.000026
     0.000142  0.000146  0.000026
    -0.000137  0.000227  0.000026
    -0.000137  0.000227  0.000026
    -0.000020  0.000193  0.000026
    -0.000068  0.000207  0.000026
    -0.000137  0.000227  0.000026
     0.000257  0.000126  0.000026
     0.000407  0.000103  0.000026
     0.000554  0.000077  0.000026
     0.000697  0.000049  0.000026
     0.000758  0.000035  0.000026
     0.000664  0.000051  0.000026
     0.000677  0.000046  0.000026
     0.000585  0.000061  0.000026
     0.000447  0.000087  0.000026
    -0.000031  0.000196  0.000026
    -0.000137  0.000227  0.000026
    -0.000137  0.000227  0.000026
    -0.000399  0.000099  0.000026
    -0.000662  0.000057  0.000026
    -0.000750  0.000050  0.000026
    -0.000844  0.000046  0.000026
    -0.000857  0.000053  0.000026
    -0.000926  0.000058  0.000026
    -0.000892  0.000071  0.000026
    -0.000780  0.000082  0.000026
    -0.000638  0.000093  0.000026
    -0.000471  0.000094  0.000026
    -0.000475  0.000066  0.000026
    -0.000285  0.000155  0.000026
    -0.000313  0.000141  0.000026
    -0.000137  0.000227  0.000026
    -0.000142  0.000225  0.000026
    -0.000639  0.000018  0.000026
    -0.000690  0.000046  0.000026
    -0.000748  0.000096  0.000026
    -0.000690  0.000133  0.000026
    -0.000656  0.000159  0.000026
    -0.000633  0.000141  0.000026
    -0.000554  0.000153  0.000026
    -0.000526  0.000106  0.000026
     0.000499  0.001489  0.000026
     0.006980  0.005956  0.000026
     0.016116  0.014882  0.000025
     0.019552  0.024257  0.000026
     0.012645  0.035577  0.000028
     0.003145  0.039119  0.000029
     0.001004  0.038183  0.000029
     0.018112  0.043882  0.000028
     0.036707  0.052877  0.000026
     0.059894  0.055509  0.000023
     0.074354  0.043558  0.000020
     0.072951  0.018785  0.000019
     0.035709  0.004292  0.000022
    -0.002340  0.009693  0.000027
    -0.014293  0.018048  0.000029
    -0.018652  0.023757  0.000030
     0.001354  0.025348  0.000028
     0.015698  0.025646  0.000027
     0.014554  0.019228  0.000026
    -0.000305  0.009842  0.000027
    -0.035947  0.006397  0.000028
    -0.073785  0.018255  0.000027
    -0.075667  0.042963  0.000028
    -0.058089  0.056149  0.000030
    -0.035793  0.055499  0.000033
    -0.018653  0.045388  0.000032
    -0.002549  0.037257  0.000029
    -0.003122  0.038082  0.000029
    -0.012947  0.034733  0.000030
    -0.018320  0.025022  0.000030
    -0.015901  0.015965  0.000029
    -0.006938  0.007167  0.000027
    -0.000885  0.001532  0.000026
     0.000220  0.000143  0.000026
     0.000266  0.000150  0.000026
     0.000340  0.000137  0.000026
     0.000392  0.000131  0.000026
     0.000435  0.000116  0.000026
     0.000524  0.000088  0.000026
     0.000397  0.000096  0.000026
     0.000288  0.000107  0.000026
    -0.000137  0.000227  0.000026
    -0.000137  0.000227  0.000026
    -0.000137  0.000227  0.000026
    -0.000137  0.000227  0.000026
     0.000032  0.000178  0.000026
     0.000156  0.000148  0.000026
     0.000427  0.000100  0.000026
     0.000635  0.000061  0.000026
     0.000799  0.000029  0.000026
     0.000821  0.000022  0.000026
     0.000692  0.000045  0.000026
     0.000667  0.000047  0.000026
     0.000528  0.000072  0.000026
     0.000398  0.000096  0.000026
    -0.000137  0.000227  0.000026
    -0.000137  0.000227  0.000026
    -0.000137  0.000227  0.000026
    -0.000275  0.000159  0.000026
    -0.000553  0.000070  0.000026
    -0.000733  0.000049  0.000026
    -0.000833  0.000044  0.000026
    -0.000875  0.000048  0.000026
    -0.000971  0.000049  0.000026
    -0.000960  0.000061  0.000026
    -0.000812  0.000078  0.000026
    -0.000694  0.000085  0.000026
    -0.000500  0.000094  0.000026
    -0.000350  0.000123  0.000026
    -0.000137  0.000227  0.000026
    -0.000142  0.000225  0.000026
    -0.000137  0.000227  0.000026
    -0.000137  0.000227  0.000026
    -0.000631  0.000005  0.000026
    -0.000692  0.000045  0.000026
    -0.000756  0.000065  0.000026
    -0.000684  0.000121  0.000026
    -0.000637  0.000168  0.000026
    -0.000649  0.000174  0.000026
    -0.000581  0.000187  0.000026
    -0.000453  0.000208  0.000026
    -0.000495  0.000892  0.000026
     0.002110  0.003350  0.000026
     0.007452  0.010049  0.000026
     0.009903  0.016320  0.000026
     0.004182  0.019033  0.000027
    -0.001649  0.018846  0.000028
    -0.001772  0.017935  0.000028
     0.009322  0.018977  0.000026
     0.029202  0.025738  0.000025
     0.063990  0.026597  0.000021
     0.086927  0.020537  0.000017
     0.080485  0.007118  0.000017
     0.029852  0.001031  0.000023
    -0.008295  0.003516  0.000027
    -0.021402  0.009360  0.000029
    -0.017036  0.014651  0.000029
    -0.001484  0.013040  0.000027
     0.016809  0.015058  0.000025
     0.021017  0.009358  0.000025
     0.006612  0.003586  0.000026
    -0.029983  0.003248  0.000029
    -0.080166  0.007679  0.000027
    -0.088318  0.021508  0.000028
    -0.065359  0.025960  0.000031
    -0.029758  0.027349  0.000031
    -0.009762  0.020962  0.000029
    -0.001661  0.017662  0.000027
    -0.002332  0.018561  0.000028
    -0.005883  0.019401  0.000028
    -0.009535  0.017673  0.000028
    -0.007882  0.011396  0.000028
    -0.002636  0.003325  0.000026
     0.000048  0.000516  0.000026
     0.000205  0.000174  0.000026
     0.000349  0.000145  0.000026
     0.000388  0.000137  0.000026
     0.000350  0.000142  0.000026
     0.000409  0.000117  0.000026
     0.000501  0.000084  0.000026
     0.000390  0.000098  0.000026
     0.000191  0.000131  0.000026
    -0.000137  0.000227  0.000026
    -0.000137  0.000227  0.000026
    -0.000137  0.000227  0.000026
    -0.000137  0.000227  0.000026
    -0.000109  0.000219  0.000026
     0.000198  0.000141  0.000026
     0.000488  0.000088  0.000026
     0.000673  0.000053  0.000026
     0.000888  0.000011  0.000026
     0.000876  0.000011  0.000026
     0.000710  0.000040  0.000026
     0.000644  0.000050  0.000026
     0.000495  0.000077  0.000026
     0.000233  0.000128  0.000026
    -0.000137  0.000227  0.000026
    -0.000137  0.000227  0.000026
    -0.000137  0.000227  0.000026
    -0.000139  0.000226  0.000026
    -0.000523  0.000072  0.000026
    -0.000706  0.000050  0.000026
    -0.000808  0.000044  0.000026
    -0.000876  0.000044  0.000026
    -0.001007  0.000041  0.000026
    -0.001018  0.000051  0.000026
    -0.000876  0.000069  0.000026
    -0.000726  0.000081  0.000026
    -0.000562  0.000089  0.000026
    -0.000459  0.000083  0.000026
    -0.000137  0.000227  0.000026
    -0.000137  0.000227  0.000026
    -0.000137  0.000227  0.000026
    -0.000137  0.000227  0.000026
    -0.000391  0.000103  0.000026
    -0.000716  0.000031  0.000026
    -0.000721  0.000067  0.000026
    -0.000682  0.000104  0.000026
    -0.000670  0.000138  0.000026
    -0.000618  0.000225  0.000026
    -0.000545  0.000254  0.000026
    -0.000503  0.000252  0.000026
    -0.000319  0.000232  0.000026
    -0.000299  0.001351  0.000026
     0.002329  0.003130  0.000026
     0.002639  0.005411  0.000026
     0.001774  0.005798  0.000026
     0.000244  0.002931  0.000026
    -0.000342  0.001621  0.000026
     0.003349  0.000971  0.000025
     0.026628  0.005753  0.000024
     0.064084  0.005567  0.000020
     0.087181  0.004907  0.000016
     0.078316  0.007116  0.000017
     0.025899  0.003987  0.000024
    -0.009285  0.003438  0.000027
    -0.021582  0.000036  0.000028
    -0.016727 -0.002350  0.000027
     0.000094 -0.001826  0.000026
     0.015195 -0.002855  0.000024
     0.021031  0.000462  0.000024
     0.007915  0.004075  0.000026
    -0.027177  0.004907  0.000029
    -0.078251  0.008183  0.000028
    -0.087980  0.008348  0.000029
    -0.065978  0.007926  0.000032
    -0.027482  0.004523  0.000029
    -0.004195  0.001649  0.000026
    -0.000343  0.001627  0.000026
    -0.001044  0.002837  0.000026
    -0.003045  0.006037  0.000027
    -0.004430  0.006275  0.000027
    -0.003118  0.003144  0.000026
    -0.000300  0.001355  0.000026
     0.000001  0.000217  0.000026
     0.000292  0.000173  0.000026
     0.000321  0.000171  0.000026
     0.000372  0.000155  0.000026
     0.000371  0.000130  0.000026
     0.000388  0.000117  0.000026
     0.000437  0.000096  0.000026
     0.000401  0.000092  0.000026
    -0.000137  0.000227  0.000026
    -0.000137  0.000227  0.000026
    -0.000137  0.000227  0.000026
    -0.000137  0.000227  0.000026
    -0.000137  0.000227  0.000026
     0.000107  0.000156  0.000026
     0.000271  0.000127  0.000026
     0.000528  0.000080  0.000026
     0.000758  0.000036  0.000026
     0.000961 -0.000004  0.000026
     0.000916  0.000002  0.000026
     0.000703  0.000040  0.000026
     0.000602  0.000058  0.000026
     0.000449  0.000086  0.000026
     0.000185  0.000138  0.000026
    -0.000137  0.000227  0.000026
    -0.000137  0.000227  0.000026
    -0.000137  0.000227  0.000026
    -0.000137  0.000227  0.000026
    -0.000474  0.000075  0.000026
    -0.000666  0.000053  0.000026
    -0.000789  0.000043  0.000026
    -0.000863  0.000042  0.000026
    -0.001031  0.000034  0.000026
    -0.001069  0.000041  0.000026
    -0.000941  0.000059  0.000026
    -0.000748  0.000078  0.000026
    -0.000609  0.000086  0.000026
    -0.000509  0.000080  0.000026
    -0.000137  0.000227  0.000026
    -0.000137  0.000227  0.000026
    -0.000137  0.000227  0.000026
    -0.000137  0.000227  0.000026
    -0.000137  0.000227  0.000026
    -0.000670  0.000010  0.000026
    -0.000751  0.000056  0.000026
    -0.000654  0.000106  0.000026
    -0.000681  0.000129  0.000026
    -0.000610  0.000239  0.000026
    -0.000582  0.000283  0.000026
    -0.000507  0.000293  0.000026
    -0.000353  0.000280  0.000026
    -0.000137  0.000227  0.000026
     0.000819  0.000032  0.000026
     0.001784  0.000262  0.000026
     0.001477  0.000423  0.000026
     0.000185  0.000500  0.000026
     0.000482  0.000047  0.000026
     0.005916 -0.004077  0.000025
     0.025054 -0.007360  0.000023
     0.060443 -0.002754  0.000020
     0.083375  0.008361  0.000017
     0.078110  0.016870  0.000018
     0.031702  0.010436  0.000024
    -0.004871  0.001929  0.000027
    -0.016454 -0.009754  0.000027
    -0.010665 -0.017057  0.000026
     0.000737 -0.017494  0.000024
     0.010206 -0.015375  0.000024
     0.016286 -0.008174  0.000024
     0.003501  0.002540  0.000026
    -0.032116  0.010066  0.000030
    -0.078633  0.018267  0.000028
    -0.085283  0.010509  0.000029
    -0.061821 -0.000549  0.000032
    -0.026923 -0.005934  0.000028
    -0.006818 -0.002342  0.000026
    -0.000924 -0.000158  0.000026
    -0.000790  0.000732  0.000026
    -0.002067  0.000694  0.000026
    -0.002183  0.000622  0.000026
    -0.001229  0.000270  0.000026
    -0.000137  0.000227  0.000026
     0.000054  0.000223  0.000026
     0.000301  0.000186  0.000026
     0.000378  0.000171  0.000026
     0.000374  0.000159  0.000026
     0.000370  0.000129  0.000026
     0.000335  0.000127  0.000026
     0.000461  0.000089  0.000026
     0.000318  0.000100  0.000026
    -0.000137  0.000227  0.000026
    -0.000137  0.000227  0.000026
    -0.000137  0.000227  0.000026
    -0.000137  0.000227  0.000026
    -0.000137  0.000227  0.000026
     0.000181  0.000140  0.000026
     0.000333  0.000116  0.000026
     0.000551  0.000075  0.000026
     0.000839  0.000020  0.000026
     0.001021 -0.000016  0.000026
     0.000941 -0.000004  0.000026
     0.000678  0.000044  0.000026
     0.000568  0.000064  0.000026
     0.000388  0.000098  0.000026
     0.000032  0.000178  0.000026
    -0.000137  0.000227  0.000026
    -0.000137  0.000227  0.000026
    -0.000137  0.000227  0.000026
    -0.000137  0.000227  0.000026
    -0.000399  0.000099  0.000026
    -0.000560  0.000067  0.000026
    -0.000757  0.000045  0.000026
    -0.000847  0.000040  0.000026
    -0.001034  0.000029  0.000026
    -0.001122  0.000031  0.000026
    -0.001008  0.000048  0.000026
    -0.000820  0.000068  0.000026
    -0.000660  0.000082  0.000026
    -0.000526  0.000080  0.000026
    -0.000296  0.000149  0.000026
    -0.000137  0.000227  0.000026
    -0.000137  0.000227  0.000026
    -0.000137  0.000227  0.000026
    -0.000137  0.000227  0.000026
    -0.000464  0.000067  0.000026
    -0.000720  0.000041  0.000026
    -0.000666  0.000091  0.000026
    -0.000566  0.000145  0.000026
    -0.000637  0.000236  0.000026
    -0.000592  0.000313  0.000026
    -0.000551  0.000336  0.000026
    -0.000366  0.000315  0.000026
    -0.000315  0.000211  0.000026
     0.000235  0.000118  0.000026
     0.001490 -0.000010  0.000026
     0.001069  0.000578  0.000026
     0.001686  0.000449  0.000026
     0.004868 -0.001036  0.000025
     0.016161 -0.009779  0.000023
     0.031194 -0.016348  0.000021
     0.052810 -0.016571  0.000019
     0.067434  0.000341  0.000019
     0.077990  0.030443  0.000019
     0.048598  0.025385  0.000022
     0.009661  0.002508  0.000025
    -0.007120 -0.011165  0.000026
    -0.008095 -0.018934  0.000025
    -0.002120 -0.020014  0.000025
     0.005598 -0.018437  0.000024
     0.004961 -0.010510  0.000025
    -0.010049  0.002405  0.000027
    -0.048929  0.023839  0.000029
    -0.079989  0.030420  0.000028
    -0.067364  0.003350  0.000029
    -0.052775 -0.014608  0.000030
    -0.030890 -0.015304  0.000028
    -0.017015 -0.009710  0.000027
    -0.004902 -0.000852  0.000026
    -0.002112  0.000666  0.000026
    -0.001680  0.000853  0.000026
    -0.001873  0.000380  0.000026
    -0.000657  0.000094  0.000026
    -0.000085  0.000228  0.000026
     0.000058  0.000237  0.000026
     0.000349  0.000192  0.000026
     0.000377  0.000182  0.000026
     0.000393  0.000156  0.000026
     0.000216  0.000160  0.000026
     0.000326  0.000125  0.000026
     0.000407  0.000094  0.000026
    -0.000137  0.000227  0.000026
    -0.000137  0.000227  0.000026
    -0.000137  0.000227  0.000026
    -0.000137  0.000227  0.000026
    -0.000137  0.000227  0.000026
    -0.000137  0.000227  0.000026
     0.000193  0.000139  0.000026
     0.000401  0.000104  0.000026
     0.000645  0.000057  0.000026
     0.000923  0.000003  0.000026
     0.001084 -0.000030  0.000026
     0.000934 -0.000004  0.000026
     0.000648  0.000049  0.000026
     0.000515  0.000073  0.000026
     0.000234  0.000128  0.000026
    -0.000137  0.000227  0.000026
    -0.000137  0.000227  0.000026
    -0.000137  0.000227  0.000026
    -0.000137  0.000227  0.000026
    -0.000137  0.000227  0.000026
    -0.000184  0.000204  0.000026
    -0.000527  0.000069  0.000026
    -0.000710  0.000049  0.000026
    -0.000825  0.000040  0.000026
    -0.001008  0.000028  0.000026
    -0.001140  0.000024  0.000026
    -0.001076  0.000037  0.000026
    -0.000899  0.000058  0.000026
    -0.000769  0.000072  0.000026
    -0.000582  0.000080  0.000026
    -0.000403  0.000097  0.000026
    -0.000137  0.000227  0.000026
    -0.000137  0.000227  0.000026
    -0.000137  0.000227  0.000026
    -0.000137  0.000227  0.000026
    -0.000137  0.000227  0.000026
    -0.000665  0.000017  0.000026
    -0.000656  0.000064  0.000026
    -0.000605  0.000137  0.000026
    -0.000583  0.000231  0.000026
    -0.000524  0.000310  0.000026
    -0.000552  0.000360  0.000026
    -0.000399  0.000374  0.000026
    -0.000331  0.000299  0.000026
    -0.000137  0.000227  0.000026
     0.000752 -0.000032  0.000026
     0.001421  0.000165  0.000026
     0.004156 -0.000530  0.000025
     0.013143 -0.004584  0.000024
     0.023824 -0.009716  0.000023
     0.037305 -0.016655  0.000021
     0.042382 -0.011070  0.000021
     0.042233  0.005834  0.000022
     0.056638  0.035077  0.000022
     0.066119  0.043687  0.000021
     0.036004  0.027520  0.000024
     0.005501  0.006174  0.000026
    -0.002825 -0.003721  0.000026
    -0.001325 -0.006559  0.000026
     0.000167 -0.003850  0.000026
    -0.006837  0.005922  0.000027
    -0.035062  0.025044  0.000030
    -0.068326  0.044198  0.000028
    -0.059683  0.033795  0.000029
    -0.042769  0.006195  0.000030
    -0.041454 -0.009461  0.000029
    -0.037812 -0.015674  0.000028
    -0.025290 -0.010467  0.000028
    -0.013891 -0.003616  0.000027
    -0.004377 -0.000353  0.000026
    -0.001971  0.000374  0.000026
    -0.001239 -0.000181  0.000026
    -0.000137  0.000227  0.000026
    -0.000081  0.000260  0.000026
     0.000080  0.000253  0.000026
     0.000328  0.000205  0.000026
     0.000268  0.000200  0.000026
     0.000300  0.000171  0.000026
     0.000262  0.000151  0.000026
     0.000287  0.000124  0.000026
     0.000315  0.000103  0.000026
    -0.000137  0.000227  0.000026
    -0.000137  0.000227  0.000026
    -0.000137  0.000227  0.000026
    -0.000137  0.000227  0.000026
    -0.000137  0.000227  0.000026
    -0.000137  0.000227  0.000026
     0.000275  0.000125  0.000026
     0.000566  0.000072  0.000026
     0.000746  0.000037  0.000026
     0.001007 -0.000014  0.000026
     0.001094 -0.000033  0.000026
     0.000888  0.000004  0.000026
     0.000609  0.000056  0.000026
     0.000445  0.000087  0.000026
     0.000185  0.000137  0.000026
    -0.000137  0.000227  0.000026
    -0.000137  0.000227  0.000026
    -0.000137  0.000227  0.000026
    -0.000137  0.000227  0.000026
    -0.000137  0.000227  0.000026
    -0.000137  0.000227  0.000026
    -0.000483  0.000073  0.000026
    -0.000600  0.000063  0.000026
    -0.000783  0.000043  0.000026
    -0.000988  0.000026  0.000026
    -0.001127  0.000020  0.000026
    -0.001118  0.000028  0.000026
    -0.000968  0.000048  0.000026
    -0.000839  0.000062  0.000026
    -0.000643  0.000078  0.000026
    -0.000464  0.000075  0.000026
    -0.000137  0.000227  0.000026
    -0.000137  0.000227  0.000026
    -0.000137  0.000227  0.000026
    -0.000137  0.000227  0.000026
    -0.000137  0.000227  0.000026
    -0.000279  0.000157  0.000026
    -0.000607  0.000032  0.000026
    -0.000611  0.000113  0.000026
    -0.000613  0.000208  0.000026
    -0.000576  0.000284  0.000026
    -0.000554  0.000341  0.000026
    -0.000391  0.000389  0.000026
    -0.000321  0.000360  0.000026
    -0.000306  0.000239  0.000026
    -0.000137  0.000227  0.000026
     0.002013 -0.000400  0.000025
     0.006399 -0.000540  0.000025
     0.017074 -0.002410  0.000024
     0.029202 -0.002629  0.000023
     0.035451  0.001400  0.000022
     0.027637  0.009206  0.000024
     0.020903  0.028450  0.000026
     0.028749  0.051186  0.000027
     0.058285  0.067521  0.000024
     0.048923  0.069976  0.000025
     0.025989  0.056901  0.000027
     0.005714  0.038569  0.000029
    -0.001537  0.035149  0.000029
    -0.008274  0.038170  0.000030
    -0.024742  0.055477  0.000030
    -0.049738  0.067636  0.000029
    -0.060499  0.066773  0.000029
    -0.028664  0.050209  0.000032
    -0.021322  0.027633  0.000031
    -0.027369  0.009187  0.000030
    -0.036101  0.000826  0.000030
    -0.028371 -0.002788  0.000029
    -0.018599 -0.001433  0.000028
    -0.006527 -0.000629  0.000026
    -0.002253 -0.000457  0.000026
    -0.000205  0.000193  0.000026
    -0.000217  0.000267  0.000026
    -0.000101  0.000283  0.000026
     0.000062  0.000239  0.000026
     0.000310  0.000203  0.000026
     0.000298  0.000189  0.000026
     0.000309  0.000163  0.000026
     0.000258  0.000144  0.000026
     0.000202  0.000128  0.000026
    -0.000137  0.000227  0.000026
    -0.000137  0.000227  0.000026
    -0.000137  0.000227  0.000026
    -0.000137  0.000227  0.000026
    -0.000137  0.000227  0.000026
    -0.000137  0.000227  0.000026
    -0.000032  0.000197  0.000026
     0.000363  0.000110  0.000026
     0.000654  0.000055  0.000026
     0.000833  0.000020  0.000026
     0.001054 -0.000024  0.000026
     0.001063 -0.000028  0.000026
     0.000851  0.000010  0.000026
     0.000545  0.000068  0.000026
     0.000287  0.000118  0.000026
     0.000074  0.000165  0.000026
    -0.000137  0.000227  0.000026
    -0.000137  0.000227  0.000026
    -0.000137  0.000227  0.000026
    -0.000137  0.000227  0.000026
    -0.000137  0.000227  0.000026
    -0.000137  0.000227  0.000026
    -0.000455  0.000075  0.000026
    -0.000573  0.000064  0.000026
    -0.000732  0.000047  0.000026
    -0.000945  0.000028  0.000026
    -0.001113  0.000017  0.000026
    -0.001144  0.000021  0.000026
    -0.001034  0.000038  0.000026
    -0.000930  0.000050  0.000026
    -0.000746  0.000068  0.000026
    -0.000540  0.000075  0.000026
    -0.000137  0.000227  0.000026
    -0.000137  0.000227  0.000026
    -0.000137  0.000227  0.000026
    -0.000137  0.000227  0.000026
    -0.000137  0.000227  0.000026
    -0.000137  0.000227  0.000026
    -0.000137  0.000227  0.000026
    -0.000605  0.000073  0.000026
    -0.000509  0.000178  0.000026
    -0.000570  0.000248  0.000026
    -0.000569  0.000320  0.000026
    -0.000443  0.000364  0.000026
    -0.000277  0.000380  0.000026
    -0.000279  0.000309  0.000026
    -0.000276  0.000229  0.000026
     0.001276 -0.000185  0.000026
     0.005552 -0.000576  0.000025
     0.014459  0.001672  0.000024
     0.021931  0.009836  0.000024
     0.024239  0.019180  0.000025
     0.015257  0.032264  0.000027
     0.005467  0.043004  0.000029
     0.013006  0.059488  0.000029
     0.036879  0.071942  0.000027
     0.045379  0.080755  0.000026
     0.036584  0.083740  0.000027
     0.017382  0.081127  0.000029
    -0.000968  0.074210  0.000029
    -0.016546  0.080346  0.000029
    -0.035373  0.084028  0.000029
    -0.044568  0.081314  0.000029
    -0.038810  0.073292  0.000031
    -0.014881  0.060129  0.000033
    -0.003923  0.043422  0.000030
    -0.017864  0.030715  0.000030
    -0.024182  0.018693  0.000030
    -0.023195  0.009006  0.000029
    -0.015411  0.000842  0.000027
    -0.005600 -0.000462  0.000026
    -0.001782 -0.000564  0.000026
    -0.000254  0.000267  0.000026
    -0.000147 -0.000217  0.000026
    -0.000135  0.000170  0.000026
     0.000271 -0.000673  0.000026
     0.000378 -0.000306  0.000026
     0.000254  0.000186  0.000026
     0.000151  0.000182  0.000026
     0.000234  0.000135  0.000026
    -0.000137  0.000227  0.000026
    -0.000137  0.000227  0.000026
    -0.000137  0.000227  0.000026
    -0.000137  0.000227  0.000026
    -0.000137  0.000227  0.000026
    -0.000137  0.000227  0.000026
    -0.000137  0.000227  0.000026
     0.000197  0.000138  0.000026
     0.000502  0.000083  0.000026
     0.000771  0.000032  0.000026
     0.000917  0.000003  0.000026
     0.001077 -0.000030  0.000026
     0.001029 -0.000023  0.000026
     0.000785  0.000022  0.000026
     0.000469  0.000083  0.000026
     0.000247  0.000125  0.000026
    -0.000088  0.000213  0.000026
    -0.000137  0.000227  0.000026
    -0.000137  0.000227  0.000026
    -0.000137  0.000227  0.000026
    -0.000137  0.000227  0.000026
    -0.000137  0.000227  0.000026
    -0.000137  0.000227  0.000026
    -0.000408  0.000094  0.000026
    -0.000539  0.000067  0.000026
    -0.000627  0.000060  0.000026
    -0.000893  0.000031  0.000026
    -0.001075  0.000017  0.000026
    -0.001142  0.000016  0.000026
    -0.001077  0.000030  0.000026
    -0.001000  0.000041  0.000026
    -0.000825  0.000058  0.000026
    -0.000616  0.000074  0.000026
    -0.000376  0.000110  0.000026
    -0.000137  0.000227  0.000026
    -0.000137  0.000227  0.000026
    -0.000137  0.000227  0.000026
    -0.000137  0.000227  0.000026
    -0.000137  0.000227  0.000026
    -0.000137  0.000227  0.000026
    -0.000475  0.000062  0.000026
    -0.000554  0.000127  0.000026
    -0.000544  0.000200  0.000026
    -0.000568  0.000268  0.000026
    -0.000465  0.000325  0.000026
    -0.000386  0.000354  0.000026
    -0.000273  0.000326  0.000026
    -0.000216  0.000290  0.000026
    -0.000488  0.000055  0.000026
     0.003188 -0.000743  0.000025
     0.006968  0.001284  0.000025
     0.012077  0.009872  0.000025
     0.012540  0.019907  0.000026
     0.004728  0.026963  0.000028
    -0.002500  0.031815  0.000029
     0.005519  0.038816  0.000029
     0.024371  0.047129  0.000027
     0.034434  0.058177  0.000027
     0.041491  0.066500  0.000026
     0.027091  0.063182  0.000027
    -0.001886  0.057847  0.000031
    -0.027614  0.062507  0.000031
    -0.040235  0.068295  0.000031
    -0.034374  0.061527  0.000033
    -0.026045  0.050193  0.000033
    -0.006490  0.038720  0.000030
     0.002009  0.031913  0.000028
    -0.005357  0.026706  0.000029
    -0.011253  0.020219  0.000029
    -0.011185  0.009890  0.000028
    -0.006305  0.001279  0.000027
    -0.003550 -0.001131  0.000026
    -0.000483  0.000058  0.000026
    -0.000336  0.000302  0.000026
    -0.000092 -0.000548  0.000026
     0.000239 -0.001251  0.000026
     0.000265 -0.000658  0.000026
     0.000256  0.000192  0.000026
     0.000199  0.000180  0.000026
     0.000189  0.000159  0.000026
    -0.000137  0.000227  0.000026
    -0.000137  0.000227  0.000026
    -0.000137  0.000227  0.000026
    -0.000137  0.000227  0.000026
    -0.000137  0.000227  0.000026
    -0.000137  0.000227  0.000026
    -0.000137  0.000227  0.000026
    -0.000137  0.000227  0.000026
     0.000303  0.000120  0.000026
     0.000604  0.000063  0.000026
     0.000861  0.000014  0.000026
     0.000967 -0.000007  0.000026
     0.001059 -0.000028  0.000026
     0.000965 -0.000011  0.000026
     0.000705  0.000037  0.000026
     0.000323  0.000111  0.000026
     0.000195  0.000135  0.000026
    -0.000137  0.000227  0.000026
    -0.000137  0.000227  0.000026
    -0.000137  0.000227  0.000026
    -0.000137  0.000227  0.000026
    -0.000137  0.000227  0.000026
    -0.000137  0.000227  0.000026
    -0.000137  0.000227  0.000026
    -0.000137  0.000227  0.000026
    -0.000533  0.000065  0.000026
    -0.000601  0.000061  0.000026
    -0.000769  0.000046  0.000026
    -0.001004  0.000022  0.000026
    -0.001122  0.000014  0.000026
    -0.001122  0.000021  0.000026
    -0.001022  0.000035  0.000026
    -0.000904  0.000049  0.000026
    -0.000737  0.000062  0.000026
    -0.000528  0.000071  0.000026
    -0.000137  0.000227  0.000026
    -0.000137  0.000227  0.000026
    -0.000137  0.000227  0.000026
    -0.000137  0.000227  0.000026
    -0.000137  0.000227  0.000026
    -0.000137  0.000227  0.000026
    -0.000137  0.000227  0.000026
    -0.000560  0.000060  0.000026
    -0.000573  0.000137  0.000026
    -0.000560  0.000211  0.000026
    -0.000478  0.000267  0.000026
    -0.000438  0.000309  0.000026
    -0.000366  0.000307  0.000026
    -0.000342  0.000269  0.000026
    -0.000357  0.000180  0.000026
     0.000198 -0.000036  0.000026
     0.002214  0.000228  0.000026
     0.002401  0.003158  0.000026
     0.001601  0.010531  0.000027
    -0.001738  0.016080  0.000027
    -0.004314  0.016982  0.000028
    -0.000284  0.015614  0.000027
     0.011982  0.019511  0.000026
     0.024531  0.028934  0.000026
     0.039140  0.034705  0.000025
     0.031119  0.034706  0.000026
    -0.000315  0.031051  0.000029
    -0.032247  0.033319  0.000032
    -0.037321  0.034646  0.000033
    -0.025803  0.030503  0.000031
    -0.011299  0.021319  0.000029
    -0.002447  0.015690  0.000027
     0.001538  0.015627  0.000027
    -0.001337  0.015438  0.000027
    -0.003108  0.010780  0.000027
    -0.002561  0.002705  0.000026
    -0.002704  0.000124  0.000026
    -0.001107 -0.000248  0.000026
    -0.000137  0.000227  0.000026
    -0.000018 -0.000605  0.000026
     0.000128 -0.001104  0.000026
     0.000255 -0.001051  0.000026
     0.000093  0.000221  0.000026
     0.000221  0.000180  0.000026
     0.000219  0.000157  0.000026
     0.000170  0.000141  0.000026
    -0.000137  0.000227  0.000026
    -0.000137  0.000227  0.000026
    -0.000137  0.000227  0.000026
    -0.000145  0.000223  0.000026
    -0.000137  0.000227  0.000026
    -0.000137  0.000227  0.000026
    -0.000137  0.000227  0.000026
     0.000163  0.000143  0.000026
     0.000466  0.000089  0.000026
     0.000709  0.000043  0.000026
     0.000875  0.000011  0.000026
     0.001018 -0.000018  0.000026
     0.001018 -0.000021  0.000026
     0.000857  0.000009  0.000026
     0.000531  0.000071  0.000026
     0.000282  0.000119  0.000026
     0.000171  0.000139  0.000026
    -0.000137  0.000227  0.000026
    -0.000137  0.000227  0.000026
    -0.000137  0.000227  0.000026
    -0.000137  0.000227  0.000026
    -0.000137  0.000227  0.000026
    -0.000137  0.000227  0.000026
    -0.000137  0.000227  0.000026
    -0.000137  0.000227  0.000026
    -0.000483  0.000070  0.000026
    -0.000613  0.000057  0.000026
    -0.000735  0.000047  0.000026
    -0.000928  0.000028  0.000026
    -0.001063  0.000017  0.000026
    -0.001127  0.000015  0.000026
    -0.001079  0.000026  0.000026
    -0.000971  0.000041  0.000026
    -0.000817  0.000054  0.000026
    -0.000647  0.000064  0.000026
    -0.000478  0.000069  0.000026
    -0.000137  0.000227  0.000026
    -0.000137  0.000227  0.000026
    -0.000137  0.000227  0.000026
    -0.000137  0.000227  0.000026
    -0.000137  0.000227  0.000026
    -0.000137  0.000227  0.000026
    -0.000137  0.000227  0.000026
    -0.000560  0.000075  0.000026
    -0.000598  0.000129  0.000026
    -0.000492  0.000186  0.000026
    -0.000442  0.000246  0.000026
    -0.000418  0.000267  0.000026
    -0.000397  0.000237  0.000026
    -0.000431  0.000193  0.000026
    -0.000540  0.000078  0.000026
    -0.000510  0.000045  0.000026
    -0.000330  0.000796  0.000026
    -0.000600  0.001871  0.000026
    -0.001166  0.002086  0.000026
    -0.001038  0.001145  0.000026
    -0.000210  0.000736  0.000026
     0.003005  0.001968  0.000026
     0.019028  0.010091  0.000025
     0.032574  0.016251  0.000024
     0.026306  0.016471  0.000025
     0.000759  0.019815  0.000028
    -0.026073  0.017753  0.000030
    -0.031891  0.014555  0.000030
    -0.019867  0.010178  0.000029
    -0.004048  0.002769  0.000026
    -0.000205  0.000701  0.000026
     0.000461  0.000884  0.000026
     0.000773  0.001956  0.000026
     0.000200  0.001736  0.000026
    -0.000215  0.000699  0.000026
    -0.000380  0.000093  0.000026
     0.000006  0.000185  0.000026
    -0.000078  0.000229  0.000026
    -0.000081  0.000144  0.000026
     0.000021 -0.000060  0.000026
     0.000017  0.000228  0.000026
     0.000096  0.000194  0.000026
     0.000253  0.000149  0.000026
     0.000175  0.000145  0.000026
    -0.000137  0.000227  0.000026
    -0.000137  0.000227  0.000026
    -0.000137  0.000227  0.000026
    -0.000137  0.000227  0.000026
    -0.000145  0.000284  0.000026
    -0.000137  0.000227  0.000026
    -0.000137  0.000227  0.000026
    -0.000049  0.000202  0.000026
     0.000326  0.000114  0.000026
     0.000579  0.000067  0.000026
     0.000797  0.000026  0.000026
     0.000942 -0.000003  0.000026
     0.001010 -0.000018  0.000026
     0.000928 -0.000004  0.000026
     0.000746  0.000030  0.000026
     0.000476  0.000081  0.000026
     0.000281  0.000118  0.000026
    -0.000005  0.000189  0.000026
    -0.000137  0.000227  0.000026
    -0.000137  0.000227  0.000026
    -0.000137  0.000227  0.000026
    -0.000137  0.000227  0.000026
    -0.000137  0.000227  0.000026
    -0.000137  0.000227  0.000026
    -0.000137  0.000227  0.000026
    -0.000137  0.000227  0.000026
    -0.000137  0.000227  0.000026
    -0.000562  0.000061  0.000026
    -0.000741  0.000042  0.000026
    -0.000825  0.000039  0.000026
    -0.000993  0.000022  0.000026
    -0.001080  0.000017  0.000026
    -0.001046  0.000026  0.000026
    -0.001057  0.000030  0.000026
    -0.000892  0.000047  0.000026
    -0.000700  0.000061  0.000026
    -0.000578  0.000066  0.000026
    -0.000204  0.000194  0.000026
    -0.000137  0.000227  0.000026
    -0.000137  0.000227  0.000026
    -0.000137  0.000227  0.000026
    -0.000137  0.000227  0.000026
    -0.000137  0.000227  0.000026
    -0.000137  0.000227  0.000026
    -0.000509  0.000058  0.000026
    -0.000601  0.000084  0.000026
    -0.000557  0.000106  0.000026
    -0.000497  0.000148  0.000026
    -0.000451  0.000210  0.000026
    -0.000474  0.000191  0.000026
    -0.000504  0.000155  0.000026
    -0.000499  0.000147  0.000026
    -0.000489  0.000093  0.000026
    -0.000676 -0.000037  0.000026
    -0.000300  0.000147  0.000026
    -0.000137  0.000227  0.000026
    -0.000137  0.000227  0.000026
    -0.000096  0.000264  0.000026
     0.001176 -0.000156  0.000026
     0.012713  0.001485  0.000025
     0.023766  0.012249  0.000024
     0.020446  0.019416  0.000025
     0.001453  0.022418  0.000028
    -0.021624  0.019225  0.000030
    -0.025798  0.011275  0.000029
    -0.013096  0.001247  0.000027
    -0.001656 -0.000509  0.000026
    -0.000137  0.000227  0.000026
    -0.000137  0.000227  0.000026
    -0.000137  0.000227  0.000026
    -0.000137  0.000227  0.000026
    -0.000096  0.000215  0.000026
    -0.000027  0.000195  0.000026
     0.000075  0.000184  0.000026
     0.000063  0.000190  0.000026
     0.000030  0.000209  0.000026
     0.000025  0.000215  0.000026
     0.000083  0.000184  0.000026
     0.000180  0.000154  0.000026
     0.000254  0.000133  0.000026
    -0.000027  0.000195  0.000026
    -0.000137  0.000227  0.000026
    -0.000204  0.000194  0.000026
    -0.000137  0.000227  0.000026
    -0.000143  0.000272  0.000026
    -0.000137  0.000227  0.000026
    -0.000137  0.000227  0.000026
    -0.000137  0.000227  0.000026
     0.000220  0.000133  0.000026
     0.000402  0.000100  0.000026
     0.000681  0.000048  0.000026
     0.000904  0.000005  0.000026
     0.000873  0.000010  0.000026
     0.000938 -0.000005  0.000026
     0.000824  0.000015  0.000026
     0.000601  0.000058  0.000026
     0.000462  0.000083  0.000026
     0.000206  0.000133  0.000026
    -0.000137  0.000227  0.000026
    -0.000137  0.000227  0.000026
    -0.000137  0.000227  0.000026
    -0.000137  0.000227  0.000026
    -0.000137  0.000227  0.000026
    -0.000137  0.000227  0.000026
    -0.000137  0.000227  0.000026
    -0.000137  0.000227  0.000026
    -0.000137  0.000227  0.000026
    -0.000137  0.000227  0.000026
    -0.000499  0.000068  0.000026
    -0.000625  0.000055  0.000026
    -0.000837  0.000033  0.000026
    -0.000873  0.000036  0.000026
    -0.001019  0.000021  0.000026
    -0.001026  0.000025  0.000026
    -0.001115  0.000020  0.000026
    -0.001001  0.000036  0.000026
    -0.000806  0.000052  0.000026
    -0.000616  0.000064  0.000026
    -0.000529  0.000067  0.000026
    -0.000137  0.000227  0.000026
    -0.000137  0.000227  0.000026
    -0.000137  0.000227  0.000026
    -0.000137  0.000227  0.000026
    -0.000137  0.000227  0.000026
    -0.000137  0.000227  0.000026
    -0.000137  0.000227  0.000026
    -0.000548  0.000073  0.000026
    -0.000594  0.000097  0.000026
    -0.000477  0.000117  0.000026
    -0.000435  0.000170  0.000026
    -0.000426  0.000196  0.000026
    -0.000482  0.000178  0.000026
    -0.000483  0.000173  0.000026
    -0.000423  0.000146  0.000026
    -0.000495  0.000072  0.000026
    -0.000444  0.000077  0.000026
    -0.000137  0.000227  0.000026
    -0.000137  0.000227  0.000026
    -0.000137  0.000227  0.000026
     0.000037  0.000176  0.000026
     0.005128  0.000296  0.000025
     0.014777  0.008159  0.000025
     0.014293  0.017414  0.000026
    -0.000106  0.022410  0.000028
    -0.013449  0.018227  0.000029
    -0.015423  0.008547  0.000028
    -0.005378  0.000828  0.000026
    -0.000653 -0.000025  0.000026
    -0.000137  0.000227  0.000026
    -0.000137  0.000227  0.000026
    -0.000137  0.000227  0.000026
    -0.000137  0.000227  0.000026
    -0.000133  0.000226  0.000026
    -0.000018  0.000198  0.000026
     0.000067  0.000194  0.000026
     0.000050  0.000200  0.000026
    -0.000012  0.000216  0.000026
     0.000023  0.000200  0.000026
     0.000048  0.000181  0.000026
     0.000217  0.000146  0.000026
     0.000147  0.000149  0.000026
    -0.000137  0.000227  0.000026
    -0.000213  0.000207  0.000026
    -0.000143  0.000267  0.000026
    -0.000137  0.000227  0.000026
    -0.000148  0.000303  0.000026
    -0.000137  0.000227  0.000026
    -0.000137  0.000227  0.000026
     0.000150  0.000145  0.000026
     0.000277  0.000123  0.000026
     0.000547  0.000073  0.000026
     0.000820  0.000022  0.000026
     0.000971 -0.000009  0.000026
     0.000839  0.000016  0.000026
     0.000848  0.000012  0.000026
     0.000655  0.000048  0.000026
     0.000593  0.000058  0.000026
     0.000290  0.000117  0.000026
     0.000049  0.000173  0.000026
    -0.000137  0.000227  0.000026
    -0.000137  0.000227  0.000026
    -0.000137  0.000227  0.000026
    -0.000137  0.000227  0.000026
    -0.000137  0.000227  0.000026
    -0.000137  0.000227  0.000026
    -0.000137  0.000227  0.000026
    -0.000137  0.000227  0.000026
    -0.000137  0.000227  0.000026
    -0.000137  0.000227  0.000026
    -0.000137  0.000227  0.000026
    -0.000564  0.000061  0.000026
    -0.000797  0.000035  0.000026
    -0.000895  0.000028  0.000026
    -0.000914  0.000032  0.000026
    -0.000973  0.000028  0.000026
    -0.001111  0.000016  0.000026
    -0.001091  0.000024  0.000026
    -0.000916  0.000043  0.000026
    -0.000721  0.000059  0.000026
    -0.000599  0.000065  0.000026
    -0.000512  0.000058  0.000026
    -0.000137  0.000227  0.000026
    -0.000137  0.000227  0.000026
    -0.000137  0.000227  0.000026
    -0.000137  0.000227  0.000026
    -0.000111  0.000219  0.000026
    -0.000137  0.000227  0.000026
    -0.000367  0.000115  0.000026
    -0.000553  0.000067  0.000026
    -0.000553  0.000085  0.000026
    -0.000531  0.000125  0.000026
    -0.000448  0.000167  0.000026
    -0.000431  0.000190  0.000026
    -0.000471  0.000197  0.000026
    -0.000446  0.000174  0.000026
    -0.000447  0.000109  0.000026
    -0.000489  0.000055  0.000026
    -0.000255  0.000169  0.000026
    -0.000137  0.000227  0.000026
    -0.000137  0.000227  0.000026
    -0.000137  0.000227  0.000026
     0.002392  0.000275  0.000025
     0.005695  0.004349  0.000026
     0.005757  0.012004  0.000026
    -0.001541  0.014009  0.000027
    -0.006036  0.013106  0.000028
    -0.006461  0.005463  0.000027
    -0.002880  0.000440  0.000026
    -0.000137  0.000227  0.000026
    -0.000137  0.000227  0.000026
    -0.000137  0.000227  0.000026
    -0.000137  0.000227  0.000026
    -0.000137  0.000227  0.000026
    -0.000018  0.000192  0.000026
     0.000048  0.000196  0.000026
     0.000078  0.000199  0.000026
     0.000005  0.000210  0.000026
     0.000018  0.000201  0.000026
     0.000120  0.000171  0.000026
     0.000129  0.000158  0.000026
     0.000150  0.000147  0.000026
    -0.000137  0.000227  0.000026
    -0.000137  0.000227  0.000026
    -0.000337  0.000220  0.000026
    -0.000137  0.000227  0.000026
    -0.000147  0.000297  0.000026
    -0.000137  0.000227  0.000026
    -0.000137  0.000227  0.000026
     0.000020  0.000181  0.000026
     0.000253  0.000127  0.000026
     0.000417  0.000098  0.000026
     0.000693  0.000046  0.000026
     0.000935 -0.000001  0.000026
     0.000957 -0.000007  0.000026
     0.000763  0.000029  0.000026
     0.000697  0.000041  0.000026
     0.000666  0.000045  0.000026
     0.000527  0.000070  0.000026
     0.000200  0.000134  0.000026
    -0.000137  0.000227  0.000026
    -0.000137  0.000227  0.000026
    -0.000137  0.000227  0.000026
    -0.000137  0.000227  0.000026
    -0.000137  0.000227  0.000026
    -0.000137  0.000227  0.000026
    -0.000137  0.000227  0.000026
    -0.000137  0.000227  0.000026
    -0.000137  0.000227  0.000026
    -0.000137  0.000227  0.000026
    -0.000137  0.000227  0.000026
    -0.000137  0.000227  0.000026
    -0.000312  0.000141  0.000026
    -0.000714  0.000042  0.000026
    -0.000869  0.000028  0.000026
    -0.000908  0.000029  0.000026
    -0.000891  0.000036  0.000026
    -0.001068  0.000017  0.000026
    -0.001111  0.000018  0.000026
    -0.001019  0.000033  0.000026
    -0.000839  0.000050  0.000026
    -0.000689  0.000063  0.000026
    -0.000592  0.000060  0.000026
    -0.000349  0.000123  0.000026
    -0.000137  0.000227  0.000026
    -0.000137  0.000227  0.000026
    -0.000137  0.000227  0.000026
    -0.000137  0.000227  0.000026
    -0.000137  0.000227  0.000026
    -0.000137  0.000227  0.000026
    -0.000509  0.000047  0.000026
    -0.000545  0.000060  0.000026
    -0.000543  0.000098  0.000026
    -0.000522  0.000139  0.000026
    -0.000459  0.000170  0.000026
    -0.000415  0.000232  0.000026
    -0.000406  0.000249  0.000026
    -0.000342  0.000241  0.000026
    -0.000341  0.000164  0.000026
    -0.000340  0.000128  0.000026
    -0.000137  0.000227  0.000026
    -0.000137  0.000227  0.000026
    -0.000137  0.000227  0.000026
     0.000167  0.000314  0.000026
     0.001861  0.001716  0.000026
     0.001822  0.004025  0.000026
    -0.000206  0.005541  0.000026
    -0.002235  0.004183  0.000026
    -0.002515  0.001942  0.000026
    -0.000680  0.000386  0.000026
    -0.000137  0.000227  0.000026
    -0.000137  0.000227  0.000026
    -0.000137  0.000227  0.000026
    -0.000137  0.000227  0.000026
    -0.000137  0.000227  0.000026
    -0.000123  0.000248  0.000026
    -0.000035  0.000237  0.000026
    -0.000018  0.000229  0.000026
     0.000009  0.000206  0.000026
     0.000095  0.000181  0.000026
     0.000109  0.000166  0.000026
     0.000071  0.000166  0.000026
    -0.000137  0.000227  0.000026
    -0.000137  0.000227  0.000026
    -0.000234  0.000224  0.000026
    -0.000258  0.000297  0.000026
    -0.000148  0.000303  0.000026
    -0.000137  0.000227  0.000026
    -0.000137  0.000227  0.000026
    -0.000137  0.000227  0.000026
     0.000237  0.000128  0.000026
     0.000371  0.000107  0.000026
     0.000573  0.000069  0.000026
     0.000825  0.000021  0.000026
     0.000951 -0.000005  0.000026
     0.000892  0.000005  0.000026
     0.000640  0.000053  0.000026
     0.000670  0.000045  0.000026
     0.000619  0.000053  0.000026
     0.000409  0.000093  0.000026
    -0.000137  0.000227  0.000026
    -0.000137  0.000227  0.000026
    -0.000137  0.000227  0.000026
    -0.000137  0.000227  0.000026
    -0.000137  0.000227  0.000026
    -0.000137  0.000227  0.000026
    -0.000137  0.000227  0.000026
    -0.000137  0.000227  0.000026
    -0.000137  0.000227  0.000026
    -0.000137  0.000227  0.000026
    -0.000137  0.000227  0.000026
    -0.000137  0.000227  0.000026
    -0.000137  0.000227  0.000026
    -0.000137  0.000227  0.000026
    -0.000535  0.000064  0.000026
    -0.000796  0.000033  0.000026
    -0.000891  0.000027  0.000026
    -0.000928  0.000028  0.000026
    -0.001007  0.000022  0.000026
    -0.001102  0.000015  0.000026
    -0.001068  0.000025  0.000026
    -0.000933  0.000042  0.000026
    -0.000796  0.000055  0.000026
    -0.000623  0.000071  0.000026
    -0.000526  0.000062  0.000026
    -0.000165  0.000213  0.000026
    -0.000137  0.000227  0.000026
    -0.000137  0.000227  0.000026
    -0.000137  0.000227  0.000026
    -0.000141  0.000254  0.000026
    -0.000137  0.000227  0.000026
    -0.000137  0.000227  0.000026
    -0.000314  0.000140  0.000026
    -0.000498  0.000066  0.000026
    -0.000538  0.000109  0.000026
    -0.000490  0.000144  0.000026
    -0.000478  0.000199  0.000026
    -0.000374  0.000261  0.000026
    -0.000328  0.000286  0.000026
    -0.000273  0.000277  0.000026
    -0.000260  0.000224  0.000026
    -0.000262  0.000178  0.000026
    -0.000137  0.000227  0.000026
    -0.000137  0.000227  0.000026
    -0.000137  0.000227  0.000026
    -0.000137  0.000227  0.000026
     0.000388  0.000515  0.000026
    -0.000343  0.001055  0.000026
    -0.000938  0.000536  0.000026
    -0.000340  0.000128  0.000026
    -0.000137  0.000227  0.000026
    -0.000137  0.000227  0.000026
    -0.000137  0.000227  0.000026
    -0.000137  0.000227  0.000026
    -0.000231  0.000259  0.000026
    -0.000232  0.000280  0.000026
    -0.000149  0.000269  0.000026
    -0.000084  0.000250  0.000026
     0.000029  0.000212  0.000026
     0.000027  0.000195  0.000026
     0.000099  0.000172  0.000026
    -0.000137  0.000227  0.000026
    -0.000137  0.000227  0.000026
    -0.000137  0.000227  0.000026
    -0.000142  0.000261  0.000026
    -0.000285  0.000405  0.000026
    -0.000157  0.000366  0.000026
    -0.000137  0.000227  0.000026
    -0.000137  0.000227  0.000026
    -0.000137  0.000227  0.000026
     0.000096  0.000159  0.000026
     0.000271  0.000126  0.000026
     0.000506  0.000082  0.000026
     0.000693  0.000047  0.000026
     0.000885  0.000009  0.000026
     0.000928 -0.000001  0.000026
     0.000792  0.000024  0.000026
     0.000683  0.000044  0.000026
     0.000638  0.000050  0.000026
     0.000513  0.000073  0.000026
     0.000157  0.000142  0.000026
    -0.000137  0.000227  0.000026
    -0.000137  0.000227  0.000026
    -0.000137  0.000227  0.000026
    -0.000137  0.000227  0.000026
    -0.000137  0.000227  0.000026
    -0.000137  0.000227  0.000026
    -0.000137  0.000227  0.000026
    -0.000137  0.000227  0.000026
    -0.000137  0.000227  0.000026
    -0.000137  0.000227  0.000026
    -0.000137  0.000227  0.000026
    -0.000137  0.000227  0.000026
    -0.000137  0.000227  0.000026
    -0.000137  0.000227  0.000026
    -0.000254  0.000170  0.000026
    -0.000692  0.000044  0.000026
    -0.000843  0.000029  0.000026
    -0.000888  0.000029  0.000026
    -0.000898  0.000032  0.000026
    -0.001059  0.000017  0.000026
    -0.001064  0.000023  0.000026
    -0.001009  0.000032  0.000026
    -0.000884  0.000048  0.000026
    -0.000761  0.000061  0.000026
    -0.000644  0.000063  0.000026
    -0.000487  0.000063  0.000026
    -0.000137  0.000227  0.000026
    -0.000137  0.000227  0.000026
    -0.000137  0.000227  0.000026
    -0.000137  0.000227  0.000026
    -0.000151  0.000326  0.000026
    -0.000137  0.000227  0.000026
    -0.000137  0.000227  0.000026
    -0.000137  0.000227  0.000026
    -0.000468  0.000073  0.000026
    -0.000509  0.000103  0.000026
    -0.000491  0.000154  0.000026
    -0.000467  0.000220  0.000026
    -0.000352  0.000276  0.000026
    -0.000266  0.000314  0.000026
    -0.000189  0.000329  0.000026
    -0.000165  0.000304  0.000026
    -0.000127  0.000281  0.000026
    -0.000070  0.000267  0.000026
    -0.000137  0.000227  0.000026
    -0.000137  0.000227  0.000026
    -0.000137  0.000227  0.000026
    -0.000137  0.000227  0.000026
    -0.000137  0.000227  0.000026
    -0.000137  0.000227  0.000026
    -0.000137  0.000227  0.000026
    -0.000137  0.000227  0.000026
    -0.000137  0.000227  0.000026
    -0.000411  0.000320  0.000026
    -0.000332  0.000064  0.000026
    -0.000197 -0.000072  0.000026
    -0.000121  0.000123  0.000026
     0.000008  0.000182  0.000026
     0.000017  0.000201  0.000026
     0.000044  0.000180  0.000026
    -0.000137  0.000227  0.000026
    -0.000137  0.000227  0.000026
    -0.000137  0.000227  0.000026
    -0.000137  0.000227  0.000026
    -0.000259  0.000483  0.000026
    -0.000137  0.000227  0.000026
    -0.000137  0.000227  0.000026
    -0.000137  0.000227  0.000026
    -0.000137  0.000227  0.000026
    -0.000106  0.000218  0.000026
     0.000292  0.000121  0.000026
     0.000450  0.000094  0.000026
     0.000619  0.000062  0.000026
     0.000790  0.000028  0.000026
     0.000868  0.000012  0.000026
     0.000853  0.000012  0.000026
     0.000623  0.000056  0.000026
     0.000623  0.000054  0.000026
     0.000567  0.000063  0.000026
     0.000368  0.000101  0.000026
    -0.000137  0.000227  0.000026
    -0.000137  0.000227  0.000026
    -0.000137  0.000227  0.000026
    -0.000137  0.000227  0.000026
    -0.000137  0.000227  0.000026
    -0.000137  0.000227  0.000026
    -0.000137  0.000227  0.000026
    -0.000137  0.000227  0.000026
    -0.000137  0.000227  0.000026
    -0.000137  0.000227  0.000026
    -0.000137  0.000227  0.000026
    -0.000137  0.000227  0.000026
    -0.000137  0.000227  0.000026
    -0.000137  0.000227  0.000026
    -0.000137  0.000227  0.000026
    -0.000137  0.000227  0.000026
    -0.000519  0.000066  0.000026
    -0.000746  0.000038  0.000026
    -0.000848  0.000030  0.000026
    -0.000852  0.000035  0.000026
    -0.001023  0.000017  0.000026
    -0.001095  0.000014  0.000026
    -0.001045  0.000027  0.000026
    -0.000977  0.000037  0.000026
    -0.000841  0.000053  0.000026
    -0.000694  0.000070  0.000026
    -0.000603  0.000067  0.000026
    -0.000475  0.000065  0.000026
    -0.000137  0.000227  0.000026
    -0.000137  0.000227  0.000026
    -0.000137  0.000227  0.000026
    -0.000137  0.000227  0.000026
    -0.000137  0.000227  0.000026
    -0.000137  0.000227  0.000026
    -0.000137  0.000227  0.000026
    -0.000137  0.000227  0.000026
    -0.000340  0.000128  0.000026
    -0.000461  0.000098  0.000026
    -0.000485  0.000153  0.000026
    -0.000458  0.000207  0.000026
    -0.000355  0.000260  0.000026
    -0.000230  0.000301  0.000026
    -0.000172  0.000319  0.000026
    -0.000127  0.000319  0.000026
    -0.000090  0.000307  0.000026
    -0.000064  0.000274  0.000026
    -0.000137  0.000227  0.000026
    -0.000158  0.000217  0.000026
    -0.000137  0.000227  0.000026
    -0.000137  0.000227  0.000026
    -0.000137  0.000227  0.000026
    -0.000137  0.000227  0.000026
    -0.000137  0.000227  0.000026
    -0.000261 -0.000119  0.000026
    -0.000323 -0.000267  0.000026
    -0.000294  0.000057  0.000026
    -0.000087 -0.000201  0.000026
    -0.000026  0.000193  0.000026
     0.000006  0.000203  0.000026
    -0.000105  0.000218  0.000026
    -0.000137  0.000227  0.000026
    -0.000137  0.000227  0.000026
    -0.000137  0.000227  0.000026
    -0.000138  0.000232  0.000026
    -0.000153  0.000342  0.000026
    -0.000137  0.000227  0.000026
    -0.000137  0.000227  0.000026
    -0.000137  0.000227  0.000026
    -0.000137  0.000227  0.000026
    -0.000137  0.000227  0.000026
     0.000222  0.000135  0.000026
     0.000345  0.000115  0.000026
     0.000547  0.000076  0.000026
     0.000725  0.000041  0.000026
     0.000838 -0.000041  0.000026
     0.000936 -0.000243  0.000026
     0.000789  0.000024  0.000026
     0.000551  0.000069  0.000026
     0.000564  0.000065  0.000026
     0.000434  0.000088  0.000026
     0.000114  0.000154  0.000026
    -0.000137  0.000227  0.000026
    -0.000137  0.000227  0.000026
    -0.000137  0.000227  0.000026
    -0.000137  0.000227  0.000026
    -0.000137  0.000227  0.000026
    -0.000137  0.000227  0.000026
    -0.000137  0.000227  0.000026
    -0.000137  0.000227  0.000026
    -0.000137  0.000227  0.000026
    -0.000137  0.000227  0.000026
    -0.000137  0.000227  0.000026
    -0.000137  0.000227  0.000026
    -0.000137  0.000227  0.000026
    -0.000137  0.000227  0.000026
    -0.000137  0.000227  0.000026
    -0.000137  0.000227  0.000026
    -0.000157  0.000217  0.000026
    -0.000573  0.000059  0.000026
    -0.000767  0.000037  0.000026
    -0.000796  0.000038  0.000026
    -0.000957  0.000021  0.000026
    -0.001060  0.000014  0.000026
    -0.001101  0.000016  0.000026
    -0.001009  0.000032  0.000026
    -0.000891  0.000049  0.000026
    -0.000792  0.000060  0.000026
    -0.000724  0.000064  0.000026
    -0.000565  0.000070  0.000026
    -0.000420  0.000089  0.000026
    -0.000137  0.000227  0.000026
    -0.000137  0.000227  0.000026
    -0.000137  0.000227  0.000026
    -0.000137  0.000227  0.000026
    -0.000137  0.000227  0.000026
    -0.000137  0.000227  0.000026
    -0.000137  0.000227  0.000026
    -0.000137  0.000227  0.000026
    -0.000137  0.000227  0.000026
    -0.000429  0.000095  0.000026
    -0.000441  0.000149  0.000026
    -0.000418  0.000194  0.000026
    -0.000342  0.000239  0.000026
    -0.000264  0.000266  0.000026
    -0.000167  0.000281  0.000026
    -0.000180  0.000203  0.000026
    -0.000181  0.000268  0.000026
    -0.000136  0.000254  0.000026
    -0.000101  0.000248  0.000026
    -0.000137  0.000227  0.000026
    -0.000137  0.000227  0.000026
    -0.000137  0.000227  0.000026
    -0.000079 -0.000085  0.000026
    -0.000135 -0.000360  0.000026
    -0.000206  0.000250  0.000026
    -0.000220 -0.000276  0.000026
    -0.000126 -0.000221  0.000026
    -0.000104  0.000235  0.000026
    -0.000058  0.000212  0.000026
    -0.000137  0.000227  0.000026
    -0.000137  0.000227  0.000026
    -0.000137  0.000227  0.000026
    -0.000137  0.000227  0.000026
    -0.000137  0.000227  0.000026
    -0.000137  0.000227  0.000026
    -0.000137  0.000227  0.000026
    -0.000137  0.000227  0.000026
    -0.000137  0.000227  0.000026
    -0.000137  0.000227  0.000026
    -0.000137  0.000227  0.000026
     0.000156  0.000147  0.000026
     0.000367  0.000110  0.000026
     0.000459  0.000094  0.000026
     0.000609  0.000064  0.000026
     0.000819 -0.000266  0.000026
     0.001029 -0.000772  0.000026
     0.000873 -0.000225  0.000026
     0.000690  0.000042  0.000026
     0.000477  0.000083  0.000026
     0.000452  0.000086  0.000026
     0.000205  0.000133  0.000026
    -0.000137  0.000227  0.000026
    -0.000137  0.000227  0.000026
    -0.000137  0.000227  0.000026
    -0.000137  0.000227  0.000026
    -0.000137  0.000227  0.000026
    -0.000137  0.000227  0.000026
    -0.000137  0.000227  0.000026
    -0.000137  0.000227  0.000026
    -0.000137  0.000227  0.000026
    -0.000137  0.000227  0.000026
    -0.000137  0.000227  0.000026
    -0.000137  0.000227  0.000026
    -0.000137  0.000227  0.000026
    -0.000137  0.000227  0.000026
    -0.000137  0.000227  0.000026
    -0.000137  0.000227  0.000026
    -0.000137  0.000227  0.000026
    -0.000137  0.000227  0.000026
    -0.000492  0.000068  0.000026
    -0.000608  0.000056  0.000026
    -0.000712  0.000045  0.000026
    -0.000791  0.000040  0.000026
    -0.000993  0.000018  0.000026
    -0.001085  0.000012  0.000026
    -0.001082  0.000020  0.000026
    -0.000997  0.000035  0.000026
    -0.000858  0.000054  0.000026
    -0.000699  0.000073  0.000026
    -0.000699  0.000067  0.000026
    -0.000562  0.000072  0.000026
    -0.000278  0.000158  0.000026
    -0.000137  0.000227  0.000026
    -0.000137  0.000227  0.000026
    -0.000137  0.000227  0.000026
    -0.000137  0.000227  0.000026
    -0.000137  0.000227  0.000026
    -0.000137  0.000227  0.000026
    -0.000137  0.000227  0.000026
    -0.000137  0.000227  0.000026
    -0.000137  0.000227  0.000026
    -0.000414  0.000091  0.000026
    -0.000441  0.000123  0.000026
    -0.000418  0.000154  0.000026
    -0.000394  0.000179  0.000026
    -0.000351  0.000201  0.000026
    -0.000261  0.000225  0.000026
    -0.000168  0.000254  0.000026
    -0.000037 -0.000293  0.000026
     0.000014 -0.000253  0.000026
     0.000002  0.000019  0.000026
     0.000026 -0.000370  0.000026
     0.000017 -0.000600  0.000026
    -0.000137  0.000227  0.000026
    -0.000137  0.000227  0.000026
    -0.000214  0.000256  0.000026
    -0.000157  0.000240  0.000026
    -0.000116  0.000224  0.000026
    -0.000119  0.000222  0.000026
    -0.000137  0.000227  0.000026
    -0.000137  0.000227  0.000026
    -0.000137  0.000227  0.000026
    -0.000137  0.000227  0.000026
    -0.000137  0.000227  0.000026
    -0.000137  0.000227  0.000026
    -0.000137  0.000227  0.000026
    -0.000137  0.000227  0.000026
    -0.000152  0.000219  0.000026
    -0.000137  0.000227  0.000026
    -0.000137  0.000227  0.000026
     0.000132  0.000153  0.000026
     0.000318  0.000121  0.000026
     0.000333  0.000119  0.000026
     0.000548  0.000077  0.000026
     0.000855 -0.000608  0.000026
     0.001062 -0.001160  0.000025
     0.001008 -0.000840  0.000026
     0.000727  0.000036  0.000026
     0.000462  0.000086  0.000026
     0.000365  0.000104  0.000026
     0.000247  0.000125  0.000026
    -0.000015  0.000192  0.000026
    -0.000137  0.000227  0.000026
    -0.000137  0.000227  0.000026
    -0.000137  0.000227  0.000026
    -0.000137  0.000227  0.000026
    -0.000137  0.000227  0.000026
    -0.000137  0.000227  0.000026
    -0.000137  0.000227  0.000026
    -0.000137  0.000227  0.000026
    -0.000137  0.000227  0.000026
    -0.000137  0.000227  0.000026
    -0.000137  0.000227  0.000026
    -0.000137  0.000227  0.000026
    -0.000137  0.000227  0.000026
    -0.000137  0.000227  0.000026
    -0.000137  0.000227  0.000026
    -0.000137  0.000227  0.000026
    -0.000137  0.000227  0.000026
    -0.000137  0.000227  0.000026
    -0.000137  0.000227  0.000026
    -0.000529  0.000064  0.000026
    -0.000623  0.000054  0.000026
    -0.000701  0.000047  0.000026
    -0.000879  0.000028  0.000026
    -0.001010  0.000017  0.000026
    -0.001076  0.000015  0.000026
    -0.001068  0.000024  0.000026
    -0.000968  0.000040  0.000026
    -0.000814  0.000060  0.000026
    -0.000746  0.000065  0.000026
    -0.000634  0.000075  0.000026
    -0.000490  0.000081  0.000026
    -0.000153  0.000219  0.000026
    -0.000137  0.000227  0.000026
    -0.000137  0.000227  0.000026
    -0.000137  0.000227  0.000026
    -0.000137  0.000227  0.000026
    -0.000137  0.000227  0.000026
    -0.000137  0.000227  0.000026
    -0.000137  0.000227  0.000026
    -0.000137  0.000227  0.000026
    -0.000137  0.000227  0.000026
    -0.000237  0.000178  0.000026
    -0.000418  0.000110  0.000026
    -0.000381  0.000139  0.000026
    -0.000348  0.000170  0.000026
    -0.000313  0.000197  0.000026
    -0.000264  0.000209  0.000026
    -0.000227  0.000209  0.000026
    -0.000178  0.000218  0.000026
    -0.000086  0.000091  0.000026
    -0.000137  0.000227  0.000026
    -0.000137  0.000227  0.000026
    -0.000137  0.000227  0.000026
    -0.000132  0.000201  0.000026
    -0.000137  0.000227  0.000026
    -0.000137  0.000227  0.000026
    -0.000137  0.000227  0.000026
    -0.000137  0.000227  0.000026
    -0.000137  0.000227  0.000026
    -0.000137  0.000227  0.000026
    -0.000137  0.000227  0.000026
    -0.000137  0.000227  0.000026
    -0.000137  0.000227  0.000026
    -0.000137  0.000227  0.000026
    -0.000137  0.000227  0.000026
    -0.000137  0.000227  0.000026
    -0.000137  0.000227  0.000026
    -0.000137  0.000227  0.000026
    -0.000056  0.000204  0.000026
     0.000231  0.000138  0.000026
     0.000381  0.000110  0.000026
     0.000471  0.000093  0.000026
     0.000851 -0.000872  0.000026
     0.001099 -0.001517  0.000025
     0.001058 -0.001249  0.000025
     0.000810 -0.000335  0.000026
     0.000578  0.000063  0.000026
     0.000346  0.000108  0.000026
     0.000258  0.000123  0.000026
     0.000122  0.000151  0.000026
    -0.000137  0.000227  0.000026
    -0.000137  0.000227  0.000026
    -0.000137  0.000227  0.000026
    -0.000137  0.000227  0.000026
    -0.000137  0.000227  0.000026
    -0.000137  0.000227  0.000026
    -0.000137  0.000227  0.000026
    -0.000137  0.000227  0.000026
    -0.000137  0.000227  0.000026
    -0.000137  0.000227  0.000026
    -0.000137  0.000227  0.000026
    -0.000137  0.000227  0.000026
    -0.000137  0.000227  0.000026
    -0.000137  0.000227  0.000026
    -0.000137  0.000227  0.000026
    -0.000137  0.000227  0.000026
    -0.000137  0.000227  0.000026
    -0.000137  0.000227  0.000026
    -0.000137  0.000227  0.000026
    -0.000137  0.000227  0.000026
    -0.000137  0.000227  0.000026
    -0.000548  0.000062  0.000026
    -0.000582  0.000061  0.000026
    -0.000693  0.000049  0.000026
    -0.000882  0.000028  0.000026
    -0.001002  0.000019  0.000026
    -0.001053  0.000020  0.000026
    -0.001040  0.000029  0.000026
    -0.000926  0.000047  0.000026
    -0.000778  0.000066  0.000026
    -0.000732  0.000068  0.000026
    -0.000630  0.000078  0.000026
    -0.000439  0.000091  0.000026
    -0.000137  0.000227  0.000026
    -0.000137  0.000227  0.000026
    -0.000137  0.000227  0.000026
    -0.000137  0.000227  0.000026
    -0.000137  0.000227  0.000026
    -0.000137  0.000227  0.000026
    -0.000137  0.000227  0.000026
    -0.000137  0.000227  0.000026
    -0.000137  0.000227  0.000026
    -0.000137  0.000227  0.000026
    -0.000137  0.000227  0.000026
    -0.000299  0.000148  0.000026
    -0.000390  0.000109  0.000026
    -0.000357  0.000130  0.000026
    -0.000339  0.000146  0.000026
    -0.000261  0.000187  0.000026
    -0.000187  0.000216  0.000026
    -0.000131  0.000234  0.000026
    -0.000137  0.000227  0.000026
    -0.000137  0.000227  0.000026
    -0.000137  0.000227  0.000026
    -0.000137  0.000227  0.000026
    -0.000137  0.000227  0.000026
    -0.000137  0.000227  0.000026
    -0.000137  0.000227  0.000026
    -0.000137  0.000227  0.000026
    -0.000137  0.000227  0.000026
    -0.000137  0.000227  0.000026
    -0.000137  0.000227  0.000026
    -0.000137  0.000227  0.000026
    -0.000137  0.000227  0.000026
    -0.000137  0.000227  0.000026
    -0.000137  0.000227  0.000026
    -0.000137  0.000227  0.000026
    -0.000137  0.000227  0.000026
    -0.000137  0.000227  0.000026
     0.000209  0.000143  0.000026
     0.000346  0.000117  0.000026
     0.000408  0.000096  0.000026
     0.000817 -0.001065  0.000026
     0.001098 -0.001781  0.000025
     0.001070 -0.001536  0.000025
     0.000832 -0.000548  0.000026
     0.000577  0.000064  0.000026
     0.000330  0.000111  0.000026
     0.000194  0.000137  0.000026
     0.000160  0.000142  0.000026
    -0.000137  0.000227  0.000026
    -0.000137  0.000227  0.000026
    -0.000137  0.000227  0.000026
    -0.000137  0.000227  0.000026
    -0.000137  0.000227  0.000026
    -0.000137  0.000227  0.000026
    -0.000137  0.000227  0.000026
    -0.000137  0.000227  0.000026
    -0.000137  0.000227  0.000026
    -0.000137  0.000227  0.000026
    -0.000137  0.000227  0.000026
    -0.000137  0.000227  0.000026
    -0.000137  0.000227  0.000026
    -0.000137  0.000227  0.000026
    -0.000137  0.000227  0.000026
    -0.000137  0.000227  0.000026
    -0.000137  0.000227  0.000026
    -0.000137  0.000227  0.000026
    -0.000137  0.000227  0.000026
    -0.000137  0.000227  0.000026
    -0.000137  0.000227  0.000026
    -0.000137  0.000227  0.000026
    -0.000459  0.000072  0.000026
    -0.000512  0.000067  0.000026
    -0.000586  0.000061  0.000026
    -0.000730  0.000044  0.000026
    -0.000872  0.000030  0.000026
    -0.000964  0.000025  0.000026
    -0.001028  0.000025  0.000026
    -0.000998  0.000036  0.000026
    -0.000891  0.000053  0.000026
    -0.000822  0.000060  0.000026
    -0.000717  0.000071  0.000026
    -0.000617  0.000081  0.000026
    -0.000444  0.000093  0.000026
    -0.000137  0.000227  0.000026
    -0.000137  0.000227  0.000026
    -0.000137  0.000227  0.000026
    -0.000137  0.000227  0.000026
    -0.000137  0.000227  0.000026
    -0.000137  0.000227  0.000026
    -0.000137  0.000227  0.000026
    -0.000137  0.000227  0.000026
    -0.000137  0.000227  0.000026
    -0.000137  0.000227  0.000026
    -0.000137  0.000227  0.000026
    -0.000137  0.000227  0.000026
    -0.000154  0.000218  0.000026
    -0.000172  0.000210  0.000026
    -0.000205  0.000194  0.000026
    -0.000193  0.000200  0.000026
    -0.000137  0.000227  0.000026
    -0.000137  0.000227  0.000026
    -0.000137  0.000227  0.000026
    -0.000137  0.000227  0.000026
    -0.000137  0.000227  0.000026
    -0.000137  0.000227  0.000026
    -0.000137  0.000227  0.000026
    -0.000137  0.000227  0.000026
    -0.000137  0.000227  0.000026
    -0.000137  0.000227  0.000026
    -0.000137  0.000227  0.000026
    -0.000137  0.000227  0.000026
    -0.000137  0.000227  0.000026
    -0.000137  0.000227  0.000026
    -0.000137  0.000227  0.000026
    -0.000137  0.000227  0.000026
    -0.000137  0.000227  0.000026
    -0.000137  0.000227  0.000026
     0.000175  0.000151  0.000026
     0.000310  0.000125  0.000026
     0.000603 -0.000722  0.000026
     0.000800 -0.001295  0.000026
     0.001051 -0.001893  0.000025
     0.001042 -0.001599  0.000025
     0.000764 -0.000477  0.000026
     0.000560  0.000068  0.000026
     0.000386  0.000100  0.000026
     0.000195  0.000137  0.000026
     0.000031  0.000178  0.000026
    -0.000137  0.000227  0.000026
    -0.000137  0.000227  0.000026
    -0.000137  0.000227  0.000026
    -0.000137  0.000227  0.000026
    -0.000137  0.000227  0.000026
    -0.000137  0.000227  0.000026
    -0.000137  0.000227  0.000026
    -0.000137  0.000227  0.000026
    -0.000137  0.000227  0.000026
    -0.000137  0.000227  0.000026
    -0.000137  0.000227  0.000026
    -0.000137  0.000227  0.000026
    -0.000137  0.000227  0.000026
    -0.000137  0.000227  0.000026
    -0.000137  0.000227  0.000026
    -0.000137  0.000227  0.000026
    -0.000137  0.000227  0.000026
    -0.000137  0.000227  0.000026
    -0.000137  0.000227  0.000026
    -0.000137  0.000227  0.000026
    -0.000137  0.000227  0.000026
    -0.000137  0.000227  0.000026
    -0.000137  0.000227  0.000026
    -0.000137  0.000227  0.000026
    -0.000468  0.000071  0.000026
    -0.000521  0.000067  0.000026
    -0.000588  0.000061  0.000026
    -0.000746  0.000042  0.000026
    -0.000812  0.000039  0.000026
    -0.000918  0.000031  0.000026
    -0.000974  0.000032  0.000026
    -0.000935  0.000045  0.000026
    -0.000845  0.000060  0.000026
    -0.000796  0.000065  0.000026
    -0.000702  0.000075  0.000026
    -0.000579  0.000088  0.000026
    -0.000449  0.000096  0.000026
    -0.000137  0.000227  0.000026
    -0.000137  0.000227  0.000026
    -0.000137  0.000227  0.000026
    -0.000137  0.000227  0.000026
    -0.000137  0.000227  0.000026
    -0.000137  0.000227  0.000026
    -0.000137  0.000227  0.000026
    -0.000137  0.000227  0.000026
    -0.000137  0.000227  0.000026
    -0.000137  0.000227  0.000026
    -0.000137  0.000227  0.000026
    -0.000137  0.000227  0.000026
    -0.000137  0.000227  0.000026
    -0.000137  0.000227  0.000026
    -0.000137  0.000227  0.000026
    -0.000137  0.000227  0.000026
    -0.000137  0.000227  0.000026
    -0.000137  0.000227  0.000026
    -0.000137  0.000227  0.000026
    -0.000137  0.000227  0.000026
    -0.000137  0.000227  0.000026
    -0.000137  0.000227  0.000026
    -0.000137  0.000227  0.000026
    -0.000137  0.000227  0.000026
    -0.000137  0.000227  0.000026
    -0.000137  0.000227  0.000026
    -0.000137  0.000227  0.000026
    -0.000137  0.000227  0.000026
    -0.000137  0.000227  0.000026
    -0.000137  0.000227  0.000026
    -0.000137  0.000227  0.000026
    -0.000137  0.000227  0.000026
     0.000106  0.000166  0.000026
     0.000330 -0.000159  0.000026
     0.000601 -0.000963  0.000026
     0.000727 -0.001283  0.000026
     0.000913 -0.001625  0.000025
     0.000915 -0.001309  0.000026
     0.000650 -0.000194  0.000026
     0.000485  0.000082  0.000026
     0.000401  0.000097  0.000026
     0.000194  0.000137  0.000026
     0.000058  0.000170  0.000026
    -0.000137  0.000227  0.000026
    -0.000137  0.000227  0.000026
    -0.000137  0.000227  0.000026
    -0.000137  0.000227  0.000026
    -0.000137  0.000227  0.000026
    -0.000137  0.000227  0.000026
    -0.000137  0.000227  0.000026
    -0.000137  0.000227  0.000026
    -0.000137  0.000227  0.000026
    -0.000137  0.000227  0.000026
    -0.000137  0.000227  0.000026
    -0.000137  0.000227  0.000026
    -0.000137  0.000227  0.000026
    -0.000137  0.000227  0.000026
    -0.000137  0.000227  0.000026
    -0.000137  0.000227  0.000026
    -0.000137  0.000227  0.000026
    -0.000137  0.000227  0.000026
    -0.000137  0.000227  0.000026
    -0.000137  0.000227  0.000026
    -0.000137  0.000227  0.000026
    -0.000137  0.000227  0.000026
    -0.000137  0.000227  0.000026
    -0.000137  0.000227  0.000026
    -0.000137  0.000227  0.000026
    -0.000137  0.000227  0.000026
    -0.000334  0.000130  0.000026
    -0.000525  0.000066  0.000026
    -0.000666  0.000049  0.000026
    -0.000753  0.000042  0.000026
    -0.000804  0.000040  0.000026
    -0.000838  0.000042  0.000026
    -0.000907  0.000041  0.000026
    -0.000866  0.000053  0.000026
    -0.000786  0.000067  0.000026
    -0.000763  0.000069  0.000026
    -0.000684  0.000079  0.000026
    -0.000553  0.000092  0.000026
    -0.000457  0.000096  0.000026
    -0.000185  0.000204  0.000026
    -0.000137  0.000227  0.000026
    -0.000137  0.000227  0.000026
    -0.000137  0.000227  0.000026
    -0.000137  0.000227  0.000026
    -0.000137  0.000227  0.000026
    -0.000137  0.000227  0.000026
    -0.000137  0.000227  0.000026
    -0.000137  0.000227  0.000026
    -0.000137  0.000227  0.000026
    -0.000137  0.000227  0.000026
    -0.000137  0.000227  0.000026
    -0.000137  0.000227  0.000026
    -0.000137  0.000227  0.000026
    -0.000137  0.000227  0.000026
    -0.000137  0.000227  0.000026
    -0.000137  0.000227  0.000026
    -0.000137  0.000227  0.000026
    -0.000137  0.000227  0.000026
    -0.000137  0.000227  0.000026
    -0.000137  0.000227  0.000026
    -0.000137  0.000227  0.000026
    -0.000137  0.000227  0.000026
    -0.000137  0.000227  0.000026
    -0.000137  0.000227  0.000026
    -0.000137  0.000227  0.000026
    -0.000137  0.000227  0.000026
    -0.000137  0.000227  0.000026
    -0.000137  0.000227  0.000026
    -0.000137  0.000227  0.000026
     0.000060  0.000175  0.000026
     0.000317 -0.000253  0.000026
     0.000539 -0.000882  0.000026
     0.000565 -0.000835  0.000026
     0.000719 -0.001060  0.000026
     0.000740 -0.000838  0.000026
     0.000505  0.000081  0.000026
     0.000467  0.000086  0.000026
     0.000404  0.000097  0.000026
     0.000295  0.000117  0.000026
     0.000066  0.000168  0.000026
    -0.000137  0.000227  0.000026
    -0.000137  0.000227  0.000026
    -0.000137  0.000227  0.000026
    -0.000137  0.000227  0.000026
    -0.000137  0.000227  0.000026
    -0.000137  0.000227  0.000026
    -0.000137  0.000227  0.000026
    -0.000137  0.000227  0.000026
    -0.000137  0.000227  0.000026
    -0.000137  0.000227  0.000026
    -0.000137  0.000227  0.000026
    -0.000137  0.000227  0.000026
    -0.000137  0.000227  0.000026
    -0.000137  0.000227  0.000026
    -0.000137  0.000227  0.000026
    -0.000137  0.000227  0.000026
    -0.000137  0.000227  0.000026
    -0.000137  0.000227  0.000026
    -0.000137  0.000227  0.000026
    -0.000137  0.000227  0.000026
    -0.000137  0.000227  0.000026
    -0.000137  0.000227  0.000026
    -0.000137  0.000227  0.000026
    -0.000137  0.000227  0.000026
    -0.000137  0.000227  0.000026
    -0.000137  0.000227  0.000026
    -0.000137  0.000227  0.000026
    -0.000137  0.000227  0.000026
    -0.000344  0.000126  0.000026
    -0.000523  0.000067  0.000026
    -0.000673  0.000048  0.000026
    -0.000750  0.000042  0.000026
    -0.000790  0.000042  0.000026
    -0.000816  0.000046  0.000026
    -0.000804  0.000054  0.000026
    -0.000806  0.000061  0.000026
    -0.000729  0.000075  0.000026
    -0.000724  0.000075  0.000026
    -0.000655  0.000083  0.000026
    -0.000530  0.000094  0.000026
    -0.000457  0.000096  0.000026
    -0.000324  0.000135  0.000026
    -0.000137  0.000227  0.000026
    -0.000137  0.000227  0.000026
    -0.000137  0.000227  0.000026
    -0.000137  0.000227  0.000026
    -0.000137  0.000227  0.000026
    -0.000137  0.000227  0.000026
    -0.000137  0.000227  0.000026
    -0.000137  0.000227  0.000026
    -0.000137  0.000227  0.000026
    -0.000137  0.000227  0.000026
    -0.000137  0.000227  0.000026
    -0.000137  0.000227  0.000026
    -0.000137  0.000227  0.000026
    -0.000137  0.000227  0.000026
    -0.000137  0.000227  0.000026
    -0.000137  0.000227  0.000026
    -0.000137  0.000227  0.000026
    -0.000137  0.000227  0.000026
    -0.000137  0.000227  0.000026
    -0.000137  0.000227  0.000026
    -0.000137  0.000227  0.000026
    -0.000137  0.000227  0.000026
    -0.000137  0.000227  0.000026
    -0.000137  0.000227  0.000026
    -0.000137  0.000227  0.000026
    -0.000137  0.000227  0.000026
    -0.000137  0.000227  0.000026
     0.000034  0.000180  0.000026
     0.000241 -0.000035  0.000026
     0.000425 -0.000545  0.000026
     0.000400 -0.000334  0.000026
     0.000551 -0.000591  0.000026
     0.000445  0.000096  0.000026
     0.000471  0.000088  0.000026
     0.000441  0.000092  0.000026
     0.000394  0.000099  0.000026
     0.000298  0.000117  0.000026
     0.000055  0.000171  0.000026
    -0.000137  0.000227  0.000026
    -0.000137  0.000227  0.000026
    -0.000137  0.000227  0.000026
    -0.000137  0.000227  0.000026
    -0.000137  0.000227  0.000026
    -0.000137  0.000227  0.000026
    -0.000137  0.000227  0.000026
    -0.000137  0.000227  0.000026
    -0.000137  0.000227  0.000026
    -0.000137  0.000227  0.000026
    -0.000137  0.000227  0.000026
    -0.000137  0.000227  0.000026
    -0.000137  0.000227  0.000026
    -0.000137  0.000227  0.000026
    -0.000137  0.000227  0.000026
    -0.000137  0.000227  0.000026
    -0.000137  0.000227  0.000026
    -0.000137  0.000227  0.000026
    -0.000137  0.000227  0.000026
    -0.000137  0.000227  0.000026
    -0.000137  0.000227  0.000026
    -0.000137  0.000227  0.000026
    -0.000137  0.000227  0.000026
    -0.000137  0.000227  0.000026
    -0.000137  0.000227  0.000026
    -0.000137  0.000227  0.000026
    -0.000137  0.000227  0.000026
    -0.000137  0.000227  0.000026
    -0.000137  0.000227  0.000026
    -0.000137  0.000227  0.000026
    -0.000375  0.000110  0.000026
    -0.000513  0.000068  0.000026
    -0.000670  0.000049  0.000026
    -0.000738  0.000044  0.000026
    -0.000785  0.000044  0.000026
    -0.000797  0.000049  0.000026
    -0.000759  0.000060  0.000026
    -0.000720  0.000070  0.000026
    -0.000650  0.000083  0.000026
    -0.000658  0.000082  0.000026
    -0.000604  0.000092  0.000026
    -0.000522  0.000099  0.000026
    -0.000451  0.000101  0.000026
    -0.000406  0.000100  0.000026
    -0.000205  0.000194  0.000026
    -0.000137  0.000227  0.000026
    -0.000137  0.000227  0.000026
    -0.000137  0.000227  0.000026
    -0.000137  0.000227  0.000026
    -0.000137  0.000227  0.000026
    -0.000137  0.000227  0.000026
    -0.000137  0.000227  0.000026
    -0.000137  0.000227  0.000026
    -0.000137  0.000227  0.000026
    -0.000137  0.000227  0.000026
    -0.000137  0.000227  0.000026
    -0.000137  0.000227  0.000026
    -0.000137  0.000227  0.000026
    -0.000137  0.000227  0.000026
    -0.000137  0.000227  0.000026
    -0.000137  0.000227  0.000026
    -0.000137  0.000227  0.000026
    -0.000137  0.000227  0.000026
    -0.000137  0.000227  0.000026
    -0.000137  0.000227  0.000026
    -0.000137  0.000227  0.000026
    -0.000137  0.000227  0.000026
    -0.000137  0.000227  0.000026
    -0.000137  0.000227  0.000026
     0.000021  0.000184  0.000026
     0.000139  0.000162  0.000026
     0.000229  0.000142  0.000026
     0.000224  0.000143  0.000026
     0.000321  0.000122  0.000026
     0.000382  0.000108  0.000026
     0.000437  0.000095  0.000026
     0.000427  0.000095  0.000026
     0.000372  0.000104  0.000026
     0.000290  0.000118  0.000026
     0.000013  0.000183  0.000026
    -0.000137  0.000227  0.000026
    -0.000137  0.000227  0.000026
    -0.000137  0.000227  0.000026
    -0.000137  0.000227  0.000026
    -0.000137  0.000227  0.000026
    -0.000137  0.000227  0.000026
    -0.000137  0.000227  0.000026
    -0.000137  0.000227  0.000026
    -0.000137  0.000227  0.000026
    -0.000137  0.000227  0.000026
    -0.000137  0.000227  0.000026
    -0.000137  0.000227  0.000026
    -0.000137  0.000227  0.000026
    -0.000137  0.000227  0.000026
    -0.000137  0.000227  0.000026
    -0.000137  0.000227  0.000026
    -0.000137  0.000227  0.000026
    -0.000137  0.000227  0.000026
    -0.000137  0.000227  0.000026
    -0.000137  0.000227  0.000026
    -0.000137  0.000227  0.000026
    -0.000137  0.000227  0.000026
    -0.000137  0.000227  0.000026
    -0.000137  0.000227  0.000026
    -0.000137  0.000227  0.000026
    -0.000137  0.000227  0.000026
    -0.000137  0.000227  0.000026
    -0.000137  0.000227  0.000026
    -0.000137  0.000227  0.000026
    -0.000137  0.000227  0.000026
    -0.000137  0.000227  0.000026
    -0.000137  0.000227  0.000026
    -0.000445  0.000076  0.000026
    -0.000512  0.000069  0.000026
    -0.000664  0.000050  0.000026
    -0.000720  0.000047  0.000026
    -0.000769  0.000046  0.000026
    -0.000772  0.000052  0.000026
    -0.000734  0.000063  0.000026
    -0.000680  0.000075  0.000026
    -0.000623  0.000087  0.000026
    -0.000637  0.000086  0.000026
    -0.000560  0.000097  0.000026
    -0.000488  0.000103  0.000026
    -0.000437  0.000105  0.000026
    -0.000395  0.000104  0.000026
    -0.000265  0.000164  0.000026
    -0.000137  0.000227  0.000026
    -0.000137  0.000227  0.000026
    -0.000137  0.000227  0.000026
    -0.000137  0.000227  0.000026
    -0.000137  0.000227  0.000026
    -0.000137  0.000227  0.000026
    -0.000137  0.000227  0.000026
    -0.000137  0.000227  0.000026
    -0.000137  0.000227  0.000026
    -0.000137  0.000227  0.000026
    -0.000137  0.000227  0.000026
    -0.000137  0.000227  0.000026
    -0.000137  0.000227  0.000026
    -0.000137  0.000227  0.000026
    -0.000137  0.000227  0.000026
    -0.000137  0.000227  0.000026
    -0.000137  0.000227  0.000026
    -0.000137  0.000227  0.000026
    -0.000137  0.000227  0.000026
    -0.000137  0.000227  0.000026
    -0.000137  0.000227  0.000026
    -0.000137  0.000227  0.000026
    -0.000023  0.000194  0.000026
     0.000092  0.000170  0.000026
     0.000195  0.000149  0.000026
     0.000185  0.000151  0.000026
     0.000266  0.000133  0.000026
     0.000340  0.000117  0.000026
     0.000396  0.000104  0.000026
     0.000398  0.000101  0.000026
     0.000342  0.000110  0.000026
     0.000274  0.000122  0.000026
    -0.000018  0.000192  0.000026
    -0.000137  0.000227  0.000026
    -0.000137  0.000227  0.000026
    -0.000137  0.000227  0.000026
    -0.000137  0.000227  0.000026
    -0.000137  0.000227  0.000026
    -0.000137  0.000227  0.000026
    -0.000137  0.000227  0.000026
    -0.000137  0.000227  0.000026
    -0.000137  0.000227  0.000026
    -0.000137  0.000227  0.000026
    -0.000137  0.000227  0.000026
    -0.000137  0.000227  0.000026
    -0.000137  0.000227  0.000026
    -0.000137  0.000227  0.000026
    -0.000137  0.000227  0.000026
    -0.000137  0.000227  0.000026
    -0.000137  0.000227  0.000026
    -0.000137  0.000227  0.000026
    -0.000137  0.000227  0.000026
    -0.000137  0.000227  0.000026
    -0.000137  0.000227  0.000026
    -0.000137  0.000227  0.000026
    -0.000137  0.000227  0.000026
    -0.000137  0.000227  0.000026
    -0.000137  0.000227  0.000026
    -0.000137  0.000227  0.000026
    -0.000137  0.000227  0.000026
    -0.000137  0.000227  0.000026
    -0.000137  0.000227  0.000026
    -0.000137  0.000227  0.000026
    -0.000137  0.000227  0.000026
    -0.000137  0.000227  0.000026
    -0.000137  0.000227  0.000026
    -0.000137  0.000227  0.000026
    -0.000368  0.000114  0.000026
    -0.000505  0.000070  0.000026
    -0.000670  0.000051  0.000026
    -0.000718  0.000049  0.000026
    -0.000753  0.000049  0.000026
    -0.000748  0.000056  0.000026
    -0.000711  0.000066  0.000026
    -0.000663  0.000078  0.000026
    -0.000604  0.000090  0.000026
    -0.000618  0.000090  0.000026
    -0.000544  0.000101  0.000026
    -0.000492  0.000106  0.000026
    -0.000442  0.000109  0.000026
    -0.000404  0.000110  0.000026
    -0.000348  0.000124  0.000026
    -0.000271  0.000161  0.000026
    -0.000183  0.000204  0.000026
    -0.000137  0.000227  0.000026
    -0.000137  0.000227  0.000026
    -0.000137  0.000227  0.000026
    -0.000137  0.000227  0.000026
    -0.000137  0.000227  0.000026
    -0.000137  0.000227  0.000026
    -0.000137  0.000227  0.000026
    -0.000137  0.000227  0.000026
    -0.000137  0.000227  0.000026
    -0.000137  0.000227  0.000026
    -0.000137  0.000227  0.000026
    -0.000137  0.000227  0.000026
    -0.000137  0.000227  0.000026
    -0.000137  0.000227  0.000026
    -0.000137  0.000227  0.000026
    -0.000137  0.000227  0.000026
    -0.000137  0.000227  0.000026
    -0.000137  0.000227  0.000026
    -0.000008  0.000190  0.000026
     0.000066  0.000176  0.000026
     0.000164  0.000156  0.000026
     0.000156  0.000157  0.000026
     0.000234  0.000140  0.000026
     0.000301  0.000125  0.000026
     0.000353  0.000113  0.000026
     0.000363  0.000109  0.000026
     0.000318  0.000116  0.000026
     0.000264  0.000125  0.000026
    -0.000058  0.000204  0.000026
    -0.000137  0.000227  0.000026
    -0.000137  0.000227  0.000026
    -0.000137  0.000227  0.000026
    -0.000137  0.000227  0.000026
    -0.000137  0.000227  0.000026
    -0.000137  0.000227  0.000026
    -0.000137  0.000227  0.000026
    -0.000137  0.000227  0.000026
    -0.000137  0.000227  0.000026
    -0.000137  0.000227  0.000026
    -0.000137  0.000227  0.000026
    -0.000137  0.000227  0.000026
    -0.000137  0.000227  0.000026
    -0.000137  0.000227  0.000026
    -0.000137  0.000227  0.000026
    -0.000137  0.000227  0.000026
    -0.000137  0.000227  0.000026
    -0.000137  0.000227  0.000026
    -0.000137  0.000227  0.000026
    -0.000137  0.000227  0.000026
    -0.000137  0.000227  0.000026
    -0.000137  0.000227  0.000026
    -0.000137  0.000227  0.000026
    -0.000137  0.000227  0.000026
    -0.000137  0.000227  0.000026
    -0.000137  0.000227  0.000026
    -0.000137  0.000227  0.000026
    -0.000137  0.000227  0.000026
    -0.000137  0.000227  0.000026
    -0.000137  0.000227  0.000026
    -0.000137  0.000227  0.000026
    -0.000137  0.000227  0.000026
    -0.000137  0.000227  0.000026
    -0.000137  0.000227  0.000026
    -0.000137  0.000227  0.000026
    -0.000137  0.000227  0.000026
    -0.000243  0.000175  0.000026
    -0.000550  0.000063  0.000026
    -0.000638  0.000055  0.000026
    -0.000696  0.000053  0.000026
    -0.000739  0.000053  0.000026
    -0.000736  0.000060  0.000026
    -0.000703  0.000070  0.000026
    -0.000659  0.000082  0.000026
    -0.000606  0.000094  0.000026
    -0.000612  0.000096  0.000026
    -0.000548  0.000108  0.000026
    -0.000491  0.000115  0.000026
    -0.000450  0.000119  0.000026
    -0.000408  0.000121  0.000026
    -0.000379  0.000122  0.000026
    -0.000353  0.000123  0.000026
    -0.000273  0.000160  0.000026
    -0.000271  0.000162  0.000026
    -0.000223  0.000185  0.000026
    -0.000151  0.000220  0.000026
    -0.000137  0.000227  0.000026
    -0.000137  0.000227  0.000026
    -0.000137  0.000227  0.000026
    -0.000137  0.000227  0.000026
    -0.000137  0.000227  0.000026
    -0.000137  0.000227  0.000026
    -0.000137  0.000227  0.000026
    -0.000137  0.000227  0.000026
    -0.000137  0.000227  0.000026
    -0.000137  0.000227  0.000026
    -0.000137  0.000227  0.000026
    -0.000137  0.000227  0.000026
    -0.000137  0.000227  0.000026
    -0.000030  0.000198  0.000026
     0.000046  0.000183  0.000026
     0.000213 -0.000273  0.000026
     0.000139  0.000129  0.000026
     0.000251 -0.000111  0.000026
     0.000332 -0.000222  0.000026
     0.000368 -0.000169  0.000026
     0.000326  0.000117  0.000026
     0.000278  0.000124  0.000026
     0.000216  0.000134  0.000026
     0.000091  0.000161  0.000026
    -0.000137  0.000227  0.000026
    -0.000137  0.000227  0.000026
    -0.000137  0.000227  0.000026
    -0.000137  0.000227  0.000026
    -0.000137  0.000227  0.000026
    -0.000137  0.000227  0.000026
    -0.000137  0.000227  0.000026
    -0.000137  0.000227  0.000026
    -0.000137  0.000227  0.000026
    -0.000137  0.000227  0.000026
    -0.000137  0.000227  0.000026
    -0.000137  0.000227  0.000026
    -0.000137  0.000227  0.000026
    -0.000137  0.000227  0.000026
    -0.000137  0.000227  0.000026
    -0.000137  0.000227  0.000026
    -0.000137  0.000227  0.000026
    -0.000137  0.000227  0.000026
    -0.000137  0.000227  0.000026
    -0.000137  0.000227  0.000026
    -0.000137  0.000227  0.000026
    -0.000137  0.000227  0.000026
    -0.000137  0.000227  0.000026
    -0.000137  0.000227  0.000026
    -0.000137  0.000227  0.000026
    -0.000137  0.000227  0.000026
    -0.000137  0.000227  0.000026
    -0.000137  0.000227  0.000026
    -0.000137  0.000227  0.000026
    -0.000137  0.000227  0.000026
    -0.000137  0.000227  0.000026
    -0.000137  0.000227  0.000026
    -0.000137  0.000227  0.000026
    -0.000137  0.000227  0.000026
    -0.000137  0.000227  0.000026
    -0.000137  0.000227  0.000026
    -0.000137  0.000227  0.000026
    -0.000137  0.000227  0.000026
    -0.000137  0.000227  0.000026
    -0.000431  0.000083  0.000026
    -0.000592  0.000061  0.000026
    -0.000655  0.000058  0.000026
    -0.000708  0.000058  0.000026
    -0.000708  0.000064  0.000026
    -0.000680  0.000074  0.000026
    -0.000641  0.000085  0.000026
    -0.000594  0.000097  0.000026
    -0.000544  0.000108  0.000026
    -0.000543  0.000112  0.000026
    -0.000499  0.000121  0.000026
    -0.000462  0.000127  0.000026
    -0.000425  0.000131  0.000026
    -0.000388  0.000135  0.000026
    -0.000359  0.000137  0.000026
    -0.000334  0.000140  0.000026
    -0.000313  0.000143  0.000026
    -0.000300  0.000147  0.000026
    -0.000244  0.000175  0.000026
    -0.000194  0.000199  0.000026
    -0.000137  0.000227  0.000026
    -0.000137  0.000227  0.000026
    -0.000137  0.000227  0.000026
    -0.000137  0.000227  0.000026
    -0.000137  0.000227  0.000026
    -0.000137  0.000227  0.000026
    -0.000137  0.000227  0.000026
    -0.000137  0.000227  0.000026
    -0.000137  0.000227  0.000026
    -0.000084  0.000071  0.000026
     0.000035 -0.000230  0.000026
     0.000149 -0.000502  0.000026
     0.000081 -0.000078  0.000026
     0.000186 -0.000290  0.000026
     0.000273 -0.000428  0.000026
     0.000328 -0.000436  0.000026
     0.000345 -0.000302  0.000026
     0.000273  0.000128  0.000026
     0.000220  0.000136  0.000026
     0.000153  0.000147  0.000026
    -0.000137  0.000227  0.000026
    -0.000137  0.000227  0.000026
    -0.000137  0.000227  0.000026
    -0.000137  0.000227  0.000026
    -0.000137  0.000227  0.000026
    -0.000137  0.000227  0.000026
    -0.000137  0.000227  0.000026
    -0.000137  0.000227  0.000026
    -0.000137  0.000227  0.000026
    -0.000137  0.000227  0.000026
    -0.000137  0.000227  0.000026
    -0.000137  0.000227  0.000026
    -0.000137  0.000227  0.000026
    -0.000137  0.000227  0.000026
    -0.000137  0.000227  0.000026
    -0.000137  0.000227  0.000026
    -0.000137  0.000227  0.000026
    -0.000137  0.000227  0.000026
    -0.000137  0.000227  0.000026
    -0.000137  0.000227  0.000026
    -0.000137  0.000227  0.000026
    -0.000137  0.000227  0.000026
    -0.000137  0.000227  0.000026
    -0.000137  0.000227  0.000026
    -0.000137  0.000227  0.000026
    -0.000137  0.000227  0.000026
    -0.000137  0.000227  0.000026
    -0.000137  0.000227  0.000026
    -0.000137  0.000227  0.000026
    -0.000137  0.000227  0.000026
    -0.000137  0.000227  0.000026
    -0.000137  0.000227  0.000026
    -0.000137  0.000227  0.000026
    -0.000137  0.000227  0.000026
    -0.000137  0.000227  0.000026
    -0.000137  0.000227  0.000026
    -0.000137  0.000227  0.000026
    -0.000137  0.000227  0.000026
    -0.000137  0.000227  0.000026
    -0.000137  0.000227  0.000026
    -0.000137  0.000227  0.000026
    -0.000137  0.000227  0.000026
    -0.000245  0.000174  0.000026
    -0.000530  0.000068  0.000026
    -0.000592  0.000065  0.000026
    -0.000655  0.000063  0.000026
    -0.000669  0.000069  0.000026
    -0.000649  0.000078  0.000026
    -0.000618  0.000088  0.000026
    -0.000577  0.000100  0.000026
    -0.000532  0.000111  0.000026
    -0.000433 -0.000474  0.000026
    -0.000406 -0.000284  0.000026
    -0.000349 -0.000458  0.000026
    -0.000328 -0.000400  0.000026
    -0.000319 -0.000262  0.000026
    -0.000309 -0.000140  0.000026
    -0.000301 -0.000022  0.000026
    -0.000288  0.000070  0.000026
    -0.000279  0.000167  0.000026
    -0.000261  0.000155  0.000026
    -0.000237  0.000130  0.000026
    -0.000194  0.000150  0.000026
    -0.000144  0.000192  0.000026
    -0.000101  0.000033  0.000026
    -0.000072 -0.000123  0.000026
    -0.000038 -0.000306  0.000026
    -0.000002 -0.000498  0.000026
     0.000040 -0.000723  0.000026
     0.000063 -0.000838  0.000026
     0.000086 -0.000718  0.000026
     0.000243 -0.001112  0.000026
     0.000119 -0.000447  0.000026
     0.000201 -0.000568  0.000026
     0.000264 -0.000604  0.000026
     0.000293 -0.000506  0.000026
     0.000267 -0.000185  0.000026
     0.000201  0.000142  0.000026
     0.000138  0.000152  0.000026
     0.000002  0.000186  0.000026
    -0.000137  0.000227  0.000026
    -0.000137  0.000227  0.000026
    -0.000137  0.000227  0.000026
    -0.000137  0.000227  0.000026
    -0.000137  0.000227  0.000026
    -0.000137  0.000227  0.000026
    -0.000137  0.000227  0.000026
    -0.000137  0.000227  0.000026
    -0.000137  0.000227  0.000026
    -0.000137  0.000227  0.000026
    -0.000137  0.000227  0.000026
    -0.000137  0.000227  0.000026
    -0.000137  0.000227  0.000026
    -0.000137  0.000227  0.000026
    -0.000137  0.000227  0.000026
    -0.000137  0.000227  0.000026
    -0.000137  0.000227  0.000026
    -0.000137  0.000227  0.000026
    -0.000137  0.000227  0.000026
    -0.000137  0.000227  0.000026
    -0.000137  0.000227  0.000026
    -0.000137  0.000227  0.000026
    -0.000137  0.000227  0.000026
    -0.000137  0.000227  0.000026
    -0.000137  0.000227  0.000026
    -0.000137  0.000227  0.000026
    -0.000137  0.000227  0.000026
    -0.000137  0.000227  0.000026
    -0.000137  0.000227  0.000026
    -0.000137  0.000227  0.000026
    -0.000137  0.000227  0.000026
    -0.000137  0.000227  0.000026
    -0.000137  0.000227  0.000026
    -0.000137  0.000227  0.000026
    -0.000137  0.000227  0.000026
    -0.000137  0.000227  0.000026
    -0.000137  0.000227  0.000026
    -0.000137  0.000227  0.000026
    -0.000137  0.000227  0.000026
    -0.000137  0.000227  0.000026
    -0.000137  0.000227  0.000026
    -0.000137  0.000227  0.000026
    -0.000137  0.000227  0.000026
    -0.000137  0.000227  0.000026
    -0.000137  0.000227  0.000026
    -0.000471  0.000075  0.000026
    -0.000520  0.000072  0.000026
    -0.000578  0.000070  0.000026
    -0.000608  0.000074  0.000026
    -0.000604  0.000081  0.000026
    -0.000580  0.000091  0.000026
    -0.000549  0.000101  0.000026
    -0.000504  0.000077  0.000026
    -0.000456  0.000048  0.000026
    -0.000349 -0.000466  0.000026
    -0.000286 -0.000645  0.000026
    -0.000231 -0.000807  0.000026
    -0.000173 -0.000989  0.000026
    -0.000130 -0.001074  0.000026
    -0.000111 -0.001019  0.000026
    -0.000105 -0.000902  0.000026
    -0.000106 -0.000761  0.000026
    -0.000081 -0.000741  0.000026
    -0.000039 -0.000807  0.000026
     0.000021 -0.000984  0.000026
     0.000108 -0.001129  0.000026
     0.000134 -0.001228  0.000026
     0.000130 -0.001207  0.000026
     0.000103 -0.001065  0.000026
     0.000080 -0.000939  0.000026
     0.000066 -0.000864  0.000026
    -0.000012 -0.000391  0.000026
     0.000087 -0.000465  0.000026
     0.000138 -0.000451  0.000026
     0.000160 -0.000314  0.000026
     0.000151 -0.000059  0.000026
     0.000129  0.000158  0.000026
     0.000108  0.000159  0.000026
    -0.000042  0.000199  0.000026
    -0.000137  0.000227  0.000026
    -0.000137  0.000227  0.000026
    -0.000137  0.000227  0.000026
    -0.000137  0.000227  0.000026
    -0.000137  0.000227  0.000026
    -0.000137  0.000227  0.000026
    -0.000137  0.000227  0.000026
    -0.000137  0.000227  0.000026
    -0.000137  0.000227  0.000026
    -0.000137  0.000227  0.000026
    -0.000137  0.000227  0.000026
    -0.000137  0.000227  0.000026
    -0.000137  0.000227  0.000026
    -0.000137  0.000227  0.000026
    -0.000137  0.000227  0.000026
    -0.000137  0.000227  0.000026
    -0.000137  0.000227  0.000026
    -0.000137  0.000227  0.000026
    -0.000137  0.000227  0.000026
    -0.000137  0.000227  0.000026
    -0.000137  0.000227  0.000026
    -0.000137  0.000227  0.000026
    -0.000137  0.000227  0.000026
    -0.000137  0.000227  0.000026
    -0.000137  0.000227  0.000026
    -0.000137  0.000227  0.000026
    -0.000137  0.000227  0.000026
    -0.000137  0.000227  0.000026
    -0.000137  0.000227  0.000026
    -0.000137  0.000227  0.000026
    -0.000137  0.000227  0.000026
    -0.000137  0.000227  0.000026
    -0.000137  0.000227  0.000026
    -0.000137  0.000227  0.000026
    -0.000137  0.000227  0.000026
    -0.000137  0.000227  0.000026
    -0.000137  0.000227  0.000026
    -0.000137  0.000227  0.000026
    -0.000137  0.000227  0.000026
    -0.000137  0.000227  0.000026
    -0.000137  0.000227  0.000026
    -0.000137  0.000227  0.000026
    -0.000137  0.000227  0.000026
    -0.000137  0.000227  0.000026
    -0.000137  0.000227  0.000026
    -0.000137  0.000227  0.000026
    -0.000137  0.000227  0.000026
    -0.000137  0.000227  0.000026
    -0.000137  0.000227  0.000026
    -0.000456  0.000079  0.000026
    -0.000498  0.000078  0.000026
    -0.000532  0.000079  0.000026
    -0.000544  0.000084  0.000026
    -0.000529  0.000091  0.000026
    -0.000507  0.000100  0.000026
    -0.000480  0.000109  0.000026
    -0.000446  0.000119  0.000026
    -0.000411  0.000128  0.000026
    -0.000355  0.000139  0.000026
    -0.000338 -0.000059  0.000026
    -0.000272 -0.000305  0.000026
    -0.000210 -0.000521  0.000026
    -0.000153 -0.000696  0.000026
    -0.000103 -0.000828  0.000026
    -0.000061 -0.000915  0.000026
    -0.000041 -0.000877  0.000026
    -0.000027 -0.000781  0.000026
     0.000021 -0.000621  0.000026
    -0.000013 -0.000437  0.000026
    -0.000054 -0.000219  0.000026
    -0.000137  0.000227  0.000026
    -0.000137  0.000227  0.000026
    -0.000131  0.000193  0.000026
    -0.000135  0.000215  0.000026
    -0.000054  0.000203  0.000026
     0.000012  0.000184  0.000026
     0.000042  0.000176  0.000026
     0.000005  0.000186  0.000026
    -0.000130  0.000225  0.000026
    -0.000137  0.000227  0.000026
    -0.000137  0.000227  0.000026
    -0.000137  0.000227  0.000026
    -0.000137  0.000227  0.000026
    -0.000137  0.000227  0.000026
    -0.000137  0.000227  0.000026
    -0.000137  0.000227  0.000026
    -0.000137  0.000227  0.000026
    -0.000137  0.000227  0.000026
    -0.000137  0.000227  0.000026
    -0.000137  0.000227  0.000026
    -0.000137  0.000227  0.000026
    -0.000137  0.000227  0.000026
    -0.000137  0.000227  0.000026
    -0.000137  0.000227  0.000026
    -0.000137  0.000227  0.000026
    -0.000137  0.000227  0.000026
    -0.000137  0.000227  0.000026
    -0.000137  0.000227  0.000026
    -0.000137  0.000227  0.000026
    -0.000137  0.000227  0.000026
    -0.000137  0.000227  0.000026
    -0.000137  0.000227  0.000026
    -0.000137  0.000227  0.000026
    -0.000137  0.000227  0.000026
    -0.000137  0.000227  0.000026
    -0.000137  0.000227  0.000026
    -0.000137  0.000227  0.000026
    -0.000137  0.000227  0.000026
    -0.000137  0.000227  0.000026
    -0.000137  0.000227  0.000026
    -0.000137  0.000227  0.000026
    -0.000137  0.000227  0.000026
    -0.000137  0.000227  0.000026
    -0.000137  0.000227  0.000026
    -0.000137  0.000227  0.000026
    -0.000137  0.000227  0.000026
    -0.000137  0.000227  0.000026
    -0.000137  0.000227  0.000026
    -0.000137  0.000227  0.000026
    -0.000137  0.000227  0.000026
    -0.000137  0.000227  0.000026
    -0.000137  0.000227  0.000026
    -0.000137  0.000227  0.000026
    -0.000137  0.000227  0.000026
    -0.000137  0.000227  0.000026
    -0.000137  0.000227  0.000026
    -0.000137  0.000227  0.000026
    -0.000137  0.000227  0.000026
    -0.000137  0.000227  0.000026
    -0.000137  0.000227  0.000026
    -0.000137  0.000227  0.000026
    -0.000137  0.000227  0.000026
    -0.000245  0.000174  0.000026
    -0.000419  0.000089  0.000026
    -0.000473  0.000088  0.000026
    -0.000477  0.000093  0.000026
    -0.000461  0.000100  0.000026
    -0.000440  0.000108  0.000026
    -0.000415  0.000115  0.000026
    -0.000388  0.000123  0.000026
    -0.000359  0.000131  0.000026
    -0.000293  0.000151  0.000026
    -0.000211  0.000191  0.000026
    -0.000302  0.000149  0.000026
    -0.000274  0.000160  0.000026
    -0.000219  0.000187  0.000026
    -0.000157  0.000217  0.000026
    -0.000137  0.000227  0.000026
    -0.000137  0.000227  0.000026
    -0.000137  0.000227  0.000026
    -0.000137  0.000227  0.000026
    -0.000137  0.000227  0.000026
    -0.000137  0.000227  0.000026
    -0.000137  0.000227  0.000026
    -0.000137  0.000227  0.000026
    -0.000137  0.000227  0.000026
    -0.000137  0.000227  0.000026
    -0.000137  0.000227  0.000026
    -0.000137  0.000227  0.000026
    -0.000137  0.000227  0.000026
    -0.000137  0.000227  0.000026
    -0.000137  0.000227  0.000026
    -0.000137  0.000227  0.000026
    -0.000137  0.000227  0.000026
    -0.000137  0.000227  0.000026
    -0.000137  0.000227  0.000026
    -0.000137  0.000227  0.000026
    -0.000137  0.000227  0.000026
    -0.000137  0.000227  0.000026
    -0.000137  0.000227  0.000026
    -0.000137  0.000227  0.000026
    -0.000137  0.000227  0.000026
    -0.000137  0.000227  0.000026
    -0.000137  0.000227  0.000026
    -0.000137  0.000227  0.000026
    -0.000137  0.000227  0.000026
    -0.000137  0.000227  0.000026
    -0.000137  0.000227  0.000026
    -0.000137  0.000227  0.000026
    -0.000137  0.000227  0.000026
    -0.000137  0.000227  0.000026
    -0.000137  0.000227  0.000026
    -0.000137  0.000227  0.000026
    -0.000137  0.000227  0.000026
    -0.000137  0.000227  0.000026
    -0.000137  0.000227  0.000026
