# vtk DataFile Version 3.0
Predicted magnetic field
ASCII

DATASET STRUCTURED_GRID
DIMENSIONS 81 81 1
POINTS 6561 float
    -10.584000 -10.584000  0.529000
    -10.584000 -10.319000  0.529000
    -10.584000 -10.054000  0.529000
    -10.584000 -9.790000  0.529000
    -10.584000 -9.525000  0.529000
    -10.584000 -9.261000  0.529000
    -10.584000 -8.996000  0.529000
    -10.584000 -8.731000  0.529000
    -10.584000 -8.467000  0.529000
    -10.584000 -8.202000  0.529000
    -10.584000 -7.938000  0.529000
    -10.584000 -7.673000  0.529000
    -10.584000 -7.408000  0.529000
    -10.584000 -7.144000  0.529000
    -10.584000 -6.879000  0.529000
    -10.584000 -6.615000  0.529000
    -10.584000 -6.350000  0.529000
    -10.584000 -6.086000  0.529000
    -10.584000 -5.821000  0.529000
    -10.584000 -5.556000  0.529000
    -10.584000 -5.292000  0.529000
    -10.584000 -5.027000  0.529000
    -10.584000 -4.763000  0.529000
    -10.584000 -4.498000  0.529000
    -10.584000 -4.233000  0.529000
    -10.584000 -3.969000  0.529000
    -10.584000 -3.704000  0.529000
    -10.584000 -3.440000  0.529000
    -10.584000 -3.175000  0.529000
    -10.584000 -2.910000  0.529000
    -10.584000 -2.646000  0.529000
    -10.584000 -2.381000  0.529000
    -10.584000 -2.117000  0.529000
    -10.584000 -1.852000  0.529000
    -10.584000 -1.588000  0.529000
    -10.584000 -1.323000  0.529000
    -10.584000 -1.058000  0.529000
    -10.584000 -0.794000  0.529000
    -10.584000 -0.529000  0.529000
    -10.584000 -0.265000  0.529000
    -10.584000  0.000000  0.529000
    -10.584000  0.265000  0.529000
    -10.584000  0.529000  0.529000
    -10.584000  0.794000  0.529000
    -10.584000  1.058000  0.529000
    -10.584000  1.323000  0.529000
    -10.584000  1.588000  0.529000
    -10.584000  1.852000  0.529000
    -10.584000  2.117000  0.529000
    -10.584000  2.381000  0.529000
    -10.584000  2.646000  0.529000
    -10.584000  2.910000  0.529000
    -10.584000  3.175000  0.529000
    -10.584000  3.440000  0.529000
    -10.584000  3.704000  0.529000
    -10.584000  3.969000  0.529000
    -10.584000  4.233000  0.529000
    -10.584000  4.498000  0.529000
    -10.584000  4.763000  0.529000
    -10.584000  5.027000  0.529000
    -10.584000  5.292000  0.529000
    -10.584000  5.556000  0.529000
    -10.584000  5.821000  0.529000
    -10.584000  6.086000  0.529000
    -10.584000  6.350000  0.529000
    -10.584000  6.615000  0.529000
    -10.584000  6.879000  0.529000
    -10.584000  7.144000  0.529000
    -10.584000  7.408000  0.529000
    -10.584000  7.673000  0.529000
    -10.584000  7.938000  0.529000
    -10.584000  8.202000  0.529000
    -10.584000  8.467000  0.529000
    -10.584000  8.731000  0.529000
    -10.584000  8.996000  0.529000
    -10.584000  9.261000  0.529000
    -10.584000  9.525000  0.529000
    -10.584000  9.790000  0.529000
    -10.584000  10.054000  0.529000
    -10.584000  10.319000  0.529000
    -10.584000  10.584000  0.529000
    -10.319000 -10.584000  0.529000
    -10.319000 -10.319000  0.529000
    -10.319000 -10.054000  0.529000
    -10.319000 -9.790000  0.529000
    -10.319000 -9.525000  0.529000
    -10.319000 -9.261000  0.529000
    -10.319000 -8.996000  0.529000
    -10.319000 -8.731000  0.529000
    -10.319000 -8.467000  0.529000
    -10.319000 -8.202000  0.529000
    -10.319000 -7.938000  0.529000
    -10.319000 -7.673000  0.529000
    -10.319000 -7.408000  0.529000
    -10.319000 -7.144000  0.529000
    -10.319000 -6.879000  0.529000
    -10.319000 -6.615000  0.529000
    -10.319000 -6.350000  0.529000
    -10.319000 -6.086000  0.529000
    -10.319000 -5.821000  0.529000
    -10.319000 -5.556000  0.529000
    -10.319000 -5.292000  0.529000
    -10.319000 -5.027000  0.529000
    -10.319000 -4.763000  0.529000
    -10.319000 -4.498000  0.529000
    -10.319000 -4.233000  0.529000
    -10.319000 -3.969000  0.529000
    -10.319000 -3.704000  0.529000
    -10.319000 -3.440000  0.529000
    -10.319000 -3.175000  0.529000
    -10.319000 -2.910000  0.529000
    -10.319000 -2.646000  0.529000
    -10.319000 -2.381000  0.529000
    -10.319000 -2.117000  0.529000
    -10.319000 -1.852000  0.529000
    -10.319000 -1.588000  0.529000
    -10.319000 -1.323000  0.529000
    -10.319000 -1.058000  0.529000
    -10.319000 -0.794000  0.529000
    -10.319000 -0.529000  0.529000
    -10.319000 -0.265000  0.529000
    -10.319000  0.000000  0.529000
    -10.319000  0.265000  0.529000
    -10.319000  0.529000  0.529000
    -10.319000  0.794000  0.529000
    -10.319000  1.058000  0.529000
    -10.319000  1.323000  0.529000
    -10.319000  1.588000  0.529000
    -10.319000  1.852000  0.529000
    -10.319000  2.117000  0.529000
    -10.319000  2.381000  0.529000
    -10.319000  2.646000  0.529000
    -10.319000  2.910000  0.529000
    -10.319000  3.175000  0.529000
    -10.319000  3.440000  0.529000
    -10.319000  3.704000  0.529000
    -10.319000  3.969000  0.529000
    -10.319000  4.233000  0.529000
    -10.319000  4.498000  0.529000
    -10.319000  4.763000  0.529000
    -10.319000  5.027000  0.529000
    -10.319000  5.292000  0.529000
    -10.319000  5.556000  0.529000
    -10.319000  5.821000  0.529000
    -10.319000  6.086000  0.529000
    -10.319000  6.350000  0.529000
    -10.319000  6.615000  0.529000
    -10.319000  6.879000  0.529000
    -10.319000  7.144000  0.529000
    -10.319000  7.408000  0.529000
    -10.319000  7.673000  0.529000
    -10.319000  7.938000  0.529000
    -10.319000  8.202000  0.529000
    -10.319000  8.467000  0.529000
    -10.319000  8.731000  0.529000
    -10.319000  8.996000  0.529000
    -10.319000  9.261000  0.529000
    -10.319000  9.525000  0.529000
    -10.319000  9.790000  0.529000
    -10.319000  10.054000  0.529000
    -10.319000  10.319000  0.529000
    -10.319000  10.584000  0.529000
    -10.054000 -10.584000  0.529000
    -10.054000 -10.319000  0.529000
    -10.054000 -10.054000  0.529000
    -10.054000 -9.790000  0.529000
    -10.054000 -9.525000  0.529000
    -10.054000 -9.261000  0.529000
    -10.054000 -8.996000  0.529000
    -10.054000 -8.731000  0.529000
    -10.054000 -8.467000  0.529000
    -10.054000 -8.202000  0.529000
    -10.054000 -7.938000  0.529000
    -10.054000 -7.673000  0.529000
    -10.054000 -7.408000  0.529000
    -10.054000 -7.144000  0.529000
    -10.054000 -6.879000  0.529000
    -10.054000 -6.615000  0.529000
    -10.054000 -6.350000  0.529000
    -10.054000 -6.086000  0.529000
    -10.054000 -5.821000  0.529000
    -10.054000 -5.556000  0.529000
    -10.054000 -5.292000  0.529000
    -10.054000 -5.027000  0.529000
    -10.054000 -4.763000  0.529000
    -10.054000 -4.498000  0.529000
    -10.054000 -4.233000  0.529000
    -10.054000 -3.969000  0.529000
    -10.054000 -3.704000  0.529000
    -10.054000 -3.440000  0.529000
    -10.054000 -3.175000  0.529000
    -10.054000 -2.910000  0.529000
    -10.054000 -2.646000  0.529000
    -10.054000 -2.381000  0.529000
    -10.054000 -2.117000  0.529000
    -10.054000 -1.852000  0.529000
    -10.054000 -1.588000  0.529000
    -10.054000 -1.323000  0.529000
    -10.054000 -1.058000  0.529000
    -10.054000 -0.794000  0.529000
    -10.054000 -0.529000  0.529000
    -10.054000 -0.265000  0.529000
    -10.054000  0.000000  0.529000
    -10.054000  0.265000  0.529000
    -10.054000  0.529000  0.529000
    -10.054000  0.794000  0.529000
    -10.054000  1.058000  0.529000
    -10.054000  1.323000  0.529000
    -10.054000  1.588000  0.529000
    -10.054000  1.852000  0.529000
    -10.054000  2.117000  0.529000
    -10.054000  2.381000  0.529000
    -10.054000  2.646000  0.529000
    -10.054000  2.910000  0.529000
    -10.054000  3.175000  0.529000
    -10.054000  3.440000  0.529000
    -10.054000  3.704000  0.529000
    -10.054000  3.969000  0.529000
    -10.054000  4.233000  0.529000
    -10.054000  4.498000  0.529000
    -10.054000  4.763000  0.529000
    -10.054000  5.027000  0.529000
    -10.054000  5.292000  0.529000
    -10.054000  5.556000  0.529000
    -10.054000  5.821000  0.529000
    -10.054000  6.086000  0.529000
    -10.054000  6.350000  0.529000
    -10.054000  6.615000  0.529000
    -10.054000  6.879000  0.529000
    -10.054000  7.144000  0.529000
    -10.054000  7.408000  0.529000
    -10.054000  7.673000  0.529000
    -10.054000  7.938000  0.529000
    -10.054000  8.202000  0.529000
    -10.054000  8.467000  0.529000
    -10.054000  8.731000  0.529000
    -10.054000  8.996000  0.529000
    -10.054000  9.261000  0.529000
    -10.054000  9.525000  0.529000
    -10.054000  9.790000  0.529000
    -10.054000  10.054000  0.529000
    -10.054000  10.319000  0.529000
    -10.054000  10.584000  0.529000
    -9.790000 -10.584000  0.529000
    -9.790000 -10.319000  0.529000
    -9.790000 -10.054000  0.529000
    -9.790000 -9.790000  0.529000
    -9.790000 -9.525000  0.529000
    -9.790000 -9.261000  0.529000
    -9.790000 -8.996000  0.529000
    -9.790000 -8.731000  0.529000
    -9.790000 -8.467000  0.529000
    -9.790000 -8.202000  0.529000
    -9.790000 -7.938000  0.529000
    -9.790000 -7.673000  0.529000
    -9.790000 -7.408000  0.529000
    -9.790000 -7.144000  0.529000
    -9.790000 -6.879000  0.529000
    -9.790000 -6.615000  0.529000
    -9.790000 -6.350000  0.529000
    -9.790000 -6.086000  0.529000
    -9.790000 -5.821000  0.529000
    -9.790000 -5.556000  0.529000
    -9.790000 -5.292000  0.529000
    -9.790000 -5.027000  0.529000
    -9.790000 -4.763000  0.529000
    -9.790000 -4.498000  0.529000
    -9.790000 -4.233000  0.529000
    -9.790000 -3.969000  0.529000
    -9.790000 -3.704000  0.529000
    -9.790000 -3.440000  0.529000
    -9.790000 -3.175000  0.529000
    -9.790000 -2.910000  0.529000
    -9.790000 -2.646000  0.529000
    -9.790000 -2.381000  0.529000
    -9.790000 -2.117000  0.529000
    -9.790000 -1.852000  0.529000
    -9.790000 -1.588000  0.529000
    -9.790000 -1.323000  0.529000
    -9.790000 -1.058000  0.529000
    -9.790000 -0.794000  0.529000
    -9.790000 -0.529000  0.529000
    -9.790000 -0.265000  0.529000
    -9.790000  0.000000  0.529000
    -9.790000  0.265000  0.529000
    -9.790000  0.529000  0.529000
    -9.790000  0.794000  0.529000
    -9.790000  1.058000  0.529000
    -9.790000  1.323000  0.529000
    -9.790000  1.588000  0.529000
    -9.790000  1.852000  0.529000
    -9.790000  2.117000  0.529000
    -9.790000  2.381000  0.529000
    -9.790000  2.646000  0.529000
    -9.790000  2.910000  0.529000
    -9.790000  3.175000  0.529000
    -9.790000  3.440000  0.529000
    -9.790000  3.704000  0.529000
    -9.790000  3.969000  0.529000
    -9.790000  4.233000  0.529000
    -9.790000  4.498000  0.529000
    -9.790000  4.763000  0.529000
    -9.790000  5.027000  0.529000
    -9.790000  5.292000  0.529000
    -9.790000  5.556000  0.529000
    -9.790000  5.821000  0.529000
    -9.790000  6.086000  0.529000
    -9.790000  6.350000  0.529000
    -9.790000  6.615000  0.529000
    -9.790000  6.879000  0.529000
    -9.790000  7.144000  0.529000
    -9.790000  7.408000  0.529000
    -9.790000  7.673000  0.529000
    -9.790000  7.938000  0.529000
    -9.790000  8.202000  0.529000
    -9.790000  8.467000  0.529000
    -9.790000  8.731000  0.529000
    -9.790000  8.996000  0.529000
    -9.790000  9.261000  0.529000
    -9.790000  9.525000  0.529000
    -9.790000  9.790000  0.529000
    -9.790000  10.054000  0.529000
    -9.790000  10.319000  0.529000
    -9.790000  10.584000  0.529000
    -9.525000 -10.584000  0.529000
    -9.525000 -10.319000  0.529000
    -9.525000 -10.054000  0.529000
    -9.525000 -9.790000  0.529000
    -9.525000 -9.525000  0.529000
    -9.525000 -9.261000  0.529000
    -9.525000 -8.996000  0.529000
    -9.525000 -8.731000  0.529000
    -9.525000 -8.467000  0.529000
    -9.525000 -8.202000  0.529000
    -9.525000 -7.938000  0.529000
    -9.525000 -7.673000  0.529000
    -9.525000 -7.408000  0.529000
    -9.525000 -7.144000  0.529000
    -9.525000 -6.879000  0.529000
    -9.525000 -6.615000  0.529000
    -9.525000 -6.350000  0.529000
    -9.525000 -6.086000  0.529000
    -9.525000 -5.821000  0.529000
    -9.525000 -5.556000  0.529000
    -9.525000 -5.292000  0.529000
    -9.525000 -5.027000  0.529000
    -9.525000 -4.763000  0.529000
    -9.525000 -4.498000  0.529000
    -9.525000 -4.233000  0.529000
    -9.525000 -3.969000  0.529000
    -9.525000 -3.704000  0.529000
    -9.525000 -3.440000  0.529000
    -9.525000 -3.175000  0.529000
    -9.525000 -2.910000  0.529000
    -9.525000 -2.646000  0.529000
    -9.525000 -2.381000  0.529000
    -9.525000 -2.117000  0.529000
    -9.525000 -1.852000  0.529000
    -9.525000 -1.588000  0.529000
    -9.525000 -1.323000  0.529000
    -9.525000 -1.058000  0.529000
    -9.525000 -0.794000  0.529000
    -9.525000 -0.529000  0.529000
    -9.525000 -0.265000  0.529000
    -9.525000  0.000000  0.529000
    -9.525000  0.265000  0.529000
    -9.525000  0.529000  0.529000
    -9.525000  0.794000  0.529000
    -9.525000  1.058000  0.529000
    -9.525000  1.323000  0.529000
    -9.525000  1.588000  0.529000
    -9.525000  1.852000  0.529000
    -9.525000  2.117000  0.529000
    -9.525000  2.381000  0.529000
    -9.525000  2.646000  0.529000
    -9.525000  2.910000  0.529000
    -9.525000  3.175000  0.529000
    -9.525000  3.440000  0.529000
    -9.525000  3.704000  0.529000
    -9.525000  3.969000  0.529000
    -9.525000  4.233000  0.529000
    -9.525000  4.498000  0.529000
    -9.525000  4.763000  0.529000
    -9.525000  5.027000  0.529000
    -9.525000  5.292000  0.529000
    -9.525000  5.556000  0.529000
    -9.525000  5.821000  0.529000
    -9.525000  6.086000  0.529000
    -9.525000  6.350000  0.529000
    -9.525000  6.615000  0.529000
    -9.525000  6.879000  0.529000
    -9.525000  7.144000  0.529000
    -9.525000  7.408000  0.529000
    -9.525000  7.673000  0.529000
    -9.525000  7.938000  0.529000
    -9.525000  8.202000  0.529000
    -9.525000  8.467000  0.529000
    -9.525000  8.731000  0.529000
    -9.525000  8.996000  0.529000
    -9.525000  9.261000  0.529000
    -9.525000  9.525000  0.529000
    -9.525000  9.790000  0.529000
    -9.525000  10.054000  0.529000
    -9.525000  10.319000  0.529000
    -9.525000  10.584000  0.529000
    -9.261000 -10.584000  0.529000
    -9.261000 -10.319000  0.529000
    -9.261000 -10.054000  0.529000
    -9.261000 -9.790000  0.529000
    -9.261000 -9.525000  0.529000
    -9.261000 -9.261000  0.529000
    -9.261000 -8.996000  0.529000
    -9.261000 -8.731000  0.529000
    -9.261000 -8.467000  0.529000
    -9.261000 -8.202000  0.529000
    -9.261000 -7.938000  0.529000
    -9.261000 -7.673000  0.529000
    -9.261000 -7.408000  0.529000
    -9.261000 -7.144000  0.529000
    -9.261000 -6.879000  0.529000
    -9.261000 -6.615000  0.529000
    -9.261000 -6.350000  0.529000
    -9.261000 -6.086000  0.529000
    -9.261000 -5.821000  0.529000
    -9.261000 -5.556000  0.529000
    -9.261000 -5.292000  0.529000
    -9.261000 -5.027000  0.529000
    -9.261000 -4.763000  0.529000
    -9.261000 -4.498000  0.529000
    -9.261000 -4.233000  0.529000
    -9.261000 -3.969000  0.529000
    -9.261000 -3.704000  0.529000
    -9.261000 -3.440000  0.529000
    -9.261000 -3.175000  0.529000
    -9.261000 -2.910000  0.529000
    -9.261000 -2.646000  0.529000
    -9.261000 -2.381000  0.529000
    -9.261000 -2.117000  0.529000
    -9.261000 -1.852000  0.529000
    -9.261000 -1.588000  0.529000
    -9.261000 -1.323000  0.529000
    -9.261000 -1.058000  0.529000
    -9.261000 -0.794000  0.529000
    -9.261000 -0.529000  0.529000
    -9.261000 -0.265000  0.529000
    -9.261000  0.000000  0.529000
    -9.261000  0.265000  0.529000
    -9.261000  0.529000  0.529000
    -9.261000  0.794000  0.529000
    -9.261000  1.058000  0.529000
    -9.261000  1.323000  0.529000
    -9.261000  1.588000  0.529000
    -9.261000  1.852000  0.529000
    -9.261000  2.117000  0.529000
    -9.261000  2.381000  0.529000
    -9.261000  2.646000  0.529000
    -9.261000  2.910000  0.529000
    -9.261000  3.175000  0.529000
    -9.261000  3.440000  0.529000
    -9.261000  3.704000  0.529000
    -9.261000  3.969000  0.529000
    -9.261000  4.233000  0.529000
    -9.261000  4.498000  0.529000
    -9.261000  4.763000  0.529000
    -9.261000  5.027000  0.529000
    -9.261000  5.292000  0.529000
    -9.261000  5.556000  0.529000
    -9.261000  5.821000  0.529000
    -9.261000  6.086000  0.529000
    -9.261000  6.350000  0.529000
    -9.261000  6.615000  0.529000
    -9.261000  6.879000  0.529000
    -9.261000  7.144000  0.529000
    -9.261000  7.408000  0.529000
    -9.261000  7.673000  0.529000
    -9.261000  7.938000  0.529000
    -9.261000  8.202000  0.529000
    -9.261000  8.467000  0.529000
    -9.261000  8.731000  0.529000
    -9.261000  8.996000  0.529000
    -9.261000  9.261000  0.529000
    -9.261000  9.525000  0.529000
    -9.261000  9.790000  0.529000
    -9.261000  10.054000  0.529000
    -9.261000  10.319000  0.529000
    -9.261000  10.584000  0.529000
    -8.996000 -10.584000  0.529000
    -8.996000 -10.319000  0.529000
    -8.996000 -10.054000  0.529000
    -8.996000 -9.790000  0.529000
    -8.996000 -9.525000  0.529000
    -8.996000 -9.261000  0.529000
    -8.996000 -8.996000  0.529000
    -8.996000 -8.731000  0.529000
    -8.996000 -8.467000  0.529000
    -8.996000 -8.202000  0.529000
    -8.996000 -7.938000  0.529000
    -8.996000 -7.673000  0.529000
    -8.996000 -7.408000  0.529000
    -8.996000 -7.144000  0.529000
    -8.996000 -6.879000  0.529000
    -8.996000 -6.615000  0.529000
    -8.996000 -6.350000  0.529000
    -8.996000 -6.086000  0.529000
    -8.996000 -5.821000  0.529000
    -8.996000 -5.556000  0.529000
    -8.996000 -5.292000  0.529000
    -8.996000 -5.027000  0.529000
    -8.996000 -4.763000  0.529000
    -8.996000 -4.498000  0.529000
    -8.996000 -4.233000  0.529000
    -8.996000 -3.969000  0.529000
    -8.996000 -3.704000  0.529000
    -8.996000 -3.440000  0.529000
    -8.996000 -3.175000  0.529000
    -8.996000 -2.910000  0.529000
    -8.996000 -2.646000  0.529000
    -8.996000 -2.381000  0.529000
    -8.996000 -2.117000  0.529000
    -8.996000 -1.852000  0.529000
    -8.996000 -1.588000  0.529000
    -8.996000 -1.323000  0.529000
    -8.996000 -1.058000  0.529000
    -8.996000 -0.794000  0.529000
    -8.996000 -0.529000  0.529000
    -8.996000 -0.265000  0.529000
    -8.996000  0.000000  0.529000
    -8.996000  0.265000  0.529000
    -8.996000  0.529000  0.529000
    -8.996000  0.794000  0.529000
    -8.996000  1.058000  0.529000
    -8.996000  1.323000  0.529000
    -8.996000  1.588000  0.529000
    -8.996000  1.852000  0.529000
    -8.996000  2.117000  0.529000
    -8.996000  2.381000  0.529000
    -8.996000  2.646000  0.529000
    -8.996000  2.910000  0.529000
    -8.996000  3.175000  0.529000
    -8.996000  3.440000  0.529000
    -8.996000  3.704000  0.529000
    -8.996000  3.969000  0.529000
    -8.996000  4.233000  0.529000
    -8.996000  4.498000  0.529000
    -8.996000  4.763000  0.529000
    -8.996000  5.027000  0.529000
    -8.996000  5.292000  0.529000
    -8.996000  5.556000  0.529000
    -8.996000  5.821000  0.529000
    -8.996000  6.086000  0.529000
    -8.996000  6.350000  0.529000
    -8.996000  6.615000  0.529000
    -8.996000  6.879000  0.529000
    -8.996000  7.144000  0.529000
    -8.996000  7.408000  0.529000
    -8.996000  7.673000  0.529000
    -8.996000  7.938000  0.529000
    -8.996000  8.202000  0.529000
    -8.996000  8.467000  0.529000
    -8.996000  8.731000  0.529000
    -8.996000  8.996000  0.529000
    -8.996000  9.261000  0.529000
    -8.996000  9.525000  0.529000
    -8.996000  9.790000  0.529000
    -8.996000  10.054000  0.529000
    -8.996000  10.319000  0.529000
    -8.996000  10.584000  0.529000
    -8.731000 -10.584000  0.529000
    -8.731000 -10.319000  0.529000
    -8.731000 -10.054000  0.529000
    -8.731000 -9.790000  0.529000
    -8.731000 -9.525000  0.529000
    -8.731000 -9.261000  0.529000
    -8.731000 -8.996000  0.529000
    -8.731000 -8.731000  0.529000
    -8.731000 -8.467000  0.529000
    -8.731000 -8.202000  0.529000
    -8.731000 -7.938000  0.529000
    -8.731000 -7.673000  0.529000
    -8.731000 -7.408000  0.529000
    -8.731000 -7.144000  0.529000
    -8.731000 -6.879000  0.529000
    -8.731000 -6.615000  0.529000
    -8.731000 -6.350000  0.529000
    -8.731000 -6.086000  0.529000
    -8.731000 -5.821000  0.529000
    -8.731000 -5.556000  0.529000
    -8.731000 -5.292000  0.529000
    -8.731000 -5.027000  0.529000
    -8.731000 -4.763000  0.529000
    -8.731000 -4.498000  0.529000
    -8.731000 -4.233000  0.529000
    -8.731000 -3.969000  0.529000
    -8.731000 -3.704000  0.529000
    -8.731000 -3.440000  0.529000
    -8.731000 -3.175000  0.529000
    -8.731000 -2.910000  0.529000
    -8.731000 -2.646000  0.529000
    -8.731000 -2.381000  0.529000
    -8.731000 -2.117000  0.529000
    -8.731000 -1.852000  0.529000
    -8.731000 -1.588000  0.529000
    -8.731000 -1.323000  0.529000
    -8.731000 -1.058000  0.529000
    -8.731000 -0.794000  0.529000
    -8.731000 -0.529000  0.529000
    -8.731000 -0.265000  0.529000
    -8.731000  0.000000  0.529000
    -8.731000  0.265000  0.529000
    -8.731000  0.529000  0.529000
    -8.731000  0.794000  0.529000
    -8.731000  1.058000  0.529000
    -8.731000  1.323000  0.529000
    -8.731000  1.588000  0.529000
    -8.731000  1.852000  0.529000
    -8.731000  2.117000  0.529000
    -8.731000  2.381000  0.529000
    -8.731000  2.646000  0.529000
    -8.731000  2.910000  0.529000
    -8.731000  3.175000  0.529000
    -8.731000  3.440000  0.529000
    -8.731000  3.704000  0.529000
    -8.731000  3.969000  0.529000
    -8.731000  4.233000  0.529000
    -8.731000  4.498000  0.529000
    -8.731000  4.763000  0.529000
    -8.731000  5.027000  0.529000
    -8.731000  5.292000  0.529000
    -8.731000  5.556000  0.529000
    -8.731000  5.821000  0.529000
    -8.731000  6.086000  0.529000
    -8.731000  6.350000  0.529000
    -8.731000  6.615000  0.529000
    -8.731000  6.879000  0.529000
    -8.731000  7.144000  0.529000
    -8.731000  7.408000  0.529000
    -8.731000  7.673000  0.529000
    -8.731000  7.938000  0.529000
    -8.731000  8.202000  0.529000
    -8.731000  8.467000  0.529000
    -8.731000  8.731000  0.529000
    -8.731000  8.996000  0.529000
    -8.731000  9.261000  0.529000
    -8.731000  9.525000  0.529000
    -8.731000  9.790000  0.529000
    -8.731000  10.054000  0.529000
    -8.731000  10.319000  0.529000
    -8.731000  10.584000  0.529000
    -8.467000 -10.584000  0.529000
    -8.467000 -10.319000  0.529000
    -8.467000 -10.054000  0.529000
    -8.467000 -9.790000  0.529000
    -8.467000 -9.525000  0.529000
    -8.467000 -9.261000  0.529000
    -8.467000 -8.996000  0.529000
    -8.467000 -8.731000  0.529000
    -8.467000 -8.467000  0.529000
    -8.467000 -8.202000  0.529000
    -8.467000 -7.938000  0.529000
    -8.467000 -7.673000  0.529000
    -8.467000 -7.408000  0.529000
    -8.467000 -7.144000  0.529000
    -8.467000 -6.879000  0.529000
    -8.467000 -6.615000  0.529000
    -8.467000 -6.350000  0.529000
    -8.467000 -6.086000  0.529000
    -8.467000 -5.821000  0.529000
    -8.467000 -5.556000  0.529000
    -8.467000 -5.292000  0.529000
    -8.467000 -5.027000  0.529000
    -8.467000 -4.763000  0.529000
    -8.467000 -4.498000  0.529000
    -8.467000 -4.233000  0.529000
    -8.467000 -3.969000  0.529000
    -8.467000 -3.704000  0.529000
    -8.467000 -3.440000  0.529000
    -8.467000 -3.175000  0.529000
    -8.467000 -2.910000  0.529000
    -8.467000 -2.646000  0.529000
    -8.467000 -2.381000  0.529000
    -8.467000 -2.117000  0.529000
    -8.467000 -1.852000  0.529000
    -8.467000 -1.588000  0.529000
    -8.467000 -1.323000  0.529000
    -8.467000 -1.058000  0.529000
    -8.467000 -0.794000  0.529000
    -8.467000 -0.529000  0.529000
    -8.467000 -0.265000  0.529000
    -8.467000  0.000000  0.529000
    -8.467000  0.265000  0.529000
    -8.467000  0.529000  0.529000
    -8.467000  0.794000  0.529000
    -8.467000  1.058000  0.529000
    -8.467000  1.323000  0.529000
    -8.467000  1.588000  0.529000
    -8.467000  1.852000  0.529000
    -8.467000  2.117000  0.529000
    -8.467000  2.381000  0.529000
    -8.467000  2.646000  0.529000
    -8.467000  2.910000  0.529000
    -8.467000  3.175000  0.529000
    -8.467000  3.440000  0.529000
    -8.467000  3.704000  0.529000
    -8.467000  3.969000  0.529000
    -8.467000  4.233000  0.529000
    -8.467000  4.498000  0.529000
    -8.467000  4.763000  0.529000
    -8.467000  5.027000  0.529000
    -8.467000  5.292000  0.529000
    -8.467000  5.556000  0.529000
    -8.467000  5.821000  0.529000
    -8.467000  6.086000  0.529000
    -8.467000  6.350000  0.529000
    -8.467000  6.615000  0.529000
    -8.467000  6.879000  0.529000
    -8.467000  7.144000  0.529000
    -8.467000  7.408000  0.529000
    -8.467000  7.673000  0.529000
    -8.467000  7.938000  0.529000
    -8.467000  8.202000  0.529000
    -8.467000  8.467000  0.529000
    -8.467000  8.731000  0.529000
    -8.467000  8.996000  0.529000
    -8.467000  9.261000  0.529000
    -8.467000  9.525000  0.529000
    -8.467000  9.790000  0.529000
    -8.467000  10.054000  0.529000
    -8.467000  10.319000  0.529000
    -8.467000  10.584000  0.529000
    -8.202000 -10.584000  0.529000
    -8.202000 -10.319000  0.529000
    -8.202000 -10.054000  0.529000
    -8.202000 -9.790000  0.529000
    -8.202000 -9.525000  0.529000
    -8.202000 -9.261000  0.529000
    -8.202000 -8.996000  0.529000
    -8.202000 -8.731000  0.529000
    -8.202000 -8.467000  0.529000
    -8.202000 -8.202000  0.529000
    -8.202000 -7.938000  0.529000
    -8.202000 -7.673000  0.529000
    -8.202000 -7.408000  0.529000
    -8.202000 -7.144000  0.529000
    -8.202000 -6.879000  0.529000
    -8.202000 -6.615000  0.529000
    -8.202000 -6.350000  0.529000
    -8.202000 -6.086000  0.529000
    -8.202000 -5.821000  0.529000
    -8.202000 -5.556000  0.529000
    -8.202000 -5.292000  0.529000
    -8.202000 -5.027000  0.529000
    -8.202000 -4.763000  0.529000
    -8.202000 -4.498000  0.529000
    -8.202000 -4.233000  0.529000
    -8.202000 -3.969000  0.529000
    -8.202000 -3.704000  0.529000
    -8.202000 -3.440000  0.529000
    -8.202000 -3.175000  0.529000
    -8.202000 -2.910000  0.529000
    -8.202000 -2.646000  0.529000
    -8.202000 -2.381000  0.529000
    -8.202000 -2.117000  0.529000
    -8.202000 -1.852000  0.529000
    -8.202000 -1.588000  0.529000
    -8.202000 -1.323000  0.529000
    -8.202000 -1.058000  0.529000
    -8.202000 -0.794000  0.529000
    -8.202000 -0.529000  0.529000
    -8.202000 -0.265000  0.529000
    -8.202000  0.000000  0.529000
    -8.202000  0.265000  0.529000
    -8.202000  0.529000  0.529000
    -8.202000  0.794000  0.529000
    -8.202000  1.058000  0.529000
    -8.202000  1.323000  0.529000
    -8.202000  1.588000  0.529000
    -8.202000  1.852000  0.529000
    -8.202000  2.117000  0.529000
    -8.202000  2.381000  0.529000
    -8.202000  2.646000  0.529000
    -8.202000  2.910000  0.529000
    -8.202000  3.175000  0.529000
    -8.202000  3.440000  0.529000
    -8.202000  3.704000  0.529000
    -8.202000  3.969000  0.529000
    -8.202000  4.233000  0.529000
    -8.202000  4.498000  0.529000
    -8.202000  4.763000  0.529000
    -8.202000  5.027000  0.529000
    -8.202000  5.292000  0.529000
    -8.202000  5.556000  0.529000
    -8.202000  5.821000  0.529000
    -8.202000  6.086000  0.529000
    -8.202000  6.350000  0.529000
    -8.202000  6.615000  0.529000
    -8.202000  6.879000  0.529000
    -8.202000  7.144000  0.529000
    -8.202000  7.408000  0.529000
    -8.202000  7.673000  0.529000
    -8.202000  7.938000  0.529000
    -8.202000  8.202000  0.529000
    -8.202000  8.467000  0.529000
    -8.202000  8.731000  0.529000
    -8.202000  8.996000  0.529000
    -8.202000  9.261000  0.529000
    -8.202000  9.525000  0.529000
    -8.202000  9.790000  0.529000
    -8.202000  10.054000  0.529000
    -8.202000  10.319000  0.529000
    -8.202000  10.584000  0.529000
    -7.938000 -10.584000  0.529000
    -7.938000 -10.319000  0.529000
    -7.938000 -10.054000  0.529000
    -7.938000 -9.790000  0.529000
    -7.938000 -9.525000  0.529000
    -7.938000 -9.261000  0.529000
    -7.938000 -8.996000  0.529000
    -7.938000 -8.731000  0.529000
    -7.938000 -8.467000  0.529000
    -7.938000 -8.202000  0.529000
    -7.938000 -7.938000  0.529000
    -7.938000 -7.673000  0.529000
    -7.938000 -7.408000  0.529000
    -7.938000 -7.144000  0.529000
    -7.938000 -6.879000  0.529000
    -7.938000 -6.615000  0.529000
    -7.938000 -6.350000  0.529000
    -7.938000 -6.086000  0.529000
    -7.938000 -5.821000  0.529000
    -7.938000 -5.556000  0.529000
    -7.938000 -5.292000  0.529000
    -7.938000 -5.027000  0.529000
    -7.938000 -4.763000  0.529000
    -7.938000 -4.498000  0.529000
    -7.938000 -4.233000  0.529000
    -7.938000 -3.969000  0.529000
    -7.938000 -3.704000  0.529000
    -7.938000 -3.440000  0.529000
    -7.938000 -3.175000  0.529000
    -7.938000 -2.910000  0.529000
    -7.938000 -2.646000  0.529000
    -7.938000 -2.381000  0.529000
    -7.938000 -2.117000  0.529000
    -7.938000 -1.852000  0.529000
    -7.938000 -1.588000  0.529000
    -7.938000 -1.323000  0.529000
    -7.938000 -1.058000  0.529000
    -7.938000 -0.794000  0.529000
    -7.938000 -0.529000  0.529000
    -7.938000 -0.265000  0.529000
    -7.938000  0.000000  0.529000
    -7.938000  0.265000  0.529000
    -7.938000  0.529000  0.529000
    -7.938000  0.794000  0.529000
    -7.938000  1.058000  0.529000
    -7.938000  1.323000  0.529000
    -7.938000  1.588000  0.529000
    -7.938000  1.852000  0.529000
    -7.938000  2.117000  0.529000
    -7.938000  2.381000  0.529000
    -7.938000  2.646000  0.529000
    -7.938000  2.910000  0.529000
    -7.938000  3.175000  0.529000
    -7.938000  3.440000  0.529000
    -7.938000  3.704000  0.529000
    -7.938000  3.969000  0.529000
    -7.938000  4.233000  0.529000
    -7.938000  4.498000  0.529000
    -7.938000  4.763000  0.529000
    -7.938000  5.027000  0.529000
    -7.938000  5.292000  0.529000
    -7.938000  5.556000  0.529000
    -7.938000  5.821000  0.529000
    -7.938000  6.086000  0.529000
    -7.938000  6.350000  0.529000
    -7.938000  6.615000  0.529000
    -7.938000  6.879000  0.529000
    -7.938000  7.144000  0.529000
    -7.938000  7.408000  0.529000
    -7.938000  7.673000  0.529000
    -7.938000  7.938000  0.529000
    -7.938000  8.202000  0.529000
    -7.938000  8.467000  0.529000
    -7.938000  8.731000  0.529000
    -7.938000  8.996000  0.529000
    -7.938000  9.261000  0.529000
    -7.938000  9.525000  0.529000
    -7.938000  9.790000  0.529000
    -7.938000  10.054000  0.529000
    -7.938000  10.319000  0.529000
    -7.938000  10.584000  0.529000
    -7.673000 -10.584000  0.529000
    -7.673000 -10.319000  0.529000
    -7.673000 -10.054000  0.529000
    -7.673000 -9.790000  0.529000
    -7.673000 -9.525000  0.529000
    -7.673000 -9.261000  0.529000
    -7.673000 -8.996000  0.529000
    -7.673000 -8.731000  0.529000
    -7.673000 -8.467000  0.529000
    -7.673000 -8.202000  0.529000
    -7.673000 -7.938000  0.529000
    -7.673000 -7.673000  0.529000
    -7.673000 -7.408000  0.529000
    -7.673000 -7.144000  0.529000
    -7.673000 -6.879000  0.529000
    -7.673000 -6.615000  0.529000
    -7.673000 -6.350000  0.529000
    -7.673000 -6.086000  0.529000
    -7.673000 -5.821000  0.529000
    -7.673000 -5.556000  0.529000
    -7.673000 -5.292000  0.529000
    -7.673000 -5.027000  0.529000
    -7.673000 -4.763000  0.529000
    -7.673000 -4.498000  0.529000
    -7.673000 -4.233000  0.529000
    -7.673000 -3.969000  0.529000
    -7.673000 -3.704000  0.529000
    -7.673000 -3.440000  0.529000
    -7.673000 -3.175000  0.529000
    -7.673000 -2.910000  0.529000
    -7.673000 -2.646000  0.529000
    -7.673000 -2.381000  0.529000
    -7.673000 -2.117000  0.529000
    -7.673000 -1.852000  0.529000
    -7.673000 -1.588000  0.529000
    -7.673000 -1.323000  0.529000
    -7.673000 -1.058000  0.529000
    -7.673000 -0.794000  0.529000
    -7.673000 -0.529000  0.529000
    -7.673000 -0.265000  0.529000
    -7.673000  0.000000  0.529000
    -7.673000  0.265000  0.529000
    -7.673000  0.529000  0.529000
    -7.673000  0.794000  0.529000
    -7.673000  1.058000  0.529000
    -7.673000  1.323000  0.529000
    -7.673000  1.588000  0.529000
    -7.673000  1.852000  0.529000
    -7.673000  2.117000  0.529000
    -7.673000  2.381000  0.529000
    -7.673000  2.646000  0.529000
    -7.673000  2.910000  0.529000
    -7.673000  3.175000  0.529000
    -7.673000  3.440000  0.529000
    -7.673000  3.704000  0.529000
    -7.673000  3.969000  0.529000
    -7.673000  4.233000  0.529000
    -7.673000  4.498000  0.529000
    -7.673000  4.763000  0.529000
    -7.673000  5.027000  0.529000
    -7.673000  5.292000  0.529000
    -7.673000  5.556000  0.529000
    -7.673000  5.821000  0.529000
    -7.673000  6.086000  0.529000
    -7.673000  6.350000  0.529000
    -7.673000  6.615000  0.529000
    -7.673000  6.879000  0.529000
    -7.673000  7.144000  0.529000
    -7.673000  7.408000  0.529000
    -7.673000  7.673000  0.529000
    -7.673000  7.938000  0.529000
    -7.673000  8.202000  0.529000
    -7.673000  8.467000  0.529000
    -7.673000  8.731000  0.529000
    -7.673000  8.996000  0.529000
    -7.673000  9.261000  0.529000
    -7.673000  9.525000  0.529000
    -7.673000  9.790000  0.529000
    -7.673000  10.054000  0.529000
    -7.673000  10.319000  0.529000
    -7.673000  10.584000  0.529000
    -7.408000 -10.584000  0.529000
    -7.408000 -10.319000  0.529000
    -7.408000 -10.054000  0.529000
    -7.408000 -9.790000  0.529000
    -7.408000 -9.525000  0.529000
    -7.408000 -9.261000  0.529000
    -7.408000 -8.996000  0.529000
    -7.408000 -8.731000  0.529000
    -7.408000 -8.467000  0.529000
    -7.408000 -8.202000  0.529000
    -7.408000 -7.938000  0.529000
    -7.408000 -7.673000  0.529000
    -7.408000 -7.408000  0.529000
    -7.408000 -7.144000  0.529000
    -7.408000 -6.879000  0.529000
    -7.408000 -6.615000  0.529000
    -7.408000 -6.350000  0.529000
    -7.408000 -6.086000  0.529000
    -7.408000 -5.821000  0.529000
    -7.408000 -5.556000  0.529000
    -7.408000 -5.292000  0.529000
    -7.408000 -5.027000  0.529000
    -7.408000 -4.763000  0.529000
    -7.408000 -4.498000  0.529000
    -7.408000 -4.233000  0.529000
    -7.408000 -3.969000  0.529000
    -7.408000 -3.704000  0.529000
    -7.408000 -3.440000  0.529000
    -7.408000 -3.175000  0.529000
    -7.408000 -2.910000  0.529000
    -7.408000 -2.646000  0.529000
    -7.408000 -2.381000  0.529000
    -7.408000 -2.117000  0.529000
    -7.408000 -1.852000  0.529000
    -7.408000 -1.588000  0.529000
    -7.408000 -1.323000  0.529000
    -7.408000 -1.058000  0.529000
    -7.408000 -0.794000  0.529000
    -7.408000 -0.529000  0.529000
    -7.408000 -0.265000  0.529000
    -7.408000  0.000000  0.529000
    -7.408000  0.265000  0.529000
    -7.408000  0.529000  0.529000
    -7.408000  0.794000  0.529000
    -7.408000  1.058000  0.529000
    -7.408000  1.323000  0.529000
    -7.408000  1.588000  0.529000
    -7.408000  1.852000  0.529000
    -7.408000  2.117000  0.529000
    -7.408000  2.381000  0.529000
    -7.408000  2.646000  0.529000
    -7.408000  2.910000  0.529000
    -7.408000  3.175000  0.529000
    -7.408000  3.440000  0.529000
    -7.408000  3.704000  0.529000
    -7.408000  3.969000  0.529000
    -7.408000  4.233000  0.529000
    -7.408000  4.498000  0.529000
    -7.408000  4.763000  0.529000
    -7.408000  5.027000  0.529000
    -7.408000  5.292000  0.529000
    -7.408000  5.556000  0.529000
    -7.408000  5.821000  0.529000
    -7.408000  6.086000  0.529000
    -7.408000  6.350000  0.529000
    -7.408000  6.615000  0.529000
    -7.408000  6.879000  0.529000
    -7.408000  7.144000  0.529000
    -7.408000  7.408000  0.529000
    -7.408000  7.673000  0.529000
    -7.408000  7.938000  0.529000
    -7.408000  8.202000  0.529000
    -7.408000  8.467000  0.529000
    -7.408000  8.731000  0.529000
    -7.408000  8.996000  0.529000
    -7.408000  9.261000  0.529000
    -7.408000  9.525000  0.529000
    -7.408000  9.790000  0.529000
    -7.408000  10.054000  0.529000
    -7.408000  10.319000  0.529000
    -7.408000  10.584000  0.529000
    -7.144000 -10.584000  0.529000
    -7.144000 -10.319000  0.529000
    -7.144000 -10.054000  0.529000
    -7.144000 -9.790000  0.529000
    -7.144000 -9.525000  0.529000
    -7.144000 -9.261000  0.529000
    -7.144000 -8.996000  0.529000
    -7.144000 -8.731000  0.529000
    -7.144000 -8.467000  0.529000
    -7.144000 -8.202000  0.529000
    -7.144000 -7.938000  0.529000
    -7.144000 -7.673000  0.529000
    -7.144000 -7.408000  0.529000
    -7.144000 -7.144000  0.529000
    -7.144000 -6.879000  0.529000
    -7.144000 -6.615000  0.529000
    -7.144000 -6.350000  0.529000
    -7.144000 -6.086000  0.529000
    -7.144000 -5.821000  0.529000
    -7.144000 -5.556000  0.529000
    -7.144000 -5.292000  0.529000
    -7.144000 -5.027000  0.529000
    -7.144000 -4.763000  0.529000
    -7.144000 -4.498000  0.529000
    -7.144000 -4.233000  0.529000
    -7.144000 -3.969000  0.529000
    -7.144000 -3.704000  0.529000
    -7.144000 -3.440000  0.529000
    -7.144000 -3.175000  0.529000
    -7.144000 -2.910000  0.529000
    -7.144000 -2.646000  0.529000
    -7.144000 -2.381000  0.529000
    -7.144000 -2.117000  0.529000
    -7.144000 -1.852000  0.529000
    -7.144000 -1.588000  0.529000
    -7.144000 -1.323000  0.529000
    -7.144000 -1.058000  0.529000
    -7.144000 -0.794000  0.529000
    -7.144000 -0.529000  0.529000
    -7.144000 -0.265000  0.529000
    -7.144000  0.000000  0.529000
    -7.144000  0.265000  0.529000
    -7.144000  0.529000  0.529000
    -7.144000  0.794000  0.529000
    -7.144000  1.058000  0.529000
    -7.144000  1.323000  0.529000
    -7.144000  1.588000  0.529000
    -7.144000  1.852000  0.529000
    -7.144000  2.117000  0.529000
    -7.144000  2.381000  0.529000
    -7.144000  2.646000  0.529000
    -7.144000  2.910000  0.529000
    -7.144000  3.175000  0.529000
    -7.144000  3.440000  0.529000
    -7.144000  3.704000  0.529000
    -7.144000  3.969000  0.529000
    -7.144000  4.233000  0.529000
    -7.144000  4.498000  0.529000
    -7.144000  4.763000  0.529000
    -7.144000  5.027000  0.529000
    -7.144000  5.292000  0.529000
    -7.144000  5.556000  0.529000
    -7.144000  5.821000  0.529000
    -7.144000  6.086000  0.529000
    -7.144000  6.350000  0.529000
    -7.144000  6.615000  0.529000
    -7.144000  6.879000  0.529000
    -7.144000  7.144000  0.529000
    -7.144000  7.408000  0.529000
    -7.144000  7.673000  0.529000
    -7.144000  7.938000  0.529000
    -7.144000  8.202000  0.529000
    -7.144000  8.467000  0.529000
    -7.144000  8.731000  0.529000
    -7.144000  8.996000  0.529000
    -7.144000  9.261000  0.529000
    -7.144000  9.525000  0.529000
    -7.144000  9.790000  0.529000
    -7.144000  10.054000  0.529000
    -7.144000  10.319000  0.529000
    -7.144000  10.584000  0.529000
    -6.879000 -10.584000  0.529000
    -6.879000 -10.319000  0.529000
    -6.879000 -10.054000  0.529000
    -6.879000 -9.790000  0.529000
    -6.879000 -9.525000  0.529000
    -6.879000 -9.261000  0.529000
    -6.879000 -8.996000  0.529000
    -6.879000 -8.731000  0.529000
    -6.879000 -8.467000  0.529000
    -6.879000 -8.202000  0.529000
    -6.879000 -7.938000  0.529000
    -6.879000 -7.673000  0.529000
    -6.879000 -7.408000  0.529000
    -6.879000 -7.144000  0.529000
    -6.879000 -6.879000  0.529000
    -6.879000 -6.615000  0.529000
    -6.879000 -6.350000  0.529000
    -6.879000 -6.086000  0.529000
    -6.879000 -5.821000  0.529000
    -6.879000 -5.556000  0.529000
    -6.879000 -5.292000  0.529000
    -6.879000 -5.027000  0.529000
    -6.879000 -4.763000  0.529000
    -6.879000 -4.498000  0.529000
    -6.879000 -4.233000  0.529000
    -6.879000 -3.969000  0.529000
    -6.879000 -3.704000  0.529000
    -6.879000 -3.440000  0.529000
    -6.879000 -3.175000  0.529000
    -6.879000 -2.910000  0.529000
    -6.879000 -2.646000  0.529000
    -6.879000 -2.381000  0.529000
    -6.879000 -2.117000  0.529000
    -6.879000 -1.852000  0.529000
    -6.879000 -1.588000  0.529000
    -6.879000 -1.323000  0.529000
    -6.879000 -1.058000  0.529000
    -6.879000 -0.794000  0.529000
    -6.879000 -0.529000  0.529000
    -6.879000 -0.265000  0.529000
    -6.879000  0.000000  0.529000
    -6.879000  0.265000  0.529000
    -6.879000  0.529000  0.529000
    -6.879000  0.794000  0.529000
    -6.879000  1.058000  0.529000
    -6.879000  1.323000  0.529000
    -6.879000  1.588000  0.529000
    -6.879000  1.852000  0.529000
    -6.879000  2.117000  0.529000
    -6.879000  2.381000  0.529000
    -6.879000  2.646000  0.529000
    -6.879000  2.910000  0.529000
    -6.879000  3.175000  0.529000
    -6.879000  3.440000  0.529000
    -6.879000  3.704000  0.529000
    -6.879000  3.969000  0.529000
    -6.879000  4.233000  0.529000
    -6.879000  4.498000  0.529000
    -6.879000  4.763000  0.529000
    -6.879000  5.027000  0.529000
    -6.879000  5.292000  0.529000
    -6.879000  5.556000  0.529000
    -6.879000  5.821000  0.529000
    -6.879000  6.086000  0.529000
    -6.879000  6.350000  0.529000
    -6.879000  6.615000  0.529000
    -6.879000  6.879000  0.529000
    -6.879000  7.144000  0.529000
    -6.879000  7.408000  0.529000
    -6.879000  7.673000  0.529000
    -6.879000  7.938000  0.529000
    -6.879000  8.202000  0.529000
    -6.879000  8.467000  0.529000
    -6.879000  8.731000  0.529000
    -6.879000  8.996000  0.529000
    -6.879000  9.261000  0.529000
    -6.879000  9.525000  0.529000
    -6.879000  9.790000  0.529000
    -6.879000  10.054000  0.529000
    -6.879000  10.319000  0.529000
    -6.879000  10.584000  0.529000
    -6.615000 -10.584000  0.529000
    -6.615000 -10.319000  0.529000
    -6.615000 -10.054000  0.529000
    -6.615000 -9.790000  0.529000
    -6.615000 -9.525000  0.529000
    -6.615000 -9.261000  0.529000
    -6.615000 -8.996000  0.529000
    -6.615000 -8.731000  0.529000
    -6.615000 -8.467000  0.529000
    -6.615000 -8.202000  0.529000
    -6.615000 -7.938000  0.529000
    -6.615000 -7.673000  0.529000
    -6.615000 -7.408000  0.529000
    -6.615000 -7.144000  0.529000
    -6.615000 -6.879000  0.529000
    -6.615000 -6.615000  0.529000
    -6.615000 -6.350000  0.529000
    -6.615000 -6.086000  0.529000
    -6.615000 -5.821000  0.529000
    -6.615000 -5.556000  0.529000
    -6.615000 -5.292000  0.529000
    -6.615000 -5.027000  0.529000
    -6.615000 -4.763000  0.529000
    -6.615000 -4.498000  0.529000
    -6.615000 -4.233000  0.529000
    -6.615000 -3.969000  0.529000
    -6.615000 -3.704000  0.529000
    -6.615000 -3.440000  0.529000
    -6.615000 -3.175000  0.529000
    -6.615000 -2.910000  0.529000
    -6.615000 -2.646000  0.529000
    -6.615000 -2.381000  0.529000
    -6.615000 -2.117000  0.529000
    -6.615000 -1.852000  0.529000
    -6.615000 -1.588000  0.529000
    -6.615000 -1.323000  0.529000
    -6.615000 -1.058000  0.529000
    -6.615000 -0.794000  0.529000
    -6.615000 -0.529000  0.529000
    -6.615000 -0.265000  0.529000
    -6.615000  0.000000  0.529000
    -6.615000  0.265000  0.529000
    -6.615000  0.529000  0.529000
    -6.615000  0.794000  0.529000
    -6.615000  1.058000  0.529000
    -6.615000  1.323000  0.529000
    -6.615000  1.588000  0.529000
    -6.615000  1.852000  0.529000
    -6.615000  2.117000  0.529000
    -6.615000  2.381000  0.529000
    -6.615000  2.646000  0.529000
    -6.615000  2.910000  0.529000
    -6.615000  3.175000  0.529000
    -6.615000  3.440000  0.529000
    -6.615000  3.704000  0.529000
    -6.615000  3.969000  0.529000
    -6.615000  4.233000  0.529000
    -6.615000  4.498000  0.529000
    -6.615000  4.763000  0.529000
    -6.615000  5.027000  0.529000
    -6.615000  5.292000  0.529000
    -6.615000  5.556000  0.529000
    -6.615000  5.821000  0.529000
    -6.615000  6.086000  0.529000
    -6.615000  6.350000  0.529000
    -6.615000  6.615000  0.529000
    -6.615000  6.879000  0.529000
    -6.615000  7.144000  0.529000
    -6.615000  7.408000  0.529000
    -6.615000  7.673000  0.529000
    -6.615000  7.938000  0.529000
    -6.615000  8.202000  0.529000
    -6.615000  8.467000  0.529000
    -6.615000  8.731000  0.529000
    -6.615000  8.996000  0.529000
    -6.615000  9.261000  0.529000
    -6.615000  9.525000  0.529000
    -6.615000  9.790000  0.529000
    -6.615000  10.054000  0.529000
    -6.615000  10.319000  0.529000
    -6.615000  10.584000  0.529000
    -6.350000 -10.584000  0.529000
    -6.350000 -10.319000  0.529000
    -6.350000 -10.054000  0.529000
    -6.350000 -9.790000  0.529000
    -6.350000 -9.525000  0.529000
    -6.350000 -9.261000  0.529000
    -6.350000 -8.996000  0.529000
    -6.350000 -8.731000  0.529000
    -6.350000 -8.467000  0.529000
    -6.350000 -8.202000  0.529000
    -6.350000 -7.938000  0.529000
    -6.350000 -7.673000  0.529000
    -6.350000 -7.408000  0.529000
    -6.350000 -7.144000  0.529000
    -6.350000 -6.879000  0.529000
    -6.350000 -6.615000  0.529000
    -6.350000 -6.350000  0.529000
    -6.350000 -6.086000  0.529000
    -6.350000 -5.821000  0.529000
    -6.350000 -5.556000  0.529000
    -6.350000 -5.292000  0.529000
    -6.350000 -5.027000  0.529000
    -6.350000 -4.763000  0.529000
    -6.350000 -4.498000  0.529000
    -6.350000 -4.233000  0.529000
    -6.350000 -3.969000  0.529000
    -6.350000 -3.704000  0.529000
    -6.350000 -3.440000  0.529000
    -6.350000 -3.175000  0.529000
    -6.350000 -2.910000  0.529000
    -6.350000 -2.646000  0.529000
    -6.350000 -2.381000  0.529000
    -6.350000 -2.117000  0.529000
    -6.350000 -1.852000  0.529000
    -6.350000 -1.588000  0.529000
    -6.350000 -1.323000  0.529000
    -6.350000 -1.058000  0.529000
    -6.350000 -0.794000  0.529000
    -6.350000 -0.529000  0.529000
    -6.350000 -0.265000  0.529000
    -6.350000  0.000000  0.529000
    -6.350000  0.265000  0.529000
    -6.350000  0.529000  0.529000
    -6.350000  0.794000  0.529000
    -6.350000  1.058000  0.529000
    -6.350000  1.323000  0.529000
    -6.350000  1.588000  0.529000
    -6.350000  1.852000  0.529000
    -6.350000  2.117000  0.529000
    -6.350000  2.381000  0.529000
    -6.350000  2.646000  0.529000
    -6.350000  2.910000  0.529000
    -6.350000  3.175000  0.529000
    -6.350000  3.440000  0.529000
    -6.350000  3.704000  0.529000
    -6.350000  3.969000  0.529000
    -6.350000  4.233000  0.529000
    -6.350000  4.498000  0.529000
    -6.350000  4.763000  0.529000
    -6.350000  5.027000  0.529000
    -6.350000  5.292000  0.529000
    -6.350000  5.556000  0.529000
    -6.350000  5.821000  0.529000
    -6.350000  6.086000  0.529000
    -6.350000  6.350000  0.529000
    -6.350000  6.615000  0.529000
    -6.350000  6.879000  0.529000
    -6.350000  7.144000  0.529000
    -6.350000  7.408000  0.529000
    -6.350000  7.673000  0.529000
    -6.350000  7.938000  0.529000
    -6.350000  8.202000  0.529000
    -6.350000  8.467000  0.529000
    -6.350000  8.731000  0.529000
    -6.350000  8.996000  0.529000
    -6.350000  9.261000  0.529000
    -6.350000  9.525000  0.529000
    -6.350000  9.790000  0.529000
    -6.350000  10.054000  0.529000
    -6.350000  10.319000  0.529000
    -6.350000  10.584000  0.529000
    -6.086000 -10.584000  0.529000
    -6.086000 -10.319000  0.529000
    -6.086000 -10.054000  0.529000
    -6.086000 -9.790000  0.529000
    -6.086000 -9.525000  0.529000
    -6.086000 -9.261000  0.529000
    -6.086000 -8.996000  0.529000
    -6.086000 -8.731000  0.529000
    -6.086000 -8.467000  0.529000
    -6.086000 -8.202000  0.529000
    -6.086000 -7.938000  0.529000
    -6.086000 -7.673000  0.529000
    -6.086000 -7.408000  0.529000
    -6.086000 -7.144000  0.529000
    -6.086000 -6.879000  0.529000
    -6.086000 -6.615000  0.529000
    -6.086000 -6.350000  0.529000
    -6.086000 -6.086000  0.529000
    -6.086000 -5.821000  0.529000
    -6.086000 -5.556000  0.529000
    -6.086000 -5.292000  0.529000
    -6.086000 -5.027000  0.529000
    -6.086000 -4.763000  0.529000
    -6.086000 -4.498000  0.529000
    -6.086000 -4.233000  0.529000
    -6.086000 -3.969000  0.529000
    -6.086000 -3.704000  0.529000
    -6.086000 -3.440000  0.529000
    -6.086000 -3.175000  0.529000
    -6.086000 -2.910000  0.529000
    -6.086000 -2.646000  0.529000
    -6.086000 -2.381000  0.529000
    -6.086000 -2.117000  0.529000
    -6.086000 -1.852000  0.529000
    -6.086000 -1.588000  0.529000
    -6.086000 -1.323000  0.529000
    -6.086000 -1.058000  0.529000
    -6.086000 -0.794000  0.529000
    -6.086000 -0.529000  0.529000
    -6.086000 -0.265000  0.529000
    -6.086000  0.000000  0.529000
    -6.086000  0.265000  0.529000
    -6.086000  0.529000  0.529000
    -6.086000  0.794000  0.529000
    -6.086000  1.058000  0.529000
    -6.086000  1.323000  0.529000
    -6.086000  1.588000  0.529000
    -6.086000  1.852000  0.529000
    -6.086000  2.117000  0.529000
    -6.086000  2.381000  0.529000
    -6.086000  2.646000  0.529000
    -6.086000  2.910000  0.529000
    -6.086000  3.175000  0.529000
    -6.086000  3.440000  0.529000
    -6.086000  3.704000  0.529000
    -6.086000  3.969000  0.529000
    -6.086000  4.233000  0.529000
    -6.086000  4.498000  0.529000
    -6.086000  4.763000  0.529000
    -6.086000  5.027000  0.529000
    -6.086000  5.292000  0.529000
    -6.086000  5.556000  0.529000
    -6.086000  5.821000  0.529000
    -6.086000  6.086000  0.529000
    -6.086000  6.350000  0.529000
    -6.086000  6.615000  0.529000
    -6.086000  6.879000  0.529000
    -6.086000  7.144000  0.529000
    -6.086000  7.408000  0.529000
    -6.086000  7.673000  0.529000
    -6.086000  7.938000  0.529000
    -6.086000  8.202000  0.529000
    -6.086000  8.467000  0.529000
    -6.086000  8.731000  0.529000
    -6.086000  8.996000  0.529000
    -6.086000  9.261000  0.529000
    -6.086000  9.525000  0.529000
    -6.086000  9.790000  0.529000
    -6.086000  10.054000  0.529000
    -6.086000  10.319000  0.529000
    -6.086000  10.584000  0.529000
    -5.821000 -10.584000  0.529000
    -5.821000 -10.319000  0.529000
    -5.821000 -10.054000  0.529000
    -5.821000 -9.790000  0.529000
    -5.821000 -9.525000  0.529000
    -5.821000 -9.261000  0.529000
    -5.821000 -8.996000  0.529000
    -5.821000 -8.731000  0.529000
    -5.821000 -8.467000  0.529000
    -5.821000 -8.202000  0.529000
    -5.821000 -7.938000  0.529000
    -5.821000 -7.673000  0.529000
    -5.821000 -7.408000  0.529000
    -5.821000 -7.144000  0.529000
    -5.821000 -6.879000  0.529000
    -5.821000 -6.615000  0.529000
    -5.821000 -6.350000  0.529000
    -5.821000 -6.086000  0.529000
    -5.821000 -5.821000  0.529000
    -5.821000 -5.556000  0.529000
    -5.821000 -5.292000  0.529000
    -5.821000 -5.027000  0.529000
    -5.821000 -4.763000  0.529000
    -5.821000 -4.498000  0.529000
    -5.821000 -4.233000  0.529000
    -5.821000 -3.969000  0.529000
    -5.821000 -3.704000  0.529000
    -5.821000 -3.440000  0.529000
    -5.821000 -3.175000  0.529000
    -5.821000 -2.910000  0.529000
    -5.821000 -2.646000  0.529000
    -5.821000 -2.381000  0.529000
    -5.821000 -2.117000  0.529000
    -5.821000 -1.852000  0.529000
    -5.821000 -1.588000  0.529000
    -5.821000 -1.323000  0.529000
    -5.821000 -1.058000  0.529000
    -5.821000 -0.794000  0.529000
    -5.821000 -0.529000  0.529000
    -5.821000 -0.265000  0.529000
    -5.821000  0.000000  0.529000
    -5.821000  0.265000  0.529000
    -5.821000  0.529000  0.529000
    -5.821000  0.794000  0.529000
    -5.821000  1.058000  0.529000
    -5.821000  1.323000  0.529000
    -5.821000  1.588000  0.529000
    -5.821000  1.852000  0.529000
    -5.821000  2.117000  0.529000
    -5.821000  2.381000  0.529000
    -5.821000  2.646000  0.529000
    -5.821000  2.910000  0.529000
    -5.821000  3.175000  0.529000
    -5.821000  3.440000  0.529000
    -5.821000  3.704000  0.529000
    -5.821000  3.969000  0.529000
    -5.821000  4.233000  0.529000
    -5.821000  4.498000  0.529000
    -5.821000  4.763000  0.529000
    -5.821000  5.027000  0.529000
    -5.821000  5.292000  0.529000
    -5.821000  5.556000  0.529000
    -5.821000  5.821000  0.529000
    -5.821000  6.086000  0.529000
    -5.821000  6.350000  0.529000
    -5.821000  6.615000  0.529000
    -5.821000  6.879000  0.529000
    -5.821000  7.144000  0.529000
    -5.821000  7.408000  0.529000
    -5.821000  7.673000  0.529000
    -5.821000  7.938000  0.529000
    -5.821000  8.202000  0.529000
    -5.821000  8.467000  0.529000
    -5.821000  8.731000  0.529000
    -5.821000  8.996000  0.529000
    -5.821000  9.261000  0.529000
    -5.821000  9.525000  0.529000
    -5.821000  9.790000  0.529000
    -5.821000  10.054000  0.529000
    -5.821000  10.319000  0.529000
    -5.821000  10.584000  0.529000
    -5.556000 -10.584000  0.529000
    -5.556000 -10.319000  0.529000
    -5.556000 -10.054000  0.529000
    -5.556000 -9.790000  0.529000
    -5.556000 -9.525000  0.529000
    -5.556000 -9.261000  0.529000
    -5.556000 -8.996000  0.529000
    -5.556000 -8.731000  0.529000
    -5.556000 -8.467000  0.529000
    -5.556000 -8.202000  0.529000
    -5.556000 -7.938000  0.529000
    -5.556000 -7.673000  0.529000
    -5.556000 -7.408000  0.529000
    -5.556000 -7.144000  0.529000
    -5.556000 -6.879000  0.529000
    -5.556000 -6.615000  0.529000
    -5.556000 -6.350000  0.529000
    -5.556000 -6.086000  0.529000
    -5.556000 -5.821000  0.529000
    -5.556000 -5.556000  0.529000
    -5.556000 -5.292000  0.529000
    -5.556000 -5.027000  0.529000
    -5.556000 -4.763000  0.529000
    -5.556000 -4.498000  0.529000
    -5.556000 -4.233000  0.529000
    -5.556000 -3.969000  0.529000
    -5.556000 -3.704000  0.529000
    -5.556000 -3.440000  0.529000
    -5.556000 -3.175000  0.529000
    -5.556000 -2.910000  0.529000
    -5.556000 -2.646000  0.529000
    -5.556000 -2.381000  0.529000
    -5.556000 -2.117000  0.529000
    -5.556000 -1.852000  0.529000
    -5.556000 -1.588000  0.529000
    -5.556000 -1.323000  0.529000
    -5.556000 -1.058000  0.529000
    -5.556000 -0.794000  0.529000
    -5.556000 -0.529000  0.529000
    -5.556000 -0.265000  0.529000
    -5.556000  0.000000  0.529000
    -5.556000  0.265000  0.529000
    -5.556000  0.529000  0.529000
    -5.556000  0.794000  0.529000
    -5.556000  1.058000  0.529000
    -5.556000  1.323000  0.529000
    -5.556000  1.588000  0.529000
    -5.556000  1.852000  0.529000
    -5.556000  2.117000  0.529000
    -5.556000  2.381000  0.529000
    -5.556000  2.646000  0.529000
    -5.556000  2.910000  0.529000
    -5.556000  3.175000  0.529000
    -5.556000  3.440000  0.529000
    -5.556000  3.704000  0.529000
    -5.556000  3.969000  0.529000
    -5.556000  4.233000  0.529000
    -5.556000  4.498000  0.529000
    -5.556000  4.763000  0.529000
    -5.556000  5.027000  0.529000
    -5.556000  5.292000  0.529000
    -5.556000  5.556000  0.529000
    -5.556000  5.821000  0.529000
    -5.556000  6.086000  0.529000
    -5.556000  6.350000  0.529000
    -5.556000  6.615000  0.529000
    -5.556000  6.879000  0.529000
    -5.556000  7.144000  0.529000
    -5.556000  7.408000  0.529000
    -5.556000  7.673000  0.529000
    -5.556000  7.938000  0.529000
    -5.556000  8.202000  0.529000
    -5.556000  8.467000  0.529000
    -5.556000  8.731000  0.529000
    -5.556000  8.996000  0.529000
    -5.556000  9.261000  0.529000
    -5.556000  9.525000  0.529000
    -5.556000  9.790000  0.529000
    -5.556000  10.054000  0.529000
    -5.556000  10.319000  0.529000
    -5.556000  10.584000  0.529000
    -5.292000 -10.584000  0.529000
    -5.292000 -10.319000  0.529000
    -5.292000 -10.054000  0.529000
    -5.292000 -9.790000  0.529000
    -5.292000 -9.525000  0.529000
    -5.292000 -9.261000  0.529000
    -5.292000 -8.996000  0.529000
    -5.292000 -8.731000  0.529000
    -5.292000 -8.467000  0.529000
    -5.292000 -8.202000  0.529000
    -5.292000 -7.938000  0.529000
    -5.292000 -7.673000  0.529000
    -5.292000 -7.408000  0.529000
    -5.292000 -7.144000  0.529000
    -5.292000 -6.879000  0.529000
    -5.292000 -6.615000  0.529000
    -5.292000 -6.350000  0.529000
    -5.292000 -6.086000  0.529000
    -5.292000 -5.821000  0.529000
    -5.292000 -5.556000  0.529000
    -5.292000 -5.292000  0.529000
    -5.292000 -5.027000  0.529000
    -5.292000 -4.763000  0.529000
    -5.292000 -4.498000  0.529000
    -5.292000 -4.233000  0.529000
    -5.292000 -3.969000  0.529000
    -5.292000 -3.704000  0.529000
    -5.292000 -3.440000  0.529000
    -5.292000 -3.175000  0.529000
    -5.292000 -2.910000  0.529000
    -5.292000 -2.646000  0.529000
    -5.292000 -2.381000  0.529000
    -5.292000 -2.117000  0.529000
    -5.292000 -1.852000  0.529000
    -5.292000 -1.588000  0.529000
    -5.292000 -1.323000  0.529000
    -5.292000 -1.058000  0.529000
    -5.292000 -0.794000  0.529000
    -5.292000 -0.529000  0.529000
    -5.292000 -0.265000  0.529000
    -5.292000  0.000000  0.529000
    -5.292000  0.265000  0.529000
    -5.292000  0.529000  0.529000
    -5.292000  0.794000  0.529000
    -5.292000  1.058000  0.529000
    -5.292000  1.323000  0.529000
    -5.292000  1.588000  0.529000
    -5.292000  1.852000  0.529000
    -5.292000  2.117000  0.529000
    -5.292000  2.381000  0.529000
    -5.292000  2.646000  0.529000
    -5.292000  2.910000  0.529000
    -5.292000  3.175000  0.529000
    -5.292000  3.440000  0.529000
    -5.292000  3.704000  0.529000
    -5.292000  3.969000  0.529000
    -5.292000  4.233000  0.529000
    -5.292000  4.498000  0.529000
    -5.292000  4.763000  0.529000
    -5.292000  5.027000  0.529000
    -5.292000  5.292000  0.529000
    -5.292000  5.556000  0.529000
    -5.292000  5.821000  0.529000
    -5.292000  6.086000  0.529000
    -5.292000  6.350000  0.529000
    -5.292000  6.615000  0.529000
    -5.292000  6.879000  0.529000
    -5.292000  7.144000  0.529000
    -5.292000  7.408000  0.529000
    -5.292000  7.673000  0.529000
    -5.292000  7.938000  0.529000
    -5.292000  8.202000  0.529000
    -5.292000  8.467000  0.529000
    -5.292000  8.731000  0.529000
    -5.292000  8.996000  0.529000
    -5.292000  9.261000  0.529000
    -5.292000  9.525000  0.529000
    -5.292000  9.790000  0.529000
    -5.292000  10.054000  0.529000
    -5.292000  10.319000  0.529000
    -5.292000  10.584000  0.529000
    -5.027000 -10.584000  0.529000
    -5.027000 -10.319000  0.529000
    -5.027000 -10.054000  0.529000
    -5.027000 -9.790000  0.529000
    -5.027000 -9.525000  0.529000
    -5.027000 -9.261000  0.529000
    -5.027000 -8.996000  0.529000
    -5.027000 -8.731000  0.529000
    -5.027000 -8.467000  0.529000
    -5.027000 -8.202000  0.529000
    -5.027000 -7.938000  0.529000
    -5.027000 -7.673000  0.529000
    -5.027000 -7.408000  0.529000
    -5.027000 -7.144000  0.529000
    -5.027000 -6.879000  0.529000
    -5.027000 -6.615000  0.529000
    -5.027000 -6.350000  0.529000
    -5.027000 -6.086000  0.529000
    -5.027000 -5.821000  0.529000
    -5.027000 -5.556000  0.529000
    -5.027000 -5.292000  0.529000
    -5.027000 -5.027000  0.529000
    -5.027000 -4.763000  0.529000
    -5.027000 -4.498000  0.529000
    -5.027000 -4.233000  0.529000
    -5.027000 -3.969000  0.529000
    -5.027000 -3.704000  0.529000
    -5.027000 -3.440000  0.529000
    -5.027000 -3.175000  0.529000
    -5.027000 -2.910000  0.529000
    -5.027000 -2.646000  0.529000
    -5.027000 -2.381000  0.529000
    -5.027000 -2.117000  0.529000
    -5.027000 -1.852000  0.529000
    -5.027000 -1.588000  0.529000
    -5.027000 -1.323000  0.529000
    -5.027000 -1.058000  0.529000
    -5.027000 -0.794000  0.529000
    -5.027000 -0.529000  0.529000
    -5.027000 -0.265000  0.529000
    -5.027000  0.000000  0.529000
    -5.027000  0.265000  0.529000
    -5.027000  0.529000  0.529000
    -5.027000  0.794000  0.529000
    -5.027000  1.058000  0.529000
    -5.027000  1.323000  0.529000
    -5.027000  1.588000  0.529000
    -5.027000  1.852000  0.529000
    -5.027000  2.117000  0.529000
    -5.027000  2.381000  0.529000
    -5.027000  2.646000  0.529000
    -5.027000  2.910000  0.529000
    -5.027000  3.175000  0.529000
    -5.027000  3.440000  0.529000
    -5.027000  3.704000  0.529000
    -5.027000  3.969000  0.529000
    -5.027000  4.233000  0.529000
    -5.027000  4.498000  0.529000
    -5.027000  4.763000  0.529000
    -5.027000  5.027000  0.529000
    -5.027000  5.292000  0.529000
    -5.027000  5.556000  0.529000
    -5.027000  5.821000  0.529000
    -5.027000  6.086000  0.529000
    -5.027000  6.350000  0.529000
    -5.027000  6.615000  0.529000
    -5.027000  6.879000  0.529000
    -5.027000  7.144000  0.529000
    -5.027000  7.408000  0.529000
    -5.027000  7.673000  0.529000
    -5.027000  7.938000  0.529000
    -5.027000  8.202000  0.529000
    -5.027000  8.467000  0.529000
    -5.027000  8.731000  0.529000
    -5.027000  8.996000  0.529000
    -5.027000  9.261000  0.529000
    -5.027000  9.525000  0.529000
    -5.027000  9.790000  0.529000
    -5.027000  10.054000  0.529000
    -5.027000  10.319000  0.529000
    -5.027000  10.584000  0.529000
    -4.763000 -10.584000  0.529000
    -4.763000 -10.319000  0.529000
    -4.763000 -10.054000  0.529000
    -4.763000 -9.790000  0.529000
    -4.763000 -9.525000  0.529000
    -4.763000 -9.261000  0.529000
    -4.763000 -8.996000  0.529000
    -4.763000 -8.731000  0.529000
    -4.763000 -8.467000  0.529000
    -4.763000 -8.202000  0.529000
    -4.763000 -7.938000  0.529000
    -4.763000 -7.673000  0.529000
    -4.763000 -7.408000  0.529000
    -4.763000 -7.144000  0.529000
    -4.763000 -6.879000  0.529000
    -4.763000 -6.615000  0.529000
    -4.763000 -6.350000  0.529000
    -4.763000 -6.086000  0.529000
    -4.763000 -5.821000  0.529000
    -4.763000 -5.556000  0.529000
    -4.763000 -5.292000  0.529000
    -4.763000 -5.027000  0.529000
    -4.763000 -4.763000  0.529000
    -4.763000 -4.498000  0.529000
    -4.763000 -4.233000  0.529000
    -4.763000 -3.969000  0.529000
    -4.763000 -3.704000  0.529000
    -4.763000 -3.440000  0.529000
    -4.763000 -3.175000  0.529000
    -4.763000 -2.910000  0.529000
    -4.763000 -2.646000  0.529000
    -4.763000 -2.381000  0.529000
    -4.763000 -2.117000  0.529000
    -4.763000 -1.852000  0.529000
    -4.763000 -1.588000  0.529000
    -4.763000 -1.323000  0.529000
    -4.763000 -1.058000  0.529000
    -4.763000 -0.794000  0.529000
    -4.763000 -0.529000  0.529000
    -4.763000 -0.265000  0.529000
    -4.763000  0.000000  0.529000
    -4.763000  0.265000  0.529000
    -4.763000  0.529000  0.529000
    -4.763000  0.794000  0.529000
    -4.763000  1.058000  0.529000
    -4.763000  1.323000  0.529000
    -4.763000  1.588000  0.529000
    -4.763000  1.852000  0.529000
    -4.763000  2.117000  0.529000
    -4.763000  2.381000  0.529000
    -4.763000  2.646000  0.529000
    -4.763000  2.910000  0.529000
    -4.763000  3.175000  0.529000
    -4.763000  3.440000  0.529000
    -4.763000  3.704000  0.529000
    -4.763000  3.969000  0.529000
    -4.763000  4.233000  0.529000
    -4.763000  4.498000  0.529000
    -4.763000  4.763000  0.529000
    -4.763000  5.027000  0.529000
    -4.763000  5.292000  0.529000
    -4.763000  5.556000  0.529000
    -4.763000  5.821000  0.529000
    -4.763000  6.086000  0.529000
    -4.763000  6.350000  0.529000
    -4.763000  6.615000  0.529000
    -4.763000  6.879000  0.529000
    -4.763000  7.144000  0.529000
    -4.763000  7.408000  0.529000
    -4.763000  7.673000  0.529000
    -4.763000  7.938000  0.529000
    -4.763000  8.202000  0.529000
    -4.763000  8.467000  0.529000
    -4.763000  8.731000  0.529000
    -4.763000  8.996000  0.529000
    -4.763000  9.261000  0.529000
    -4.763000  9.525000  0.529000
    -4.763000  9.790000  0.529000
    -4.763000  10.054000  0.529000
    -4.763000  10.319000  0.529000
    -4.763000  10.584000  0.529000
    -4.498000 -10.584000  0.529000
    -4.498000 -10.319000  0.529000
    -4.498000 -10.054000  0.529000
    -4.498000 -9.790000  0.529000
    -4.498000 -9.525000  0.529000
    -4.498000 -9.261000  0.529000
    -4.498000 -8.996000  0.529000
    -4.498000 -8.731000  0.529000
    -4.498000 -8.467000  0.529000
    -4.498000 -8.202000  0.529000
    -4.498000 -7.938000  0.529000
    -4.498000 -7.673000  0.529000
    -4.498000 -7.408000  0.529000
    -4.498000 -7.144000  0.529000
    -4.498000 -6.879000  0.529000
    -4.498000 -6.615000  0.529000
    -4.498000 -6.350000  0.529000
    -4.498000 -6.086000  0.529000
    -4.498000 -5.821000  0.529000
    -4.498000 -5.556000  0.529000
    -4.498000 -5.292000  0.529000
    -4.498000 -5.027000  0.529000
    -4.498000 -4.763000  0.529000
    -4.498000 -4.498000  0.529000
    -4.498000 -4.233000  0.529000
    -4.498000 -3.969000  0.529000
    -4.498000 -3.704000  0.529000
    -4.498000 -3.440000  0.529000
    -4.498000 -3.175000  0.529000
    -4.498000 -2.910000  0.529000
    -4.498000 -2.646000  0.529000
    -4.498000 -2.381000  0.529000
    -4.498000 -2.117000  0.529000
    -4.498000 -1.852000  0.529000
    -4.498000 -1.588000  0.529000
    -4.498000 -1.323000  0.529000
    -4.498000 -1.058000  0.529000
    -4.498000 -0.794000  0.529000
    -4.498000 -0.529000  0.529000
    -4.498000 -0.265000  0.529000
    -4.498000  0.000000  0.529000
    -4.498000  0.265000  0.529000
    -4.498000  0.529000  0.529000
    -4.498000  0.794000  0.529000
    -4.498000  1.058000  0.529000
    -4.498000  1.323000  0.529000
    -4.498000  1.588000  0.529000
    -4.498000  1.852000  0.529000
    -4.498000  2.117000  0.529000
    -4.498000  2.381000  0.529000
    -4.498000  2.646000  0.529000
    -4.498000  2.910000  0.529000
    -4.498000  3.175000  0.529000
    -4.498000  3.440000  0.529000
    -4.498000  3.704000  0.529000
    -4.498000  3.969000  0.529000
    -4.498000  4.233000  0.529000
    -4.498000  4.498000  0.529000
    -4.498000  4.763000  0.529000
    -4.498000  5.027000  0.529000
    -4.498000  5.292000  0.529000
    -4.498000  5.556000  0.529000
    -4.498000  5.821000  0.529000
    -4.498000  6.086000  0.529000
    -4.498000  6.350000  0.529000
    -4.498000  6.615000  0.529000
    -4.498000  6.879000  0.529000
    -4.498000  7.144000  0.529000
    -4.498000  7.408000  0.529000
    -4.498000  7.673000  0.529000
    -4.498000  7.938000  0.529000
    -4.498000  8.202000  0.529000
    -4.498000  8.467000  0.529000
    -4.498000  8.731000  0.529000
    -4.498000  8.996000  0.529000
    -4.498000  9.261000  0.529000
    -4.498000  9.525000  0.529000
    -4.498000  9.790000  0.529000
    -4.498000  10.054000  0.529000
    -4.498000  10.319000  0.529000
    -4.498000  10.584000  0.529000
    -4.233000 -10.584000  0.529000
    -4.233000 -10.319000  0.529000
    -4.233000 -10.054000  0.529000
    -4.233000 -9.790000  0.529000
    -4.233000 -9.525000  0.529000
    -4.233000 -9.261000  0.529000
    -4.233000 -8.996000  0.529000
    -4.233000 -8.731000  0.529000
    -4.233000 -8.467000  0.529000
    -4.233000 -8.202000  0.529000
    -4.233000 -7.938000  0.529000
    -4.233000 -7.673000  0.529000
    -4.233000 -7.408000  0.529000
    -4.233000 -7.144000  0.529000
    -4.233000 -6.879000  0.529000
    -4.233000 -6.615000  0.529000
    -4.233000 -6.350000  0.529000
    -4.233000 -6.086000  0.529000
    -4.233000 -5.821000  0.529000
    -4.233000 -5.556000  0.529000
    -4.233000 -5.292000  0.529000
    -4.233000 -5.027000  0.529000
    -4.233000 -4.763000  0.529000
    -4.233000 -4.498000  0.529000
    -4.233000 -4.233000  0.529000
    -4.233000 -3.969000  0.529000
    -4.233000 -3.704000  0.529000
    -4.233000 -3.440000  0.529000
    -4.233000 -3.175000  0.529000
    -4.233000 -2.910000  0.529000
    -4.233000 -2.646000  0.529000
    -4.233000 -2.381000  0.529000
    -4.233000 -2.117000  0.529000
    -4.233000 -1.852000  0.529000
    -4.233000 -1.588000  0.529000
    -4.233000 -1.323000  0.529000
    -4.233000 -1.058000  0.529000
    -4.233000 -0.794000  0.529000
    -4.233000 -0.529000  0.529000
    -4.233000 -0.265000  0.529000
    -4.233000  0.000000  0.529000
    -4.233000  0.265000  0.529000
    -4.233000  0.529000  0.529000
    -4.233000  0.794000  0.529000
    -4.233000  1.058000  0.529000
    -4.233000  1.323000  0.529000
    -4.233000  1.588000  0.529000
    -4.233000  1.852000  0.529000
    -4.233000  2.117000  0.529000
    -4.233000  2.381000  0.529000
    -4.233000  2.646000  0.529000
    -4.233000  2.910000  0.529000
    -4.233000  3.175000  0.529000
    -4.233000  3.440000  0.529000
    -4.233000  3.704000  0.529000
    -4.233000  3.969000  0.529000
    -4.233000  4.233000  0.529000
    -4.233000  4.498000  0.529000
    -4.233000  4.763000  0.529000
    -4.233000  5.027000  0.529000
    -4.233000  5.292000  0.529000
    -4.233000  5.556000  0.529000
    -4.233000  5.821000  0.529000
    -4.233000  6.086000  0.529000
    -4.233000  6.350000  0.529000
    -4.233000  6.615000  0.529000
    -4.233000  6.879000  0.529000
    -4.233000  7.144000  0.529000
    -4.233000  7.408000  0.529000
    -4.233000  7.673000  0.529000
    -4.233000  7.938000  0.529000
    -4.233000  8.202000  0.529000
    -4.233000  8.467000  0.529000
    -4.233000  8.731000  0.529000
    -4.233000  8.996000  0.529000
    -4.233000  9.261000  0.529000
    -4.233000  9.525000  0.529000
    -4.233000  9.790000  0.529000
    -4.233000  10.054000  0.529000
    -4.233000  10.319000  0.529000
    -4.233000  10.584000  0.529000
    -3.969000 -10.584000  0.529000
    -3.969000 -10.319000  0.529000
    -3.969000 -10.054000  0.529000
    -3.969000 -9.790000  0.529000
    -3.969000 -9.525000  0.529000
    -3.969000 -9.261000  0.529000
    -3.969000 -8.996000  0.529000
    -3.969000 -8.731000  0.529000
    -3.969000 -8.467000  0.529000
    -3.969000 -8.202000  0.529000
    -3.969000 -7.938000  0.529000
    -3.969000 -7.673000  0.529000
    -3.969000 -7.408000  0.529000
    -3.969000 -7.144000  0.529000
    -3.969000 -6.879000  0.529000
    -3.969000 -6.615000  0.529000
    -3.969000 -6.350000  0.529000
    -3.969000 -6.086000  0.529000
    -3.969000 -5.821000  0.529000
    -3.969000 -5.556000  0.529000
    -3.969000 -5.292000  0.529000
    -3.969000 -5.027000  0.529000
    -3.969000 -4.763000  0.529000
    -3.969000 -4.498000  0.529000
    -3.969000 -4.233000  0.529000
    -3.969000 -3.969000  0.529000
    -3.969000 -3.704000  0.529000
    -3.969000 -3.440000  0.529000
    -3.969000 -3.175000  0.529000
    -3.969000 -2.910000  0.529000
    -3.969000 -2.646000  0.529000
    -3.969000 -2.381000  0.529000
    -3.969000 -2.117000  0.529000
    -3.969000 -1.852000  0.529000
    -3.969000 -1.588000  0.529000
    -3.969000 -1.323000  0.529000
    -3.969000 -1.058000  0.529000
    -3.969000 -0.794000  0.529000
    -3.969000 -0.529000  0.529000
    -3.969000 -0.265000  0.529000
    -3.969000  0.000000  0.529000
    -3.969000  0.265000  0.529000
    -3.969000  0.529000  0.529000
    -3.969000  0.794000  0.529000
    -3.969000  1.058000  0.529000
    -3.969000  1.323000  0.529000
    -3.969000  1.588000  0.529000
    -3.969000  1.852000  0.529000
    -3.969000  2.117000  0.529000
    -3.969000  2.381000  0.529000
    -3.969000  2.646000  0.529000
    -3.969000  2.910000  0.529000
    -3.969000  3.175000  0.529000
    -3.969000  3.440000  0.529000
    -3.969000  3.704000  0.529000
    -3.969000  3.969000  0.529000
    -3.969000  4.233000  0.529000
    -3.969000  4.498000  0.529000
    -3.969000  4.763000  0.529000
    -3.969000  5.027000  0.529000
    -3.969000  5.292000  0.529000
    -3.969000  5.556000  0.529000
    -3.969000  5.821000  0.529000
    -3.969000  6.086000  0.529000
    -3.969000  6.350000  0.529000
    -3.969000  6.615000  0.529000
    -3.969000  6.879000  0.529000
    -3.969000  7.144000  0.529000
    -3.969000  7.408000  0.529000
    -3.969000  7.673000  0.529000
    -3.969000  7.938000  0.529000
    -3.969000  8.202000  0.529000
    -3.969000  8.467000  0.529000
    -3.969000  8.731000  0.529000
    -3.969000  8.996000  0.529000
    -3.969000  9.261000  0.529000
    -3.969000  9.525000  0.529000
    -3.969000  9.790000  0.529000
    -3.969000  10.054000  0.529000
    -3.969000  10.319000  0.529000
    -3.969000  10.584000  0.529000
    -3.704000 -10.584000  0.529000
    -3.704000 -10.319000  0.529000
    -3.704000 -10.054000  0.529000
    -3.704000 -9.790000  0.529000
    -3.704000 -9.525000  0.529000
    -3.704000 -9.261000  0.529000
    -3.704000 -8.996000  0.529000
    -3.704000 -8.731000  0.529000
    -3.704000 -8.467000  0.529000
    -3.704000 -8.202000  0.529000
    -3.704000 -7.938000  0.529000
    -3.704000 -7.673000  0.529000
    -3.704000 -7.408000  0.529000
    -3.704000 -7.144000  0.529000
    -3.704000 -6.879000  0.529000
    -3.704000 -6.615000  0.529000
    -3.704000 -6.350000  0.529000
    -3.704000 -6.086000  0.529000
    -3.704000 -5.821000  0.529000
    -3.704000 -5.556000  0.529000
    -3.704000 -5.292000  0.529000
    -3.704000 -5.027000  0.529000
    -3.704000 -4.763000  0.529000
    -3.704000 -4.498000  0.529000
    -3.704000 -4.233000  0.529000
    -3.704000 -3.969000  0.529000
    -3.704000 -3.704000  0.529000
    -3.704000 -3.440000  0.529000
    -3.704000 -3.175000  0.529000
    -3.704000 -2.910000  0.529000
    -3.704000 -2.646000  0.529000
    -3.704000 -2.381000  0.529000
    -3.704000 -2.117000  0.529000
    -3.704000 -1.852000  0.529000
    -3.704000 -1.588000  0.529000
    -3.704000 -1.323000  0.529000
    -3.704000 -1.058000  0.529000
    -3.704000 -0.794000  0.529000
    -3.704000 -0.529000  0.529000
    -3.704000 -0.265000  0.529000
    -3.704000  0.000000  0.529000
    -3.704000  0.265000  0.529000
    -3.704000  0.529000  0.529000
    -3.704000  0.794000  0.529000
    -3.704000  1.058000  0.529000
    -3.704000  1.323000  0.529000
    -3.704000  1.588000  0.529000
    -3.704000  1.852000  0.529000
    -3.704000  2.117000  0.529000
    -3.704000  2.381000  0.529000
    -3.704000  2.646000  0.529000
    -3.704000  2.910000  0.529000
    -3.704000  3.175000  0.529000
    -3.704000  3.440000  0.529000
    -3.704000  3.704000  0.529000
    -3.704000  3.969000  0.529000
    -3.704000  4.233000  0.529000
    -3.704000  4.498000  0.529000
    -3.704000  4.763000  0.529000
    -3.704000  5.027000  0.529000
    -3.704000  5.292000  0.529000
    -3.704000  5.556000  0.529000
    -3.704000  5.821000  0.529000
    -3.704000  6.086000  0.529000
    -3.704000  6.350000  0.529000
    -3.704000  6.615000  0.529000
    -3.704000  6.879000  0.529000
    -3.704000  7.144000  0.529000
    -3.704000  7.408000  0.529000
    -3.704000  7.673000  0.529000
    -3.704000  7.938000  0.529000
    -3.704000  8.202000  0.529000
    -3.704000  8.467000  0.529000
    -3.704000  8.731000  0.529000
    -3.704000  8.996000  0.529000
    -3.704000  9.261000  0.529000
    -3.704000  9.525000  0.529000
    -3.704000  9.790000  0.529000
    -3.704000  10.054000  0.529000
    -3.704000  10.319000  0.529000
    -3.704000  10.584000  0.529000
    -3.440000 -10.584000  0.529000
    -3.440000 -10.319000  0.529000
    -3.440000 -10.054000  0.529000
    -3.440000 -9.790000  0.529000
    -3.440000 -9.525000  0.529000
    -3.440000 -9.261000  0.529000
    -3.440000 -8.996000  0.529000
    -3.440000 -8.731000  0.529000
    -3.440000 -8.467000  0.529000
    -3.440000 -8.202000  0.529000
    -3.440000 -7.938000  0.529000
    -3.440000 -7.673000  0.529000
    -3.440000 -7.408000  0.529000
    -3.440000 -7.144000  0.529000
    -3.440000 -6.879000  0.529000
    -3.440000 -6.615000  0.529000
    -3.440000 -6.350000  0.529000
    -3.440000 -6.086000  0.529000
    -3.440000 -5.821000  0.529000
    -3.440000 -5.556000  0.529000
    -3.440000 -5.292000  0.529000
    -3.440000 -5.027000  0.529000
    -3.440000 -4.763000  0.529000
    -3.440000 -4.498000  0.529000
    -3.440000 -4.233000  0.529000
    -3.440000 -3.969000  0.529000
    -3.440000 -3.704000  0.529000
    -3.440000 -3.440000  0.529000
    -3.440000 -3.175000  0.529000
    -3.440000 -2.910000  0.529000
    -3.440000 -2.646000  0.529000
    -3.440000 -2.381000  0.529000
    -3.440000 -2.117000  0.529000
    -3.440000 -1.852000  0.529000
    -3.440000 -1.588000  0.529000
    -3.440000 -1.323000  0.529000
    -3.440000 -1.058000  0.529000
    -3.440000 -0.794000  0.529000
    -3.440000 -0.529000  0.529000
    -3.440000 -0.265000  0.529000
    -3.440000  0.000000  0.529000
    -3.440000  0.265000  0.529000
    -3.440000  0.529000  0.529000
    -3.440000  0.794000  0.529000
    -3.440000  1.058000  0.529000
    -3.440000  1.323000  0.529000
    -3.440000  1.588000  0.529000
    -3.440000  1.852000  0.529000
    -3.440000  2.117000  0.529000
    -3.440000  2.381000  0.529000
    -3.440000  2.646000  0.529000
    -3.440000  2.910000  0.529000
    -3.440000  3.175000  0.529000
    -3.440000  3.440000  0.529000
    -3.440000  3.704000  0.529000
    -3.440000  3.969000  0.529000
    -3.440000  4.233000  0.529000
    -3.440000  4.498000  0.529000
    -3.440000  4.763000  0.529000
    -3.440000  5.027000  0.529000
    -3.440000  5.292000  0.529000
    -3.440000  5.556000  0.529000
    -3.440000  5.821000  0.529000
    -3.440000  6.086000  0.529000
    -3.440000  6.350000  0.529000
    -3.440000  6.615000  0.529000
    -3.440000  6.879000  0.529000
    -3.440000  7.144000  0.529000
    -3.440000  7.408000  0.529000
    -3.440000  7.673000  0.529000
    -3.440000  7.938000  0.529000
    -3.440000  8.202000  0.529000
    -3.440000  8.467000  0.529000
    -3.440000  8.731000  0.529000
    -3.440000  8.996000  0.529000
    -3.440000  9.261000  0.529000
    -3.440000  9.525000  0.529000
    -3.440000  9.790000  0.529000
    -3.440000  10.054000  0.529000
    -3.440000  10.319000  0.529000
    -3.440000  10.584000  0.529000
    -3.175000 -10.584000  0.529000
    -3.175000 -10.319000  0.529000
    -3.175000 -10.054000  0.529000
    -3.175000 -9.790000  0.529000
    -3.175000 -9.525000  0.529000
    -3.175000 -9.261000  0.529000
    -3.175000 -8.996000  0.529000
    -3.175000 -8.731000  0.529000
    -3.175000 -8.467000  0.529000
    -3.175000 -8.202000  0.529000
    -3.175000 -7.938000  0.529000
    -3.175000 -7.673000  0.529000
    -3.175000 -7.408000  0.529000
    -3.175000 -7.144000  0.529000
    -3.175000 -6.879000  0.529000
    -3.175000 -6.615000  0.529000
    -3.175000 -6.350000  0.529000
    -3.175000 -6.086000  0.529000
    -3.175000 -5.821000  0.529000
    -3.175000 -5.556000  0.529000
    -3.175000 -5.292000  0.529000
    -3.175000 -5.027000  0.529000
    -3.175000 -4.763000  0.529000
    -3.175000 -4.498000  0.529000
    -3.175000 -4.233000  0.529000
    -3.175000 -3.969000  0.529000
    -3.175000 -3.704000  0.529000
    -3.175000 -3.440000  0.529000
    -3.175000 -3.175000  0.529000
    -3.175000 -2.910000  0.529000
    -3.175000 -2.646000  0.529000
    -3.175000 -2.381000  0.529000
    -3.175000 -2.117000  0.529000
    -3.175000 -1.852000  0.529000
    -3.175000 -1.588000  0.529000
    -3.175000 -1.323000  0.529000
    -3.175000 -1.058000  0.529000
    -3.175000 -0.794000  0.529000
    -3.175000 -0.529000  0.529000
    -3.175000 -0.265000  0.529000
    -3.175000  0.000000  0.529000
    -3.175000  0.265000  0.529000
    -3.175000  0.529000  0.529000
    -3.175000  0.794000  0.529000
    -3.175000  1.058000  0.529000
    -3.175000  1.323000  0.529000
    -3.175000  1.588000  0.529000
    -3.175000  1.852000  0.529000
    -3.175000  2.117000  0.529000
    -3.175000  2.381000  0.529000
    -3.175000  2.646000  0.529000
    -3.175000  2.910000  0.529000
    -3.175000  3.175000  0.529000
    -3.175000  3.440000  0.529000
    -3.175000  3.704000  0.529000
    -3.175000  3.969000  0.529000
    -3.175000  4.233000  0.529000
    -3.175000  4.498000  0.529000
    -3.175000  4.763000  0.529000
    -3.175000  5.027000  0.529000
    -3.175000  5.292000  0.529000
    -3.175000  5.556000  0.529000
    -3.175000  5.821000  0.529000
    -3.175000  6.086000  0.529000
    -3.175000  6.350000  0.529000
    -3.175000  6.615000  0.529000
    -3.175000  6.879000  0.529000
    -3.175000  7.144000  0.529000
    -3.175000  7.408000  0.529000
    -3.175000  7.673000  0.529000
    -3.175000  7.938000  0.529000
    -3.175000  8.202000  0.529000
    -3.175000  8.467000  0.529000
    -3.175000  8.731000  0.529000
    -3.175000  8.996000  0.529000
    -3.175000  9.261000  0.529000
    -3.175000  9.525000  0.529000
    -3.175000  9.790000  0.529000
    -3.175000  10.054000  0.529000
    -3.175000  10.319000  0.529000
    -3.175000  10.584000  0.529000
    -2.910000 -10.584000  0.529000
    -2.910000 -10.319000  0.529000
    -2.910000 -10.054000  0.529000
    -2.910000 -9.790000  0.529000
    -2.910000 -9.525000  0.529000
    -2.910000 -9.261000  0.529000
    -2.910000 -8.996000  0.529000
    -2.910000 -8.731000  0.529000
    -2.910000 -8.467000  0.529000
    -2.910000 -8.202000  0.529000
    -2.910000 -7.938000  0.529000
    -2.910000 -7.673000  0.529000
    -2.910000 -7.408000  0.529000
    -2.910000 -7.144000  0.529000
    -2.910000 -6.879000  0.529000
    -2.910000 -6.615000  0.529000
    -2.910000 -6.350000  0.529000
    -2.910000 -6.086000  0.529000
    -2.910000 -5.821000  0.529000
    -2.910000 -5.556000  0.529000
    -2.910000 -5.292000  0.529000
    -2.910000 -5.027000  0.529000
    -2.910000 -4.763000  0.529000
    -2.910000 -4.498000  0.529000
    -2.910000 -4.233000  0.529000
    -2.910000 -3.969000  0.529000
    -2.910000 -3.704000  0.529000
    -2.910000 -3.440000  0.529000
    -2.910000 -3.175000  0.529000
    -2.910000 -2.910000  0.529000
    -2.910000 -2.646000  0.529000
    -2.910000 -2.381000  0.529000
    -2.910000 -2.117000  0.529000
    -2.910000 -1.852000  0.529000
    -2.910000 -1.588000  0.529000
    -2.910000 -1.323000  0.529000
    -2.910000 -1.058000  0.529000
    -2.910000 -0.794000  0.529000
    -2.910000 -0.529000  0.529000
    -2.910000 -0.265000  0.529000
    -2.910000  0.000000  0.529000
    -2.910000  0.265000  0.529000
    -2.910000  0.529000  0.529000
    -2.910000  0.794000  0.529000
    -2.910000  1.058000  0.529000
    -2.910000  1.323000  0.529000
    -2.910000  1.588000  0.529000
    -2.910000  1.852000  0.529000
    -2.910000  2.117000  0.529000
    -2.910000  2.381000  0.529000
    -2.910000  2.646000  0.529000
    -2.910000  2.910000  0.529000
    -2.910000  3.175000  0.529000
    -2.910000  3.440000  0.529000
    -2.910000  3.704000  0.529000
    -2.910000  3.969000  0.529000
    -2.910000  4.233000  0.529000
    -2.910000  4.498000  0.529000
    -2.910000  4.763000  0.529000
    -2.910000  5.027000  0.529000
    -2.910000  5.292000  0.529000
    -2.910000  5.556000  0.529000
    -2.910000  5.821000  0.529000
    -2.910000  6.086000  0.529000
    -2.910000  6.350000  0.529000
    -2.910000  6.615000  0.529000
    -2.910000  6.879000  0.529000
    -2.910000  7.144000  0.529000
    -2.910000  7.408000  0.529000
    -2.910000  7.673000  0.529000
    -2.910000  7.938000  0.529000
    -2.910000  8.202000  0.529000
    -2.910000  8.467000  0.529000
    -2.910000  8.731000  0.529000
    -2.910000  8.996000  0.529000
    -2.910000  9.261000  0.529000
    -2.910000  9.525000  0.529000
    -2.910000  9.790000  0.529000
    -2.910000  10.054000  0.529000
    -2.910000  10.319000  0.529000
    -2.910000  10.584000  0.529000
    -2.646000 -10.584000  0.529000
    -2.646000 -10.319000  0.529000
    -2.646000 -10.054000  0.529000
    -2.646000 -9.790000  0.529000
    -2.646000 -9.525000  0.529000
    -2.646000 -9.261000  0.529000
    -2.646000 -8.996000  0.529000
    -2.646000 -8.731000  0.529000
    -2.646000 -8.467000  0.529000
    -2.646000 -8.202000  0.529000
    -2.646000 -7.938000  0.529000
    -2.646000 -7.673000  0.529000
    -2.646000 -7.408000  0.529000
    -2.646000 -7.144000  0.529000
    -2.646000 -6.879000  0.529000
    -2.646000 -6.615000  0.529000
    -2.646000 -6.350000  0.529000
    -2.646000 -6.086000  0.529000
    -2.646000 -5.821000  0.529000
    -2.646000 -5.556000  0.529000
    -2.646000 -5.292000  0.529000
    -2.646000 -5.027000  0.529000
    -2.646000 -4.763000  0.529000
    -2.646000 -4.498000  0.529000
    -2.646000 -4.233000  0.529000
    -2.646000 -3.969000  0.529000
    -2.646000 -3.704000  0.529000
    -2.646000 -3.440000  0.529000
    -2.646000 -3.175000  0.529000
    -2.646000 -2.910000  0.529000
    -2.646000 -2.646000  0.529000
    -2.646000 -2.381000  0.529000
    -2.646000 -2.117000  0.529000
    -2.646000 -1.852000  0.529000
    -2.646000 -1.588000  0.529000
    -2.646000 -1.323000  0.529000
    -2.646000 -1.058000  0.529000
    -2.646000 -0.794000  0.529000
    -2.646000 -0.529000  0.529000
    -2.646000 -0.265000  0.529000
    -2.646000  0.000000  0.529000
    -2.646000  0.265000  0.529000
    -2.646000  0.529000  0.529000
    -2.646000  0.794000  0.529000
    -2.646000  1.058000  0.529000
    -2.646000  1.323000  0.529000
    -2.646000  1.588000  0.529000
    -2.646000  1.852000  0.529000
    -2.646000  2.117000  0.529000
    -2.646000  2.381000  0.529000
    -2.646000  2.646000  0.529000
    -2.646000  2.910000  0.529000
    -2.646000  3.175000  0.529000
    -2.646000  3.440000  0.529000
    -2.646000  3.704000  0.529000
    -2.646000  3.969000  0.529000
    -2.646000  4.233000  0.529000
    -2.646000  4.498000  0.529000
    -2.646000  4.763000  0.529000
    -2.646000  5.027000  0.529000
    -2.646000  5.292000  0.529000
    -2.646000  5.556000  0.529000
    -2.646000  5.821000  0.529000
    -2.646000  6.086000  0.529000
    -2.646000  6.350000  0.529000
    -2.646000  6.615000  0.529000
    -2.646000  6.879000  0.529000
    -2.646000  7.144000  0.529000
    -2.646000  7.408000  0.529000
    -2.646000  7.673000  0.529000
    -2.646000  7.938000  0.529000
    -2.646000  8.202000  0.529000
    -2.646000  8.467000  0.529000
    -2.646000  8.731000  0.529000
    -2.646000  8.996000  0.529000
    -2.646000  9.261000  0.529000
    -2.646000  9.525000  0.529000
    -2.646000  9.790000  0.529000
    -2.646000  10.054000  0.529000
    -2.646000  10.319000  0.529000
    -2.646000  10.584000  0.529000
    -2.381000 -10.584000  0.529000
    -2.381000 -10.319000  0.529000
    -2.381000 -10.054000  0.529000
    -2.381000 -9.790000  0.529000
    -2.381000 -9.525000  0.529000
    -2.381000 -9.261000  0.529000
    -2.381000 -8.996000  0.529000
    -2.381000 -8.731000  0.529000
    -2.381000 -8.467000  0.529000
    -2.381000 -8.202000  0.529000
    -2.381000 -7.938000  0.529000
    -2.381000 -7.673000  0.529000
    -2.381000 -7.408000  0.529000
    -2.381000 -7.144000  0.529000
    -2.381000 -6.879000  0.529000
    -2.381000 -6.615000  0.529000
    -2.381000 -6.350000  0.529000
    -2.381000 -6.086000  0.529000
    -2.381000 -5.821000  0.529000
    -2.381000 -5.556000  0.529000
    -2.381000 -5.292000  0.529000
    -2.381000 -5.027000  0.529000
    -2.381000 -4.763000  0.529000
    -2.381000 -4.498000  0.529000
    -2.381000 -4.233000  0.529000
    -2.381000 -3.969000  0.529000
    -2.381000 -3.704000  0.529000
    -2.381000 -3.440000  0.529000
    -2.381000 -3.175000  0.529000
    -2.381000 -2.910000  0.529000
    -2.381000 -2.646000  0.529000
    -2.381000 -2.381000  0.529000
    -2.381000 -2.117000  0.529000
    -2.381000 -1.852000  0.529000
    -2.381000 -1.588000  0.529000
    -2.381000 -1.323000  0.529000
    -2.381000 -1.058000  0.529000
    -2.381000 -0.794000  0.529000
    -2.381000 -0.529000  0.529000
    -2.381000 -0.265000  0.529000
    -2.381000  0.000000  0.529000
    -2.381000  0.265000  0.529000
    -2.381000  0.529000  0.529000
    -2.381000  0.794000  0.529000
    -2.381000  1.058000  0.529000
    -2.381000  1.323000  0.529000
    -2.381000  1.588000  0.529000
    -2.381000  1.852000  0.529000
    -2.381000  2.117000  0.529000
    -2.381000  2.381000  0.529000
    -2.381000  2.646000  0.529000
    -2.381000  2.910000  0.529000
    -2.381000  3.175000  0.529000
    -2.381000  3.440000  0.529000
    -2.381000  3.704000  0.529000
    -2.381000  3.969000  0.529000
    -2.381000  4.233000  0.529000
    -2.381000  4.498000  0.529000
    -2.381000  4.763000  0.529000
    -2.381000  5.027000  0.529000
    -2.381000  5.292000  0.529000
    -2.381000  5.556000  0.529000
    -2.381000  5.821000  0.529000
    -2.381000  6.086000  0.529000
    -2.381000  6.350000  0.529000
    -2.381000  6.615000  0.529000
    -2.381000  6.879000  0.529000
    -2.381000  7.144000  0.529000
    -2.381000  7.408000  0.529000
    -2.381000  7.673000  0.529000
    -2.381000  7.938000  0.529000
    -2.381000  8.202000  0.529000
    -2.381000  8.467000  0.529000
    -2.381000  8.731000  0.529000
    -2.381000  8.996000  0.529000
    -2.381000  9.261000  0.529000
    -2.381000  9.525000  0.529000
    -2.381000  9.790000  0.529000
    -2.381000  10.054000  0.529000
    -2.381000  10.319000  0.529000
    -2.381000  10.584000  0.529000
    -2.117000 -10.584000  0.529000
    -2.117000 -10.319000  0.529000
    -2.117000 -10.054000  0.529000
    -2.117000 -9.790000  0.529000
    -2.117000 -9.525000  0.529000
    -2.117000 -9.261000  0.529000
    -2.117000 -8.996000  0.529000
    -2.117000 -8.731000  0.529000
    -2.117000 -8.467000  0.529000
    -2.117000 -8.202000  0.529000
    -2.117000 -7.938000  0.529000
    -2.117000 -7.673000  0.529000
    -2.117000 -7.408000  0.529000
    -2.117000 -7.144000  0.529000
    -2.117000 -6.879000  0.529000
    -2.117000 -6.615000  0.529000
    -2.117000 -6.350000  0.529000
    -2.117000 -6.086000  0.529000
    -2.117000 -5.821000  0.529000
    -2.117000 -5.556000  0.529000
    -2.117000 -5.292000  0.529000
    -2.117000 -5.027000  0.529000
    -2.117000 -4.763000  0.529000
    -2.117000 -4.498000  0.529000
    -2.117000 -4.233000  0.529000
    -2.117000 -3.969000  0.529000
    -2.117000 -3.704000  0.529000
    -2.117000 -3.440000  0.529000
    -2.117000 -3.175000  0.529000
    -2.117000 -2.910000  0.529000
    -2.117000 -2.646000  0.529000
    -2.117000 -2.381000  0.529000
    -2.117000 -2.117000  0.529000
    -2.117000 -1.852000  0.529000
    -2.117000 -1.588000  0.529000
    -2.117000 -1.323000  0.529000
    -2.117000 -1.058000  0.529000
    -2.117000 -0.794000  0.529000
    -2.117000 -0.529000  0.529000
    -2.117000 -0.265000  0.529000
    -2.117000  0.000000  0.529000
    -2.117000  0.265000  0.529000
    -2.117000  0.529000  0.529000
    -2.117000  0.794000  0.529000
    -2.117000  1.058000  0.529000
    -2.117000  1.323000  0.529000
    -2.117000  1.588000  0.529000
    -2.117000  1.852000  0.529000
    -2.117000  2.117000  0.529000
    -2.117000  2.381000  0.529000
    -2.117000  2.646000  0.529000
    -2.117000  2.910000  0.529000
    -2.117000  3.175000  0.529000
    -2.117000  3.440000  0.529000
    -2.117000  3.704000  0.529000
    -2.117000  3.969000  0.529000
    -2.117000  4.233000  0.529000
    -2.117000  4.498000  0.529000
    -2.117000  4.763000  0.529000
    -2.117000  5.027000  0.529000
    -2.117000  5.292000  0.529000
    -2.117000  5.556000  0.529000
    -2.117000  5.821000  0.529000
    -2.117000  6.086000  0.529000
    -2.117000  6.350000  0.529000
    -2.117000  6.615000  0.529000
    -2.117000  6.879000  0.529000
    -2.117000  7.144000  0.529000
    -2.117000  7.408000  0.529000
    -2.117000  7.673000  0.529000
    -2.117000  7.938000  0.529000
    -2.117000  8.202000  0.529000
    -2.117000  8.467000  0.529000
    -2.117000  8.731000  0.529000
    -2.117000  8.996000  0.529000
    -2.117000  9.261000  0.529000
    -2.117000  9.525000  0.529000
    -2.117000  9.790000  0.529000
    -2.117000  10.054000  0.529000
    -2.117000  10.319000  0.529000
    -2.117000  10.584000  0.529000
    -1.852000 -10.584000  0.529000
    -1.852000 -10.319000  0.529000
    -1.852000 -10.054000  0.529000
    -1.852000 -9.790000  0.529000
    -1.852000 -9.525000  0.529000
    -1.852000 -9.261000  0.529000
    -1.852000 -8.996000  0.529000
    -1.852000 -8.731000  0.529000
    -1.852000 -8.467000  0.529000
    -1.852000 -8.202000  0.529000
    -1.852000 -7.938000  0.529000
    -1.852000 -7.673000  0.529000
    -1.852000 -7.408000  0.529000
    -1.852000 -7.144000  0.529000
    -1.852000 -6.879000  0.529000
    -1.852000 -6.615000  0.529000
    -1.852000 -6.350000  0.529000
    -1.852000 -6.086000  0.529000
    -1.852000 -5.821000  0.529000
    -1.852000 -5.556000  0.529000
    -1.852000 -5.292000  0.529000
    -1.852000 -5.027000  0.529000
    -1.852000 -4.763000  0.529000
    -1.852000 -4.498000  0.529000
    -1.852000 -4.233000  0.529000
    -1.852000 -3.969000  0.529000
    -1.852000 -3.704000  0.529000
    -1.852000 -3.440000  0.529000
    -1.852000 -3.175000  0.529000
    -1.852000 -2.910000  0.529000
    -1.852000 -2.646000  0.529000
    -1.852000 -2.381000  0.529000
    -1.852000 -2.117000  0.529000
    -1.852000 -1.852000  0.529000
    -1.852000 -1.588000  0.529000
    -1.852000 -1.323000  0.529000
    -1.852000 -1.058000  0.529000
    -1.852000 -0.794000  0.529000
    -1.852000 -0.529000  0.529000
    -1.852000 -0.265000  0.529000
    -1.852000  0.000000  0.529000
    -1.852000  0.265000  0.529000
    -1.852000  0.529000  0.529000
    -1.852000  0.794000  0.529000
    -1.852000  1.058000  0.529000
    -1.852000  1.323000  0.529000
    -1.852000  1.588000  0.529000
    -1.852000  1.852000  0.529000
    -1.852000  2.117000  0.529000
    -1.852000  2.381000  0.529000
    -1.852000  2.646000  0.529000
    -1.852000  2.910000  0.529000
    -1.852000  3.175000  0.529000
    -1.852000  3.440000  0.529000
    -1.852000  3.704000  0.529000
    -1.852000  3.969000  0.529000
    -1.852000  4.233000  0.529000
    -1.852000  4.498000  0.529000
    -1.852000  4.763000  0.529000
    -1.852000  5.027000  0.529000
    -1.852000  5.292000  0.529000
    -1.852000  5.556000  0.529000
    -1.852000  5.821000  0.529000
    -1.852000  6.086000  0.529000
    -1.852000  6.350000  0.529000
    -1.852000  6.615000  0.529000
    -1.852000  6.879000  0.529000
    -1.852000  7.144000  0.529000
    -1.852000  7.408000  0.529000
    -1.852000  7.673000  0.529000
    -1.852000  7.938000  0.529000
    -1.852000  8.202000  0.529000
    -1.852000  8.467000  0.529000
    -1.852000  8.731000  0.529000
    -1.852000  8.996000  0.529000
    -1.852000  9.261000  0.529000
    -1.852000  9.525000  0.529000
    -1.852000  9.790000  0.529000
    -1.852000  10.054000  0.529000
    -1.852000  10.319000  0.529000
    -1.852000  10.584000  0.529000
    -1.588000 -10.584000  0.529000
    -1.588000 -10.319000  0.529000
    -1.588000 -10.054000  0.529000
    -1.588000 -9.790000  0.529000
    -1.588000 -9.525000  0.529000
    -1.588000 -9.261000  0.529000
    -1.588000 -8.996000  0.529000
    -1.588000 -8.731000  0.529000
    -1.588000 -8.467000  0.529000
    -1.588000 -8.202000  0.529000
    -1.588000 -7.938000  0.529000
    -1.588000 -7.673000  0.529000
    -1.588000 -7.408000  0.529000
    -1.588000 -7.144000  0.529000
    -1.588000 -6.879000  0.529000
    -1.588000 -6.615000  0.529000
    -1.588000 -6.350000  0.529000
    -1.588000 -6.086000  0.529000
    -1.588000 -5.821000  0.529000
    -1.588000 -5.556000  0.529000
    -1.588000 -5.292000  0.529000
    -1.588000 -5.027000  0.529000
    -1.588000 -4.763000  0.529000
    -1.588000 -4.498000  0.529000
    -1.588000 -4.233000  0.529000
    -1.588000 -3.969000  0.529000
    -1.588000 -3.704000  0.529000
    -1.588000 -3.440000  0.529000
    -1.588000 -3.175000  0.529000
    -1.588000 -2.910000  0.529000
    -1.588000 -2.646000  0.529000
    -1.588000 -2.381000  0.529000
    -1.588000 -2.117000  0.529000
    -1.588000 -1.852000  0.529000
    -1.588000 -1.588000  0.529000
    -1.588000 -1.323000  0.529000
    -1.588000 -1.058000  0.529000
    -1.588000 -0.794000  0.529000
    -1.588000 -0.529000  0.529000
    -1.588000 -0.265000  0.529000
    -1.588000  0.000000  0.529000
    -1.588000  0.265000  0.529000
    -1.588000  0.529000  0.529000
    -1.588000  0.794000  0.529000
    -1.588000  1.058000  0.529000
    -1.588000  1.323000  0.529000
    -1.588000  1.588000  0.529000
    -1.588000  1.852000  0.529000
    -1.588000  2.117000  0.529000
    -1.588000  2.381000  0.529000
    -1.588000  2.646000  0.529000
    -1.588000  2.910000  0.529000
    -1.588000  3.175000  0.529000
    -1.588000  3.440000  0.529000
    -1.588000  3.704000  0.529000
    -1.588000  3.969000  0.529000
    -1.588000  4.233000  0.529000
    -1.588000  4.498000  0.529000
    -1.588000  4.763000  0.529000
    -1.588000  5.027000  0.529000
    -1.588000  5.292000  0.529000
    -1.588000  5.556000  0.529000
    -1.588000  5.821000  0.529000
    -1.588000  6.086000  0.529000
    -1.588000  6.350000  0.529000
    -1.588000  6.615000  0.529000
    -1.588000  6.879000  0.529000
    -1.588000  7.144000  0.529000
    -1.588000  7.408000  0.529000
    -1.588000  7.673000  0.529000
    -1.588000  7.938000  0.529000
    -1.588000  8.202000  0.529000
    -1.588000  8.467000  0.529000
    -1.588000  8.731000  0.529000
    -1.588000  8.996000  0.529000
    -1.588000  9.261000  0.529000
    -1.588000  9.525000  0.529000
    -1.588000  9.790000  0.529000
    -1.588000  10.054000  0.529000
    -1.588000  10.319000  0.529000
    -1.588000  10.584000  0.529000
    -1.323000 -10.584000  0.529000
    -1.323000 -10.319000  0.529000
    -1.323000 -10.054000  0.529000
    -1.323000 -9.790000  0.529000
    -1.323000 -9.525000  0.529000
    -1.323000 -9.261000  0.529000
    -1.323000 -8.996000  0.529000
    -1.323000 -8.731000  0.529000
    -1.323000 -8.467000  0.529000
    -1.323000 -8.202000  0.529000
    -1.323000 -7.938000  0.529000
    -1.323000 -7.673000  0.529000
    -1.323000 -7.408000  0.529000
    -1.323000 -7.144000  0.529000
    -1.323000 -6.879000  0.529000
    -1.323000 -6.615000  0.529000
    -1.323000 -6.350000  0.529000
    -1.323000 -6.086000  0.529000
    -1.323000 -5.821000  0.529000
    -1.323000 -5.556000  0.529000
    -1.323000 -5.292000  0.529000
    -1.323000 -5.027000  0.529000
    -1.323000 -4.763000  0.529000
    -1.323000 -4.498000  0.529000
    -1.323000 -4.233000  0.529000
    -1.323000 -3.969000  0.529000
    -1.323000 -3.704000  0.529000
    -1.323000 -3.440000  0.529000
    -1.323000 -3.175000  0.529000
    -1.323000 -2.910000  0.529000
    -1.323000 -2.646000  0.529000
    -1.323000 -2.381000  0.529000
    -1.323000 -2.117000  0.529000
    -1.323000 -1.852000  0.529000
    -1.323000 -1.588000  0.529000
    -1.323000 -1.323000  0.529000
    -1.323000 -1.058000  0.529000
    -1.323000 -0.794000  0.529000
    -1.323000 -0.529000  0.529000
    -1.323000 -0.265000  0.529000
    -1.323000  0.000000  0.529000
    -1.323000  0.265000  0.529000
    -1.323000  0.529000  0.529000
    -1.323000  0.794000  0.529000
    -1.323000  1.058000  0.529000
    -1.323000  1.323000  0.529000
    -1.323000  1.588000  0.529000
    -1.323000  1.852000  0.529000
    -1.323000  2.117000  0.529000
    -1.323000  2.381000  0.529000
    -1.323000  2.646000  0.529000
    -1.323000  2.910000  0.529000
    -1.323000  3.175000  0.529000
    -1.323000  3.440000  0.529000
    -1.323000  3.704000  0.529000
    -1.323000  3.969000  0.529000
    -1.323000  4.233000  0.529000
    -1.323000  4.498000  0.529000
    -1.323000  4.763000  0.529000
    -1.323000  5.027000  0.529000
    -1.323000  5.292000  0.529000
    -1.323000  5.556000  0.529000
    -1.323000  5.821000  0.529000
    -1.323000  6.086000  0.529000
    -1.323000  6.350000  0.529000
    -1.323000  6.615000  0.529000
    -1.323000  6.879000  0.529000
    -1.323000  7.144000  0.529000
    -1.323000  7.408000  0.529000
    -1.323000  7.673000  0.529000
    -1.323000  7.938000  0.529000
    -1.323000  8.202000  0.529000
    -1.323000  8.467000  0.529000
    -1.323000  8.731000  0.529000
    -1.323000  8.996000  0.529000
    -1.323000  9.261000  0.529000
    -1.323000  9.525000  0.529000
    -1.323000  9.790000  0.529000
    -1.323000  10.054000  0.529000
    -1.323000  10.319000  0.529000
    -1.323000  10.584000  0.529000
    -1.058000 -10.584000  0.529000
    -1.058000 -10.319000  0.529000
    -1.058000 -10.054000  0.529000
    -1.058000 -9.790000  0.529000
    -1.058000 -9.525000  0.529000
    -1.058000 -9.261000  0.529000
    -1.058000 -8.996000  0.529000
    -1.058000 -8.731000  0.529000
    -1.058000 -8.467000  0.529000
    -1.058000 -8.202000  0.529000
    -1.058000 -7.938000  0.529000
    -1.058000 -7.673000  0.529000
    -1.058000 -7.408000  0.529000
    -1.058000 -7.144000  0.529000
    -1.058000 -6.879000  0.529000
    -1.058000 -6.615000  0.529000
    -1.058000 -6.350000  0.529000
    -1.058000 -6.086000  0.529000
    -1.058000 -5.821000  0.529000
    -1.058000 -5.556000  0.529000
    -1.058000 -5.292000  0.529000
    -1.058000 -5.027000  0.529000
    -1.058000 -4.763000  0.529000
    -1.058000 -4.498000  0.529000
    -1.058000 -4.233000  0.529000
    -1.058000 -3.969000  0.529000
    -1.058000 -3.704000  0.529000
    -1.058000 -3.440000  0.529000
    -1.058000 -3.175000  0.529000
    -1.058000 -2.910000  0.529000
    -1.058000 -2.646000  0.529000
    -1.058000 -2.381000  0.529000
    -1.058000 -2.117000  0.529000
    -1.058000 -1.852000  0.529000
    -1.058000 -1.588000  0.529000
    -1.058000 -1.323000  0.529000
    -1.058000 -1.058000  0.529000
    -1.058000 -0.794000  0.529000
    -1.058000 -0.529000  0.529000
    -1.058000 -0.265000  0.529000
    -1.058000  0.000000  0.529000
    -1.058000  0.265000  0.529000
    -1.058000  0.529000  0.529000
    -1.058000  0.794000  0.529000
    -1.058000  1.058000  0.529000
    -1.058000  1.323000  0.529000
    -1.058000  1.588000  0.529000
    -1.058000  1.852000  0.529000
    -1.058000  2.117000  0.529000
    -1.058000  2.381000  0.529000
    -1.058000  2.646000  0.529000
    -1.058000  2.910000  0.529000
    -1.058000  3.175000  0.529000
    -1.058000  3.440000  0.529000
    -1.058000  3.704000  0.529000
    -1.058000  3.969000  0.529000
    -1.058000  4.233000  0.529000
    -1.058000  4.498000  0.529000
    -1.058000  4.763000  0.529000
    -1.058000  5.027000  0.529000
    -1.058000  5.292000  0.529000
    -1.058000  5.556000  0.529000
    -1.058000  5.821000  0.529000
    -1.058000  6.086000  0.529000
    -1.058000  6.350000  0.529000
    -1.058000  6.615000  0.529000
    -1.058000  6.879000  0.529000
    -1.058000  7.144000  0.529000
    -1.058000  7.408000  0.529000
    -1.058000  7.673000  0.529000
    -1.058000  7.938000  0.529000
    -1.058000  8.202000  0.529000
    -1.058000  8.467000  0.529000
    -1.058000  8.731000  0.529000
    -1.058000  8.996000  0.529000
    -1.058000  9.261000  0.529000
    -1.058000  9.525000  0.529000
    -1.058000  9.790000  0.529000
    -1.058000  10.054000  0.529000
    -1.058000  10.319000  0.529000
    -1.058000  10.584000  0.529000
    -0.794000 -10.584000  0.529000
    -0.794000 -10.319000  0.529000
    -0.794000 -10.054000  0.529000
    -0.794000 -9.790000  0.529000
    -0.794000 -9.525000  0.529000
    -0.794000 -9.261000  0.529000
    -0.794000 -8.996000  0.529000
    -0.794000 -8.731000  0.529000
    -0.794000 -8.467000  0.529000
    -0.794000 -8.202000  0.529000
    -0.794000 -7.938000  0.529000
    -0.794000 -7.673000  0.529000
    -0.794000 -7.408000  0.529000
    -0.794000 -7.144000  0.529000
    -0.794000 -6.879000  0.529000
    -0.794000 -6.615000  0.529000
    -0.794000 -6.350000  0.529000
    -0.794000 -6.086000  0.529000
    -0.794000 -5.821000  0.529000
    -0.794000 -5.556000  0.529000
    -0.794000 -5.292000  0.529000
    -0.794000 -5.027000  0.529000
    -0.794000 -4.763000  0.529000
    -0.794000 -4.498000  0.529000
    -0.794000 -4.233000  0.529000
    -0.794000 -3.969000  0.529000
    -0.794000 -3.704000  0.529000
    -0.794000 -3.440000  0.529000
    -0.794000 -3.175000  0.529000
    -0.794000 -2.910000  0.529000
    -0.794000 -2.646000  0.529000
    -0.794000 -2.381000  0.529000
    -0.794000 -2.117000  0.529000
    -0.794000 -1.852000  0.529000
    -0.794000 -1.588000  0.529000
    -0.794000 -1.323000  0.529000
    -0.794000 -1.058000  0.529000
    -0.794000 -0.794000  0.529000
    -0.794000 -0.529000  0.529000
    -0.794000 -0.265000  0.529000
    -0.794000  0.000000  0.529000
    -0.794000  0.265000  0.529000
    -0.794000  0.529000  0.529000
    -0.794000  0.794000  0.529000
    -0.794000  1.058000  0.529000
    -0.794000  1.323000  0.529000
    -0.794000  1.588000  0.529000
    -0.794000  1.852000  0.529000
    -0.794000  2.117000  0.529000
    -0.794000  2.381000  0.529000
    -0.794000  2.646000  0.529000
    -0.794000  2.910000  0.529000
    -0.794000  3.175000  0.529000
    -0.794000  3.440000  0.529000
    -0.794000  3.704000  0.529000
    -0.794000  3.969000  0.529000
    -0.794000  4.233000  0.529000
    -0.794000  4.498000  0.529000
    -0.794000  4.763000  0.529000
    -0.794000  5.027000  0.529000
    -0.794000  5.292000  0.529000
    -0.794000  5.556000  0.529000
    -0.794000  5.821000  0.529000
    -0.794000  6.086000  0.529000
    -0.794000  6.350000  0.529000
    -0.794000  6.615000  0.529000
    -0.794000  6.879000  0.529000
    -0.794000  7.144000  0.529000
    -0.794000  7.408000  0.529000
    -0.794000  7.673000  0.529000
    -0.794000  7.938000  0.529000
    -0.794000  8.202000  0.529000
    -0.794000  8.467000  0.529000
    -0.794000  8.731000  0.529000
    -0.794000  8.996000  0.529000
    -0.794000  9.261000  0.529000
    -0.794000  9.525000  0.529000
    -0.794000  9.790000  0.529000
    -0.794000  10.054000  0.529000
    -0.794000  10.319000  0.529000
    -0.794000  10.584000  0.529000
    -0.529000 -10.584000  0.529000
    -0.529000 -10.319000  0.529000
    -0.529000 -10.054000  0.529000
    -0.529000 -9.790000  0.529000
    -0.529000 -9.525000  0.529000
    -0.529000 -9.261000  0.529000
    -0.529000 -8.996000  0.529000
    -0.529000 -8.731000  0.529000
    -0.529000 -8.467000  0.529000
    -0.529000 -8.202000  0.529000
    -0.529000 -7.938000  0.529000
    -0.529000 -7.673000  0.529000
    -0.529000 -7.408000  0.529000
    -0.529000 -7.144000  0.529000
    -0.529000 -6.879000  0.529000
    -0.529000 -6.615000  0.529000
    -0.529000 -6.350000  0.529000
    -0.529000 -6.086000  0.529000
    -0.529000 -5.821000  0.529000
    -0.529000 -5.556000  0.529000
    -0.529000 -5.292000  0.529000
    -0.529000 -5.027000  0.529000
    -0.529000 -4.763000  0.529000
    -0.529000 -4.498000  0.529000
    -0.529000 -4.233000  0.529000
    -0.529000 -3.969000  0.529000
    -0.529000 -3.704000  0.529000
    -0.529000 -3.440000  0.529000
    -0.529000 -3.175000  0.529000
    -0.529000 -2.910000  0.529000
    -0.529000 -2.646000  0.529000
    -0.529000 -2.381000  0.529000
    -0.529000 -2.117000  0.529000
    -0.529000 -1.852000  0.529000
    -0.529000 -1.588000  0.529000
    -0.529000 -1.323000  0.529000
    -0.529000 -1.058000  0.529000
    -0.529000 -0.794000  0.529000
    -0.529000 -0.529000  0.529000
    -0.529000 -0.265000  0.529000
    -0.529000  0.000000  0.529000
    -0.529000  0.265000  0.529000
    -0.529000  0.529000  0.529000
    -0.529000  0.794000  0.529000
    -0.529000  1.058000  0.529000
    -0.529000  1.323000  0.529000
    -0.529000  1.588000  0.529000
    -0.529000  1.852000  0.529000
    -0.529000  2.117000  0.529000
    -0.529000  2.381000  0.529000
    -0.529000  2.646000  0.529000
    -0.529000  2.910000  0.529000
    -0.529000  3.175000  0.529000
    -0.529000  3.440000  0.529000
    -0.529000  3.704000  0.529000
    -0.529000  3.969000  0.529000
    -0.529000  4.233000  0.529000
    -0.529000  4.498000  0.529000
    -0.529000  4.763000  0.529000
    -0.529000  5.027000  0.529000
    -0.529000  5.292000  0.529000
    -0.529000  5.556000  0.529000
    -0.529000  5.821000  0.529000
    -0.529000  6.086000  0.529000
    -0.529000  6.350000  0.529000
    -0.529000  6.615000  0.529000
    -0.529000  6.879000  0.529000
    -0.529000  7.144000  0.529000
    -0.529000  7.408000  0.529000
    -0.529000  7.673000  0.529000
    -0.529000  7.938000  0.529000
    -0.529000  8.202000  0.529000
    -0.529000  8.467000  0.529000
    -0.529000  8.731000  0.529000
    -0.529000  8.996000  0.529000
    -0.529000  9.261000  0.529000
    -0.529000  9.525000  0.529000
    -0.529000  9.790000  0.529000
    -0.529000  10.054000  0.529000
    -0.529000  10.319000  0.529000
    -0.529000  10.584000  0.529000
    -0.265000 -10.584000  0.529000
    -0.265000 -10.319000  0.529000
    -0.265000 -10.054000  0.529000
    -0.265000 -9.790000  0.529000
    -0.265000 -9.525000  0.529000
    -0.265000 -9.261000  0.529000
    -0.265000 -8.996000  0.529000
    -0.265000 -8.731000  0.529000
    -0.265000 -8.467000  0.529000
    -0.265000 -8.202000  0.529000
    -0.265000 -7.938000  0.529000
    -0.265000 -7.673000  0.529000
    -0.265000 -7.408000  0.529000
    -0.265000 -7.144000  0.529000
    -0.265000 -6.879000  0.529000
    -0.265000 -6.615000  0.529000
    -0.265000 -6.350000  0.529000
    -0.265000 -6.086000  0.529000
    -0.265000 -5.821000  0.529000
    -0.265000 -5.556000  0.529000
    -0.265000 -5.292000  0.529000
    -0.265000 -5.027000  0.529000
    -0.265000 -4.763000  0.529000
    -0.265000 -4.498000  0.529000
    -0.265000 -4.233000  0.529000
    -0.265000 -3.969000  0.529000
    -0.265000 -3.704000  0.529000
    -0.265000 -3.440000  0.529000
    -0.265000 -3.175000  0.529000
    -0.265000 -2.910000  0.529000
    -0.265000 -2.646000  0.529000
    -0.265000 -2.381000  0.529000
    -0.265000 -2.117000  0.529000
    -0.265000 -1.852000  0.529000
    -0.265000 -1.588000  0.529000
    -0.265000 -1.323000  0.529000
    -0.265000 -1.058000  0.529000
    -0.265000 -0.794000  0.529000
    -0.265000 -0.529000  0.529000
    -0.265000 -0.265000  0.529000
    -0.265000  0.000000  0.529000
    -0.265000  0.265000  0.529000
    -0.265000  0.529000  0.529000
    -0.265000  0.794000  0.529000
    -0.265000  1.058000  0.529000
    -0.265000  1.323000  0.529000
    -0.265000  1.588000  0.529000
    -0.265000  1.852000  0.529000
    -0.265000  2.117000  0.529000
    -0.265000  2.381000  0.529000
    -0.265000  2.646000  0.529000
    -0.265000  2.910000  0.529000
    -0.265000  3.175000  0.529000
    -0.265000  3.440000  0.529000
    -0.265000  3.704000  0.529000
    -0.265000  3.969000  0.529000
    -0.265000  4.233000  0.529000
    -0.265000  4.498000  0.529000
    -0.265000  4.763000  0.529000
    -0.265000  5.027000  0.529000
    -0.265000  5.292000  0.529000
    -0.265000  5.556000  0.529000
    -0.265000  5.821000  0.529000
    -0.265000  6.086000  0.529000
    -0.265000  6.350000  0.529000
    -0.265000  6.615000  0.529000
    -0.265000  6.879000  0.529000
    -0.265000  7.144000  0.529000
    -0.265000  7.408000  0.529000
    -0.265000  7.673000  0.529000
    -0.265000  7.938000  0.529000
    -0.265000  8.202000  0.529000
    -0.265000  8.467000  0.529000
    -0.265000  8.731000  0.529000
    -0.265000  8.996000  0.529000
    -0.265000  9.261000  0.529000
    -0.265000  9.525000  0.529000
    -0.265000  9.790000  0.529000
    -0.265000  10.054000  0.529000
    -0.265000  10.319000  0.529000
    -0.265000  10.584000  0.529000
     0.000000 -10.584000  0.529000
     0.000000 -10.319000  0.529000
     0.000000 -10.054000  0.529000
     0.000000 -9.790000  0.529000
     0.000000 -9.525000  0.529000
     0.000000 -9.261000  0.529000
     0.000000 -8.996000  0.529000
     0.000000 -8.731000  0.529000
     0.000000 -8.467000  0.529000
     0.000000 -8.202000  0.529000
     0.000000 -7.938000  0.529000
     0.000000 -7.673000  0.529000
     0.000000 -7.408000  0.529000
     0.000000 -7.144000  0.529000
     0.000000 -6.879000  0.529000
     0.000000 -6.615000  0.529000
     0.000000 -6.350000  0.529000
     0.000000 -6.086000  0.529000
     0.000000 -5.821000  0.529000
     0.000000 -5.556000  0.529000
     0.000000 -5.292000  0.529000
     0.000000 -5.027000  0.529000
     0.000000 -4.763000  0.529000
     0.000000 -4.498000  0.529000
     0.000000 -4.233000  0.529000
     0.000000 -3.969000  0.529000
     0.000000 -3.704000  0.529000
     0.000000 -3.440000  0.529000
     0.000000 -3.175000  0.529000
     0.000000 -2.910000  0.529000
     0.000000 -2.646000  0.529000
     0.000000 -2.381000  0.529000
     0.000000 -2.117000  0.529000
     0.000000 -1.852000  0.529000
     0.000000 -1.588000  0.529000
     0.000000 -1.323000  0.529000
     0.000000 -1.058000  0.529000
     0.000000 -0.794000  0.529000
     0.000000 -0.529000  0.529000
     0.000000 -0.265000  0.529000
     0.000000  0.000000  0.529000
     0.000000  0.265000  0.529000
     0.000000  0.529000  0.529000
     0.000000  0.794000  0.529000
     0.000000  1.058000  0.529000
     0.000000  1.323000  0.529000
     0.000000  1.588000  0.529000
     0.000000  1.852000  0.529000
     0.000000  2.117000  0.529000
     0.000000  2.381000  0.529000
     0.000000  2.646000  0.529000
     0.000000  2.910000  0.529000
     0.000000  3.175000  0.529000
     0.000000  3.440000  0.529000
     0.000000  3.704000  0.529000
     0.000000  3.969000  0.529000
     0.000000  4.233000  0.529000
     0.000000  4.498000  0.529000
     0.000000  4.763000  0.529000
     0.000000  5.027000  0.529000
     0.000000  5.292000  0.529000
     0.000000  5.556000  0.529000
     0.000000  5.821000  0.529000
     0.000000  6.086000  0.529000
     0.000000  6.350000  0.529000
     0.000000  6.615000  0.529000
     0.000000  6.879000  0.529000
     0.000000  7.144000  0.529000
     0.000000  7.408000  0.529000
     0.000000  7.673000  0.529000
     0.000000  7.938000  0.529000
     0.000000  8.202000  0.529000
     0.000000  8.467000  0.529000
     0.000000  8.731000  0.529000
     0.000000  8.996000  0.529000
     0.000000  9.261000  0.529000
     0.000000  9.525000  0.529000
     0.000000  9.790000  0.529000
     0.000000  10.054000  0.529000
     0.000000  10.319000  0.529000
     0.000000  10.584000  0.529000
     0.265000 -10.584000  0.529000
     0.265000 -10.319000  0.529000
     0.265000 -10.054000  0.529000
     0.265000 -9.790000  0.529000
     0.265000 -9.525000  0.529000
     0.265000 -9.261000  0.529000
     0.265000 -8.996000  0.529000
     0.265000 -8.731000  0.529000
     0.265000 -8.467000  0.529000
     0.265000 -8.202000  0.529000
     0.265000 -7.938000  0.529000
     0.265000 -7.673000  0.529000
     0.265000 -7.408000  0.529000
     0.265000 -7.144000  0.529000
     0.265000 -6.879000  0.529000
     0.265000 -6.615000  0.529000
     0.265000 -6.350000  0.529000
     0.265000 -6.086000  0.529000
     0.265000 -5.821000  0.529000
     0.265000 -5.556000  0.529000
     0.265000 -5.292000  0.529000
     0.265000 -5.027000  0.529000
     0.265000 -4.763000  0.529000
     0.265000 -4.498000  0.529000
     0.265000 -4.233000  0.529000
     0.265000 -3.969000  0.529000
     0.265000 -3.704000  0.529000
     0.265000 -3.440000  0.529000
     0.265000 -3.175000  0.529000
     0.265000 -2.910000  0.529000
     0.265000 -2.646000  0.529000
     0.265000 -2.381000  0.529000
     0.265000 -2.117000  0.529000
     0.265000 -1.852000  0.529000
     0.265000 -1.588000  0.529000
     0.265000 -1.323000  0.529000
     0.265000 -1.058000  0.529000
     0.265000 -0.794000  0.529000
     0.265000 -0.529000  0.529000
     0.265000 -0.265000  0.529000
     0.265000  0.000000  0.529000
     0.265000  0.265000  0.529000
     0.265000  0.529000  0.529000
     0.265000  0.794000  0.529000
     0.265000  1.058000  0.529000
     0.265000  1.323000  0.529000
     0.265000  1.588000  0.529000
     0.265000  1.852000  0.529000
     0.265000  2.117000  0.529000
     0.265000  2.381000  0.529000
     0.265000  2.646000  0.529000
     0.265000  2.910000  0.529000
     0.265000  3.175000  0.529000
     0.265000  3.440000  0.529000
     0.265000  3.704000  0.529000
     0.265000  3.969000  0.529000
     0.265000  4.233000  0.529000
     0.265000  4.498000  0.529000
     0.265000  4.763000  0.529000
     0.265000  5.027000  0.529000
     0.265000  5.292000  0.529000
     0.265000  5.556000  0.529000
     0.265000  5.821000  0.529000
     0.265000  6.086000  0.529000
     0.265000  6.350000  0.529000
     0.265000  6.615000  0.529000
     0.265000  6.879000  0.529000
     0.265000  7.144000  0.529000
     0.265000  7.408000  0.529000
     0.265000  7.673000  0.529000
     0.265000  7.938000  0.529000
     0.265000  8.202000  0.529000
     0.265000  8.467000  0.529000
     0.265000  8.731000  0.529000
     0.265000  8.996000  0.529000
     0.265000  9.261000  0.529000
     0.265000  9.525000  0.529000
     0.265000  9.790000  0.529000
     0.265000  10.054000  0.529000
     0.265000  10.319000  0.529000
     0.265000  10.584000  0.529000
     0.529000 -10.584000  0.529000
     0.529000 -10.319000  0.529000
     0.529000 -10.054000  0.529000
     0.529000 -9.790000  0.529000
     0.529000 -9.525000  0.529000
     0.529000 -9.261000  0.529000
     0.529000 -8.996000  0.529000
     0.529000 -8.731000  0.529000
     0.529000 -8.467000  0.529000
     0.529000 -8.202000  0.529000
     0.529000 -7.938000  0.529000
     0.529000 -7.673000  0.529000
     0.529000 -7.408000  0.529000
     0.529000 -7.144000  0.529000
     0.529000 -6.879000  0.529000
     0.529000 -6.615000  0.529000
     0.529000 -6.350000  0.529000
     0.529000 -6.086000  0.529000
     0.529000 -5.821000  0.529000
     0.529000 -5.556000  0.529000
     0.529000 -5.292000  0.529000
     0.529000 -5.027000  0.529000
     0.529000 -4.763000  0.529000
     0.529000 -4.498000  0.529000
     0.529000 -4.233000  0.529000
     0.529000 -3.969000  0.529000
     0.529000 -3.704000  0.529000
     0.529000 -3.440000  0.529000
     0.529000 -3.175000  0.529000
     0.529000 -2.910000  0.529000
     0.529000 -2.646000  0.529000
     0.529000 -2.381000  0.529000
     0.529000 -2.117000  0.529000
     0.529000 -1.852000  0.529000
     0.529000 -1.588000  0.529000
     0.529000 -1.323000  0.529000
     0.529000 -1.058000  0.529000
     0.529000 -0.794000  0.529000
     0.529000 -0.529000  0.529000
     0.529000 -0.265000  0.529000
     0.529000  0.000000  0.529000
     0.529000  0.265000  0.529000
     0.529000  0.529000  0.529000
     0.529000  0.794000  0.529000
     0.529000  1.058000  0.529000
     0.529000  1.323000  0.529000
     0.529000  1.588000  0.529000
     0.529000  1.852000  0.529000
     0.529000  2.117000  0.529000
     0.529000  2.381000  0.529000
     0.529000  2.646000  0.529000
     0.529000  2.910000  0.529000
     0.529000  3.175000  0.529000
     0.529000  3.440000  0.529000
     0.529000  3.704000  0.529000
     0.529000  3.969000  0.529000
     0.529000  4.233000  0.529000
     0.529000  4.498000  0.529000
     0.529000  4.763000  0.529000
     0.529000  5.027000  0.529000
     0.529000  5.292000  0.529000
     0.529000  5.556000  0.529000
     0.529000  5.821000  0.529000
     0.529000  6.086000  0.529000
     0.529000  6.350000  0.529000
     0.529000  6.615000  0.529000
     0.529000  6.879000  0.529000
     0.529000  7.144000  0.529000
     0.529000  7.408000  0.529000
     0.529000  7.673000  0.529000
     0.529000  7.938000  0.529000
     0.529000  8.202000  0.529000
     0.529000  8.467000  0.529000
     0.529000  8.731000  0.529000
     0.529000  8.996000  0.529000
     0.529000  9.261000  0.529000
     0.529000  9.525000  0.529000
     0.529000  9.790000  0.529000
     0.529000  10.054000  0.529000
     0.529000  10.319000  0.529000
     0.529000  10.584000  0.529000
     0.794000 -10.584000  0.529000
     0.794000 -10.319000  0.529000
     0.794000 -10.054000  0.529000
     0.794000 -9.790000  0.529000
     0.794000 -9.525000  0.529000
     0.794000 -9.261000  0.529000
     0.794000 -8.996000  0.529000
     0.794000 -8.731000  0.529000
     0.794000 -8.467000  0.529000
     0.794000 -8.202000  0.529000
     0.794000 -7.938000  0.529000
     0.794000 -7.673000  0.529000
     0.794000 -7.408000  0.529000
     0.794000 -7.144000  0.529000
     0.794000 -6.879000  0.529000
     0.794000 -6.615000  0.529000
     0.794000 -6.350000  0.529000
     0.794000 -6.086000  0.529000
     0.794000 -5.821000  0.529000
     0.794000 -5.556000  0.529000
     0.794000 -5.292000  0.529000
     0.794000 -5.027000  0.529000
     0.794000 -4.763000  0.529000
     0.794000 -4.498000  0.529000
     0.794000 -4.233000  0.529000
     0.794000 -3.969000  0.529000
     0.794000 -3.704000  0.529000
     0.794000 -3.440000  0.529000
     0.794000 -3.175000  0.529000
     0.794000 -2.910000  0.529000
     0.794000 -2.646000  0.529000
     0.794000 -2.381000  0.529000
     0.794000 -2.117000  0.529000
     0.794000 -1.852000  0.529000
     0.794000 -1.588000  0.529000
     0.794000 -1.323000  0.529000
     0.794000 -1.058000  0.529000
     0.794000 -0.794000  0.529000
     0.794000 -0.529000  0.529000
     0.794000 -0.265000  0.529000
     0.794000  0.000000  0.529000
     0.794000  0.265000  0.529000
     0.794000  0.529000  0.529000
     0.794000  0.794000  0.529000
     0.794000  1.058000  0.529000
     0.794000  1.323000  0.529000
     0.794000  1.588000  0.529000
     0.794000  1.852000  0.529000
     0.794000  2.117000  0.529000
     0.794000  2.381000  0.529000
     0.794000  2.646000  0.529000
     0.794000  2.910000  0.529000
     0.794000  3.175000  0.529000
     0.794000  3.440000  0.529000
     0.794000  3.704000  0.529000
     0.794000  3.969000  0.529000
     0.794000  4.233000  0.529000
     0.794000  4.498000  0.529000
     0.794000  4.763000  0.529000
     0.794000  5.027000  0.529000
     0.794000  5.292000  0.529000
     0.794000  5.556000  0.529000
     0.794000  5.821000  0.529000
     0.794000  6.086000  0.529000
     0.794000  6.350000  0.529000
     0.794000  6.615000  0.529000
     0.794000  6.879000  0.529000
     0.794000  7.144000  0.529000
     0.794000  7.408000  0.529000
     0.794000  7.673000  0.529000
     0.794000  7.938000  0.529000
     0.794000  8.202000  0.529000
     0.794000  8.467000  0.529000
     0.794000  8.731000  0.529000
     0.794000  8.996000  0.529000
     0.794000  9.261000  0.529000
     0.794000  9.525000  0.529000
     0.794000  9.790000  0.529000
     0.794000  10.054000  0.529000
     0.794000  10.319000  0.529000
     0.794000  10.584000  0.529000
     1.058000 -10.584000  0.529000
     1.058000 -10.319000  0.529000
     1.058000 -10.054000  0.529000
     1.058000 -9.790000  0.529000
     1.058000 -9.525000  0.529000
     1.058000 -9.261000  0.529000
     1.058000 -8.996000  0.529000
     1.058000 -8.731000  0.529000
     1.058000 -8.467000  0.529000
     1.058000 -8.202000  0.529000
     1.058000 -7.938000  0.529000
     1.058000 -7.673000  0.529000
     1.058000 -7.408000  0.529000
     1.058000 -7.144000  0.529000
     1.058000 -6.879000  0.529000
     1.058000 -6.615000  0.529000
     1.058000 -6.350000  0.529000
     1.058000 -6.086000  0.529000
     1.058000 -5.821000  0.529000
     1.058000 -5.556000  0.529000
     1.058000 -5.292000  0.529000
     1.058000 -5.027000  0.529000
     1.058000 -4.763000  0.529000
     1.058000 -4.498000  0.529000
     1.058000 -4.233000  0.529000
     1.058000 -3.969000  0.529000
     1.058000 -3.704000  0.529000
     1.058000 -3.440000  0.529000
     1.058000 -3.175000  0.529000
     1.058000 -2.910000  0.529000
     1.058000 -2.646000  0.529000
     1.058000 -2.381000  0.529000
     1.058000 -2.117000  0.529000
     1.058000 -1.852000  0.529000
     1.058000 -1.588000  0.529000
     1.058000 -1.323000  0.529000
     1.058000 -1.058000  0.529000
     1.058000 -0.794000  0.529000
     1.058000 -0.529000  0.529000
     1.058000 -0.265000  0.529000
     1.058000  0.000000  0.529000
     1.058000  0.265000  0.529000
     1.058000  0.529000  0.529000
     1.058000  0.794000  0.529000
     1.058000  1.058000  0.529000
     1.058000  1.323000  0.529000
     1.058000  1.588000  0.529000
     1.058000  1.852000  0.529000
     1.058000  2.117000  0.529000
     1.058000  2.381000  0.529000
     1.058000  2.646000  0.529000
     1.058000  2.910000  0.529000
     1.058000  3.175000  0.529000
     1.058000  3.440000  0.529000
     1.058000  3.704000  0.529000
     1.058000  3.969000  0.529000
     1.058000  4.233000  0.529000
     1.058000  4.498000  0.529000
     1.058000  4.763000  0.529000
     1.058000  5.027000  0.529000
     1.058000  5.292000  0.529000
     1.058000  5.556000  0.529000
     1.058000  5.821000  0.529000
     1.058000  6.086000  0.529000
     1.058000  6.350000  0.529000
     1.058000  6.615000  0.529000
     1.058000  6.879000  0.529000
     1.058000  7.144000  0.529000
     1.058000  7.408000  0.529000
     1.058000  7.673000  0.529000
     1.058000  7.938000  0.529000
     1.058000  8.202000  0.529000
     1.058000  8.467000  0.529000
     1.058000  8.731000  0.529000
     1.058000  8.996000  0.529000
     1.058000  9.261000  0.529000
     1.058000  9.525000  0.529000
     1.058000  9.790000  0.529000
     1.058000  10.054000  0.529000
     1.058000  10.319000  0.529000
     1.058000  10.584000  0.529000
     1.323000 -10.584000  0.529000
     1.323000 -10.319000  0.529000
     1.323000 -10.054000  0.529000
     1.323000 -9.790000  0.529000
     1.323000 -9.525000  0.529000
     1.323000 -9.261000  0.529000
     1.323000 -8.996000  0.529000
     1.323000 -8.731000  0.529000
     1.323000 -8.467000  0.529000
     1.323000 -8.202000  0.529000
     1.323000 -7.938000  0.529000
     1.323000 -7.673000  0.529000
     1.323000 -7.408000  0.529000
     1.323000 -7.144000  0.529000
     1.323000 -6.879000  0.529000
     1.323000 -6.615000  0.529000
     1.323000 -6.350000  0.529000
     1.323000 -6.086000  0.529000
     1.323000 -5.821000  0.529000
     1.323000 -5.556000  0.529000
     1.323000 -5.292000  0.529000
     1.323000 -5.027000  0.529000
     1.323000 -4.763000  0.529000
     1.323000 -4.498000  0.529000
     1.323000 -4.233000  0.529000
     1.323000 -3.969000  0.529000
     1.323000 -3.704000  0.529000
     1.323000 -3.440000  0.529000
     1.323000 -3.175000  0.529000
     1.323000 -2.910000  0.529000
     1.323000 -2.646000  0.529000
     1.323000 -2.381000  0.529000
     1.323000 -2.117000  0.529000
     1.323000 -1.852000  0.529000
     1.323000 -1.588000  0.529000
     1.323000 -1.323000  0.529000
     1.323000 -1.058000  0.529000
     1.323000 -0.794000  0.529000
     1.323000 -0.529000  0.529000
     1.323000 -0.265000  0.529000
     1.323000  0.000000  0.529000
     1.323000  0.265000  0.529000
     1.323000  0.529000  0.529000
     1.323000  0.794000  0.529000
     1.323000  1.058000  0.529000
     1.323000  1.323000  0.529000
     1.323000  1.588000  0.529000
     1.323000  1.852000  0.529000
     1.323000  2.117000  0.529000
     1.323000  2.381000  0.529000
     1.323000  2.646000  0.529000
     1.323000  2.910000  0.529000
     1.323000  3.175000  0.529000
     1.323000  3.440000  0.529000
     1.323000  3.704000  0.529000
     1.323000  3.969000  0.529000
     1.323000  4.233000  0.529000
     1.323000  4.498000  0.529000
     1.323000  4.763000  0.529000
     1.323000  5.027000  0.529000
     1.323000  5.292000  0.529000
     1.323000  5.556000  0.529000
     1.323000  5.821000  0.529000
     1.323000  6.086000  0.529000
     1.323000  6.350000  0.529000
     1.323000  6.615000  0.529000
     1.323000  6.879000  0.529000
     1.323000  7.144000  0.529000
     1.323000  7.408000  0.529000
     1.323000  7.673000  0.529000
     1.323000  7.938000  0.529000
     1.323000  8.202000  0.529000
     1.323000  8.467000  0.529000
     1.323000  8.731000  0.529000
     1.323000  8.996000  0.529000
     1.323000  9.261000  0.529000
     1.323000  9.525000  0.529000
     1.323000  9.790000  0.529000
     1.323000  10.054000  0.529000
     1.323000  10.319000  0.529000
     1.323000  10.584000  0.529000
     1.588000 -10.584000  0.529000
     1.588000 -10.319000  0.529000
     1.588000 -10.054000  0.529000
     1.588000 -9.790000  0.529000
     1.588000 -9.525000  0.529000
     1.588000 -9.261000  0.529000
     1.588000 -8.996000  0.529000
     1.588000 -8.731000  0.529000
     1.588000 -8.467000  0.529000
     1.588000 -8.202000  0.529000
     1.588000 -7.938000  0.529000
     1.588000 -7.673000  0.529000
     1.588000 -7.408000  0.529000
     1.588000 -7.144000  0.529000
     1.588000 -6.879000  0.529000
     1.588000 -6.615000  0.529000
     1.588000 -6.350000  0.529000
     1.588000 -6.086000  0.529000
     1.588000 -5.821000  0.529000
     1.588000 -5.556000  0.529000
     1.588000 -5.292000  0.529000
     1.588000 -5.027000  0.529000
     1.588000 -4.763000  0.529000
     1.588000 -4.498000  0.529000
     1.588000 -4.233000  0.529000
     1.588000 -3.969000  0.529000
     1.588000 -3.704000  0.529000
     1.588000 -3.440000  0.529000
     1.588000 -3.175000  0.529000
     1.588000 -2.910000  0.529000
     1.588000 -2.646000  0.529000
     1.588000 -2.381000  0.529000
     1.588000 -2.117000  0.529000
     1.588000 -1.852000  0.529000
     1.588000 -1.588000  0.529000
     1.588000 -1.323000  0.529000
     1.588000 -1.058000  0.529000
     1.588000 -0.794000  0.529000
     1.588000 -0.529000  0.529000
     1.588000 -0.265000  0.529000
     1.588000  0.000000  0.529000
     1.588000  0.265000  0.529000
     1.588000  0.529000  0.529000
     1.588000  0.794000  0.529000
     1.588000  1.058000  0.529000
     1.588000  1.323000  0.529000
     1.588000  1.588000  0.529000
     1.588000  1.852000  0.529000
     1.588000  2.117000  0.529000
     1.588000  2.381000  0.529000
     1.588000  2.646000  0.529000
     1.588000  2.910000  0.529000
     1.588000  3.175000  0.529000
     1.588000  3.440000  0.529000
     1.588000  3.704000  0.529000
     1.588000  3.969000  0.529000
     1.588000  4.233000  0.529000
     1.588000  4.498000  0.529000
     1.588000  4.763000  0.529000
     1.588000  5.027000  0.529000
     1.588000  5.292000  0.529000
     1.588000  5.556000  0.529000
     1.588000  5.821000  0.529000
     1.588000  6.086000  0.529000
     1.588000  6.350000  0.529000
     1.588000  6.615000  0.529000
     1.588000  6.879000  0.529000
     1.588000  7.144000  0.529000
     1.588000  7.408000  0.529000
     1.588000  7.673000  0.529000
     1.588000  7.938000  0.529000
     1.588000  8.202000  0.529000
     1.588000  8.467000  0.529000
     1.588000  8.731000  0.529000
     1.588000  8.996000  0.529000
     1.588000  9.261000  0.529000
     1.588000  9.525000  0.529000
     1.588000  9.790000  0.529000
     1.588000  10.054000  0.529000
     1.588000  10.319000  0.529000
     1.588000  10.584000  0.529000
     1.852000 -10.584000  0.529000
     1.852000 -10.319000  0.529000
     1.852000 -10.054000  0.529000
     1.852000 -9.790000  0.529000
     1.852000 -9.525000  0.529000
     1.852000 -9.261000  0.529000
     1.852000 -8.996000  0.529000
     1.852000 -8.731000  0.529000
     1.852000 -8.467000  0.529000
     1.852000 -8.202000  0.529000
     1.852000 -7.938000  0.529000
     1.852000 -7.673000  0.529000
     1.852000 -7.408000  0.529000
     1.852000 -7.144000  0.529000
     1.852000 -6.879000  0.529000
     1.852000 -6.615000  0.529000
     1.852000 -6.350000  0.529000
     1.852000 -6.086000  0.529000
     1.852000 -5.821000  0.529000
     1.852000 -5.556000  0.529000
     1.852000 -5.292000  0.529000
     1.852000 -5.027000  0.529000
     1.852000 -4.763000  0.529000
     1.852000 -4.498000  0.529000
     1.852000 -4.233000  0.529000
     1.852000 -3.969000  0.529000
     1.852000 -3.704000  0.529000
     1.852000 -3.440000  0.529000
     1.852000 -3.175000  0.529000
     1.852000 -2.910000  0.529000
     1.852000 -2.646000  0.529000
     1.852000 -2.381000  0.529000
     1.852000 -2.117000  0.529000
     1.852000 -1.852000  0.529000
     1.852000 -1.588000  0.529000
     1.852000 -1.323000  0.529000
     1.852000 -1.058000  0.529000
     1.852000 -0.794000  0.529000
     1.852000 -0.529000  0.529000
     1.852000 -0.265000  0.529000
     1.852000  0.000000  0.529000
     1.852000  0.265000  0.529000
     1.852000  0.529000  0.529000
     1.852000  0.794000  0.529000
     1.852000  1.058000  0.529000
     1.852000  1.323000  0.529000
     1.852000  1.588000  0.529000
     1.852000  1.852000  0.529000
     1.852000  2.117000  0.529000
     1.852000  2.381000  0.529000
     1.852000  2.646000  0.529000
     1.852000  2.910000  0.529000
     1.852000  3.175000  0.529000
     1.852000  3.440000  0.529000
     1.852000  3.704000  0.529000
     1.852000  3.969000  0.529000
     1.852000  4.233000  0.529000
     1.852000  4.498000  0.529000
     1.852000  4.763000  0.529000
     1.852000  5.027000  0.529000
     1.852000  5.292000  0.529000
     1.852000  5.556000  0.529000
     1.852000  5.821000  0.529000
     1.852000  6.086000  0.529000
     1.852000  6.350000  0.529000
     1.852000  6.615000  0.529000
     1.852000  6.879000  0.529000
     1.852000  7.144000  0.529000
     1.852000  7.408000  0.529000
     1.852000  7.673000  0.529000
     1.852000  7.938000  0.529000
     1.852000  8.202000  0.529000
     1.852000  8.467000  0.529000
     1.852000  8.731000  0.529000
     1.852000  8.996000  0.529000
     1.852000  9.261000  0.529000
     1.852000  9.525000  0.529000
     1.852000  9.790000  0.529000
     1.852000  10.054000  0.529000
     1.852000  10.319000  0.529000
     1.852000  10.584000  0.529000
     2.117000 -10.584000  0.529000
     2.117000 -10.319000  0.529000
     2.117000 -10.054000  0.529000
     2.117000 -9.790000  0.529000
     2.117000 -9.525000  0.529000
     2.117000 -9.261000  0.529000
     2.117000 -8.996000  0.529000
     2.117000 -8.731000  0.529000
     2.117000 -8.467000  0.529000
     2.117000 -8.202000  0.529000
     2.117000 -7.938000  0.529000
     2.117000 -7.673000  0.529000
     2.117000 -7.408000  0.529000
     2.117000 -7.144000  0.529000
     2.117000 -6.879000  0.529000
     2.117000 -6.615000  0.529000
     2.117000 -6.350000  0.529000
     2.117000 -6.086000  0.529000
     2.117000 -5.821000  0.529000
     2.117000 -5.556000  0.529000
     2.117000 -5.292000  0.529000
     2.117000 -5.027000  0.529000
     2.117000 -4.763000  0.529000
     2.117000 -4.498000  0.529000
     2.117000 -4.233000  0.529000
     2.117000 -3.969000  0.529000
     2.117000 -3.704000  0.529000
     2.117000 -3.440000  0.529000
     2.117000 -3.175000  0.529000
     2.117000 -2.910000  0.529000
     2.117000 -2.646000  0.529000
     2.117000 -2.381000  0.529000
     2.117000 -2.117000  0.529000
     2.117000 -1.852000  0.529000
     2.117000 -1.588000  0.529000
     2.117000 -1.323000  0.529000
     2.117000 -1.058000  0.529000
     2.117000 -0.794000  0.529000
     2.117000 -0.529000  0.529000
     2.117000 -0.265000  0.529000
     2.117000  0.000000  0.529000
     2.117000  0.265000  0.529000
     2.117000  0.529000  0.529000
     2.117000  0.794000  0.529000
     2.117000  1.058000  0.529000
     2.117000  1.323000  0.529000
     2.117000  1.588000  0.529000
     2.117000  1.852000  0.529000
     2.117000  2.117000  0.529000
     2.117000  2.381000  0.529000
     2.117000  2.646000  0.529000
     2.117000  2.910000  0.529000
     2.117000  3.175000  0.529000
     2.117000  3.440000  0.529000
     2.117000  3.704000  0.529000
     2.117000  3.969000  0.529000
     2.117000  4.233000  0.529000
     2.117000  4.498000  0.529000
     2.117000  4.763000  0.529000
     2.117000  5.027000  0.529000
     2.117000  5.292000  0.529000
     2.117000  5.556000  0.529000
     2.117000  5.821000  0.529000
     2.117000  6.086000  0.529000
     2.117000  6.350000  0.529000
     2.117000  6.615000  0.529000
     2.117000  6.879000  0.529000
     2.117000  7.144000  0.529000
     2.117000  7.408000  0.529000
     2.117000  7.673000  0.529000
     2.117000  7.938000  0.529000
     2.117000  8.202000  0.529000
     2.117000  8.467000  0.529000
     2.117000  8.731000  0.529000
     2.117000  8.996000  0.529000
     2.117000  9.261000  0.529000
     2.117000  9.525000  0.529000
     2.117000  9.790000  0.529000
     2.117000  10.054000  0.529000
     2.117000  10.319000  0.529000
     2.117000  10.584000  0.529000
     2.381000 -10.584000  0.529000
     2.381000 -10.319000  0.529000
     2.381000 -10.054000  0.529000
     2.381000 -9.790000  0.529000
     2.381000 -9.525000  0.529000
     2.381000 -9.261000  0.529000
     2.381000 -8.996000  0.529000
     2.381000 -8.731000  0.529000
     2.381000 -8.467000  0.529000
     2.381000 -8.202000  0.529000
     2.381000 -7.938000  0.529000
     2.381000 -7.673000  0.529000
     2.381000 -7.408000  0.529000
     2.381000 -7.144000  0.529000
     2.381000 -6.879000  0.529000
     2.381000 -6.615000  0.529000
     2.381000 -6.350000  0.529000
     2.381000 -6.086000  0.529000
     2.381000 -5.821000  0.529000
     2.381000 -5.556000  0.529000
     2.381000 -5.292000  0.529000
     2.381000 -5.027000  0.529000
     2.381000 -4.763000  0.529000
     2.381000 -4.498000  0.529000
     2.381000 -4.233000  0.529000
     2.381000 -3.969000  0.529000
     2.381000 -3.704000  0.529000
     2.381000 -3.440000  0.529000
     2.381000 -3.175000  0.529000
     2.381000 -2.910000  0.529000
     2.381000 -2.646000  0.529000
     2.381000 -2.381000  0.529000
     2.381000 -2.117000  0.529000
     2.381000 -1.852000  0.529000
     2.381000 -1.588000  0.529000
     2.381000 -1.323000  0.529000
     2.381000 -1.058000  0.529000
     2.381000 -0.794000  0.529000
     2.381000 -0.529000  0.529000
     2.381000 -0.265000  0.529000
     2.381000  0.000000  0.529000
     2.381000  0.265000  0.529000
     2.381000  0.529000  0.529000
     2.381000  0.794000  0.529000
     2.381000  1.058000  0.529000
     2.381000  1.323000  0.529000
     2.381000  1.588000  0.529000
     2.381000  1.852000  0.529000
     2.381000  2.117000  0.529000
     2.381000  2.381000  0.529000
     2.381000  2.646000  0.529000
     2.381000  2.910000  0.529000
     2.381000  3.175000  0.529000
     2.381000  3.440000  0.529000
     2.381000  3.704000  0.529000
     2.381000  3.969000  0.529000
     2.381000  4.233000  0.529000
     2.381000  4.498000  0.529000
     2.381000  4.763000  0.529000
     2.381000  5.027000  0.529000
     2.381000  5.292000  0.529000
     2.381000  5.556000  0.529000
     2.381000  5.821000  0.529000
     2.381000  6.086000  0.529000
     2.381000  6.350000  0.529000
     2.381000  6.615000  0.529000
     2.381000  6.879000  0.529000
     2.381000  7.144000  0.529000
     2.381000  7.408000  0.529000
     2.381000  7.673000  0.529000
     2.381000  7.938000  0.529000
     2.381000  8.202000  0.529000
     2.381000  8.467000  0.529000
     2.381000  8.731000  0.529000
     2.381000  8.996000  0.529000
     2.381000  9.261000  0.529000
     2.381000  9.525000  0.529000
     2.381000  9.790000  0.529000
     2.381000  10.054000  0.529000
     2.381000  10.319000  0.529000
     2.381000  10.584000  0.529000
     2.646000 -10.584000  0.529000
     2.646000 -10.319000  0.529000
     2.646000 -10.054000  0.529000
     2.646000 -9.790000  0.529000
     2.646000 -9.525000  0.529000
     2.646000 -9.261000  0.529000
     2.646000 -8.996000  0.529000
     2.646000 -8.731000  0.529000
     2.646000 -8.467000  0.529000
     2.646000 -8.202000  0.529000
     2.646000 -7.938000  0.529000
     2.646000 -7.673000  0.529000
     2.646000 -7.408000  0.529000
     2.646000 -7.144000  0.529000
     2.646000 -6.879000  0.529000
     2.646000 -6.615000  0.529000
     2.646000 -6.350000  0.529000
     2.646000 -6.086000  0.529000
     2.646000 -5.821000  0.529000
     2.646000 -5.556000  0.529000
     2.646000 -5.292000  0.529000
     2.646000 -5.027000  0.529000
     2.646000 -4.763000  0.529000
     2.646000 -4.498000  0.529000
     2.646000 -4.233000  0.529000
     2.646000 -3.969000  0.529000
     2.646000 -3.704000  0.529000
     2.646000 -3.440000  0.529000
     2.646000 -3.175000  0.529000
     2.646000 -2.910000  0.529000
     2.646000 -2.646000  0.529000
     2.646000 -2.381000  0.529000
     2.646000 -2.117000  0.529000
     2.646000 -1.852000  0.529000
     2.646000 -1.588000  0.529000
     2.646000 -1.323000  0.529000
     2.646000 -1.058000  0.529000
     2.646000 -0.794000  0.529000
     2.646000 -0.529000  0.529000
     2.646000 -0.265000  0.529000
     2.646000  0.000000  0.529000
     2.646000  0.265000  0.529000
     2.646000  0.529000  0.529000
     2.646000  0.794000  0.529000
     2.646000  1.058000  0.529000
     2.646000  1.323000  0.529000
     2.646000  1.588000  0.529000
     2.646000  1.852000  0.529000
     2.646000  2.117000  0.529000
     2.646000  2.381000  0.529000
     2.646000  2.646000  0.529000
     2.646000  2.910000  0.529000
     2.646000  3.175000  0.529000
     2.646000  3.440000  0.529000
     2.646000  3.704000  0.529000
     2.646000  3.969000  0.529000
     2.646000  4.233000  0.529000
     2.646000  4.498000  0.529000
     2.646000  4.763000  0.529000
     2.646000  5.027000  0.529000
     2.646000  5.292000  0.529000
     2.646000  5.556000  0.529000
     2.646000  5.821000  0.529000
     2.646000  6.086000  0.529000
     2.646000  6.350000  0.529000
     2.646000  6.615000  0.529000
     2.646000  6.879000  0.529000
     2.646000  7.144000  0.529000
     2.646000  7.408000  0.529000
     2.646000  7.673000  0.529000
     2.646000  7.938000  0.529000
     2.646000  8.202000  0.529000
     2.646000  8.467000  0.529000
     2.646000  8.731000  0.529000
     2.646000  8.996000  0.529000
     2.646000  9.261000  0.529000
     2.646000  9.525000  0.529000
     2.646000  9.790000  0.529000
     2.646000  10.054000  0.529000
     2.646000  10.319000  0.529000
     2.646000  10.584000  0.529000
     2.910000 -10.584000  0.529000
     2.910000 -10.319000  0.529000
     2.910000 -10.054000  0.529000
     2.910000 -9.790000  0.529000
     2.910000 -9.525000  0.529000
     2.910000 -9.261000  0.529000
     2.910000 -8.996000  0.529000
     2.910000 -8.731000  0.529000
     2.910000 -8.467000  0.529000
     2.910000 -8.202000  0.529000
     2.910000 -7.938000  0.529000
     2.910000 -7.673000  0.529000
     2.910000 -7.408000  0.529000
     2.910000 -7.144000  0.529000
     2.910000 -6.879000  0.529000
     2.910000 -6.615000  0.529000
     2.910000 -6.350000  0.529000
     2.910000 -6.086000  0.529000
     2.910000 -5.821000  0.529000
     2.910000 -5.556000  0.529000
     2.910000 -5.292000  0.529000
     2.910000 -5.027000  0.529000
     2.910000 -4.763000  0.529000
     2.910000 -4.498000  0.529000
     2.910000 -4.233000  0.529000
     2.910000 -3.969000  0.529000
     2.910000 -3.704000  0.529000
     2.910000 -3.440000  0.529000
     2.910000 -3.175000  0.529000
     2.910000 -2.910000  0.529000
     2.910000 -2.646000  0.529000
     2.910000 -2.381000  0.529000
     2.910000 -2.117000  0.529000
     2.910000 -1.852000  0.529000
     2.910000 -1.588000  0.529000
     2.910000 -1.323000  0.529000
     2.910000 -1.058000  0.529000
     2.910000 -0.794000  0.529000
     2.910000 -0.529000  0.529000
     2.910000 -0.265000  0.529000
     2.910000  0.000000  0.529000
     2.910000  0.265000  0.529000
     2.910000  0.529000  0.529000
     2.910000  0.794000  0.529000
     2.910000  1.058000  0.529000
     2.910000  1.323000  0.529000
     2.910000  1.588000  0.529000
     2.910000  1.852000  0.529000
     2.910000  2.117000  0.529000
     2.910000  2.381000  0.529000
     2.910000  2.646000  0.529000
     2.910000  2.910000  0.529000
     2.910000  3.175000  0.529000
     2.910000  3.440000  0.529000
     2.910000  3.704000  0.529000
     2.910000  3.969000  0.529000
     2.910000  4.233000  0.529000
     2.910000  4.498000  0.529000
     2.910000  4.763000  0.529000
     2.910000  5.027000  0.529000
     2.910000  5.292000  0.529000
     2.910000  5.556000  0.529000
     2.910000  5.821000  0.529000
     2.910000  6.086000  0.529000
     2.910000  6.350000  0.529000
     2.910000  6.615000  0.529000
     2.910000  6.879000  0.529000
     2.910000  7.144000  0.529000
     2.910000  7.408000  0.529000
     2.910000  7.673000  0.529000
     2.910000  7.938000  0.529000
     2.910000  8.202000  0.529000
     2.910000  8.467000  0.529000
     2.910000  8.731000  0.529000
     2.910000  8.996000  0.529000
     2.910000  9.261000  0.529000
     2.910000  9.525000  0.529000
     2.910000  9.790000  0.529000
     2.910000  10.054000  0.529000
     2.910000  10.319000  0.529000
     2.910000  10.584000  0.529000
     3.175000 -10.584000  0.529000
     3.175000 -10.319000  0.529000
     3.175000 -10.054000  0.529000
     3.175000 -9.790000  0.529000
     3.175000 -9.525000  0.529000
     3.175000 -9.261000  0.529000
     3.175000 -8.996000  0.529000
     3.175000 -8.731000  0.529000
     3.175000 -8.467000  0.529000
     3.175000 -8.202000  0.529000
     3.175000 -7.938000  0.529000
     3.175000 -7.673000  0.529000
     3.175000 -7.408000  0.529000
     3.175000 -7.144000  0.529000
     3.175000 -6.879000  0.529000
     3.175000 -6.615000  0.529000
     3.175000 -6.350000  0.529000
     3.175000 -6.086000  0.529000
     3.175000 -5.821000  0.529000
     3.175000 -5.556000  0.529000
     3.175000 -5.292000  0.529000
     3.175000 -5.027000  0.529000
     3.175000 -4.763000  0.529000
     3.175000 -4.498000  0.529000
     3.175000 -4.233000  0.529000
     3.175000 -3.969000  0.529000
     3.175000 -3.704000  0.529000
     3.175000 -3.440000  0.529000
     3.175000 -3.175000  0.529000
     3.175000 -2.910000  0.529000
     3.175000 -2.646000  0.529000
     3.175000 -2.381000  0.529000
     3.175000 -2.117000  0.529000
     3.175000 -1.852000  0.529000
     3.175000 -1.588000  0.529000
     3.175000 -1.323000  0.529000
     3.175000 -1.058000  0.529000
     3.175000 -0.794000  0.529000
     3.175000 -0.529000  0.529000
     3.175000 -0.265000  0.529000
     3.175000  0.000000  0.529000
     3.175000  0.265000  0.529000
     3.175000  0.529000  0.529000
     3.175000  0.794000  0.529000
     3.175000  1.058000  0.529000
     3.175000  1.323000  0.529000
     3.175000  1.588000  0.529000
     3.175000  1.852000  0.529000
     3.175000  2.117000  0.529000
     3.175000  2.381000  0.529000
     3.175000  2.646000  0.529000
     3.175000  2.910000  0.529000
     3.175000  3.175000  0.529000
     3.175000  3.440000  0.529000
     3.175000  3.704000  0.529000
     3.175000  3.969000  0.529000
     3.175000  4.233000  0.529000
     3.175000  4.498000  0.529000
     3.175000  4.763000  0.529000
     3.175000  5.027000  0.529000
     3.175000  5.292000  0.529000
     3.175000  5.556000  0.529000
     3.175000  5.821000  0.529000
     3.175000  6.086000  0.529000
     3.175000  6.350000  0.529000
     3.175000  6.615000  0.529000
     3.175000  6.879000  0.529000
     3.175000  7.144000  0.529000
     3.175000  7.408000  0.529000
     3.175000  7.673000  0.529000
     3.175000  7.938000  0.529000
     3.175000  8.202000  0.529000
     3.175000  8.467000  0.529000
     3.175000  8.731000  0.529000
     3.175000  8.996000  0.529000
     3.175000  9.261000  0.529000
     3.175000  9.525000  0.529000
     3.175000  9.790000  0.529000
     3.175000  10.054000  0.529000
     3.175000  10.319000  0.529000
     3.175000  10.584000  0.529000
     3.440000 -10.584000  0.529000
     3.440000 -10.319000  0.529000
     3.440000 -10.054000  0.529000
     3.440000 -9.790000  0.529000
     3.440000 -9.525000  0.529000
     3.440000 -9.261000  0.529000
     3.440000 -8.996000  0.529000
     3.440000 -8.731000  0.529000
     3.440000 -8.467000  0.529000
     3.440000 -8.202000  0.529000
     3.440000 -7.938000  0.529000
     3.440000 -7.673000  0.529000
     3.440000 -7.408000  0.529000
     3.440000 -7.144000  0.529000
     3.440000 -6.879000  0.529000
     3.440000 -6.615000  0.529000
     3.440000 -6.350000  0.529000
     3.440000 -6.086000  0.529000
     3.440000 -5.821000  0.529000
     3.440000 -5.556000  0.529000
     3.440000 -5.292000  0.529000
     3.440000 -5.027000  0.529000
     3.440000 -4.763000  0.529000
     3.440000 -4.498000  0.529000
     3.440000 -4.233000  0.529000
     3.440000 -3.969000  0.529000
     3.440000 -3.704000  0.529000
     3.440000 -3.440000  0.529000
     3.440000 -3.175000  0.529000
     3.440000 -2.910000  0.529000
     3.440000 -2.646000  0.529000
     3.440000 -2.381000  0.529000
     3.440000 -2.117000  0.529000
     3.440000 -1.852000  0.529000
     3.440000 -1.588000  0.529000
     3.440000 -1.323000  0.529000
     3.440000 -1.058000  0.529000
     3.440000 -0.794000  0.529000
     3.440000 -0.529000  0.529000
     3.440000 -0.265000  0.529000
     3.440000  0.000000  0.529000
     3.440000  0.265000  0.529000
     3.440000  0.529000  0.529000
     3.440000  0.794000  0.529000
     3.440000  1.058000  0.529000
     3.440000  1.323000  0.529000
     3.440000  1.588000  0.529000
     3.440000  1.852000  0.529000
     3.440000  2.117000  0.529000
     3.440000  2.381000  0.529000
     3.440000  2.646000  0.529000
     3.440000  2.910000  0.529000
     3.440000  3.175000  0.529000
     3.440000  3.440000  0.529000
     3.440000  3.704000  0.529000
     3.440000  3.969000  0.529000
     3.440000  4.233000  0.529000
     3.440000  4.498000  0.529000
     3.440000  4.763000  0.529000
     3.440000  5.027000  0.529000
     3.440000  5.292000  0.529000
     3.440000  5.556000  0.529000
     3.440000  5.821000  0.529000
     3.440000  6.086000  0.529000
     3.440000  6.350000  0.529000
     3.440000  6.615000  0.529000
     3.440000  6.879000  0.529000
     3.440000  7.144000  0.529000
     3.440000  7.408000  0.529000
     3.440000  7.673000  0.529000
     3.440000  7.938000  0.529000
     3.440000  8.202000  0.529000
     3.440000  8.467000  0.529000
     3.440000  8.731000  0.529000
     3.440000  8.996000  0.529000
     3.440000  9.261000  0.529000
     3.440000  9.525000  0.529000
     3.440000  9.790000  0.529000
     3.440000  10.054000  0.529000
     3.440000  10.319000  0.529000
     3.440000  10.584000  0.529000
     3.704000 -10.584000  0.529000
     3.704000 -10.319000  0.529000
     3.704000 -10.054000  0.529000
     3.704000 -9.790000  0.529000
     3.704000 -9.525000  0.529000
     3.704000 -9.261000  0.529000
     3.704000 -8.996000  0.529000
     3.704000 -8.731000  0.529000
     3.704000 -8.467000  0.529000
     3.704000 -8.202000  0.529000
     3.704000 -7.938000  0.529000
     3.704000 -7.673000  0.529000
     3.704000 -7.408000  0.529000
     3.704000 -7.144000  0.529000
     3.704000 -6.879000  0.529000
     3.704000 -6.615000  0.529000
     3.704000 -6.350000  0.529000
     3.704000 -6.086000  0.529000
     3.704000 -5.821000  0.529000
     3.704000 -5.556000  0.529000
     3.704000 -5.292000  0.529000
     3.704000 -5.027000  0.529000
     3.704000 -4.763000  0.529000
     3.704000 -4.498000  0.529000
     3.704000 -4.233000  0.529000
     3.704000 -3.969000  0.529000
     3.704000 -3.704000  0.529000
     3.704000 -3.440000  0.529000
     3.704000 -3.175000  0.529000
     3.704000 -2.910000  0.529000
     3.704000 -2.646000  0.529000
     3.704000 -2.381000  0.529000
     3.704000 -2.117000  0.529000
     3.704000 -1.852000  0.529000
     3.704000 -1.588000  0.529000
     3.704000 -1.323000  0.529000
     3.704000 -1.058000  0.529000
     3.704000 -0.794000  0.529000
     3.704000 -0.529000  0.529000
     3.704000 -0.265000  0.529000
     3.704000  0.000000  0.529000
     3.704000  0.265000  0.529000
     3.704000  0.529000  0.529000
     3.704000  0.794000  0.529000
     3.704000  1.058000  0.529000
     3.704000  1.323000  0.529000
     3.704000  1.588000  0.529000
     3.704000  1.852000  0.529000
     3.704000  2.117000  0.529000
     3.704000  2.381000  0.529000
     3.704000  2.646000  0.529000
     3.704000  2.910000  0.529000
     3.704000  3.175000  0.529000
     3.704000  3.440000  0.529000
     3.704000  3.704000  0.529000
     3.704000  3.969000  0.529000
     3.704000  4.233000  0.529000
     3.704000  4.498000  0.529000
     3.704000  4.763000  0.529000
     3.704000  5.027000  0.529000
     3.704000  5.292000  0.529000
     3.704000  5.556000  0.529000
     3.704000  5.821000  0.529000
     3.704000  6.086000  0.529000
     3.704000  6.350000  0.529000
     3.704000  6.615000  0.529000
     3.704000  6.879000  0.529000
     3.704000  7.144000  0.529000
     3.704000  7.408000  0.529000
     3.704000  7.673000  0.529000
     3.704000  7.938000  0.529000
     3.704000  8.202000  0.529000
     3.704000  8.467000  0.529000
     3.704000  8.731000  0.529000
     3.704000  8.996000  0.529000
     3.704000  9.261000  0.529000
     3.704000  9.525000  0.529000
     3.704000  9.790000  0.529000
     3.704000  10.054000  0.529000
     3.704000  10.319000  0.529000
     3.704000  10.584000  0.529000
     3.969000 -10.584000  0.529000
     3.969000 -10.319000  0.529000
     3.969000 -10.054000  0.529000
     3.969000 -9.790000  0.529000
     3.969000 -9.525000  0.529000
     3.969000 -9.261000  0.529000
     3.969000 -8.996000  0.529000
     3.969000 -8.731000  0.529000
     3.969000 -8.467000  0.529000
     3.969000 -8.202000  0.529000
     3.969000 -7.938000  0.529000
     3.969000 -7.673000  0.529000
     3.969000 -7.408000  0.529000
     3.969000 -7.144000  0.529000
     3.969000 -6.879000  0.529000
     3.969000 -6.615000  0.529000
     3.969000 -6.350000  0.529000
     3.969000 -6.086000  0.529000
     3.969000 -5.821000  0.529000
     3.969000 -5.556000  0.529000
     3.969000 -5.292000  0.529000
     3.969000 -5.027000  0.529000
     3.969000 -4.763000  0.529000
     3.969000 -4.498000  0.529000
     3.969000 -4.233000  0.529000
     3.969000 -3.969000  0.529000
     3.969000 -3.704000  0.529000
     3.969000 -3.440000  0.529000
     3.969000 -3.175000  0.529000
     3.969000 -2.910000  0.529000
     3.969000 -2.646000  0.529000
     3.969000 -2.381000  0.529000
     3.969000 -2.117000  0.529000
     3.969000 -1.852000  0.529000
     3.969000 -1.588000  0.529000
     3.969000 -1.323000  0.529000
     3.969000 -1.058000  0.529000
     3.969000 -0.794000  0.529000
     3.969000 -0.529000  0.529000
     3.969000 -0.265000  0.529000
     3.969000  0.000000  0.529000
     3.969000  0.265000  0.529000
     3.969000  0.529000  0.529000
     3.969000  0.794000  0.529000
     3.969000  1.058000  0.529000
     3.969000  1.323000  0.529000
     3.969000  1.588000  0.529000
     3.969000  1.852000  0.529000
     3.969000  2.117000  0.529000
     3.969000  2.381000  0.529000
     3.969000  2.646000  0.529000
     3.969000  2.910000  0.529000
     3.969000  3.175000  0.529000
     3.969000  3.440000  0.529000
     3.969000  3.704000  0.529000
     3.969000  3.969000  0.529000
     3.969000  4.233000  0.529000
     3.969000  4.498000  0.529000
     3.969000  4.763000  0.529000
     3.969000  5.027000  0.529000
     3.969000  5.292000  0.529000
     3.969000  5.556000  0.529000
     3.969000  5.821000  0.529000
     3.969000  6.086000  0.529000
     3.969000  6.350000  0.529000
     3.969000  6.615000  0.529000
     3.969000  6.879000  0.529000
     3.969000  7.144000  0.529000
     3.969000  7.408000  0.529000
     3.969000  7.673000  0.529000
     3.969000  7.938000  0.529000
     3.969000  8.202000  0.529000
     3.969000  8.467000  0.529000
     3.969000  8.731000  0.529000
     3.969000  8.996000  0.529000
     3.969000  9.261000  0.529000
     3.969000  9.525000  0.529000
     3.969000  9.790000  0.529000
     3.969000  10.054000  0.529000
     3.969000  10.319000  0.529000
     3.969000  10.584000  0.529000
     4.233000 -10.584000  0.529000
     4.233000 -10.319000  0.529000
     4.233000 -10.054000  0.529000
     4.233000 -9.790000  0.529000
     4.233000 -9.525000  0.529000
     4.233000 -9.261000  0.529000
     4.233000 -8.996000  0.529000
     4.233000 -8.731000  0.529000
     4.233000 -8.467000  0.529000
     4.233000 -8.202000  0.529000
     4.233000 -7.938000  0.529000
     4.233000 -7.673000  0.529000
     4.233000 -7.408000  0.529000
     4.233000 -7.144000  0.529000
     4.233000 -6.879000  0.529000
     4.233000 -6.615000  0.529000
     4.233000 -6.350000  0.529000
     4.233000 -6.086000  0.529000
     4.233000 -5.821000  0.529000
     4.233000 -5.556000  0.529000
     4.233000 -5.292000  0.529000
     4.233000 -5.027000  0.529000
     4.233000 -4.763000  0.529000
     4.233000 -4.498000  0.529000
     4.233000 -4.233000  0.529000
     4.233000 -3.969000  0.529000
     4.233000 -3.704000  0.529000
     4.233000 -3.440000  0.529000
     4.233000 -3.175000  0.529000
     4.233000 -2.910000  0.529000
     4.233000 -2.646000  0.529000
     4.233000 -2.381000  0.529000
     4.233000 -2.117000  0.529000
     4.233000 -1.852000  0.529000
     4.233000 -1.588000  0.529000
     4.233000 -1.323000  0.529000
     4.233000 -1.058000  0.529000
     4.233000 -0.794000  0.529000
     4.233000 -0.529000  0.529000
     4.233000 -0.265000  0.529000
     4.233000  0.000000  0.529000
     4.233000  0.265000  0.529000
     4.233000  0.529000  0.529000
     4.233000  0.794000  0.529000
     4.233000  1.058000  0.529000
     4.233000  1.323000  0.529000
     4.233000  1.588000  0.529000
     4.233000  1.852000  0.529000
     4.233000  2.117000  0.529000
     4.233000  2.381000  0.529000
     4.233000  2.646000  0.529000
     4.233000  2.910000  0.529000
     4.233000  3.175000  0.529000
     4.233000  3.440000  0.529000
     4.233000  3.704000  0.529000
     4.233000  3.969000  0.529000
     4.233000  4.233000  0.529000
     4.233000  4.498000  0.529000
     4.233000  4.763000  0.529000
     4.233000  5.027000  0.529000
     4.233000  5.292000  0.529000
     4.233000  5.556000  0.529000
     4.233000  5.821000  0.529000
     4.233000  6.086000  0.529000
     4.233000  6.350000  0.529000
     4.233000  6.615000  0.529000
     4.233000  6.879000  0.529000
     4.233000  7.144000  0.529000
     4.233000  7.408000  0.529000
     4.233000  7.673000  0.529000
     4.233000  7.938000  0.529000
     4.233000  8.202000  0.529000
     4.233000  8.467000  0.529000
     4.233000  8.731000  0.529000
     4.233000  8.996000  0.529000
     4.233000  9.261000  0.529000
     4.233000  9.525000  0.529000
     4.233000  9.790000  0.529000
     4.233000  10.054000  0.529000
     4.233000  10.319000  0.529000
     4.233000  10.584000  0.529000
     4.498000 -10.584000  0.529000
     4.498000 -10.319000  0.529000
     4.498000 -10.054000  0.529000
     4.498000 -9.790000  0.529000
     4.498000 -9.525000  0.529000
     4.498000 -9.261000  0.529000
     4.498000 -8.996000  0.529000
     4.498000 -8.731000  0.529000
     4.498000 -8.467000  0.529000
     4.498000 -8.202000  0.529000
     4.498000 -7.938000  0.529000
     4.498000 -7.673000  0.529000
     4.498000 -7.408000  0.529000
     4.498000 -7.144000  0.529000
     4.498000 -6.879000  0.529000
     4.498000 -6.615000  0.529000
     4.498000 -6.350000  0.529000
     4.498000 -6.086000  0.529000
     4.498000 -5.821000  0.529000
     4.498000 -5.556000  0.529000
     4.498000 -5.292000  0.529000
     4.498000 -5.027000  0.529000
     4.498000 -4.763000  0.529000
     4.498000 -4.498000  0.529000
     4.498000 -4.233000  0.529000
     4.498000 -3.969000  0.529000
     4.498000 -3.704000  0.529000
     4.498000 -3.440000  0.529000
     4.498000 -3.175000  0.529000
     4.498000 -2.910000  0.529000
     4.498000 -2.646000  0.529000
     4.498000 -2.381000  0.529000
     4.498000 -2.117000  0.529000
     4.498000 -1.852000  0.529000
     4.498000 -1.588000  0.529000
     4.498000 -1.323000  0.529000
     4.498000 -1.058000  0.529000
     4.498000 -0.794000  0.529000
     4.498000 -0.529000  0.529000
     4.498000 -0.265000  0.529000
     4.498000  0.000000  0.529000
     4.498000  0.265000  0.529000
     4.498000  0.529000  0.529000
     4.498000  0.794000  0.529000
     4.498000  1.058000  0.529000
     4.498000  1.323000  0.529000
     4.498000  1.588000  0.529000
     4.498000  1.852000  0.529000
     4.498000  2.117000  0.529000
     4.498000  2.381000  0.529000
     4.498000  2.646000  0.529000
     4.498000  2.910000  0.529000
     4.498000  3.175000  0.529000
     4.498000  3.440000  0.529000
     4.498000  3.704000  0.529000
     4.498000  3.969000  0.529000
     4.498000  4.233000  0.529000
     4.498000  4.498000  0.529000
     4.498000  4.763000  0.529000
     4.498000  5.027000  0.529000
     4.498000  5.292000  0.529000
     4.498000  5.556000  0.529000
     4.498000  5.821000  0.529000
     4.498000  6.086000  0.529000
     4.498000  6.350000  0.529000
     4.498000  6.615000  0.529000
     4.498000  6.879000  0.529000
     4.498000  7.144000  0.529000
     4.498000  7.408000  0.529000
     4.498000  7.673000  0.529000
     4.498000  7.938000  0.529000
     4.498000  8.202000  0.529000
     4.498000  8.467000  0.529000
     4.498000  8.731000  0.529000
     4.498000  8.996000  0.529000
     4.498000  9.261000  0.529000
     4.498000  9.525000  0.529000
     4.498000  9.790000  0.529000
     4.498000  10.054000  0.529000
     4.498000  10.319000  0.529000
     4.498000  10.584000  0.529000
     4.763000 -10.584000  0.529000
     4.763000 -10.319000  0.529000
     4.763000 -10.054000  0.529000
     4.763000 -9.790000  0.529000
     4.763000 -9.525000  0.529000
     4.763000 -9.261000  0.529000
     4.763000 -8.996000  0.529000
     4.763000 -8.731000  0.529000
     4.763000 -8.467000  0.529000
     4.763000 -8.202000  0.529000
     4.763000 -7.938000  0.529000
     4.763000 -7.673000  0.529000
     4.763000 -7.408000  0.529000
     4.763000 -7.144000  0.529000
     4.763000 -6.879000  0.529000
     4.763000 -6.615000  0.529000
     4.763000 -6.350000  0.529000
     4.763000 -6.086000  0.529000
     4.763000 -5.821000  0.529000
     4.763000 -5.556000  0.529000
     4.763000 -5.292000  0.529000
     4.763000 -5.027000  0.529000
     4.763000 -4.763000  0.529000
     4.763000 -4.498000  0.529000
     4.763000 -4.233000  0.529000
     4.763000 -3.969000  0.529000
     4.763000 -3.704000  0.529000
     4.763000 -3.440000  0.529000
     4.763000 -3.175000  0.529000
     4.763000 -2.910000  0.529000
     4.763000 -2.646000  0.529000
     4.763000 -2.381000  0.529000
     4.763000 -2.117000  0.529000
     4.763000 -1.852000  0.529000
     4.763000 -1.588000  0.529000
     4.763000 -1.323000  0.529000
     4.763000 -1.058000  0.529000
     4.763000 -0.794000  0.529000
     4.763000 -0.529000  0.529000
     4.763000 -0.265000  0.529000
     4.763000  0.000000  0.529000
     4.763000  0.265000  0.529000
     4.763000  0.529000  0.529000
     4.763000  0.794000  0.529000
     4.763000  1.058000  0.529000
     4.763000  1.323000  0.529000
     4.763000  1.588000  0.529000
     4.763000  1.852000  0.529000
     4.763000  2.117000  0.529000
     4.763000  2.381000  0.529000
     4.763000  2.646000  0.529000
     4.763000  2.910000  0.529000
     4.763000  3.175000  0.529000
     4.763000  3.440000  0.529000
     4.763000  3.704000  0.529000
     4.763000  3.969000  0.529000
     4.763000  4.233000  0.529000
     4.763000  4.498000  0.529000
     4.763000  4.763000  0.529000
     4.763000  5.027000  0.529000
     4.763000  5.292000  0.529000
     4.763000  5.556000  0.529000
     4.763000  5.821000  0.529000
     4.763000  6.086000  0.529000
     4.763000  6.350000  0.529000
     4.763000  6.615000  0.529000
     4.763000  6.879000  0.529000
     4.763000  7.144000  0.529000
     4.763000  7.408000  0.529000
     4.763000  7.673000  0.529000
     4.763000  7.938000  0.529000
     4.763000  8.202000  0.529000
     4.763000  8.467000  0.529000
     4.763000  8.731000  0.529000
     4.763000  8.996000  0.529000
     4.763000  9.261000  0.529000
     4.763000  9.525000  0.529000
     4.763000  9.790000  0.529000
     4.763000  10.054000  0.529000
     4.763000  10.319000  0.529000
     4.763000  10.584000  0.529000
     5.027000 -10.584000  0.529000
     5.027000 -10.319000  0.529000
     5.027000 -10.054000  0.529000
     5.027000 -9.790000  0.529000
     5.027000 -9.525000  0.529000
     5.027000 -9.261000  0.529000
     5.027000 -8.996000  0.529000
     5.027000 -8.731000  0.529000
     5.027000 -8.467000  0.529000
     5.027000 -8.202000  0.529000
     5.027000 -7.938000  0.529000
     5.027000 -7.673000  0.529000
     5.027000 -7.408000  0.529000
     5.027000 -7.144000  0.529000
     5.027000 -6.879000  0.529000
     5.027000 -6.615000  0.529000
     5.027000 -6.350000  0.529000
     5.027000 -6.086000  0.529000
     5.027000 -5.821000  0.529000
     5.027000 -5.556000  0.529000
     5.027000 -5.292000  0.529000
     5.027000 -5.027000  0.529000
     5.027000 -4.763000  0.529000
     5.027000 -4.498000  0.529000
     5.027000 -4.233000  0.529000
     5.027000 -3.969000  0.529000
     5.027000 -3.704000  0.529000
     5.027000 -3.440000  0.529000
     5.027000 -3.175000  0.529000
     5.027000 -2.910000  0.529000
     5.027000 -2.646000  0.529000
     5.027000 -2.381000  0.529000
     5.027000 -2.117000  0.529000
     5.027000 -1.852000  0.529000
     5.027000 -1.588000  0.529000
     5.027000 -1.323000  0.529000
     5.027000 -1.058000  0.529000
     5.027000 -0.794000  0.529000
     5.027000 -0.529000  0.529000
     5.027000 -0.265000  0.529000
     5.027000  0.000000  0.529000
     5.027000  0.265000  0.529000
     5.027000  0.529000  0.529000
     5.027000  0.794000  0.529000
     5.027000  1.058000  0.529000
     5.027000  1.323000  0.529000
     5.027000  1.588000  0.529000
     5.027000  1.852000  0.529000
     5.027000  2.117000  0.529000
     5.027000  2.381000  0.529000
     5.027000  2.646000  0.529000
     5.027000  2.910000  0.529000
     5.027000  3.175000  0.529000
     5.027000  3.440000  0.529000
     5.027000  3.704000  0.529000
     5.027000  3.969000  0.529000
     5.027000  4.233000  0.529000
     5.027000  4.498000  0.529000
     5.027000  4.763000  0.529000
     5.027000  5.027000  0.529000
     5.027000  5.292000  0.529000
     5.027000  5.556000  0.529000
     5.027000  5.821000  0.529000
     5.027000  6.086000  0.529000
     5.027000  6.350000  0.529000
     5.027000  6.615000  0.529000
     5.027000  6.879000  0.529000
     5.027000  7.144000  0.529000
     5.027000  7.408000  0.529000
     5.027000  7.673000  0.529000
     5.027000  7.938000  0.529000
     5.027000  8.202000  0.529000
     5.027000  8.467000  0.529000
     5.027000  8.731000  0.529000
     5.027000  8.996000  0.529000
     5.027000  9.261000  0.529000
     5.027000  9.525000  0.529000
     5.027000  9.790000  0.529000
     5.027000  10.054000  0.529000
     5.027000  10.319000  0.529000
     5.027000  10.584000  0.529000
     5.292000 -10.584000  0.529000
     5.292000 -10.319000  0.529000
     5.292000 -10.054000  0.529000
     5.292000 -9.790000  0.529000
     5.292000 -9.525000  0.529000
     5.292000 -9.261000  0.529000
     5.292000 -8.996000  0.529000
     5.292000 -8.731000  0.529000
     5.292000 -8.467000  0.529000
     5.292000 -8.202000  0.529000
     5.292000 -7.938000  0.529000
     5.292000 -7.673000  0.529000
     5.292000 -7.408000  0.529000
     5.292000 -7.144000  0.529000
     5.292000 -6.879000  0.529000
     5.292000 -6.615000  0.529000
     5.292000 -6.350000  0.529000
     5.292000 -6.086000  0.529000
     5.292000 -5.821000  0.529000
     5.292000 -5.556000  0.529000
     5.292000 -5.292000  0.529000
     5.292000 -5.027000  0.529000
     5.292000 -4.763000  0.529000
     5.292000 -4.498000  0.529000
     5.292000 -4.233000  0.529000
     5.292000 -3.969000  0.529000
     5.292000 -3.704000  0.529000
     5.292000 -3.440000  0.529000
     5.292000 -3.175000  0.529000
     5.292000 -2.910000  0.529000
     5.292000 -2.646000  0.529000
     5.292000 -2.381000  0.529000
     5.292000 -2.117000  0.529000
     5.292000 -1.852000  0.529000
     5.292000 -1.588000  0.529000
     5.292000 -1.323000  0.529000
     5.292000 -1.058000  0.529000
     5.292000 -0.794000  0.529000
     5.292000 -0.529000  0.529000
     5.292000 -0.265000  0.529000
     5.292000  0.000000  0.529000
     5.292000  0.265000  0.529000
     5.292000  0.529000  0.529000
     5.292000  0.794000  0.529000
     5.292000  1.058000  0.529000
     5.292000  1.323000  0.529000
     5.292000  1.588000  0.529000
     5.292000  1.852000  0.529000
     5.292000  2.117000  0.529000
     5.292000  2.381000  0.529000
     5.292000  2.646000  0.529000
     5.292000  2.910000  0.529000
     5.292000  3.175000  0.529000
     5.292000  3.440000  0.529000
     5.292000  3.704000  0.529000
     5.292000  3.969000  0.529000
     5.292000  4.233000  0.529000
     5.292000  4.498000  0.529000
     5.292000  4.763000  0.529000
     5.292000  5.027000  0.529000
     5.292000  5.292000  0.529000
     5.292000  5.556000  0.529000
     5.292000  5.821000  0.529000
     5.292000  6.086000  0.529000
     5.292000  6.350000  0.529000
     5.292000  6.615000  0.529000
     5.292000  6.879000  0.529000
     5.292000  7.144000  0.529000
     5.292000  7.408000  0.529000
     5.292000  7.673000  0.529000
     5.292000  7.938000  0.529000
     5.292000  8.202000  0.529000
     5.292000  8.467000  0.529000
     5.292000  8.731000  0.529000
     5.292000  8.996000  0.529000
     5.292000  9.261000  0.529000
     5.292000  9.525000  0.529000
     5.292000  9.790000  0.529000
     5.292000  10.054000  0.529000
     5.292000  10.319000  0.529000
     5.292000  10.584000  0.529000
     5.556000 -10.584000  0.529000
     5.556000 -10.319000  0.529000
     5.556000 -10.054000  0.529000
     5.556000 -9.790000  0.529000
     5.556000 -9.525000  0.529000
     5.556000 -9.261000  0.529000
     5.556000 -8.996000  0.529000
     5.556000 -8.731000  0.529000
     5.556000 -8.467000  0.529000
     5.556000 -8.202000  0.529000
     5.556000 -7.938000  0.529000
     5.556000 -7.673000  0.529000
     5.556000 -7.408000  0.529000
     5.556000 -7.144000  0.529000
     5.556000 -6.879000  0.529000
     5.556000 -6.615000  0.529000
     5.556000 -6.350000  0.529000
     5.556000 -6.086000  0.529000
     5.556000 -5.821000  0.529000
     5.556000 -5.556000  0.529000
     5.556000 -5.292000  0.529000
     5.556000 -5.027000  0.529000
     5.556000 -4.763000  0.529000
     5.556000 -4.498000  0.529000
     5.556000 -4.233000  0.529000
     5.556000 -3.969000  0.529000
     5.556000 -3.704000  0.529000
     5.556000 -3.440000  0.529000
     5.556000 -3.175000  0.529000
     5.556000 -2.910000  0.529000
     5.556000 -2.646000  0.529000
     5.556000 -2.381000  0.529000
     5.556000 -2.117000  0.529000
     5.556000 -1.852000  0.529000
     5.556000 -1.588000  0.529000
     5.556000 -1.323000  0.529000
     5.556000 -1.058000  0.529000
     5.556000 -0.794000  0.529000
     5.556000 -0.529000  0.529000
     5.556000 -0.265000  0.529000
     5.556000  0.000000  0.529000
     5.556000  0.265000  0.529000
     5.556000  0.529000  0.529000
     5.556000  0.794000  0.529000
     5.556000  1.058000  0.529000
     5.556000  1.323000  0.529000
     5.556000  1.588000  0.529000
     5.556000  1.852000  0.529000
     5.556000  2.117000  0.529000
     5.556000  2.381000  0.529000
     5.556000  2.646000  0.529000
     5.556000  2.910000  0.529000
     5.556000  3.175000  0.529000
     5.556000  3.440000  0.529000
     5.556000  3.704000  0.529000
     5.556000  3.969000  0.529000
     5.556000  4.233000  0.529000
     5.556000  4.498000  0.529000
     5.556000  4.763000  0.529000
     5.556000  5.027000  0.529000
     5.556000  5.292000  0.529000
     5.556000  5.556000  0.529000
     5.556000  5.821000  0.529000
     5.556000  6.086000  0.529000
     5.556000  6.350000  0.529000
     5.556000  6.615000  0.529000
     5.556000  6.879000  0.529000
     5.556000  7.144000  0.529000
     5.556000  7.408000  0.529000
     5.556000  7.673000  0.529000
     5.556000  7.938000  0.529000
     5.556000  8.202000  0.529000
     5.556000  8.467000  0.529000
     5.556000  8.731000  0.529000
     5.556000  8.996000  0.529000
     5.556000  9.261000  0.529000
     5.556000  9.525000  0.529000
     5.556000  9.790000  0.529000
     5.556000  10.054000  0.529000
     5.556000  10.319000  0.529000
     5.556000  10.584000  0.529000
     5.821000 -10.584000  0.529000
     5.821000 -10.319000  0.529000
     5.821000 -10.054000  0.529000
     5.821000 -9.790000  0.529000
     5.821000 -9.525000  0.529000
     5.821000 -9.261000  0.529000
     5.821000 -8.996000  0.529000
     5.821000 -8.731000  0.529000
     5.821000 -8.467000  0.529000
     5.821000 -8.202000  0.529000
     5.821000 -7.938000  0.529000
     5.821000 -7.673000  0.529000
     5.821000 -7.408000  0.529000
     5.821000 -7.144000  0.529000
     5.821000 -6.879000  0.529000
     5.821000 -6.615000  0.529000
     5.821000 -6.350000  0.529000
     5.821000 -6.086000  0.529000
     5.821000 -5.821000  0.529000
     5.821000 -5.556000  0.529000
     5.821000 -5.292000  0.529000
     5.821000 -5.027000  0.529000
     5.821000 -4.763000  0.529000
     5.821000 -4.498000  0.529000
     5.821000 -4.233000  0.529000
     5.821000 -3.969000  0.529000
     5.821000 -3.704000  0.529000
     5.821000 -3.440000  0.529000
     5.821000 -3.175000  0.529000
     5.821000 -2.910000  0.529000
     5.821000 -2.646000  0.529000
     5.821000 -2.381000  0.529000
     5.821000 -2.117000  0.529000
     5.821000 -1.852000  0.529000
     5.821000 -1.588000  0.529000
     5.821000 -1.323000  0.529000
     5.821000 -1.058000  0.529000
     5.821000 -0.794000  0.529000
     5.821000 -0.529000  0.529000
     5.821000 -0.265000  0.529000
     5.821000  0.000000  0.529000
     5.821000  0.265000  0.529000
     5.821000  0.529000  0.529000
     5.821000  0.794000  0.529000
     5.821000  1.058000  0.529000
     5.821000  1.323000  0.529000
     5.821000  1.588000  0.529000
     5.821000  1.852000  0.529000
     5.821000  2.117000  0.529000
     5.821000  2.381000  0.529000
     5.821000  2.646000  0.529000
     5.821000  2.910000  0.529000
     5.821000  3.175000  0.529000
     5.821000  3.440000  0.529000
     5.821000  3.704000  0.529000
     5.821000  3.969000  0.529000
     5.821000  4.233000  0.529000
     5.821000  4.498000  0.529000
     5.821000  4.763000  0.529000
     5.821000  5.027000  0.529000
     5.821000  5.292000  0.529000
     5.821000  5.556000  0.529000
     5.821000  5.821000  0.529000
     5.821000  6.086000  0.529000
     5.821000  6.350000  0.529000
     5.821000  6.615000  0.529000
     5.821000  6.879000  0.529000
     5.821000  7.144000  0.529000
     5.821000  7.408000  0.529000
     5.821000  7.673000  0.529000
     5.821000  7.938000  0.529000
     5.821000  8.202000  0.529000
     5.821000  8.467000  0.529000
     5.821000  8.731000  0.529000
     5.821000  8.996000  0.529000
     5.821000  9.261000  0.529000
     5.821000  9.525000  0.529000
     5.821000  9.790000  0.529000
     5.821000  10.054000  0.529000
     5.821000  10.319000  0.529000
     5.821000  10.584000  0.529000
     6.086000 -10.584000  0.529000
     6.086000 -10.319000  0.529000
     6.086000 -10.054000  0.529000
     6.086000 -9.790000  0.529000
     6.086000 -9.525000  0.529000
     6.086000 -9.261000  0.529000
     6.086000 -8.996000  0.529000
     6.086000 -8.731000  0.529000
     6.086000 -8.467000  0.529000
     6.086000 -8.202000  0.529000
     6.086000 -7.938000  0.529000
     6.086000 -7.673000  0.529000
     6.086000 -7.408000  0.529000
     6.086000 -7.144000  0.529000
     6.086000 -6.879000  0.529000
     6.086000 -6.615000  0.529000
     6.086000 -6.350000  0.529000
     6.086000 -6.086000  0.529000
     6.086000 -5.821000  0.529000
     6.086000 -5.556000  0.529000
     6.086000 -5.292000  0.529000
     6.086000 -5.027000  0.529000
     6.086000 -4.763000  0.529000
     6.086000 -4.498000  0.529000
     6.086000 -4.233000  0.529000
     6.086000 -3.969000  0.529000
     6.086000 -3.704000  0.529000
     6.086000 -3.440000  0.529000
     6.086000 -3.175000  0.529000
     6.086000 -2.910000  0.529000
     6.086000 -2.646000  0.529000
     6.086000 -2.381000  0.529000
     6.086000 -2.117000  0.529000
     6.086000 -1.852000  0.529000
     6.086000 -1.588000  0.529000
     6.086000 -1.323000  0.529000
     6.086000 -1.058000  0.529000
     6.086000 -0.794000  0.529000
     6.086000 -0.529000  0.529000
     6.086000 -0.265000  0.529000
     6.086000  0.000000  0.529000
     6.086000  0.265000  0.529000
     6.086000  0.529000  0.529000
     6.086000  0.794000  0.529000
     6.086000  1.058000  0.529000
     6.086000  1.323000  0.529000
     6.086000  1.588000  0.529000
     6.086000  1.852000  0.529000
     6.086000  2.117000  0.529000
     6.086000  2.381000  0.529000
     6.086000  2.646000  0.529000
     6.086000  2.910000  0.529000
     6.086000  3.175000  0.529000
     6.086000  3.440000  0.529000
     6.086000  3.704000  0.529000
     6.086000  3.969000  0.529000
     6.086000  4.233000  0.529000
     6.086000  4.498000  0.529000
     6.086000  4.763000  0.529000
     6.086000  5.027000  0.529000
     6.086000  5.292000  0.529000
     6.086000  5.556000  0.529000
     6.086000  5.821000  0.529000
     6.086000  6.086000  0.529000
     6.086000  6.350000  0.529000
     6.086000  6.615000  0.529000
     6.086000  6.879000  0.529000
     6.086000  7.144000  0.529000
     6.086000  7.408000  0.529000
     6.086000  7.673000  0.529000
     6.086000  7.938000  0.529000
     6.086000  8.202000  0.529000
     6.086000  8.467000  0.529000
     6.086000  8.731000  0.529000
     6.086000  8.996000  0.529000
     6.086000  9.261000  0.529000
     6.086000  9.525000  0.529000
     6.086000  9.790000  0.529000
     6.086000  10.054000  0.529000
     6.086000  10.319000  0.529000
     6.086000  10.584000  0.529000
     6.350000 -10.584000  0.529000
     6.350000 -10.319000  0.529000
     6.350000 -10.054000  0.529000
     6.350000 -9.790000  0.529000
     6.350000 -9.525000  0.529000
     6.350000 -9.261000  0.529000
     6.350000 -8.996000  0.529000
     6.350000 -8.731000  0.529000
     6.350000 -8.467000  0.529000
     6.350000 -8.202000  0.529000
     6.350000 -7.938000  0.529000
     6.350000 -7.673000  0.529000
     6.350000 -7.408000  0.529000
     6.350000 -7.144000  0.529000
     6.350000 -6.879000  0.529000
     6.350000 -6.615000  0.529000
     6.350000 -6.350000  0.529000
     6.350000 -6.086000  0.529000
     6.350000 -5.821000  0.529000
     6.350000 -5.556000  0.529000
     6.350000 -5.292000  0.529000
     6.350000 -5.027000  0.529000
     6.350000 -4.763000  0.529000
     6.350000 -4.498000  0.529000
     6.350000 -4.233000  0.529000
     6.350000 -3.969000  0.529000
     6.350000 -3.704000  0.529000
     6.350000 -3.440000  0.529000
     6.350000 -3.175000  0.529000
     6.350000 -2.910000  0.529000
     6.350000 -2.646000  0.529000
     6.350000 -2.381000  0.529000
     6.350000 -2.117000  0.529000
     6.350000 -1.852000  0.529000
     6.350000 -1.588000  0.529000
     6.350000 -1.323000  0.529000
     6.350000 -1.058000  0.529000
     6.350000 -0.794000  0.529000
     6.350000 -0.529000  0.529000
     6.350000 -0.265000  0.529000
     6.350000  0.000000  0.529000
     6.350000  0.265000  0.529000
     6.350000  0.529000  0.529000
     6.350000  0.794000  0.529000
     6.350000  1.058000  0.529000
     6.350000  1.323000  0.529000
     6.350000  1.588000  0.529000
     6.350000  1.852000  0.529000
     6.350000  2.117000  0.529000
     6.350000  2.381000  0.529000
     6.350000  2.646000  0.529000
     6.350000  2.910000  0.529000
     6.350000  3.175000  0.529000
     6.350000  3.440000  0.529000
     6.350000  3.704000  0.529000
     6.350000  3.969000  0.529000
     6.350000  4.233000  0.529000
     6.350000  4.498000  0.529000
     6.350000  4.763000  0.529000
     6.350000  5.027000  0.529000
     6.350000  5.292000  0.529000
     6.350000  5.556000  0.529000
     6.350000  5.821000  0.529000
     6.350000  6.086000  0.529000
     6.350000  6.350000  0.529000
     6.350000  6.615000  0.529000
     6.350000  6.879000  0.529000
     6.350000  7.144000  0.529000
     6.350000  7.408000  0.529000
     6.350000  7.673000  0.529000
     6.350000  7.938000  0.529000
     6.350000  8.202000  0.529000
     6.350000  8.467000  0.529000
     6.350000  8.731000  0.529000
     6.350000  8.996000  0.529000
     6.350000  9.261000  0.529000
     6.350000  9.525000  0.529000
     6.350000  9.790000  0.529000
     6.350000  10.054000  0.529000
     6.350000  10.319000  0.529000
     6.350000  10.584000  0.529000
     6.615000 -10.584000  0.529000
     6.615000 -10.319000  0.529000
     6.615000 -10.054000  0.529000
     6.615000 -9.790000  0.529000
     6.615000 -9.525000  0.529000
     6.615000 -9.261000  0.529000
     6.615000 -8.996000  0.529000
     6.615000 -8.731000  0.529000
     6.615000 -8.467000  0.529000
     6.615000 -8.202000  0.529000
     6.615000 -7.938000  0.529000
     6.615000 -7.673000  0.529000
     6.615000 -7.408000  0.529000
     6.615000 -7.144000  0.529000
     6.615000 -6.879000  0.529000
     6.615000 -6.615000  0.529000
     6.615000 -6.350000  0.529000
     6.615000 -6.086000  0.529000
     6.615000 -5.821000  0.529000
     6.615000 -5.556000  0.529000
     6.615000 -5.292000  0.529000
     6.615000 -5.027000  0.529000
     6.615000 -4.763000  0.529000
     6.615000 -4.498000  0.529000
     6.615000 -4.233000  0.529000
     6.615000 -3.969000  0.529000
     6.615000 -3.704000  0.529000
     6.615000 -3.440000  0.529000
     6.615000 -3.175000  0.529000
     6.615000 -2.910000  0.529000
     6.615000 -2.646000  0.529000
     6.615000 -2.381000  0.529000
     6.615000 -2.117000  0.529000
     6.615000 -1.852000  0.529000
     6.615000 -1.588000  0.529000
     6.615000 -1.323000  0.529000
     6.615000 -1.058000  0.529000
     6.615000 -0.794000  0.529000
     6.615000 -0.529000  0.529000
     6.615000 -0.265000  0.529000
     6.615000  0.000000  0.529000
     6.615000  0.265000  0.529000
     6.615000  0.529000  0.529000
     6.615000  0.794000  0.529000
     6.615000  1.058000  0.529000
     6.615000  1.323000  0.529000
     6.615000  1.588000  0.529000
     6.615000  1.852000  0.529000
     6.615000  2.117000  0.529000
     6.615000  2.381000  0.529000
     6.615000  2.646000  0.529000
     6.615000  2.910000  0.529000
     6.615000  3.175000  0.529000
     6.615000  3.440000  0.529000
     6.615000  3.704000  0.529000
     6.615000  3.969000  0.529000
     6.615000  4.233000  0.529000
     6.615000  4.498000  0.529000
     6.615000  4.763000  0.529000
     6.615000  5.027000  0.529000
     6.615000  5.292000  0.529000
     6.615000  5.556000  0.529000
     6.615000  5.821000  0.529000
     6.615000  6.086000  0.529000
     6.615000  6.350000  0.529000
     6.615000  6.615000  0.529000
     6.615000  6.879000  0.529000
     6.615000  7.144000  0.529000
     6.615000  7.408000  0.529000
     6.615000  7.673000  0.529000
     6.615000  7.938000  0.529000
     6.615000  8.202000  0.529000
     6.615000  8.467000  0.529000
     6.615000  8.731000  0.529000
     6.615000  8.996000  0.529000
     6.615000  9.261000  0.529000
     6.615000  9.525000  0.529000
     6.615000  9.790000  0.529000
     6.615000  10.054000  0.529000
     6.615000  10.319000  0.529000
     6.615000  10.584000  0.529000
     6.879000 -10.584000  0.529000
     6.879000 -10.319000  0.529000
     6.879000 -10.054000  0.529000
     6.879000 -9.790000  0.529000
     6.879000 -9.525000  0.529000
     6.879000 -9.261000  0.529000
     6.879000 -8.996000  0.529000
     6.879000 -8.731000  0.529000
     6.879000 -8.467000  0.529000
     6.879000 -8.202000  0.529000
     6.879000 -7.938000  0.529000
     6.879000 -7.673000  0.529000
     6.879000 -7.408000  0.529000
     6.879000 -7.144000  0.529000
     6.879000 -6.879000  0.529000
     6.879000 -6.615000  0.529000
     6.879000 -6.350000  0.529000
     6.879000 -6.086000  0.529000
     6.879000 -5.821000  0.529000
     6.879000 -5.556000  0.529000
     6.879000 -5.292000  0.529000
     6.879000 -5.027000  0.529000
     6.879000 -4.763000  0.529000
     6.879000 -4.498000  0.529000
     6.879000 -4.233000  0.529000
     6.879000 -3.969000  0.529000
     6.879000 -3.704000  0.529000
     6.879000 -3.440000  0.529000
     6.879000 -3.175000  0.529000
     6.879000 -2.910000  0.529000
     6.879000 -2.646000  0.529000
     6.879000 -2.381000  0.529000
     6.879000 -2.117000  0.529000
     6.879000 -1.852000  0.529000
     6.879000 -1.588000  0.529000
     6.879000 -1.323000  0.529000
     6.879000 -1.058000  0.529000
     6.879000 -0.794000  0.529000
     6.879000 -0.529000  0.529000
     6.879000 -0.265000  0.529000
     6.879000  0.000000  0.529000
     6.879000  0.265000  0.529000
     6.879000  0.529000  0.529000
     6.879000  0.794000  0.529000
     6.879000  1.058000  0.529000
     6.879000  1.323000  0.529000
     6.879000  1.588000  0.529000
     6.879000  1.852000  0.529000
     6.879000  2.117000  0.529000
     6.879000  2.381000  0.529000
     6.879000  2.646000  0.529000
     6.879000  2.910000  0.529000
     6.879000  3.175000  0.529000
     6.879000  3.440000  0.529000
     6.879000  3.704000  0.529000
     6.879000  3.969000  0.529000
     6.879000  4.233000  0.529000
     6.879000  4.498000  0.529000
     6.879000  4.763000  0.529000
     6.879000  5.027000  0.529000
     6.879000  5.292000  0.529000
     6.879000  5.556000  0.529000
     6.879000  5.821000  0.529000
     6.879000  6.086000  0.529000
     6.879000  6.350000  0.529000
     6.879000  6.615000  0.529000
     6.879000  6.879000  0.529000
     6.879000  7.144000  0.529000
     6.879000  7.408000  0.529000
     6.879000  7.673000  0.529000
     6.879000  7.938000  0.529000
     6.879000  8.202000  0.529000
     6.879000  8.467000  0.529000
     6.879000  8.731000  0.529000
     6.879000  8.996000  0.529000
     6.879000  9.261000  0.529000
     6.879000  9.525000  0.529000
     6.879000  9.790000  0.529000
     6.879000  10.054000  0.529000
     6.879000  10.319000  0.529000
     6.879000  10.584000  0.529000
     7.144000 -10.584000  0.529000
     7.144000 -10.319000  0.529000
     7.144000 -10.054000  0.529000
     7.144000 -9.790000  0.529000
     7.144000 -9.525000  0.529000
     7.144000 -9.261000  0.529000
     7.144000 -8.996000  0.529000
     7.144000 -8.731000  0.529000
     7.144000 -8.467000  0.529000
     7.144000 -8.202000  0.529000
     7.144000 -7.938000  0.529000
     7.144000 -7.673000  0.529000
     7.144000 -7.408000  0.529000
     7.144000 -7.144000  0.529000
     7.144000 -6.879000  0.529000
     7.144000 -6.615000  0.529000
     7.144000 -6.350000  0.529000
     7.144000 -6.086000  0.529000
     7.144000 -5.821000  0.529000
     7.144000 -5.556000  0.529000
     7.144000 -5.292000  0.529000
     7.144000 -5.027000  0.529000
     7.144000 -4.763000  0.529000
     7.144000 -4.498000  0.529000
     7.144000 -4.233000  0.529000
     7.144000 -3.969000  0.529000
     7.144000 -3.704000  0.529000
     7.144000 -3.440000  0.529000
     7.144000 -3.175000  0.529000
     7.144000 -2.910000  0.529000
     7.144000 -2.646000  0.529000
     7.144000 -2.381000  0.529000
     7.144000 -2.117000  0.529000
     7.144000 -1.852000  0.529000
     7.144000 -1.588000  0.529000
     7.144000 -1.323000  0.529000
     7.144000 -1.058000  0.529000
     7.144000 -0.794000  0.529000
     7.144000 -0.529000  0.529000
     7.144000 -0.265000  0.529000
     7.144000  0.000000  0.529000
     7.144000  0.265000  0.529000
     7.144000  0.529000  0.529000
     7.144000  0.794000  0.529000
     7.144000  1.058000  0.529000
     7.144000  1.323000  0.529000
     7.144000  1.588000  0.529000
     7.144000  1.852000  0.529000
     7.144000  2.117000  0.529000
     7.144000  2.381000  0.529000
     7.144000  2.646000  0.529000
     7.144000  2.910000  0.529000
     7.144000  3.175000  0.529000
     7.144000  3.440000  0.529000
     7.144000  3.704000  0.529000
     7.144000  3.969000  0.529000
     7.144000  4.233000  0.529000
     7.144000  4.498000  0.529000
     7.144000  4.763000  0.529000
     7.144000  5.027000  0.529000
     7.144000  5.292000  0.529000
     7.144000  5.556000  0.529000
     7.144000  5.821000  0.529000
     7.144000  6.086000  0.529000
     7.144000  6.350000  0.529000
     7.144000  6.615000  0.529000
     7.144000  6.879000  0.529000
     7.144000  7.144000  0.529000
     7.144000  7.408000  0.529000
     7.144000  7.673000  0.529000
     7.144000  7.938000  0.529000
     7.144000  8.202000  0.529000
     7.144000  8.467000  0.529000
     7.144000  8.731000  0.529000
     7.144000  8.996000  0.529000
     7.144000  9.261000  0.529000
     7.144000  9.525000  0.529000
     7.144000  9.790000  0.529000
     7.144000  10.054000  0.529000
     7.144000  10.319000  0.529000
     7.144000  10.584000  0.529000
     7.408000 -10.584000  0.529000
     7.408000 -10.319000  0.529000
     7.408000 -10.054000  0.529000
     7.408000 -9.790000  0.529000
     7.408000 -9.525000  0.529000
     7.408000 -9.261000  0.529000
     7.408000 -8.996000  0.529000
     7.408000 -8.731000  0.529000
     7.408000 -8.467000  0.529000
     7.408000 -8.202000  0.529000
     7.408000 -7.938000  0.529000
     7.408000 -7.673000  0.529000
     7.408000 -7.408000  0.529000
     7.408000 -7.144000  0.529000
     7.408000 -6.879000  0.529000
     7.408000 -6.615000  0.529000
     7.408000 -6.350000  0.529000
     7.408000 -6.086000  0.529000
     7.408000 -5.821000  0.529000
     7.408000 -5.556000  0.529000
     7.408000 -5.292000  0.529000
     7.408000 -5.027000  0.529000
     7.408000 -4.763000  0.529000
     7.408000 -4.498000  0.529000
     7.408000 -4.233000  0.529000
     7.408000 -3.969000  0.529000
     7.408000 -3.704000  0.529000
     7.408000 -3.440000  0.529000
     7.408000 -3.175000  0.529000
     7.408000 -2.910000  0.529000
     7.408000 -2.646000  0.529000
     7.408000 -2.381000  0.529000
     7.408000 -2.117000  0.529000
     7.408000 -1.852000  0.529000
     7.408000 -1.588000  0.529000
     7.408000 -1.323000  0.529000
     7.408000 -1.058000  0.529000
     7.408000 -0.794000  0.529000
     7.408000 -0.529000  0.529000
     7.408000 -0.265000  0.529000
     7.408000  0.000000  0.529000
     7.408000  0.265000  0.529000
     7.408000  0.529000  0.529000
     7.408000  0.794000  0.529000
     7.408000  1.058000  0.529000
     7.408000  1.323000  0.529000
     7.408000  1.588000  0.529000
     7.408000  1.852000  0.529000
     7.408000  2.117000  0.529000
     7.408000  2.381000  0.529000
     7.408000  2.646000  0.529000
     7.408000  2.910000  0.529000
     7.408000  3.175000  0.529000
     7.408000  3.440000  0.529000
     7.408000  3.704000  0.529000
     7.408000  3.969000  0.529000
     7.408000  4.233000  0.529000
     7.408000  4.498000  0.529000
     7.408000  4.763000  0.529000
     7.408000  5.027000  0.529000
     7.408000  5.292000  0.529000
     7.408000  5.556000  0.529000
     7.408000  5.821000  0.529000
     7.408000  6.086000  0.529000
     7.408000  6.350000  0.529000
     7.408000  6.615000  0.529000
     7.408000  6.879000  0.529000
     7.408000  7.144000  0.529000
     7.408000  7.408000  0.529000
     7.408000  7.673000  0.529000
     7.408000  7.938000  0.529000
     7.408000  8.202000  0.529000
     7.408000  8.467000  0.529000
     7.408000  8.731000  0.529000
     7.408000  8.996000  0.529000
     7.408000  9.261000  0.529000
     7.408000  9.525000  0.529000
     7.408000  9.790000  0.529000
     7.408000  10.054000  0.529000
     7.408000  10.319000  0.529000
     7.408000  10.584000  0.529000
     7.673000 -10.584000  0.529000
     7.673000 -10.319000  0.529000
     7.673000 -10.054000  0.529000
     7.673000 -9.790000  0.529000
     7.673000 -9.525000  0.529000
     7.673000 -9.261000  0.529000
     7.673000 -8.996000  0.529000
     7.673000 -8.731000  0.529000
     7.673000 -8.467000  0.529000
     7.673000 -8.202000  0.529000
     7.673000 -7.938000  0.529000
     7.673000 -7.673000  0.529000
     7.673000 -7.408000  0.529000
     7.673000 -7.144000  0.529000
     7.673000 -6.879000  0.529000
     7.673000 -6.615000  0.529000
     7.673000 -6.350000  0.529000
     7.673000 -6.086000  0.529000
     7.673000 -5.821000  0.529000
     7.673000 -5.556000  0.529000
     7.673000 -5.292000  0.529000
     7.673000 -5.027000  0.529000
     7.673000 -4.763000  0.529000
     7.673000 -4.498000  0.529000
     7.673000 -4.233000  0.529000
     7.673000 -3.969000  0.529000
     7.673000 -3.704000  0.529000
     7.673000 -3.440000  0.529000
     7.673000 -3.175000  0.529000
     7.673000 -2.910000  0.529000
     7.673000 -2.646000  0.529000
     7.673000 -2.381000  0.529000
     7.673000 -2.117000  0.529000
     7.673000 -1.852000  0.529000
     7.673000 -1.588000  0.529000
     7.673000 -1.323000  0.529000
     7.673000 -1.058000  0.529000
     7.673000 -0.794000  0.529000
     7.673000 -0.529000  0.529000
     7.673000 -0.265000  0.529000
     7.673000  0.000000  0.529000
     7.673000  0.265000  0.529000
     7.673000  0.529000  0.529000
     7.673000  0.794000  0.529000
     7.673000  1.058000  0.529000
     7.673000  1.323000  0.529000
     7.673000  1.588000  0.529000
     7.673000  1.852000  0.529000
     7.673000  2.117000  0.529000
     7.673000  2.381000  0.529000
     7.673000  2.646000  0.529000
     7.673000  2.910000  0.529000
     7.673000  3.175000  0.529000
     7.673000  3.440000  0.529000
     7.673000  3.704000  0.529000
     7.673000  3.969000  0.529000
     7.673000  4.233000  0.529000
     7.673000  4.498000  0.529000
     7.673000  4.763000  0.529000
     7.673000  5.027000  0.529000
     7.673000  5.292000  0.529000
     7.673000  5.556000  0.529000
     7.673000  5.821000  0.529000
     7.673000  6.086000  0.529000
     7.673000  6.350000  0.529000
     7.673000  6.615000  0.529000
     7.673000  6.879000  0.529000
     7.673000  7.144000  0.529000
     7.673000  7.408000  0.529000
     7.673000  7.673000  0.529000
     7.673000  7.938000  0.529000
     7.673000  8.202000  0.529000
     7.673000  8.467000  0.529000
     7.673000  8.731000  0.529000
     7.673000  8.996000  0.529000
     7.673000  9.261000  0.529000
     7.673000  9.525000  0.529000
     7.673000  9.790000  0.529000
     7.673000  10.054000  0.529000
     7.673000  10.319000  0.529000
     7.673000  10.584000  0.529000
     7.938000 -10.584000  0.529000
     7.938000 -10.319000  0.529000
     7.938000 -10.054000  0.529000
     7.938000 -9.790000  0.529000
     7.938000 -9.525000  0.529000
     7.938000 -9.261000  0.529000
     7.938000 -8.996000  0.529000
     7.938000 -8.731000  0.529000
     7.938000 -8.467000  0.529000
     7.938000 -8.202000  0.529000
     7.938000 -7.938000  0.529000
     7.938000 -7.673000  0.529000
     7.938000 -7.408000  0.529000
     7.938000 -7.144000  0.529000
     7.938000 -6.879000  0.529000
     7.938000 -6.615000  0.529000
     7.938000 -6.350000  0.529000
     7.938000 -6.086000  0.529000
     7.938000 -5.821000  0.529000
     7.938000 -5.556000  0.529000
     7.938000 -5.292000  0.529000
     7.938000 -5.027000  0.529000
     7.938000 -4.763000  0.529000
     7.938000 -4.498000  0.529000
     7.938000 -4.233000  0.529000
     7.938000 -3.969000  0.529000
     7.938000 -3.704000  0.529000
     7.938000 -3.440000  0.529000
     7.938000 -3.175000  0.529000
     7.938000 -2.910000  0.529000
     7.938000 -2.646000  0.529000
     7.938000 -2.381000  0.529000
     7.938000 -2.117000  0.529000
     7.938000 -1.852000  0.529000
     7.938000 -1.588000  0.529000
     7.938000 -1.323000  0.529000
     7.938000 -1.058000  0.529000
     7.938000 -0.794000  0.529000
     7.938000 -0.529000  0.529000
     7.938000 -0.265000  0.529000
     7.938000  0.000000  0.529000
     7.938000  0.265000  0.529000
     7.938000  0.529000  0.529000
     7.938000  0.794000  0.529000
     7.938000  1.058000  0.529000
     7.938000  1.323000  0.529000
     7.938000  1.588000  0.529000
     7.938000  1.852000  0.529000
     7.938000  2.117000  0.529000
     7.938000  2.381000  0.529000
     7.938000  2.646000  0.529000
     7.938000  2.910000  0.529000
     7.938000  3.175000  0.529000
     7.938000  3.440000  0.529000
     7.938000  3.704000  0.529000
     7.938000  3.969000  0.529000
     7.938000  4.233000  0.529000
     7.938000  4.498000  0.529000
     7.938000  4.763000  0.529000
     7.938000  5.027000  0.529000
     7.938000  5.292000  0.529000
     7.938000  5.556000  0.529000
     7.938000  5.821000  0.529000
     7.938000  6.086000  0.529000
     7.938000  6.350000  0.529000
     7.938000  6.615000  0.529000
     7.938000  6.879000  0.529000
     7.938000  7.144000  0.529000
     7.938000  7.408000  0.529000
     7.938000  7.673000  0.529000
     7.938000  7.938000  0.529000
     7.938000  8.202000  0.529000
     7.938000  8.467000  0.529000
     7.938000  8.731000  0.529000
     7.938000  8.996000  0.529000
     7.938000  9.261000  0.529000
     7.938000  9.525000  0.529000
     7.938000  9.790000  0.529000
     7.938000  10.054000  0.529000
     7.938000  10.319000  0.529000
     7.938000  10.584000  0.529000
     8.202000 -10.584000  0.529000
     8.202000 -10.319000  0.529000
     8.202000 -10.054000  0.529000
     8.202000 -9.790000  0.529000
     8.202000 -9.525000  0.529000
     8.202000 -9.261000  0.529000
     8.202000 -8.996000  0.529000
     8.202000 -8.731000  0.529000
     8.202000 -8.467000  0.529000
     8.202000 -8.202000  0.529000
     8.202000 -7.938000  0.529000
     8.202000 -7.673000  0.529000
     8.202000 -7.408000  0.529000
     8.202000 -7.144000  0.529000
     8.202000 -6.879000  0.529000
     8.202000 -6.615000  0.529000
     8.202000 -6.350000  0.529000
     8.202000 -6.086000  0.529000
     8.202000 -5.821000  0.529000
     8.202000 -5.556000  0.529000
     8.202000 -5.292000  0.529000
     8.202000 -5.027000  0.529000
     8.202000 -4.763000  0.529000
     8.202000 -4.498000  0.529000
     8.202000 -4.233000  0.529000
     8.202000 -3.969000  0.529000
     8.202000 -3.704000  0.529000
     8.202000 -3.440000  0.529000
     8.202000 -3.175000  0.529000
     8.202000 -2.910000  0.529000
     8.202000 -2.646000  0.529000
     8.202000 -2.381000  0.529000
     8.202000 -2.117000  0.529000
     8.202000 -1.852000  0.529000
     8.202000 -1.588000  0.529000
     8.202000 -1.323000  0.529000
     8.202000 -1.058000  0.529000
     8.202000 -0.794000  0.529000
     8.202000 -0.529000  0.529000
     8.202000 -0.265000  0.529000
     8.202000  0.000000  0.529000
     8.202000  0.265000  0.529000
     8.202000  0.529000  0.529000
     8.202000  0.794000  0.529000
     8.202000  1.058000  0.529000
     8.202000  1.323000  0.529000
     8.202000  1.588000  0.529000
     8.202000  1.852000  0.529000
     8.202000  2.117000  0.529000
     8.202000  2.381000  0.529000
     8.202000  2.646000  0.529000
     8.202000  2.910000  0.529000
     8.202000  3.175000  0.529000
     8.202000  3.440000  0.529000
     8.202000  3.704000  0.529000
     8.202000  3.969000  0.529000
     8.202000  4.233000  0.529000
     8.202000  4.498000  0.529000
     8.202000  4.763000  0.529000
     8.202000  5.027000  0.529000
     8.202000  5.292000  0.529000
     8.202000  5.556000  0.529000
     8.202000  5.821000  0.529000
     8.202000  6.086000  0.529000
     8.202000  6.350000  0.529000
     8.202000  6.615000  0.529000
     8.202000  6.879000  0.529000
     8.202000  7.144000  0.529000
     8.202000  7.408000  0.529000
     8.202000  7.673000  0.529000
     8.202000  7.938000  0.529000
     8.202000  8.202000  0.529000
     8.202000  8.467000  0.529000
     8.202000  8.731000  0.529000
     8.202000  8.996000  0.529000
     8.202000  9.261000  0.529000
     8.202000  9.525000  0.529000
     8.202000  9.790000  0.529000
     8.202000  10.054000  0.529000
     8.202000  10.319000  0.529000
     8.202000  10.584000  0.529000
     8.467000 -10.584000  0.529000
     8.467000 -10.319000  0.529000
     8.467000 -10.054000  0.529000
     8.467000 -9.790000  0.529000
     8.467000 -9.525000  0.529000
     8.467000 -9.261000  0.529000
     8.467000 -8.996000  0.529000
     8.467000 -8.731000  0.529000
     8.467000 -8.467000  0.529000
     8.467000 -8.202000  0.529000
     8.467000 -7.938000  0.529000
     8.467000 -7.673000  0.529000
     8.467000 -7.408000  0.529000
     8.467000 -7.144000  0.529000
     8.467000 -6.879000  0.529000
     8.467000 -6.615000  0.529000
     8.467000 -6.350000  0.529000
     8.467000 -6.086000  0.529000
     8.467000 -5.821000  0.529000
     8.467000 -5.556000  0.529000
     8.467000 -5.292000  0.529000
     8.467000 -5.027000  0.529000
     8.467000 -4.763000  0.529000
     8.467000 -4.498000  0.529000
     8.467000 -4.233000  0.529000
     8.467000 -3.969000  0.529000
     8.467000 -3.704000  0.529000
     8.467000 -3.440000  0.529000
     8.467000 -3.175000  0.529000
     8.467000 -2.910000  0.529000
     8.467000 -2.646000  0.529000
     8.467000 -2.381000  0.529000
     8.467000 -2.117000  0.529000
     8.467000 -1.852000  0.529000
     8.467000 -1.588000  0.529000
     8.467000 -1.323000  0.529000
     8.467000 -1.058000  0.529000
     8.467000 -0.794000  0.529000
     8.467000 -0.529000  0.529000
     8.467000 -0.265000  0.529000
     8.467000  0.000000  0.529000
     8.467000  0.265000  0.529000
     8.467000  0.529000  0.529000
     8.467000  0.794000  0.529000
     8.467000  1.058000  0.529000
     8.467000  1.323000  0.529000
     8.467000  1.588000  0.529000
     8.467000  1.852000  0.529000
     8.467000  2.117000  0.529000
     8.467000  2.381000  0.529000
     8.467000  2.646000  0.529000
     8.467000  2.910000  0.529000
     8.467000  3.175000  0.529000
     8.467000  3.440000  0.529000
     8.467000  3.704000  0.529000
     8.467000  3.969000  0.529000
     8.467000  4.233000  0.529000
     8.467000  4.498000  0.529000
     8.467000  4.763000  0.529000
     8.467000  5.027000  0.529000
     8.467000  5.292000  0.529000
     8.467000  5.556000  0.529000
     8.467000  5.821000  0.529000
     8.467000  6.086000  0.529000
     8.467000  6.350000  0.529000
     8.467000  6.615000  0.529000
     8.467000  6.879000  0.529000
     8.467000  7.144000  0.529000
     8.467000  7.408000  0.529000
     8.467000  7.673000  0.529000
     8.467000  7.938000  0.529000
     8.467000  8.202000  0.529000
     8.467000  8.467000  0.529000
     8.467000  8.731000  0.529000
     8.467000  8.996000  0.529000
     8.467000  9.261000  0.529000
     8.467000  9.525000  0.529000
     8.467000  9.790000  0.529000
     8.467000  10.054000  0.529000
     8.467000  10.319000  0.529000
     8.467000  10.584000  0.529000
     8.731000 -10.584000  0.529000
     8.731000 -10.319000  0.529000
     8.731000 -10.054000  0.529000
     8.731000 -9.790000  0.529000
     8.731000 -9.525000  0.529000
     8.731000 -9.261000  0.529000
     8.731000 -8.996000  0.529000
     8.731000 -8.731000  0.529000
     8.731000 -8.467000  0.529000
     8.731000 -8.202000  0.529000
     8.731000 -7.938000  0.529000
     8.731000 -7.673000  0.529000
     8.731000 -7.408000  0.529000
     8.731000 -7.144000  0.529000
     8.731000 -6.879000  0.529000
     8.731000 -6.615000  0.529000
     8.731000 -6.350000  0.529000
     8.731000 -6.086000  0.529000
     8.731000 -5.821000  0.529000
     8.731000 -5.556000  0.529000
     8.731000 -5.292000  0.529000
     8.731000 -5.027000  0.529000
     8.731000 -4.763000  0.529000
     8.731000 -4.498000  0.529000
     8.731000 -4.233000  0.529000
     8.731000 -3.969000  0.529000
     8.731000 -3.704000  0.529000
     8.731000 -3.440000  0.529000
     8.731000 -3.175000  0.529000
     8.731000 -2.910000  0.529000
     8.731000 -2.646000  0.529000
     8.731000 -2.381000  0.529000
     8.731000 -2.117000  0.529000
     8.731000 -1.852000  0.529000
     8.731000 -1.588000  0.529000
     8.731000 -1.323000  0.529000
     8.731000 -1.058000  0.529000
     8.731000 -0.794000  0.529000
     8.731000 -0.529000  0.529000
     8.731000 -0.265000  0.529000
     8.731000  0.000000  0.529000
     8.731000  0.265000  0.529000
     8.731000  0.529000  0.529000
     8.731000  0.794000  0.529000
     8.731000  1.058000  0.529000
     8.731000  1.323000  0.529000
     8.731000  1.588000  0.529000
     8.731000  1.852000  0.529000
     8.731000  2.117000  0.529000
     8.731000  2.381000  0.529000
     8.731000  2.646000  0.529000
     8.731000  2.910000  0.529000
     8.731000  3.175000  0.529000
     8.731000  3.440000  0.529000
     8.731000  3.704000  0.529000
     8.731000  3.969000  0.529000
     8.731000  4.233000  0.529000
     8.731000  4.498000  0.529000
     8.731000  4.763000  0.529000
     8.731000  5.027000  0.529000
     8.731000  5.292000  0.529000
     8.731000  5.556000  0.529000
     8.731000  5.821000  0.529000
     8.731000  6.086000  0.529000
     8.731000  6.350000  0.529000
     8.731000  6.615000  0.529000
     8.731000  6.879000  0.529000
     8.731000  7.144000  0.529000
     8.731000  7.408000  0.529000
     8.731000  7.673000  0.529000
     8.731000  7.938000  0.529000
     8.731000  8.202000  0.529000
     8.731000  8.467000  0.529000
     8.731000  8.731000  0.529000
     8.731000  8.996000  0.529000
     8.731000  9.261000  0.529000
     8.731000  9.525000  0.529000
     8.731000  9.790000  0.529000
     8.731000  10.054000  0.529000
     8.731000  10.319000  0.529000
     8.731000  10.584000  0.529000
     8.996000 -10.584000  0.529000
     8.996000 -10.319000  0.529000
     8.996000 -10.054000  0.529000
     8.996000 -9.790000  0.529000
     8.996000 -9.525000  0.529000
     8.996000 -9.261000  0.529000
     8.996000 -8.996000  0.529000
     8.996000 -8.731000  0.529000
     8.996000 -8.467000  0.529000
     8.996000 -8.202000  0.529000
     8.996000 -7.938000  0.529000
     8.996000 -7.673000  0.529000
     8.996000 -7.408000  0.529000
     8.996000 -7.144000  0.529000
     8.996000 -6.879000  0.529000
     8.996000 -6.615000  0.529000
     8.996000 -6.350000  0.529000
     8.996000 -6.086000  0.529000
     8.996000 -5.821000  0.529000
     8.996000 -5.556000  0.529000
     8.996000 -5.292000  0.529000
     8.996000 -5.027000  0.529000
     8.996000 -4.763000  0.529000
     8.996000 -4.498000  0.529000
     8.996000 -4.233000  0.529000
     8.996000 -3.969000  0.529000
     8.996000 -3.704000  0.529000
     8.996000 -3.440000  0.529000
     8.996000 -3.175000  0.529000
     8.996000 -2.910000  0.529000
     8.996000 -2.646000  0.529000
     8.996000 -2.381000  0.529000
     8.996000 -2.117000  0.529000
     8.996000 -1.852000  0.529000
     8.996000 -1.588000  0.529000
     8.996000 -1.323000  0.529000
     8.996000 -1.058000  0.529000
     8.996000 -0.794000  0.529000
     8.996000 -0.529000  0.529000
     8.996000 -0.265000  0.529000
     8.996000  0.000000  0.529000
     8.996000  0.265000  0.529000
     8.996000  0.529000  0.529000
     8.996000  0.794000  0.529000
     8.996000  1.058000  0.529000
     8.996000  1.323000  0.529000
     8.996000  1.588000  0.529000
     8.996000  1.852000  0.529000
     8.996000  2.117000  0.529000
     8.996000  2.381000  0.529000
     8.996000  2.646000  0.529000
     8.996000  2.910000  0.529000
     8.996000  3.175000  0.529000
     8.996000  3.440000  0.529000
     8.996000  3.704000  0.529000
     8.996000  3.969000  0.529000
     8.996000  4.233000  0.529000
     8.996000  4.498000  0.529000
     8.996000  4.763000  0.529000
     8.996000  5.027000  0.529000
     8.996000  5.292000  0.529000
     8.996000  5.556000  0.529000
     8.996000  5.821000  0.529000
     8.996000  6.086000  0.529000
     8.996000  6.350000  0.529000
     8.996000  6.615000  0.529000
     8.996000  6.879000  0.529000
     8.996000  7.144000  0.529000
     8.996000  7.408000  0.529000
     8.996000  7.673000  0.529000
     8.996000  7.938000  0.529000
     8.996000  8.202000  0.529000
     8.996000  8.467000  0.529000
     8.996000  8.731000  0.529000
     8.996000  8.996000  0.529000
     8.996000  9.261000  0.529000
     8.996000  9.525000  0.529000
     8.996000  9.790000  0.529000
     8.996000  10.054000  0.529000
     8.996000  10.319000  0.529000
     8.996000  10.584000  0.529000
     9.261000 -10.584000  0.529000
     9.261000 -10.319000  0.529000
     9.261000 -10.054000  0.529000
     9.261000 -9.790000  0.529000
     9.261000 -9.525000  0.529000
     9.261000 -9.261000  0.529000
     9.261000 -8.996000  0.529000
     9.261000 -8.731000  0.529000
     9.261000 -8.467000  0.529000
     9.261000 -8.202000  0.529000
     9.261000 -7.938000  0.529000
     9.261000 -7.673000  0.529000
     9.261000 -7.408000  0.529000
     9.261000 -7.144000  0.529000
     9.261000 -6.879000  0.529000
     9.261000 -6.615000  0.529000
     9.261000 -6.350000  0.529000
     9.261000 -6.086000  0.529000
     9.261000 -5.821000  0.529000
     9.261000 -5.556000  0.529000
     9.261000 -5.292000  0.529000
     9.261000 -5.027000  0.529000
     9.261000 -4.763000  0.529000
     9.261000 -4.498000  0.529000
     9.261000 -4.233000  0.529000
     9.261000 -3.969000  0.529000
     9.261000 -3.704000  0.529000
     9.261000 -3.440000  0.529000
     9.261000 -3.175000  0.529000
     9.261000 -2.910000  0.529000
     9.261000 -2.646000  0.529000
     9.261000 -2.381000  0.529000
     9.261000 -2.117000  0.529000
     9.261000 -1.852000  0.529000
     9.261000 -1.588000  0.529000
     9.261000 -1.323000  0.529000
     9.261000 -1.058000  0.529000
     9.261000 -0.794000  0.529000
     9.261000 -0.529000  0.529000
     9.261000 -0.265000  0.529000
     9.261000  0.000000  0.529000
     9.261000  0.265000  0.529000
     9.261000  0.529000  0.529000
     9.261000  0.794000  0.529000
     9.261000  1.058000  0.529000
     9.261000  1.323000  0.529000
     9.261000  1.588000  0.529000
     9.261000  1.852000  0.529000
     9.261000  2.117000  0.529000
     9.261000  2.381000  0.529000
     9.261000  2.646000  0.529000
     9.261000  2.910000  0.529000
     9.261000  3.175000  0.529000
     9.261000  3.440000  0.529000
     9.261000  3.704000  0.529000
     9.261000  3.969000  0.529000
     9.261000  4.233000  0.529000
     9.261000  4.498000  0.529000
     9.261000  4.763000  0.529000
     9.261000  5.027000  0.529000
     9.261000  5.292000  0.529000
     9.261000  5.556000  0.529000
     9.261000  5.821000  0.529000
     9.261000  6.086000  0.529000
     9.261000  6.350000  0.529000
     9.261000  6.615000  0.529000
     9.261000  6.879000  0.529000
     9.261000  7.144000  0.529000
     9.261000  7.408000  0.529000
     9.261000  7.673000  0.529000
     9.261000  7.938000  0.529000
     9.261000  8.202000  0.529000
     9.261000  8.467000  0.529000
     9.261000  8.731000  0.529000
     9.261000  8.996000  0.529000
     9.261000  9.261000  0.529000
     9.261000  9.525000  0.529000
     9.261000  9.790000  0.529000
     9.261000  10.054000  0.529000
     9.261000  10.319000  0.529000
     9.261000  10.584000  0.529000
     9.525000 -10.584000  0.529000
     9.525000 -10.319000  0.529000
     9.525000 -10.054000  0.529000
     9.525000 -9.790000  0.529000
     9.525000 -9.525000  0.529000
     9.525000 -9.261000  0.529000
     9.525000 -8.996000  0.529000
     9.525000 -8.731000  0.529000
     9.525000 -8.467000  0.529000
     9.525000 -8.202000  0.529000
     9.525000 -7.938000  0.529000
     9.525000 -7.673000  0.529000
     9.525000 -7.408000  0.529000
     9.525000 -7.144000  0.529000
     9.525000 -6.879000  0.529000
     9.525000 -6.615000  0.529000
     9.525000 -6.350000  0.529000
     9.525000 -6.086000  0.529000
     9.525000 -5.821000  0.529000
     9.525000 -5.556000  0.529000
     9.525000 -5.292000  0.529000
     9.525000 -5.027000  0.529000
     9.525000 -4.763000  0.529000
     9.525000 -4.498000  0.529000
     9.525000 -4.233000  0.529000
     9.525000 -3.969000  0.529000
     9.525000 -3.704000  0.529000
     9.525000 -3.440000  0.529000
     9.525000 -3.175000  0.529000
     9.525000 -2.910000  0.529000
     9.525000 -2.646000  0.529000
     9.525000 -2.381000  0.529000
     9.525000 -2.117000  0.529000
     9.525000 -1.852000  0.529000
     9.525000 -1.588000  0.529000
     9.525000 -1.323000  0.529000
     9.525000 -1.058000  0.529000
     9.525000 -0.794000  0.529000
     9.525000 -0.529000  0.529000
     9.525000 -0.265000  0.529000
     9.525000  0.000000  0.529000
     9.525000  0.265000  0.529000
     9.525000  0.529000  0.529000
     9.525000  0.794000  0.529000
     9.525000  1.058000  0.529000
     9.525000  1.323000  0.529000
     9.525000  1.588000  0.529000
     9.525000  1.852000  0.529000
     9.525000  2.117000  0.529000
     9.525000  2.381000  0.529000
     9.525000  2.646000  0.529000
     9.525000  2.910000  0.529000
     9.525000  3.175000  0.529000
     9.525000  3.440000  0.529000
     9.525000  3.704000  0.529000
     9.525000  3.969000  0.529000
     9.525000  4.233000  0.529000
     9.525000  4.498000  0.529000
     9.525000  4.763000  0.529000
     9.525000  5.027000  0.529000
     9.525000  5.292000  0.529000
     9.525000  5.556000  0.529000
     9.525000  5.821000  0.529000
     9.525000  6.086000  0.529000
     9.525000  6.350000  0.529000
     9.525000  6.615000  0.529000
     9.525000  6.879000  0.529000
     9.525000  7.144000  0.529000
     9.525000  7.408000  0.529000
     9.525000  7.673000  0.529000
     9.525000  7.938000  0.529000
     9.525000  8.202000  0.529000
     9.525000  8.467000  0.529000
     9.525000  8.731000  0.529000
     9.525000  8.996000  0.529000
     9.525000  9.261000  0.529000
     9.525000  9.525000  0.529000
     9.525000  9.790000  0.529000
     9.525000  10.054000  0.529000
     9.525000  10.319000  0.529000
     9.525000  10.584000  0.529000
     9.790000 -10.584000  0.529000
     9.790000 -10.319000  0.529000
     9.790000 -10.054000  0.529000
     9.790000 -9.790000  0.529000
     9.790000 -9.525000  0.529000
     9.790000 -9.261000  0.529000
     9.790000 -8.996000  0.529000
     9.790000 -8.731000  0.529000
     9.790000 -8.467000  0.529000
     9.790000 -8.202000  0.529000
     9.790000 -7.938000  0.529000
     9.790000 -7.673000  0.529000
     9.790000 -7.408000  0.529000
     9.790000 -7.144000  0.529000
     9.790000 -6.879000  0.529000
     9.790000 -6.615000  0.529000
     9.790000 -6.350000  0.529000
     9.790000 -6.086000  0.529000
     9.790000 -5.821000  0.529000
     9.790000 -5.556000  0.529000
     9.790000 -5.292000  0.529000
     9.790000 -5.027000  0.529000
     9.790000 -4.763000  0.529000
     9.790000 -4.498000  0.529000
     9.790000 -4.233000  0.529000
     9.790000 -3.969000  0.529000
     9.790000 -3.704000  0.529000
     9.790000 -3.440000  0.529000
     9.790000 -3.175000  0.529000
     9.790000 -2.910000  0.529000
     9.790000 -2.646000  0.529000
     9.790000 -2.381000  0.529000
     9.790000 -2.117000  0.529000
     9.790000 -1.852000  0.529000
     9.790000 -1.588000  0.529000
     9.790000 -1.323000  0.529000
     9.790000 -1.058000  0.529000
     9.790000 -0.794000  0.529000
     9.790000 -0.529000  0.529000
     9.790000 -0.265000  0.529000
     9.790000  0.000000  0.529000
     9.790000  0.265000  0.529000
     9.790000  0.529000  0.529000
     9.790000  0.794000  0.529000
     9.790000  1.058000  0.529000
     9.790000  1.323000  0.529000
     9.790000  1.588000  0.529000
     9.790000  1.852000  0.529000
     9.790000  2.117000  0.529000
     9.790000  2.381000  0.529000
     9.790000  2.646000  0.529000
     9.790000  2.910000  0.529000
     9.790000  3.175000  0.529000
     9.790000  3.440000  0.529000
     9.790000  3.704000  0.529000
     9.790000  3.969000  0.529000
     9.790000  4.233000  0.529000
     9.790000  4.498000  0.529000
     9.790000  4.763000  0.529000
     9.790000  5.027000  0.529000
     9.790000  5.292000  0.529000
     9.790000  5.556000  0.529000
     9.790000  5.821000  0.529000
     9.790000  6.086000  0.529000
     9.790000  6.350000  0.529000
     9.790000  6.615000  0.529000
     9.790000  6.879000  0.529000
     9.790000  7.144000  0.529000
     9.790000  7.408000  0.529000
     9.790000  7.673000  0.529000
     9.790000  7.938000  0.529000
     9.790000  8.202000  0.529000
     9.790000  8.467000  0.529000
     9.790000  8.731000  0.529000
     9.790000  8.996000  0.529000
     9.790000  9.261000  0.529000
     9.790000  9.525000  0.529000
     9.790000  9.790000  0.529000
     9.790000  10.054000  0.529000
     9.790000  10.319000  0.529000
     9.790000  10.584000  0.529000
     10.054000 -10.584000  0.529000
     10.054000 -10.319000  0.529000
     10.054000 -10.054000  0.529000
     10.054000 -9.790000  0.529000
     10.054000 -9.525000  0.529000
     10.054000 -9.261000  0.529000
     10.054000 -8.996000  0.529000
     10.054000 -8.731000  0.529000
     10.054000 -8.467000  0.529000
     10.054000 -8.202000  0.529000
     10.054000 -7.938000  0.529000
     10.054000 -7.673000  0.529000
     10.054000 -7.408000  0.529000
     10.054000 -7.144000  0.529000
     10.054000 -6.879000  0.529000
     10.054000 -6.615000  0.529000
     10.054000 -6.350000  0.529000
     10.054000 -6.086000  0.529000
     10.054000 -5.821000  0.529000
     10.054000 -5.556000  0.529000
     10.054000 -5.292000  0.529000
     10.054000 -5.027000  0.529000
     10.054000 -4.763000  0.529000
     10.054000 -4.498000  0.529000
     10.054000 -4.233000  0.529000
     10.054000 -3.969000  0.529000
     10.054000 -3.704000  0.529000
     10.054000 -3.440000  0.529000
     10.054000 -3.175000  0.529000
     10.054000 -2.910000  0.529000
     10.054000 -2.646000  0.529000
     10.054000 -2.381000  0.529000
     10.054000 -2.117000  0.529000
     10.054000 -1.852000  0.529000
     10.054000 -1.588000  0.529000
     10.054000 -1.323000  0.529000
     10.054000 -1.058000  0.529000
     10.054000 -0.794000  0.529000
     10.054000 -0.529000  0.529000
     10.054000 -0.265000  0.529000
     10.054000  0.000000  0.529000
     10.054000  0.265000  0.529000
     10.054000  0.529000  0.529000
     10.054000  0.794000  0.529000
     10.054000  1.058000  0.529000
     10.054000  1.323000  0.529000
     10.054000  1.588000  0.529000
     10.054000  1.852000  0.529000
     10.054000  2.117000  0.529000
     10.054000  2.381000  0.529000
     10.054000  2.646000  0.529000
     10.054000  2.910000  0.529000
     10.054000  3.175000  0.529000
     10.054000  3.440000  0.529000
     10.054000  3.704000  0.529000
     10.054000  3.969000  0.529000
     10.054000  4.233000  0.529000
     10.054000  4.498000  0.529000
     10.054000  4.763000  0.529000
     10.054000  5.027000  0.529000
     10.054000  5.292000  0.529000
     10.054000  5.556000  0.529000
     10.054000  5.821000  0.529000
     10.054000  6.086000  0.529000
     10.054000  6.350000  0.529000
     10.054000  6.615000  0.529000
     10.054000  6.879000  0.529000
     10.054000  7.144000  0.529000
     10.054000  7.408000  0.529000
     10.054000  7.673000  0.529000
     10.054000  7.938000  0.529000
     10.054000  8.202000  0.529000
     10.054000  8.467000  0.529000
     10.054000  8.731000  0.529000
     10.054000  8.996000  0.529000
     10.054000  9.261000  0.529000
     10.054000  9.525000  0.529000
     10.054000  9.790000  0.529000
     10.054000  10.054000  0.529000
     10.054000  10.319000  0.529000
     10.054000  10.584000  0.529000
     10.319000 -10.584000  0.529000
     10.319000 -10.319000  0.529000
     10.319000 -10.054000  0.529000
     10.319000 -9.790000  0.529000
     10.319000 -9.525000  0.529000
     10.319000 -9.261000  0.529000
     10.319000 -8.996000  0.529000
     10.319000 -8.731000  0.529000
     10.319000 -8.467000  0.529000
     10.319000 -8.202000  0.529000
     10.319000 -7.938000  0.529000
     10.319000 -7.673000  0.529000
     10.319000 -7.408000  0.529000
     10.319000 -7.144000  0.529000
     10.319000 -6.879000  0.529000
     10.319000 -6.615000  0.529000
     10.319000 -6.350000  0.529000
     10.319000 -6.086000  0.529000
     10.319000 -5.821000  0.529000
     10.319000 -5.556000  0.529000
     10.319000 -5.292000  0.529000
     10.319000 -5.027000  0.529000
     10.319000 -4.763000  0.529000
     10.319000 -4.498000  0.529000
     10.319000 -4.233000  0.529000
     10.319000 -3.969000  0.529000
     10.319000 -3.704000  0.529000
     10.319000 -3.440000  0.529000
     10.319000 -3.175000  0.529000
     10.319000 -2.910000  0.529000
     10.319000 -2.646000  0.529000
     10.319000 -2.381000  0.529000
     10.319000 -2.117000  0.529000
     10.319000 -1.852000  0.529000
     10.319000 -1.588000  0.529000
     10.319000 -1.323000  0.529000
     10.319000 -1.058000  0.529000
     10.319000 -0.794000  0.529000
     10.319000 -0.529000  0.529000
     10.319000 -0.265000  0.529000
     10.319000  0.000000  0.529000
     10.319000  0.265000  0.529000
     10.319000  0.529000  0.529000
     10.319000  0.794000  0.529000
     10.319000  1.058000  0.529000
     10.319000  1.323000  0.529000
     10.319000  1.588000  0.529000
     10.319000  1.852000  0.529000
     10.319000  2.117000  0.529000
     10.319000  2.381000  0.529000
     10.319000  2.646000  0.529000
     10.319000  2.910000  0.529000
     10.319000  3.175000  0.529000
     10.319000  3.440000  0.529000
     10.319000  3.704000  0.529000
     10.319000  3.969000  0.529000
     10.319000  4.233000  0.529000
     10.319000  4.498000  0.529000
     10.319000  4.763000  0.529000
     10.319000  5.027000  0.529000
     10.319000  5.292000  0.529000
     10.319000  5.556000  0.529000
     10.319000  5.821000  0.529000
     10.319000  6.086000  0.529000
     10.319000  6.350000  0.529000
     10.319000  6.615000  0.529000
     10.319000  6.879000  0.529000
     10.319000  7.144000  0.529000
     10.319000  7.408000  0.529000
     10.319000  7.673000  0.529000
     10.319000  7.938000  0.529000
     10.319000  8.202000  0.529000
     10.319000  8.467000  0.529000
     10.319000  8.731000  0.529000
     10.319000  8.996000  0.529000
     10.319000  9.261000  0.529000
     10.319000  9.525000  0.529000
     10.319000  9.790000  0.529000
     10.319000  10.054000  0.529000
     10.319000  10.319000  0.529000
     10.319000  10.584000  0.529000
     10.584000 -10.584000  0.529000
     10.584000 -10.319000  0.529000
     10.584000 -10.054000  0.529000
     10.584000 -9.790000  0.529000
     10.584000 -9.525000  0.529000
     10.584000 -9.261000  0.529000
     10.584000 -8.996000  0.529000
     10.584000 -8.731000  0.529000
     10.584000 -8.467000  0.529000
     10.584000 -8.202000  0.529000
     10.584000 -7.938000  0.529000
     10.584000 -7.673000  0.529000
     10.584000 -7.408000  0.529000
     10.584000 -7.144000  0.529000
     10.584000 -6.879000  0.529000
     10.584000 -6.615000  0.529000
     10.584000 -6.350000  0.529000
     10.584000 -6.086000  0.529000
     10.584000 -5.821000  0.529000
     10.584000 -5.556000  0.529000
     10.584000 -5.292000  0.529000
     10.584000 -5.027000  0.529000
     10.584000 -4.763000  0.529000
     10.584000 -4.498000  0.529000
     10.584000 -4.233000  0.529000
     10.584000 -3.969000  0.529000
     10.584000 -3.704000  0.529000
     10.584000 -3.440000  0.529000
     10.584000 -3.175000  0.529000
     10.584000 -2.910000  0.529000
     10.584000 -2.646000  0.529000
     10.584000 -2.381000  0.529000
     10.584000 -2.117000  0.529000
     10.584000 -1.852000  0.529000
     10.584000 -1.588000  0.529000
     10.584000 -1.323000  0.529000
     10.584000 -1.058000  0.529000
     10.584000 -0.794000  0.529000
     10.584000 -0.529000  0.529000
     10.584000 -0.265000  0.529000
     10.584000  0.000000  0.529000
     10.584000  0.265000  0.529000
     10.584000  0.529000  0.529000
     10.584000  0.794000  0.529000
     10.584000  1.058000  0.529000
     10.584000  1.323000  0.529000
     10.584000  1.588000  0.529000
     10.584000  1.852000  0.529000
     10.584000  2.117000  0.529000
     10.584000  2.381000  0.529000
     10.584000  2.646000  0.529000
     10.584000  2.910000  0.529000
     10.584000  3.175000  0.529000
     10.584000  3.440000  0.529000
     10.584000  3.704000  0.529000
     10.584000  3.969000  0.529000
     10.584000  4.233000  0.529000
     10.584000  4.498000  0.529000
     10.584000  4.763000  0.529000
     10.584000  5.027000  0.529000
     10.584000  5.292000  0.529000
     10.584000  5.556000  0.529000
     10.584000  5.821000  0.529000
     10.584000  6.086000  0.529000
     10.584000  6.350000  0.529000
     10.584000  6.615000  0.529000
     10.584000  6.879000  0.529000
     10.584000  7.144000  0.529000
     10.584000  7.408000  0.529000
     10.584000  7.673000  0.529000
     10.584000  7.938000  0.529000
     10.584000  8.202000  0.529000
     10.584000  8.467000  0.529000
     10.584000  8.731000  0.529000
     10.584000  8.996000  0.529000
     10.584000  9.261000  0.529000
     10.584000  9.525000  0.529000
     10.584000  9.790000  0.529000
     10.584000  10.054000  0.529000
     10.584000  10.319000  0.529000
     10.584000  10.584000  0.529000

POINT_DATA 6561
VECTORS point_vectors float
    -0.000137  0.000227  0.000026
    -0.000137  0.000227  0.000026
    -0.000137  0.000227  0.000026
    -0.000137  0.000227  0.000026
    -0.000137  0.000227  0.000026
    -0.000137  0.000227  0.000026
    -0.000137  0.000227  0.000026
    -0.000137  0.000227  0.000026
    -0.000137  0.000227  0.000026
    -0.000137  0.000227  0.000026
    -0.000137  0.000227  0.000026
    -0.000137  0.000227  0.000026
    -0.000137  0.000227  0.000026
    -0.000137  0.000227  0.000026
    -0.000137  0.000227  0.000026
    -0.000137  0.000227  0.000026
    -0.000137  0.000227  0.000026
    -0.000137  0.000227  0.000026
    -0.000137  0.000227  0.000026
    -0.000137  0.000227  0.000026
    -0.000137  0.000227  0.000026
    -0.000137  0.000227  0.000026
    -0.000137  0.000227  0.000026
    -0.000137  0.000227  0.000026
    -0.000137  0.000227  0.000026
    -0.000137  0.000227  0.000026
    -0.000137  0.000227  0.000026
    -0.000137  0.000227  0.000026
    -0.000137  0.000227  0.000026
    -0.000137  0.000227  0.000026
    -0.000137  0.000227  0.000026
    -0.000137  0.000227  0.000026
    -0.000137  0.000227  0.000026
    -0.000137  0.000227  0.000026
    -0.000137  0.000227  0.000026
    -0.000137  0.000227  0.000026
    -0.000137  0.000227  0.000026
    -0.000137  0.000227  0.000026
    -0.000137  0.000227  0.000026
    -0.000137  0.000227  0.000026
    -0.000137  0.000227  0.000026
    -0.000137  0.000227  0.000026
    -0.000137  0.000227  0.000026
    -0.000137  0.000227  0.000026
    -0.000137  0.000227  0.000026
    -0.000137  0.000227  0.000026
    -0.000137  0.000227  0.000026
    -0.000137  0.000227  0.000026
    -0.000137  0.000227  0.000026
    -0.000137  0.000227  0.000026
    -0.000137  0.000227  0.000026
    -0.000137  0.000227  0.000026
    -0.000137  0.000227  0.000026
    -0.000137  0.000227  0.000026
    -0.000137  0.000227  0.000026
    -0.000137  0.000227  0.000026
    -0.000137  0.000227  0.000026
    -0.000137  0.000227  0.000026
    -0.000137  0.000227  0.000026
    -0.000137  0.000227  0.000026
    -0.000137  0.000227  0.000026
    -0.000137  0.000227  0.000026
    -0.000137  0.000227  0.000026
    -0.000137  0.000227  0.000026
    -0.000137  0.000227  0.000026
    -0.000137  0.000227  0.000026
    -0.000137  0.000227  0.000026
    -0.000137  0.000227  0.000026
    -0.000137  0.000227  0.000026
    -0.000137  0.000227  0.000026
    -0.000137  0.000227  0.000026
    -0.000137  0.000227  0.000026
    -0.000137  0.000227  0.000026
    -0.000137  0.000227  0.000026
    -0.000137  0.000227  0.000026
    -0.000137  0.000227  0.000026
    -0.000137  0.000227  0.000026
    -0.000137  0.000227  0.000026
    -0.000137  0.000227  0.000026
    -0.000137  0.000227  0.000026
    -0.000137  0.000227  0.000026
    -0.000137  0.000227  0.000026
    -0.000137  0.000227  0.000026
    -0.000137  0.000227  0.000026
    -0.000137  0.000227  0.000026
    -0.000137  0.000227  0.000026
    -0.000137  0.000227  0.000026
    -0.000137  0.000227  0.000026
    -0.000137  0.000227  0.000026
    -0.000137  0.000227  0.000026
    -0.000137  0.000227  0.000026
    -0.000137  0.000227  0.000026
    -0.000137  0.000227  0.000026
    -0.000137  0.000227  0.000026
    -0.000137  0.000227  0.000026
    -0.000137  0.000227  0.000026
    -0.000137  0.000227  0.000026
    -0.000137  0.000227  0.000026
    -0.000137  0.000227  0.000026
    -0.000137  0.000227  0.000026
    -0.000137  0.000227  0.000026
    -0.000137  0.000227  0.000026
    -0.000137  0.000227  0.000026
    -0.000137  0.000227  0.000026
    -0.000137  0.000227  0.000026
    -0.000137  0.000227  0.000026
    -0.000137  0.000227  0.000026
    -0.000137  0.000227  0.000026
    -0.000137  0.000227  0.000026
    -0.000137  0.000227  0.000026
    -0.000137  0.000227  0.000026
    -0.000137  0.000227  0.000026
    -0.000137  0.000227  0.000026
    -0.000137  0.000227  0.000026
    -0.000156  0.000357  0.000026
    -0.000169  0.000445  0.000026
    -0.000174  0.000464  0.000026
    -0.000179  0.000481  0.000026
    -0.000182  0.000493  0.000026
    -0.000205  0.000578  0.000026
    -0.000208  0.000589  0.000026
    -0.000209  0.000591  0.000026
    -0.000207  0.000585  0.000026
    -0.000203  0.000571  0.000026
    -0.000181  0.000489  0.000026
    -0.000177  0.000475  0.000026
    -0.000172  0.000457  0.000026
    -0.000165  0.000424  0.000026
    -0.000151  0.000326  0.000026
    -0.000137  0.000227  0.000026
    -0.000137  0.000227  0.000026
    -0.000137  0.000227  0.000026
    -0.000137  0.000227  0.000026
    -0.000137  0.000227  0.000026
    -0.000137  0.000227  0.000026
    -0.000137  0.000227  0.000026
    -0.000137  0.000227  0.000026
    -0.000137  0.000227  0.000026
    -0.000137  0.000227  0.000026
    -0.000137  0.000227  0.000026
    -0.000137  0.000227  0.000026
    -0.000137  0.000227  0.000026
    -0.000137  0.000227  0.000026
    -0.000137  0.000227  0.000026
    -0.000137  0.000227  0.000026
    -0.000137  0.000227  0.000026
    -0.000137  0.000227  0.000026
    -0.000137  0.000227  0.000026
    -0.000137  0.000227  0.000026
    -0.000137  0.000227  0.000026
    -0.000137  0.000227  0.000026
    -0.000137  0.000227  0.000026
    -0.000137  0.000227  0.000026
    -0.000137  0.000227  0.000026
    -0.000137  0.000227  0.000026
    -0.000137  0.000227  0.000026
    -0.000137  0.000227  0.000026
    -0.000137  0.000227  0.000026
    -0.000137  0.000227  0.000026
    -0.000137  0.000227  0.000026
    -0.000137  0.000227  0.000026
    -0.000137  0.000227  0.000026
    -0.000137  0.000227  0.000026
    -0.000137  0.000227  0.000026
    -0.000137  0.000227  0.000026
    -0.000137  0.000227  0.000026
    -0.000137  0.000227  0.000026
    -0.000137  0.000227  0.000026
    -0.000137  0.000227  0.000026
    -0.000137  0.000227  0.000026
    -0.000137  0.000227  0.000026
    -0.000137  0.000227  0.000026
    -0.000137  0.000227  0.000026
    -0.000137  0.000227  0.000026
    -0.000137  0.000227  0.000026
    -0.000137  0.000227  0.000026
    -0.000137  0.000227  0.000026
    -0.000137  0.000227  0.000026
    -0.000137  0.000227  0.000026
    -0.000137  0.000227  0.000026
    -0.000137  0.000227  0.000026
    -0.000137  0.000227  0.000026
    -0.000137  0.000227  0.000026
    -0.000137  0.000227  0.000026
    -0.000137  0.000227  0.000026
    -0.000137  0.000227  0.000026
    -0.000137  0.000227  0.000026
    -0.000137  0.000227  0.000026
    -0.000137  0.000227  0.000026
    -0.000137  0.000227  0.000026
    -0.000137  0.000227  0.000026
    -0.000151  0.000322  0.000026
    -0.000172  0.000454  0.000026
    -0.000183  0.000496  0.000026
    -0.000193  0.000532  0.000026
    -0.000202  0.000562  0.000026
    -0.000231  0.000668  0.000026
    -0.000241  0.000705  0.000026
    -0.000249  0.000733  0.000026
    -0.000254  0.000749  0.000026
    -0.000256  0.000757  0.000026
    -0.000260  0.000769  0.000026
    -0.000260  0.000772  0.000026
    -0.000258  0.000763  0.000026
    -0.000253  0.000746  0.000026
    -0.000249  0.000732  0.000026
    -0.000243  0.000710  0.000026
    -0.000235  0.000679  0.000026
    -0.000224  0.000640  0.000026
    -0.000197  0.000542  0.000026
    -0.000188  0.000512  0.000026
    -0.000178  0.000477  0.000026
    -0.000167  0.000437  0.000026
    -0.000143  0.000267  0.000026
    -0.000137  0.000227  0.000026
    -0.000137  0.000227  0.000026
    -0.000137  0.000227  0.000026
    -0.000137  0.000227  0.000026
    -0.000137  0.000227  0.000026
    -0.000137  0.000227  0.000026
    -0.000137  0.000227  0.000026
    -0.000137  0.000227  0.000026
    -0.000137  0.000227  0.000026
    -0.000137  0.000227  0.000026
    -0.000137  0.000227  0.000026
    -0.000137  0.000227  0.000026
    -0.000137  0.000227  0.000026
    -0.000137  0.000227  0.000026
    -0.000137  0.000227  0.000026
    -0.000137  0.000227  0.000026
    -0.000137  0.000227  0.000026
    -0.000137  0.000227  0.000026
    -0.000137  0.000227  0.000026
    -0.000137  0.000227  0.000026
    -0.000137  0.000227  0.000026
    -0.000137  0.000227  0.000026
    -0.000137  0.000227  0.000026
    -0.000137  0.000227  0.000026
    -0.000137  0.000227  0.000026
    -0.000137  0.000227  0.000026
    -0.000137  0.000227  0.000026
    -0.000137  0.000227  0.000026
    -0.000137  0.000227  0.000026
    -0.000137  0.000227  0.000026
    -0.000137  0.000227  0.000026
    -0.000137  0.000227  0.000026
    -0.000137  0.000227  0.000026
    -0.000137  0.000227  0.000026
    -0.000137  0.000227  0.000026
    -0.000137  0.000227  0.000026
    -0.000137  0.000227  0.000026
    -0.000137  0.000227  0.000026
    -0.000137  0.000227  0.000026
    -0.000137  0.000227  0.000026
    -0.000137  0.000227  0.000026
    -0.000137  0.000227  0.000026
    -0.000137  0.000227  0.000026
    -0.000137  0.000227  0.000026
    -0.000137  0.000227  0.000026
    -0.000137  0.000227  0.000026
    -0.000137  0.000227  0.000026
    -0.000137  0.000227  0.000026
    -0.000137  0.000227  0.000026
    -0.000137  0.000227  0.000026
    -0.000137  0.000227  0.000026
    -0.000137  0.000227  0.000026
    -0.000137  0.000227  0.000026
    -0.000137  0.000227  0.000026
    -0.000137  0.000227  0.000026
    -0.000168  0.000438  0.000026
    -0.000171  0.000451  0.000026
    -0.000183  0.000494  0.000026
    -0.000196  0.000538  0.000026
    -0.000208  0.000579  0.000026
    -0.000238  0.000687  0.000026
    -0.000250  0.000731  0.000026
    -0.000261  0.000771  0.000026
    -0.000270  0.000802  0.000026
    -0.000276  0.000824  0.000026
    -0.000286  0.000857  0.000026
    -0.000293  0.000879  0.000026
    -0.000296  0.000891  0.000026
    -0.000300  0.000932  0.000026
    -0.000305  0.001017  0.000026
    -0.000297  0.000910  0.000026
    -0.000291  0.000872  0.000026
    -0.000285  0.000852  0.000026
    -0.000277  0.000823  0.000026
    -0.000266  0.000785  0.000026
    -0.000259  0.000757  0.000026
    -0.000249  0.000723  0.000026
    -0.000238  0.000683  0.000026
    -0.000225  0.000639  0.000026
    -0.000199  0.000544  0.000026
    -0.000187  0.000505  0.000026
    -0.000176  0.000465  0.000026
    -0.000163  0.000406  0.000026
    -0.000152  0.000335  0.000026
    -0.000137  0.000227  0.000026
    -0.000137  0.000227  0.000026
    -0.000137  0.000227  0.000026
    -0.000137  0.000227  0.000026
    -0.000137  0.000227  0.000026
    -0.000137  0.000227  0.000026
    -0.000137  0.000227  0.000026
    -0.000137  0.000227  0.000026
    -0.000137  0.000227  0.000026
    -0.000137  0.000227  0.000026
    -0.000137  0.000227  0.000026
    -0.000137  0.000227  0.000026
    -0.000137  0.000227  0.000026
    -0.000137  0.000227  0.000026
    -0.000137  0.000227  0.000026
    -0.000137  0.000227  0.000026
    -0.000137  0.000227  0.000026
    -0.000137  0.000227  0.000026
    -0.000137  0.000227  0.000026
    -0.000137  0.000227  0.000026
    -0.000137  0.000227  0.000026
    -0.000137  0.000227  0.000026
    -0.000137  0.000227  0.000026
    -0.000137  0.000227  0.000026
    -0.000137  0.000227  0.000026
    -0.000137  0.000227  0.000026
    -0.000137  0.000227  0.000026
    -0.000137  0.000227  0.000026
    -0.000137  0.000227  0.000026
    -0.000137  0.000227  0.000026
    -0.000137  0.000227  0.000026
    -0.000137  0.000227  0.000026
    -0.000137  0.000227  0.000026
    -0.000137  0.000227  0.000026
    -0.000137  0.000227  0.000026
    -0.000137  0.000227  0.000026
    -0.000137  0.000227  0.000026
    -0.000137  0.000227  0.000026
    -0.000137  0.000227  0.000026
    -0.000137  0.000227  0.000026
    -0.000137  0.000227  0.000026
    -0.000137  0.000227  0.000026
    -0.000137  0.000227  0.000026
    -0.000137  0.000227  0.000026
    -0.000137  0.000227  0.000026
    -0.000137  0.000227  0.000026
    -0.000137  0.000227  0.000026
    -0.000137  0.000227  0.000026
    -0.000137  0.000227  0.000026
    -0.000137  0.000227  0.000026
    -0.000170  0.000444  0.000026
    -0.000184  0.000494  0.000026
    -0.000187  0.000505  0.000026
    -0.000200  0.000548  0.000026
    -0.000209  0.000581  0.000026
    -0.000237  0.000681  0.000026
    -0.000251  0.000729  0.000026
    -0.000264  0.000773  0.000026
    -0.000274  0.000807  0.000026
    -0.000281  0.000833  0.000026
    -0.000290  0.000864  0.000026
    -0.000296  0.000884  0.000026
    -0.000302  0.000924  0.000026
    -0.000308  0.001030  0.000026
    -0.000310  0.001066  0.000026
    -0.000310  0.001080  0.000026
    -0.000308  0.001074  0.000026
    -0.000306  0.001055  0.000026
    -0.000302  0.001016  0.000026
    -0.000297  0.000957  0.000026
    -0.000289  0.000853  0.000026
    -0.000282  0.000831  0.000026
    -0.000275  0.000805  0.000026
    -0.000265  0.000771  0.000026
    -0.000256  0.000741  0.000026
    -0.000246  0.000705  0.000026
    -0.000234  0.000663  0.000026
    -0.000221  0.000618  0.000026
    -0.000197  0.000534  0.000026
    -0.000188  0.000504  0.000026
    -0.000177  0.000465  0.000026
    -0.000173  0.000449  0.000026
    -0.000154  0.000344  0.000026
    -0.000137  0.000227  0.000026
    -0.000137  0.000227  0.000026
    -0.000137  0.000227  0.000026
    -0.000137  0.000227  0.000026
    -0.000137  0.000227  0.000026
    -0.000137  0.000227  0.000026
    -0.000137  0.000227  0.000026
    -0.000137  0.000227  0.000026
    -0.000137  0.000227  0.000026
    -0.000137  0.000227  0.000026
    -0.000137  0.000227  0.000026
    -0.000137  0.000227  0.000026
    -0.000137  0.000227  0.000026
    -0.000137  0.000227  0.000026
    -0.000137  0.000227  0.000026
    -0.000137  0.000227  0.000026
    -0.000137  0.000227  0.000026
    -0.000137  0.000227  0.000026
    -0.000137  0.000227  0.000026
    -0.000137  0.000227  0.000026
    -0.000137  0.000227  0.000026
    -0.000137  0.000227  0.000026
    -0.000137  0.000227  0.000026
    -0.000137  0.000227  0.000026
    -0.000137  0.000227  0.000026
    -0.000137  0.000227  0.000026
    -0.000137  0.000227  0.000026
    -0.000137  0.000227  0.000026
    -0.000137  0.000227  0.000026
    -0.000137  0.000227  0.000026
    -0.000137  0.000227  0.000026
    -0.000137  0.000227  0.000026
    -0.000137  0.000227  0.000026
    -0.000137  0.000227  0.000026
    -0.000137  0.000227  0.000026
    -0.000137  0.000227  0.000026
    -0.000137  0.000227  0.000026
    -0.000137  0.000227  0.000026
    -0.000137  0.000227  0.000026
    -0.000137  0.000227  0.000026
    -0.000137  0.000227  0.000026
    -0.000137  0.000227  0.000026
    -0.000137  0.000227  0.000026
    -0.000137  0.000227  0.000026
    -0.000137  0.000227  0.000026
    -0.000137  0.000227  0.000026
    -0.000166  0.000427  0.000026
    -0.000182  0.000483  0.000026
    -0.000195  0.000528  0.000026
    -0.000197  0.000535  0.000026
    -0.000204  0.000561  0.000026
    -0.000212  0.000586  0.000026
    -0.000244  0.000700  0.000026
    -0.000258  0.000745  0.000026
    -0.000269  0.000783  0.000026
    -0.000274  0.000803  0.000026
    -0.000283  0.000832  0.000026
    -0.000289  0.000851  0.000026
    -0.000293  0.000863  0.000026
    -0.000292  0.000859  0.000026
    -0.000291  0.000853  0.000026
    -0.000289  0.000847  0.000026
    -0.000287  0.000840  0.000026
    -0.000285  0.000832  0.000026
    -0.000284  0.000826  0.000026
    -0.000282  0.000821  0.000026
    -0.000281  0.000816  0.000026
    -0.000280  0.000812  0.000026
    -0.000278  0.000806  0.000026
    -0.000277  0.000801  0.000026
    -0.000275  0.000794  0.000026
    -0.000269  0.000775  0.000026
    -0.000262  0.000752  0.000026
    -0.000253  0.000722  0.000026
    -0.000246  0.000698  0.000026
    -0.000236  0.000662  0.000026
    -0.000224  0.000621  0.000026
    -0.000197  0.000529  0.000026
    -0.000190  0.000506  0.000026
    -0.000183  0.000482  0.000026
    -0.000180  0.000469  0.000026
    -0.000168  0.000430  0.000026
    -0.000142  0.000263  0.000026
    -0.000137  0.000227  0.000026
    -0.000137  0.000227  0.000026
    -0.000137  0.000227  0.000026
    -0.000137  0.000227  0.000026
    -0.000137  0.000227  0.000026
    -0.000137  0.000227  0.000026
    -0.000137  0.000227  0.000026
    -0.000137  0.000227  0.000026
    -0.000137  0.000227  0.000026
    -0.000137  0.000227  0.000026
    -0.000137  0.000227  0.000026
    -0.000137  0.000227  0.000026
    -0.000137  0.000227  0.000026
    -0.000137  0.000227  0.000026
    -0.000137  0.000227  0.000026
    -0.000137  0.000227  0.000026
    -0.000137  0.000227  0.000026
    -0.000137  0.000227  0.000026
    -0.000137  0.000227  0.000026
    -0.000137  0.000227  0.000026
    -0.000137  0.000227  0.000026
    -0.000137  0.000227  0.000026
    -0.000137  0.000227  0.000026
    -0.000137  0.000227  0.000026
    -0.000137  0.000227  0.000026
    -0.000137  0.000227  0.000026
    -0.000137  0.000227  0.000026
    -0.000137  0.000227  0.000026
    -0.000137  0.000227  0.000026
    -0.000137  0.000227  0.000026
    -0.000137  0.000227  0.000026
    -0.000137  0.000227  0.000026
    -0.000137  0.000227  0.000026
    -0.000137  0.000227  0.000026
    -0.000137  0.000227  0.000026
    -0.000137  0.000227  0.000026
    -0.000137  0.000227  0.000026
    -0.000137  0.000227  0.000026
    -0.000137  0.000227  0.000026
    -0.000137  0.000227  0.000026
    -0.000137  0.000227  0.000026
    -0.000137  0.000227  0.000026
    -0.000137  0.000227  0.000026
    -0.000174  0.000453  0.000026
    -0.000189  0.000504  0.000026
    -0.000201  0.000544  0.000026
    -0.000188  0.000498  0.000026
    -0.000193  0.000513  0.000026
    -0.000220  0.000608  0.000026
    -0.000233  0.000651  0.000026
    -0.000267  0.000773  0.000026
    -0.000279  0.000813  0.000026
    -0.000287  0.000841  0.000026
    -0.000296  0.000870  0.000026
    -0.000298  0.000875  0.000026
    -0.000295  0.000865  0.000026
    -0.000291  0.000850  0.000026
    -0.000287  0.000835  0.000026
    -0.000283  0.000820  0.000026
    -0.000278  0.000802  0.000026
    -0.000282  0.000816  0.000026
    -0.000312  0.001130  0.000026
    -0.000312  0.001136  0.000026
    -0.000309  0.001105  0.000026
    -0.000277  0.000800  0.000026
    -0.000269  0.000768  0.000026
    -0.000271  0.000773  0.000026
    -0.000272  0.000776  0.000026
    -0.000273  0.000779  0.000026
    -0.000274  0.000783  0.000026
    -0.000273  0.000782  0.000026
    -0.000270  0.000770  0.000026
    -0.000261  0.000739  0.000026
    -0.000252  0.000709  0.000026
    -0.000240  0.000669  0.000026
    -0.000209  0.000559  0.000026
    -0.000198  0.000523  0.000026
    -0.000177  0.000452  0.000026
    -0.000173  0.000439  0.000026
    -0.000182  0.000472  0.000026
    -0.000172  0.000438  0.000026
    -0.000155  0.000355  0.000026
    -0.000137  0.000227  0.000026
    -0.000137  0.000227  0.000026
    -0.000137  0.000227  0.000026
    -0.000137  0.000227  0.000026
    -0.000137  0.000227  0.000026
    -0.000137  0.000227  0.000026
    -0.000137  0.000227  0.000026
    -0.000137  0.000227  0.000026
    -0.000137  0.000227  0.000026
    -0.000137  0.000227  0.000026
    -0.000137  0.000227  0.000026
    -0.000137  0.000227  0.000026
    -0.000137  0.000227  0.000026
    -0.000137  0.000227  0.000026
    -0.000137  0.000227  0.000026
    -0.000137  0.000227  0.000026
    -0.000137  0.000227  0.000026
    -0.000137  0.000227  0.000026
    -0.000137  0.000227  0.000026
    -0.000137  0.000227  0.000026
    -0.000137  0.000227  0.000026
    -0.000137  0.000227  0.000026
    -0.000137  0.000227  0.000026
    -0.000137  0.000227  0.000026
    -0.000137  0.000227  0.000026
    -0.000137  0.000227  0.000026
    -0.000137  0.000227  0.000026
    -0.000137  0.000227  0.000026
    -0.000137  0.000227  0.000026
    -0.000137  0.000227  0.000026
    -0.000137  0.000227  0.000026
    -0.000137  0.000227  0.000026
    -0.000137  0.000227  0.000026
    -0.000137  0.000227  0.000026
    -0.000137  0.000227  0.000026
    -0.000137  0.000227  0.000026
    -0.000137  0.000227  0.000026
    -0.000137  0.000227  0.000026
    -0.000137  0.000227  0.000026
    -0.000137  0.000227  0.000026
    -0.000155  0.000354  0.000026
    -0.000179  0.000465  0.000026
    -0.000182  0.000473  0.000026
    -0.000188  0.000493  0.000026
    -0.000187  0.000491  0.000026
    -0.000197  0.000523  0.000026
    -0.000251  0.000714  0.000026
    -0.000269  0.000778  0.000026
    -0.000286  0.000834  0.000026
    -0.000293  0.000859  0.000026
    -0.000299  0.000879  0.000026
    -0.000301  0.000885  0.000026
    -0.000295  0.000861  0.000026
    -0.000285  0.000827  0.000026
    -0.000276  0.000796  0.000026
    -0.000264  0.000754  0.000026
    -0.000273  0.000790  0.000026
    -0.000267  0.000769  0.000026
    -0.000261  0.000748  0.000026
    -0.000258  0.000737  0.000026
    -0.000246  0.000693  0.000026
    -0.000243  0.000679  0.000026
    -0.000243  0.000680  0.000026
    -0.000251  0.000709  0.000026
    -0.000252  0.000713  0.000026
    -0.000257  0.000729  0.000026
    -0.000260  0.000738  0.000026
    -0.000250  0.000700  0.000026
    -0.000258  0.000728  0.000026
    -0.000264  0.000746  0.000026
    -0.000270  0.000765  0.000026
    -0.000274  0.000778  0.000026
    -0.000270  0.000766  0.000026
    -0.000263  0.000743  0.000026
    -0.000255  0.000714  0.000026
    -0.000240  0.000665  0.000026
    -0.000224  0.000611  0.000026
    -0.000179  0.000454  0.000026
    -0.000170  0.000426  0.000026
    -0.000168  0.000417  0.000026
    -0.000163  0.000399  0.000026
    -0.000160  0.000391  0.000026
    -0.000137  0.000227  0.000026
    -0.000137  0.000227  0.000026
    -0.000137  0.000227  0.000026
    -0.000137  0.000227  0.000026
    -0.000137  0.000227  0.000026
    -0.000137  0.000227  0.000026
    -0.000137  0.000227  0.000026
    -0.000137  0.000227  0.000026
    -0.000137  0.000227  0.000026
    -0.000137  0.000227  0.000026
    -0.000137  0.000227  0.000026
    -0.000137  0.000227  0.000026
    -0.000137  0.000227  0.000026
    -0.000137  0.000227  0.000026
    -0.000137  0.000227  0.000026
    -0.000137  0.000227  0.000026
    -0.000137  0.000227  0.000026
    -0.000137  0.000227  0.000026
    -0.000137  0.000227  0.000026
    -0.000137  0.000227  0.000026
    -0.000137  0.000227  0.000026
    -0.000137  0.000227  0.000026
    -0.000137  0.000227  0.000026
    -0.000137  0.000227  0.000026
    -0.000137  0.000227  0.000026
    -0.000137  0.000227  0.000026
    -0.000137  0.000227  0.000026
    -0.000137  0.000227  0.000026
    -0.000137  0.000227  0.000026
    -0.000137  0.000227  0.000026
    -0.000137  0.000227  0.000026
    -0.000137  0.000227  0.000026
    -0.000137  0.000227  0.000026
    -0.000137  0.000227  0.000026
    -0.000137  0.000227  0.000026
    -0.000137  0.000227  0.000026
    -0.000137  0.000227  0.000026
    -0.000137  0.000227  0.000026
    -0.000139  0.000241  0.000026
    -0.000168  0.000422  0.000026
    -0.000185  0.000479  0.000026
    -0.000195  0.000514  0.000026
    -0.000213  0.000580  0.000026
    -0.000243  0.000683  0.000026
    -0.000263  0.000754  0.000026
    -0.000282  0.000817  0.000026
    -0.000295  0.000861  0.000026
    -0.000295  0.000861  0.000026
    -0.000293  0.000852  0.000026
    -0.000286  0.000827  0.000026
    -0.000274  0.000788  0.000026
    -0.000260  0.000741  0.000026
    -0.000245  0.000691  0.000026
    -0.000253  0.000720  0.000026
    -0.000243  0.000688  0.000026
    -0.000236  0.000667  0.000026
    -0.000229  0.000644  0.000026
    -0.000210  0.000576  0.000026
    -0.000200  0.000541  0.000026
    -0.000197  0.000531  0.000026
    -0.000198  0.000535  0.000026
    -0.000197  0.000530  0.000026
    -0.000198  0.000535  0.000026
    -0.000206  0.000559  0.000026
    -0.000221  0.000609  0.000026
    -0.000225  0.000624  0.000026
    -0.000230  0.000637  0.000026
    -0.000236  0.000658  0.000026
    -0.000229  0.000628  0.000026
    -0.000240  0.000662  0.000026
    -0.000250  0.000693  0.000026
    -0.000257  0.000717  0.000026
    -0.000262  0.000731  0.000026
    -0.000280  0.000740  0.000026
    -0.000336  0.000750  0.000026
    -0.000304  0.000703  0.000026
    -0.000232  0.000631  0.000026
    -0.000214  0.000574  0.000026
    -0.000191  0.000496  0.000026
    -0.000173  0.000430  0.000026
    -0.000163  0.000395  0.000026
    -0.000137  0.000227  0.000026
    -0.000137  0.000227  0.000026
    -0.000137  0.000227  0.000026
    -0.000137  0.000227  0.000026
    -0.000137  0.000227  0.000026
    -0.000137  0.000227  0.000026
    -0.000137  0.000227  0.000026
    -0.000137  0.000227  0.000026
    -0.000137  0.000227  0.000026
    -0.000137  0.000227  0.000026
    -0.000137  0.000227  0.000026
    -0.000137  0.000227  0.000026
    -0.000137  0.000227  0.000026
    -0.000137  0.000227  0.000026
    -0.000137  0.000227  0.000026
    -0.000137  0.000227  0.000026
    -0.000137  0.000227  0.000026
    -0.000137  0.000227  0.000026
    -0.000137  0.000227  0.000026
    -0.000137  0.000227  0.000026
    -0.000137  0.000227  0.000026
    -0.000137  0.000227  0.000026
    -0.000137  0.000227  0.000026
    -0.000137  0.000227  0.000026
    -0.000137  0.000227  0.000026
    -0.000137  0.000227  0.000026
    -0.000137  0.000227  0.000026
    -0.000137  0.000227  0.000026
    -0.000137  0.000227  0.000026
    -0.000137  0.000227  0.000026
    -0.000137  0.000227  0.000026
    -0.000137  0.000227  0.000026
    -0.000137  0.000227  0.000026
    -0.000137  0.000227  0.000026
    -0.000137  0.000227  0.000026
    -0.000137  0.000227  0.000026
    -0.000137  0.000227  0.000026
    -0.000137  0.000227  0.000026
    -0.000173  0.000435  0.000026
    -0.000190  0.000495  0.000026
    -0.000217  0.000587  0.000026
    -0.000222  0.000610  0.000026
    -0.000253  0.000713  0.000026
    -0.000273  0.000781  0.000026
    -0.000288  0.000832  0.000026
    -0.000292  0.000845  0.000026
    -0.000283  0.000815  0.000026
    -0.000276  0.000791  0.000026
    -0.000265  0.000754  0.000026
    -0.000252  0.000711  0.000026
    -0.000235  0.000656  0.000026
    -0.000238  0.000672  0.000026
    -0.000230  0.000644  0.000026
    -0.000222  0.000619  0.000026
    -0.000213  0.000591  0.000026
    -0.000190  0.000514  0.000026
    -0.000173  0.000458  0.000026
    -0.000165  0.000420  0.000026
    -0.000155  0.000353  0.000026
    -0.000143  0.000270  0.000026
    -0.000137  0.000227  0.000026
    -0.000142  0.000263  0.000026
    -0.000152  0.000336  0.000026
    -0.000163  0.000410  0.000026
    -0.000171  0.000451  0.000026
    -0.000185  0.000493  0.000026
    -0.000202  0.000550  0.000026
    -0.000209  0.000568  0.000026
    -0.000214  0.000583  0.000026
    -0.000220  0.000599  0.000026
    -0.000216  0.000582  0.000026
    -0.000228  0.000618  0.000026
    -0.000237  0.000644  0.000026
    -0.000245  0.000669  0.000026
    -0.000294  0.000698  0.000026
    -0.000405  0.000749  0.000026
    -0.000419  0.000740  0.000026
    -0.000349  0.000678  0.000026
    -0.000242  0.000593  0.000026
    -0.000197  0.000510  0.000026
    -0.000189  0.000479  0.000026
    -0.000167  0.000404  0.000026
    -0.000143  0.000269  0.000026
    -0.000137  0.000227  0.000026
    -0.000137  0.000227  0.000026
    -0.000137  0.000227  0.000026
    -0.000137  0.000227  0.000026
    -0.000137  0.000227  0.000026
    -0.000137  0.000227  0.000026
    -0.000137  0.000227  0.000026
    -0.000137  0.000227  0.000026
    -0.000137  0.000227  0.000026
    -0.000137  0.000227  0.000026
    -0.000137  0.000227  0.000026
    -0.000137  0.000227  0.000026
    -0.000137  0.000227  0.000026
    -0.000137  0.000227  0.000026
    -0.000137  0.000227  0.000026
    -0.000137  0.000227  0.000026
    -0.000137  0.000227  0.000026
    -0.000137  0.000227  0.000026
    -0.000137  0.000227  0.000026
    -0.000137  0.000227  0.000026
    -0.000137  0.000227  0.000026
    -0.000137  0.000227  0.000026
    -0.000137  0.000227  0.000026
    -0.000137  0.000227  0.000026
    -0.000137  0.000227  0.000026
    -0.000137  0.000227  0.000026
    -0.000137  0.000227  0.000026
    -0.000137  0.000227  0.000026
    -0.000137  0.000227  0.000026
    -0.000137  0.000227  0.000026
    -0.000137  0.000227  0.000026
    -0.000137  0.000227  0.000026
    -0.000137  0.000227  0.000026
    -0.000137  0.000227  0.000026
    -0.000138  0.000233  0.000026
    -0.000175  0.000442  0.000026
    -0.000192  0.000497  0.000026
    -0.000224  0.000607  0.000026
    -0.000231  0.000635  0.000026
    -0.000247  0.000732  0.000026
    -0.000212  0.000819  0.000026
    -0.000207  0.000860  0.000026
    -0.000271  0.000822  0.000026
    -0.000274  0.000781  0.000026
    -0.000265  0.000751  0.000026
    -0.000255  0.000719  0.000026
    -0.000239  0.000668  0.000026
    -0.000243  0.000685  0.000026
    -0.000230  0.000643  0.000026
    -0.000216  0.000599  0.000026
    -0.000201  0.000552  0.000026
    -0.000175  0.000468  0.000026
    -0.000137  0.000227  0.000026
    -0.000137  0.000227  0.000026
    -0.000137  0.000227  0.000026
    -0.000137  0.000227  0.000026
    -0.000137  0.000227  0.000026
    -0.000137  0.000227  0.000026
    -0.000137  0.000227  0.000026
    -0.000137  0.000227  0.000026
    -0.000137  0.000227  0.000026
    -0.000137  0.000227  0.000026
    -0.000137  0.000227  0.000026
    -0.000137  0.000227  0.000026
    -0.000137  0.000227  0.000026
    -0.000169  0.000445  0.000026
    -0.000189  0.000508  0.000026
    -0.000201  0.000543  0.000026
    -0.000211  0.000572  0.000026
    -0.000220  0.000597  0.000026
    -0.000216  0.000578  0.000026
    -0.000227  0.000609  0.000026
    -0.000233  0.000628  0.000026
    -0.000304  0.000668  0.000026
    -0.000437  0.000724  0.000026
    -0.000400  0.000709  0.000026
    -0.000363  0.000673  0.000026
    -0.000327  0.000620  0.000026
    -0.000201  0.000517  0.000026
    -0.000217  0.000490  0.000026
    -0.000166  0.000396  0.000026
    -0.000148  0.000304  0.000026
    -0.000137  0.000227  0.000026
    -0.000137  0.000227  0.000026
    -0.000137  0.000227  0.000026
    -0.000137  0.000227  0.000026
    -0.000137  0.000227  0.000026
    -0.000137  0.000227  0.000026
    -0.000137  0.000227  0.000026
    -0.000137  0.000227  0.000026
    -0.000137  0.000227  0.000026
    -0.000137  0.000227  0.000026
    -0.000137  0.000227  0.000026
    -0.000137  0.000227  0.000026
    -0.000137  0.000227  0.000026
    -0.000137  0.000227  0.000026
    -0.000137  0.000227  0.000026
    -0.000137  0.000227  0.000026
    -0.000137  0.000227  0.000026
    -0.000137  0.000227  0.000026
    -0.000137  0.000227  0.000026
    -0.000137  0.000227  0.000026
    -0.000137  0.000227  0.000026
    -0.000137  0.000227  0.000026
    -0.000137  0.000227  0.000026
    -0.000137  0.000227  0.000026
    -0.000137  0.000227  0.000026
    -0.000137  0.000227  0.000026
    -0.000137  0.000227  0.000026
    -0.000137  0.000227  0.000026
    -0.000137  0.000227  0.000026
    -0.000137  0.000227  0.000026
    -0.000137  0.000227  0.000026
    -0.000137  0.000227  0.000026
    -0.000138  0.000237  0.000026
    -0.000175  0.000438  0.000026
    -0.000276  0.000533  0.000026
    -0.000244  0.000620  0.000026
    -0.000204  0.000689  0.000026
    -0.000170  0.000772  0.000026
    -0.000140  0.000856  0.000026
    -0.000116  0.000907  0.000026
    -0.000211  0.000825  0.000026
    -0.000265  0.000746  0.000026
    -0.000254  0.000711  0.000026
    -0.000242  0.000670  0.000026
    -0.000226  0.000618  0.000026
    -0.000222  0.000614  0.000026
    -0.000195  0.000526  0.000026
    -0.000179  0.000482  0.000026
    -0.000170  0.000454  0.000026
    -0.000137  0.000227  0.000026
    -0.000137  0.000227  0.000026
    -0.000137  0.000227  0.000026
    -0.000137  0.000227  0.000026
    -0.000137  0.000227  0.000026
    -0.000137  0.000227  0.000026
    -0.000137  0.000227  0.000026
    -0.000137  0.000227  0.000026
    -0.000137  0.000227  0.000026
    -0.000137  0.000227  0.000026
    -0.000137  0.000227  0.000026
    -0.000137  0.000227  0.000026
    -0.000137  0.000227  0.000026
    -0.000137  0.000227  0.000026
    -0.000137  0.000227  0.000026
    -0.000137  0.000227  0.000026
    -0.000137  0.000227  0.000026
    -0.000149  0.000313  0.000026
    -0.000168  0.000436  0.000026
    -0.000179  0.000465  0.000026
    -0.000201  0.000531  0.000026
    -0.000203  0.000530  0.000026
    -0.000213  0.000561  0.000026
    -0.000222  0.000587  0.000026
    -0.000310  0.000636  0.000026
    -0.000393  0.000681  0.000026
    -0.000357  0.000681  0.000026
    -0.000314  0.000642  0.000026
    -0.000276  0.000589  0.000026
    -0.000228  0.000530  0.000026
    -0.000171  0.000476  0.000026
    -0.000128  0.000417  0.000026
    -0.000144  0.000280  0.000026
    -0.000137  0.000227  0.000026
    -0.000137  0.000227  0.000026
    -0.000137  0.000227  0.000026
    -0.000137  0.000227  0.000026
    -0.000137  0.000227  0.000026
    -0.000137  0.000227  0.000026
    -0.000137  0.000227  0.000026
    -0.000137  0.000227  0.000026
    -0.000137  0.000227  0.000026
    -0.000137  0.000227  0.000026
    -0.000137  0.000227  0.000026
    -0.000137  0.000227  0.000026
    -0.000137  0.000227  0.000026
    -0.000137  0.000227  0.000026
    -0.000137  0.000227  0.000026
    -0.000137  0.000227  0.000026
    -0.000137  0.000227  0.000026
    -0.000137  0.000227  0.000026
    -0.000137  0.000227  0.000026
    -0.000137  0.000227  0.000026
    -0.000137  0.000227  0.000026
    -0.000137  0.000227  0.000026
    -0.000137  0.000227  0.000026
    -0.000137  0.000227  0.000026
    -0.000137  0.000227  0.000026
    -0.000137  0.000227  0.000026
    -0.000137  0.000227  0.000026
    -0.000137  0.000227  0.000026
    -0.000137  0.000227  0.000026
    -0.000137  0.000227  0.000026
    -0.000137  0.000227  0.000026
    -0.000177  0.000425  0.000026
    -0.000304  0.000529  0.000026
    -0.000277  0.000615  0.000026
    -0.000240  0.000681  0.000026
    -0.000175  0.000713  0.000026
    -0.000168  0.000840  0.000026
    -0.000142  0.000873  0.000026
    -0.000143  0.000825  0.000026
    -0.000252  0.000695  0.000026
    -0.000237  0.000650  0.000026
    -0.000225  0.000611  0.000026
    -0.000203  0.000541  0.000026
    -0.000193  0.000516  0.000026
    -0.000177  0.000474  0.000026
    -0.000168  0.000441  0.000026
    -0.000140  0.000251  0.000026
    -0.000137  0.000227  0.000026
    -0.000137  0.000227  0.000026
    -0.000137  0.000227  0.000026
    -0.000137  0.000227  0.000026
    -0.000137  0.000227  0.000026
    -0.000137  0.000227  0.000026
    -0.000137  0.000227  0.000026
    -0.000137  0.000227  0.000026
    -0.000137  0.000227  0.000026
    -0.000137  0.000227  0.000026
    -0.000137  0.000227  0.000026
    -0.000137  0.000227  0.000026
    -0.000137  0.000227  0.000026
    -0.000137  0.000227  0.000026
    -0.000137  0.000227  0.000026
    -0.000137  0.000227  0.000026
    -0.000137  0.000227  0.000026
    -0.000137  0.000227  0.000026
    -0.000137  0.000227  0.000026
    -0.000137  0.000227  0.000026
    -0.000144  0.000278  0.000026
    -0.000160  0.000385  0.000026
    -0.000174  0.000445  0.000026
    -0.000183  0.000461  0.000026
    -0.000198  0.000505  0.000026
    -0.000206  0.000531  0.000026
    -0.000296  0.000584  0.000026
    -0.000335  0.000628  0.000026
    -0.000300  0.000634  0.000026
    -0.000265  0.000607  0.000026
    -0.000269  0.000549  0.000026
    -0.000168  0.000498  0.000026
    -0.000116  0.000449  0.000026
    -0.000081  0.000395  0.000026
    -0.000138  0.000235  0.000026
    -0.000137  0.000227  0.000026
    -0.000137  0.000227  0.000026
    -0.000137  0.000227  0.000026
    -0.000137  0.000227  0.000026
    -0.000137  0.000227  0.000026
    -0.000137  0.000227  0.000026
    -0.000137  0.000227  0.000026
    -0.000137  0.000227  0.000026
    -0.000137  0.000227  0.000026
    -0.000137  0.000227  0.000026
    -0.000137  0.000227  0.000026
    -0.000137  0.000227  0.000026
    -0.000137  0.000227  0.000026
    -0.000137  0.000227  0.000026
    -0.000137  0.000227  0.000026
    -0.000137  0.000227  0.000026
    -0.000137  0.000227  0.000026
    -0.000137  0.000227  0.000026
    -0.000137  0.000227  0.000026
    -0.000137  0.000227  0.000026
    -0.000137  0.000227  0.000026
    -0.000137  0.000227  0.000026
    -0.000137  0.000227  0.000026
    -0.000137  0.000227  0.000026
    -0.000137  0.000227  0.000026
    -0.000137  0.000227  0.000026
    -0.000137  0.000227  0.000026
    -0.000137  0.000227  0.000026
    -0.000137  0.000227  0.000026
    -0.000194  0.000398  0.000026
    -0.000334  0.000508  0.000026
    -0.000314  0.000596  0.000026
    -0.000277  0.000673  0.000026
    -0.000228  0.000724  0.000026
    -0.000202  0.000805  0.000026
    -0.000180  0.000820  0.000026
    -0.000161  0.000769  0.000026
    -0.000228  0.000657  0.000026
    -0.000220  0.000591  0.000026
    -0.000203  0.000531  0.000026
    -0.000200  0.000533  0.000026
    -0.000180  0.000478  0.000026
    -0.000170  0.000457  0.000026
    -0.000151  0.000326  0.000026
    -0.000137  0.000227  0.000026
    -0.000137  0.000227  0.000026
    -0.000137  0.000227  0.000026
    -0.000137  0.000227  0.000026
    -0.000137  0.000227  0.000026
    -0.000137  0.000227  0.000026
    -0.000137  0.000227  0.000026
    -0.000137  0.000227  0.000026
    -0.000137  0.000227  0.000026
    -0.000137  0.000227  0.000026
    -0.000137  0.000227  0.000026
    -0.000137  0.000227  0.000026
    -0.000137  0.000227  0.000026
    -0.000137  0.000227  0.000026
    -0.000137  0.000227  0.000026
    -0.000137  0.000227  0.000026
    -0.000137  0.000227  0.000026
    -0.000137  0.000227  0.000026
    -0.000137  0.000227  0.000026
    -0.000137  0.000227  0.000026
    -0.000137  0.000227  0.000026
    -0.000137  0.000227  0.000026
    -0.000137  0.000227  0.000026
    -0.000137  0.000227  0.000026
    -0.000143  0.000273  0.000026
    -0.000162  0.000400  0.000026
    -0.000176  0.000441  0.000026
    -0.000177  0.000433  0.000026
    -0.000192  0.000480  0.000026
    -0.000295  0.000542  0.000026
    -0.000270  0.000564  0.000026
    -0.000236  0.000575  0.000026
    -0.000207  0.000561  0.000026
    -0.000173  0.000511  0.000026
    -0.000105  0.000465  0.000026
    -0.000056  0.000412  0.000026
    -0.000033  0.000363  0.000026
    -0.000137  0.000227  0.000026
    -0.000137  0.000227  0.000026
    -0.000137  0.000227  0.000026
    -0.000137  0.000227  0.000026
    -0.000137  0.000227  0.000026
    -0.000137  0.000227  0.000026
    -0.000137  0.000227  0.000026
    -0.000137  0.000227  0.000026
    -0.000137  0.000227  0.000026
    -0.000137  0.000227  0.000026
    -0.000137  0.000227  0.000026
    -0.000137  0.000227  0.000026
    -0.000137  0.000227  0.000026
    -0.000137  0.000227  0.000026
    -0.000137  0.000227  0.000026
    -0.000137  0.000227  0.000026
    -0.000137  0.000227  0.000026
    -0.000137  0.000227  0.000026
    -0.000137  0.000227  0.000026
    -0.000137  0.000227  0.000026
    -0.000137  0.000227  0.000026
    -0.000137  0.000227  0.000026
    -0.000137  0.000227  0.000026
    -0.000137  0.000227  0.000026
    -0.000137  0.000227  0.000026
    -0.000137  0.000227  0.000026
    -0.000137  0.000227  0.000026
    -0.000137  0.000227  0.000026
    -0.000162  0.000387  0.000026
    -0.000358  0.000472  0.000026
    -0.000352  0.000568  0.000026
    -0.000319  0.000654  0.000026
    -0.000273  0.000699  0.000026
    -0.000242  0.000756  0.000026
    -0.000220  0.000759  0.000026
    -0.000198  0.000712  0.000026
    -0.000184  0.000633  0.000026
    -0.000200  0.000518  0.000026
    -0.000195  0.000506  0.000026
    -0.000191  0.000503  0.000026
    -0.000175  0.000466  0.000026
    -0.000161  0.000393  0.000026
    -0.000140  0.000247  0.000026
    -0.000137  0.000227  0.000026
    -0.000137  0.000227  0.000026
    -0.000137  0.000227  0.000026
    -0.000137  0.000227  0.000026
    -0.000137  0.000227  0.000026
    -0.000137  0.000227  0.000026
    -0.000137  0.000227  0.000026
    -0.000137  0.000227  0.000026
    -0.000137  0.000227  0.000026
    -0.000137  0.000227  0.000026
    -0.000137  0.000227  0.000026
    -0.000137  0.000227  0.000026
    -0.000137  0.000227  0.000026
    -0.000137  0.000227  0.000026
    -0.000137  0.000227  0.000026
    -0.000137  0.000227  0.000026
    -0.000137  0.000227  0.000026
    -0.000137  0.000227  0.000026
    -0.000137  0.000227  0.000026
    -0.000137  0.000227  0.000026
    -0.000137  0.000227  0.000026
    -0.000137  0.000227  0.000026
    -0.000137  0.000227  0.000026
    -0.000137  0.000227  0.000026
    -0.000137  0.000227  0.000026
    -0.000137  0.000227  0.000026
    -0.000137  0.000227  0.000026
    -0.000151  0.000323  0.000026
    -0.000168  0.000413  0.000026
    -0.000170  0.000410  0.000026
    -0.000173  0.000415  0.000026
    -0.000242  0.000485  0.000026
    -0.000210  0.000506  0.000026
    -0.000171  0.000512  0.000026
    -0.000141  0.000503  0.000026
    -0.000099  0.000463  0.000026
    -0.000035  0.000423  0.000026
     0.000006  0.000369  0.000026
     0.000006  0.000327  0.000026
    -0.000137  0.000227  0.000026
    -0.000137  0.000227  0.000026
    -0.000137  0.000227  0.000026
    -0.000137  0.000227  0.000026
    -0.000137  0.000227  0.000026
    -0.000137  0.000227  0.000026
    -0.000137  0.000227  0.000026
    -0.000137  0.000227  0.000026
    -0.000137  0.000227  0.000026
    -0.000137  0.000227  0.000026
    -0.000137  0.000227  0.000026
    -0.000137  0.000227  0.000026
    -0.000137  0.000227  0.000026
    -0.000137  0.000227  0.000026
    -0.000137  0.000227  0.000026
    -0.000137  0.000227  0.000026
    -0.000137  0.000227  0.000026
    -0.000137  0.000227  0.000026
    -0.000137  0.000227  0.000026
    -0.000137  0.000227  0.000026
    -0.000137  0.000227  0.000026
    -0.000137  0.000227  0.000026
    -0.000137  0.000227  0.000026
    -0.000137  0.000227  0.000026
    -0.000137  0.000227  0.000026
    -0.000137  0.000227  0.000026
    -0.000148  0.000308  0.000026
    -0.000375  0.000426  0.000026
    -0.000389  0.000536  0.000026
    -0.000364  0.000619  0.000026
    -0.000321  0.000665  0.000026
    -0.000311  0.000711  0.000026
    -0.000259  0.000703  0.000026
    -0.000234  0.000663  0.000026
    -0.000214  0.000579  0.000026
    -0.000196  0.000500  0.000026
    -0.000188  0.000482  0.000026
    -0.000186  0.000486  0.000026
    -0.000172  0.000457  0.000026
    -0.000157  0.000366  0.000026
    -0.000137  0.000227  0.000026
    -0.000137  0.000227  0.000026
    -0.000137  0.000227  0.000026
    -0.000137  0.000227  0.000026
    -0.000137  0.000227  0.000026
    -0.000137  0.000227  0.000026
    -0.000137  0.000227  0.000026
    -0.000137  0.000227  0.000026
    -0.000137  0.000227  0.000026
    -0.000137  0.000227  0.000026
    -0.000137  0.000227  0.000026
    -0.000137  0.000227  0.000026
    -0.000137  0.000227  0.000026
    -0.000137  0.000227  0.000026
    -0.000137  0.000227  0.000026
    -0.000137  0.000227  0.000026
    -0.000137  0.000227  0.000026
    -0.000137  0.000227  0.000026
    -0.000137  0.000227  0.000026
    -0.000137  0.000227  0.000026
    -0.000137  0.000227  0.000026
    -0.000137  0.000227  0.000026
    -0.000137  0.000227  0.000026
    -0.000137  0.000227  0.000026
    -0.000137  0.000227  0.000026
    -0.000137  0.000227  0.000026
    -0.000137  0.000227  0.000026
    -0.000137  0.000227  0.000026
    -0.000137  0.000227  0.000026
    -0.000137  0.000227  0.000026
    -0.000143  0.000271  0.000026
    -0.000163  0.000399  0.000026
    -0.000164  0.000391  0.000026
    -0.000168  0.000393  0.000026
    -0.000194  0.000434  0.000026
    -0.000149  0.000451  0.000026
    -0.000107  0.000451  0.000026
    -0.000028  0.000429  0.000026
    -0.000020  0.000409  0.000026
     0.000038  0.000371  0.000026
     0.000067  0.000325  0.000026
     0.000033  0.000292  0.000026
    -0.000137  0.000227  0.000026
    -0.000137  0.000227  0.000026
    -0.000137  0.000227  0.000026
    -0.000137  0.000227  0.000026
    -0.000137  0.000227  0.000026
    -0.000137  0.000227  0.000026
    -0.000137  0.000227  0.000026
    -0.000137  0.000227  0.000026
    -0.000137  0.000227  0.000026
    -0.000137  0.000227  0.000026
    -0.000137  0.000227  0.000026
    -0.000137  0.000227  0.000026
    -0.000137  0.000227  0.000026
    -0.000137  0.000227  0.000026
    -0.000137  0.000227  0.000026
    -0.000137  0.000227  0.000026
    -0.000137  0.000227  0.000026
    -0.000137  0.000227  0.000026
    -0.000137  0.000227  0.000026
    -0.000137  0.000227  0.000026
    -0.000137  0.000227  0.000026
    -0.000137  0.000227  0.000026
    -0.000137  0.000227  0.000026
    -0.000137  0.000227  0.000026
    -0.000137  0.000227  0.000026
    -0.000379  0.000372  0.000026
    -0.000419  0.000489  0.000026
    -0.000409  0.000575  0.000026
    -0.000372  0.000619  0.000026
    -0.000324  0.000624  0.000026
    -0.000298  0.000645  0.000026
    -0.000269  0.000611  0.000026
    -0.000242  0.000530  0.000026
    -0.000193  0.000488  0.000026
    -0.000184  0.000466  0.000026
    -0.000152  0.000332  0.000026
    -0.000148  0.000305  0.000026
    -0.000137  0.000227  0.000026
    -0.000137  0.000227  0.000026
    -0.000137  0.000227  0.000026
    -0.000137  0.000227  0.000026
    -0.000137  0.000227  0.000026
    -0.000137  0.000227  0.000026
    -0.000137  0.000227  0.000026
    -0.000137  0.000227  0.000026
    -0.000137  0.000227  0.000026
    -0.000169  0.000448  0.000026
    -0.000184  0.000528  0.000026
    -0.000168  0.000443  0.000026
    -0.000159  0.000384  0.000026
    -0.000188  0.000538  0.000026
    -0.000188  0.000544  0.000026
    -0.000186  0.000550  0.000026
    -0.000196  0.000587  0.000026
    -0.000188  0.000557  0.000026
    -0.000191  0.000555  0.000026
    -0.000191  0.000551  0.000026
    -0.000177  0.000504  0.000026
    -0.000181  0.000523  0.000026
    -0.000186  0.000533  0.000026
    -0.000174  0.000482  0.000026
    -0.000137  0.000227  0.000026
    -0.000137  0.000227  0.000026
    -0.000137  0.000227  0.000026
    -0.000137  0.000227  0.000026
    -0.000137  0.000227  0.000026
    -0.000137  0.000227  0.000026
    -0.000137  0.000227  0.000026
    -0.000137  0.000227  0.000026
    -0.000137  0.000227  0.000026
    -0.000137  0.000227  0.000026
    -0.000137  0.000227  0.000026
    -0.000160  0.000374  0.000026
    -0.000164  0.000375  0.000026
    -0.000147  0.000384  0.000026
    -0.000091  0.000394  0.000026
    -0.000043  0.000391  0.000026
    -0.000005  0.000370  0.000026
     0.000064  0.000347  0.000026
     0.000111  0.000316  0.000026
     0.000114  0.000280  0.000026
     0.000040  0.000226  0.000026
    -0.000137  0.000227  0.000026
    -0.000137  0.000227  0.000026
    -0.000137  0.000227  0.000026
    -0.000137  0.000227  0.000026
    -0.000137  0.000227  0.000026
    -0.000137  0.000227  0.000026
    -0.000137  0.000227  0.000026
    -0.000137  0.000227  0.000026
    -0.000137  0.000227  0.000026
    -0.000137  0.000227  0.000026
    -0.000137  0.000227  0.000026
    -0.000137  0.000227  0.000026
    -0.000137  0.000227  0.000026
    -0.000137  0.000227  0.000026
    -0.000137  0.000227  0.000026
    -0.000137  0.000227  0.000026
    -0.000137  0.000227  0.000026
    -0.000137  0.000227  0.000026
    -0.000137  0.000227  0.000026
    -0.000137  0.000227  0.000026
    -0.000137  0.000227  0.000026
    -0.000137  0.000227  0.000026
    -0.000137  0.000227  0.000026
    -0.000375  0.000321  0.000026
    -0.000433  0.000429  0.000026
    -0.000451  0.000524  0.000026
    -0.000423  0.000568  0.000026
    -0.000378  0.000577  0.000026
    -0.000369  0.000598  0.000026
    -0.000305  0.000565  0.000026
    -0.000271  0.000484  0.000026
    -0.000247  0.000407  0.000026
    -0.000172  0.000416  0.000026
    -0.000146  0.000289  0.000026
    -0.000151  0.000324  0.000026
    -0.000143  0.000268  0.000026
    -0.000137  0.000227  0.000026
    -0.000137  0.000227  0.000026
    -0.000137  0.000227  0.000026
    -0.000137  0.000227  0.000026
    -0.000137  0.000227  0.000026
    -0.000137  0.000227  0.000026
    -0.000143  0.000269  0.000026
    -0.000189  0.000530  0.000026
    -0.000205  0.000561  0.000026
    -0.000208  0.000558  0.000026
    -0.000213  0.000588  0.000026
    -0.000216  0.000583  0.000026
    -0.000230  0.000612  0.000026
    -0.000235  0.000632  0.000026
    -0.000232  0.000612  0.000026
    -0.000236  0.000615  0.000026
    -0.000238  0.000617  0.000026
    -0.000240  0.000628  0.000026
    -0.000238  0.000635  0.000026
    -0.000239  0.000647  0.000026
    -0.000232  0.000618  0.000026
    -0.000219  0.000593  0.000026
    -0.000216  0.000597  0.000026
    -0.000206  0.000548  0.000026
    -0.000200  0.000541  0.000026
    -0.000187  0.000518  0.000026
    -0.000148  0.000305  0.000026
    -0.000137  0.000227  0.000026
    -0.000137  0.000227  0.000026
    -0.000137  0.000227  0.000026
    -0.000137  0.000227  0.000026
    -0.000137  0.000227  0.000026
    -0.000137  0.000227  0.000026
    -0.000137  0.000227  0.000026
    -0.000137  0.000227  0.000026
    -0.000137  0.000227  0.000026
    -0.000138  0.000234  0.000026
    -0.000152  0.000322  0.000026
    -0.000094  0.000329  0.000026
    -0.000028  0.000337  0.000026
     0.000076  0.000313  0.000026
     0.000082  0.000306  0.000026
     0.000145  0.000284  0.000026
     0.000179  0.000259  0.000026
     0.000133  0.000242  0.000026
     0.000030  0.000179  0.000026
    -0.000137  0.000227  0.000026
    -0.000137  0.000227  0.000026
    -0.000137  0.000227  0.000026
    -0.000137  0.000227  0.000026
    -0.000137  0.000227  0.000026
    -0.000137  0.000227  0.000026
    -0.000137  0.000227  0.000026
    -0.000137  0.000227  0.000026
    -0.000137  0.000227  0.000026
    -0.000137  0.000227  0.000026
    -0.000137  0.000227  0.000026
    -0.000137  0.000227  0.000026
    -0.000137  0.000227  0.000026
    -0.000137  0.000227  0.000026
    -0.000137  0.000227  0.000026
    -0.000137  0.000227  0.000026
    -0.000137  0.000227  0.000026
    -0.000137  0.000227  0.000026
    -0.000137  0.000227  0.000026
    -0.000137  0.000227  0.000026
    -0.000137  0.000227  0.000026
    -0.000345  0.000283  0.000026
    -0.000424  0.000364  0.000026
    -0.000480  0.000465  0.000026
    -0.000471  0.000513  0.000026
    -0.000432  0.000527  0.000026
    -0.000380  0.000523  0.000026
    -0.000355  0.000524  0.000026
    -0.000315  0.000413  0.000026
    -0.000289  0.000369  0.000026
    -0.000175  0.000424  0.000026
    -0.000160  0.000389  0.000026
    -0.000175  0.000471  0.000026
    -0.000146  0.000288  0.000026
    -0.000137  0.000227  0.000026
    -0.000137  0.000227  0.000026
    -0.000143  0.000273  0.000026
    -0.000137  0.000227  0.000026
    -0.000137  0.000227  0.000026
    -0.000146  0.000288  0.000026
    -0.000188  0.000528  0.000026
    -0.000207  0.000554  0.000026
    -0.000222  0.000576  0.000026
    -0.000241  0.000638  0.000026
    -0.000235  0.000623  0.000026
    -0.000246  0.000637  0.000026
    -0.000257  0.000653  0.000026
    -0.000248  0.000621  0.000026
    -0.000258  0.000629  0.000026
    -0.000291  0.000963  0.000026
    -0.000341  0.001701  0.000026
    -0.000352  0.001891  0.000026
    -0.000338  0.001689  0.000026
    -0.000292  0.001022  0.000026
    -0.000259  0.000630  0.000026
    -0.000250  0.000627  0.000026
    -0.000253  0.000636  0.000026
    -0.000243  0.000623  0.000026
    -0.000233  0.000613  0.000026
    -0.000231  0.000596  0.000026
    -0.000211  0.000530  0.000026
    -0.000198  0.000515  0.000026
    -0.000184  0.000508  0.000026
    -0.000150  0.000317  0.000026
    -0.000137  0.000227  0.000026
    -0.000137  0.000227  0.000026
    -0.000137  0.000227  0.000026
    -0.000137  0.000227  0.000026
    -0.000137  0.000227  0.000026
    -0.000137  0.000227  0.000026
    -0.000149  0.000314  0.000026
    -0.000137  0.000227  0.000026
    -0.000144  0.000274  0.000026
    -0.000075  0.000257  0.000026
    -0.000016  0.000249  0.000026
     0.000055  0.000274  0.000026
     0.000094  0.000262  0.000026
     0.000170  0.000241  0.000026
     0.000221  0.000222  0.000026
     0.000223  0.000210  0.000026
     0.000119  0.000179  0.000026
    -0.000095  0.000215  0.000026
    -0.000137  0.000227  0.000026
    -0.000137  0.000227  0.000026
    -0.000137  0.000227  0.000026
    -0.000137  0.000227  0.000026
    -0.000137  0.000227  0.000026
    -0.000137  0.000227  0.000026
    -0.000137  0.000227  0.000026
    -0.000137  0.000227  0.000026
    -0.000137  0.000227  0.000026
    -0.000137  0.000227  0.000026
    -0.000137  0.000227  0.000026
    -0.000137  0.000227  0.000026
    -0.000137  0.000227  0.000026
    -0.000137  0.000227  0.000026
    -0.000137  0.000227  0.000026
    -0.000137  0.000227  0.000026
    -0.000137  0.000227  0.000026
    -0.000137  0.000227  0.000026
    -0.000137  0.000227  0.000026
    -0.000137  0.000227  0.000026
    -0.000413  0.000305  0.000026
    -0.000484  0.000398  0.000026
    -0.000512  0.000456  0.000026
    -0.000484  0.000475  0.000026
    -0.000435  0.000476  0.000026
    -0.000428  0.000436  0.000026
    -0.000352  0.000374  0.000026
    -0.000312  0.000384  0.000026
    -0.000251  0.000390  0.000026
    -0.000184  0.000475  0.000026
    -0.000178  0.000484  0.000026
    -0.000155  0.000351  0.000026
    -0.000145  0.000281  0.000026
    -0.000146  0.000289  0.000026
    -0.000177  0.000504  0.000026
    -0.000144  0.000278  0.000026
    -0.000138  0.000236  0.000026
    -0.000177  0.000509  0.000026
    -0.000199  0.000549  0.000026
    -0.000215  0.000557  0.000026
    -0.000241  0.000624  0.000026
    -0.000235  0.000597  0.000026
    -0.000225  0.000572  0.000026
    -0.000230  0.000568  0.000026
    -0.000231  0.000536  0.000026
    -0.000230  0.000531  0.000026
    -0.000241  0.000538  0.000026
    -0.000253  0.000537  0.000026
    -0.000276  0.000821  0.000026
    -0.000293  0.001101  0.000026
    -0.000294  0.001156  0.000026
    -0.000286  0.001063  0.000026
    -0.000264  0.000742  0.000026
    -0.000243  0.000494  0.000026
    -0.000234  0.000507  0.000026
    -0.000226  0.000510  0.000026
    -0.000222  0.000501  0.000026
    -0.000222  0.000532  0.000026
    -0.000217  0.000537  0.000026
    -0.000219  0.000530  0.000026
    -0.000220  0.000537  0.000026
    -0.000198  0.000492  0.000026
    -0.000189  0.000507  0.000026
    -0.000170  0.000458  0.000026
    -0.000139  0.000240  0.000026
    -0.000141  0.000255  0.000026
    -0.000156  0.000359  0.000026
    -0.000138  0.000234  0.000026
    -0.000137  0.000227  0.000026
    -0.000137  0.000227  0.000026
    -0.000156  0.000358  0.000026
    -0.000161  0.000384  0.000026
    -0.000149  0.000310  0.000026
    -0.000032  0.000250  0.000026
     0.000049  0.000193  0.000026
     0.000179  0.000169  0.000026
     0.000185  0.000197  0.000026
     0.000253  0.000177  0.000026
     0.000287  0.000164  0.000026
     0.000224  0.000177  0.000026
     0.000091  0.000167  0.000026
    -0.000137  0.000227  0.000026
    -0.000137  0.000227  0.000026
    -0.000137  0.000227  0.000026
    -0.000137  0.000227  0.000026
    -0.000137  0.000227  0.000026
    -0.000137  0.000227  0.000026
    -0.000137  0.000227  0.000026
    -0.000137  0.000227  0.000026
    -0.000137  0.000227  0.000026
    -0.000137  0.000227  0.000026
    -0.000137  0.000227  0.000026
    -0.000137  0.000227  0.000026
    -0.000137  0.000227  0.000026
    -0.000137  0.000227  0.000026
    -0.000137  0.000227  0.000026
    -0.000137  0.000227  0.000026
    -0.000137  0.000227  0.000026
    -0.000137  0.000227  0.000026
    -0.000137  0.000227  0.000026
    -0.000171  0.000220  0.000026
    -0.000466  0.000332  0.000026
    -0.000530  0.000397  0.000026
    -0.000530  0.000420  0.000026
    -0.000492  0.000427  0.000026
    -0.000438  0.000367  0.000026
    -0.000427  0.000362  0.000026
    -0.000349  0.000382  0.000026
    -0.000306  0.000378  0.000026
    -0.000222  0.000479  0.000026
    -0.000178  0.000478  0.000026
    -0.000168  0.000446  0.000026
    -0.000162  0.000405  0.000026
    -0.000160  0.000385  0.000026
    -0.000184  0.000552  0.000026
    -0.000171  0.000465  0.000026
    -0.000159  0.000378  0.000026
    -0.000186  0.000551  0.000026
    -0.000202  0.000549  0.000026
    -0.000199  0.000497  0.000026
    -0.000217  0.000530  0.000026
    -0.000235  0.000592  0.000026
    -0.000230  0.000569  0.000026
    -0.000241  0.000589  0.000026
    -0.000244  0.000557  0.000026
    -0.000248  0.000564  0.000026
    -0.000252  0.000565  0.000026
    -0.000309  0.001209  0.000026
    -0.000326  0.001494  0.000026
    -0.000335  0.001656  0.000026
    -0.000326  0.001573  0.000026
    -0.000308  0.001343  0.000026
    -0.000318  0.001523  0.000026
    -0.000318  0.001549  0.000026
    -0.000303  0.001319  0.000026
    -0.000285  0.001037  0.000026
    -0.000238  0.000509  0.000026
    -0.000235  0.000513  0.000026
    -0.000227  0.000491  0.000026
    -0.000225  0.000523  0.000026
    -0.000213  0.000499  0.000026
    -0.000212  0.000497  0.000026
    -0.000191  0.000429  0.000026
    -0.000181  0.000424  0.000026
    -0.000186  0.000489  0.000026
    -0.000178  0.000515  0.000026
    -0.000154  0.000348  0.000026
    -0.000160  0.000388  0.000026
    -0.000165  0.000419  0.000026
    -0.000149  0.000313  0.000026
    -0.000144  0.000275  0.000026
    -0.000146  0.000294  0.000026
    -0.000158  0.000375  0.000026
    -0.000164  0.000385  0.000026
    -0.000054  0.000271  0.000026
     0.000039  0.000210  0.000026
     0.000180  0.000123  0.000026
     0.000196  0.000122  0.000026
     0.000275  0.000131  0.000026
     0.000326  0.000117  0.000026
     0.000311  0.000126  0.000026
     0.000187  0.000152  0.000026
    -0.000137  0.000227  0.000026
    -0.000137  0.000227  0.000026
    -0.000137  0.000227  0.000026
    -0.000137  0.000227  0.000026
    -0.000137  0.000227  0.000026
    -0.000137  0.000227  0.000026
    -0.000137  0.000227  0.000026
    -0.000137  0.000227  0.000026
    -0.000137  0.000227  0.000026
    -0.000137  0.000227  0.000026
    -0.000137  0.000227  0.000026
    -0.000137  0.000227  0.000026
    -0.000137  0.000227  0.000026
    -0.000137  0.000227  0.000026
    -0.000137  0.000227  0.000026
    -0.000137  0.000227  0.000026
    -0.000137  0.000227  0.000026
    -0.000137  0.000227  0.000026
    -0.000137  0.000227  0.000026
    -0.000438  0.000273  0.000026
    -0.000513  0.000336  0.000026
    -0.000559  0.000364  0.000026
    -0.000541  0.000340  0.000026
    -0.000494  0.000321  0.000026
    -0.000419  0.000322  0.000026
    -0.000427  0.000361  0.000026
    -0.000343  0.000374  0.000026
    -0.000298  0.000461  0.000026
    -0.000189  0.000501  0.000026
    -0.000179  0.000505  0.000026
    -0.000179  0.000518  0.000026
    -0.000186  0.000565  0.000026
    -0.000184  0.000552  0.000026
    -0.000189  0.000582  0.000026
    -0.000157  0.000369  0.000026
    -0.000178  0.000514  0.000026
    -0.000176  0.000476  0.000026
    -0.000205  0.000534  0.000026
    -0.000216  0.000523  0.000026
    -0.000222  0.000526  0.000026
    -0.000221  0.000514  0.000026
    -0.000221  0.000495  0.000026
    -0.000235  0.000529  0.000026
    -0.000231  0.000528  0.000026
    -0.000223  0.000529  0.000026
    -0.000228  0.000519  0.000026
    -0.000235  0.000503  0.000026
    -0.000233  0.000476  0.000026
    -0.000224  0.000463  0.000026
    -0.000217  0.000462  0.000026
    -0.000214  0.000458  0.000026
    -0.000212  0.000442  0.000026
    -0.000212  0.000417  0.000026
    -0.000214  0.000401  0.000026
    -0.000212  0.000411  0.000026
    -0.000207  0.000432  0.000026
    -0.000206  0.000459  0.000026
    -0.000209  0.000444  0.000026
    -0.000212  0.000438  0.000026
    -0.000199  0.000410  0.000026
    -0.000195  0.000411  0.000026
    -0.000195  0.000404  0.000026
    -0.000195  0.000402  0.000026
    -0.000181  0.000441  0.000026
    -0.000156  0.000361  0.000026
    -0.000161  0.000394  0.000026
    -0.000154  0.000348  0.000026
    -0.000171  0.000461  0.000026
    -0.000168  0.000443  0.000026
    -0.000165  0.000419  0.000026
    -0.000159  0.000380  0.000026
    -0.000158  0.000371  0.000026
    -0.000166  0.000415  0.000026
    -0.000082  0.000348  0.000026
     0.000021  0.000223  0.000026
     0.000179  0.000127  0.000026
     0.000160  0.000168  0.000026
     0.000275  0.000144  0.000026
     0.000346  0.000106  0.000026
     0.000368  0.000073  0.000026
     0.000271  0.000137  0.000026
     0.000130  0.000159  0.000026
    -0.000137  0.000227  0.000026
    -0.000137  0.000227  0.000026
    -0.000137  0.000227  0.000026
    -0.000137  0.000227  0.000026
    -0.000137  0.000227  0.000026
    -0.000137  0.000227  0.000026
    -0.000137  0.000227  0.000026
    -0.000137  0.000227  0.000026
    -0.000137  0.000227  0.000026
    -0.000137  0.000227  0.000026
    -0.000137  0.000227  0.000026
    -0.000137  0.000227  0.000026
    -0.000137  0.000227  0.000026
    -0.000137  0.000227  0.000026
    -0.000137  0.000227  0.000026
    -0.000137  0.000227  0.000026
    -0.000137  0.000227  0.000026
    -0.000203  0.000195  0.000026
    -0.000491  0.000278  0.000026
    -0.000554  0.000312  0.000026
    -0.000577  0.000285  0.000026
    -0.000547  0.000285  0.000026
    -0.000492  0.000307  0.000026
    -0.000478  0.000331  0.000026
    -0.000436  0.000429  0.000026
    -0.000343  0.000468  0.000026
    -0.000292  0.000465  0.000026
    -0.000182  0.000505  0.000026
    -0.000184  0.000543  0.000026
    -0.000188  0.000574  0.000026
    -0.000182  0.000542  0.000026
    -0.000190  0.000598  0.000026
    -0.000157  0.000369  0.000026
    -0.000137  0.000227  0.000026
    -0.000180  0.000514  0.000026
    -0.000197  0.000508  0.000026
    -0.000200  0.000488  0.000026
    -0.000097  0.000563  0.000026
    -0.000217  0.000475  0.000026
    -0.000224  0.000477  0.000026
    -0.000214  0.000472  0.000026
    -0.000211  0.000477  0.000026
    -0.000213  0.000509  0.000026
    -0.000218  0.000514  0.000026
    -0.000210  0.000453  0.000026
    -0.000188  0.000376  0.000026
    -0.000186  0.000404  0.000026
    -0.000188  0.000452  0.000026
    -0.000190  0.000483  0.000026
    -0.000188  0.000488  0.000026
    -0.000184  0.000465  0.000026
    -0.000177  0.000411  0.000026
    -0.000168  0.000337  0.000026
    -0.000167  0.000296  0.000026
    -0.000187  0.000358  0.000026
    -0.000198  0.000431  0.000026
    -0.000197  0.000442  0.000026
    -0.000192  0.000397  0.000026
    -0.000194  0.000387  0.000026
    -0.000214  0.000364  0.000026
    -0.000227  0.000363  0.000026
    -0.000389  0.000409  0.000026
    -0.000230  0.000372  0.000026
    -0.000171  0.000406  0.000026
    -0.000155  0.000352  0.000026
    -0.000137  0.000227  0.000026
    -0.000148  0.000308  0.000026
    -0.000168  0.000442  0.000026
    -0.000166  0.000428  0.000026
    -0.000171  0.000460  0.000026
    -0.000169  0.000449  0.000026
    -0.000167  0.000434  0.000026
    -0.000111  0.000376  0.000026
     0.000009  0.000294  0.000026
     0.000191  0.000164  0.000026
     0.000263  0.000113  0.000026
     0.000276  0.000145  0.000026
     0.000352  0.000127  0.000026
     0.000388  0.000118  0.000026
     0.000340  0.000125  0.000026
     0.000221  0.000143  0.000026
    -0.000137  0.000227  0.000026
    -0.000137  0.000227  0.000026
    -0.000137  0.000227  0.000026
    -0.000137  0.000227  0.000026
    -0.000137  0.000227  0.000026
    -0.000137  0.000227  0.000026
    -0.000137  0.000227  0.000026
    -0.000137  0.000227  0.000026
    -0.000137  0.000227  0.000026
    -0.000137  0.000227  0.000026
    -0.000137  0.000227  0.000026
    -0.000137  0.000227  0.000026
    -0.000137  0.000227  0.000026
    -0.000137  0.000227  0.000026
    -0.000137  0.000227  0.000026
    -0.000137  0.000227  0.000026
    -0.000137  0.000227  0.000026
    -0.000384  0.000212  0.000026
    -0.000535  0.000265  0.000026
    -0.000580  0.000237  0.000026
    -0.000593  0.000244  0.000026
    -0.000553  0.000270  0.000026
    -0.000492  0.000292  0.000026
    -0.000497  0.000401  0.000026
    -0.000404  0.000452  0.000026
    -0.000330  0.000477  0.000026
    -0.000194  0.000525  0.000026
    -0.000186  0.000534  0.000026
    -0.000186  0.000565  0.000026
    -0.000183  0.000545  0.000026
    -0.000178  0.000509  0.000026
    -0.000153  0.000336  0.000026
    -0.000161  0.000398  0.000026
    -0.000163  0.000410  0.000026
    -0.000190  0.000494  0.000026
    -0.000161  0.000473  0.000026
    -0.000073  0.000527  0.000026
    -0.000012  0.000594  0.000026
    -0.000205  0.000432  0.000026
    -0.000212  0.000450  0.000026
    -0.000195  0.000434  0.000026
    -0.000197  0.000444  0.000026
    -0.000194  0.000455  0.000026
    -0.000186  0.000484  0.000026
    -0.000190  0.000593  0.000026
    -0.000189  0.000563  0.000026
    -0.000178  0.000446  0.000026
    -0.000166  0.000419  0.000026
    -0.000143  0.000271  0.000026
    -0.000174  0.000485  0.000026
    -0.000141  0.000253  0.000026
    -0.000157  0.000370  0.000026
    -0.000167  0.000403  0.000026
    -0.000162  0.000400  0.000026
    -0.000155  0.000353  0.000026
    -0.000168  0.000417  0.000026
    -0.000179  0.000395  0.000026
    -0.000180  0.000368  0.000026
    -0.000179  0.000364  0.000026
    -0.000188  0.000347  0.000026
    -0.000315  0.000338  0.000026
    -0.000457  0.000403  0.000026
    -0.000309  0.000323  0.000026
    -0.000211  0.000340  0.000026
    -0.000165  0.000395  0.000026
    -0.000145  0.000283  0.000026
    -0.000156  0.000363  0.000026
    -0.000139  0.000244  0.000026
    -0.000162  0.000403  0.000026
    -0.000162  0.000399  0.000026
    -0.000169  0.000448  0.000026
    -0.000172  0.000470  0.000026
    -0.000171  0.000434  0.000026
    -0.000025  0.000325  0.000026
     0.000128  0.000213  0.000026
     0.000301  0.000090  0.000026
     0.000277  0.000145  0.000026
     0.000368  0.000125  0.000026
     0.000417  0.000112  0.000026
     0.000378  0.000115  0.000026
     0.000296  0.000129  0.000026
    -0.000003  0.000188  0.000026
    -0.000137  0.000227  0.000026
    -0.000137  0.000227  0.000026
    -0.000137  0.000227  0.000026
    -0.000137  0.000227  0.000026
    -0.000137  0.000227  0.000026
    -0.000137  0.000227  0.000026
    -0.000137  0.000227  0.000026
    -0.000137  0.000227  0.000026
    -0.000137  0.000227  0.000026
    -0.000137  0.000227  0.000026
    -0.000137  0.000227  0.000026
    -0.000137  0.000227  0.000026
    -0.000137  0.000227  0.000026
    -0.000137  0.000227  0.000026
    -0.000137  0.000227  0.000026
    -0.000147  0.000222  0.000026
    -0.000484  0.000221  0.000026
    -0.000555  0.000199  0.000026
    -0.000604  0.000206  0.000026
    -0.000606  0.000226  0.000026
    -0.000552  0.000244  0.000026
    -0.000510  0.000356  0.000026
    -0.000506  0.000409  0.000026
    -0.000400  0.000463  0.000026
    -0.000312  0.000479  0.000026
    -0.000186  0.000519  0.000026
    -0.000184  0.000541  0.000026
    -0.000175  0.000495  0.000026
    -0.000169  0.000449  0.000026
    -0.000190  0.000594  0.000026
    -0.000174  0.000487  0.000026
    -0.000143  0.000271  0.000026
    -0.000183  0.000515  0.000026
    -0.000235  0.000423  0.000026
    -0.000093  0.000481  0.000026
     0.000030  0.000585  0.000026
    -0.000013  0.000473  0.000026
    -0.000204  0.000359  0.000026
    -0.000201  0.000409  0.000026
    -0.000198  0.000413  0.000026
    -0.000191  0.000411  0.000026
    -0.000181  0.000531  0.000026
    -0.000129 -0.000257  0.000026
    -0.001338 -0.000875  0.000026
    -0.002488 -0.000975  0.000026
    -0.001749 -0.000562  0.000026
    -0.000137  0.000227  0.000026
    -0.000137  0.000227  0.000026
    -0.000137  0.000227  0.000026
    -0.000137  0.000227  0.000026
    -0.000137  0.000227  0.000026
     0.001172 -0.000155  0.000026
     0.001594 -0.000573  0.000025
     0.000559 -0.000668  0.000026
    -0.000577 -0.000266  0.000026
    -0.000190  0.000594  0.000026
    -0.000178  0.000363  0.000026
    -0.000182  0.000340  0.000026
    -0.000183  0.000330  0.000026
    -0.000293  0.000273  0.000026
    -0.000481  0.000308  0.000026
    -0.000395  0.000306  0.000026
    -0.000274  0.000279  0.000026
    -0.000158  0.000315  0.000026
    -0.000157  0.000365  0.000026
    -0.000145  0.000281  0.000026
    -0.000159  0.000379  0.000026
    -0.000170  0.000457  0.000026
    -0.000152  0.000330  0.000026
    -0.000160  0.000386  0.000026
    -0.000165  0.000419  0.000026
    -0.000171  0.000462  0.000026
    -0.000062  0.000352  0.000026
     0.000115  0.000232  0.000026
     0.000316  0.000089  0.000026
     0.000328  0.000047  0.000026
     0.000368  0.000125  0.000026
     0.000443  0.000108  0.000026
     0.000421  0.000107  0.000026
     0.000324  0.000122  0.000026
     0.000201  0.000144  0.000026
    -0.000137  0.000227  0.000026
    -0.000137  0.000227  0.000026
    -0.000137  0.000227  0.000026
    -0.000137  0.000227  0.000026
    -0.000137  0.000227  0.000026
    -0.000137  0.000227  0.000026
    -0.000137  0.000227  0.000026
    -0.000137  0.000227  0.000026
    -0.000137  0.000227  0.000026
    -0.000137  0.000227  0.000026
    -0.000137  0.000227  0.000026
    -0.000137  0.000227  0.000026
    -0.000137  0.000227  0.000026
    -0.000137  0.000227  0.000026
    -0.000137  0.000227  0.000026
    -0.000349  0.000123  0.000026
    -0.000512  0.000171  0.000026
    -0.000581  0.000173  0.000026
    -0.000626  0.000188  0.000026
    -0.000616  0.000204  0.000026
    -0.000593  0.000300  0.000026
    -0.000523  0.000368  0.000026
    -0.000514  0.000427  0.000026
    -0.000390  0.000458  0.000026
    -0.000237  0.000479  0.000026
    -0.000181  0.000516  0.000026
    -0.000171  0.000461  0.000026
    -0.000159  0.000383  0.000026
    -0.000184  0.000557  0.000026
    -0.000194  0.000623  0.000026
    -0.000143  0.000270  0.000026
    -0.000160  0.000385  0.000026
    -0.000202  0.000418  0.000026
    -0.000149  0.000457  0.000026
    -0.000002  0.000532  0.000026
     0.000177  0.000516  0.000026
     0.000036  0.000394  0.000026
    -0.000191  0.000308  0.000026
    -0.000181  0.000344  0.000026
    -0.000161  0.000286  0.000026
    -0.000154  0.000362  0.000026
     0.002376 -0.000488  0.000025
     0.002378 -0.004087  0.000025
     0.000646 -0.007506  0.000025
    -0.001384 -0.009113  0.000025
    -0.003352 -0.006221  0.000026
    -0.002984 -0.001166  0.000026
    -0.000137  0.000227  0.000026
    -0.000132  0.000180  0.000026
    -0.000137  0.000227  0.000026
     0.002359 -0.000501  0.000025
     0.004087 -0.006608  0.000025
     0.003136 -0.009174  0.000025
     0.000682 -0.007360  0.000025
    -0.002160 -0.003293  0.000026
    -0.002724 -0.000518  0.000026
    -0.000314  0.000498  0.000026
    -0.000151  0.000246  0.000026
    -0.000169  0.000283  0.000026
    -0.000192  0.000200  0.000026
    -0.000488  0.000217  0.000026
    -0.000538  0.000230  0.000026
    -0.000315  0.000216  0.000026
    -0.000208  0.000260  0.000026
    -0.000147  0.000301  0.000026
    -0.000149  0.000312  0.000026
    -0.000144  0.000278  0.000026
    -0.000170  0.000456  0.000026
    -0.000163  0.000411  0.000026
    -0.000148  0.000305  0.000026
    -0.000154  0.000348  0.000026
    -0.000162  0.000399  0.000026
    -0.000164  0.000386  0.000026
     0.000093  0.000242  0.000026
     0.000328  0.000094  0.000026
     0.000352  0.000041  0.000026
     0.000449  0.000095  0.000026
     0.000463  0.000104  0.000026
     0.000463  0.000100  0.000026
     0.000369  0.000114  0.000026
     0.000244  0.000134  0.000026
    -0.000114  0.000220  0.000026
    -0.000137  0.000227  0.000026
    -0.000137  0.000227  0.000026
    -0.000137  0.000227  0.000026
    -0.000137  0.000227  0.000026
    -0.000137  0.000227  0.000026
    -0.000137  0.000227  0.000026
    -0.000137  0.000227  0.000026
    -0.000137  0.000227  0.000026
    -0.000137  0.000227  0.000026
    -0.000137  0.000227  0.000026
    -0.000137  0.000227  0.000026
    -0.000137  0.000227  0.000026
    -0.000137  0.000227  0.000026
    -0.000137  0.000227  0.000026
    -0.000392  0.000107  0.000026
    -0.000538  0.000144  0.000026
    -0.000609  0.000159  0.000026
    -0.000643  0.000165  0.000026
    -0.000627  0.000182  0.000026
    -0.000616  0.000307  0.000026
    -0.000593  0.000379  0.000026
    -0.000505  0.000403  0.000026
    -0.000368  0.000419  0.000026
    -0.000175  0.000466  0.000026
    -0.000167  0.000434  0.000026
    -0.000154  0.000349  0.000026
    -0.000177  0.000508  0.000026
    -0.000193  0.000613  0.000026
    -0.000158  0.000374  0.000026
    -0.000137  0.000227  0.000026
    -0.000172  0.000470  0.000026
    -0.000239  0.000406  0.000026
    -0.000113  0.000414  0.000026
     0.000060  0.000408  0.000026
     0.000224  0.000400  0.000026
     0.000007  0.000282  0.000026
    -0.000148  0.000209  0.000026
    -0.000137  0.000227  0.000026
    -0.000137  0.000227  0.000026
     0.001956 -0.000347  0.000025
     0.004571 -0.000813  0.000025
     0.005669 -0.008351  0.000025
     0.004188 -0.015188  0.000024
    -0.002896 -0.020482  0.000024
    -0.009634 -0.019072  0.000025
    -0.008917 -0.010862  0.000026
    -0.003015 -0.001143  0.000026
    -0.000278  0.000158  0.000026
     0.002798 -0.001385  0.000025
     0.007177 -0.010376  0.000024
     0.007289 -0.017210  0.000024
     0.003758 -0.019356  0.000024
    -0.003303 -0.015408  0.000025
    -0.006554 -0.007688  0.000026
    -0.004882 -0.000591  0.000026
    -0.002339 -0.000247  0.000026
    -0.000137  0.000227  0.000026
    -0.000137  0.000227  0.000026
    -0.000131  0.000132  0.000026
    -0.000360  0.000112  0.000026
    -0.000554  0.000108  0.000026
    -0.000337  0.000074  0.000026
    -0.000168  0.000122  0.000026
    -0.000118  0.000250  0.000026
    -0.000145  0.000285  0.000026
    -0.000137  0.000227  0.000026
    -0.000154  0.000344  0.000026
    -0.000167  0.000436  0.000026
    -0.000161  0.000397  0.000026
    -0.000142  0.000263  0.000026
    -0.000150  0.000320  0.000026
    -0.000152  0.000332  0.000026
     0.000051  0.000244  0.000026
     0.000310  0.000090  0.000026
     0.000473 -0.000012  0.000026
     0.000496  0.000056  0.000026
     0.000483  0.000101  0.000026
     0.000495  0.000094  0.000026
     0.000422  0.000104  0.000026
     0.000288  0.000126  0.000026
    -0.000041  0.000199  0.000026
    -0.000137  0.000227  0.000026
    -0.000137  0.000227  0.000026
    -0.000137  0.000227  0.000026
    -0.000137  0.000227  0.000026
    -0.000137  0.000227  0.000026
    -0.000137  0.000227  0.000026
    -0.000137  0.000227  0.000026
    -0.000137  0.000227  0.000026
    -0.000137  0.000227  0.000026
    -0.000137  0.000227  0.000026
    -0.000137  0.000227  0.000026
    -0.000137  0.000227  0.000026
    -0.000137  0.000227  0.000026
    -0.000151  0.000220  0.000026
    -0.000418  0.000104  0.000026
    -0.000569  0.000135  0.000026
    -0.000633  0.000139  0.000026
    -0.000658  0.000140  0.000026
    -0.000690  0.000233  0.000026
    -0.000641  0.000321  0.000026
    -0.000592  0.000358  0.000026
    -0.000498  0.000357  0.000026
    -0.000345  0.000374  0.000026
    -0.000163  0.000408  0.000026
    -0.000184  0.000553  0.000026
    -0.000177  0.000505  0.000026
    -0.000185  0.000560  0.000026
    -0.000146  0.000294  0.000026
    -0.000137  0.000227  0.000026
    -0.000138  0.000236  0.000026
    -0.000179  0.000453  0.000026
    -0.000227  0.000346  0.000026
    -0.000099  0.000343  0.000026
     0.000110  0.000292  0.000026
     0.000202  0.000277  0.000026
    -0.000132  0.000138  0.000026
    -0.000137  0.000227  0.000026
    -0.000137  0.000227  0.000026
    -0.000137  0.000227  0.000026
     0.002462  0.000180  0.000025
     0.009974 -0.001239  0.000025
     0.016048 -0.009034  0.000023
     0.014667 -0.020170  0.000023
    -0.001532 -0.029407  0.000024
    -0.015198 -0.030530  0.000025
    -0.016254 -0.023795  0.000026
    -0.008187 -0.016938  0.000025
     0.001248 -0.014634  0.000024
     0.006702 -0.016055  0.000024
     0.015812 -0.022849  0.000022
     0.015930 -0.029850  0.000022
    -0.000313 -0.028711  0.000024
    -0.013550 -0.020152  0.000026
    -0.017077 -0.009450  0.000027
    -0.010894 -0.000828  0.000027
    -0.002869  0.000328  0.000026
    -0.000137  0.000227  0.000026
    -0.000137  0.000227  0.000026
    -0.000137  0.000227  0.000026
    -0.000137  0.000227  0.000026
    -0.000507  0.000016  0.000026
    -0.000356 -0.000046  0.000026
    -0.000121 -0.000014  0.000026
    -0.000069  0.000126  0.000026
    -0.000152  0.000336  0.000026
    -0.000137  0.000227  0.000026
    -0.000137  0.000227  0.000026
    -0.000137  0.000228  0.000026
    -0.000164  0.000415  0.000026
    -0.000159  0.000381  0.000026
    -0.000163  0.000406  0.000026
    -0.000141  0.000257  0.000026
     0.000004  0.000250  0.000026
     0.000299  0.000070  0.000026
     0.000473 -0.000025  0.000026
     0.000548  0.000005  0.000026
     0.000598  0.000083  0.000026
     0.000523  0.000089  0.000026
     0.000464  0.000097  0.000026
     0.000345  0.000116  0.000026
     0.000079  0.000164  0.000026
    -0.000137  0.000227  0.000026
    -0.000137  0.000227  0.000026
    -0.000137  0.000227  0.000026
    -0.000137  0.000227  0.000026
    -0.000137  0.000227  0.000026
    -0.000137  0.000227  0.000026
    -0.000137  0.000227  0.000026
    -0.000137  0.000227  0.000026
    -0.000137  0.000227  0.000026
    -0.000137  0.000227  0.000026
    -0.000137  0.000227  0.000026
    -0.000137  0.000227  0.000026
    -0.000137  0.000227  0.000026
    -0.000179  0.000206  0.000026
    -0.000446  0.000106  0.000026
    -0.000594  0.000117  0.000026
    -0.000653  0.000116  0.000026
    -0.000713  0.000164  0.000026
    -0.000729  0.000241  0.000026
    -0.000649  0.000304  0.000026
    -0.000579  0.000307  0.000026
    -0.000486  0.000305  0.000026
    -0.000302  0.000332  0.000026
    -0.000172  0.000470  0.000026
    -0.000177  0.000505  0.000026
    -0.000179  0.000516  0.000026
    -0.000146  0.000294  0.000026
    -0.000137  0.000227  0.000026
    -0.000137  0.000227  0.000026
    -0.000165  0.000425  0.000026
    -0.000278  0.000367  0.000026
    -0.000208  0.000323  0.000026
    -0.000042  0.000214  0.000026
     0.000087  0.000152  0.000026
     0.000051  0.000119  0.000026
    -0.000137  0.000227  0.000026
    -0.000137  0.000227  0.000026
    -0.000137  0.000227  0.000026
    -0.000137  0.000227  0.000026
     0.002504  0.000401  0.000025
     0.013535  0.001576  0.000025
     0.025358 -0.004729  0.000023
     0.025979 -0.015334  0.000022
     0.007707 -0.025641  0.000023
    -0.015056 -0.034358  0.000025
    -0.019808 -0.039024  0.000025
    -0.009396 -0.041811  0.000024
    -0.000183 -0.040485  0.000023
     0.008155 -0.039541  0.000022
     0.021384 -0.036804  0.000021
     0.015431 -0.031872  0.000022
    -0.008830 -0.024876  0.000025
    -0.023505 -0.015190  0.000027
    -0.026381 -0.004427  0.000028
    -0.014209  0.000721  0.000027
    -0.002941  0.000602  0.000026
    -0.000137  0.000227  0.000026
    -0.000137  0.000227  0.000026
    -0.000137  0.000227  0.000026
    -0.000137  0.000227  0.000026
    -0.000220  0.000255  0.000026
    -0.000341  0.000138  0.000026
    -0.000169  0.000036  0.000026
    -0.000039  0.000038  0.000026
    -0.000092  0.000259  0.000026
    -0.000137  0.000227  0.000026
    -0.000137  0.000227  0.000026
    -0.000137  0.000227  0.000026
    -0.000138  0.000233  0.000026
    -0.000158  0.000372  0.000026
    -0.000157  0.000367  0.000026
    -0.000153  0.000338  0.000026
    -0.000127  0.000224  0.000026
     0.000263  0.000146  0.000026
     0.000431  0.000092  0.000026
     0.000561  0.000025  0.000026
     0.000669  0.000071  0.000026
     0.000619  0.000074  0.000026
     0.000500  0.000090  0.000026
     0.000389  0.000108  0.000026
     0.000139  0.000153  0.000026
    -0.000137  0.000227  0.000026
    -0.000137  0.000227  0.000026
    -0.000137  0.000227  0.000026
    -0.000137  0.000227  0.000026
    -0.000137  0.000227  0.000026
    -0.000137  0.000227  0.000026
    -0.000137  0.000227  0.000026
    -0.000137  0.000227  0.000026
    -0.000137  0.000227  0.000026
    -0.000137  0.000227  0.000026
    -0.000137  0.000227  0.000026
    -0.000137  0.000227  0.000026
    -0.000137  0.000227  0.000026
    -0.000337  0.000129  0.000026
    -0.000465  0.000106  0.000026
    -0.000617  0.000099  0.000026
    -0.000705  0.000127  0.000026
    -0.000762  0.000166  0.000026
    -0.000753  0.000222  0.000026
    -0.000644  0.000257  0.000026
    -0.000571  0.000255  0.000026
    -0.000472  0.000254  0.000026
    -0.000237  0.000382  0.000026
    -0.000173  0.000481  0.000026
    -0.000141  0.000257  0.000026
    -0.000147  0.000295  0.000026
    -0.000137  0.000227  0.000026
    -0.000137  0.000227  0.000026
    -0.000147  0.000299  0.000026
    -0.000213  0.000398  0.000026
    -0.000275  0.000354  0.000026
    -0.000186  0.000214  0.000026
    -0.000067  0.000078  0.000026
     0.000029  0.000052  0.000026
    -0.000137  0.000227  0.000026
    -0.000137  0.000227  0.000026
    -0.000137  0.000227  0.000026
    -0.000137  0.000227  0.000026
    -0.000137  0.000227  0.000026
     0.001249  0.000562  0.000026
     0.014247  0.002659  0.000025
     0.031568  0.004124  0.000023
     0.036632 -0.002729  0.000022
     0.022115 -0.017725  0.000022
    -0.004045 -0.038436  0.000023
    -0.011383 -0.057995  0.000023
    -0.003431 -0.071815  0.000021
    -0.000625 -0.074567  0.000021
     0.001655 -0.071759  0.000020
     0.011230 -0.058370  0.000020
     0.002445 -0.038127  0.000023
    -0.019346 -0.016410  0.000027
    -0.037569 -0.003923  0.000029
    -0.031096  0.004828  0.000029
    -0.014216  0.002794  0.000027
    -0.001687  0.000780  0.000026
    -0.000137  0.000227  0.000026
    -0.000137  0.000227  0.000026
    -0.000137  0.000227  0.000026
    -0.000137  0.000227  0.000026
    -0.000137  0.000227  0.000026
    -0.000318  0.000308  0.000026
    -0.000167  0.000278  0.000026
    -0.000064  0.000179  0.000026
    -0.000054  0.000190  0.000026
    -0.000137  0.000227  0.000026
    -0.000137  0.000227  0.000026
    -0.000137  0.000227  0.000026
    -0.000137  0.000227  0.000026
    -0.000137  0.000227  0.000026
    -0.000137  0.000227  0.000026
    -0.000145  0.000283  0.000026
    -0.000137  0.000227  0.000026
     0.000230  0.000149  0.000026
     0.000407  0.000119  0.000026
     0.000540  0.000097  0.000026
     0.000715  0.000063  0.000026
     0.000705  0.000059  0.000026
     0.000591  0.000075  0.000026
     0.000430  0.000100  0.000026
     0.000174  0.000147  0.000026
    -0.000137  0.000227  0.000026
    -0.000137  0.000227  0.000026
    -0.000137  0.000227  0.000026
    -0.000137  0.000227  0.000026
    -0.000137  0.000227  0.000026
    -0.000137  0.000227  0.000026
    -0.000137  0.000227  0.000026
    -0.000137  0.000227  0.000026
    -0.000137  0.000227  0.000026
    -0.000137  0.000227  0.000026
    -0.000137  0.000227  0.000026
    -0.000137  0.000227  0.000026
    -0.000137  0.000227  0.000026
    -0.000413  0.000101  0.000026
    -0.000484  0.000106  0.000026
    -0.000635  0.000076  0.000026
    -0.000731  0.000111  0.000026
    -0.000804  0.000150  0.000026
    -0.000769  0.000177  0.000026
    -0.000637  0.000206  0.000026
    -0.000565  0.000201  0.000026
    -0.000446  0.000201  0.000026
    -0.000166  0.000399  0.000026
    -0.000144  0.000275  0.000026
    -0.000137  0.000229  0.000026
    -0.000137  0.000227  0.000026
    -0.000137  0.000227  0.000026
    -0.000137  0.000227  0.000026
    -0.000164  0.000413  0.000026
    -0.000318  0.000300  0.000026
    -0.000271  0.000293  0.000026
    -0.000186  0.000153  0.000026
    -0.000083 -0.000002  0.000026
    -0.000091  0.000294  0.000026
    -0.000137  0.000227  0.000026
    -0.000137  0.000227  0.000026
    -0.000137  0.000227  0.000026
    -0.000137  0.000227  0.000026
    -0.000071  0.000266  0.000026
    -0.000083  0.000211  0.000026
     0.013410  0.000812  0.000024
     0.035147 -0.002963  0.000022
     0.050450 -0.007636  0.000020
     0.041557 -0.019343  0.000020
     0.017041 -0.043111  0.000021
     0.008538 -0.069732  0.000020
     0.006231 -0.085273  0.000020
    -0.000522 -0.087169  0.000021
    -0.006885 -0.085240  0.000021
    -0.007896 -0.069776  0.000022
    -0.016362 -0.041980  0.000025
    -0.040908 -0.019707  0.000029
    -0.050289 -0.006809  0.000030
    -0.036242 -0.001686  0.000029
    -0.014157 -0.000048  0.000027
    -0.000367  0.000207  0.000026
    -0.000137  0.000227  0.000026
    -0.000137  0.000227  0.000026
    -0.000137  0.000227  0.000026
    -0.000137  0.000227  0.000026
    -0.000137  0.000227  0.000026
    -0.000287  0.000282  0.000026
    -0.000179  0.000272  0.000026
    -0.000076  0.000241  0.000026
    -0.000034  0.000200  0.000026
    -0.000040  0.000201  0.000026
    -0.000137  0.000227  0.000026
    -0.000137  0.000227  0.000026
    -0.000137  0.000227  0.000026
    -0.000137  0.000227  0.000026
    -0.000137  0.000227  0.000026
    -0.000137  0.000227  0.000026
    -0.000137  0.000227  0.000026
     0.000173  0.000156  0.000026
     0.000392  0.000120  0.000026
     0.000522  0.000098  0.000026
     0.000740  0.000057  0.000026
     0.000779  0.000046  0.000026
     0.000634  0.000067  0.000026
     0.000460  0.000095  0.000026
     0.000207  0.000141  0.000026
     0.000035  0.000177  0.000026
    -0.000137  0.000227  0.000026
    -0.000137  0.000227  0.000026
    -0.000137  0.000227  0.000026
    -0.000137  0.000227  0.000026
    -0.000137  0.000227  0.000026
    -0.000137  0.000227  0.000026
    -0.000137  0.000227  0.000026
    -0.000137  0.000227  0.000026
    -0.000137  0.000227  0.000026
    -0.000137  0.000227  0.000026
    -0.000137  0.000227  0.000026
    -0.000268  0.000163  0.000026
    -0.000439  0.000101  0.000026
    -0.000502  0.000105  0.000026
    -0.000692  0.000083  0.000026
    -0.000784  0.000097  0.000026
    -0.000834  0.000115  0.000026
    -0.000776  0.000122  0.000026
    -0.000626  0.000153  0.000026
    -0.000558  0.000149  0.000026
    -0.000435  0.000222  0.000026
    -0.000137  0.000227  0.000026
    -0.000137  0.000227  0.000026
    -0.000137  0.000227  0.000026
    -0.000137  0.000227  0.000026
    -0.000137  0.000227  0.000026
    -0.000137  0.000227  0.000026
    -0.000162  0.000403  0.000026
    -0.000318  0.000277  0.000026
    -0.000237  0.000238  0.000026
    -0.000201  0.000050  0.000026
    -0.000211  0.000255  0.000026
    -0.000214  0.000206  0.000026
    -0.000137  0.000227  0.000026
    -0.000137  0.000227  0.000026
    -0.000137  0.000227  0.000026
    -0.000137  0.000227  0.000026
    -0.000385  0.000105  0.000026
     0.002170 -0.000446  0.000025
     0.016817 -0.009162  0.000023
     0.042450 -0.018736  0.000020
     0.063166 -0.029896  0.000017
     0.062318 -0.043297  0.000016
     0.038465 -0.057523  0.000018
     0.021641 -0.056669  0.000019
     0.009173 -0.049696  0.000021
     0.000098 -0.046564  0.000022
    -0.008149 -0.049193  0.000023
    -0.022422 -0.057043  0.000025
    -0.040027 -0.057229  0.000027
    -0.060744 -0.044036  0.000028
    -0.063860 -0.031321  0.000030
    -0.043692 -0.016829  0.000029
    -0.018148 -0.009557  0.000027
    -0.002599 -0.000962  0.000026
    -0.000137  0.000227  0.000026
    -0.000137  0.000227  0.000026
    -0.000137  0.000227  0.000026
    -0.000137  0.000227  0.000026
    -0.000137  0.000227  0.000026
    -0.000137  0.000227  0.000026
    -0.000131  0.000243  0.000026
    -0.000087  0.000235  0.000026
    -0.000075  0.000225  0.000026
    -0.000012  0.000201  0.000026
    -0.000137  0.000227  0.000026
    -0.000137  0.000227  0.000026
    -0.000137  0.000227  0.000026
    -0.000137  0.000227  0.000026
    -0.000137  0.000227  0.000026
    -0.000137  0.000227  0.000026
    -0.000137  0.000227  0.000026
     0.000151  0.000159  0.000026
     0.000374  0.000121  0.000026
     0.000499  0.000100  0.000026
     0.000751  0.000053  0.000026
     0.000830  0.000036  0.000026
     0.000727  0.000050  0.000026
     0.000558  0.000077  0.000026
     0.000237  0.000135  0.000026
     0.000117  0.000156  0.000026
    -0.000137  0.000227  0.000026
    -0.000137  0.000227  0.000026
    -0.000137  0.000227  0.000026
    -0.000137  0.000227  0.000026
    -0.000137  0.000227  0.000026
    -0.000137  0.000227  0.000026
    -0.000137  0.000227  0.000026
    -0.000137  0.000227  0.000026
    -0.000137  0.000227  0.000026
    -0.000137  0.000227  0.000026
    -0.000137  0.000227  0.000026
    -0.000409  0.000094  0.000026
    -0.000461  0.000100  0.000026
    -0.000517  0.000104  0.000026
    -0.000726  0.000071  0.000026
    -0.000829  0.000068  0.000026
    -0.000846  0.000067  0.000026
    -0.000771  0.000068  0.000026
    -0.000614  0.000102  0.000026
    -0.000581  0.000156  0.000026
    -0.000418  0.000146  0.000026
    -0.000137  0.000227  0.000026
    -0.000137  0.000227  0.000026
    -0.000137  0.000227  0.000026
    -0.000137  0.000227  0.000026
    -0.000137  0.000227  0.000026
    -0.000137  0.000227  0.000026
    -0.000299  0.000342  0.000026
    -0.000326  0.000255  0.000026
    -0.000259  0.000180  0.000026
    -0.000234  0.000209  0.000026
    -0.000219  0.000214  0.000026
    -0.000195  0.000209  0.000026
    -0.000137  0.000227  0.000026
    -0.000137  0.000227  0.000026
     0.000031 -0.000210  0.000026
     0.000801 -0.002831  0.000025
     0.002294 -0.008812  0.000025
     0.006763 -0.015050  0.000024
     0.026503 -0.022126  0.000021
     0.054970 -0.031469  0.000018
     0.076981 -0.044563  0.000015
     0.067576 -0.047995  0.000015
     0.031006 -0.038970  0.000020
     0.007136 -0.017747  0.000024
     0.001402 -0.003499  0.000026
    -0.000963  0.000006  0.000026
    -0.003794 -0.003651  0.000026
    -0.006371 -0.018741  0.000025
    -0.032994 -0.039099  0.000027
    -0.065711 -0.049989  0.000028
    -0.077293 -0.045078  0.000028
    -0.056088 -0.031731  0.000030
    -0.025874 -0.021065  0.000027
    -0.007983 -0.015365  0.000025
    -0.001086 -0.008110  0.000025
    -0.001186 -0.002275  0.000026
    -0.000787 -0.000218  0.000026
    -0.000137  0.000227  0.000026
    -0.000137  0.000227  0.000026
    -0.000137  0.000227  0.000026
    -0.000170  0.000238  0.000026
    -0.000100  0.000230  0.000026
    -0.000078  0.000219  0.000026
     0.000011  0.000198  0.000026
    -0.000137  0.000227  0.000026
    -0.000137  0.000227  0.000026
    -0.000137  0.000227  0.000026
    -0.000137  0.000227  0.000026
    -0.000137  0.000227  0.000026
    -0.000137  0.000227  0.000026
    -0.000137  0.000227  0.000026
     0.000110  0.000162  0.000026
     0.000411  0.000114  0.000026
     0.000474  0.000103  0.000026
     0.000738  0.000054  0.000026
     0.000850  0.000031  0.000026
     0.000803  0.000036  0.000026
     0.000617  0.000067  0.000026
     0.000260  0.000131  0.000026
     0.000155  0.000149  0.000026
    -0.000091  0.000214  0.000026
    -0.000137  0.000227  0.000026
    -0.000137  0.000227  0.000026
    -0.000137  0.000227  0.000026
    -0.000137  0.000227  0.000026
    -0.000137  0.000227  0.000026
    -0.000137  0.000227  0.000026
    -0.000137  0.000227  0.000026
    -0.000137  0.000227  0.000026
    -0.000137  0.000227  0.000026
    -0.000137  0.000227  0.000026
    -0.000436  0.000091  0.000026
    -0.000482  0.000098  0.000026
    -0.000577  0.000100  0.000026
    -0.000737  0.000049  0.000026
    -0.000855  0.000022  0.000026
    -0.000850  0.000020  0.000026
    -0.000759  0.000016  0.000026
    -0.000643  0.000095  0.000026
    -0.000557  0.000085  0.000026
    -0.000415  0.000108  0.000026
    -0.000137  0.000227  0.000026
    -0.000137  0.000227  0.000026
    -0.000137  0.000227  0.000026
    -0.000137  0.000227  0.000026
    -0.000137  0.000227  0.000026
    -0.000280  0.000157  0.000026
    -0.000410  0.000215  0.000026
    -0.000285  0.000165  0.000026
    -0.000251  0.000210  0.000026
    -0.000204  0.000225  0.000026
    -0.000197  0.000202  0.000026
    -0.000213  0.000198  0.000026
    -0.000137  0.000227  0.000026
     0.000971 -0.000244  0.000026
     0.003317 -0.003936  0.000025
     0.005199 -0.011381  0.000024
     0.007971 -0.020103  0.000023
     0.015206 -0.030107  0.000022
     0.033035 -0.036679  0.000020
     0.065670 -0.039823  0.000016
     0.080925 -0.041196  0.000014
     0.052802 -0.027907  0.000018
     0.012031 -0.009805  0.000024
    -0.006509  0.002363  0.000027
    -0.006424  0.012758  0.000028
     0.000507  0.017408  0.000027
     0.007004  0.013486  0.000026
     0.005189  0.003088  0.000026
    -0.011237 -0.007599  0.000027
    -0.052500 -0.026878  0.000028
    -0.081420 -0.040956  0.000028
    -0.066152 -0.039442  0.000029
    -0.033242 -0.035639  0.000026
    -0.014954 -0.030295  0.000025
    -0.009760 -0.021281  0.000025
    -0.004676 -0.010934  0.000025
    -0.003129 -0.002790  0.000026
    -0.001435 -0.000398  0.000026
    -0.000137  0.000227  0.000026
    -0.000137  0.000227  0.000026
    -0.000137  0.000227  0.000026
    -0.000177  0.000243  0.000026
    -0.000106  0.000226  0.000026
    -0.000119  0.000222  0.000026
     0.000077  0.000170  0.000026
    -0.000137  0.000227  0.000026
    -0.000137  0.000227  0.000026
    -0.000137  0.000227  0.000026
    -0.000137  0.000227  0.000026
    -0.000137  0.000227  0.000026
    -0.000137  0.000227  0.000026
     0.000090  0.000163  0.000026
     0.000361  0.000119  0.000026
     0.000520  0.000094  0.000026
     0.000715  0.000056  0.000026
     0.000856  0.000029  0.000026
     0.000845  0.000028  0.000026
     0.000636  0.000064  0.000026
     0.000363  0.000112  0.000026
     0.000188  0.000143  0.000026
     0.000032  0.000178  0.000026
    -0.000137  0.000227  0.000026
    -0.000137  0.000227  0.000026
    -0.000137  0.000227  0.000026
    -0.000137  0.000227  0.000026
    -0.000137  0.000227  0.000026
    -0.000137  0.000227  0.000026
    -0.000137  0.000227  0.000026
    -0.000137  0.000227  0.000026
    -0.000137  0.000227  0.000026
    -0.000137  0.000227  0.000026
    -0.000458  0.000089  0.000026
    -0.000504  0.000096  0.000026
    -0.000610  0.000087  0.000026
    -0.000773  0.000022  0.000026
    -0.000875 -0.000028  0.000026
    -0.000855 -0.000034  0.000026
    -0.000746 -0.000031  0.000026
    -0.000640  0.000022  0.000026
    -0.000551  0.000057  0.000026
    -0.000417  0.000096  0.000026
    -0.000137  0.000227  0.000026
    -0.000137  0.000227  0.000026
    -0.000137  0.000227  0.000026
    -0.000137  0.000227  0.000026
    -0.000137  0.000227  0.000026
    -0.000411  0.000093  0.000026
    -0.000430  0.000134  0.000026
    -0.000190  0.000201  0.000026
    -0.000241  0.000208  0.000026
    -0.000168  0.000247  0.000026
    -0.000137  0.000227  0.000026
    -0.000084  0.000167  0.000026
    -0.000198  0.000654  0.000026
     0.003263 -0.000074  0.000025
     0.008104 -0.004979  0.000025
     0.014626 -0.011876  0.000023
     0.020103 -0.022027  0.000022
     0.021722 -0.029419  0.000021
     0.032686 -0.032824  0.000020
     0.063536 -0.030454  0.000017
     0.073449 -0.017116  0.000016
     0.034892 -0.005251  0.000022
     0.000054  0.003639  0.000026
    -0.015888  0.011659  0.000029
    -0.011122  0.017486  0.000029
    -0.001210  0.018299  0.000028
     0.010806  0.017378  0.000026
     0.014033  0.012353  0.000026
    -0.001381  0.003830  0.000027
    -0.034724 -0.002533  0.000029
    -0.072149 -0.016551  0.000028
    -0.063462 -0.029055  0.000029
    -0.031720 -0.032151  0.000027
    -0.020127 -0.029483  0.000026
    -0.018912 -0.020883  0.000026
    -0.015379 -0.012586  0.000026
    -0.008392 -0.003850  0.000026
    -0.003484 -0.000021  0.000026
    -0.000190  0.000595  0.000026
    -0.000191  0.000245  0.000026
    -0.000137  0.000227  0.000026
    -0.000215  0.000257  0.000026
    -0.000148  0.000234  0.000026
    -0.000137  0.000227  0.000026
     0.000137  0.000162  0.000026
    -0.000048  0.000201  0.000026
    -0.000137  0.000227  0.000026
    -0.000137  0.000227  0.000026
    -0.000137  0.000227  0.000026
    -0.000137  0.000227  0.000026
    -0.000137  0.000227  0.000026
     0.000009  0.000184  0.000026
     0.000347  0.000120  0.000026
     0.000510  0.000093  0.000026
     0.000690  0.000059  0.000026
     0.000863  0.000026  0.000026
     0.000877  0.000021  0.000026
     0.000697  0.000052  0.000026
     0.000420  0.000102  0.000026
     0.000221  0.000136  0.000026
     0.000124  0.000152  0.000026
    -0.000137  0.000227  0.000026
    -0.000137  0.000227  0.000026
    -0.000137  0.000227  0.000026
    -0.000137  0.000227  0.000026
    -0.000137  0.000227  0.000026
    -0.000137  0.000227  0.000026
    -0.000137  0.000227  0.000026
    -0.000137  0.000227  0.000026
    -0.000137  0.000227  0.000026
    -0.000137  0.000227  0.000026
    -0.000478  0.000087  0.000026
    -0.000563  0.000088  0.000026
    -0.000639  0.000065  0.000026
    -0.000793 -0.000014  0.000026
    -0.000884 -0.000076  0.000026
    -0.000859 -0.000093  0.000026
    -0.000766 -0.000066  0.000026
    -0.000651 -0.000015  0.000026
    -0.000536  0.000112  0.000026
    -0.000403  0.000097  0.000026
    -0.000137  0.000227  0.000026
    -0.000137  0.000227  0.000026
    -0.000137  0.000227  0.000026
    -0.000137  0.000227  0.000026
    -0.000137  0.000227  0.000026
    -0.000439  0.000085  0.000026
    -0.000400  0.000144  0.000026
    -0.000213  0.000190  0.000026
    -0.000166  0.000251  0.000026
    -0.000005  0.000113  0.000026
     0.000017  0.000186  0.000026
    -0.000000  0.000321  0.000026
     0.000005  0.001203  0.000026
     0.004497  0.000707  0.000025
     0.013768 -0.000420  0.000024
     0.021356 -0.003498  0.000023
     0.026971 -0.004516  0.000023
     0.024130 -0.004322  0.000023
     0.031470 -0.005485  0.000022
     0.050257 -0.004522  0.000020
     0.066854  0.005515  0.000019
     0.024957  0.007857  0.000024
    -0.004009  0.007853  0.000027
    -0.017950  0.007784  0.000028
    -0.013251  0.008068  0.000028
    -0.000265  0.006374  0.000026
     0.013157  0.008058  0.000025
     0.016829  0.006721  0.000025
     0.003393  0.007929  0.000026
    -0.025704  0.006860  0.000029
    -0.065307  0.006089  0.000028
    -0.049459 -0.002137  0.000029
    -0.030663 -0.004476  0.000029
    -0.021630 -0.005188  0.000028
    -0.025016 -0.005405  0.000028
    -0.022638 -0.003269  0.000028
    -0.014119  0.000162  0.000027
    -0.004792  0.000945  0.000026
    -0.000369  0.001372  0.000026
    -0.000270  0.000144  0.000026
    -0.000216  0.000228  0.000026
    -0.000338  0.000301  0.000026
    -0.000213  0.000258  0.000026
    -0.000137  0.000227  0.000026
     0.000071  0.000178  0.000026
     0.000025  0.000180  0.000026
    -0.000137  0.000227  0.000026
    -0.000137  0.000227  0.000026
    -0.000137  0.000227  0.000026
    -0.000137  0.000227  0.000026
    -0.000137  0.000227  0.000026
    -0.000080  0.000210  0.000026
     0.000296  0.000128  0.000026
     0.000526  0.000089  0.000026
     0.000720  0.000052  0.000026
     0.000868  0.000024  0.000026
     0.000893  0.000017  0.000026
     0.000728  0.000046  0.000026
     0.000469  0.000093  0.000026
     0.000301  0.000120  0.000026
     0.000154  0.000146  0.000026
    -0.000137  0.000227  0.000026
    -0.000137  0.000227  0.000026
    -0.000137  0.000227  0.000026
    -0.000137  0.000227  0.000026
    -0.000137  0.000227  0.000026
    -0.000137  0.000227  0.000026
    -0.000137  0.000227  0.000026
    -0.000137  0.000227  0.000026
    -0.000137  0.000227  0.000026
    -0.000137  0.000227  0.000026
    -0.000493  0.000085  0.000026
    -0.000640  0.000085  0.000026
    -0.000666  0.000036  0.000026
    -0.000801 -0.000052  0.000026
    -0.000886 -0.000123  0.000026
    -0.000859 -0.000151  0.000026
    -0.000764 -0.000089  0.000026
    -0.000652 -0.000041  0.000026
    -0.000548  0.000102  0.000026
    -0.000407  0.000095  0.000026
    -0.000137  0.000227  0.000026
    -0.000137  0.000227  0.000026
    -0.000137  0.000227  0.000026
    -0.000137  0.000227  0.000026
    -0.000137  0.000227  0.000026
    -0.000424  0.000092  0.000026
    -0.000410  0.000121  0.000026
    -0.000245  0.000200  0.000026
    -0.000033  0.000036  0.000026
     0.000106  0.000086  0.000026
     0.000127  0.000187  0.000026
     0.000064  0.000326  0.000026
     0.000196  0.001426  0.000026
     0.005510  0.001699  0.000025
     0.014381  0.006941  0.000025
     0.020257  0.013713  0.000025
     0.023140  0.020183  0.000025
     0.021762  0.027624  0.000026
     0.032238  0.029391  0.000025
     0.051669  0.028202  0.000022
     0.066980  0.018218  0.000020
     0.029928  0.002754  0.000023
    -0.001262 -0.002967  0.000026
    -0.016202 -0.009543  0.000027
    -0.013542 -0.010599  0.000026
     0.001024 -0.009304  0.000025
     0.012538 -0.010100  0.000024
     0.015802 -0.008811  0.000024
    -0.000654 -0.003374  0.000026
    -0.030145  0.003051  0.000029
    -0.067433  0.018642  0.000028
    -0.053991  0.027286  0.000030
    -0.033867  0.029246  0.000032
    -0.023753  0.026027  0.000031
    -0.023662  0.019746  0.000030
    -0.021212  0.012227  0.000029
    -0.014161  0.006477  0.000028
    -0.005531  0.002291  0.000026
    -0.000608  0.001647  0.000026
    -0.000362  0.000122  0.000026
    -0.000454  0.000190  0.000026
    -0.000436  0.000334  0.000026
    -0.000279  0.000290  0.000026
    -0.000149  0.000232  0.000026
     0.000033  0.000180  0.000026
    -0.000015  0.000191  0.000026
    -0.000137  0.000227  0.000026
    -0.000137  0.000227  0.000026
    -0.000137  0.000227  0.000026
    -0.000137  0.000227  0.000026
    -0.000137  0.000227  0.000026
    -0.000085  0.000212  0.000026
     0.000295  0.000125  0.000026
     0.000525  0.000087  0.000026
     0.000716  0.000052  0.000026
     0.000867  0.000023  0.000026
     0.000895  0.000015  0.000026
     0.000742  0.000042  0.000026
     0.000514  0.000084  0.000026
     0.000434  0.000095  0.000026
     0.000176  0.000142  0.000026
    -0.000137  0.000227  0.000026
    -0.000137  0.000227  0.000026
    -0.000137  0.000227  0.000026
    -0.000137  0.000227  0.000026
    -0.000137  0.000227  0.000026
    -0.000137  0.000227  0.000026
    -0.000137  0.000227  0.000026
    -0.000137  0.000227  0.000026
    -0.000137  0.000227  0.000026
    -0.000137  0.000227  0.000026
    -0.000504  0.000083  0.000026
    -0.000675  0.000081  0.000026
    -0.000688  0.000000  0.000026
    -0.000803 -0.000088  0.000026
    -0.000882 -0.000167  0.000026
    -0.000893 -0.000197  0.000026
    -0.000774 -0.000117  0.000026
    -0.000654  0.000028  0.000026
    -0.000488  0.000103  0.000026
    -0.000423  0.000087  0.000026
    -0.000137  0.000227  0.000026
    -0.000137  0.000227  0.000026
    -0.000137  0.000227  0.000026
    -0.000137  0.000227  0.000026
    -0.000137  0.000227  0.000026
    -0.000365  0.000115  0.000026
    -0.000363  0.000151  0.000026
    -0.000187  0.000236  0.000026
     0.000018  0.000020  0.000026
     0.000151  0.000033  0.000026
     0.000176  0.000160  0.000026
     0.000108  0.000193  0.000026
    -0.000144  0.001045  0.000026
     0.003405  0.001635  0.000026
     0.009547  0.008373  0.000026
     0.013363  0.016653  0.000026
     0.014949  0.026623  0.000027
     0.018363  0.038519  0.000027
     0.032723  0.044617  0.000026
     0.065783  0.043428  0.000022
     0.079403  0.030170  0.000019
     0.046294  0.007449  0.000022
     0.008730 -0.005048  0.000025
    -0.011691 -0.017872  0.000026
    -0.009333 -0.023992  0.000025
    -0.000380 -0.027782  0.000024
     0.009902 -0.024483  0.000023
     0.010404 -0.018736  0.000023
    -0.010022 -0.005587  0.000027
    -0.047090  0.007855  0.000029
    -0.081194  0.029366  0.000028
    -0.066374  0.041235  0.000030
    -0.033654  0.043481  0.000033
    -0.020683  0.037990  0.000031
    -0.014064  0.026248  0.000030
    -0.011295  0.017516  0.000028
    -0.008649  0.009456  0.000027
    -0.004045  0.002112  0.000026
    -0.000360  0.001229  0.000026
    -0.000435  0.000223  0.000026
    -0.000485  0.000164  0.000026
    -0.000454  0.000338  0.000026
    -0.000308  0.000309  0.000026
    -0.000168  0.000253  0.000026
    -0.000006  0.000195  0.000026
    -0.000137  0.000227  0.000026
    -0.000137  0.000227  0.000026
    -0.000137  0.000227  0.000026
    -0.000137  0.000227  0.000026
    -0.000137  0.000227  0.000026
    -0.000137  0.000227  0.000026
    -0.000074  0.000209  0.000026
     0.000191  0.000144  0.000026
     0.000501  0.000090  0.000026
     0.000731  0.000049  0.000026
     0.000922  0.000011  0.000026
     0.000887  0.000016  0.000026
     0.000746  0.000041  0.000026
     0.000549  0.000077  0.000026
     0.000486  0.000085  0.000026
     0.000189  0.000139  0.000026
    -0.000137  0.000227  0.000026
    -0.000137  0.000227  0.000026
    -0.000137  0.000227  0.000026
    -0.000137  0.000227  0.000026
    -0.000137  0.000227  0.000026
    -0.000137  0.000227  0.000026
    -0.000137  0.000227  0.000026
    -0.000137  0.000227  0.000026
    -0.000137  0.000227  0.000026
    -0.000137  0.000227  0.000026
    -0.000510  0.000082  0.000026
    -0.000705  0.000077  0.000026
    -0.000750 -0.000029  0.000026
    -0.000733 -0.000065  0.000026
    -0.000875 -0.000052  0.000026
    -0.000914 -0.000212  0.000026
    -0.000796 -0.000122  0.000026
    -0.000650  0.000102  0.000026
    -0.000502  0.000095  0.000026
    -0.000367  0.000114  0.000026
    -0.000137  0.000227  0.000026
    -0.000137  0.000227  0.000026
    -0.000137  0.000227  0.000026
    -0.000137  0.000227  0.000026
    -0.000137  0.000227  0.000026
    -0.000307  0.000144  0.000026
    -0.000310  0.000190  0.000026
    -0.000165  0.000237  0.000026
     0.000025  0.000093  0.000026
     0.000143 -0.000044  0.000026
     0.000190  0.000067  0.000026
     0.000056  0.000123  0.000026
    -0.000137  0.000227  0.000026
     0.001780  0.000898  0.000026
     0.002878  0.003447  0.000026
     0.002754  0.010243  0.000026
     0.004764  0.018978  0.000027
     0.011210  0.025835  0.000027
     0.029959  0.033567  0.000026
     0.069253  0.039848  0.000021
     0.090036  0.042590  0.000018
     0.073343  0.023810  0.000019
     0.031566 -0.001656  0.000023
     0.003695 -0.016666  0.000024
     0.001236 -0.034825  0.000023
    -0.000966 -0.038563  0.000023
    -0.002047 -0.034978  0.000023
    -0.003590 -0.016080  0.000025
    -0.032560  0.000606  0.000029
    -0.074414  0.023726  0.000028
    -0.091164  0.041210  0.000028
    -0.069799  0.038437  0.000031
    -0.030981  0.034881  0.000032
    -0.010411  0.026258  0.000029
    -0.006020  0.019335  0.000028
    -0.004336  0.010869  0.000027
    -0.003771  0.003681  0.000026
    -0.002171  0.001088  0.000026
    -0.000137  0.000227  0.000026
    -0.000223  0.000256  0.000026
    -0.000501  0.000315  0.000026
    -0.000397  0.000349  0.000026
    -0.000325  0.000318  0.000026
    -0.000160  0.000264  0.000026
    -0.000046  0.000213  0.000026
    -0.000137  0.000227  0.000026
    -0.000137  0.000227  0.000026
    -0.000137  0.000227  0.000026
    -0.000137  0.000227  0.000026
    -0.000137  0.000227  0.000026
    -0.000137  0.000227  0.000026
    -0.000137  0.000227  0.000026
     0.000199  0.000141  0.000026
     0.000466  0.000095  0.000026
     0.000758  0.000043  0.000026
     0.000951  0.000005  0.000026
     0.000835  0.000024  0.000026
     0.000632  0.000063  0.000026
     0.000635  0.000059  0.000026
     0.000526  0.000077  0.000026
     0.000192  0.000138  0.000026
    -0.000137  0.000227  0.000026
    -0.000137  0.000227  0.000026
    -0.000137  0.000227  0.000026
    -0.000137  0.000227  0.000026
    -0.000137  0.000227  0.000026
    -0.000137  0.000227  0.000026
    -0.000137  0.000227  0.000026
    -0.000137  0.000227  0.000026
    -0.000137  0.000227  0.000026
    -0.000137  0.000227  0.000026
    -0.000515  0.000080  0.000026
    -0.000730  0.000072  0.000026
    -0.000778  0.000034  0.000026
    -0.000752 -0.000029  0.000026
    -0.000913 -0.000110  0.000026
    -0.000942 -0.000167  0.000026
    -0.000822 -0.000051  0.000026
    -0.000648  0.000098  0.000026
    -0.000518  0.000092  0.000026
    -0.000434  0.000082  0.000026
    -0.000137  0.000227  0.000026
    -0.000137  0.000227  0.000026
    -0.000137  0.000227  0.000026
    -0.000137  0.000227  0.000026
    -0.000137  0.000227  0.000026
    -0.000288  0.000153  0.000026
    -0.000293  0.000213  0.000026
    -0.000174  0.000317  0.000026
    -0.000010  0.000143  0.000026
     0.000083  0.000122  0.000026
     0.000136  0.000172  0.000026
    -0.000136  0.000216  0.000026
    -0.000137  0.000227  0.000026
     0.000513  0.000037  0.000026
     0.000967  0.000493  0.000026
     0.000380  0.001722  0.000026
    -0.000975  0.004476  0.000026
     0.002019  0.010579  0.000026
     0.022295  0.016317  0.000025
     0.064875  0.027678  0.000021
     0.091827  0.034716  0.000018
     0.091695  0.027537  0.000017
     0.064445  0.010967  0.000019
     0.031647 -0.012441  0.000022
     0.015827 -0.030845  0.000022
    -0.000054 -0.034295  0.000023
    -0.015203 -0.029813  0.000025
    -0.033324 -0.010787  0.000029
    -0.065215  0.011491  0.000028
    -0.092245  0.028931  0.000027
    -0.093354  0.034435  0.000028
    -0.065767  0.027440  0.000031
    -0.022946  0.016647  0.000030
    -0.004907  0.011770  0.000027
     0.000173  0.003949  0.000026
    -0.000784  0.001594  0.000026
    -0.001436  0.000538  0.000026
    -0.000957 -0.000147  0.000026
    -0.000139  0.000226  0.000026
    -0.000137  0.000227  0.000026
    -0.000458  0.000353  0.000026
    -0.000352  0.000339  0.000026
    -0.000270  0.000312  0.000026
    -0.000158  0.000269  0.000026
    -0.000048  0.000220  0.000026
    -0.000137  0.000227  0.000026
    -0.000137  0.000227  0.000026
    -0.000137  0.000227  0.000026
    -0.000137  0.000227  0.000026
    -0.000137  0.000227  0.000026
    -0.000137  0.000227  0.000026
    -0.000078  0.000210  0.000026
     0.000220  0.000137  0.000026
     0.000453  0.000097  0.000026
     0.000772  0.000039  0.000026
     0.000973  0.000000  0.000026
     0.000906  0.000010  0.000026
     0.000644  0.000060  0.000026
     0.000655  0.000054  0.000026
     0.000558  0.000070  0.000026
     0.000200  0.000137  0.000026
    -0.000137  0.000227  0.000026
    -0.000137  0.000227  0.000026
    -0.000137  0.000227  0.000026
    -0.000137  0.000227  0.000026
    -0.000137  0.000227  0.000026
    -0.000137  0.000227  0.000026
    -0.000137  0.000227  0.000026
    -0.000137  0.000227  0.000026
    -0.000137  0.000227  0.000026
    -0.000137  0.000227  0.000026
    -0.000573  0.000076  0.000026
    -0.000747  0.000068  0.000026
    -0.000802  0.000072  0.000026
    -0.000767  0.000082  0.000026
    -0.000927 -0.000067  0.000026
    -0.000960 -0.000119  0.000026
    -0.000847  0.000014  0.000026
    -0.000668  0.000093  0.000026
    -0.000521  0.000092  0.000026
    -0.000511  0.000065  0.000026
    -0.000137  0.000227  0.000026
    -0.000137  0.000227  0.000026
    -0.000137  0.000227  0.000026
    -0.000137  0.000227  0.000026
    -0.000137  0.000227  0.000026
    -0.000266  0.000164  0.000026
    -0.000297  0.000217  0.000026
    -0.000154  0.000319  0.000026
    -0.000083  0.000303  0.000026
     0.000020  0.000347  0.000026
     0.000050  0.000423  0.000026
    -0.000048  0.000280  0.000026
     0.000004  0.000186  0.000026
     0.000685 -0.000013  0.000026
     0.000462  0.000052  0.000026
    -0.000212  0.000190  0.000026
    -0.000727 -0.000044  0.000026
     0.001484 -0.000026  0.000026
     0.019311  0.000366  0.000024
     0.061400 -0.000337  0.000020
     0.091687 -0.001767  0.000015
     0.095321  0.000179  0.000015
     0.079885  0.000886  0.000017
     0.053615  0.000771  0.000020
     0.024918 -0.001916  0.000023
     0.000476  0.000150  0.000026
    -0.026757  0.001097  0.000029
    -0.054577  0.000785  0.000028
    -0.081163  0.000641  0.000027
    -0.094958  0.000345  0.000027
    -0.090962  0.000707  0.000029
    -0.062902  0.001475  0.000032
    -0.021235 -0.000170  0.000028
    -0.001980  0.000050  0.000026
     0.000386  0.000074  0.000026
    -0.000137  0.000227  0.000026
    -0.000913 -0.000015  0.000026
    -0.001128 -0.000142  0.000026
    -0.000481  0.000058  0.000026
    -0.000137  0.000227  0.000026
    -0.000414  0.000342  0.000026
    -0.000340  0.000334  0.000026
    -0.000203  0.000299  0.000026
    -0.000194  0.000276  0.000026
    -0.000053  0.000222  0.000026
    -0.000137  0.000227  0.000026
    -0.000137  0.000227  0.000026
    -0.000137  0.000227  0.000026
    -0.000137  0.000227  0.000026
    -0.000137  0.000227  0.000026
    -0.000137  0.000227  0.000026
     0.000181  0.000136  0.000026
     0.000226  0.000136  0.000026
     0.000471  0.000092  0.000026
     0.000786  0.000035  0.000026
     0.000984 -0.000003  0.000026
     0.000913  0.000008  0.000026
     0.000623  0.000062  0.000026
     0.000671  0.000050  0.000026
     0.000579  0.000066  0.000026
     0.000296  0.000118  0.000026
    -0.000137  0.000227  0.000026
    -0.000137  0.000227  0.000026
    -0.000137  0.000227  0.000026
    -0.000137  0.000227  0.000026
    -0.000137  0.000227  0.000026
    -0.000137  0.000227  0.000026
    -0.000137  0.000227  0.000026
    -0.000137  0.000227  0.000026
    -0.000137  0.000227  0.000026
    -0.000137  0.000227  0.000026
    -0.000508  0.000083  0.000026
    -0.000752  0.000065  0.000026
    -0.000817  0.000066  0.000026
    -0.000825  0.000070  0.000026
    -0.000944 -0.000024  0.000026
    -0.000974 -0.000069  0.000026
    -0.000867  0.000085  0.000026
    -0.000683  0.000088  0.000026
    -0.000518  0.000093  0.000026
    -0.000409  0.000094  0.000026
    -0.000137  0.000227  0.000026
    -0.000137  0.000227  0.000026
    -0.000137  0.000227  0.000026
    -0.000137  0.000227  0.000026
    -0.000137  0.000227  0.000026
    -0.000282  0.000156  0.000026
    -0.000322  0.000202  0.000026
    -0.000190  0.000312  0.000026
    -0.000139  0.000374  0.000026
    -0.000059  0.000420  0.000026
    -0.000022  0.000395  0.000026
    -0.000115  0.000255  0.000026
    -0.000137  0.000227  0.000026
     0.000468  0.000051  0.000026
     0.001187 -0.000159  0.000026
     0.000185 -0.000540  0.000026
    -0.001065 -0.003261  0.000026
     0.004469 -0.010220  0.000024
     0.022468 -0.015349  0.000022
     0.065286 -0.026060  0.000017
     0.092853 -0.032534  0.000014
     0.092112 -0.027205  0.000014
     0.064121 -0.010960  0.000018
     0.032038  0.012173  0.000024
     0.015201  0.030634  0.000027
    -0.001477  0.035014  0.000029
    -0.014815  0.030341  0.000030
    -0.032240  0.011477  0.000029
    -0.064288 -0.011163  0.000028
    -0.091361 -0.027070  0.000027
    -0.092235 -0.033667  0.000028
    -0.067466 -0.027257  0.000031
    -0.023725 -0.016523  0.000027
    -0.003570 -0.009710  0.000025
     0.000640 -0.003051  0.000025
    -0.000909 -0.000578  0.000026
    -0.001582 -0.000337  0.000026
    -0.000906 -0.000065  0.000026
    -0.000300  0.000147  0.000026
    -0.000137  0.000227  0.000026
    -0.000359  0.000326  0.000026
    -0.000272  0.000318  0.000026
    -0.000183  0.000290  0.000026
    -0.000145  0.000265  0.000026
    -0.000026  0.000213  0.000026
    -0.000137  0.000227  0.000026
    -0.000137  0.000227  0.000026
    -0.000137  0.000227  0.000026
    -0.000137  0.000227  0.000026
    -0.000137  0.000227  0.000026
    -0.000137  0.000227  0.000026
    -0.000088  0.000213  0.000026
     0.000222  0.000136  0.000026
     0.000483  0.000089  0.000026
     0.000792  0.000033  0.000026
     0.000988 -0.000004  0.000026
     0.000923  0.000006  0.000026
     0.000690  0.000048  0.000026
     0.000682  0.000047  0.000026
     0.000576  0.000066  0.000026
     0.000195  0.000138  0.000026
    -0.000137  0.000227  0.000026
    -0.000137  0.000227  0.000026
    -0.000137  0.000227  0.000026
    -0.000137  0.000227  0.000026
    -0.000137  0.000227  0.000026
    -0.000137  0.000227  0.000026
    -0.000137  0.000227  0.000026
    -0.000137  0.000227  0.000026
    -0.000137  0.000227  0.000026
    -0.000137  0.000227  0.000026
    -0.000510  0.000081  0.000026
    -0.000748  0.000062  0.000026
    -0.000829  0.000061  0.000026
    -0.000843  0.000064  0.000026
    -0.000908  0.000018  0.000026
    -0.000984 -0.000003  0.000026
    -0.000880  0.000080  0.000026
    -0.000701  0.000086  0.000026
    -0.000520  0.000091  0.000026
    -0.000398  0.000099  0.000026
    -0.000137  0.000227  0.000026
    -0.000137  0.000227  0.000026
    -0.000137  0.000227  0.000026
    -0.000137  0.000227  0.000026
    -0.000137  0.000227  0.000026
    -0.000270  0.000162  0.000026
    -0.000331  0.000183  0.000026
    -0.000241  0.000281  0.000026
    -0.000156  0.000344  0.000026
    -0.000110  0.000395  0.000026
    -0.000114  0.000343  0.000026
    -0.000151  0.000273  0.000026
    -0.000137  0.000227  0.000026
     0.002327 -0.000492  0.000025
     0.003888 -0.004096  0.000025
     0.004008 -0.010243  0.000025
     0.004970 -0.017308  0.000024
     0.009869 -0.026161  0.000023
     0.028642 -0.032785  0.000020
     0.068562 -0.038359  0.000016
     0.090270 -0.039627  0.000013
     0.074163 -0.022634  0.000016
     0.031484 -0.000328  0.000023
     0.002960  0.015579  0.000027
     0.002554  0.034780  0.000029
     0.001148  0.038142  0.000029
    -0.001519  0.034671  0.000029
    -0.004405  0.015726  0.000028
    -0.032547  0.001351  0.000030
    -0.073807 -0.021546  0.000028
    -0.089968 -0.039862  0.000027
    -0.069666 -0.037869  0.000030
    -0.028992 -0.033466  0.000026
    -0.010897 -0.025036  0.000025
    -0.004333 -0.017750  0.000025
    -0.002464 -0.009588  0.000025
    -0.003734 -0.003180  0.000026
    -0.002610 -0.000983  0.000026
    -0.000137  0.000227  0.000026
    -0.000290  0.000280  0.000026
    -0.000298  0.000302  0.000026
    -0.000239  0.000307  0.000026
    -0.000203  0.000286  0.000026
    -0.000106  0.000249  0.000026
    -0.000026  0.000208  0.000026
    -0.000137  0.000227  0.000026
    -0.000137  0.000227  0.000026
    -0.000137  0.000227  0.000026
    -0.000137  0.000227  0.000026
    -0.000137  0.000227  0.000026
    -0.000137  0.000227  0.000026
    -0.000113  0.000220  0.000026
     0.000219  0.000137  0.000026
     0.000508  0.000084  0.000026
     0.000800  0.000031  0.000026
     0.000984 -0.000004  0.000026
     0.000859  0.000018  0.000026
     0.000704  0.000044  0.000026
     0.000687  0.000045  0.000026
     0.000560  0.000068  0.000026
     0.000194  0.000138  0.000026
    -0.000137  0.000227  0.000026
    -0.000137  0.000227  0.000026
    -0.000137  0.000227  0.000026
    -0.000137  0.000227  0.000026
    -0.000137  0.000227  0.000026
    -0.000137  0.000227  0.000026
    -0.000137  0.000227  0.000026
    -0.000137  0.000227  0.000026
    -0.000137  0.000227  0.000026
    -0.000137  0.000227  0.000026
    -0.000517  0.000079  0.000026
    -0.000737  0.000060  0.000026
    -0.000810  0.000056  0.000026
    -0.000919  0.000056  0.000026
    -0.000987  0.000061  0.000026
    -0.000994  0.000067  0.000026
    -0.000887  0.000076  0.000026
    -0.000738  0.000083  0.000026
    -0.000534  0.000090  0.000026
    -0.000471  0.000067  0.000026
    -0.000137  0.000227  0.000026
    -0.000137  0.000227  0.000026
    -0.000137  0.000227  0.000026
    -0.000137  0.000227  0.000026
    -0.000147  0.000222  0.000026
    -0.000340  0.000128  0.000026
    -0.000351  0.000156  0.000026
    -0.000283  0.000229  0.000026
    -0.000212  0.000313  0.000026
    -0.000147  0.000341  0.000026
    -0.000171  0.000320  0.000026
    -0.000209  0.000278  0.000026
     0.000350  0.000085  0.000026
     0.004650 -0.002580  0.000025
     0.008333 -0.008910  0.000024
     0.010985 -0.015635  0.000023
     0.015648 -0.027403  0.000022
     0.020410 -0.037712  0.000021
     0.034731 -0.044606  0.000019
     0.064939 -0.042199  0.000016
     0.080242 -0.028935  0.000015
     0.047263 -0.008316  0.000020
     0.009171  0.006464  0.000026
    -0.010694  0.017503  0.000029
    -0.009444  0.024327  0.000029
    -0.000432  0.027346  0.000028
     0.009226  0.024365  0.000027
     0.010187  0.018293  0.000026
    -0.010023  0.006494  0.000028
    -0.047354 -0.007163  0.000029
    -0.080178 -0.027458  0.000028
    -0.065782 -0.041170  0.000029
    -0.033517 -0.044261  0.000026
    -0.017765 -0.039307  0.000025
    -0.014203 -0.026727  0.000025
    -0.011593 -0.016598  0.000026
    -0.009474 -0.008246  0.000026
    -0.004399 -0.001618  0.000026
    -0.000966 -0.000179  0.000026
    -0.000214  0.000270  0.000026
    -0.000245  0.000288  0.000026
    -0.000250  0.000294  0.000026
    -0.000153  0.000268  0.000026
    -0.000095  0.000233  0.000026
    -0.000013  0.000197  0.000026
    -0.000137  0.000227  0.000026
    -0.000137  0.000227  0.000026
    -0.000137  0.000227  0.000026
    -0.000137  0.000227  0.000026
    -0.000137  0.000227  0.000026
    -0.000137  0.000227  0.000026
    -0.000017  0.000192  0.000026
     0.000234  0.000134  0.000026
     0.000561  0.000075  0.000026
     0.000797  0.000031  0.000026
     0.000975 -0.000003  0.000026
     0.000948 -0.000001  0.000026
     0.000824  0.000020  0.000026
     0.000637  0.000054  0.000026
     0.000534  0.000072  0.000026
     0.000201  0.000136  0.000026
    -0.000137  0.000227  0.000026
    -0.000137  0.000227  0.000026
    -0.000137  0.000227  0.000026
    -0.000137  0.000227  0.000026
    -0.000137  0.000227  0.000026
    -0.000137  0.000227  0.000026
    -0.000137  0.000227  0.000026
    -0.000137  0.000227  0.000026
    -0.000137  0.000227  0.000026
    -0.000137  0.000227  0.000026
    -0.000516  0.000078  0.000026
    -0.000712  0.000060  0.000026
    -0.000803  0.000053  0.000026
    -0.000939  0.000050  0.000026
    -0.001020  0.000053  0.000026
    -0.000977  0.000067  0.000026
    -0.000891  0.000072  0.000026
    -0.000772  0.000080  0.000026
    -0.000605  0.000085  0.000026
    -0.000475  0.000066  0.000026
    -0.000137  0.000227  0.000026
    -0.000137  0.000227  0.000026
    -0.000137  0.000227  0.000026
    -0.000137  0.000227  0.000026
    -0.000137  0.000227  0.000026
    -0.000479  0.000076  0.000026
    -0.000367  0.000135  0.000026
    -0.000298  0.000179  0.000026
    -0.000264  0.000261  0.000026
    -0.000186  0.000305  0.000026
    -0.000209  0.000289  0.000026
    -0.000303  0.000231  0.000026
     0.000869 -0.000067  0.000026
     0.005638 -0.003017  0.000025
     0.013686 -0.005976  0.000024
     0.019918 -0.010977  0.000023
     0.024710 -0.020628  0.000022
     0.023971 -0.026322  0.000021
     0.034008 -0.028722  0.000020
     0.052130 -0.026869  0.000019
     0.067130 -0.016901  0.000017
     0.030360 -0.003587  0.000023
    -0.000839  0.004255  0.000026
    -0.016855  0.009981  0.000028
    -0.013217  0.011354  0.000028
    -0.000620  0.009410  0.000027
     0.013592  0.011230  0.000025
     0.015978  0.009542  0.000025
    -0.000218  0.004741  0.000026
    -0.030547 -0.001189  0.000029
    -0.066768 -0.016487  0.000028
    -0.052634 -0.025815  0.000029
    -0.033896 -0.028276  0.000027
    -0.021265 -0.025750  0.000026
    -0.022035 -0.019164  0.000027
    -0.020956 -0.012038  0.000027
    -0.014527 -0.005555  0.000027
    -0.005599 -0.001358  0.000026
    -0.001379 -0.000381  0.000026
    -0.000134  0.000246  0.000026
    -0.000213  0.000274  0.000026
    -0.000221  0.000279  0.000026
    -0.000121  0.000248  0.000026
    -0.000112  0.000221  0.000026
     0.000002  0.000188  0.000026
     0.000078  0.000164  0.000026
    -0.000137  0.000227  0.000026
    -0.000137  0.000227  0.000026
    -0.000137  0.000227  0.000026
    -0.000137  0.000227  0.000026
    -0.000137  0.000227  0.000026
    -0.000008  0.000189  0.000026
     0.000348  0.000112  0.000026
     0.000606  0.000066  0.000026
     0.000794  0.000031  0.000026
     0.000936  0.000004  0.000026
     0.000985 -0.000009  0.000026
     0.000841  0.000016  0.000026
     0.000620  0.000056  0.000026
     0.000490  0.000080  0.000026
     0.000195  0.000137  0.000026
    -0.000137  0.000227  0.000026
    -0.000137  0.000227  0.000026
    -0.000137  0.000227  0.000026
    -0.000137  0.000227  0.000026
    -0.000137  0.000227  0.000026
    -0.000137  0.000227  0.000026
    -0.000137  0.000227  0.000026
    -0.000137  0.000227  0.000026
    -0.000137  0.000227  0.000026
    -0.000137  0.000227  0.000026
    -0.000509  0.000077  0.000026
    -0.000614  0.000071  0.000026
    -0.000785  0.000053  0.000026
    -0.000951  0.000045  0.000026
    -0.001048  0.000046  0.000026
    -0.001015  0.000058  0.000026
    -0.000916  0.000068  0.000026
    -0.000789  0.000078  0.000026
    -0.000627  0.000083  0.000026
    -0.000481  0.000068  0.000026
    -0.000137  0.000227  0.000026
    -0.000137  0.000227  0.000026
    -0.000137  0.000227  0.000026
    -0.000137  0.000227  0.000026
    -0.000137  0.000227  0.000026
    -0.000528  0.000056  0.000026
    -0.000461  0.000121  0.000026
    -0.000206  0.000193  0.000026
    -0.000274  0.000216  0.000026
    -0.000216  0.000268  0.000026
    -0.000228  0.000242  0.000026
    -0.000341  0.000201  0.000026
     0.000369  0.000002  0.000026
     0.004823 -0.000292  0.000025
     0.013776  0.000148  0.000024
     0.021353  0.003460  0.000024
     0.027472  0.005617  0.000024
     0.023780  0.005857  0.000024
     0.029360  0.005902  0.000024
     0.048963  0.001745  0.000021
     0.065915 -0.005877  0.000018
     0.025864 -0.008101  0.000023
    -0.004922 -0.006798  0.000026
    -0.017289 -0.007598  0.000027
    -0.013342 -0.007443  0.000027
     0.000582 -0.006604  0.000025
     0.012367 -0.007144  0.000024
     0.016573 -0.006443  0.000024
     0.002707 -0.006082  0.000025
    -0.026783 -0.005246  0.000028
    -0.064532 -0.005184  0.000028
    -0.048594  0.003334  0.000029
    -0.030295  0.005016  0.000030
    -0.022483  0.005193  0.000029
    -0.025541  0.005616  0.000029
    -0.022811  0.003893  0.000029
    -0.014075  0.000321  0.000027
    -0.005003 -0.000293  0.000026
    -0.000900 -0.000146  0.000026
    -0.000090  0.000228  0.000026
    -0.000215  0.000261  0.000026
    -0.000183  0.000261  0.000026
    -0.000125  0.000235  0.000026
    -0.000137  0.000227  0.000026
     0.000114  0.000165  0.000026
     0.000141  0.000146  0.000026
    -0.000137  0.000227  0.000026
    -0.000137  0.000227  0.000026
    -0.000137  0.000227  0.000026
    -0.000137  0.000227  0.000026
    -0.000137  0.000227  0.000026
     0.000029  0.000179  0.000026
     0.000374  0.000108  0.000026
     0.000623  0.000063  0.000026
     0.000827  0.000024  0.000026
     0.000977 -0.000006  0.000026
     0.001013 -0.000015  0.000026
     0.000848  0.000014  0.000026
     0.000585  0.000062  0.000026
     0.000342  0.000109  0.000026
     0.000180  0.000139  0.000026
    -0.000137  0.000227  0.000026
    -0.000137  0.000227  0.000026
    -0.000137  0.000227  0.000026
    -0.000137  0.000227  0.000026
    -0.000137  0.000227  0.000026
    -0.000137  0.000227  0.000026
    -0.000137  0.000227  0.000026
    -0.000137  0.000227  0.000026
    -0.000137  0.000227  0.000026
    -0.000137  0.000227  0.000026
    -0.000495  0.000077  0.000026
    -0.000577  0.000070  0.000026
    -0.000758  0.000053  0.000026
    -0.000948  0.000042  0.000026
    -0.001065  0.000039  0.000026
    -0.001051  0.000049  0.000026
    -0.000908  0.000068  0.000026
    -0.000800  0.000074  0.000026
    -0.000690  0.000076  0.000026
    -0.000505  0.000069  0.000026
    -0.000152  0.000220  0.000026
    -0.000137  0.000227  0.000026
    -0.000137  0.000227  0.000026
    -0.000137  0.000227  0.000026
    -0.000137  0.000227  0.000026
    -0.000534  0.000045  0.000026
    -0.000573  0.000085  0.000026
    -0.000356  0.000126  0.000026
    -0.000282  0.000195  0.000026
    -0.000242  0.000224  0.000026
    -0.000230  0.000203  0.000026
    -0.000300  0.000199  0.000026
    -0.000321  0.000137  0.000026
     0.003084  0.000626  0.000025
     0.009067  0.004778  0.000025
     0.015768  0.013360  0.000025
     0.019243  0.021455  0.000026
     0.019781  0.031156  0.000027
     0.029993  0.034864  0.000026
     0.062928  0.030224  0.000021
     0.073168  0.017104  0.000019
     0.033676  0.003395  0.000023
    -0.000120 -0.002290  0.000026
    -0.015025 -0.012077  0.000027
    -0.010724 -0.017076  0.000026
     0.000004 -0.017373  0.000024
     0.010449 -0.015285  0.000024
     0.014928 -0.010683  0.000024
    -0.001926 -0.002670  0.000026
    -0.033644  0.003956  0.000030
    -0.072225  0.018048  0.000028
    -0.063745  0.030345  0.000030
    -0.031034  0.033243  0.000032
    -0.022140  0.029906  0.000031
    -0.019916  0.021326  0.000030
    -0.015220  0.013045  0.000029
    -0.007606  0.005012  0.000027
    -0.003397  0.000647  0.000026
    -0.000137  0.000227  0.000026
    -0.000119  0.000230  0.000026
    -0.000137  0.000227  0.000026
    -0.000153  0.000242  0.000026
    -0.000115  0.000226  0.000026
    -0.000137  0.000227  0.000026
     0.000242  0.000133  0.000026
     0.000080  0.000164  0.000026
    -0.000137  0.000227  0.000026
    -0.000137  0.000227  0.000026
    -0.000137  0.000227  0.000026
    -0.000137  0.000227  0.000026
    -0.000137  0.000227  0.000026
     0.000152  0.000143  0.000026
     0.000456  0.000092  0.000026
     0.000630  0.000061  0.000026
     0.000805  0.000028  0.000026
     0.001014 -0.000014  0.000026
     0.001024 -0.000018  0.000026
     0.000835  0.000016  0.000026
     0.000540  0.000071  0.000026
     0.000276  0.000121  0.000026
     0.000154  0.000144  0.000026
    -0.000137  0.000227  0.000026
    -0.000137  0.000227  0.000026
    -0.000137  0.000227  0.000026
    -0.000137  0.000227  0.000026
    -0.000137  0.000227  0.000026
    -0.000137  0.000227  0.000026
    -0.000137  0.000227  0.000026
    -0.000137  0.000227  0.000026
    -0.000137  0.000227  0.000026
    -0.000137  0.000227  0.000026
    -0.000474  0.000078  0.000026
    -0.000566  0.000070  0.000026
    -0.000719  0.000055  0.000026
    -0.000914  0.000043  0.000026
    -0.001070  0.000034  0.000026
    -0.001078  0.000042  0.000026
    -0.000959  0.000060  0.000026
    -0.000853  0.000064  0.000026
    -0.000722  0.000073  0.000026
    -0.000533  0.000070  0.000026
    -0.000290  0.000152  0.000026
    -0.000137  0.000227  0.000026
    -0.000137  0.000227  0.000026
    -0.000137  0.000227  0.000026
    -0.000137  0.000227  0.000026
    -0.000535  0.000038  0.000026
    -0.000568  0.000063  0.000026
    -0.000437  0.000114  0.000026
    -0.000341  0.000179  0.000026
    -0.000277  0.000202  0.000026
    -0.000197  0.000205  0.000026
    -0.000206  0.000205  0.000026
    -0.000175  0.000208  0.000026
     0.000776  0.000953  0.000026
     0.002765  0.003350  0.000026
     0.005611  0.011261  0.000026
     0.010652  0.021311  0.000027
     0.015272  0.030352  0.000027
     0.033395  0.036700  0.000026
     0.067123  0.041678  0.000021
     0.080381  0.042382  0.000019
     0.051757  0.028997  0.000022
     0.011656  0.009222  0.000026
    -0.006819 -0.001818  0.000027
    -0.007722 -0.012637  0.000026
    -0.001391 -0.016666  0.000025
     0.005473 -0.011957  0.000024
     0.005004 -0.001300  0.000025
    -0.011756  0.009240  0.000028
    -0.053756  0.027468  0.000029
    -0.081848  0.042482  0.000028
    -0.066014  0.039540  0.000031
    -0.032870  0.037087  0.000032
    -0.013616  0.029978  0.000030
    -0.009400  0.022133  0.000029
    -0.005786  0.011844  0.000027
    -0.003176  0.003153  0.000026
    -0.001171  0.000930  0.000026
    -0.000137  0.000227  0.000026
    -0.000137  0.000227  0.000026
    -0.000137  0.000227  0.000026
    -0.000119  0.000229  0.000026
    -0.000041  0.000209  0.000026
     0.000037  0.000177  0.000026
     0.000207  0.000134  0.000026
     0.000001  0.000187  0.000026
    -0.000137  0.000227  0.000026
    -0.000137  0.000227  0.000026
    -0.000137  0.000227  0.000026
    -0.000137  0.000227  0.000026
    -0.000137  0.000227  0.000026
     0.000190  0.000137  0.000026
     0.000494  0.000085  0.000026
     0.000687  0.000049  0.000026
     0.000869  0.000015  0.000026
     0.001038 -0.000020  0.000026
     0.001017 -0.000018  0.000026
     0.000777  0.000026  0.000026
     0.000478  0.000082  0.000026
     0.000254  0.000125  0.000026
     0.000085  0.000162  0.000026
    -0.000137  0.000227  0.000026
    -0.000137  0.000227  0.000026
    -0.000137  0.000227  0.000026
    -0.000137  0.000227  0.000026
    -0.000137  0.000227  0.000026
    -0.000137  0.000227  0.000026
    -0.000137  0.000227  0.000026
    -0.000137  0.000227  0.000026
    -0.000137  0.000227  0.000026
    -0.000137  0.000227  0.000026
    -0.000449  0.000080  0.000026
    -0.000550  0.000070  0.000026
    -0.000633  0.000065  0.000026
    -0.000908  0.000040  0.000026
    -0.001064  0.000030  0.000026
    -0.001105  0.000035  0.000026
    -0.001012  0.000051  0.000026
    -0.000819  0.000069  0.000026
    -0.000808  0.000062  0.000026
    -0.000562  0.000072  0.000026
    -0.000290  0.000152  0.000026
    -0.000137  0.000227  0.000026
    -0.000137  0.000227  0.000026
    -0.000137  0.000227  0.000026
    -0.000137  0.000227  0.000026
    -0.000348  0.000124  0.000026
    -0.000545  0.000048  0.000026
    -0.000557  0.000102  0.000026
    -0.000397  0.000159  0.000026
    -0.000347  0.000193  0.000026
    -0.000200  0.000225  0.000026
    -0.000135  0.000230  0.000026
    -0.000137  0.000227  0.000026
    -0.000137  0.000227  0.000026
     0.000029  0.001357  0.000026
     0.000734  0.003485  0.000026
     0.001112  0.009581  0.000026
     0.007300  0.015944  0.000026
     0.025361  0.020626  0.000025
     0.055166  0.032244  0.000022
     0.077942  0.048186  0.000020
     0.067010  0.048758  0.000022
     0.032773  0.038464  0.000025
     0.006398  0.017616  0.000027
     0.001834  0.005204  0.000026
    -0.000911  0.001239  0.000026
    -0.003405  0.004915  0.000027
    -0.007853  0.017389  0.000028
    -0.031614  0.039092  0.000030
    -0.068619  0.049824  0.000029
    -0.077702  0.045635  0.000029
    -0.054505  0.032278  0.000033
    -0.025876  0.021551  0.000030
    -0.008278  0.017077  0.000028
    -0.002094  0.009350  0.000027
    -0.001141  0.003172  0.000026
    -0.000511  0.001290  0.000026
    -0.000137  0.000227  0.000026
    -0.000137  0.000227  0.000026
    -0.000137  0.000227  0.000026
    -0.000195  0.000247  0.000026
    -0.000024  0.000210  0.000026
     0.000024  0.000193  0.000026
     0.000202  0.000146  0.000026
     0.000070  0.000167  0.000026
    -0.000137  0.000227  0.000026
    -0.000137  0.000227  0.000026
    -0.000137  0.000227  0.000026
    -0.000137  0.000227  0.000026
    -0.000137  0.000227  0.000026
    -0.000137  0.000227  0.000026
     0.000230  0.000131  0.000026
     0.000603  0.000063  0.000026
     0.000635  0.000059  0.000026
     0.000933  0.000002  0.000026
     0.001064 -0.000025  0.000026
     0.000997 -0.000015  0.000026
     0.000767  0.000027  0.000026
     0.000353  0.000107  0.000026
     0.000225  0.000130  0.000026
    -0.000038  0.000198  0.000026
    -0.000137  0.000227  0.000026
    -0.000137  0.000227  0.000026
    -0.000137  0.000227  0.000026
    -0.000137  0.000227  0.000026
    -0.000137  0.000227  0.000026
    -0.000137  0.000227  0.000026
    -0.000137  0.000227  0.000026
    -0.000137  0.000227  0.000026
    -0.000137  0.000227  0.000026
    -0.000137  0.000227  0.000026
    -0.000350  0.000123  0.000026
    -0.000526  0.000072  0.000026
    -0.000622  0.000065  0.000026
    -0.000867  0.000042  0.000026
    -0.001019  0.000032  0.000026
    -0.001121  0.000029  0.000026
    -0.001058  0.000042  0.000026
    -0.000872  0.000060  0.000026
    -0.000772  0.000067  0.000026
    -0.000633  0.000066  0.000026
    -0.000397  0.000099  0.000026
    -0.000137  0.000227  0.000026
    -0.000137  0.000227  0.000026
    -0.000137  0.000227  0.000026
    -0.000137  0.000227  0.000026
    -0.000283  0.000155  0.000026
    -0.000530  0.000039  0.000026
    -0.000551  0.000095  0.000026
    -0.000494  0.000141  0.000026
    -0.000398  0.000198  0.000026
    -0.000264  0.000242  0.000026
    -0.000124  0.000235  0.000026
    -0.000137  0.000227  0.000026
    -0.000137  0.000227  0.000026
    -0.000137  0.000227  0.000026
    -0.000137  0.000227  0.000026
    -0.000159  0.000381  0.000026
     0.001312  0.001454  0.000026
     0.017401  0.009223  0.000025
     0.041308  0.017466  0.000023
     0.064572  0.030919  0.000021
     0.061955  0.043231  0.000022
     0.039116  0.056803  0.000025
     0.021048  0.057304  0.000028
     0.008385  0.050042  0.000029
    -0.002254  0.047587  0.000030
    -0.010610  0.049995  0.000031
    -0.020941  0.057574  0.000031
    -0.039435  0.057497  0.000030
    -0.063244  0.042977  0.000030
    -0.064712  0.030547  0.000031
    -0.040300  0.017280  0.000031
    -0.017229  0.010093  0.000028
    -0.001881  0.001687  0.000026
    -0.000137  0.000227  0.000026
    -0.000137  0.000227  0.000026
    -0.000137  0.000227  0.000026
    -0.000137  0.000227  0.000026
    -0.000137  0.000227  0.000026
    -0.000137  0.000227  0.000026
    -0.000091  0.000235  0.000026
     0.000051  0.000199  0.000026
     0.000133  0.000170  0.000026
     0.000188  0.000148  0.000026
    -0.000098  0.000216  0.000026
    -0.000137  0.000227  0.000026
    -0.000137  0.000227  0.000026
    -0.000137  0.000227  0.000026
    -0.000137  0.000227  0.000026
    -0.000137  0.000227  0.000026
    -0.000137  0.000227  0.000026
     0.000322  0.000114  0.000026
     0.000552  0.000074  0.000026
     0.000702  0.000046  0.000026
     0.000987 -0.000010  0.000026
     0.001073 -0.000028  0.000026
     0.000923 -0.000002  0.000026
     0.000702  0.000039  0.000026
     0.000332  0.000110  0.000026
     0.000188  0.000137  0.000026
    -0.000137  0.000227  0.000026
    -0.000137  0.000227  0.000026
    -0.000137  0.000227  0.000026
    -0.000137  0.000227  0.000026
    -0.000137  0.000227  0.000026
    -0.000137  0.000227  0.000026
    -0.000137  0.000227  0.000026
    -0.000137  0.000227  0.000026
    -0.000137  0.000227  0.000026
    -0.000137  0.000227  0.000026
    -0.000137  0.000227  0.000026
    -0.000137  0.000227  0.000026
    -0.000495  0.000074  0.000026
    -0.000605  0.000065  0.000026
    -0.000783  0.000051  0.000026
    -0.000953  0.000037  0.000026
    -0.001102  0.000027  0.000026
    -0.001086  0.000035  0.000026
    -0.000925  0.000052  0.000026
    -0.000820  0.000060  0.000026
    -0.000641  0.000071  0.000026
    -0.000509  0.000061  0.000026
    -0.000181  0.000205  0.000026
    -0.000137  0.000227  0.000026
    -0.000137  0.000227  0.000026
    -0.000137  0.000227  0.000026
    -0.000137  0.000227  0.000026
    -0.000428  0.000085  0.000026
    -0.000538  0.000080  0.000026
    -0.000561  0.000121  0.000026
    -0.000467  0.000197  0.000026
    -0.000320  0.000265  0.000026
    -0.000181  0.000264  0.000026
    -0.000137  0.000227  0.000026
    -0.000137  0.000227  0.000026
    -0.000137  0.000227  0.000026
    -0.000137  0.000227  0.000026
    -0.000159  0.000240  0.000026
     0.000040  0.000176  0.000026
     0.013574  0.000749  0.000024
     0.035095  0.001756  0.000022
     0.050566  0.006586  0.000021
     0.040716  0.019133  0.000023
     0.017432  0.042580  0.000028
     0.009132  0.070866  0.000030
     0.005769  0.085588  0.000030
    -0.000086  0.087674  0.000030
    -0.006954  0.085531  0.000030
    -0.009258  0.070425  0.000031
    -0.016739  0.043123  0.000031
    -0.041478  0.019675  0.000031
    -0.051229  0.007319  0.000032
    -0.035730  0.002976  0.000030
    -0.014400 -0.000073  0.000027
    -0.000560  0.000020  0.000026
    -0.000139  0.000228  0.000026
    -0.000137  0.000227  0.000026
    -0.000137  0.000227  0.000026
    -0.000137  0.000227  0.000026
    -0.000137  0.000227  0.000026
    -0.000220  0.000265  0.000026
    -0.000021  0.000232  0.000026
     0.000144  0.000184  0.000026
     0.000210  0.000152  0.000026
     0.000156  0.000150  0.000026
    -0.000137  0.000227  0.000026
    -0.000137  0.000227  0.000026
    -0.000137  0.000227  0.000026
    -0.000137  0.000227  0.000026
    -0.000137  0.000227  0.000026
    -0.000137  0.000227  0.000026
    -0.000013  0.000191  0.000026
     0.000339  0.000112  0.000026
     0.000611  0.000062  0.000026
     0.000766  0.000033  0.000026
     0.001012 -0.000015  0.000026
     0.001036 -0.000022  0.000026
     0.000821  0.000017  0.000026
     0.000579  0.000063  0.000026
     0.000303  0.000115  0.000026
     0.000142  0.000146  0.000026
    -0.000137  0.000227  0.000026
    -0.000137  0.000227  0.000026
    -0.000137  0.000227  0.000026
    -0.000137  0.000227  0.000026
    -0.000137  0.000227  0.000026
    -0.000137  0.000227  0.000026
    -0.000137  0.000227  0.000026
    -0.000137  0.000227  0.000026
    -0.000137  0.000227  0.000026
    -0.000137  0.000227  0.000026
    -0.000137  0.000227  0.000026
    -0.000137  0.000227  0.000026
    -0.000455  0.000078  0.000026
    -0.000583  0.000066  0.000026
    -0.000771  0.000049  0.000026
    -0.000925  0.000036  0.000026
    -0.001050  0.000029  0.000026
    -0.001095  0.000030  0.000026
    -0.000971  0.000044  0.000026
    -0.000866  0.000052  0.000026
    -0.000723  0.000063  0.000026
    -0.000535  0.000062  0.000026
    -0.000367  0.000114  0.000026
    -0.000137  0.000227  0.000026
    -0.000137  0.000227  0.000026
    -0.000137  0.000227  0.000026
    -0.000137  0.000227  0.000026
    -0.000156  0.000218  0.000026
    -0.000527  0.000065  0.000026
    -0.000582  0.000102  0.000026
    -0.000513  0.000190  0.000026
    -0.000378  0.000265  0.000026
    -0.000244  0.000290  0.000026
    -0.000137  0.000227  0.000026
    -0.000137  0.000227  0.000026
    -0.000137  0.000227  0.000026
    -0.000137  0.000227  0.000026
    -0.000137  0.000227  0.000026
     0.001673 -0.000301  0.000026
     0.014189 -0.003810  0.000024
     0.031831 -0.004551  0.000022
     0.037571  0.003802  0.000022
     0.020187  0.016253  0.000025
    -0.003633  0.039357  0.000030
    -0.013165  0.059138  0.000032
    -0.003997  0.071834  0.000032
    -0.001021  0.074460  0.000032
     0.002392  0.071323  0.000031
     0.011229  0.058205  0.000029
     0.004050  0.039400  0.000029
    -0.020969  0.016509  0.000030
    -0.038236  0.003861  0.000030
    -0.031107 -0.003998  0.000029
    -0.015236 -0.002119  0.000027
    -0.002092 -0.000730  0.000026
    -0.000137  0.000227  0.000026
    -0.000137  0.000227  0.000026
    -0.000137  0.000227  0.000026
    -0.000137  0.000227  0.000026
    -0.000137  0.000227  0.000026
    -0.000132  0.000259  0.000026
     0.000063  0.000218  0.000026
     0.000198  0.000173  0.000026
     0.000219  0.000146  0.000026
     0.000112  0.000154  0.000026
    -0.000137  0.000227  0.000026
    -0.000137  0.000227  0.000026
    -0.000137  0.000227  0.000026
    -0.000137  0.000227  0.000026
    -0.000137  0.000227  0.000026
    -0.000137  0.000227  0.000026
     0.000129  0.000149  0.000026
     0.000448  0.000092  0.000026
     0.000664  0.000051  0.000026
     0.000824  0.000021  0.000026
     0.001014 -0.000016  0.000026
     0.000955 -0.000007  0.000026
     0.000779  0.000025  0.000026
     0.000556  0.000067  0.000026
     0.000268  0.000122  0.000026
    -0.000067  0.000207  0.000026
    -0.000137  0.000227  0.000026
    -0.000137  0.000227  0.000026
    -0.000137  0.000227  0.000026
    -0.000137  0.000227  0.000026
    -0.000137  0.000227  0.000026
    -0.000137  0.000227  0.000026
    -0.000137  0.000227  0.000026
    -0.000137  0.000227  0.000026
    -0.000137  0.000227  0.000026
    -0.000137  0.000227  0.000026
    -0.000137  0.000227  0.000026
    -0.000137  0.000227  0.000026
    -0.000325  0.000135  0.000026
    -0.000560  0.000067  0.000026
    -0.000749  0.000049  0.000026
    -0.000844  0.000045  0.000026
    -0.000979  0.000035  0.000026
    -0.001073  0.000029  0.000026
    -0.001015  0.000037  0.000026
    -0.000914  0.000044  0.000026
    -0.000784  0.000055  0.000026
    -0.000537  0.000068  0.000026
    -0.000179  0.000206  0.000026
    -0.000227  0.000183  0.000026
    -0.000294  0.000150  0.000026
    -0.000137  0.000227  0.000026
    -0.000137  0.000227  0.000026
    -0.000137  0.000227  0.000026
    -0.000450  0.000074  0.000026
    -0.000553  0.000084  0.000026
    -0.000591  0.000161  0.000026
    -0.000450  0.000251  0.000026
    -0.000289  0.000304  0.000026
    -0.000176  0.000260  0.000026
    -0.000137  0.000227  0.000026
    -0.000137  0.000227  0.000026
    -0.000137  0.000227  0.000026
    -0.000137  0.000227  0.000026
     0.002891 -0.000656  0.000025
     0.013811 -0.000703  0.000024
     0.025765  0.004569  0.000024
     0.025958  0.014241  0.000024
     0.007715  0.025425  0.000027
    -0.017536  0.032942  0.000031
    -0.022761  0.038741  0.000032
    -0.011772  0.041290  0.000031
    -0.001186  0.040562  0.000030
     0.009752  0.040069  0.000028
     0.020188  0.037826  0.000027
     0.014876  0.033301  0.000027
    -0.006960  0.024407  0.000029
    -0.025381  0.015599  0.000030
    -0.026692  0.005108  0.000029
    -0.014721 -0.000545  0.000027
    -0.003232 -0.000667  0.000026
    -0.000137  0.000227  0.000026
    -0.000137  0.000227  0.000026
    -0.000137  0.000227  0.000026
    -0.000137  0.000227  0.000026
    -0.000271  0.000275  0.000026
    -0.000077  0.000255  0.000026
     0.000132  0.000204  0.000026
     0.000276  0.000154  0.000026
     0.000161  0.000150  0.000026
    -0.000137  0.000227  0.000026
    -0.000137  0.000227  0.000026
    -0.000137  0.000227  0.000026
    -0.000137  0.000227  0.000026
    -0.000137  0.000227  0.000026
    -0.000137  0.000227  0.000026
    -0.000137  0.000227  0.000026
     0.000147  0.000146  0.000026
     0.000528  0.000076  0.000026
     0.000723  0.000039  0.000026
     0.000878  0.000010  0.000026
     0.000972 -0.000009  0.000026
     0.000849  0.000013  0.000026
     0.000662  0.000047  0.000026
     0.000517  0.000074  0.000026
     0.000230  0.000129  0.000026
    -0.000137  0.000227  0.000026
    -0.000137  0.000227  0.000026
    -0.000137  0.000227  0.000026
    -0.000137  0.000227  0.000026
    -0.000137  0.000227  0.000026
    -0.000137  0.000227  0.000026
    -0.000137  0.000227  0.000026
    -0.000137  0.000227  0.000026
    -0.000137  0.000227  0.000026
    -0.000137  0.000227  0.000026
    -0.000137  0.000227  0.000026
    -0.000137  0.000227  0.000026
    -0.000137  0.000227  0.000026
    -0.000372  0.000112  0.000026
    -0.000515  0.000071  0.000026
    -0.000724  0.000050  0.000026
    -0.000829  0.000043  0.000026
    -0.000883  0.000045  0.000026
    -0.001008  0.000034  0.000026
    -0.001015  0.000035  0.000026
    -0.000971  0.000037  0.000026
    -0.000840  0.000048  0.000026
    -0.000624  0.000062  0.000026
    -0.000190  0.000201  0.000026
    -0.000256  0.000168  0.000026
    -0.000230  0.000181  0.000026
    -0.000301  0.000147  0.000026
    -0.000137  0.000227  0.000026
    -0.000137  0.000227  0.000026
    -0.000137  0.000227  0.000026
    -0.000534  0.000062  0.000026
    -0.000572  0.000136  0.000026
    -0.000566  0.000207  0.000026
    -0.000359  0.000289  0.000026
    -0.000227  0.000307  0.000026
    -0.000176  0.000231  0.000026
    -0.000137  0.000227  0.000026
    -0.000137  0.000227  0.000026
    -0.000137  0.000227  0.000026
     0.002666 -0.000330  0.000025
     0.010194  0.001616  0.000025
     0.016806  0.010619  0.000025
     0.014076  0.020932  0.000026
     0.000039  0.027612  0.000028
    -0.015611  0.029981  0.000030
    -0.015795  0.023837  0.000030
    -0.008709  0.018833  0.000028
    -0.001405  0.016665  0.000027
     0.007388  0.017038  0.000027
     0.017031  0.022131  0.000026
     0.015204  0.029368  0.000027
     0.001483  0.027194  0.000028
    -0.014110  0.020188  0.000029
    -0.017036  0.009824  0.000028
    -0.010413  0.001370  0.000027
    -0.003031 -0.000254  0.000026
    -0.000137  0.000227  0.000026
    -0.000137  0.000227  0.000026
    -0.000137  0.000227  0.000026
    -0.000137  0.000227  0.000026
    -0.000200  0.000279  0.000026
    -0.000006  0.000241  0.000026
     0.000255  0.000172  0.000026
     0.000228  0.000155  0.000026
     0.000074  0.000166  0.000026
    -0.000137  0.000227  0.000026
    -0.000137  0.000227  0.000026
    -0.000137  0.000227  0.000026
    -0.000137  0.000227  0.000026
    -0.000137  0.000227  0.000026
    -0.000137  0.000227  0.000026
    -0.000137  0.000227  0.000026
     0.000265  0.000124  0.000026
     0.000598  0.000063  0.000026
     0.000797  0.000025  0.000026
     0.000872  0.000011  0.000026
     0.000877  0.000008  0.000026
     0.000716  0.000038  0.000026
     0.000632  0.000052  0.000026
     0.000475  0.000081  0.000026
     0.000158  0.000143  0.000026
    -0.000137  0.000227  0.000026
    -0.000137  0.000227  0.000026
    -0.000137  0.000227  0.000026
    -0.000137  0.000227  0.000026
    -0.000137  0.000227  0.000026
    -0.000137  0.000227  0.000026
    -0.000137  0.000227  0.000026
    -0.000137  0.000227  0.000026
    -0.000137  0.000227  0.000026
    -0.000137  0.000227  0.000026
    -0.000137  0.000227  0.000026
    -0.000137  0.000227  0.000026
    -0.000137  0.000227  0.000026
    -0.000181  0.000205  0.000026
    -0.000496  0.000071  0.000026
    -0.000685  0.000052  0.000026
    -0.000807  0.000043  0.000026
    -0.000876  0.000042  0.000026
    -0.000882  0.000049  0.000026
    -0.000969  0.000039  0.000026
    -0.000988  0.000034  0.000026
    -0.000883  0.000042  0.000026
    -0.000698  0.000056  0.000026
    -0.000465  0.000067  0.000026
    -0.000137  0.000227  0.000026
    -0.000137  0.000227  0.000026
    -0.000183  0.000204  0.000026
    -0.000377  0.000109  0.000026
    -0.000137  0.000227  0.000026
    -0.000137  0.000227  0.000026
    -0.000344  0.000126  0.000026
    -0.000571  0.000105  0.000026
    -0.000570  0.000173  0.000026
    -0.000456  0.000246  0.000026
    -0.000294  0.000297  0.000026
    -0.000208  0.000288  0.000026
    -0.000160  0.000232  0.000026
    -0.000137  0.000227  0.000026
    -0.000137  0.000227  0.000026
     0.001861  0.000025  0.000026
     0.004184  0.001163  0.000025
     0.007166  0.007869  0.000026
     0.003771  0.015735  0.000027
    -0.004898  0.021194  0.000028
    -0.009375  0.019997  0.000029
    -0.008259  0.012228  0.000028
    -0.002358  0.001918  0.000026
    -0.000254  0.001036  0.000026
     0.001704  0.001759  0.000026
     0.007881  0.010433  0.000026
     0.010526  0.018099  0.000026
     0.002496  0.020513  0.000027
    -0.004870  0.016174  0.000028
    -0.006557  0.008646  0.000027
    -0.004809  0.001360  0.000026
    -0.002292  0.000136  0.000026
    -0.000137  0.000227  0.000026
    -0.000137  0.000227  0.000026
    -0.000137  0.000227  0.000026
    -0.000275  0.000290  0.000026
    -0.000128  0.000266  0.000026
     0.000096  0.000212  0.000026
     0.000229  0.000167  0.000026
     0.000195  0.000152  0.000026
    -0.000137  0.000227  0.000026
    -0.000137  0.000227  0.000026
    -0.000137  0.000227  0.000026
    -0.000137  0.000227  0.000026
    -0.000137  0.000227  0.000026
    -0.000137  0.000227  0.000026
    -0.000137  0.000227  0.000026
    -0.000137  0.000227  0.000026
     0.000366  0.000106  0.000026
     0.000653  0.000052  0.000026
     0.000817  0.000021  0.000026
     0.000805  0.000023  0.000026
     0.000704  0.000042  0.000026
     0.000697  0.000041  0.000026
     0.000592  0.000059  0.000026
     0.000407  0.000094  0.000026
     0.000083  0.000163  0.000026
    -0.000137  0.000227  0.000026
    -0.000137  0.000227  0.000026
    -0.000137  0.000227  0.000026
    -0.000137  0.000227  0.000026
    -0.000137  0.000227  0.000026
    -0.000137  0.000227  0.000026
    -0.000137  0.000227  0.000026
    -0.000137  0.000227  0.000026
    -0.000137  0.000227  0.000026
    -0.000137  0.000227  0.000026
    -0.000137  0.000227  0.000026
    -0.000137  0.000227  0.000026
    -0.000137  0.000227  0.000026
    -0.000137  0.000227  0.000026
    -0.000495  0.000069  0.000026
    -0.000668  0.000052  0.000026
    -0.000773  0.000044  0.000026
    -0.000862  0.000040  0.000026
    -0.000878  0.000046  0.000026
    -0.000930  0.000042  0.000026
    -0.000888  0.000047  0.000026
    -0.000913  0.000039  0.000026
    -0.000763  0.000050  0.000026
    -0.000589  0.000056  0.000026
    -0.000304  0.000145  0.000026
    -0.000138  0.000226  0.000026
    -0.000137  0.000227  0.000026
    -0.000267  0.000163  0.000026
    -0.000372  0.000112  0.000026
    -0.000137  0.000227  0.000026
    -0.000137  0.000227  0.000026
    -0.000527  0.000073  0.000026
    -0.000555  0.000131  0.000026
    -0.000558  0.000194  0.000026
    -0.000387  0.000255  0.000026
    -0.000259  0.000286  0.000026
    -0.000211  0.000269  0.000026
    -0.000152  0.000238  0.000026
    -0.000154  0.000222  0.000026
     0.000034  0.000177  0.000026
     0.001986  0.000871  0.000026
     0.001965  0.003445  0.000026
    -0.000204  0.007337  0.000026
    -0.003479  0.010375  0.000027
    -0.004781  0.007792  0.000027
    -0.002251  0.001931  0.000026
    -0.000137  0.000227  0.000026
    -0.000137  0.000227  0.000026
    -0.000137  0.000227  0.000026
     0.001586  0.001604  0.000026
     0.002761  0.006534  0.000026
     0.002017  0.009256  0.000026
    -0.000248  0.007201  0.000026
    -0.002270  0.003407  0.000026
    -0.002481  0.000928  0.000026
    -0.000625 -0.000012  0.000026
    -0.000137  0.000227  0.000026
    -0.000137  0.000227  0.000026
    -0.000316  0.000293  0.000026
    -0.000216  0.000280  0.000026
    -0.000029  0.000238  0.000026
     0.000197  0.000180  0.000026
     0.000170  0.000165  0.000026
     0.000113  0.000155  0.000026
    -0.000137  0.000227  0.000026
    -0.000137  0.000227  0.000026
    -0.000137  0.000227  0.000026
    -0.000137  0.000227  0.000026
    -0.000137  0.000227  0.000026
    -0.000137  0.000227  0.000026
    -0.000137  0.000227  0.000026
     0.000191  0.000137  0.000026
     0.000455  0.000089  0.000026
     0.000693  0.000044  0.000026
     0.000671  0.000050  0.000026
     0.000747  0.000034  0.000026
     0.000694  0.000043  0.000026
     0.000670  0.000045  0.000026
     0.000532  0.000070  0.000026
     0.000372  0.000100  0.000026
     0.000040  0.000175  0.000026
    -0.000137  0.000227  0.000026
    -0.000137  0.000227  0.000026
    -0.000137  0.000227  0.000026
    -0.000137  0.000227  0.000026
    -0.000137  0.000227  0.000026
    -0.000137  0.000227  0.000026
    -0.000137  0.000227  0.000026
    -0.000137  0.000227  0.000026
    -0.000137  0.000227  0.000026
    -0.000137  0.000227  0.000026
    -0.000137  0.000227  0.000026
    -0.000137  0.000227  0.000026
    -0.000137  0.000227  0.000026
    -0.000137  0.000227  0.000026
    -0.000415  0.000091  0.000026
    -0.000663  0.000049  0.000026
    -0.000752  0.000044  0.000026
    -0.000841  0.000039  0.000026
    -0.000875  0.000042  0.000026
    -0.000830  0.000054  0.000026
    -0.000862  0.000050  0.000026
    -0.000889  0.000043  0.000026
    -0.000781  0.000049  0.000026
    -0.000657  0.000052  0.000026
    -0.000424  0.000086  0.000026
    -0.000306  0.000144  0.000026
    -0.000137  0.000227  0.000026
    -0.000172  0.000210  0.000026
    -0.000282  0.000156  0.000026
    -0.000170  0.000211  0.000026
    -0.000137  0.000227  0.000026
    -0.000541  0.000035  0.000026
    -0.000550  0.000089  0.000026
    -0.000528  0.000144  0.000026
    -0.000537  0.000187  0.000026
    -0.000352  0.000243  0.000026
    -0.000268  0.000256  0.000026
    -0.000210  0.000232  0.000026
    -0.000211  0.000225  0.000026
    -0.000231  0.000200  0.000026
    -0.000137  0.000227  0.000026
    -0.000189  0.000998  0.000026
    -0.001173  0.001857  0.000026
    -0.001914  0.001935  0.000026
    -0.001401  0.001028  0.000026
    -0.000137  0.000227  0.000026
    -0.000137  0.000227  0.000026
    -0.000137  0.000227  0.000026
    -0.000137  0.000227  0.000026
    -0.000137  0.000227  0.000026
     0.000845  0.000772  0.000026
     0.001254  0.001711  0.000026
     0.000707  0.001804  0.000026
    -0.000398  0.000947  0.000026
    -0.000292  0.000151  0.000026
    -0.000137  0.000227  0.000026
    -0.000137  0.000227  0.000026
    -0.000137  0.000227  0.000026
    -0.000240  0.000276  0.000026
    -0.000110  0.000249  0.000026
     0.000145  0.000187  0.000026
     0.000128  0.000176  0.000026
     0.000143  0.000156  0.000026
    -0.000136  0.000227  0.000026
    -0.000137  0.000227  0.000026
    -0.000137  0.000227  0.000026
    -0.000137  0.000227  0.000026
    -0.000137  0.000227  0.000026
    -0.000137  0.000227  0.000026
    -0.000137  0.000227  0.000026
    -0.000137  0.000227  0.000026
     0.000288  0.000119  0.000026
     0.000483  0.000084  0.000026
     0.000664  0.000050  0.000026
     0.000634  0.000057  0.000026
     0.000611  0.000061  0.000026
     0.000683  0.000044  0.000026
     0.000627  0.000053  0.000026
     0.000491  0.000078  0.000026
     0.000355  0.000103  0.000026
    -0.000137  0.000227  0.000026
    -0.000137  0.000227  0.000026
    -0.000137  0.000227  0.000026
    -0.000137  0.000227  0.000026
    -0.000137  0.000227  0.000026
    -0.000137  0.000227  0.000026
    -0.000137  0.000227  0.000026
    -0.000137  0.000227  0.000026
    -0.000137  0.000227  0.000026
    -0.000137  0.000227  0.000026
    -0.000137  0.000227  0.000026
    -0.000137  0.000227  0.000026
    -0.000137  0.000227  0.000026
    -0.000137  0.000227  0.000026
    -0.000137  0.000227  0.000026
    -0.000137  0.000227  0.000026
    -0.000535  0.000064  0.000026
    -0.000771  0.000037  0.000026
    -0.000825  0.000037  0.000026
    -0.000866  0.000040  0.000026
    -0.000845  0.000048  0.000026
    -0.000790  0.000060  0.000026
    -0.000875  0.000046  0.000026
    -0.000778  0.000052  0.000026
    -0.000685  0.000052  0.000026
    -0.000553  0.000054  0.000026
    -0.000375  0.000111  0.000026
    -0.000236  0.000179  0.000026
    -0.000249  0.000172  0.000026
    -0.000179  0.000206  0.000026
    -0.000137  0.000227  0.000026
    -0.000137  0.000227  0.000026
    -0.000151  0.000220  0.000026
    -0.000540  0.000070  0.000026
    -0.000520  0.000108  0.000026
    -0.000540  0.000145  0.000026
    -0.000505  0.000168  0.000026
    -0.000367  0.000212  0.000026
    -0.000303  0.000211  0.000026
    -0.000277  0.000187  0.000026
    -0.000311  0.000177  0.000026
    -0.000318  0.000160  0.000026
    -0.000458  0.000081  0.000026
    -0.000632 -0.000015  0.000026
    -0.000571  0.000015  0.000026
    -0.000275  0.000159  0.000026
    -0.000137  0.000227  0.000026
    -0.000137  0.000227  0.000026
    -0.000137  0.000227  0.000026
    -0.000137  0.000227  0.000026
    -0.000137  0.000227  0.000026
    -0.000137  0.000227  0.000026
    -0.000137  0.000227  0.000026
    -0.000134  0.000226  0.000026
    -0.000137  0.000227  0.000026
    -0.000137  0.000227  0.000026
    -0.000137  0.000227  0.000026
    -0.000137  0.000227  0.000026
    -0.000222  0.000260  0.000026
    -0.000115  0.000241  0.000026
     0.000076  0.000194  0.000026
     0.000135  0.000175  0.000026
     0.000094  0.000171  0.000026
     0.000114  0.000155  0.000026
    -0.000137  0.000227  0.000026
    -0.000137  0.000227  0.000026
    -0.000137  0.000227  0.000026
    -0.000137  0.000227  0.000026
    -0.000137  0.000227  0.000026
    -0.000137  0.000227  0.000026
    -0.000137  0.000227  0.000026
     0.000083  0.000163  0.000026
     0.000333  0.000111  0.000026
     0.000485  0.000085  0.000026
     0.000644  0.000054  0.000026
     0.000541  0.000075  0.000026
     0.000629  0.000056  0.000026
     0.000657  0.000048  0.000026
     0.000592  0.000059  0.000026
     0.000502  0.000075  0.000026
     0.000164  0.000140  0.000026
    -0.000137  0.000227  0.000026
    -0.000137  0.000227  0.000026
    -0.000137  0.000227  0.000026
    -0.000137  0.000227  0.000026
    -0.000137  0.000227  0.000026
    -0.000137  0.000227  0.000026
    -0.000137  0.000227  0.000026
    -0.000137  0.000227  0.000026
    -0.000137  0.000227  0.000026
    -0.000137  0.000227  0.000026
    -0.000137  0.000227  0.000026
    -0.000137  0.000227  0.000026
    -0.000137  0.000227  0.000026
    -0.000137  0.000227  0.000026
    -0.000137  0.000227  0.000026
    -0.000137  0.000227  0.000026
    -0.000470  0.000070  0.000026
    -0.000715  0.000041  0.000026
    -0.000839  0.000030  0.000026
    -0.000868  0.000035  0.000026
    -0.000843  0.000045  0.000026
    -0.000797  0.000056  0.000026
    -0.000800  0.000057  0.000026
    -0.000811  0.000052  0.000026
    -0.000703  0.000055  0.000026
    -0.000608  0.000055  0.000026
    -0.000382  0.000107  0.000026
    -0.000298  0.000148  0.000026
    -0.000316  0.000139  0.000026
    -0.000171  0.000210  0.000026
    -0.000348  0.000124  0.000026
    -0.000137  0.000227  0.000026
    -0.000137  0.000227  0.000026
    -0.000406  0.000095  0.000026
    -0.000518  0.000082  0.000026
    -0.000506  0.000124  0.000026
    -0.000508  0.000157  0.000026
    -0.000401  0.000187  0.000026
    -0.000342  0.000216  0.000026
    -0.000275  0.000213  0.000026
    -0.000287  0.000200  0.000026
    -0.000295  0.000183  0.000026
    -0.000314  0.000187  0.000026
    -0.000293  0.000215  0.000026
    -0.000247  0.000211  0.000026
    -0.000270  0.000184  0.000026
    -0.000268  0.000163  0.000026
    -0.000137  0.000227  0.000026
    -0.000137  0.000227  0.000026
    -0.000137  0.000227  0.000026
    -0.000137  0.000227  0.000026
    -0.000137  0.000227  0.000026
    -0.000137  0.000227  0.000026
    -0.000243  0.000263  0.000026
    -0.000137  0.000227  0.000026
    -0.000137  0.000227  0.000026
    -0.000137  0.000227  0.000026
    -0.000192  0.000246  0.000026
    -0.000170  0.000252  0.000026
    -0.000082  0.000227  0.000026
     0.000070  0.000191  0.000026
     0.000067  0.000181  0.000026
     0.000078  0.000165  0.000026
    -0.000137  0.000227  0.000026
    -0.000137  0.000227  0.000026
    -0.000137  0.000227  0.000026
    -0.000137  0.000227  0.000026
    -0.000137  0.000227  0.000026
    -0.000137  0.000227  0.000026
    -0.000137  0.000227  0.000026
    -0.000137  0.000227  0.000026
     0.000219  0.000131  0.000026
     0.000366  0.000106  0.000026
     0.000542  0.000074  0.000026
     0.000546  0.000074  0.000026
     0.000550  0.000072  0.000026
     0.000614  0.000058  0.000026
     0.000646  0.000049  0.000026
     0.000595  0.000057  0.000026
     0.000418  0.000090  0.000026
    -0.000096  0.000215  0.000026
    -0.000137  0.000227  0.000026
    -0.000137  0.000227  0.000026
    -0.000137  0.000227  0.000026
    -0.000137  0.000227  0.000026
    -0.000137  0.000227  0.000026
    -0.000137  0.000227  0.000026
    -0.000137  0.000227  0.000026
    -0.000137  0.000227  0.000026
    -0.000137  0.000227  0.000026
    -0.000137  0.000227  0.000026
    -0.000137  0.000227  0.000026
    -0.000137  0.000227  0.000026
    -0.000137  0.000227  0.000026
    -0.000137  0.000227  0.000026
    -0.000137  0.000227  0.000026
    -0.000137  0.000227  0.000026
    -0.000137  0.000227  0.000026
    -0.000637  0.000049  0.000026
    -0.000801  0.000032  0.000026
    -0.000897  0.000026  0.000026
    -0.000870  0.000037  0.000026
    -0.000806  0.000052  0.000026
    -0.000715  0.000068  0.000026
    -0.000751  0.000062  0.000026
    -0.000638  0.000070  0.000026
    -0.000623  0.000059  0.000026
    -0.000537  0.000057  0.000026
    -0.000411  0.000093  0.000026
    -0.000267  0.000163  0.000026
    -0.000286  0.000154  0.000026
    -0.000207  0.000193  0.000026
    -0.000303  0.000145  0.000026
    -0.000137  0.000227  0.000026
    -0.000182  0.000205  0.000026
    -0.000421  0.000088  0.000026
    -0.000495  0.000088  0.000026
    -0.000509  0.000122  0.000026
    -0.000467  0.000150  0.000026
    -0.000367  0.000180  0.000026
    -0.000273  0.000215  0.000026
    -0.000264  0.000235  0.000026
    -0.000267  0.000226  0.000026
    -0.000264  0.000206  0.000026
    -0.000278  0.000222  0.000026
    -0.000228  0.000262  0.000026
    -0.000138  0.000295  0.000026
    -0.000077  0.000298  0.000026
    -0.000043  0.000291  0.000026
    -0.000133  0.000229  0.000026
    -0.000137  0.000227  0.000026
    -0.000137  0.000227  0.000026
    -0.000200  0.000248  0.000026
    -0.000304  0.000284  0.000026
    -0.000219  0.000255  0.000026
    -0.000137  0.000227  0.000026
    -0.000185  0.000243  0.000026
    -0.000274  0.000273  0.000026
    -0.000175  0.000240  0.000026
    -0.000142  0.000235  0.000026
     0.000002  0.000201  0.000026
     0.000063  0.000181  0.000026
    -0.000002  0.000188  0.000026
    -0.000137  0.000227  0.000026
    -0.000137  0.000227  0.000026
    -0.000137  0.000227  0.000026
    -0.000137  0.000227  0.000026
    -0.000137  0.000227  0.000026
    -0.000137  0.000227  0.000026
    -0.000137  0.000227  0.000026
    -0.000137  0.000227  0.000026
     0.000041  0.000175  0.000026
     0.000248  0.000128  0.000026
     0.000294  0.000122  0.000026
     0.000466  0.000089  0.000026
     0.000422  0.000098  0.000026
     0.000552  0.000071  0.000026
     0.000638  0.000052  0.000026
     0.000670  0.000044  0.000026
     0.000532  0.000069  0.000026
     0.000305  0.000112  0.000026
    -0.000137  0.000227  0.000026
    -0.000137  0.000227  0.000026
    -0.000137  0.000227  0.000026
    -0.000137  0.000227  0.000026
    -0.000137  0.000227  0.000026
    -0.000137  0.000227  0.000026
    -0.000137  0.000227  0.000026
    -0.000137  0.000227  0.000026
    -0.000137  0.000227  0.000026
    -0.000137  0.000227  0.000026
    -0.000137  0.000227  0.000026
    -0.000137  0.000227  0.000026
    -0.000137  0.000227  0.000026
    -0.000137  0.000227  0.000026
    -0.000137  0.000227  0.000026
    -0.000137  0.000227  0.000026
    -0.000137  0.000227  0.000026
    -0.000137  0.000227  0.000026
    -0.000469  0.000070  0.000026
    -0.000727  0.000038  0.000026
    -0.000877  0.000025  0.000026
    -0.000911  0.000027  0.000026
    -0.000879  0.000038  0.000026
    -0.000772  0.000057  0.000026
    -0.000755  0.000061  0.000026
    -0.000662  0.000071  0.000026
    -0.000582  0.000072  0.000026
    -0.000572  0.000061  0.000026
    -0.000472  0.000063  0.000026
    -0.000279  0.000157  0.000026
    -0.000209  0.000192  0.000026
    -0.000137  0.000227  0.000026
    -0.000298  0.000148  0.000026
    -0.000137  0.000227  0.000026
    -0.000137  0.000227  0.000026
    -0.000199  0.000197  0.000026
    -0.000444  0.000091  0.000026
    -0.000397  0.000123  0.000026
    -0.000446  0.000138  0.000026
    -0.000418  0.000157  0.000026
    -0.000319  0.000181  0.000026
    -0.000271  0.000211  0.000026
    -0.000192  0.000261  0.000026
    -0.000134  0.000284  0.000026
    -0.000109  0.000298  0.000026
     0.000117 -0.000899  0.000026
     0.000241 -0.001153  0.000026
     0.000380 -0.001351  0.000026
     0.000508 -0.001425  0.000026
     0.000588 -0.001310  0.000026
     0.000513 -0.001707  0.000026
     0.000232 -0.001841  0.000026
     0.000051 -0.001709  0.000026
     0.000006 -0.001463  0.000026
    -0.000081 -0.000075  0.000026
    -0.000124  0.000159  0.000026
    -0.000163  0.000236  0.000026
    -0.000137  0.000227  0.000026
    -0.000137  0.000227  0.000026
    -0.000092  0.000221  0.000026
    -0.000032  0.000203  0.000026
    -0.000137  0.000227  0.000026
    -0.000137  0.000227  0.000026
    -0.000137  0.000227  0.000026
    -0.000137  0.000227  0.000026
    -0.000137  0.000227  0.000026
    -0.000137  0.000227  0.000026
    -0.000137  0.000227  0.000026
    -0.000137  0.000227  0.000026
    -0.000137  0.000227  0.000026
    -0.000137  0.000227  0.000026
     0.000172  0.000141  0.000026
     0.000208  0.000138  0.000026
     0.000326  0.000117  0.000026
     0.000467  0.000089  0.000026
     0.000491  0.000084  0.000026
     0.000633  0.000054  0.000026
     0.000678  0.000043  0.000026
     0.000630  0.000050  0.000026
     0.000422  0.000090  0.000026
    -0.000112  0.000220  0.000026
    -0.000137  0.000227  0.000026
    -0.000137  0.000227  0.000026
    -0.000137  0.000227  0.000026
    -0.000137  0.000227  0.000026
    -0.000137  0.000227  0.000026
    -0.000137  0.000227  0.000026
    -0.000137  0.000227  0.000026
    -0.000137  0.000227  0.000026
    -0.000137  0.000227  0.000026
    -0.000137  0.000227  0.000026
    -0.000137  0.000227  0.000026
    -0.000137  0.000227  0.000026
    -0.000137  0.000227  0.000026
    -0.000137  0.000227  0.000026
    -0.000137  0.000227  0.000026
    -0.000137  0.000227  0.000026
    -0.000137  0.000227  0.000026
    -0.000137  0.000227  0.000026
    -0.000137  0.000227  0.000026
    -0.000627  0.000049  0.000026
    -0.000807  0.000030  0.000026
    -0.000907  0.000023  0.000026
    -0.000898  0.000031  0.000026
    -0.000848  0.000043  0.000026
    -0.000812  0.000052  0.000026
    -0.000664  0.000072  0.000026
    -0.000607  0.000074  0.000026
    -0.000532  0.000075  0.000026
    -0.000524  0.000066  0.000026
    -0.000502  0.000053  0.000026
    -0.000239  0.000177  0.000026
    -0.000137  0.000227  0.000026
    -0.000137  0.000227  0.000026
    -0.000319  0.000138  0.000026
    -0.000137  0.000227  0.000026
    -0.000137  0.000227  0.000026
    -0.000137  0.000227  0.000026
    -0.000391  0.000103  0.000026
    -0.000393  0.000129  0.000026
    -0.000424  0.000150  0.000026
    -0.000342  0.000173  0.000026
    -0.000250  0.000186  0.000026
    -0.000218  0.000213  0.000026
    -0.000157  0.000250  0.000026
    -0.000096  0.000268  0.000026
    -0.000069  0.000298  0.000026
     0.000055 -0.000049  0.000026
     0.000255 -0.000629  0.000026
     0.000416 -0.000925  0.000026
     0.000537 -0.001054  0.000026
     0.000390 -0.001156  0.000026
     0.000174 -0.001055  0.000026
     0.000006 -0.000540  0.000026
    -0.000137  0.000227  0.000026
    -0.000137  0.000227  0.000026
    -0.000137  0.000227  0.000026
    -0.000137  0.000227  0.000026
    -0.000137  0.000227  0.000026
    -0.000137  0.000227  0.000026
    -0.000093  0.000219  0.000026
    -0.000137  0.000227  0.000026
    -0.000137  0.000227  0.000026
    -0.000137  0.000227  0.000026
    -0.000137  0.000227  0.000026
    -0.000137  0.000227  0.000026
    -0.000137  0.000227  0.000026
    -0.000137  0.000227  0.000026
    -0.000137  0.000227  0.000026
    -0.000137  0.000227  0.000026
    -0.000137  0.000227  0.000026
     0.000058  0.000170  0.000026
     0.000133  0.000151  0.000026
     0.000238  0.000133  0.000026
     0.000325  0.000117  0.000026
     0.000534  0.000076  0.000026
     0.000577  0.000066  0.000026
     0.000648  0.000050  0.000026
     0.000661  0.000045  0.000026
     0.000526  0.000070  0.000026
     0.000282  0.000117  0.000026
    -0.000137  0.000227  0.000026
    -0.000137  0.000227  0.000026
    -0.000137  0.000227  0.000026
    -0.000137  0.000227  0.000026
    -0.000137  0.000227  0.000026
    -0.000137  0.000227  0.000026
    -0.000137  0.000227  0.000026
    -0.000137  0.000227  0.000026
    -0.000137  0.000227  0.000026
    -0.000137  0.000227  0.000026
    -0.000137  0.000227  0.000026
    -0.000137  0.000227  0.000026
    -0.000137  0.000227  0.000026
    -0.000137  0.000227  0.000026
    -0.000137  0.000227  0.000026
    -0.000137  0.000227  0.000026
    -0.000137  0.000227  0.000026
    -0.000137  0.000227  0.000026
    -0.000137  0.000227  0.000026
    -0.000137  0.000227  0.000026
    -0.000532  0.000060  0.000026
    -0.000693  0.000041  0.000026
    -0.000862  0.000024  0.000026
    -0.000902  0.000026  0.000026
    -0.000876  0.000035  0.000026
    -0.000816  0.000049  0.000026
    -0.000779  0.000057  0.000026
    -0.000646  0.000073  0.000026
    -0.000557  0.000077  0.000026
    -0.000504  0.000076  0.000026
    -0.000396  0.000100  0.000026
    -0.000502  0.000052  0.000026
    -0.000204  0.000194  0.000026
    -0.000137  0.000227  0.000026
    -0.000137  0.000227  0.000026
    -0.000137  0.000227  0.000026
    -0.000137  0.000227  0.000026
    -0.000137  0.000227  0.000026
    -0.000137  0.000227  0.000026
    -0.000149  0.000221  0.000026
    -0.000366  0.000120  0.000026
    -0.000340  0.000148  0.000026
    -0.000320  0.000166  0.000026
    -0.000225  0.000186  0.000026
    -0.000192  0.000217  0.000026
    -0.000159  0.000245  0.000026
    -0.000076  0.000265  0.000026
    -0.000010  0.000124  0.000026
     0.000194 -0.000815  0.000026
     0.000379 -0.001499  0.000026
     0.000463 -0.001651  0.000026
     0.000490 -0.001582  0.000026
     0.000285 -0.001026  0.000026
     0.000046 -0.000060  0.000026
    -0.000083  0.000259  0.000026
    -0.000124  0.000156  0.000026
    -0.000137  0.000227  0.000026
    -0.000137  0.000227  0.000026
    -0.000137  0.000227  0.000026
    -0.000137  0.000227  0.000026
    -0.000137  0.000227  0.000026
    -0.000137  0.000227  0.000026
    -0.000137  0.000227  0.000026
    -0.000137  0.000227  0.000026
    -0.000137  0.000227  0.000026
    -0.000137  0.000227  0.000026
    -0.000137  0.000227  0.000026
    -0.000137  0.000227  0.000026
    -0.000137  0.000227  0.000026
    -0.000137  0.000227  0.000026
    -0.000137  0.000227  0.000026
     0.000039  0.000176  0.000026
     0.000166  0.000146  0.000026
     0.000289  0.000124  0.000026
     0.000461  0.000091  0.000026
     0.000519  0.000079  0.000026
     0.000604  0.000060  0.000026
     0.000642  0.000050  0.000026
     0.000592  0.000058  0.000026
     0.000365  0.000101  0.000026
     0.000131  0.000149  0.000026
    -0.000137  0.000227  0.000026
    -0.000137  0.000227  0.000026
    -0.000137  0.000227  0.000026
    -0.000137  0.000227  0.000026
    -0.000137  0.000227  0.000026
    -0.000137  0.000227  0.000026
    -0.000137  0.000227  0.000026
    -0.000137  0.000227  0.000026
    -0.000137  0.000227  0.000026
    -0.000137  0.000227  0.000026
    -0.000137  0.000227  0.000026
    -0.000137  0.000227  0.000026
    -0.000137  0.000227  0.000026
    -0.000137  0.000227  0.000026
    -0.000137  0.000227  0.000026
    -0.000137  0.000227  0.000026
    -0.000137  0.000227  0.000026
    -0.000137  0.000227  0.000026
    -0.000137  0.000227  0.000026
    -0.000137  0.000227  0.000026
    -0.000137  0.000227  0.000026
    -0.000591  0.000053  0.000026
    -0.000762  0.000034  0.000026
    -0.000876  0.000025  0.000026
    -0.000888  0.000029  0.000026
    -0.000848  0.000041  0.000026
    -0.000861  0.000043  0.000026
    -0.000756  0.000059  0.000026
    -0.000641  0.000071  0.000026
    -0.000540  0.000077  0.000026
    -0.000484  0.000078  0.000026
    -0.000280  0.000157  0.000026
    -0.000384  0.000106  0.000026
    -0.000186  0.000203  0.000026
    -0.000137  0.000227  0.000026
    -0.000137  0.000227  0.000026
    -0.000137  0.000227  0.000026
    -0.000137  0.000227  0.000026
    -0.000137  0.000227  0.000026
    -0.000137  0.000227  0.000026
    -0.000137  0.000227  0.000026
    -0.000137  0.000227  0.000026
    -0.000210  0.000191  0.000026
    -0.000137  0.000227  0.000026
    -0.000137  0.000227  0.000026
    -0.000137  0.000227  0.000026
    -0.000137  0.000227  0.000026
    -0.000137  0.000227  0.000026
    -0.000137  0.000227  0.000026
    -0.000137  0.000227  0.000026
    -0.000137  0.000227  0.000026
    -0.000159  0.000219  0.000026
    -0.000210  0.000193  0.000026
    -0.000156  0.000218  0.000026
    -0.000137  0.000227  0.000026
    -0.000137  0.000227  0.000026
    -0.000137  0.000227  0.000026
    -0.000137  0.000227  0.000026
    -0.000137  0.000227  0.000026
    -0.000137  0.000227  0.000026
    -0.000137  0.000227  0.000026
    -0.000137  0.000227  0.000026
    -0.000137  0.000227  0.000026
    -0.000137  0.000227  0.000026
    -0.000137  0.000227  0.000026
    -0.000137  0.000227  0.000026
    -0.000137  0.000227  0.000026
    -0.000137  0.000227  0.000026
    -0.000137  0.000227  0.000026
    -0.000137  0.000227  0.000026
    -0.000051  0.000202  0.000026
     0.000134  0.000152  0.000026
     0.000265  0.000129  0.000026
     0.000420  0.000099  0.000026
     0.000569  0.000069  0.000026
     0.000552  0.000071  0.000026
     0.000609  0.000057  0.000026
     0.000600  0.000057  0.000026
     0.000453  0.000084  0.000026
     0.000225  0.000128  0.000026
    -0.000137  0.000227  0.000026
    -0.000137  0.000227  0.000026
    -0.000137  0.000227  0.000026
    -0.000137  0.000227  0.000026
    -0.000137  0.000227  0.000026
    -0.000137  0.000227  0.000026
    -0.000137  0.000227  0.000026
    -0.000137  0.000227  0.000026
    -0.000137  0.000227  0.000026
    -0.000137  0.000227  0.000026
    -0.000137  0.000227  0.000026
    -0.000137  0.000227  0.000026
    -0.000137  0.000227  0.000026
    -0.000137  0.000227  0.000026
    -0.000137  0.000227  0.000026
    -0.000137  0.000227  0.000026
    -0.000137  0.000227  0.000026
    -0.000137  0.000227  0.000026
    -0.000137  0.000227  0.000026
    -0.000137  0.000227  0.000026
    -0.000137  0.000227  0.000026
    -0.000137  0.000227  0.000026
    -0.000137  0.000227  0.000026
    -0.000637  0.000047  0.000026
    -0.000796  0.000031  0.000026
    -0.000865  0.000028  0.000026
    -0.000866  0.000034  0.000026
    -0.000819  0.000046  0.000026
    -0.000807  0.000051  0.000026
    -0.000745  0.000060  0.000026
    -0.000634  0.000070  0.000026
    -0.000546  0.000075  0.000026
    -0.000495  0.000077  0.000026
    -0.000320  0.000137  0.000026
    -0.000343  0.000126  0.000026
    -0.000137  0.000227  0.000026
    -0.000137  0.000227  0.000026
    -0.000137  0.000227  0.000026
    -0.000137  0.000227  0.000026
    -0.000137  0.000227  0.000026
    -0.000137  0.000227  0.000026
    -0.000137  0.000227  0.000026
    -0.000137  0.000227  0.000026
    -0.000137  0.000227  0.000026
    -0.000137  0.000227  0.000026
    -0.000137  0.000227  0.000026
    -0.000137  0.000227  0.000026
    -0.000137  0.000227  0.000026
    -0.000137  0.000227  0.000026
    -0.000137  0.000227  0.000026
    -0.000137  0.000227  0.000026
    -0.000137  0.000227  0.000026
    -0.000137  0.000227  0.000026
    -0.000137  0.000227  0.000026
    -0.000137  0.000227  0.000026
    -0.000137  0.000227  0.000026
    -0.000137  0.000227  0.000026
    -0.000137  0.000227  0.000026
    -0.000137  0.000227  0.000026
    -0.000137  0.000227  0.000026
    -0.000137  0.000227  0.000026
    -0.000137  0.000227  0.000026
    -0.000137  0.000227  0.000026
    -0.000137  0.000227  0.000026
    -0.000137  0.000227  0.000026
    -0.000137  0.000227  0.000026
    -0.000137  0.000227  0.000026
    -0.000137  0.000227  0.000026
    -0.000137  0.000227  0.000026
    -0.000137  0.000227  0.000026
    -0.000036  0.000198  0.000026
     0.000128  0.000153  0.000026
     0.000247  0.000132  0.000026
     0.000393  0.000105  0.000026
     0.000475  0.000088  0.000026
     0.000499  0.000082  0.000026
     0.000566  0.000067  0.000026
     0.000573  0.000063  0.000026
     0.000489  0.000078  0.000026
     0.000282  0.000117  0.000026
    -0.000137  0.000227  0.000026
    -0.000137  0.000227  0.000026
    -0.000137  0.000227  0.000026
    -0.000137  0.000227  0.000026
    -0.000137  0.000227  0.000026
    -0.000137  0.000227  0.000026
    -0.000137  0.000227  0.000026
    -0.000137  0.000227  0.000026
    -0.000137  0.000227  0.000026
    -0.000137  0.000227  0.000026
    -0.000137  0.000227  0.000026
    -0.000137  0.000227  0.000026
    -0.000137  0.000227  0.000026
    -0.000137  0.000227  0.000026
    -0.000137  0.000227  0.000026
    -0.000137  0.000227  0.000026
    -0.000137  0.000227  0.000026
    -0.000137  0.000227  0.000026
    -0.000137  0.000227  0.000026
    -0.000137  0.000227  0.000026
    -0.000137  0.000227  0.000026
    -0.000137  0.000227  0.000026
    -0.000137  0.000227  0.000026
    -0.000137  0.000227  0.000026
    -0.000470  0.000069  0.000026
    -0.000681  0.000043  0.000026
    -0.000797  0.000032  0.000026
    -0.000844  0.000032  0.000026
    -0.000839  0.000039  0.000026
    -0.000869  0.000039  0.000026
    -0.000806  0.000052  0.000026
    -0.000742  0.000060  0.000026
    -0.000636  0.000070  0.000026
    -0.000533  0.000077  0.000026
    -0.000498  0.000078  0.000026
    -0.000512  0.000066  0.000026
    -0.000403  0.000097  0.000026
    -0.000205  0.000194  0.000026
    -0.000137  0.000227  0.000026
    -0.000137  0.000227  0.000026
    -0.000137  0.000227  0.000026
    -0.000137  0.000227  0.000026
    -0.000137  0.000227  0.000026
    -0.000137  0.000227  0.000026
    -0.000137  0.000227  0.000026
    -0.000137  0.000227  0.000026
    -0.000137  0.000227  0.000026
    -0.000137  0.000227  0.000026
    -0.000137  0.000227  0.000026
    -0.000137  0.000227  0.000026
    -0.000137  0.000227  0.000026
    -0.000137  0.000227  0.000026
    -0.000137  0.000227  0.000026
    -0.000137  0.000227  0.000026
    -0.000137  0.000227  0.000026
    -0.000137  0.000227  0.000026
    -0.000137  0.000227  0.000026
    -0.000137  0.000227  0.000026
    -0.000137  0.000227  0.000026
    -0.000137  0.000227  0.000026
    -0.000137  0.000227  0.000026
    -0.000137  0.000227  0.000026
    -0.000137  0.000227  0.000026
    -0.000137  0.000227  0.000026
    -0.000137  0.000227  0.000026
    -0.000137  0.000227  0.000026
    -0.000137  0.000227  0.000026
    -0.000137  0.000227  0.000026
    -0.000137  0.000227  0.000026
    -0.000041  0.000199  0.000026
    -0.000030  0.000196  0.000026
     0.000105  0.000158  0.000026
     0.000239  0.000134  0.000026
     0.000377  0.000108  0.000026
     0.000461  0.000092  0.000026
     0.000553  0.000072  0.000026
     0.000517  0.000077  0.000026
     0.000533  0.000072  0.000026
     0.000481  0.000080  0.000026
     0.000335  0.000107  0.000026
    -0.000125  0.000224  0.000026
    -0.000137  0.000227  0.000026
    -0.000137  0.000227  0.000026
    -0.000137  0.000227  0.000026
    -0.000137  0.000227  0.000026
    -0.000137  0.000227  0.000026
    -0.000137  0.000227  0.000026
    -0.000137  0.000227  0.000026
    -0.000137  0.000227  0.000026
    -0.000137  0.000227  0.000026
    -0.000137  0.000227  0.000026
    -0.000137  0.000227  0.000026
    -0.000137  0.000227  0.000026
    -0.000137  0.000227  0.000026
    -0.000137  0.000227  0.000026
    -0.000137  0.000227  0.000026
    -0.000137  0.000227  0.000026
    -0.000137  0.000227  0.000026
    -0.000137  0.000227  0.000026
    -0.000137  0.000227  0.000026
    -0.000137  0.000227  0.000026
    -0.000137  0.000227  0.000026
    -0.000137  0.000227  0.000026
    -0.000137  0.000227  0.000026
    -0.000137  0.000227  0.000026
    -0.000137  0.000227  0.000026
    -0.000492  0.000067  0.000026
    -0.000698  0.000042  0.000026
    -0.000776  0.000036  0.000026
    -0.000816  0.000036  0.000026
    -0.000804  0.000044  0.000026
    -0.000819  0.000047  0.000026
    -0.000800  0.000053  0.000026
    -0.000731  0.000061  0.000026
    -0.000640  0.000070  0.000026
    -0.000529  0.000079  0.000026
    -0.000514  0.000078  0.000026
    -0.000517  0.000069  0.000026
    -0.000411  0.000093  0.000026
    -0.000197  0.000198  0.000026
    -0.000137  0.000227  0.000026
    -0.000137  0.000227  0.000026
    -0.000137  0.000227  0.000026
    -0.000137  0.000227  0.000026
    -0.000137  0.000227  0.000026
    -0.000137  0.000227  0.000026
    -0.000137  0.000227  0.000026
    -0.000137  0.000227  0.000026
    -0.000137  0.000227  0.000026
    -0.000137  0.000227  0.000026
    -0.000137  0.000227  0.000026
    -0.000137  0.000227  0.000026
    -0.000137  0.000227  0.000026
    -0.000137  0.000227  0.000026
    -0.000137  0.000227  0.000026
    -0.000137  0.000227  0.000026
    -0.000137  0.000227  0.000026
    -0.000137  0.000227  0.000026
    -0.000137  0.000227  0.000026
    -0.000137  0.000227  0.000026
    -0.000137  0.000227  0.000026
    -0.000137  0.000227  0.000026
    -0.000137  0.000227  0.000026
    -0.000137  0.000227  0.000026
    -0.000137  0.000227  0.000026
    -0.000137  0.000227  0.000026
    -0.000137  0.000227  0.000026
    -0.000137  0.000227  0.000026
    -0.000137  0.000227  0.000026
    -0.000008  0.000189  0.000026
     0.000043  0.000175  0.000026
     0.000093  0.000161  0.000026
     0.000232  0.000136  0.000026
     0.000351  0.000114  0.000026
     0.000441  0.000096  0.000026
     0.000466  0.000090  0.000026
     0.000459  0.000089  0.000026
     0.000484  0.000082  0.000026
     0.000444  0.000088  0.000026
     0.000349  0.000105  0.000026
    -0.000044  0.000200  0.000026
    -0.000137  0.000227  0.000026
    -0.000137  0.000227  0.000026
    -0.000137  0.000227  0.000026
    -0.000137  0.000227  0.000026
    -0.000137  0.000227  0.000026
    -0.000137  0.000227  0.000026
    -0.000137  0.000227  0.000026
    -0.000137  0.000227  0.000026
    -0.000137  0.000227  0.000026
    -0.000137  0.000227  0.000026
    -0.000137  0.000227  0.000026
    -0.000137  0.000227  0.000026
    -0.000137  0.000227  0.000026
    -0.000137  0.000227  0.000026
    -0.000137  0.000227  0.000026
    -0.000137  0.000227  0.000026
    -0.000137  0.000227  0.000026
    -0.000137  0.000227  0.000026
    -0.000137  0.000227  0.000026
    -0.000137  0.000227  0.000026
    -0.000137  0.000227  0.000026
    -0.000137  0.000227  0.000026
    -0.000137  0.000227  0.000026
    -0.000137  0.000227  0.000026
    -0.000137  0.000227  0.000026
    -0.000137  0.000227  0.000026
    -0.000250  0.000171  0.000026
    -0.000518  0.000064  0.000026
    -0.000698  0.000043  0.000026
    -0.000752  0.000040  0.000026
    -0.000777  0.000042  0.000026
    -0.000767  0.000050  0.000026
    -0.000808  0.000049  0.000026
    -0.000797  0.000054  0.000026
    -0.000729  0.000062  0.000026
    -0.000649  0.000070  0.000026
    -0.000567  0.000077  0.000026
    -0.000520  0.000081  0.000026
    -0.000523  0.000074  0.000026
    -0.000456  0.000071  0.000026
    -0.000240  0.000177  0.000026
    -0.000137  0.000227  0.000026
    -0.000137  0.000227  0.000026
    -0.000137  0.000227  0.000026
    -0.000137  0.000227  0.000026
    -0.000137  0.000227  0.000026
    -0.000137  0.000227  0.000026
    -0.000137  0.000227  0.000026
    -0.000137  0.000227  0.000026
    -0.000137  0.000227  0.000026
    -0.000137  0.000227  0.000026
    -0.000137  0.000227  0.000026
    -0.000137  0.000227  0.000026
    -0.000137  0.000227  0.000026
    -0.000137  0.000227  0.000026
    -0.000137  0.000227  0.000026
    -0.000137  0.000227  0.000026
    -0.000137  0.000227  0.000026
    -0.000137  0.000227  0.000026
    -0.000137  0.000227  0.000026
    -0.000137  0.000227  0.000026
    -0.000137  0.000227  0.000026
    -0.000137  0.000227  0.000026
    -0.000137  0.000227  0.000026
    -0.000137  0.000227  0.000026
    -0.000137  0.000227  0.000026
    -0.000137  0.000227  0.000026
    -0.000137  0.000227  0.000026
     0.000037  0.000176  0.000026
     0.000076  0.000165  0.000026
     0.000130  0.000155  0.000026
     0.000232  0.000137  0.000026
     0.000335  0.000117  0.000026
     0.000422  0.000100  0.000026
     0.000441  0.000095  0.000026
     0.000399  0.000102  0.000026
     0.000423  0.000095  0.000026
     0.000402  0.000097  0.000026
     0.000341  0.000107  0.000026
     0.000054  0.000171  0.000026
    -0.000137  0.000227  0.000026
    -0.000137  0.000227  0.000026
    -0.000137  0.000227  0.000026
    -0.000137  0.000227  0.000026
    -0.000137  0.000227  0.000026
    -0.000137  0.000227  0.000026
    -0.000137  0.000227  0.000026
    -0.000137  0.000227  0.000026
    -0.000137  0.000227  0.000026
    -0.000137  0.000227  0.000026
    -0.000137  0.000227  0.000026
    -0.000137  0.000227  0.000026
    -0.000137  0.000227  0.000026
    -0.000137  0.000227  0.000026
    -0.000137  0.000227  0.000026
    -0.000137  0.000227  0.000026
    -0.000137  0.000227  0.000026
    -0.000137  0.000227  0.000026
    -0.000137  0.000227  0.000026
    -0.000137  0.000227  0.000026
    -0.000137  0.000227  0.000026
    -0.000137  0.000227  0.000026
    -0.000137  0.000227  0.000026
    -0.000137  0.000227  0.000026
    -0.000137  0.000227  0.000026
    -0.000137  0.000227  0.000026
    -0.000137  0.000227  0.000026
    -0.000137  0.000227  0.000026
    -0.000294  0.000150  0.000026
    -0.000524  0.000064  0.000026
    -0.000678  0.000046  0.000026
    -0.000721  0.000045  0.000026
    -0.000735  0.000048  0.000026
    -0.000685  0.000061  0.000026
    -0.000792  0.000051  0.000026
    -0.000790  0.000055  0.000026
    -0.000732  0.000063  0.000026
    -0.000655  0.000071  0.000026
    -0.000599  0.000076  0.000026
    -0.000558  0.000080  0.000026
    -0.000483  0.000087  0.000026
    -0.000469  0.000079  0.000026
    -0.000324  0.000135  0.000026
    -0.000170  0.000211  0.000026
    -0.000137  0.000227  0.000026
    -0.000137  0.000227  0.000026
    -0.000137  0.000227  0.000026
    -0.000137  0.000227  0.000026
    -0.000137  0.000227  0.000026
    -0.000137  0.000227  0.000026
    -0.000137  0.000227  0.000026
    -0.000137  0.000227  0.000026
    -0.000137  0.000227  0.000026
    -0.000137  0.000227  0.000026
    -0.000137  0.000227  0.000026
    -0.000137  0.000227  0.000026
    -0.000137  0.000227  0.000026
    -0.000137  0.000227  0.000026
    -0.000137  0.000227  0.000026
    -0.000137  0.000227  0.000026
    -0.000137  0.000230  0.000026
    -0.000137  0.000227  0.000026
    -0.000137  0.000227  0.000026
    -0.000137  0.000227  0.000026
    -0.000137  0.000227  0.000026
    -0.000137  0.000227  0.000026
    -0.000137  0.000227  0.000026
    -0.000137  0.000227  0.000026
    -0.000081  0.000211  0.000026
     0.000110  0.000160  0.000026
     0.000157  0.000152  0.000026
     0.000227  0.000139  0.000026
     0.000325  0.000120  0.000026
     0.000461 -0.000216  0.000026
     0.000418  0.000051  0.000026
     0.000279  0.000126  0.000026
     0.000360  0.000108  0.000026
     0.000352  0.000107  0.000026
     0.000307  0.000114  0.000026
     0.000071  0.000166  0.000026
    -0.000137  0.000227  0.000026
    -0.000137  0.000227  0.000026
    -0.000137  0.000227  0.000026
    -0.000137  0.000227  0.000026
    -0.000137  0.000227  0.000026
    -0.000137  0.000227  0.000026
    -0.000137  0.000227  0.000026
    -0.000137  0.000227  0.000026
    -0.000137  0.000227  0.000026
    -0.000137  0.000227  0.000026
    -0.000137  0.000227  0.000026
    -0.000137  0.000227  0.000026
    -0.000137  0.000227  0.000026
    -0.000137  0.000227  0.000026
    -0.000137  0.000227  0.000026
    -0.000137  0.000227  0.000026
    -0.000137  0.000227  0.000026
    -0.000137  0.000227  0.000026
    -0.000137  0.000227  0.000026
    -0.000137  0.000227  0.000026
    -0.000137  0.000227  0.000026
    -0.000137  0.000227  0.000026
    -0.000137  0.000227  0.000026
    -0.000137  0.000227  0.000026
    -0.000137  0.000227  0.000026
    -0.000137  0.000227  0.000026
    -0.000137  0.000227  0.000026
    -0.000137  0.000227  0.000026
    -0.000137  0.000227  0.000026
    -0.000137  0.000227  0.000026
    -0.000293  0.000150  0.000026
    -0.000518  0.000065  0.000026
    -0.000645  0.000051  0.000026
    -0.000682  0.000051  0.000026
    -0.000696  0.000054  0.000026
    -0.000727  0.000054  0.000026
    -0.000766  0.000054  0.000026
    -0.000776  0.000057  0.000026
    -0.000727  0.000065  0.000026
    -0.000667  0.000073  0.000026
    -0.000622  0.000078  0.000026
    -0.000575  0.000082  0.000026
    -0.000512  0.000090  0.000026
    -0.000509  0.000085  0.000026
    -0.000442  0.000086  0.000026
    -0.000280  0.000157  0.000026
    -0.000137  0.000227  0.000026
    -0.000137  0.000227  0.000026
    -0.000137  0.000227  0.000026
    -0.000137  0.000227  0.000026
    -0.000137  0.000227  0.000026
    -0.000137  0.000227  0.000026
    -0.000137  0.000227  0.000026
    -0.000137  0.000227  0.000026
    -0.000137  0.000227  0.000026
    -0.000137  0.000227  0.000026
    -0.000137  0.000227  0.000026
    -0.000137  0.000227  0.000026
    -0.000137  0.000227  0.000026
    -0.000137  0.000227  0.000026
    -0.000137  0.000227  0.000026
    -0.000137  0.000227  0.000026
    -0.000137  0.000227  0.000026
    -0.000137  0.000227  0.000026
    -0.000137  0.000227  0.000026
    -0.000137  0.000227  0.000026
    -0.000137  0.000227  0.000026
    -0.000013  0.000191  0.000026
     0.000033  0.000178  0.000026
     0.000116  0.000161  0.000026
     0.000172  0.000150  0.000026
     0.000230  0.000140  0.000026
     0.000347 -0.000086  0.000026
     0.000469 -0.000411  0.000026
     0.000381  0.000039  0.000026
     0.000327  0.000116  0.000026
     0.000301  0.000120  0.000026
     0.000295  0.000119  0.000026
     0.000257  0.000125  0.000026
     0.000040  0.000175  0.000026
    -0.000137  0.000227  0.000026
    -0.000137  0.000227  0.000026
    -0.000137  0.000227  0.000026
    -0.000137  0.000227  0.000026
    -0.000137  0.000227  0.000026
    -0.000137  0.000227  0.000026
    -0.000137  0.000227  0.000026
    -0.000137  0.000227  0.000026
    -0.000137  0.000227  0.000026
    -0.000137  0.000227  0.000026
    -0.000137  0.000227  0.000026
    -0.000137  0.000227  0.000026
    -0.000137  0.000227  0.000026
    -0.000137  0.000227  0.000026
    -0.000137  0.000227  0.000026
    -0.000137  0.000227  0.000026
    -0.000137  0.000227  0.000026
    -0.000137  0.000227  0.000026
    -0.000137  0.000227  0.000026
    -0.000137  0.000227  0.000026
    -0.000137  0.000227  0.000026
    -0.000137  0.000227  0.000026
    -0.000137  0.000227  0.000026
    -0.000137  0.000227  0.000026
    -0.000137  0.000227  0.000026
    -0.000137  0.000227  0.000026
    -0.000137  0.000227  0.000026
    -0.000137  0.000227  0.000026
    -0.000137  0.000227  0.000026
    -0.000137  0.000227  0.000026
    -0.000137  0.000227  0.000026
    -0.000137  0.000227  0.000026
    -0.000264  0.000165  0.000026
    -0.000503  0.000068  0.000026
    -0.000554  0.000064  0.000026
    -0.000638  0.000057  0.000026
    -0.000608  0.000066  0.000026
    -0.000698  0.000058  0.000026
    -0.000736  0.000057  0.000026
    -0.000749  0.000060  0.000026
    -0.000722  0.000067  0.000026
    -0.000669  0.000075  0.000026
    -0.000629  0.000080  0.000026
    -0.000589  0.000085  0.000026
    -0.000525  0.000091  0.000026
    -0.000527  0.000090  0.000026
    -0.000480  0.000094  0.000026
    -0.000442  0.000095  0.000026
    -0.000408  0.000094  0.000026
    -0.000137  0.000227  0.000026
    -0.000137  0.000227  0.000026
    -0.000137  0.000227  0.000026
    -0.000137  0.000227  0.000026
    -0.000137  0.000227  0.000026
    -0.000137  0.000227  0.000026
    -0.000137  0.000227  0.000026
    -0.000149  0.000311  0.000026
    -0.000137  0.000227  0.000026
    -0.000137  0.000227  0.000026
    -0.000137  0.000227  0.000026
    -0.000137  0.000227  0.000026
    -0.000137  0.000227  0.000026
    -0.000137  0.000227  0.000026
    -0.000137  0.000227  0.000026
    -0.000137  0.000227  0.000026
    -0.000137  0.000227  0.000026
    -0.000121  0.000222  0.000026
     0.000041  0.000177  0.000026
     0.000043  0.000176  0.000026
     0.000121  0.000162  0.000026
     0.000171  0.000152  0.000026
     0.000234  0.000071  0.000026
     0.000380 -0.000350  0.000026
     0.000421 -0.000365  0.000026
     0.000329  0.000080  0.000026
     0.000282  0.000125  0.000026
     0.000177  0.000145  0.000026
     0.000232  0.000132  0.000026
     0.000142  0.000147  0.000026
    -0.000023  0.000194  0.000026
    -0.000137  0.000227  0.000026
    -0.000137  0.000227  0.000026
    -0.000137  0.000227  0.000026
    -0.000137  0.000227  0.000026
    -0.000137  0.000227  0.000026
    -0.000137  0.000227  0.000026
    -0.000137  0.000227  0.000026
    -0.000137  0.000227  0.000026
    -0.000137  0.000227  0.000026
    -0.000137  0.000227  0.000026
    -0.000137  0.000227  0.000026
    -0.000137  0.000227  0.000026
    -0.000137  0.000227  0.000026
    -0.000137  0.000227  0.000026
    -0.000137  0.000227  0.000026
    -0.000137  0.000227  0.000026
    -0.000137  0.000227  0.000026
    -0.000137  0.000227  0.000026
    -0.000137  0.000227  0.000026
    -0.000137  0.000227  0.000026
    -0.000137  0.000227  0.000026
    -0.000137  0.000227  0.000026
    -0.000137  0.000227  0.000026
    -0.000137  0.000227  0.000026
    -0.000137  0.000227  0.000026
    -0.000137  0.000227  0.000026
    -0.000137  0.000227  0.000026
    -0.000137  0.000227  0.000026
    -0.000137  0.000227  0.000026
    -0.000137  0.000227  0.000026
    -0.000137  0.000227  0.000026
    -0.000137  0.000227  0.000026
    -0.000137  0.000227  0.000026
    -0.000137  0.000227  0.000026
    -0.000204  0.000194  0.000026
    -0.000479  0.000071  0.000026
    -0.000529  0.000068  0.000026
    -0.000591  0.000063  0.000026
    -0.000563  0.000072  0.000026
    -0.000657  0.000063  0.000026
    -0.000700  0.000062  0.000026
    -0.000726  0.000063  0.000026
    -0.000713  0.000069  0.000026
    -0.000667  0.000077  0.000026
    -0.000636  0.000082  0.000026
    -0.000594  0.000087  0.000026
    -0.000541  0.000094  0.000026
    -0.000483  0.000100  0.000026
    -0.000487  0.000097  0.000026
    -0.000453  0.000100  0.000026
    -0.000425  0.000103  0.000026
    -0.000399  0.000105  0.000026
    -0.000145  0.000223  0.000026
    -0.000137  0.000227  0.000026
    -0.000137  0.000227  0.000026
    -0.000137  0.000227  0.000026
    -0.000137  0.000227  0.000026
    -0.000137  0.000227  0.000026
    -0.000137  0.000227  0.000026
    -0.000137  0.000227  0.000026
    -0.000137  0.000227  0.000026
    -0.000137  0.000227  0.000026
    -0.000137  0.000227  0.000026
    -0.000137  0.000227  0.000026
    -0.000137  0.000227  0.000026
    -0.000137  0.000227  0.000026
    -0.000088  0.000213  0.000026
    -0.000075  0.000209  0.000026
     0.000052  0.000176  0.000026
     0.000118  0.000164  0.000026
     0.000200 -0.000007  0.000026
     0.000292 -0.000302  0.000026
     0.000415 -0.000651  0.000026
     0.000403 -0.000472  0.000026
     0.000269  0.000130  0.000026
     0.000225  0.000137  0.000026
     0.000117  0.000156  0.000026
     0.000168  0.000144  0.000026
     0.000073  0.000166  0.000026
    -0.000137  0.000227  0.000026
    -0.000137  0.000227  0.000026
    -0.000137  0.000227  0.000026
    -0.000137  0.000227  0.000026
    -0.000137  0.000227  0.000026
    -0.000137  0.000227  0.000026
    -0.000137  0.000227  0.000026
    -0.000137  0.000227  0.000026
    -0.000137  0.000227  0.000026
    -0.000137  0.000227  0.000026
    -0.000137  0.000227  0.000026
    -0.000137  0.000227  0.000026
    -0.000137  0.000227  0.000026
    -0.000137  0.000227  0.000026
    -0.000137  0.000227  0.000026
    -0.000137  0.000227  0.000026
    -0.000137  0.000227  0.000026
    -0.000137  0.000227  0.000026
    -0.000137  0.000227  0.000026
    -0.000137  0.000227  0.000026
    -0.000137  0.000227  0.000026
    -0.000137  0.000227  0.000026
    -0.000137  0.000227  0.000026
    -0.000137  0.000227  0.000026
    -0.000137  0.000227  0.000026
    -0.000137  0.000227  0.000026
    -0.000137  0.000227  0.000026
    -0.000137  0.000227  0.000026
    -0.000137  0.000227  0.000026
    -0.000137  0.000227  0.000026
    -0.000137  0.000227  0.000026
    -0.000137  0.000227  0.000026
    -0.000137  0.000227  0.000026
    -0.000137  0.000227  0.000026
    -0.000137  0.000227  0.000026
    -0.000137  0.000227  0.000026
    -0.000137  0.000227  0.000026
    -0.000189  0.000202  0.000026
    -0.000449  0.000075  0.000026
    -0.000495  0.000072  0.000026
    -0.000508  0.000074  0.000026
    -0.000519  0.000078  0.000026
    -0.000608  0.000068  0.000026
    -0.000650  0.000067  0.000026
    -0.000681  0.000068  0.000026
    -0.000689  0.000073  0.000026
    -0.000665  0.000081  0.000026
    -0.000640  0.000087  0.000026
    -0.000604  0.000093  0.000026
    -0.000555  0.000101  0.000026
    -0.000503  0.000107  0.000026
    -0.000451  0.000114  0.000026
    -0.000459  0.000113  0.000026
    -0.000423  0.000116  0.000026
    -0.000396  0.000120  0.000026
    -0.000368  0.000124  0.000026
    -0.000198  0.000197  0.000026
    -0.000137  0.000227  0.000026
    -0.000137  0.000227  0.000026
    -0.000137  0.000227  0.000026
    -0.000137  0.000227  0.000026
    -0.000137  0.000227  0.000026
    -0.000137  0.000227  0.000026
    -0.000137  0.000227  0.000026
    -0.000137  0.000227  0.000026
    -0.000137  0.000227  0.000026
    -0.000137  0.000227  0.000026
    -0.000137  0.000227  0.000026
    -0.000013  0.000193  0.000026
     0.000065  0.000094  0.000026
     0.000218 -0.000409  0.000026
     0.000318 -0.000701  0.000026
     0.000365 -0.000782  0.000026
     0.000385 -0.000700  0.000026
     0.000282 -0.000140  0.000026
     0.000202  0.000143  0.000026
     0.000160  0.000149  0.000026
     0.000011  0.000184  0.000026
    -0.000016  0.000192  0.000026
    -0.000077  0.000209  0.000026
    -0.000137  0.000227  0.000026
    -0.000137  0.000227  0.000026
    -0.000137  0.000227  0.000026
    -0.000137  0.000227  0.000026
    -0.000137  0.000227  0.000026
    -0.000137  0.000227  0.000026
    -0.000137  0.000227  0.000026
    -0.000137  0.000227  0.000026
    -0.000137  0.000227  0.000026
    -0.000137  0.000227  0.000026
    -0.000137  0.000227  0.000026
    -0.000137  0.000227  0.000026
    -0.000137  0.000227  0.000026
    -0.000137  0.000227  0.000026
    -0.000137  0.000227  0.000026
    -0.000137  0.000227  0.000026
    -0.000137  0.000227  0.000026
    -0.000137  0.000227  0.000026
    -0.000137  0.000227  0.000026
    -0.000137  0.000227  0.000026
    -0.000137  0.000227  0.000026
    -0.000137  0.000227  0.000026
    -0.000137  0.000227  0.000026
    -0.000137  0.000227  0.000026
    -0.000137  0.000227  0.000026
    -0.000137  0.000227  0.000026
    -0.000137  0.000227  0.000026
    -0.000137  0.000227  0.000026
    -0.000137  0.000227  0.000026
    -0.000137  0.000227  0.000026
    -0.000137  0.000227  0.000026
    -0.000137  0.000227  0.000026
    -0.000137  0.000227  0.000026
    -0.000137  0.000227  0.000026
    -0.000137  0.000227  0.000026
    -0.000137  0.000227  0.000026
    -0.000137  0.000227  0.000026
    -0.000137  0.000227  0.000026
    -0.000137  0.000227  0.000026
    -0.000212  0.000190  0.000026
    -0.000454  0.000076  0.000026
    -0.000467  0.000076  0.000026
    -0.000475  0.000078  0.000026
    -0.000440  0.000086  0.000026
    -0.000453  0.000088  0.000026
    -0.000595  0.000073  0.000026
    -0.000626  0.000074  0.000026
    -0.000644  0.000077  0.000026
    -0.000635  0.000084  0.000026
    -0.000600 -0.000031  0.000026
    -0.000548 -0.000182  0.000026
    -0.000538 -0.000006  0.000026
    -0.000511  0.000117  0.000026
    -0.000466  0.000125  0.000026
    -0.000417  0.000132  0.000026
    -0.000418  0.000135  0.000026
    -0.000381  0.000142  0.000026
    -0.000346  0.000149  0.000026
    -0.000315  0.000156  0.000026
    -0.000261  0.000166  0.000026
    -0.000137  0.000227  0.000026
    -0.000137  0.000227  0.000026
    -0.000137  0.000227  0.000026
    -0.000137  0.000227  0.000026
    -0.000137  0.000227  0.000026
    -0.000119  0.000131  0.000026
    -0.000137  0.000227  0.000026
    -0.000056  0.000028  0.000026
     0.000075 -0.000350  0.000026
     0.000210 -0.000758  0.000026
     0.000313 -0.001027  0.000026
     0.000325 -0.000918  0.000026
     0.000294 -0.000630  0.000026
     0.000245 -0.000254  0.000026
     0.000160  0.000153  0.000026
     0.000133  0.000156  0.000026
    -0.000137  0.000227  0.000026
    -0.000137  0.000227  0.000026
    -0.000137  0.000227  0.000026
    -0.000137  0.000227  0.000026
    -0.000137  0.000227  0.000026
    -0.000137  0.000227  0.000026
    -0.000137  0.000227  0.000026
    -0.000137  0.000227  0.000026
    -0.000137  0.000227  0.000026
    -0.000137  0.000227  0.000026
    -0.000137  0.000227  0.000026
    -0.000137  0.000227  0.000026
    -0.000137  0.000227  0.000026
    -0.000137  0.000227  0.000026
    -0.000137  0.000227  0.000026
    -0.000137  0.000227  0.000026
    -0.000137  0.000227  0.000026
    -0.000137  0.000227  0.000026
    -0.000137  0.000227  0.000026
    -0.000137  0.000227  0.000026
    -0.000137  0.000227  0.000026
    -0.000137  0.000227  0.000026
    -0.000137  0.000227  0.000026
    -0.000137  0.000227  0.000026
    -0.000137  0.000227  0.000026
    -0.000137  0.000227  0.000026
    -0.000137  0.000227  0.000026
    -0.000137  0.000227  0.000026
    -0.000137  0.000227  0.000026
    -0.000137  0.000227  0.000026
    -0.000137  0.000227  0.000026
    -0.000137  0.000227  0.000026
    -0.000137  0.000227  0.000026
    -0.000137  0.000227  0.000026
    -0.000137  0.000227  0.000026
    -0.000137  0.000227  0.000026
    -0.000137  0.000227  0.000026
    -0.000137  0.000227  0.000026
    -0.000137  0.000227  0.000026
    -0.000137  0.000227  0.000026
    -0.000137  0.000227  0.000026
    -0.000137  0.000227  0.000026
    -0.000137  0.000227  0.000026
    -0.000137  0.000227  0.000026
    -0.000137  0.000227  0.000026
    -0.000137  0.000227  0.000026
    -0.000355  0.000120  0.000026
    -0.000458  0.000078  0.000026
    -0.000477  0.000079  0.000026
    -0.000424  0.000089  0.000026
    -0.000430  0.000090  0.000026
    -0.000509  0.000082  0.000026
    -0.000532  0.000082  0.000026
    -0.000583  0.000082  0.000026
    -0.000586  0.000088  0.000026
    -0.000576  0.000095  0.000026
    -0.000548 -0.000007  0.000026
    -0.000493 -0.000155  0.000026
    -0.000454 -0.000141  0.000026
    -0.000425 -0.000063  0.000026
    -0.000392  0.000002  0.000026
    -0.000359  0.000070  0.000026
    -0.000329  0.000162  0.000026
    -0.000221 -0.000123  0.000026
    -0.000063 -0.000921  0.000026
    -0.000010 -0.000974  0.000026
     0.000036 -0.000990  0.000026
    -0.000057 -0.000200  0.000026
    -0.000095  0.000001  0.000026
    -0.000058 -0.000196  0.000026
    -0.000030 -0.000349  0.000026
     0.000032 -0.000517  0.000026
     0.000118 -0.000687  0.000026
     0.000189 -0.000787  0.000026
     0.000209 -0.000693  0.000026
     0.000146 -0.000257  0.000026
     0.000101  0.000108  0.000026
     0.000098  0.000166  0.000026
     0.000059  0.000170  0.000026
    -0.000034  0.000197  0.000026
    -0.000137  0.000227  0.000026
    -0.000137  0.000227  0.000026
    -0.000137  0.000227  0.000026
    -0.000137  0.000227  0.000026
    -0.000137  0.000227  0.000026
    -0.000137  0.000227  0.000026
    -0.000137  0.000227  0.000026
    -0.000137  0.000227  0.000026
    -0.000137  0.000227  0.000026
    -0.000137  0.000227  0.000026
    -0.000137  0.000227  0.000026
    -0.000137  0.000227  0.000026
    -0.000137  0.000227  0.000026
    -0.000137  0.000227  0.000026
    -0.000137  0.000227  0.000026
    -0.000137  0.000227  0.000026
    -0.000137  0.000227  0.000026
    -0.000137  0.000227  0.000026
    -0.000137  0.000227  0.000026
    -0.000137  0.000227  0.000026
    -0.000137  0.000227  0.000026
    -0.000137  0.000227  0.000026
    -0.000137  0.000227  0.000026
    -0.000137  0.000227  0.000026
    -0.000137  0.000227  0.000026
    -0.000137  0.000227  0.000026
    -0.000137  0.000227  0.000026
    -0.000137  0.000227  0.000026
    -0.000137  0.000227  0.000026
    -0.000137  0.000227  0.000026
    -0.000137  0.000227  0.000026
    -0.000137  0.000227  0.000026
    -0.000137  0.000227  0.000026
    -0.000137  0.000227  0.000026
    -0.000137  0.000227  0.000026
    -0.000137  0.000227  0.000026
    -0.000137  0.000227  0.000026
    -0.000137  0.000227  0.000026
    -0.000137  0.000227  0.000026
    -0.000137  0.000227  0.000026
    -0.000137  0.000227  0.000026
    -0.000137  0.000227  0.000026
    -0.000137  0.000227  0.000026
    -0.000137  0.000227  0.000026
    -0.000137  0.000227  0.000026
    -0.000137  0.000227  0.000026
    -0.000137  0.000227  0.000026
    -0.000137  0.000227  0.000026
    -0.000166  0.000213  0.000026
    -0.000367  0.000115  0.000026
    -0.000441  0.000084  0.000026
    -0.000417  0.000091  0.000026
    -0.000425  0.000093  0.000026
    -0.000430  0.000095  0.000026
    -0.000509  0.000089  0.000026
    -0.000523  0.000091  0.000026
    -0.000527  0.000096  0.000026
    -0.000518  0.000102  0.000026
    -0.000510  0.000109  0.000026
    -0.000492  0.000117  0.000026
    -0.000424 -0.000104  0.000026
    -0.000373 -0.000163  0.000026
    -0.000325 -0.000202  0.000026
    -0.000277 -0.000233  0.000026
    -0.000230 -0.000256  0.000026
    -0.000184 -0.000277  0.000026
    -0.000135 -0.000306  0.000026
    -0.000068 -0.000335  0.000026
    -0.000024 -0.000377  0.000026
    -0.000014 -0.000432  0.000026
    -0.000006 -0.000477  0.000026
     0.000001 -0.000513  0.000026
     0.000022 -0.000530  0.000026
     0.000045 -0.000357  0.000026
     0.000023 -0.000079  0.000026
    -0.000009  0.000191  0.000026
     0.000012  0.000185  0.000026
     0.000010  0.000184  0.000026
    -0.000050  0.000202  0.000026
    -0.000137  0.000227  0.000026
    -0.000137  0.000227  0.000026
    -0.000137  0.000227  0.000026
    -0.000137  0.000227  0.000026
    -0.000137  0.000227  0.000026
    -0.000137  0.000227  0.000026
    -0.000137  0.000227  0.000026
    -0.000137  0.000227  0.000026
    -0.000137  0.000227  0.000026
    -0.000137  0.000227  0.000026
    -0.000137  0.000227  0.000026
    -0.000137  0.000227  0.000026
    -0.000137  0.000227  0.000026
    -0.000137  0.000227  0.000026
    -0.000137  0.000227  0.000026
    -0.000137  0.000227  0.000026
    -0.000137  0.000227  0.000026
    -0.000137  0.000227  0.000026
    -0.000137  0.000227  0.000026
    -0.000137  0.000227  0.000026
    -0.000137  0.000227  0.000026
    -0.000137  0.000227  0.000026
    -0.000137  0.000227  0.000026
    -0.000137  0.000227  0.000026
    -0.000137  0.000227  0.000026
    -0.000137  0.000227  0.000026
    -0.000137  0.000227  0.000026
    -0.000137  0.000227  0.000026
    -0.000137  0.000227  0.000026
    -0.000137  0.000227  0.000026
    -0.000137  0.000227  0.000026
    -0.000137  0.000227  0.000026
    -0.000137  0.000227  0.000026
    -0.000137  0.000227  0.000026
    -0.000137  0.000227  0.000026
    -0.000137  0.000227  0.000026
    -0.000137  0.000227  0.000026
    -0.000137  0.000227  0.000026
    -0.000137  0.000227  0.000026
    -0.000137  0.000227  0.000026
    -0.000137  0.000227  0.000026
    -0.000137  0.000227  0.000026
    -0.000137  0.000227  0.000026
    -0.000137  0.000227  0.000026
    -0.000137  0.000227  0.000026
    -0.000137  0.000227  0.000026
    -0.000137  0.000227  0.000026
    -0.000137  0.000227  0.000026
    -0.000137  0.000227  0.000026
    -0.000137  0.000227  0.000026
    -0.000137  0.000227  0.000026
    -0.000137  0.000227  0.000026
    -0.000150  0.000221  0.000026
    -0.000295  0.000149  0.000026
    -0.000242  0.000176  0.000026
    -0.000356  0.000120  0.000026
    -0.000404  0.000098  0.000026
    -0.000463  0.000094  0.000026
    -0.000476  0.000097  0.000026
    -0.000482  0.000101  0.000026
    -0.000478  0.000107  0.000026
    -0.000465  0.000114  0.000026
    -0.000434  0.000008  0.000026
    -0.000351 -0.000308  0.000026
    -0.000272 -0.000566  0.000026
    -0.000208 -0.000709  0.000026
    -0.000153 -0.000786  0.000026
    -0.000101 -0.000840  0.000026
    -0.000052 -0.000881  0.000026
    -0.000005 -0.000908  0.000026
     0.000072 -0.000898  0.000026
     0.000072 -0.000895  0.000026
     0.000058 -0.000818  0.000026
     0.000019 -0.000611  0.000026
    -0.000033 -0.000330  0.000026
    -0.000113  0.000099  0.000026
    -0.000137  0.000227  0.000026
    -0.000137  0.000227  0.000026
    -0.000137  0.000227  0.000026
    -0.000137  0.000227  0.000026
    -0.000137  0.000227  0.000026
    -0.000137  0.000227  0.000026
    -0.000137  0.000227  0.000026
    -0.000137  0.000227  0.000026
    -0.000137  0.000227  0.000026
    -0.000137  0.000227  0.000026
    -0.000137  0.000227  0.000026
    -0.000137  0.000227  0.000026
    -0.000137  0.000227  0.000026
    -0.000137  0.000227  0.000026
    -0.000137  0.000227  0.000026
    -0.000137  0.000227  0.000026
    -0.000137  0.000227  0.000026
    -0.000137  0.000227  0.000026
    -0.000137  0.000227  0.000026
    -0.000137  0.000227  0.000026
    -0.000137  0.000227  0.000026
    -0.000137  0.000227  0.000026
    -0.000137  0.000227  0.000026
    -0.000137  0.000227  0.000026
    -0.000137  0.000227  0.000026
    -0.000137  0.000227  0.000026
    -0.000137  0.000227  0.000026
    -0.000137  0.000227  0.000026
    -0.000137  0.000227  0.000026
    -0.000137  0.000227  0.000026
    -0.000137  0.000227  0.000026
    -0.000137  0.000227  0.000026
    -0.000137  0.000227  0.000026
    -0.000137  0.000227  0.000026
    -0.000137  0.000227  0.000026
    -0.000137  0.000227  0.000026
    -0.000137  0.000227  0.000026
    -0.000137  0.000227  0.000026
    -0.000137  0.000227  0.000026
    -0.000137  0.000227  0.000026
    -0.000137  0.000227  0.000026
    -0.000137  0.000227  0.000026
    -0.000137  0.000227  0.000026
    -0.000137  0.000227  0.000026
    -0.000137  0.000227  0.000026
    -0.000137  0.000227  0.000026
    -0.000137  0.000227  0.000026
    -0.000137  0.000227  0.000026
    -0.000137  0.000227  0.000026
    -0.000137  0.000227  0.000026
    -0.000137  0.000227  0.000026
    -0.000137  0.000227  0.000026
    -0.000137  0.000227  0.000026
    -0.000137  0.000227  0.000026
    -0.000137  0.000227  0.000026
    -0.000137  0.000227  0.000026
    -0.000137  0.000227  0.000026
    -0.000137  0.000227  0.000026
    -0.000137  0.000227  0.000026
    -0.000137  0.000227  0.000026
    -0.000137  0.000227  0.000026
    -0.000137  0.000227  0.000026
    -0.000216  0.000188  0.000026
    -0.000292  0.000151  0.000026
    -0.000422  0.000103  0.000026
    -0.000428  0.000106  0.000026
    -0.000426  0.000112  0.000026
    -0.000417  0.000118  0.000026
    -0.000401  0.000126  0.000026
    -0.000374  0.000071  0.000026
    -0.000283 -0.000293  0.000026
    -0.000210 -0.000521  0.000026
    -0.000143 -0.000699  0.000026
    -0.000085 -0.000817  0.000026
    -0.000060 -0.000757  0.000026
     0.000016 -0.000594  0.000026
    -0.000016 -0.000421  0.000026
    -0.000078 -0.000091  0.000026
    -0.000137  0.000227  0.000026
    -0.000137  0.000227  0.000026
    -0.000137  0.000227  0.000026
    -0.000137  0.000227  0.000026
    -0.000137  0.000227  0.000026
    -0.000137  0.000227  0.000026
    -0.000137  0.000227  0.000026
    -0.000137  0.000227  0.000026
    -0.000137  0.000227  0.000026
    -0.000137  0.000227  0.000026
    -0.000137  0.000227  0.000026
    -0.000137  0.000227  0.000026
    -0.000137  0.000227  0.000026
    -0.000137  0.000227  0.000026
    -0.000137  0.000227  0.000026
    -0.000137  0.000227  0.000026
    -0.000137  0.000227  0.000026
    -0.000137  0.000227  0.000026
    -0.000137  0.000227  0.000026
    -0.000137  0.000227  0.000026
    -0.000137  0.000227  0.000026
    -0.000137  0.000227  0.000026
    -0.000137  0.000227  0.000026
    -0.000137  0.000227  0.000026
    -0.000137  0.000227  0.000026
    -0.000137  0.000227  0.000026
    -0.000137  0.000227  0.000026
    -0.000137  0.000227  0.000026
    -0.000137  0.000227  0.000026
    -0.000137  0.000227  0.000026
    -0.000137  0.000227  0.000026
    -0.000137  0.000227  0.000026
    -0.000137  0.000227  0.000026
    -0.000137  0.000227  0.000026
    -0.000137  0.000227  0.000026
    -0.000137  0.000227  0.000026
    -0.000137  0.000227  0.000026
    -0.000137  0.000227  0.000026
    -0.000137  0.000227  0.000026
    -0.000137  0.000227  0.000026
    -0.000137  0.000227  0.000026
    -0.000137  0.000227  0.000026
    -0.000137  0.000227  0.000026
    -0.000137  0.000227  0.000026
    -0.000137  0.000227  0.000026
    -0.000137  0.000227  0.000026
    -0.000137  0.000227  0.000026
    -0.000137  0.000227  0.000026
    -0.000137  0.000227  0.000026
    -0.000137  0.000227  0.000026
    -0.000137  0.000227  0.000026
    -0.000137  0.000227  0.000026
    -0.000137  0.000227  0.000026
    -0.000137  0.000227  0.000026
    -0.000137  0.000227  0.000026
    -0.000137  0.000227  0.000026
    -0.000137  0.000227  0.000026
    -0.000137  0.000227  0.000026
    -0.000137  0.000227  0.000026
    -0.000137  0.000227  0.000026
    -0.000137  0.000227  0.000026
    -0.000137  0.000227  0.000026
    -0.000137  0.000227  0.000026
    -0.000137  0.000227  0.000026
    -0.000137  0.000227  0.000026
    -0.000137  0.000227  0.000026
    -0.000137  0.000227  0.000026
    -0.000137  0.000227  0.000026
    -0.000137  0.000227  0.000026
    -0.000137  0.000227  0.000026
    -0.000335  0.000130  0.000026
    -0.000360  0.000118  0.000026
    -0.000350  0.000124  0.000026
    -0.000334  0.000131  0.000026
    -0.000289  0.000152  0.000026
    -0.000239  0.000177  0.000026
    -0.000188  0.000202  0.000026
    -0.000137  0.000227  0.000026
    -0.000137  0.000227  0.000026
    -0.000137  0.000227  0.000026
    -0.000137  0.000227  0.000026
    -0.000137  0.000227  0.000026
    -0.000137  0.000227  0.000026
    -0.000137  0.000227  0.000026
    -0.000137  0.000227  0.000026
    -0.000137  0.000227  0.000026
    -0.000137  0.000227  0.000026
    -0.000137  0.000227  0.000026
    -0.000137  0.000227  0.000026
    -0.000137  0.000227  0.000026
    -0.000137  0.000227  0.000026
    -0.000137  0.000227  0.000026
    -0.000137  0.000227  0.000026
    -0.000137  0.000227  0.000026
    -0.000137  0.000227  0.000026
    -0.000137  0.000227  0.000026
    -0.000137  0.000227  0.000026
    -0.000137  0.000227  0.000026
    -0.000137  0.000227  0.000026
    -0.000137  0.000227  0.000026
    -0.000137  0.000227  0.000026
    -0.000137  0.000227  0.000026
    -0.000137  0.000227  0.000026
    -0.000137  0.000227  0.000026
    -0.000137  0.000227  0.000026
    -0.000137  0.000227  0.000026
    -0.000137  0.000227  0.000026
    -0.000137  0.000227  0.000026
    -0.000137  0.000227  0.000026
    -0.000137  0.000227  0.000026
    -0.000137  0.000227  0.000026
    -0.000137  0.000227  0.000026
    -0.000137  0.000227  0.000026
    -0.000137  0.000227  0.000026
    -0.000137  0.000227  0.000026
    -0.000137  0.000227  0.000026
    -0.000137  0.000227  0.000026
    -0.000137  0.000227  0.000026
    -0.000137  0.000227  0.000026
    -0.000137  0.000227  0.000026
    -0.000137  0.000227  0.000026
    -0.000137  0.000227  0.000026
    -0.000137  0.000227  0.000026
    -0.000137  0.000227  0.000026
    -0.000137  0.000227  0.000026
    -0.000137  0.000227  0.000026
    -0.000137  0.000227  0.000026
    -0.000137  0.000227  0.000026
    -0.000137  0.000227  0.000026
    -0.000137  0.000227  0.000026
    -0.000137  0.000227  0.000026
    -0.000137  0.000227  0.000026
    -0.000137  0.000227  0.000026
    -0.000137  0.000227  0.000026
    -0.000137  0.000227  0.000026
    -0.000137  0.000227  0.000026
    -0.000137  0.000227  0.000026
    -0.000137  0.000227  0.000026
    -0.000137  0.000227  0.000026
    -0.000137  0.000227  0.000026
    -0.000137  0.000227  0.000026
    -0.000137  0.000227  0.000026
    -0.000137  0.000227  0.000026
    -0.000137  0.000227  0.000026
    -0.000137  0.000227  0.000026
    -0.000137  0.000227  0.000026
    -0.000137  0.000227  0.000026
    -0.000137  0.000227  0.000026
    -0.000137  0.000227  0.000026
    -0.000137  0.000227  0.000026
    -0.000137  0.000227  0.000026
    -0.000137  0.000227  0.000026
    -0.000137  0.000227  0.000026
    -0.000137  0.000227  0.000026
    -0.000137  0.000227  0.000026
    -0.000137  0.000227  0.000026
    -0.000137  0.000227  0.000026
    -0.000137  0.000227  0.000026
    -0.000137  0.000227  0.000026
    -0.000137  0.000227  0.000026
    -0.000137  0.000227  0.000026
    -0.000137  0.000227  0.000026
    -0.000137  0.000227  0.000026
    -0.000137  0.000227  0.000026
    -0.000137  0.000227  0.000026
    -0.000137  0.000227  0.000026
    -0.000137  0.000227  0.000026
    -0.000137  0.000227  0.000026
    -0.000137  0.000227  0.000026
    -0.000137  0.000227  0.000026
    -0.000137  0.000227  0.000026
    -0.000137  0.000227  0.000026
    -0.000137  0.000227  0.000026
    -0.000137  0.000227  0.000026
    -0.000137  0.000227  0.000026
    -0.000137  0.000227  0.000026
    -0.000137  0.000227  0.000026
    -0.000137  0.000227  0.000026
    -0.000137  0.000227  0.000026
    -0.000137  0.000227  0.000026
    -0.000137  0.000227  0.000026
    -0.000137  0.000227  0.000026
    -0.000137  0.000227  0.000026
    -0.000137  0.000227  0.000026
    -0.000137  0.000227  0.000026
    -0.000137  0.000227  0.000026
    -0.000137  0.000227  0.000026
    -0.000137  0.000227  0.000026
    -0.000137  0.000227  0.000026
    -0.000137  0.000227  0.000026
    -0.000137  0.000227  0.000026
    -0.000137  0.000227  0.000026
    -0.000137  0.000227  0.000026
    -0.000137  0.000227  0.000026
    -0.000137  0.000227  0.000026
    -0.000137  0.000227  0.000026
    -0.000137  0.000227  0.000026
    -0.000137  0.000227  0.000026
    -0.000137  0.000227  0.000026
    -0.000137  0.000227  0.000026
    -0.000137  0.000227  0.000026
    -0.000137  0.000227  0.000026
    -0.000137  0.000227  0.000026
    -0.000137  0.000227  0.000026
    -0.000137  0.000227  0.000026
    -0.000137  0.000227  0.000026
    -0.000137  0.000227  0.000026
    -0.000137  0.000227  0.000026
    -0.000137  0.000227  0.000026
    -0.000137  0.000227  0.000026
    -0.000137  0.000227  0.000026
    -0.000137  0.000227  0.000026
    -0.000137  0.000227  0.000026
    -0.000137  0.000227  0.000026
    -0.000137  0.000227  0.000026
    -0.000137  0.000227  0.000026
    -0.000137  0.000227  0.000026
    -0.000137  0.000227  0.000026
    -0.000137  0.000227  0.000026
    -0.000137  0.000227  0.000026
    -0.000137  0.000227  0.000026
    -0.000137  0.000227  0.000026
    -0.000137  0.000227  0.000026
    -0.000137  0.000227  0.000026
    -0.000137  0.000227  0.000026
    -0.000137  0.000227  0.000026
    -0.000137  0.000227  0.000026
    -0.000137  0.000227  0.000026
    -0.000137  0.000227  0.000026
    -0.000137  0.000227  0.000026
    -0.000137  0.000227  0.000026
    -0.000137  0.000227  0.000026
    -0.000137  0.000227  0.000026
    -0.000137  0.000227  0.000026
    -0.000137  0.000227  0.000026
    -0.000137  0.000227  0.000026
    -0.000137  0.000227  0.000026
    -0.000137  0.000227  0.000026
    -0.000137  0.000227  0.000026
    -0.000137  0.000227  0.000026
    -0.000137  0.000227  0.000026
    -0.000137  0.000227  0.000026
    -0.000137  0.000227  0.000026
    -0.000137  0.000227  0.000026
    -0.000137  0.000227  0.000026
    -0.000137  0.000227  0.000026
    -0.000137  0.000227  0.000026
    -0.000137  0.000227  0.000026
    -0.000137  0.000227  0.000026
    -0.000137  0.000227  0.000026
    -0.000137  0.000227  0.000026
    -0.000137  0.000227  0.000026
    -0.000137  0.000227  0.000026
    -0.000137  0.000227  0.000026
    -0.000137  0.000227  0.000026
    -0.000137  0.000227  0.000026
    -0.000137  0.000227  0.000026
    -0.000137  0.000227  0.000026
    -0.000137  0.000227  0.000026
    -0.000137  0.000227  0.000026
    -0.000137  0.000227  0.000026
    -0.000137  0.000227  0.000026
    -0.000137  0.000227  0.000026
    -0.000137  0.000227  0.000026
    -0.000137  0.000227  0.000026
    -0.000137  0.000227  0.000026
    -0.000137  0.000227  0.000026
    -0.000137  0.000227  0.000026
    -0.000137  0.000227  0.000026
    -0.000137  0.000227  0.000026
    -0.000137  0.000227  0.000026
    -0.000137  0.000227  0.000026
    -0.000137  0.000227  0.000026
    -0.000137  0.000227  0.000026
    -0.000137  0.000227  0.000026
    -0.000137  0.000227  0.000026
    -0.000137  0.000227  0.000026
    -0.000137  0.000227  0.000026
    -0.000137  0.000227  0.000026
