# vtk DataFile Version 3.0
Predicted magnetic field
ASCII

DATASET STRUCTURED_GRID
DIMENSIONS 81 81 1
POINTS 6561 float
    -10.584000 -10.584000  0.529000
    -10.584000 -10.319000  0.529000
    -10.584000 -10.054000  0.529000
    -10.584000 -9.790000  0.529000
    -10.584000 -9.525000  0.529000
    -10.584000 -9.261000  0.529000
    -10.584000 -8.996000  0.529000
    -10.584000 -8.731000  0.529000
    -10.584000 -8.467000  0.529000
    -10.584000 -8.202000  0.529000
    -10.584000 -7.938000  0.529000
    -10.584000 -7.673000  0.529000
    -10.584000 -7.408000  0.529000
    -10.584000 -7.144000  0.529000
    -10.584000 -6.879000  0.529000
    -10.584000 -6.615000  0.529000
    -10.584000 -6.350000  0.529000
    -10.584000 -6.086000  0.529000
    -10.584000 -5.821000  0.529000
    -10.584000 -5.556000  0.529000
    -10.584000 -5.292000  0.529000
    -10.584000 -5.027000  0.529000
    -10.584000 -4.763000  0.529000
    -10.584000 -4.498000  0.529000
    -10.584000 -4.233000  0.529000
    -10.584000 -3.969000  0.529000
    -10.584000 -3.704000  0.529000
    -10.584000 -3.440000  0.529000
    -10.584000 -3.175000  0.529000
    -10.584000 -2.910000  0.529000
    -10.584000 -2.646000  0.529000
    -10.584000 -2.381000  0.529000
    -10.584000 -2.117000  0.529000
    -10.584000 -1.852000  0.529000
    -10.584000 -1.588000  0.529000
    -10.584000 -1.323000  0.529000
    -10.584000 -1.058000  0.529000
    -10.584000 -0.794000  0.529000
    -10.584000 -0.529000  0.529000
    -10.584000 -0.265000  0.529000
    -10.584000  0.000000  0.529000
    -10.584000  0.265000  0.529000
    -10.584000  0.529000  0.529000
    -10.584000  0.794000  0.529000
    -10.584000  1.058000  0.529000
    -10.584000  1.323000  0.529000
    -10.584000  1.588000  0.529000
    -10.584000  1.852000  0.529000
    -10.584000  2.117000  0.529000
    -10.584000  2.381000  0.529000
    -10.584000  2.646000  0.529000
    -10.584000  2.910000  0.529000
    -10.584000  3.175000  0.529000
    -10.584000  3.440000  0.529000
    -10.584000  3.704000  0.529000
    -10.584000  3.969000  0.529000
    -10.584000  4.233000  0.529000
    -10.584000  4.498000  0.529000
    -10.584000  4.763000  0.529000
    -10.584000  5.027000  0.529000
    -10.584000  5.292000  0.529000
    -10.584000  5.556000  0.529000
    -10.584000  5.821000  0.529000
    -10.584000  6.086000  0.529000
    -10.584000  6.350000  0.529000
    -10.584000  6.615000  0.529000
    -10.584000  6.879000  0.529000
    -10.584000  7.144000  0.529000
    -10.584000  7.408000  0.529000
    -10.584000  7.673000  0.529000
    -10.584000  7.938000  0.529000
    -10.584000  8.202000  0.529000
    -10.584000  8.467000  0.529000
    -10.584000  8.731000  0.529000
    -10.584000  8.996000  0.529000
    -10.584000  9.261000  0.529000
    -10.584000  9.525000  0.529000
    -10.584000  9.790000  0.529000
    -10.584000  10.054000  0.529000
    -10.584000  10.319000  0.529000
    -10.584000  10.584000  0.529000
    -10.319000 -10.584000  0.529000
    -10.319000 -10.319000  0.529000
    -10.319000 -10.054000  0.529000
    -10.319000 -9.790000  0.529000
    -10.319000 -9.525000  0.529000
    -10.319000 -9.261000  0.529000
    -10.319000 -8.996000  0.529000
    -10.319000 -8.731000  0.529000
    -10.319000 -8.467000  0.529000
    -10.319000 -8.202000  0.529000
    -10.319000 -7.938000  0.529000
    -10.319000 -7.673000  0.529000
    -10.319000 -7.408000  0.529000
    -10.319000 -7.144000  0.529000
    -10.319000 -6.879000  0.529000
    -10.319000 -6.615000  0.529000
    -10.319000 -6.350000  0.529000
    -10.319000 -6.086000  0.529000
    -10.319000 -5.821000  0.529000
    -10.319000 -5.556000  0.529000
    -10.319000 -5.292000  0.529000
    -10.319000 -5.027000  0.529000
    -10.319000 -4.763000  0.529000
    -10.319000 -4.498000  0.529000
    -10.319000 -4.233000  0.529000
    -10.319000 -3.969000  0.529000
    -10.319000 -3.704000  0.529000
    -10.319000 -3.440000  0.529000
    -10.319000 -3.175000  0.529000
    -10.319000 -2.910000  0.529000
    -10.319000 -2.646000  0.529000
    -10.319000 -2.381000  0.529000
    -10.319000 -2.117000  0.529000
    -10.319000 -1.852000  0.529000
    -10.319000 -1.588000  0.529000
    -10.319000 -1.323000  0.529000
    -10.319000 -1.058000  0.529000
    -10.319000 -0.794000  0.529000
    -10.319000 -0.529000  0.529000
    -10.319000 -0.265000  0.529000
    -10.319000  0.000000  0.529000
    -10.319000  0.265000  0.529000
    -10.319000  0.529000  0.529000
    -10.319000  0.794000  0.529000
    -10.319000  1.058000  0.529000
    -10.319000  1.323000  0.529000
    -10.319000  1.588000  0.529000
    -10.319000  1.852000  0.529000
    -10.319000  2.117000  0.529000
    -10.319000  2.381000  0.529000
    -10.319000  2.646000  0.529000
    -10.319000  2.910000  0.529000
    -10.319000  3.175000  0.529000
    -10.319000  3.440000  0.529000
    -10.319000  3.704000  0.529000
    -10.319000  3.969000  0.529000
    -10.319000  4.233000  0.529000
    -10.319000  4.498000  0.529000
    -10.319000  4.763000  0.529000
    -10.319000  5.027000  0.529000
    -10.319000  5.292000  0.529000
    -10.319000  5.556000  0.529000
    -10.319000  5.821000  0.529000
    -10.319000  6.086000  0.529000
    -10.319000  6.350000  0.529000
    -10.319000  6.615000  0.529000
    -10.319000  6.879000  0.529000
    -10.319000  7.144000  0.529000
    -10.319000  7.408000  0.529000
    -10.319000  7.673000  0.529000
    -10.319000  7.938000  0.529000
    -10.319000  8.202000  0.529000
    -10.319000  8.467000  0.529000
    -10.319000  8.731000  0.529000
    -10.319000  8.996000  0.529000
    -10.319000  9.261000  0.529000
    -10.319000  9.525000  0.529000
    -10.319000  9.790000  0.529000
    -10.319000  10.054000  0.529000
    -10.319000  10.319000  0.529000
    -10.319000  10.584000  0.529000
    -10.054000 -10.584000  0.529000
    -10.054000 -10.319000  0.529000
    -10.054000 -10.054000  0.529000
    -10.054000 -9.790000  0.529000
    -10.054000 -9.525000  0.529000
    -10.054000 -9.261000  0.529000
    -10.054000 -8.996000  0.529000
    -10.054000 -8.731000  0.529000
    -10.054000 -8.467000  0.529000
    -10.054000 -8.202000  0.529000
    -10.054000 -7.938000  0.529000
    -10.054000 -7.673000  0.529000
    -10.054000 -7.408000  0.529000
    -10.054000 -7.144000  0.529000
    -10.054000 -6.879000  0.529000
    -10.054000 -6.615000  0.529000
    -10.054000 -6.350000  0.529000
    -10.054000 -6.086000  0.529000
    -10.054000 -5.821000  0.529000
    -10.054000 -5.556000  0.529000
    -10.054000 -5.292000  0.529000
    -10.054000 -5.027000  0.529000
    -10.054000 -4.763000  0.529000
    -10.054000 -4.498000  0.529000
    -10.054000 -4.233000  0.529000
    -10.054000 -3.969000  0.529000
    -10.054000 -3.704000  0.529000
    -10.054000 -3.440000  0.529000
    -10.054000 -3.175000  0.529000
    -10.054000 -2.910000  0.529000
    -10.054000 -2.646000  0.529000
    -10.054000 -2.381000  0.529000
    -10.054000 -2.117000  0.529000
    -10.054000 -1.852000  0.529000
    -10.054000 -1.588000  0.529000
    -10.054000 -1.323000  0.529000
    -10.054000 -1.058000  0.529000
    -10.054000 -0.794000  0.529000
    -10.054000 -0.529000  0.529000
    -10.054000 -0.265000  0.529000
    -10.054000  0.000000  0.529000
    -10.054000  0.265000  0.529000
    -10.054000  0.529000  0.529000
    -10.054000  0.794000  0.529000
    -10.054000  1.058000  0.529000
    -10.054000  1.323000  0.529000
    -10.054000  1.588000  0.529000
    -10.054000  1.852000  0.529000
    -10.054000  2.117000  0.529000
    -10.054000  2.381000  0.529000
    -10.054000  2.646000  0.529000
    -10.054000  2.910000  0.529000
    -10.054000  3.175000  0.529000
    -10.054000  3.440000  0.529000
    -10.054000  3.704000  0.529000
    -10.054000  3.969000  0.529000
    -10.054000  4.233000  0.529000
    -10.054000  4.498000  0.529000
    -10.054000  4.763000  0.529000
    -10.054000  5.027000  0.529000
    -10.054000  5.292000  0.529000
    -10.054000  5.556000  0.529000
    -10.054000  5.821000  0.529000
    -10.054000  6.086000  0.529000
    -10.054000  6.350000  0.529000
    -10.054000  6.615000  0.529000
    -10.054000  6.879000  0.529000
    -10.054000  7.144000  0.529000
    -10.054000  7.408000  0.529000
    -10.054000  7.673000  0.529000
    -10.054000  7.938000  0.529000
    -10.054000  8.202000  0.529000
    -10.054000  8.467000  0.529000
    -10.054000  8.731000  0.529000
    -10.054000  8.996000  0.529000
    -10.054000  9.261000  0.529000
    -10.054000  9.525000  0.529000
    -10.054000  9.790000  0.529000
    -10.054000  10.054000  0.529000
    -10.054000  10.319000  0.529000
    -10.054000  10.584000  0.529000
    -9.790000 -10.584000  0.529000
    -9.790000 -10.319000  0.529000
    -9.790000 -10.054000  0.529000
    -9.790000 -9.790000  0.529000
    -9.790000 -9.525000  0.529000
    -9.790000 -9.261000  0.529000
    -9.790000 -8.996000  0.529000
    -9.790000 -8.731000  0.529000
    -9.790000 -8.467000  0.529000
    -9.790000 -8.202000  0.529000
    -9.790000 -7.938000  0.529000
    -9.790000 -7.673000  0.529000
    -9.790000 -7.408000  0.529000
    -9.790000 -7.144000  0.529000
    -9.790000 -6.879000  0.529000
    -9.790000 -6.615000  0.529000
    -9.790000 -6.350000  0.529000
    -9.790000 -6.086000  0.529000
    -9.790000 -5.821000  0.529000
    -9.790000 -5.556000  0.529000
    -9.790000 -5.292000  0.529000
    -9.790000 -5.027000  0.529000
    -9.790000 -4.763000  0.529000
    -9.790000 -4.498000  0.529000
    -9.790000 -4.233000  0.529000
    -9.790000 -3.969000  0.529000
    -9.790000 -3.704000  0.529000
    -9.790000 -3.440000  0.529000
    -9.790000 -3.175000  0.529000
    -9.790000 -2.910000  0.529000
    -9.790000 -2.646000  0.529000
    -9.790000 -2.381000  0.529000
    -9.790000 -2.117000  0.529000
    -9.790000 -1.852000  0.529000
    -9.790000 -1.588000  0.529000
    -9.790000 -1.323000  0.529000
    -9.790000 -1.058000  0.529000
    -9.790000 -0.794000  0.529000
    -9.790000 -0.529000  0.529000
    -9.790000 -0.265000  0.529000
    -9.790000  0.000000  0.529000
    -9.790000  0.265000  0.529000
    -9.790000  0.529000  0.529000
    -9.790000  0.794000  0.529000
    -9.790000  1.058000  0.529000
    -9.790000  1.323000  0.529000
    -9.790000  1.588000  0.529000
    -9.790000  1.852000  0.529000
    -9.790000  2.117000  0.529000
    -9.790000  2.381000  0.529000
    -9.790000  2.646000  0.529000
    -9.790000  2.910000  0.529000
    -9.790000  3.175000  0.529000
    -9.790000  3.440000  0.529000
    -9.790000  3.704000  0.529000
    -9.790000  3.969000  0.529000
    -9.790000  4.233000  0.529000
    -9.790000  4.498000  0.529000
    -9.790000  4.763000  0.529000
    -9.790000  5.027000  0.529000
    -9.790000  5.292000  0.529000
    -9.790000  5.556000  0.529000
    -9.790000  5.821000  0.529000
    -9.790000  6.086000  0.529000
    -9.790000  6.350000  0.529000
    -9.790000  6.615000  0.529000
    -9.790000  6.879000  0.529000
    -9.790000  7.144000  0.529000
    -9.790000  7.408000  0.529000
    -9.790000  7.673000  0.529000
    -9.790000  7.938000  0.529000
    -9.790000  8.202000  0.529000
    -9.790000  8.467000  0.529000
    -9.790000  8.731000  0.529000
    -9.790000  8.996000  0.529000
    -9.790000  9.261000  0.529000
    -9.790000  9.525000  0.529000
    -9.790000  9.790000  0.529000
    -9.790000  10.054000  0.529000
    -9.790000  10.319000  0.529000
    -9.790000  10.584000  0.529000
    -9.525000 -10.584000  0.529000
    -9.525000 -10.319000  0.529000
    -9.525000 -10.054000  0.529000
    -9.525000 -9.790000  0.529000
    -9.525000 -9.525000  0.529000
    -9.525000 -9.261000  0.529000
    -9.525000 -8.996000  0.529000
    -9.525000 -8.731000  0.529000
    -9.525000 -8.467000  0.529000
    -9.525000 -8.202000  0.529000
    -9.525000 -7.938000  0.529000
    -9.525000 -7.673000  0.529000
    -9.525000 -7.408000  0.529000
    -9.525000 -7.144000  0.529000
    -9.525000 -6.879000  0.529000
    -9.525000 -6.615000  0.529000
    -9.525000 -6.350000  0.529000
    -9.525000 -6.086000  0.529000
    -9.525000 -5.821000  0.529000
    -9.525000 -5.556000  0.529000
    -9.525000 -5.292000  0.529000
    -9.525000 -5.027000  0.529000
    -9.525000 -4.763000  0.529000
    -9.525000 -4.498000  0.529000
    -9.525000 -4.233000  0.529000
    -9.525000 -3.969000  0.529000
    -9.525000 -3.704000  0.529000
    -9.525000 -3.440000  0.529000
    -9.525000 -3.175000  0.529000
    -9.525000 -2.910000  0.529000
    -9.525000 -2.646000  0.529000
    -9.525000 -2.381000  0.529000
    -9.525000 -2.117000  0.529000
    -9.525000 -1.852000  0.529000
    -9.525000 -1.588000  0.529000
    -9.525000 -1.323000  0.529000
    -9.525000 -1.058000  0.529000
    -9.525000 -0.794000  0.529000
    -9.525000 -0.529000  0.529000
    -9.525000 -0.265000  0.529000
    -9.525000  0.000000  0.529000
    -9.525000  0.265000  0.529000
    -9.525000  0.529000  0.529000
    -9.525000  0.794000  0.529000
    -9.525000  1.058000  0.529000
    -9.525000  1.323000  0.529000
    -9.525000  1.588000  0.529000
    -9.525000  1.852000  0.529000
    -9.525000  2.117000  0.529000
    -9.525000  2.381000  0.529000
    -9.525000  2.646000  0.529000
    -9.525000  2.910000  0.529000
    -9.525000  3.175000  0.529000
    -9.525000  3.440000  0.529000
    -9.525000  3.704000  0.529000
    -9.525000  3.969000  0.529000
    -9.525000  4.233000  0.529000
    -9.525000  4.498000  0.529000
    -9.525000  4.763000  0.529000
    -9.525000  5.027000  0.529000
    -9.525000  5.292000  0.529000
    -9.525000  5.556000  0.529000
    -9.525000  5.821000  0.529000
    -9.525000  6.086000  0.529000
    -9.525000  6.350000  0.529000
    -9.525000  6.615000  0.529000
    -9.525000  6.879000  0.529000
    -9.525000  7.144000  0.529000
    -9.525000  7.408000  0.529000
    -9.525000  7.673000  0.529000
    -9.525000  7.938000  0.529000
    -9.525000  8.202000  0.529000
    -9.525000  8.467000  0.529000
    -9.525000  8.731000  0.529000
    -9.525000  8.996000  0.529000
    -9.525000  9.261000  0.529000
    -9.525000  9.525000  0.529000
    -9.525000  9.790000  0.529000
    -9.525000  10.054000  0.529000
    -9.525000  10.319000  0.529000
    -9.525000  10.584000  0.529000
    -9.261000 -10.584000  0.529000
    -9.261000 -10.319000  0.529000
    -9.261000 -10.054000  0.529000
    -9.261000 -9.790000  0.529000
    -9.261000 -9.525000  0.529000
    -9.261000 -9.261000  0.529000
    -9.261000 -8.996000  0.529000
    -9.261000 -8.731000  0.529000
    -9.261000 -8.467000  0.529000
    -9.261000 -8.202000  0.529000
    -9.261000 -7.938000  0.529000
    -9.261000 -7.673000  0.529000
    -9.261000 -7.408000  0.529000
    -9.261000 -7.144000  0.529000
    -9.261000 -6.879000  0.529000
    -9.261000 -6.615000  0.529000
    -9.261000 -6.350000  0.529000
    -9.261000 -6.086000  0.529000
    -9.261000 -5.821000  0.529000
    -9.261000 -5.556000  0.529000
    -9.261000 -5.292000  0.529000
    -9.261000 -5.027000  0.529000
    -9.261000 -4.763000  0.529000
    -9.261000 -4.498000  0.529000
    -9.261000 -4.233000  0.529000
    -9.261000 -3.969000  0.529000
    -9.261000 -3.704000  0.529000
    -9.261000 -3.440000  0.529000
    -9.261000 -3.175000  0.529000
    -9.261000 -2.910000  0.529000
    -9.261000 -2.646000  0.529000
    -9.261000 -2.381000  0.529000
    -9.261000 -2.117000  0.529000
    -9.261000 -1.852000  0.529000
    -9.261000 -1.588000  0.529000
    -9.261000 -1.323000  0.529000
    -9.261000 -1.058000  0.529000
    -9.261000 -0.794000  0.529000
    -9.261000 -0.529000  0.529000
    -9.261000 -0.265000  0.529000
    -9.261000  0.000000  0.529000
    -9.261000  0.265000  0.529000
    -9.261000  0.529000  0.529000
    -9.261000  0.794000  0.529000
    -9.261000  1.058000  0.529000
    -9.261000  1.323000  0.529000
    -9.261000  1.588000  0.529000
    -9.261000  1.852000  0.529000
    -9.261000  2.117000  0.529000
    -9.261000  2.381000  0.529000
    -9.261000  2.646000  0.529000
    -9.261000  2.910000  0.529000
    -9.261000  3.175000  0.529000
    -9.261000  3.440000  0.529000
    -9.261000  3.704000  0.529000
    -9.261000  3.969000  0.529000
    -9.261000  4.233000  0.529000
    -9.261000  4.498000  0.529000
    -9.261000  4.763000  0.529000
    -9.261000  5.027000  0.529000
    -9.261000  5.292000  0.529000
    -9.261000  5.556000  0.529000
    -9.261000  5.821000  0.529000
    -9.261000  6.086000  0.529000
    -9.261000  6.350000  0.529000
    -9.261000  6.615000  0.529000
    -9.261000  6.879000  0.529000
    -9.261000  7.144000  0.529000
    -9.261000  7.408000  0.529000
    -9.261000  7.673000  0.529000
    -9.261000  7.938000  0.529000
    -9.261000  8.202000  0.529000
    -9.261000  8.467000  0.529000
    -9.261000  8.731000  0.529000
    -9.261000  8.996000  0.529000
    -9.261000  9.261000  0.529000
    -9.261000  9.525000  0.529000
    -9.261000  9.790000  0.529000
    -9.261000  10.054000  0.529000
    -9.261000  10.319000  0.529000
    -9.261000  10.584000  0.529000
    -8.996000 -10.584000  0.529000
    -8.996000 -10.319000  0.529000
    -8.996000 -10.054000  0.529000
    -8.996000 -9.790000  0.529000
    -8.996000 -9.525000  0.529000
    -8.996000 -9.261000  0.529000
    -8.996000 -8.996000  0.529000
    -8.996000 -8.731000  0.529000
    -8.996000 -8.467000  0.529000
    -8.996000 -8.202000  0.529000
    -8.996000 -7.938000  0.529000
    -8.996000 -7.673000  0.529000
    -8.996000 -7.408000  0.529000
    -8.996000 -7.144000  0.529000
    -8.996000 -6.879000  0.529000
    -8.996000 -6.615000  0.529000
    -8.996000 -6.350000  0.529000
    -8.996000 -6.086000  0.529000
    -8.996000 -5.821000  0.529000
    -8.996000 -5.556000  0.529000
    -8.996000 -5.292000  0.529000
    -8.996000 -5.027000  0.529000
    -8.996000 -4.763000  0.529000
    -8.996000 -4.498000  0.529000
    -8.996000 -4.233000  0.529000
    -8.996000 -3.969000  0.529000
    -8.996000 -3.704000  0.529000
    -8.996000 -3.440000  0.529000
    -8.996000 -3.175000  0.529000
    -8.996000 -2.910000  0.529000
    -8.996000 -2.646000  0.529000
    -8.996000 -2.381000  0.529000
    -8.996000 -2.117000  0.529000
    -8.996000 -1.852000  0.529000
    -8.996000 -1.588000  0.529000
    -8.996000 -1.323000  0.529000
    -8.996000 -1.058000  0.529000
    -8.996000 -0.794000  0.529000
    -8.996000 -0.529000  0.529000
    -8.996000 -0.265000  0.529000
    -8.996000  0.000000  0.529000
    -8.996000  0.265000  0.529000
    -8.996000  0.529000  0.529000
    -8.996000  0.794000  0.529000
    -8.996000  1.058000  0.529000
    -8.996000  1.323000  0.529000
    -8.996000  1.588000  0.529000
    -8.996000  1.852000  0.529000
    -8.996000  2.117000  0.529000
    -8.996000  2.381000  0.529000
    -8.996000  2.646000  0.529000
    -8.996000  2.910000  0.529000
    -8.996000  3.175000  0.529000
    -8.996000  3.440000  0.529000
    -8.996000  3.704000  0.529000
    -8.996000  3.969000  0.529000
    -8.996000  4.233000  0.529000
    -8.996000  4.498000  0.529000
    -8.996000  4.763000  0.529000
    -8.996000  5.027000  0.529000
    -8.996000  5.292000  0.529000
    -8.996000  5.556000  0.529000
    -8.996000  5.821000  0.529000
    -8.996000  6.086000  0.529000
    -8.996000  6.350000  0.529000
    -8.996000  6.615000  0.529000
    -8.996000  6.879000  0.529000
    -8.996000  7.144000  0.529000
    -8.996000  7.408000  0.529000
    -8.996000  7.673000  0.529000
    -8.996000  7.938000  0.529000
    -8.996000  8.202000  0.529000
    -8.996000  8.467000  0.529000
    -8.996000  8.731000  0.529000
    -8.996000  8.996000  0.529000
    -8.996000  9.261000  0.529000
    -8.996000  9.525000  0.529000
    -8.996000  9.790000  0.529000
    -8.996000  10.054000  0.529000
    -8.996000  10.319000  0.529000
    -8.996000  10.584000  0.529000
    -8.731000 -10.584000  0.529000
    -8.731000 -10.319000  0.529000
    -8.731000 -10.054000  0.529000
    -8.731000 -9.790000  0.529000
    -8.731000 -9.525000  0.529000
    -8.731000 -9.261000  0.529000
    -8.731000 -8.996000  0.529000
    -8.731000 -8.731000  0.529000
    -8.731000 -8.467000  0.529000
    -8.731000 -8.202000  0.529000
    -8.731000 -7.938000  0.529000
    -8.731000 -7.673000  0.529000
    -8.731000 -7.408000  0.529000
    -8.731000 -7.144000  0.529000
    -8.731000 -6.879000  0.529000
    -8.731000 -6.615000  0.529000
    -8.731000 -6.350000  0.529000
    -8.731000 -6.086000  0.529000
    -8.731000 -5.821000  0.529000
    -8.731000 -5.556000  0.529000
    -8.731000 -5.292000  0.529000
    -8.731000 -5.027000  0.529000
    -8.731000 -4.763000  0.529000
    -8.731000 -4.498000  0.529000
    -8.731000 -4.233000  0.529000
    -8.731000 -3.969000  0.529000
    -8.731000 -3.704000  0.529000
    -8.731000 -3.440000  0.529000
    -8.731000 -3.175000  0.529000
    -8.731000 -2.910000  0.529000
    -8.731000 -2.646000  0.529000
    -8.731000 -2.381000  0.529000
    -8.731000 -2.117000  0.529000
    -8.731000 -1.852000  0.529000
    -8.731000 -1.588000  0.529000
    -8.731000 -1.323000  0.529000
    -8.731000 -1.058000  0.529000
    -8.731000 -0.794000  0.529000
    -8.731000 -0.529000  0.529000
    -8.731000 -0.265000  0.529000
    -8.731000  0.000000  0.529000
    -8.731000  0.265000  0.529000
    -8.731000  0.529000  0.529000
    -8.731000  0.794000  0.529000
    -8.731000  1.058000  0.529000
    -8.731000  1.323000  0.529000
    -8.731000  1.588000  0.529000
    -8.731000  1.852000  0.529000
    -8.731000  2.117000  0.529000
    -8.731000  2.381000  0.529000
    -8.731000  2.646000  0.529000
    -8.731000  2.910000  0.529000
    -8.731000  3.175000  0.529000
    -8.731000  3.440000  0.529000
    -8.731000  3.704000  0.529000
    -8.731000  3.969000  0.529000
    -8.731000  4.233000  0.529000
    -8.731000  4.498000  0.529000
    -8.731000  4.763000  0.529000
    -8.731000  5.027000  0.529000
    -8.731000  5.292000  0.529000
    -8.731000  5.556000  0.529000
    -8.731000  5.821000  0.529000
    -8.731000  6.086000  0.529000
    -8.731000  6.350000  0.529000
    -8.731000  6.615000  0.529000
    -8.731000  6.879000  0.529000
    -8.731000  7.144000  0.529000
    -8.731000  7.408000  0.529000
    -8.731000  7.673000  0.529000
    -8.731000  7.938000  0.529000
    -8.731000  8.202000  0.529000
    -8.731000  8.467000  0.529000
    -8.731000  8.731000  0.529000
    -8.731000  8.996000  0.529000
    -8.731000  9.261000  0.529000
    -8.731000  9.525000  0.529000
    -8.731000  9.790000  0.529000
    -8.731000  10.054000  0.529000
    -8.731000  10.319000  0.529000
    -8.731000  10.584000  0.529000
    -8.467000 -10.584000  0.529000
    -8.467000 -10.319000  0.529000
    -8.467000 -10.054000  0.529000
    -8.467000 -9.790000  0.529000
    -8.467000 -9.525000  0.529000
    -8.467000 -9.261000  0.529000
    -8.467000 -8.996000  0.529000
    -8.467000 -8.731000  0.529000
    -8.467000 -8.467000  0.529000
    -8.467000 -8.202000  0.529000
    -8.467000 -7.938000  0.529000
    -8.467000 -7.673000  0.529000
    -8.467000 -7.408000  0.529000
    -8.467000 -7.144000  0.529000
    -8.467000 -6.879000  0.529000
    -8.467000 -6.615000  0.529000
    -8.467000 -6.350000  0.529000
    -8.467000 -6.086000  0.529000
    -8.467000 -5.821000  0.529000
    -8.467000 -5.556000  0.529000
    -8.467000 -5.292000  0.529000
    -8.467000 -5.027000  0.529000
    -8.467000 -4.763000  0.529000
    -8.467000 -4.498000  0.529000
    -8.467000 -4.233000  0.529000
    -8.467000 -3.969000  0.529000
    -8.467000 -3.704000  0.529000
    -8.467000 -3.440000  0.529000
    -8.467000 -3.175000  0.529000
    -8.467000 -2.910000  0.529000
    -8.467000 -2.646000  0.529000
    -8.467000 -2.381000  0.529000
    -8.467000 -2.117000  0.529000
    -8.467000 -1.852000  0.529000
    -8.467000 -1.588000  0.529000
    -8.467000 -1.323000  0.529000
    -8.467000 -1.058000  0.529000
    -8.467000 -0.794000  0.529000
    -8.467000 -0.529000  0.529000
    -8.467000 -0.265000  0.529000
    -8.467000  0.000000  0.529000
    -8.467000  0.265000  0.529000
    -8.467000  0.529000  0.529000
    -8.467000  0.794000  0.529000
    -8.467000  1.058000  0.529000
    -8.467000  1.323000  0.529000
    -8.467000  1.588000  0.529000
    -8.467000  1.852000  0.529000
    -8.467000  2.117000  0.529000
    -8.467000  2.381000  0.529000
    -8.467000  2.646000  0.529000
    -8.467000  2.910000  0.529000
    -8.467000  3.175000  0.529000
    -8.467000  3.440000  0.529000
    -8.467000  3.704000  0.529000
    -8.467000  3.969000  0.529000
    -8.467000  4.233000  0.529000
    -8.467000  4.498000  0.529000
    -8.467000  4.763000  0.529000
    -8.467000  5.027000  0.529000
    -8.467000  5.292000  0.529000
    -8.467000  5.556000  0.529000
    -8.467000  5.821000  0.529000
    -8.467000  6.086000  0.529000
    -8.467000  6.350000  0.529000
    -8.467000  6.615000  0.529000
    -8.467000  6.879000  0.529000
    -8.467000  7.144000  0.529000
    -8.467000  7.408000  0.529000
    -8.467000  7.673000  0.529000
    -8.467000  7.938000  0.529000
    -8.467000  8.202000  0.529000
    -8.467000  8.467000  0.529000
    -8.467000  8.731000  0.529000
    -8.467000  8.996000  0.529000
    -8.467000  9.261000  0.529000
    -8.467000  9.525000  0.529000
    -8.467000  9.790000  0.529000
    -8.467000  10.054000  0.529000
    -8.467000  10.319000  0.529000
    -8.467000  10.584000  0.529000
    -8.202000 -10.584000  0.529000
    -8.202000 -10.319000  0.529000
    -8.202000 -10.054000  0.529000
    -8.202000 -9.790000  0.529000
    -8.202000 -9.525000  0.529000
    -8.202000 -9.261000  0.529000
    -8.202000 -8.996000  0.529000
    -8.202000 -8.731000  0.529000
    -8.202000 -8.467000  0.529000
    -8.202000 -8.202000  0.529000
    -8.202000 -7.938000  0.529000
    -8.202000 -7.673000  0.529000
    -8.202000 -7.408000  0.529000
    -8.202000 -7.144000  0.529000
    -8.202000 -6.879000  0.529000
    -8.202000 -6.615000  0.529000
    -8.202000 -6.350000  0.529000
    -8.202000 -6.086000  0.529000
    -8.202000 -5.821000  0.529000
    -8.202000 -5.556000  0.529000
    -8.202000 -5.292000  0.529000
    -8.202000 -5.027000  0.529000
    -8.202000 -4.763000  0.529000
    -8.202000 -4.498000  0.529000
    -8.202000 -4.233000  0.529000
    -8.202000 -3.969000  0.529000
    -8.202000 -3.704000  0.529000
    -8.202000 -3.440000  0.529000
    -8.202000 -3.175000  0.529000
    -8.202000 -2.910000  0.529000
    -8.202000 -2.646000  0.529000
    -8.202000 -2.381000  0.529000
    -8.202000 -2.117000  0.529000
    -8.202000 -1.852000  0.529000
    -8.202000 -1.588000  0.529000
    -8.202000 -1.323000  0.529000
    -8.202000 -1.058000  0.529000
    -8.202000 -0.794000  0.529000
    -8.202000 -0.529000  0.529000
    -8.202000 -0.265000  0.529000
    -8.202000  0.000000  0.529000
    -8.202000  0.265000  0.529000
    -8.202000  0.529000  0.529000
    -8.202000  0.794000  0.529000
    -8.202000  1.058000  0.529000
    -8.202000  1.323000  0.529000
    -8.202000  1.588000  0.529000
    -8.202000  1.852000  0.529000
    -8.202000  2.117000  0.529000
    -8.202000  2.381000  0.529000
    -8.202000  2.646000  0.529000
    -8.202000  2.910000  0.529000
    -8.202000  3.175000  0.529000
    -8.202000  3.440000  0.529000
    -8.202000  3.704000  0.529000
    -8.202000  3.969000  0.529000
    -8.202000  4.233000  0.529000
    -8.202000  4.498000  0.529000
    -8.202000  4.763000  0.529000
    -8.202000  5.027000  0.529000
    -8.202000  5.292000  0.529000
    -8.202000  5.556000  0.529000
    -8.202000  5.821000  0.529000
    -8.202000  6.086000  0.529000
    -8.202000  6.350000  0.529000
    -8.202000  6.615000  0.529000
    -8.202000  6.879000  0.529000
    -8.202000  7.144000  0.529000
    -8.202000  7.408000  0.529000
    -8.202000  7.673000  0.529000
    -8.202000  7.938000  0.529000
    -8.202000  8.202000  0.529000
    -8.202000  8.467000  0.529000
    -8.202000  8.731000  0.529000
    -8.202000  8.996000  0.529000
    -8.202000  9.261000  0.529000
    -8.202000  9.525000  0.529000
    -8.202000  9.790000  0.529000
    -8.202000  10.054000  0.529000
    -8.202000  10.319000  0.529000
    -8.202000  10.584000  0.529000
    -7.938000 -10.584000  0.529000
    -7.938000 -10.319000  0.529000
    -7.938000 -10.054000  0.529000
    -7.938000 -9.790000  0.529000
    -7.938000 -9.525000  0.529000
    -7.938000 -9.261000  0.529000
    -7.938000 -8.996000  0.529000
    -7.938000 -8.731000  0.529000
    -7.938000 -8.467000  0.529000
    -7.938000 -8.202000  0.529000
    -7.938000 -7.938000  0.529000
    -7.938000 -7.673000  0.529000
    -7.938000 -7.408000  0.529000
    -7.938000 -7.144000  0.529000
    -7.938000 -6.879000  0.529000
    -7.938000 -6.615000  0.529000
    -7.938000 -6.350000  0.529000
    -7.938000 -6.086000  0.529000
    -7.938000 -5.821000  0.529000
    -7.938000 -5.556000  0.529000
    -7.938000 -5.292000  0.529000
    -7.938000 -5.027000  0.529000
    -7.938000 -4.763000  0.529000
    -7.938000 -4.498000  0.529000
    -7.938000 -4.233000  0.529000
    -7.938000 -3.969000  0.529000
    -7.938000 -3.704000  0.529000
    -7.938000 -3.440000  0.529000
    -7.938000 -3.175000  0.529000
    -7.938000 -2.910000  0.529000
    -7.938000 -2.646000  0.529000
    -7.938000 -2.381000  0.529000
    -7.938000 -2.117000  0.529000
    -7.938000 -1.852000  0.529000
    -7.938000 -1.588000  0.529000
    -7.938000 -1.323000  0.529000
    -7.938000 -1.058000  0.529000
    -7.938000 -0.794000  0.529000
    -7.938000 -0.529000  0.529000
    -7.938000 -0.265000  0.529000
    -7.938000  0.000000  0.529000
    -7.938000  0.265000  0.529000
    -7.938000  0.529000  0.529000
    -7.938000  0.794000  0.529000
    -7.938000  1.058000  0.529000
    -7.938000  1.323000  0.529000
    -7.938000  1.588000  0.529000
    -7.938000  1.852000  0.529000
    -7.938000  2.117000  0.529000
    -7.938000  2.381000  0.529000
    -7.938000  2.646000  0.529000
    -7.938000  2.910000  0.529000
    -7.938000  3.175000  0.529000
    -7.938000  3.440000  0.529000
    -7.938000  3.704000  0.529000
    -7.938000  3.969000  0.529000
    -7.938000  4.233000  0.529000
    -7.938000  4.498000  0.529000
    -7.938000  4.763000  0.529000
    -7.938000  5.027000  0.529000
    -7.938000  5.292000  0.529000
    -7.938000  5.556000  0.529000
    -7.938000  5.821000  0.529000
    -7.938000  6.086000  0.529000
    -7.938000  6.350000  0.529000
    -7.938000  6.615000  0.529000
    -7.938000  6.879000  0.529000
    -7.938000  7.144000  0.529000
    -7.938000  7.408000  0.529000
    -7.938000  7.673000  0.529000
    -7.938000  7.938000  0.529000
    -7.938000  8.202000  0.529000
    -7.938000  8.467000  0.529000
    -7.938000  8.731000  0.529000
    -7.938000  8.996000  0.529000
    -7.938000  9.261000  0.529000
    -7.938000  9.525000  0.529000
    -7.938000  9.790000  0.529000
    -7.938000  10.054000  0.529000
    -7.938000  10.319000  0.529000
    -7.938000  10.584000  0.529000
    -7.673000 -10.584000  0.529000
    -7.673000 -10.319000  0.529000
    -7.673000 -10.054000  0.529000
    -7.673000 -9.790000  0.529000
    -7.673000 -9.525000  0.529000
    -7.673000 -9.261000  0.529000
    -7.673000 -8.996000  0.529000
    -7.673000 -8.731000  0.529000
    -7.673000 -8.467000  0.529000
    -7.673000 -8.202000  0.529000
    -7.673000 -7.938000  0.529000
    -7.673000 -7.673000  0.529000
    -7.673000 -7.408000  0.529000
    -7.673000 -7.144000  0.529000
    -7.673000 -6.879000  0.529000
    -7.673000 -6.615000  0.529000
    -7.673000 -6.350000  0.529000
    -7.673000 -6.086000  0.529000
    -7.673000 -5.821000  0.529000
    -7.673000 -5.556000  0.529000
    -7.673000 -5.292000  0.529000
    -7.673000 -5.027000  0.529000
    -7.673000 -4.763000  0.529000
    -7.673000 -4.498000  0.529000
    -7.673000 -4.233000  0.529000
    -7.673000 -3.969000  0.529000
    -7.673000 -3.704000  0.529000
    -7.673000 -3.440000  0.529000
    -7.673000 -3.175000  0.529000
    -7.673000 -2.910000  0.529000
    -7.673000 -2.646000  0.529000
    -7.673000 -2.381000  0.529000
    -7.673000 -2.117000  0.529000
    -7.673000 -1.852000  0.529000
    -7.673000 -1.588000  0.529000
    -7.673000 -1.323000  0.529000
    -7.673000 -1.058000  0.529000
    -7.673000 -0.794000  0.529000
    -7.673000 -0.529000  0.529000
    -7.673000 -0.265000  0.529000
    -7.673000  0.000000  0.529000
    -7.673000  0.265000  0.529000
    -7.673000  0.529000  0.529000
    -7.673000  0.794000  0.529000
    -7.673000  1.058000  0.529000
    -7.673000  1.323000  0.529000
    -7.673000  1.588000  0.529000
    -7.673000  1.852000  0.529000
    -7.673000  2.117000  0.529000
    -7.673000  2.381000  0.529000
    -7.673000  2.646000  0.529000
    -7.673000  2.910000  0.529000
    -7.673000  3.175000  0.529000
    -7.673000  3.440000  0.529000
    -7.673000  3.704000  0.529000
    -7.673000  3.969000  0.529000
    -7.673000  4.233000  0.529000
    -7.673000  4.498000  0.529000
    -7.673000  4.763000  0.529000
    -7.673000  5.027000  0.529000
    -7.673000  5.292000  0.529000
    -7.673000  5.556000  0.529000
    -7.673000  5.821000  0.529000
    -7.673000  6.086000  0.529000
    -7.673000  6.350000  0.529000
    -7.673000  6.615000  0.529000
    -7.673000  6.879000  0.529000
    -7.673000  7.144000  0.529000
    -7.673000  7.408000  0.529000
    -7.673000  7.673000  0.529000
    -7.673000  7.938000  0.529000
    -7.673000  8.202000  0.529000
    -7.673000  8.467000  0.529000
    -7.673000  8.731000  0.529000
    -7.673000  8.996000  0.529000
    -7.673000  9.261000  0.529000
    -7.673000  9.525000  0.529000
    -7.673000  9.790000  0.529000
    -7.673000  10.054000  0.529000
    -7.673000  10.319000  0.529000
    -7.673000  10.584000  0.529000
    -7.408000 -10.584000  0.529000
    -7.408000 -10.319000  0.529000
    -7.408000 -10.054000  0.529000
    -7.408000 -9.790000  0.529000
    -7.408000 -9.525000  0.529000
    -7.408000 -9.261000  0.529000
    -7.408000 -8.996000  0.529000
    -7.408000 -8.731000  0.529000
    -7.408000 -8.467000  0.529000
    -7.408000 -8.202000  0.529000
    -7.408000 -7.938000  0.529000
    -7.408000 -7.673000  0.529000
    -7.408000 -7.408000  0.529000
    -7.408000 -7.144000  0.529000
    -7.408000 -6.879000  0.529000
    -7.408000 -6.615000  0.529000
    -7.408000 -6.350000  0.529000
    -7.408000 -6.086000  0.529000
    -7.408000 -5.821000  0.529000
    -7.408000 -5.556000  0.529000
    -7.408000 -5.292000  0.529000
    -7.408000 -5.027000  0.529000
    -7.408000 -4.763000  0.529000
    -7.408000 -4.498000  0.529000
    -7.408000 -4.233000  0.529000
    -7.408000 -3.969000  0.529000
    -7.408000 -3.704000  0.529000
    -7.408000 -3.440000  0.529000
    -7.408000 -3.175000  0.529000
    -7.408000 -2.910000  0.529000
    -7.408000 -2.646000  0.529000
    -7.408000 -2.381000  0.529000
    -7.408000 -2.117000  0.529000
    -7.408000 -1.852000  0.529000
    -7.408000 -1.588000  0.529000
    -7.408000 -1.323000  0.529000
    -7.408000 -1.058000  0.529000
    -7.408000 -0.794000  0.529000
    -7.408000 -0.529000  0.529000
    -7.408000 -0.265000  0.529000
    -7.408000  0.000000  0.529000
    -7.408000  0.265000  0.529000
    -7.408000  0.529000  0.529000
    -7.408000  0.794000  0.529000
    -7.408000  1.058000  0.529000
    -7.408000  1.323000  0.529000
    -7.408000  1.588000  0.529000
    -7.408000  1.852000  0.529000
    -7.408000  2.117000  0.529000
    -7.408000  2.381000  0.529000
    -7.408000  2.646000  0.529000
    -7.408000  2.910000  0.529000
    -7.408000  3.175000  0.529000
    -7.408000  3.440000  0.529000
    -7.408000  3.704000  0.529000
    -7.408000  3.969000  0.529000
    -7.408000  4.233000  0.529000
    -7.408000  4.498000  0.529000
    -7.408000  4.763000  0.529000
    -7.408000  5.027000  0.529000
    -7.408000  5.292000  0.529000
    -7.408000  5.556000  0.529000
    -7.408000  5.821000  0.529000
    -7.408000  6.086000  0.529000
    -7.408000  6.350000  0.529000
    -7.408000  6.615000  0.529000
    -7.408000  6.879000  0.529000
    -7.408000  7.144000  0.529000
    -7.408000  7.408000  0.529000
    -7.408000  7.673000  0.529000
    -7.408000  7.938000  0.529000
    -7.408000  8.202000  0.529000
    -7.408000  8.467000  0.529000
    -7.408000  8.731000  0.529000
    -7.408000  8.996000  0.529000
    -7.408000  9.261000  0.529000
    -7.408000  9.525000  0.529000
    -7.408000  9.790000  0.529000
    -7.408000  10.054000  0.529000
    -7.408000  10.319000  0.529000
    -7.408000  10.584000  0.529000
    -7.144000 -10.584000  0.529000
    -7.144000 -10.319000  0.529000
    -7.144000 -10.054000  0.529000
    -7.144000 -9.790000  0.529000
    -7.144000 -9.525000  0.529000
    -7.144000 -9.261000  0.529000
    -7.144000 -8.996000  0.529000
    -7.144000 -8.731000  0.529000
    -7.144000 -8.467000  0.529000
    -7.144000 -8.202000  0.529000
    -7.144000 -7.938000  0.529000
    -7.144000 -7.673000  0.529000
    -7.144000 -7.408000  0.529000
    -7.144000 -7.144000  0.529000
    -7.144000 -6.879000  0.529000
    -7.144000 -6.615000  0.529000
    -7.144000 -6.350000  0.529000
    -7.144000 -6.086000  0.529000
    -7.144000 -5.821000  0.529000
    -7.144000 -5.556000  0.529000
    -7.144000 -5.292000  0.529000
    -7.144000 -5.027000  0.529000
    -7.144000 -4.763000  0.529000
    -7.144000 -4.498000  0.529000
    -7.144000 -4.233000  0.529000
    -7.144000 -3.969000  0.529000
    -7.144000 -3.704000  0.529000
    -7.144000 -3.440000  0.529000
    -7.144000 -3.175000  0.529000
    -7.144000 -2.910000  0.529000
    -7.144000 -2.646000  0.529000
    -7.144000 -2.381000  0.529000
    -7.144000 -2.117000  0.529000
    -7.144000 -1.852000  0.529000
    -7.144000 -1.588000  0.529000
    -7.144000 -1.323000  0.529000
    -7.144000 -1.058000  0.529000
    -7.144000 -0.794000  0.529000
    -7.144000 -0.529000  0.529000
    -7.144000 -0.265000  0.529000
    -7.144000  0.000000  0.529000
    -7.144000  0.265000  0.529000
    -7.144000  0.529000  0.529000
    -7.144000  0.794000  0.529000
    -7.144000  1.058000  0.529000
    -7.144000  1.323000  0.529000
    -7.144000  1.588000  0.529000
    -7.144000  1.852000  0.529000
    -7.144000  2.117000  0.529000
    -7.144000  2.381000  0.529000
    -7.144000  2.646000  0.529000
    -7.144000  2.910000  0.529000
    -7.144000  3.175000  0.529000
    -7.144000  3.440000  0.529000
    -7.144000  3.704000  0.529000
    -7.144000  3.969000  0.529000
    -7.144000  4.233000  0.529000
    -7.144000  4.498000  0.529000
    -7.144000  4.763000  0.529000
    -7.144000  5.027000  0.529000
    -7.144000  5.292000  0.529000
    -7.144000  5.556000  0.529000
    -7.144000  5.821000  0.529000
    -7.144000  6.086000  0.529000
    -7.144000  6.350000  0.529000
    -7.144000  6.615000  0.529000
    -7.144000  6.879000  0.529000
    -7.144000  7.144000  0.529000
    -7.144000  7.408000  0.529000
    -7.144000  7.673000  0.529000
    -7.144000  7.938000  0.529000
    -7.144000  8.202000  0.529000
    -7.144000  8.467000  0.529000
    -7.144000  8.731000  0.529000
    -7.144000  8.996000  0.529000
    -7.144000  9.261000  0.529000
    -7.144000  9.525000  0.529000
    -7.144000  9.790000  0.529000
    -7.144000  10.054000  0.529000
    -7.144000  10.319000  0.529000
    -7.144000  10.584000  0.529000
    -6.879000 -10.584000  0.529000
    -6.879000 -10.319000  0.529000
    -6.879000 -10.054000  0.529000
    -6.879000 -9.790000  0.529000
    -6.879000 -9.525000  0.529000
    -6.879000 -9.261000  0.529000
    -6.879000 -8.996000  0.529000
    -6.879000 -8.731000  0.529000
    -6.879000 -8.467000  0.529000
    -6.879000 -8.202000  0.529000
    -6.879000 -7.938000  0.529000
    -6.879000 -7.673000  0.529000
    -6.879000 -7.408000  0.529000
    -6.879000 -7.144000  0.529000
    -6.879000 -6.879000  0.529000
    -6.879000 -6.615000  0.529000
    -6.879000 -6.350000  0.529000
    -6.879000 -6.086000  0.529000
    -6.879000 -5.821000  0.529000
    -6.879000 -5.556000  0.529000
    -6.879000 -5.292000  0.529000
    -6.879000 -5.027000  0.529000
    -6.879000 -4.763000  0.529000
    -6.879000 -4.498000  0.529000
    -6.879000 -4.233000  0.529000
    -6.879000 -3.969000  0.529000
    -6.879000 -3.704000  0.529000
    -6.879000 -3.440000  0.529000
    -6.879000 -3.175000  0.529000
    -6.879000 -2.910000  0.529000
    -6.879000 -2.646000  0.529000
    -6.879000 -2.381000  0.529000
    -6.879000 -2.117000  0.529000
    -6.879000 -1.852000  0.529000
    -6.879000 -1.588000  0.529000
    -6.879000 -1.323000  0.529000
    -6.879000 -1.058000  0.529000
    -6.879000 -0.794000  0.529000
    -6.879000 -0.529000  0.529000
    -6.879000 -0.265000  0.529000
    -6.879000  0.000000  0.529000
    -6.879000  0.265000  0.529000
    -6.879000  0.529000  0.529000
    -6.879000  0.794000  0.529000
    -6.879000  1.058000  0.529000
    -6.879000  1.323000  0.529000
    -6.879000  1.588000  0.529000
    -6.879000  1.852000  0.529000
    -6.879000  2.117000  0.529000
    -6.879000  2.381000  0.529000
    -6.879000  2.646000  0.529000
    -6.879000  2.910000  0.529000
    -6.879000  3.175000  0.529000
    -6.879000  3.440000  0.529000
    -6.879000  3.704000  0.529000
    -6.879000  3.969000  0.529000
    -6.879000  4.233000  0.529000
    -6.879000  4.498000  0.529000
    -6.879000  4.763000  0.529000
    -6.879000  5.027000  0.529000
    -6.879000  5.292000  0.529000
    -6.879000  5.556000  0.529000
    -6.879000  5.821000  0.529000
    -6.879000  6.086000  0.529000
    -6.879000  6.350000  0.529000
    -6.879000  6.615000  0.529000
    -6.879000  6.879000  0.529000
    -6.879000  7.144000  0.529000
    -6.879000  7.408000  0.529000
    -6.879000  7.673000  0.529000
    -6.879000  7.938000  0.529000
    -6.879000  8.202000  0.529000
    -6.879000  8.467000  0.529000
    -6.879000  8.731000  0.529000
    -6.879000  8.996000  0.529000
    -6.879000  9.261000  0.529000
    -6.879000  9.525000  0.529000
    -6.879000  9.790000  0.529000
    -6.879000  10.054000  0.529000
    -6.879000  10.319000  0.529000
    -6.879000  10.584000  0.529000
    -6.615000 -10.584000  0.529000
    -6.615000 -10.319000  0.529000
    -6.615000 -10.054000  0.529000
    -6.615000 -9.790000  0.529000
    -6.615000 -9.525000  0.529000
    -6.615000 -9.261000  0.529000
    -6.615000 -8.996000  0.529000
    -6.615000 -8.731000  0.529000
    -6.615000 -8.467000  0.529000
    -6.615000 -8.202000  0.529000
    -6.615000 -7.938000  0.529000
    -6.615000 -7.673000  0.529000
    -6.615000 -7.408000  0.529000
    -6.615000 -7.144000  0.529000
    -6.615000 -6.879000  0.529000
    -6.615000 -6.615000  0.529000
    -6.615000 -6.350000  0.529000
    -6.615000 -6.086000  0.529000
    -6.615000 -5.821000  0.529000
    -6.615000 -5.556000  0.529000
    -6.615000 -5.292000  0.529000
    -6.615000 -5.027000  0.529000
    -6.615000 -4.763000  0.529000
    -6.615000 -4.498000  0.529000
    -6.615000 -4.233000  0.529000
    -6.615000 -3.969000  0.529000
    -6.615000 -3.704000  0.529000
    -6.615000 -3.440000  0.529000
    -6.615000 -3.175000  0.529000
    -6.615000 -2.910000  0.529000
    -6.615000 -2.646000  0.529000
    -6.615000 -2.381000  0.529000
    -6.615000 -2.117000  0.529000
    -6.615000 -1.852000  0.529000
    -6.615000 -1.588000  0.529000
    -6.615000 -1.323000  0.529000
    -6.615000 -1.058000  0.529000
    -6.615000 -0.794000  0.529000
    -6.615000 -0.529000  0.529000
    -6.615000 -0.265000  0.529000
    -6.615000  0.000000  0.529000
    -6.615000  0.265000  0.529000
    -6.615000  0.529000  0.529000
    -6.615000  0.794000  0.529000
    -6.615000  1.058000  0.529000
    -6.615000  1.323000  0.529000
    -6.615000  1.588000  0.529000
    -6.615000  1.852000  0.529000
    -6.615000  2.117000  0.529000
    -6.615000  2.381000  0.529000
    -6.615000  2.646000  0.529000
    -6.615000  2.910000  0.529000
    -6.615000  3.175000  0.529000
    -6.615000  3.440000  0.529000
    -6.615000  3.704000  0.529000
    -6.615000  3.969000  0.529000
    -6.615000  4.233000  0.529000
    -6.615000  4.498000  0.529000
    -6.615000  4.763000  0.529000
    -6.615000  5.027000  0.529000
    -6.615000  5.292000  0.529000
    -6.615000  5.556000  0.529000
    -6.615000  5.821000  0.529000
    -6.615000  6.086000  0.529000
    -6.615000  6.350000  0.529000
    -6.615000  6.615000  0.529000
    -6.615000  6.879000  0.529000
    -6.615000  7.144000  0.529000
    -6.615000  7.408000  0.529000
    -6.615000  7.673000  0.529000
    -6.615000  7.938000  0.529000
    -6.615000  8.202000  0.529000
    -6.615000  8.467000  0.529000
    -6.615000  8.731000  0.529000
    -6.615000  8.996000  0.529000
    -6.615000  9.261000  0.529000
    -6.615000  9.525000  0.529000
    -6.615000  9.790000  0.529000
    -6.615000  10.054000  0.529000
    -6.615000  10.319000  0.529000
    -6.615000  10.584000  0.529000
    -6.350000 -10.584000  0.529000
    -6.350000 -10.319000  0.529000
    -6.350000 -10.054000  0.529000
    -6.350000 -9.790000  0.529000
    -6.350000 -9.525000  0.529000
    -6.350000 -9.261000  0.529000
    -6.350000 -8.996000  0.529000
    -6.350000 -8.731000  0.529000
    -6.350000 -8.467000  0.529000
    -6.350000 -8.202000  0.529000
    -6.350000 -7.938000  0.529000
    -6.350000 -7.673000  0.529000
    -6.350000 -7.408000  0.529000
    -6.350000 -7.144000  0.529000
    -6.350000 -6.879000  0.529000
    -6.350000 -6.615000  0.529000
    -6.350000 -6.350000  0.529000
    -6.350000 -6.086000  0.529000
    -6.350000 -5.821000  0.529000
    -6.350000 -5.556000  0.529000
    -6.350000 -5.292000  0.529000
    -6.350000 -5.027000  0.529000
    -6.350000 -4.763000  0.529000
    -6.350000 -4.498000  0.529000
    -6.350000 -4.233000  0.529000
    -6.350000 -3.969000  0.529000
    -6.350000 -3.704000  0.529000
    -6.350000 -3.440000  0.529000
    -6.350000 -3.175000  0.529000
    -6.350000 -2.910000  0.529000
    -6.350000 -2.646000  0.529000
    -6.350000 -2.381000  0.529000
    -6.350000 -2.117000  0.529000
    -6.350000 -1.852000  0.529000
    -6.350000 -1.588000  0.529000
    -6.350000 -1.323000  0.529000
    -6.350000 -1.058000  0.529000
    -6.350000 -0.794000  0.529000
    -6.350000 -0.529000  0.529000
    -6.350000 -0.265000  0.529000
    -6.350000  0.000000  0.529000
    -6.350000  0.265000  0.529000
    -6.350000  0.529000  0.529000
    -6.350000  0.794000  0.529000
    -6.350000  1.058000  0.529000
    -6.350000  1.323000  0.529000
    -6.350000  1.588000  0.529000
    -6.350000  1.852000  0.529000
    -6.350000  2.117000  0.529000
    -6.350000  2.381000  0.529000
    -6.350000  2.646000  0.529000
    -6.350000  2.910000  0.529000
    -6.350000  3.175000  0.529000
    -6.350000  3.440000  0.529000
    -6.350000  3.704000  0.529000
    -6.350000  3.969000  0.529000
    -6.350000  4.233000  0.529000
    -6.350000  4.498000  0.529000
    -6.350000  4.763000  0.529000
    -6.350000  5.027000  0.529000
    -6.350000  5.292000  0.529000
    -6.350000  5.556000  0.529000
    -6.350000  5.821000  0.529000
    -6.350000  6.086000  0.529000
    -6.350000  6.350000  0.529000
    -6.350000  6.615000  0.529000
    -6.350000  6.879000  0.529000
    -6.350000  7.144000  0.529000
    -6.350000  7.408000  0.529000
    -6.350000  7.673000  0.529000
    -6.350000  7.938000  0.529000
    -6.350000  8.202000  0.529000
    -6.350000  8.467000  0.529000
    -6.350000  8.731000  0.529000
    -6.350000  8.996000  0.529000
    -6.350000  9.261000  0.529000
    -6.350000  9.525000  0.529000
    -6.350000  9.790000  0.529000
    -6.350000  10.054000  0.529000
    -6.350000  10.319000  0.529000
    -6.350000  10.584000  0.529000
    -6.086000 -10.584000  0.529000
    -6.086000 -10.319000  0.529000
    -6.086000 -10.054000  0.529000
    -6.086000 -9.790000  0.529000
    -6.086000 -9.525000  0.529000
    -6.086000 -9.261000  0.529000
    -6.086000 -8.996000  0.529000
    -6.086000 -8.731000  0.529000
    -6.086000 -8.467000  0.529000
    -6.086000 -8.202000  0.529000
    -6.086000 -7.938000  0.529000
    -6.086000 -7.673000  0.529000
    -6.086000 -7.408000  0.529000
    -6.086000 -7.144000  0.529000
    -6.086000 -6.879000  0.529000
    -6.086000 -6.615000  0.529000
    -6.086000 -6.350000  0.529000
    -6.086000 -6.086000  0.529000
    -6.086000 -5.821000  0.529000
    -6.086000 -5.556000  0.529000
    -6.086000 -5.292000  0.529000
    -6.086000 -5.027000  0.529000
    -6.086000 -4.763000  0.529000
    -6.086000 -4.498000  0.529000
    -6.086000 -4.233000  0.529000
    -6.086000 -3.969000  0.529000
    -6.086000 -3.704000  0.529000
    -6.086000 -3.440000  0.529000
    -6.086000 -3.175000  0.529000
    -6.086000 -2.910000  0.529000
    -6.086000 -2.646000  0.529000
    -6.086000 -2.381000  0.529000
    -6.086000 -2.117000  0.529000
    -6.086000 -1.852000  0.529000
    -6.086000 -1.588000  0.529000
    -6.086000 -1.323000  0.529000
    -6.086000 -1.058000  0.529000
    -6.086000 -0.794000  0.529000
    -6.086000 -0.529000  0.529000
    -6.086000 -0.265000  0.529000
    -6.086000  0.000000  0.529000
    -6.086000  0.265000  0.529000
    -6.086000  0.529000  0.529000
    -6.086000  0.794000  0.529000
    -6.086000  1.058000  0.529000
    -6.086000  1.323000  0.529000
    -6.086000  1.588000  0.529000
    -6.086000  1.852000  0.529000
    -6.086000  2.117000  0.529000
    -6.086000  2.381000  0.529000
    -6.086000  2.646000  0.529000
    -6.086000  2.910000  0.529000
    -6.086000  3.175000  0.529000
    -6.086000  3.440000  0.529000
    -6.086000  3.704000  0.529000
    -6.086000  3.969000  0.529000
    -6.086000  4.233000  0.529000
    -6.086000  4.498000  0.529000
    -6.086000  4.763000  0.529000
    -6.086000  5.027000  0.529000
    -6.086000  5.292000  0.529000
    -6.086000  5.556000  0.529000
    -6.086000  5.821000  0.529000
    -6.086000  6.086000  0.529000
    -6.086000  6.350000  0.529000
    -6.086000  6.615000  0.529000
    -6.086000  6.879000  0.529000
    -6.086000  7.144000  0.529000
    -6.086000  7.408000  0.529000
    -6.086000  7.673000  0.529000
    -6.086000  7.938000  0.529000
    -6.086000  8.202000  0.529000
    -6.086000  8.467000  0.529000
    -6.086000  8.731000  0.529000
    -6.086000  8.996000  0.529000
    -6.086000  9.261000  0.529000
    -6.086000  9.525000  0.529000
    -6.086000  9.790000  0.529000
    -6.086000  10.054000  0.529000
    -6.086000  10.319000  0.529000
    -6.086000  10.584000  0.529000
    -5.821000 -10.584000  0.529000
    -5.821000 -10.319000  0.529000
    -5.821000 -10.054000  0.529000
    -5.821000 -9.790000  0.529000
    -5.821000 -9.525000  0.529000
    -5.821000 -9.261000  0.529000
    -5.821000 -8.996000  0.529000
    -5.821000 -8.731000  0.529000
    -5.821000 -8.467000  0.529000
    -5.821000 -8.202000  0.529000
    -5.821000 -7.938000  0.529000
    -5.821000 -7.673000  0.529000
    -5.821000 -7.408000  0.529000
    -5.821000 -7.144000  0.529000
    -5.821000 -6.879000  0.529000
    -5.821000 -6.615000  0.529000
    -5.821000 -6.350000  0.529000
    -5.821000 -6.086000  0.529000
    -5.821000 -5.821000  0.529000
    -5.821000 -5.556000  0.529000
    -5.821000 -5.292000  0.529000
    -5.821000 -5.027000  0.529000
    -5.821000 -4.763000  0.529000
    -5.821000 -4.498000  0.529000
    -5.821000 -4.233000  0.529000
    -5.821000 -3.969000  0.529000
    -5.821000 -3.704000  0.529000
    -5.821000 -3.440000  0.529000
    -5.821000 -3.175000  0.529000
    -5.821000 -2.910000  0.529000
    -5.821000 -2.646000  0.529000
    -5.821000 -2.381000  0.529000
    -5.821000 -2.117000  0.529000
    -5.821000 -1.852000  0.529000
    -5.821000 -1.588000  0.529000
    -5.821000 -1.323000  0.529000
    -5.821000 -1.058000  0.529000
    -5.821000 -0.794000  0.529000
    -5.821000 -0.529000  0.529000
    -5.821000 -0.265000  0.529000
    -5.821000  0.000000  0.529000
    -5.821000  0.265000  0.529000
    -5.821000  0.529000  0.529000
    -5.821000  0.794000  0.529000
    -5.821000  1.058000  0.529000
    -5.821000  1.323000  0.529000
    -5.821000  1.588000  0.529000
    -5.821000  1.852000  0.529000
    -5.821000  2.117000  0.529000
    -5.821000  2.381000  0.529000
    -5.821000  2.646000  0.529000
    -5.821000  2.910000  0.529000
    -5.821000  3.175000  0.529000
    -5.821000  3.440000  0.529000
    -5.821000  3.704000  0.529000
    -5.821000  3.969000  0.529000
    -5.821000  4.233000  0.529000
    -5.821000  4.498000  0.529000
    -5.821000  4.763000  0.529000
    -5.821000  5.027000  0.529000
    -5.821000  5.292000  0.529000
    -5.821000  5.556000  0.529000
    -5.821000  5.821000  0.529000
    -5.821000  6.086000  0.529000
    -5.821000  6.350000  0.529000
    -5.821000  6.615000  0.529000
    -5.821000  6.879000  0.529000
    -5.821000  7.144000  0.529000
    -5.821000  7.408000  0.529000
    -5.821000  7.673000  0.529000
    -5.821000  7.938000  0.529000
    -5.821000  8.202000  0.529000
    -5.821000  8.467000  0.529000
    -5.821000  8.731000  0.529000
    -5.821000  8.996000  0.529000
    -5.821000  9.261000  0.529000
    -5.821000  9.525000  0.529000
    -5.821000  9.790000  0.529000
    -5.821000  10.054000  0.529000
    -5.821000  10.319000  0.529000
    -5.821000  10.584000  0.529000
    -5.556000 -10.584000  0.529000
    -5.556000 -10.319000  0.529000
    -5.556000 -10.054000  0.529000
    -5.556000 -9.790000  0.529000
    -5.556000 -9.525000  0.529000
    -5.556000 -9.261000  0.529000
    -5.556000 -8.996000  0.529000
    -5.556000 -8.731000  0.529000
    -5.556000 -8.467000  0.529000
    -5.556000 -8.202000  0.529000
    -5.556000 -7.938000  0.529000
    -5.556000 -7.673000  0.529000
    -5.556000 -7.408000  0.529000
    -5.556000 -7.144000  0.529000
    -5.556000 -6.879000  0.529000
    -5.556000 -6.615000  0.529000
    -5.556000 -6.350000  0.529000
    -5.556000 -6.086000  0.529000
    -5.556000 -5.821000  0.529000
    -5.556000 -5.556000  0.529000
    -5.556000 -5.292000  0.529000
    -5.556000 -5.027000  0.529000
    -5.556000 -4.763000  0.529000
    -5.556000 -4.498000  0.529000
    -5.556000 -4.233000  0.529000
    -5.556000 -3.969000  0.529000
    -5.556000 -3.704000  0.529000
    -5.556000 -3.440000  0.529000
    -5.556000 -3.175000  0.529000
    -5.556000 -2.910000  0.529000
    -5.556000 -2.646000  0.529000
    -5.556000 -2.381000  0.529000
    -5.556000 -2.117000  0.529000
    -5.556000 -1.852000  0.529000
    -5.556000 -1.588000  0.529000
    -5.556000 -1.323000  0.529000
    -5.556000 -1.058000  0.529000
    -5.556000 -0.794000  0.529000
    -5.556000 -0.529000  0.529000
    -5.556000 -0.265000  0.529000
    -5.556000  0.000000  0.529000
    -5.556000  0.265000  0.529000
    -5.556000  0.529000  0.529000
    -5.556000  0.794000  0.529000
    -5.556000  1.058000  0.529000
    -5.556000  1.323000  0.529000
    -5.556000  1.588000  0.529000
    -5.556000  1.852000  0.529000
    -5.556000  2.117000  0.529000
    -5.556000  2.381000  0.529000
    -5.556000  2.646000  0.529000
    -5.556000  2.910000  0.529000
    -5.556000  3.175000  0.529000
    -5.556000  3.440000  0.529000
    -5.556000  3.704000  0.529000
    -5.556000  3.969000  0.529000
    -5.556000  4.233000  0.529000
    -5.556000  4.498000  0.529000
    -5.556000  4.763000  0.529000
    -5.556000  5.027000  0.529000
    -5.556000  5.292000  0.529000
    -5.556000  5.556000  0.529000
    -5.556000  5.821000  0.529000
    -5.556000  6.086000  0.529000
    -5.556000  6.350000  0.529000
    -5.556000  6.615000  0.529000
    -5.556000  6.879000  0.529000
    -5.556000  7.144000  0.529000
    -5.556000  7.408000  0.529000
    -5.556000  7.673000  0.529000
    -5.556000  7.938000  0.529000
    -5.556000  8.202000  0.529000
    -5.556000  8.467000  0.529000
    -5.556000  8.731000  0.529000
    -5.556000  8.996000  0.529000
    -5.556000  9.261000  0.529000
    -5.556000  9.525000  0.529000
    -5.556000  9.790000  0.529000
    -5.556000  10.054000  0.529000
    -5.556000  10.319000  0.529000
    -5.556000  10.584000  0.529000
    -5.292000 -10.584000  0.529000
    -5.292000 -10.319000  0.529000
    -5.292000 -10.054000  0.529000
    -5.292000 -9.790000  0.529000
    -5.292000 -9.525000  0.529000
    -5.292000 -9.261000  0.529000
    -5.292000 -8.996000  0.529000
    -5.292000 -8.731000  0.529000
    -5.292000 -8.467000  0.529000
    -5.292000 -8.202000  0.529000
    -5.292000 -7.938000  0.529000
    -5.292000 -7.673000  0.529000
    -5.292000 -7.408000  0.529000
    -5.292000 -7.144000  0.529000
    -5.292000 -6.879000  0.529000
    -5.292000 -6.615000  0.529000
    -5.292000 -6.350000  0.529000
    -5.292000 -6.086000  0.529000
    -5.292000 -5.821000  0.529000
    -5.292000 -5.556000  0.529000
    -5.292000 -5.292000  0.529000
    -5.292000 -5.027000  0.529000
    -5.292000 -4.763000  0.529000
    -5.292000 -4.498000  0.529000
    -5.292000 -4.233000  0.529000
    -5.292000 -3.969000  0.529000
    -5.292000 -3.704000  0.529000
    -5.292000 -3.440000  0.529000
    -5.292000 -3.175000  0.529000
    -5.292000 -2.910000  0.529000
    -5.292000 -2.646000  0.529000
    -5.292000 -2.381000  0.529000
    -5.292000 -2.117000  0.529000
    -5.292000 -1.852000  0.529000
    -5.292000 -1.588000  0.529000
    -5.292000 -1.323000  0.529000
    -5.292000 -1.058000  0.529000
    -5.292000 -0.794000  0.529000
    -5.292000 -0.529000  0.529000
    -5.292000 -0.265000  0.529000
    -5.292000  0.000000  0.529000
    -5.292000  0.265000  0.529000
    -5.292000  0.529000  0.529000
    -5.292000  0.794000  0.529000
    -5.292000  1.058000  0.529000
    -5.292000  1.323000  0.529000
    -5.292000  1.588000  0.529000
    -5.292000  1.852000  0.529000
    -5.292000  2.117000  0.529000
    -5.292000  2.381000  0.529000
    -5.292000  2.646000  0.529000
    -5.292000  2.910000  0.529000
    -5.292000  3.175000  0.529000
    -5.292000  3.440000  0.529000
    -5.292000  3.704000  0.529000
    -5.292000  3.969000  0.529000
    -5.292000  4.233000  0.529000
    -5.292000  4.498000  0.529000
    -5.292000  4.763000  0.529000
    -5.292000  5.027000  0.529000
    -5.292000  5.292000  0.529000
    -5.292000  5.556000  0.529000
    -5.292000  5.821000  0.529000
    -5.292000  6.086000  0.529000
    -5.292000  6.350000  0.529000
    -5.292000  6.615000  0.529000
    -5.292000  6.879000  0.529000
    -5.292000  7.144000  0.529000
    -5.292000  7.408000  0.529000
    -5.292000  7.673000  0.529000
    -5.292000  7.938000  0.529000
    -5.292000  8.202000  0.529000
    -5.292000  8.467000  0.529000
    -5.292000  8.731000  0.529000
    -5.292000  8.996000  0.529000
    -5.292000  9.261000  0.529000
    -5.292000  9.525000  0.529000
    -5.292000  9.790000  0.529000
    -5.292000  10.054000  0.529000
    -5.292000  10.319000  0.529000
    -5.292000  10.584000  0.529000
    -5.027000 -10.584000  0.529000
    -5.027000 -10.319000  0.529000
    -5.027000 -10.054000  0.529000
    -5.027000 -9.790000  0.529000
    -5.027000 -9.525000  0.529000
    -5.027000 -9.261000  0.529000
    -5.027000 -8.996000  0.529000
    -5.027000 -8.731000  0.529000
    -5.027000 -8.467000  0.529000
    -5.027000 -8.202000  0.529000
    -5.027000 -7.938000  0.529000
    -5.027000 -7.673000  0.529000
    -5.027000 -7.408000  0.529000
    -5.027000 -7.144000  0.529000
    -5.027000 -6.879000  0.529000
    -5.027000 -6.615000  0.529000
    -5.027000 -6.350000  0.529000
    -5.027000 -6.086000  0.529000
    -5.027000 -5.821000  0.529000
    -5.027000 -5.556000  0.529000
    -5.027000 -5.292000  0.529000
    -5.027000 -5.027000  0.529000
    -5.027000 -4.763000  0.529000
    -5.027000 -4.498000  0.529000
    -5.027000 -4.233000  0.529000
    -5.027000 -3.969000  0.529000
    -5.027000 -3.704000  0.529000
    -5.027000 -3.440000  0.529000
    -5.027000 -3.175000  0.529000
    -5.027000 -2.910000  0.529000
    -5.027000 -2.646000  0.529000
    -5.027000 -2.381000  0.529000
    -5.027000 -2.117000  0.529000
    -5.027000 -1.852000  0.529000
    -5.027000 -1.588000  0.529000
    -5.027000 -1.323000  0.529000
    -5.027000 -1.058000  0.529000
    -5.027000 -0.794000  0.529000
    -5.027000 -0.529000  0.529000
    -5.027000 -0.265000  0.529000
    -5.027000  0.000000  0.529000
    -5.027000  0.265000  0.529000
    -5.027000  0.529000  0.529000
    -5.027000  0.794000  0.529000
    -5.027000  1.058000  0.529000
    -5.027000  1.323000  0.529000
    -5.027000  1.588000  0.529000
    -5.027000  1.852000  0.529000
    -5.027000  2.117000  0.529000
    -5.027000  2.381000  0.529000
    -5.027000  2.646000  0.529000
    -5.027000  2.910000  0.529000
    -5.027000  3.175000  0.529000
    -5.027000  3.440000  0.529000
    -5.027000  3.704000  0.529000
    -5.027000  3.969000  0.529000
    -5.027000  4.233000  0.529000
    -5.027000  4.498000  0.529000
    -5.027000  4.763000  0.529000
    -5.027000  5.027000  0.529000
    -5.027000  5.292000  0.529000
    -5.027000  5.556000  0.529000
    -5.027000  5.821000  0.529000
    -5.027000  6.086000  0.529000
    -5.027000  6.350000  0.529000
    -5.027000  6.615000  0.529000
    -5.027000  6.879000  0.529000
    -5.027000  7.144000  0.529000
    -5.027000  7.408000  0.529000
    -5.027000  7.673000  0.529000
    -5.027000  7.938000  0.529000
    -5.027000  8.202000  0.529000
    -5.027000  8.467000  0.529000
    -5.027000  8.731000  0.529000
    -5.027000  8.996000  0.529000
    -5.027000  9.261000  0.529000
    -5.027000  9.525000  0.529000
    -5.027000  9.790000  0.529000
    -5.027000  10.054000  0.529000
    -5.027000  10.319000  0.529000
    -5.027000  10.584000  0.529000
    -4.763000 -10.584000  0.529000
    -4.763000 -10.319000  0.529000
    -4.763000 -10.054000  0.529000
    -4.763000 -9.790000  0.529000
    -4.763000 -9.525000  0.529000
    -4.763000 -9.261000  0.529000
    -4.763000 -8.996000  0.529000
    -4.763000 -8.731000  0.529000
    -4.763000 -8.467000  0.529000
    -4.763000 -8.202000  0.529000
    -4.763000 -7.938000  0.529000
    -4.763000 -7.673000  0.529000
    -4.763000 -7.408000  0.529000
    -4.763000 -7.144000  0.529000
    -4.763000 -6.879000  0.529000
    -4.763000 -6.615000  0.529000
    -4.763000 -6.350000  0.529000
    -4.763000 -6.086000  0.529000
    -4.763000 -5.821000  0.529000
    -4.763000 -5.556000  0.529000
    -4.763000 -5.292000  0.529000
    -4.763000 -5.027000  0.529000
    -4.763000 -4.763000  0.529000
    -4.763000 -4.498000  0.529000
    -4.763000 -4.233000  0.529000
    -4.763000 -3.969000  0.529000
    -4.763000 -3.704000  0.529000
    -4.763000 -3.440000  0.529000
    -4.763000 -3.175000  0.529000
    -4.763000 -2.910000  0.529000
    -4.763000 -2.646000  0.529000
    -4.763000 -2.381000  0.529000
    -4.763000 -2.117000  0.529000
    -4.763000 -1.852000  0.529000
    -4.763000 -1.588000  0.529000
    -4.763000 -1.323000  0.529000
    -4.763000 -1.058000  0.529000
    -4.763000 -0.794000  0.529000
    -4.763000 -0.529000  0.529000
    -4.763000 -0.265000  0.529000
    -4.763000  0.000000  0.529000
    -4.763000  0.265000  0.529000
    -4.763000  0.529000  0.529000
    -4.763000  0.794000  0.529000
    -4.763000  1.058000  0.529000
    -4.763000  1.323000  0.529000
    -4.763000  1.588000  0.529000
    -4.763000  1.852000  0.529000
    -4.763000  2.117000  0.529000
    -4.763000  2.381000  0.529000
    -4.763000  2.646000  0.529000
    -4.763000  2.910000  0.529000
    -4.763000  3.175000  0.529000
    -4.763000  3.440000  0.529000
    -4.763000  3.704000  0.529000
    -4.763000  3.969000  0.529000
    -4.763000  4.233000  0.529000
    -4.763000  4.498000  0.529000
    -4.763000  4.763000  0.529000
    -4.763000  5.027000  0.529000
    -4.763000  5.292000  0.529000
    -4.763000  5.556000  0.529000
    -4.763000  5.821000  0.529000
    -4.763000  6.086000  0.529000
    -4.763000  6.350000  0.529000
    -4.763000  6.615000  0.529000
    -4.763000  6.879000  0.529000
    -4.763000  7.144000  0.529000
    -4.763000  7.408000  0.529000
    -4.763000  7.673000  0.529000
    -4.763000  7.938000  0.529000
    -4.763000  8.202000  0.529000
    -4.763000  8.467000  0.529000
    -4.763000  8.731000  0.529000
    -4.763000  8.996000  0.529000
    -4.763000  9.261000  0.529000
    -4.763000  9.525000  0.529000
    -4.763000  9.790000  0.529000
    -4.763000  10.054000  0.529000
    -4.763000  10.319000  0.529000
    -4.763000  10.584000  0.529000
    -4.498000 -10.584000  0.529000
    -4.498000 -10.319000  0.529000
    -4.498000 -10.054000  0.529000
    -4.498000 -9.790000  0.529000
    -4.498000 -9.525000  0.529000
    -4.498000 -9.261000  0.529000
    -4.498000 -8.996000  0.529000
    -4.498000 -8.731000  0.529000
    -4.498000 -8.467000  0.529000
    -4.498000 -8.202000  0.529000
    -4.498000 -7.938000  0.529000
    -4.498000 -7.673000  0.529000
    -4.498000 -7.408000  0.529000
    -4.498000 -7.144000  0.529000
    -4.498000 -6.879000  0.529000
    -4.498000 -6.615000  0.529000
    -4.498000 -6.350000  0.529000
    -4.498000 -6.086000  0.529000
    -4.498000 -5.821000  0.529000
    -4.498000 -5.556000  0.529000
    -4.498000 -5.292000  0.529000
    -4.498000 -5.027000  0.529000
    -4.498000 -4.763000  0.529000
    -4.498000 -4.498000  0.529000
    -4.498000 -4.233000  0.529000
    -4.498000 -3.969000  0.529000
    -4.498000 -3.704000  0.529000
    -4.498000 -3.440000  0.529000
    -4.498000 -3.175000  0.529000
    -4.498000 -2.910000  0.529000
    -4.498000 -2.646000  0.529000
    -4.498000 -2.381000  0.529000
    -4.498000 -2.117000  0.529000
    -4.498000 -1.852000  0.529000
    -4.498000 -1.588000  0.529000
    -4.498000 -1.323000  0.529000
    -4.498000 -1.058000  0.529000
    -4.498000 -0.794000  0.529000
    -4.498000 -0.529000  0.529000
    -4.498000 -0.265000  0.529000
    -4.498000  0.000000  0.529000
    -4.498000  0.265000  0.529000
    -4.498000  0.529000  0.529000
    -4.498000  0.794000  0.529000
    -4.498000  1.058000  0.529000
    -4.498000  1.323000  0.529000
    -4.498000  1.588000  0.529000
    -4.498000  1.852000  0.529000
    -4.498000  2.117000  0.529000
    -4.498000  2.381000  0.529000
    -4.498000  2.646000  0.529000
    -4.498000  2.910000  0.529000
    -4.498000  3.175000  0.529000
    -4.498000  3.440000  0.529000
    -4.498000  3.704000  0.529000
    -4.498000  3.969000  0.529000
    -4.498000  4.233000  0.529000
    -4.498000  4.498000  0.529000
    -4.498000  4.763000  0.529000
    -4.498000  5.027000  0.529000
    -4.498000  5.292000  0.529000
    -4.498000  5.556000  0.529000
    -4.498000  5.821000  0.529000
    -4.498000  6.086000  0.529000
    -4.498000  6.350000  0.529000
    -4.498000  6.615000  0.529000
    -4.498000  6.879000  0.529000
    -4.498000  7.144000  0.529000
    -4.498000  7.408000  0.529000
    -4.498000  7.673000  0.529000
    -4.498000  7.938000  0.529000
    -4.498000  8.202000  0.529000
    -4.498000  8.467000  0.529000
    -4.498000  8.731000  0.529000
    -4.498000  8.996000  0.529000
    -4.498000  9.261000  0.529000
    -4.498000  9.525000  0.529000
    -4.498000  9.790000  0.529000
    -4.498000  10.054000  0.529000
    -4.498000  10.319000  0.529000
    -4.498000  10.584000  0.529000
    -4.233000 -10.584000  0.529000
    -4.233000 -10.319000  0.529000
    -4.233000 -10.054000  0.529000
    -4.233000 -9.790000  0.529000
    -4.233000 -9.525000  0.529000
    -4.233000 -9.261000  0.529000
    -4.233000 -8.996000  0.529000
    -4.233000 -8.731000  0.529000
    -4.233000 -8.467000  0.529000
    -4.233000 -8.202000  0.529000
    -4.233000 -7.938000  0.529000
    -4.233000 -7.673000  0.529000
    -4.233000 -7.408000  0.529000
    -4.233000 -7.144000  0.529000
    -4.233000 -6.879000  0.529000
    -4.233000 -6.615000  0.529000
    -4.233000 -6.350000  0.529000
    -4.233000 -6.086000  0.529000
    -4.233000 -5.821000  0.529000
    -4.233000 -5.556000  0.529000
    -4.233000 -5.292000  0.529000
    -4.233000 -5.027000  0.529000
    -4.233000 -4.763000  0.529000
    -4.233000 -4.498000  0.529000
    -4.233000 -4.233000  0.529000
    -4.233000 -3.969000  0.529000
    -4.233000 -3.704000  0.529000
    -4.233000 -3.440000  0.529000
    -4.233000 -3.175000  0.529000
    -4.233000 -2.910000  0.529000
    -4.233000 -2.646000  0.529000
    -4.233000 -2.381000  0.529000
    -4.233000 -2.117000  0.529000
    -4.233000 -1.852000  0.529000
    -4.233000 -1.588000  0.529000
    -4.233000 -1.323000  0.529000
    -4.233000 -1.058000  0.529000
    -4.233000 -0.794000  0.529000
    -4.233000 -0.529000  0.529000
    -4.233000 -0.265000  0.529000
    -4.233000  0.000000  0.529000
    -4.233000  0.265000  0.529000
    -4.233000  0.529000  0.529000
    -4.233000  0.794000  0.529000
    -4.233000  1.058000  0.529000
    -4.233000  1.323000  0.529000
    -4.233000  1.588000  0.529000
    -4.233000  1.852000  0.529000
    -4.233000  2.117000  0.529000
    -4.233000  2.381000  0.529000
    -4.233000  2.646000  0.529000
    -4.233000  2.910000  0.529000
    -4.233000  3.175000  0.529000
    -4.233000  3.440000  0.529000
    -4.233000  3.704000  0.529000
    -4.233000  3.969000  0.529000
    -4.233000  4.233000  0.529000
    -4.233000  4.498000  0.529000
    -4.233000  4.763000  0.529000
    -4.233000  5.027000  0.529000
    -4.233000  5.292000  0.529000
    -4.233000  5.556000  0.529000
    -4.233000  5.821000  0.529000
    -4.233000  6.086000  0.529000
    -4.233000  6.350000  0.529000
    -4.233000  6.615000  0.529000
    -4.233000  6.879000  0.529000
    -4.233000  7.144000  0.529000
    -4.233000  7.408000  0.529000
    -4.233000  7.673000  0.529000
    -4.233000  7.938000  0.529000
    -4.233000  8.202000  0.529000
    -4.233000  8.467000  0.529000
    -4.233000  8.731000  0.529000
    -4.233000  8.996000  0.529000
    -4.233000  9.261000  0.529000
    -4.233000  9.525000  0.529000
    -4.233000  9.790000  0.529000
    -4.233000  10.054000  0.529000
    -4.233000  10.319000  0.529000
    -4.233000  10.584000  0.529000
    -3.969000 -10.584000  0.529000
    -3.969000 -10.319000  0.529000
    -3.969000 -10.054000  0.529000
    -3.969000 -9.790000  0.529000
    -3.969000 -9.525000  0.529000
    -3.969000 -9.261000  0.529000
    -3.969000 -8.996000  0.529000
    -3.969000 -8.731000  0.529000
    -3.969000 -8.467000  0.529000
    -3.969000 -8.202000  0.529000
    -3.969000 -7.938000  0.529000
    -3.969000 -7.673000  0.529000
    -3.969000 -7.408000  0.529000
    -3.969000 -7.144000  0.529000
    -3.969000 -6.879000  0.529000
    -3.969000 -6.615000  0.529000
    -3.969000 -6.350000  0.529000
    -3.969000 -6.086000  0.529000
    -3.969000 -5.821000  0.529000
    -3.969000 -5.556000  0.529000
    -3.969000 -5.292000  0.529000
    -3.969000 -5.027000  0.529000
    -3.969000 -4.763000  0.529000
    -3.969000 -4.498000  0.529000
    -3.969000 -4.233000  0.529000
    -3.969000 -3.969000  0.529000
    -3.969000 -3.704000  0.529000
    -3.969000 -3.440000  0.529000
    -3.969000 -3.175000  0.529000
    -3.969000 -2.910000  0.529000
    -3.969000 -2.646000  0.529000
    -3.969000 -2.381000  0.529000
    -3.969000 -2.117000  0.529000
    -3.969000 -1.852000  0.529000
    -3.969000 -1.588000  0.529000
    -3.969000 -1.323000  0.529000
    -3.969000 -1.058000  0.529000
    -3.969000 -0.794000  0.529000
    -3.969000 -0.529000  0.529000
    -3.969000 -0.265000  0.529000
    -3.969000  0.000000  0.529000
    -3.969000  0.265000  0.529000
    -3.969000  0.529000  0.529000
    -3.969000  0.794000  0.529000
    -3.969000  1.058000  0.529000
    -3.969000  1.323000  0.529000
    -3.969000  1.588000  0.529000
    -3.969000  1.852000  0.529000
    -3.969000  2.117000  0.529000
    -3.969000  2.381000  0.529000
    -3.969000  2.646000  0.529000
    -3.969000  2.910000  0.529000
    -3.969000  3.175000  0.529000
    -3.969000  3.440000  0.529000
    -3.969000  3.704000  0.529000
    -3.969000  3.969000  0.529000
    -3.969000  4.233000  0.529000
    -3.969000  4.498000  0.529000
    -3.969000  4.763000  0.529000
    -3.969000  5.027000  0.529000
    -3.969000  5.292000  0.529000
    -3.969000  5.556000  0.529000
    -3.969000  5.821000  0.529000
    -3.969000  6.086000  0.529000
    -3.969000  6.350000  0.529000
    -3.969000  6.615000  0.529000
    -3.969000  6.879000  0.529000
    -3.969000  7.144000  0.529000
    -3.969000  7.408000  0.529000
    -3.969000  7.673000  0.529000
    -3.969000  7.938000  0.529000
    -3.969000  8.202000  0.529000
    -3.969000  8.467000  0.529000
    -3.969000  8.731000  0.529000
    -3.969000  8.996000  0.529000
    -3.969000  9.261000  0.529000
    -3.969000  9.525000  0.529000
    -3.969000  9.790000  0.529000
    -3.969000  10.054000  0.529000
    -3.969000  10.319000  0.529000
    -3.969000  10.584000  0.529000
    -3.704000 -10.584000  0.529000
    -3.704000 -10.319000  0.529000
    -3.704000 -10.054000  0.529000
    -3.704000 -9.790000  0.529000
    -3.704000 -9.525000  0.529000
    -3.704000 -9.261000  0.529000
    -3.704000 -8.996000  0.529000
    -3.704000 -8.731000  0.529000
    -3.704000 -8.467000  0.529000
    -3.704000 -8.202000  0.529000
    -3.704000 -7.938000  0.529000
    -3.704000 -7.673000  0.529000
    -3.704000 -7.408000  0.529000
    -3.704000 -7.144000  0.529000
    -3.704000 -6.879000  0.529000
    -3.704000 -6.615000  0.529000
    -3.704000 -6.350000  0.529000
    -3.704000 -6.086000  0.529000
    -3.704000 -5.821000  0.529000
    -3.704000 -5.556000  0.529000
    -3.704000 -5.292000  0.529000
    -3.704000 -5.027000  0.529000
    -3.704000 -4.763000  0.529000
    -3.704000 -4.498000  0.529000
    -3.704000 -4.233000  0.529000
    -3.704000 -3.969000  0.529000
    -3.704000 -3.704000  0.529000
    -3.704000 -3.440000  0.529000
    -3.704000 -3.175000  0.529000
    -3.704000 -2.910000  0.529000
    -3.704000 -2.646000  0.529000
    -3.704000 -2.381000  0.529000
    -3.704000 -2.117000  0.529000
    -3.704000 -1.852000  0.529000
    -3.704000 -1.588000  0.529000
    -3.704000 -1.323000  0.529000
    -3.704000 -1.058000  0.529000
    -3.704000 -0.794000  0.529000
    -3.704000 -0.529000  0.529000
    -3.704000 -0.265000  0.529000
    -3.704000  0.000000  0.529000
    -3.704000  0.265000  0.529000
    -3.704000  0.529000  0.529000
    -3.704000  0.794000  0.529000
    -3.704000  1.058000  0.529000
    -3.704000  1.323000  0.529000
    -3.704000  1.588000  0.529000
    -3.704000  1.852000  0.529000
    -3.704000  2.117000  0.529000
    -3.704000  2.381000  0.529000
    -3.704000  2.646000  0.529000
    -3.704000  2.910000  0.529000
    -3.704000  3.175000  0.529000
    -3.704000  3.440000  0.529000
    -3.704000  3.704000  0.529000
    -3.704000  3.969000  0.529000
    -3.704000  4.233000  0.529000
    -3.704000  4.498000  0.529000
    -3.704000  4.763000  0.529000
    -3.704000  5.027000  0.529000
    -3.704000  5.292000  0.529000
    -3.704000  5.556000  0.529000
    -3.704000  5.821000  0.529000
    -3.704000  6.086000  0.529000
    -3.704000  6.350000  0.529000
    -3.704000  6.615000  0.529000
    -3.704000  6.879000  0.529000
    -3.704000  7.144000  0.529000
    -3.704000  7.408000  0.529000
    -3.704000  7.673000  0.529000
    -3.704000  7.938000  0.529000
    -3.704000  8.202000  0.529000
    -3.704000  8.467000  0.529000
    -3.704000  8.731000  0.529000
    -3.704000  8.996000  0.529000
    -3.704000  9.261000  0.529000
    -3.704000  9.525000  0.529000
    -3.704000  9.790000  0.529000
    -3.704000  10.054000  0.529000
    -3.704000  10.319000  0.529000
    -3.704000  10.584000  0.529000
    -3.440000 -10.584000  0.529000
    -3.440000 -10.319000  0.529000
    -3.440000 -10.054000  0.529000
    -3.440000 -9.790000  0.529000
    -3.440000 -9.525000  0.529000
    -3.440000 -9.261000  0.529000
    -3.440000 -8.996000  0.529000
    -3.440000 -8.731000  0.529000
    -3.440000 -8.467000  0.529000
    -3.440000 -8.202000  0.529000
    -3.440000 -7.938000  0.529000
    -3.440000 -7.673000  0.529000
    -3.440000 -7.408000  0.529000
    -3.440000 -7.144000  0.529000
    -3.440000 -6.879000  0.529000
    -3.440000 -6.615000  0.529000
    -3.440000 -6.350000  0.529000
    -3.440000 -6.086000  0.529000
    -3.440000 -5.821000  0.529000
    -3.440000 -5.556000  0.529000
    -3.440000 -5.292000  0.529000
    -3.440000 -5.027000  0.529000
    -3.440000 -4.763000  0.529000
    -3.440000 -4.498000  0.529000
    -3.440000 -4.233000  0.529000
    -3.440000 -3.969000  0.529000
    -3.440000 -3.704000  0.529000
    -3.440000 -3.440000  0.529000
    -3.440000 -3.175000  0.529000
    -3.440000 -2.910000  0.529000
    -3.440000 -2.646000  0.529000
    -3.440000 -2.381000  0.529000
    -3.440000 -2.117000  0.529000
    -3.440000 -1.852000  0.529000
    -3.440000 -1.588000  0.529000
    -3.440000 -1.323000  0.529000
    -3.440000 -1.058000  0.529000
    -3.440000 -0.794000  0.529000
    -3.440000 -0.529000  0.529000
    -3.440000 -0.265000  0.529000
    -3.440000  0.000000  0.529000
    -3.440000  0.265000  0.529000
    -3.440000  0.529000  0.529000
    -3.440000  0.794000  0.529000
    -3.440000  1.058000  0.529000
    -3.440000  1.323000  0.529000
    -3.440000  1.588000  0.529000
    -3.440000  1.852000  0.529000
    -3.440000  2.117000  0.529000
    -3.440000  2.381000  0.529000
    -3.440000  2.646000  0.529000
    -3.440000  2.910000  0.529000
    -3.440000  3.175000  0.529000
    -3.440000  3.440000  0.529000
    -3.440000  3.704000  0.529000
    -3.440000  3.969000  0.529000
    -3.440000  4.233000  0.529000
    -3.440000  4.498000  0.529000
    -3.440000  4.763000  0.529000
    -3.440000  5.027000  0.529000
    -3.440000  5.292000  0.529000
    -3.440000  5.556000  0.529000
    -3.440000  5.821000  0.529000
    -3.440000  6.086000  0.529000
    -3.440000  6.350000  0.529000
    -3.440000  6.615000  0.529000
    -3.440000  6.879000  0.529000
    -3.440000  7.144000  0.529000
    -3.440000  7.408000  0.529000
    -3.440000  7.673000  0.529000
    -3.440000  7.938000  0.529000
    -3.440000  8.202000  0.529000
    -3.440000  8.467000  0.529000
    -3.440000  8.731000  0.529000
    -3.440000  8.996000  0.529000
    -3.440000  9.261000  0.529000
    -3.440000  9.525000  0.529000
    -3.440000  9.790000  0.529000
    -3.440000  10.054000  0.529000
    -3.440000  10.319000  0.529000
    -3.440000  10.584000  0.529000
    -3.175000 -10.584000  0.529000
    -3.175000 -10.319000  0.529000
    -3.175000 -10.054000  0.529000
    -3.175000 -9.790000  0.529000
    -3.175000 -9.525000  0.529000
    -3.175000 -9.261000  0.529000
    -3.175000 -8.996000  0.529000
    -3.175000 -8.731000  0.529000
    -3.175000 -8.467000  0.529000
    -3.175000 -8.202000  0.529000
    -3.175000 -7.938000  0.529000
    -3.175000 -7.673000  0.529000
    -3.175000 -7.408000  0.529000
    -3.175000 -7.144000  0.529000
    -3.175000 -6.879000  0.529000
    -3.175000 -6.615000  0.529000
    -3.175000 -6.350000  0.529000
    -3.175000 -6.086000  0.529000
    -3.175000 -5.821000  0.529000
    -3.175000 -5.556000  0.529000
    -3.175000 -5.292000  0.529000
    -3.175000 -5.027000  0.529000
    -3.175000 -4.763000  0.529000
    -3.175000 -4.498000  0.529000
    -3.175000 -4.233000  0.529000
    -3.175000 -3.969000  0.529000
    -3.175000 -3.704000  0.529000
    -3.175000 -3.440000  0.529000
    -3.175000 -3.175000  0.529000
    -3.175000 -2.910000  0.529000
    -3.175000 -2.646000  0.529000
    -3.175000 -2.381000  0.529000
    -3.175000 -2.117000  0.529000
    -3.175000 -1.852000  0.529000
    -3.175000 -1.588000  0.529000
    -3.175000 -1.323000  0.529000
    -3.175000 -1.058000  0.529000
    -3.175000 -0.794000  0.529000
    -3.175000 -0.529000  0.529000
    -3.175000 -0.265000  0.529000
    -3.175000  0.000000  0.529000
    -3.175000  0.265000  0.529000
    -3.175000  0.529000  0.529000
    -3.175000  0.794000  0.529000
    -3.175000  1.058000  0.529000
    -3.175000  1.323000  0.529000
    -3.175000  1.588000  0.529000
    -3.175000  1.852000  0.529000
    -3.175000  2.117000  0.529000
    -3.175000  2.381000  0.529000
    -3.175000  2.646000  0.529000
    -3.175000  2.910000  0.529000
    -3.175000  3.175000  0.529000
    -3.175000  3.440000  0.529000
    -3.175000  3.704000  0.529000
    -3.175000  3.969000  0.529000
    -3.175000  4.233000  0.529000
    -3.175000  4.498000  0.529000
    -3.175000  4.763000  0.529000
    -3.175000  5.027000  0.529000
    -3.175000  5.292000  0.529000
    -3.175000  5.556000  0.529000
    -3.175000  5.821000  0.529000
    -3.175000  6.086000  0.529000
    -3.175000  6.350000  0.529000
    -3.175000  6.615000  0.529000
    -3.175000  6.879000  0.529000
    -3.175000  7.144000  0.529000
    -3.175000  7.408000  0.529000
    -3.175000  7.673000  0.529000
    -3.175000  7.938000  0.529000
    -3.175000  8.202000  0.529000
    -3.175000  8.467000  0.529000
    -3.175000  8.731000  0.529000
    -3.175000  8.996000  0.529000
    -3.175000  9.261000  0.529000
    -3.175000  9.525000  0.529000
    -3.175000  9.790000  0.529000
    -3.175000  10.054000  0.529000
    -3.175000  10.319000  0.529000
    -3.175000  10.584000  0.529000
    -2.910000 -10.584000  0.529000
    -2.910000 -10.319000  0.529000
    -2.910000 -10.054000  0.529000
    -2.910000 -9.790000  0.529000
    -2.910000 -9.525000  0.529000
    -2.910000 -9.261000  0.529000
    -2.910000 -8.996000  0.529000
    -2.910000 -8.731000  0.529000
    -2.910000 -8.467000  0.529000
    -2.910000 -8.202000  0.529000
    -2.910000 -7.938000  0.529000
    -2.910000 -7.673000  0.529000
    -2.910000 -7.408000  0.529000
    -2.910000 -7.144000  0.529000
    -2.910000 -6.879000  0.529000
    -2.910000 -6.615000  0.529000
    -2.910000 -6.350000  0.529000
    -2.910000 -6.086000  0.529000
    -2.910000 -5.821000  0.529000
    -2.910000 -5.556000  0.529000
    -2.910000 -5.292000  0.529000
    -2.910000 -5.027000  0.529000
    -2.910000 -4.763000  0.529000
    -2.910000 -4.498000  0.529000
    -2.910000 -4.233000  0.529000
    -2.910000 -3.969000  0.529000
    -2.910000 -3.704000  0.529000
    -2.910000 -3.440000  0.529000
    -2.910000 -3.175000  0.529000
    -2.910000 -2.910000  0.529000
    -2.910000 -2.646000  0.529000
    -2.910000 -2.381000  0.529000
    -2.910000 -2.117000  0.529000
    -2.910000 -1.852000  0.529000
    -2.910000 -1.588000  0.529000
    -2.910000 -1.323000  0.529000
    -2.910000 -1.058000  0.529000
    -2.910000 -0.794000  0.529000
    -2.910000 -0.529000  0.529000
    -2.910000 -0.265000  0.529000
    -2.910000  0.000000  0.529000
    -2.910000  0.265000  0.529000
    -2.910000  0.529000  0.529000
    -2.910000  0.794000  0.529000
    -2.910000  1.058000  0.529000
    -2.910000  1.323000  0.529000
    -2.910000  1.588000  0.529000
    -2.910000  1.852000  0.529000
    -2.910000  2.117000  0.529000
    -2.910000  2.381000  0.529000
    -2.910000  2.646000  0.529000
    -2.910000  2.910000  0.529000
    -2.910000  3.175000  0.529000
    -2.910000  3.440000  0.529000
    -2.910000  3.704000  0.529000
    -2.910000  3.969000  0.529000
    -2.910000  4.233000  0.529000
    -2.910000  4.498000  0.529000
    -2.910000  4.763000  0.529000
    -2.910000  5.027000  0.529000
    -2.910000  5.292000  0.529000
    -2.910000  5.556000  0.529000
    -2.910000  5.821000  0.529000
    -2.910000  6.086000  0.529000
    -2.910000  6.350000  0.529000
    -2.910000  6.615000  0.529000
    -2.910000  6.879000  0.529000
    -2.910000  7.144000  0.529000
    -2.910000  7.408000  0.529000
    -2.910000  7.673000  0.529000
    -2.910000  7.938000  0.529000
    -2.910000  8.202000  0.529000
    -2.910000  8.467000  0.529000
    -2.910000  8.731000  0.529000
    -2.910000  8.996000  0.529000
    -2.910000  9.261000  0.529000
    -2.910000  9.525000  0.529000
    -2.910000  9.790000  0.529000
    -2.910000  10.054000  0.529000
    -2.910000  10.319000  0.529000
    -2.910000  10.584000  0.529000
    -2.646000 -10.584000  0.529000
    -2.646000 -10.319000  0.529000
    -2.646000 -10.054000  0.529000
    -2.646000 -9.790000  0.529000
    -2.646000 -9.525000  0.529000
    -2.646000 -9.261000  0.529000
    -2.646000 -8.996000  0.529000
    -2.646000 -8.731000  0.529000
    -2.646000 -8.467000  0.529000
    -2.646000 -8.202000  0.529000
    -2.646000 -7.938000  0.529000
    -2.646000 -7.673000  0.529000
    -2.646000 -7.408000  0.529000
    -2.646000 -7.144000  0.529000
    -2.646000 -6.879000  0.529000
    -2.646000 -6.615000  0.529000
    -2.646000 -6.350000  0.529000
    -2.646000 -6.086000  0.529000
    -2.646000 -5.821000  0.529000
    -2.646000 -5.556000  0.529000
    -2.646000 -5.292000  0.529000
    -2.646000 -5.027000  0.529000
    -2.646000 -4.763000  0.529000
    -2.646000 -4.498000  0.529000
    -2.646000 -4.233000  0.529000
    -2.646000 -3.969000  0.529000
    -2.646000 -3.704000  0.529000
    -2.646000 -3.440000  0.529000
    -2.646000 -3.175000  0.529000
    -2.646000 -2.910000  0.529000
    -2.646000 -2.646000  0.529000
    -2.646000 -2.381000  0.529000
    -2.646000 -2.117000  0.529000
    -2.646000 -1.852000  0.529000
    -2.646000 -1.588000  0.529000
    -2.646000 -1.323000  0.529000
    -2.646000 -1.058000  0.529000
    -2.646000 -0.794000  0.529000
    -2.646000 -0.529000  0.529000
    -2.646000 -0.265000  0.529000
    -2.646000  0.000000  0.529000
    -2.646000  0.265000  0.529000
    -2.646000  0.529000  0.529000
    -2.646000  0.794000  0.529000
    -2.646000  1.058000  0.529000
    -2.646000  1.323000  0.529000
    -2.646000  1.588000  0.529000
    -2.646000  1.852000  0.529000
    -2.646000  2.117000  0.529000
    -2.646000  2.381000  0.529000
    -2.646000  2.646000  0.529000
    -2.646000  2.910000  0.529000
    -2.646000  3.175000  0.529000
    -2.646000  3.440000  0.529000
    -2.646000  3.704000  0.529000
    -2.646000  3.969000  0.529000
    -2.646000  4.233000  0.529000
    -2.646000  4.498000  0.529000
    -2.646000  4.763000  0.529000
    -2.646000  5.027000  0.529000
    -2.646000  5.292000  0.529000
    -2.646000  5.556000  0.529000
    -2.646000  5.821000  0.529000
    -2.646000  6.086000  0.529000
    -2.646000  6.350000  0.529000
    -2.646000  6.615000  0.529000
    -2.646000  6.879000  0.529000
    -2.646000  7.144000  0.529000
    -2.646000  7.408000  0.529000
    -2.646000  7.673000  0.529000
    -2.646000  7.938000  0.529000
    -2.646000  8.202000  0.529000
    -2.646000  8.467000  0.529000
    -2.646000  8.731000  0.529000
    -2.646000  8.996000  0.529000
    -2.646000  9.261000  0.529000
    -2.646000  9.525000  0.529000
    -2.646000  9.790000  0.529000
    -2.646000  10.054000  0.529000
    -2.646000  10.319000  0.529000
    -2.646000  10.584000  0.529000
    -2.381000 -10.584000  0.529000
    -2.381000 -10.319000  0.529000
    -2.381000 -10.054000  0.529000
    -2.381000 -9.790000  0.529000
    -2.381000 -9.525000  0.529000
    -2.381000 -9.261000  0.529000
    -2.381000 -8.996000  0.529000
    -2.381000 -8.731000  0.529000
    -2.381000 -8.467000  0.529000
    -2.381000 -8.202000  0.529000
    -2.381000 -7.938000  0.529000
    -2.381000 -7.673000  0.529000
    -2.381000 -7.408000  0.529000
    -2.381000 -7.144000  0.529000
    -2.381000 -6.879000  0.529000
    -2.381000 -6.615000  0.529000
    -2.381000 -6.350000  0.529000
    -2.381000 -6.086000  0.529000
    -2.381000 -5.821000  0.529000
    -2.381000 -5.556000  0.529000
    -2.381000 -5.292000  0.529000
    -2.381000 -5.027000  0.529000
    -2.381000 -4.763000  0.529000
    -2.381000 -4.498000  0.529000
    -2.381000 -4.233000  0.529000
    -2.381000 -3.969000  0.529000
    -2.381000 -3.704000  0.529000
    -2.381000 -3.440000  0.529000
    -2.381000 -3.175000  0.529000
    -2.381000 -2.910000  0.529000
    -2.381000 -2.646000  0.529000
    -2.381000 -2.381000  0.529000
    -2.381000 -2.117000  0.529000
    -2.381000 -1.852000  0.529000
    -2.381000 -1.588000  0.529000
    -2.381000 -1.323000  0.529000
    -2.381000 -1.058000  0.529000
    -2.381000 -0.794000  0.529000
    -2.381000 -0.529000  0.529000
    -2.381000 -0.265000  0.529000
    -2.381000  0.000000  0.529000
    -2.381000  0.265000  0.529000
    -2.381000  0.529000  0.529000
    -2.381000  0.794000  0.529000
    -2.381000  1.058000  0.529000
    -2.381000  1.323000  0.529000
    -2.381000  1.588000  0.529000
    -2.381000  1.852000  0.529000
    -2.381000  2.117000  0.529000
    -2.381000  2.381000  0.529000
    -2.381000  2.646000  0.529000
    -2.381000  2.910000  0.529000
    -2.381000  3.175000  0.529000
    -2.381000  3.440000  0.529000
    -2.381000  3.704000  0.529000
    -2.381000  3.969000  0.529000
    -2.381000  4.233000  0.529000
    -2.381000  4.498000  0.529000
    -2.381000  4.763000  0.529000
    -2.381000  5.027000  0.529000
    -2.381000  5.292000  0.529000
    -2.381000  5.556000  0.529000
    -2.381000  5.821000  0.529000
    -2.381000  6.086000  0.529000
    -2.381000  6.350000  0.529000
    -2.381000  6.615000  0.529000
    -2.381000  6.879000  0.529000
    -2.381000  7.144000  0.529000
    -2.381000  7.408000  0.529000
    -2.381000  7.673000  0.529000
    -2.381000  7.938000  0.529000
    -2.381000  8.202000  0.529000
    -2.381000  8.467000  0.529000
    -2.381000  8.731000  0.529000
    -2.381000  8.996000  0.529000
    -2.381000  9.261000  0.529000
    -2.381000  9.525000  0.529000
    -2.381000  9.790000  0.529000
    -2.381000  10.054000  0.529000
    -2.381000  10.319000  0.529000
    -2.381000  10.584000  0.529000
    -2.117000 -10.584000  0.529000
    -2.117000 -10.319000  0.529000
    -2.117000 -10.054000  0.529000
    -2.117000 -9.790000  0.529000
    -2.117000 -9.525000  0.529000
    -2.117000 -9.261000  0.529000
    -2.117000 -8.996000  0.529000
    -2.117000 -8.731000  0.529000
    -2.117000 -8.467000  0.529000
    -2.117000 -8.202000  0.529000
    -2.117000 -7.938000  0.529000
    -2.117000 -7.673000  0.529000
    -2.117000 -7.408000  0.529000
    -2.117000 -7.144000  0.529000
    -2.117000 -6.879000  0.529000
    -2.117000 -6.615000  0.529000
    -2.117000 -6.350000  0.529000
    -2.117000 -6.086000  0.529000
    -2.117000 -5.821000  0.529000
    -2.117000 -5.556000  0.529000
    -2.117000 -5.292000  0.529000
    -2.117000 -5.027000  0.529000
    -2.117000 -4.763000  0.529000
    -2.117000 -4.498000  0.529000
    -2.117000 -4.233000  0.529000
    -2.117000 -3.969000  0.529000
    -2.117000 -3.704000  0.529000
    -2.117000 -3.440000  0.529000
    -2.117000 -3.175000  0.529000
    -2.117000 -2.910000  0.529000
    -2.117000 -2.646000  0.529000
    -2.117000 -2.381000  0.529000
    -2.117000 -2.117000  0.529000
    -2.117000 -1.852000  0.529000
    -2.117000 -1.588000  0.529000
    -2.117000 -1.323000  0.529000
    -2.117000 -1.058000  0.529000
    -2.117000 -0.794000  0.529000
    -2.117000 -0.529000  0.529000
    -2.117000 -0.265000  0.529000
    -2.117000  0.000000  0.529000
    -2.117000  0.265000  0.529000
    -2.117000  0.529000  0.529000
    -2.117000  0.794000  0.529000
    -2.117000  1.058000  0.529000
    -2.117000  1.323000  0.529000
    -2.117000  1.588000  0.529000
    -2.117000  1.852000  0.529000
    -2.117000  2.117000  0.529000
    -2.117000  2.381000  0.529000
    -2.117000  2.646000  0.529000
    -2.117000  2.910000  0.529000
    -2.117000  3.175000  0.529000
    -2.117000  3.440000  0.529000
    -2.117000  3.704000  0.529000
    -2.117000  3.969000  0.529000
    -2.117000  4.233000  0.529000
    -2.117000  4.498000  0.529000
    -2.117000  4.763000  0.529000
    -2.117000  5.027000  0.529000
    -2.117000  5.292000  0.529000
    -2.117000  5.556000  0.529000
    -2.117000  5.821000  0.529000
    -2.117000  6.086000  0.529000
    -2.117000  6.350000  0.529000
    -2.117000  6.615000  0.529000
    -2.117000  6.879000  0.529000
    -2.117000  7.144000  0.529000
    -2.117000  7.408000  0.529000
    -2.117000  7.673000  0.529000
    -2.117000  7.938000  0.529000
    -2.117000  8.202000  0.529000
    -2.117000  8.467000  0.529000
    -2.117000  8.731000  0.529000
    -2.117000  8.996000  0.529000
    -2.117000  9.261000  0.529000
    -2.117000  9.525000  0.529000
    -2.117000  9.790000  0.529000
    -2.117000  10.054000  0.529000
    -2.117000  10.319000  0.529000
    -2.117000  10.584000  0.529000
    -1.852000 -10.584000  0.529000
    -1.852000 -10.319000  0.529000
    -1.852000 -10.054000  0.529000
    -1.852000 -9.790000  0.529000
    -1.852000 -9.525000  0.529000
    -1.852000 -9.261000  0.529000
    -1.852000 -8.996000  0.529000
    -1.852000 -8.731000  0.529000
    -1.852000 -8.467000  0.529000
    -1.852000 -8.202000  0.529000
    -1.852000 -7.938000  0.529000
    -1.852000 -7.673000  0.529000
    -1.852000 -7.408000  0.529000
    -1.852000 -7.144000  0.529000
    -1.852000 -6.879000  0.529000
    -1.852000 -6.615000  0.529000
    -1.852000 -6.350000  0.529000
    -1.852000 -6.086000  0.529000
    -1.852000 -5.821000  0.529000
    -1.852000 -5.556000  0.529000
    -1.852000 -5.292000  0.529000
    -1.852000 -5.027000  0.529000
    -1.852000 -4.763000  0.529000
    -1.852000 -4.498000  0.529000
    -1.852000 -4.233000  0.529000
    -1.852000 -3.969000  0.529000
    -1.852000 -3.704000  0.529000
    -1.852000 -3.440000  0.529000
    -1.852000 -3.175000  0.529000
    -1.852000 -2.910000  0.529000
    -1.852000 -2.646000  0.529000
    -1.852000 -2.381000  0.529000
    -1.852000 -2.117000  0.529000
    -1.852000 -1.852000  0.529000
    -1.852000 -1.588000  0.529000
    -1.852000 -1.323000  0.529000
    -1.852000 -1.058000  0.529000
    -1.852000 -0.794000  0.529000
    -1.852000 -0.529000  0.529000
    -1.852000 -0.265000  0.529000
    -1.852000  0.000000  0.529000
    -1.852000  0.265000  0.529000
    -1.852000  0.529000  0.529000
    -1.852000  0.794000  0.529000
    -1.852000  1.058000  0.529000
    -1.852000  1.323000  0.529000
    -1.852000  1.588000  0.529000
    -1.852000  1.852000  0.529000
    -1.852000  2.117000  0.529000
    -1.852000  2.381000  0.529000
    -1.852000  2.646000  0.529000
    -1.852000  2.910000  0.529000
    -1.852000  3.175000  0.529000
    -1.852000  3.440000  0.529000
    -1.852000  3.704000  0.529000
    -1.852000  3.969000  0.529000
    -1.852000  4.233000  0.529000
    -1.852000  4.498000  0.529000
    -1.852000  4.763000  0.529000
    -1.852000  5.027000  0.529000
    -1.852000  5.292000  0.529000
    -1.852000  5.556000  0.529000
    -1.852000  5.821000  0.529000
    -1.852000  6.086000  0.529000
    -1.852000  6.350000  0.529000
    -1.852000  6.615000  0.529000
    -1.852000  6.879000  0.529000
    -1.852000  7.144000  0.529000
    -1.852000  7.408000  0.529000
    -1.852000  7.673000  0.529000
    -1.852000  7.938000  0.529000
    -1.852000  8.202000  0.529000
    -1.852000  8.467000  0.529000
    -1.852000  8.731000  0.529000
    -1.852000  8.996000  0.529000
    -1.852000  9.261000  0.529000
    -1.852000  9.525000  0.529000
    -1.852000  9.790000  0.529000
    -1.852000  10.054000  0.529000
    -1.852000  10.319000  0.529000
    -1.852000  10.584000  0.529000
    -1.588000 -10.584000  0.529000
    -1.588000 -10.319000  0.529000
    -1.588000 -10.054000  0.529000
    -1.588000 -9.790000  0.529000
    -1.588000 -9.525000  0.529000
    -1.588000 -9.261000  0.529000
    -1.588000 -8.996000  0.529000
    -1.588000 -8.731000  0.529000
    -1.588000 -8.467000  0.529000
    -1.588000 -8.202000  0.529000
    -1.588000 -7.938000  0.529000
    -1.588000 -7.673000  0.529000
    -1.588000 -7.408000  0.529000
    -1.588000 -7.144000  0.529000
    -1.588000 -6.879000  0.529000
    -1.588000 -6.615000  0.529000
    -1.588000 -6.350000  0.529000
    -1.588000 -6.086000  0.529000
    -1.588000 -5.821000  0.529000
    -1.588000 -5.556000  0.529000
    -1.588000 -5.292000  0.529000
    -1.588000 -5.027000  0.529000
    -1.588000 -4.763000  0.529000
    -1.588000 -4.498000  0.529000
    -1.588000 -4.233000  0.529000
    -1.588000 -3.969000  0.529000
    -1.588000 -3.704000  0.529000
    -1.588000 -3.440000  0.529000
    -1.588000 -3.175000  0.529000
    -1.588000 -2.910000  0.529000
    -1.588000 -2.646000  0.529000
    -1.588000 -2.381000  0.529000
    -1.588000 -2.117000  0.529000
    -1.588000 -1.852000  0.529000
    -1.588000 -1.588000  0.529000
    -1.588000 -1.323000  0.529000
    -1.588000 -1.058000  0.529000
    -1.588000 -0.794000  0.529000
    -1.588000 -0.529000  0.529000
    -1.588000 -0.265000  0.529000
    -1.588000  0.000000  0.529000
    -1.588000  0.265000  0.529000
    -1.588000  0.529000  0.529000
    -1.588000  0.794000  0.529000
    -1.588000  1.058000  0.529000
    -1.588000  1.323000  0.529000
    -1.588000  1.588000  0.529000
    -1.588000  1.852000  0.529000
    -1.588000  2.117000  0.529000
    -1.588000  2.381000  0.529000
    -1.588000  2.646000  0.529000
    -1.588000  2.910000  0.529000
    -1.588000  3.175000  0.529000
    -1.588000  3.440000  0.529000
    -1.588000  3.704000  0.529000
    -1.588000  3.969000  0.529000
    -1.588000  4.233000  0.529000
    -1.588000  4.498000  0.529000
    -1.588000  4.763000  0.529000
    -1.588000  5.027000  0.529000
    -1.588000  5.292000  0.529000
    -1.588000  5.556000  0.529000
    -1.588000  5.821000  0.529000
    -1.588000  6.086000  0.529000
    -1.588000  6.350000  0.529000
    -1.588000  6.615000  0.529000
    -1.588000  6.879000  0.529000
    -1.588000  7.144000  0.529000
    -1.588000  7.408000  0.529000
    -1.588000  7.673000  0.529000
    -1.588000  7.938000  0.529000
    -1.588000  8.202000  0.529000
    -1.588000  8.467000  0.529000
    -1.588000  8.731000  0.529000
    -1.588000  8.996000  0.529000
    -1.588000  9.261000  0.529000
    -1.588000  9.525000  0.529000
    -1.588000  9.790000  0.529000
    -1.588000  10.054000  0.529000
    -1.588000  10.319000  0.529000
    -1.588000  10.584000  0.529000
    -1.323000 -10.584000  0.529000
    -1.323000 -10.319000  0.529000
    -1.323000 -10.054000  0.529000
    -1.323000 -9.790000  0.529000
    -1.323000 -9.525000  0.529000
    -1.323000 -9.261000  0.529000
    -1.323000 -8.996000  0.529000
    -1.323000 -8.731000  0.529000
    -1.323000 -8.467000  0.529000
    -1.323000 -8.202000  0.529000
    -1.323000 -7.938000  0.529000
    -1.323000 -7.673000  0.529000
    -1.323000 -7.408000  0.529000
    -1.323000 -7.144000  0.529000
    -1.323000 -6.879000  0.529000
    -1.323000 -6.615000  0.529000
    -1.323000 -6.350000  0.529000
    -1.323000 -6.086000  0.529000
    -1.323000 -5.821000  0.529000
    -1.323000 -5.556000  0.529000
    -1.323000 -5.292000  0.529000
    -1.323000 -5.027000  0.529000
    -1.323000 -4.763000  0.529000
    -1.323000 -4.498000  0.529000
    -1.323000 -4.233000  0.529000
    -1.323000 -3.969000  0.529000
    -1.323000 -3.704000  0.529000
    -1.323000 -3.440000  0.529000
    -1.323000 -3.175000  0.529000
    -1.323000 -2.910000  0.529000
    -1.323000 -2.646000  0.529000
    -1.323000 -2.381000  0.529000
    -1.323000 -2.117000  0.529000
    -1.323000 -1.852000  0.529000
    -1.323000 -1.588000  0.529000
    -1.323000 -1.323000  0.529000
    -1.323000 -1.058000  0.529000
    -1.323000 -0.794000  0.529000
    -1.323000 -0.529000  0.529000
    -1.323000 -0.265000  0.529000
    -1.323000  0.000000  0.529000
    -1.323000  0.265000  0.529000
    -1.323000  0.529000  0.529000
    -1.323000  0.794000  0.529000
    -1.323000  1.058000  0.529000
    -1.323000  1.323000  0.529000
    -1.323000  1.588000  0.529000
    -1.323000  1.852000  0.529000
    -1.323000  2.117000  0.529000
    -1.323000  2.381000  0.529000
    -1.323000  2.646000  0.529000
    -1.323000  2.910000  0.529000
    -1.323000  3.175000  0.529000
    -1.323000  3.440000  0.529000
    -1.323000  3.704000  0.529000
    -1.323000  3.969000  0.529000
    -1.323000  4.233000  0.529000
    -1.323000  4.498000  0.529000
    -1.323000  4.763000  0.529000
    -1.323000  5.027000  0.529000
    -1.323000  5.292000  0.529000
    -1.323000  5.556000  0.529000
    -1.323000  5.821000  0.529000
    -1.323000  6.086000  0.529000
    -1.323000  6.350000  0.529000
    -1.323000  6.615000  0.529000
    -1.323000  6.879000  0.529000
    -1.323000  7.144000  0.529000
    -1.323000  7.408000  0.529000
    -1.323000  7.673000  0.529000
    -1.323000  7.938000  0.529000
    -1.323000  8.202000  0.529000
    -1.323000  8.467000  0.529000
    -1.323000  8.731000  0.529000
    -1.323000  8.996000  0.529000
    -1.323000  9.261000  0.529000
    -1.323000  9.525000  0.529000
    -1.323000  9.790000  0.529000
    -1.323000  10.054000  0.529000
    -1.323000  10.319000  0.529000
    -1.323000  10.584000  0.529000
    -1.058000 -10.584000  0.529000
    -1.058000 -10.319000  0.529000
    -1.058000 -10.054000  0.529000
    -1.058000 -9.790000  0.529000
    -1.058000 -9.525000  0.529000
    -1.058000 -9.261000  0.529000
    -1.058000 -8.996000  0.529000
    -1.058000 -8.731000  0.529000
    -1.058000 -8.467000  0.529000
    -1.058000 -8.202000  0.529000
    -1.058000 -7.938000  0.529000
    -1.058000 -7.673000  0.529000
    -1.058000 -7.408000  0.529000
    -1.058000 -7.144000  0.529000
    -1.058000 -6.879000  0.529000
    -1.058000 -6.615000  0.529000
    -1.058000 -6.350000  0.529000
    -1.058000 -6.086000  0.529000
    -1.058000 -5.821000  0.529000
    -1.058000 -5.556000  0.529000
    -1.058000 -5.292000  0.529000
    -1.058000 -5.027000  0.529000
    -1.058000 -4.763000  0.529000
    -1.058000 -4.498000  0.529000
    -1.058000 -4.233000  0.529000
    -1.058000 -3.969000  0.529000
    -1.058000 -3.704000  0.529000
    -1.058000 -3.440000  0.529000
    -1.058000 -3.175000  0.529000
    -1.058000 -2.910000  0.529000
    -1.058000 -2.646000  0.529000
    -1.058000 -2.381000  0.529000
    -1.058000 -2.117000  0.529000
    -1.058000 -1.852000  0.529000
    -1.058000 -1.588000  0.529000
    -1.058000 -1.323000  0.529000
    -1.058000 -1.058000  0.529000
    -1.058000 -0.794000  0.529000
    -1.058000 -0.529000  0.529000
    -1.058000 -0.265000  0.529000
    -1.058000  0.000000  0.529000
    -1.058000  0.265000  0.529000
    -1.058000  0.529000  0.529000
    -1.058000  0.794000  0.529000
    -1.058000  1.058000  0.529000
    -1.058000  1.323000  0.529000
    -1.058000  1.588000  0.529000
    -1.058000  1.852000  0.529000
    -1.058000  2.117000  0.529000
    -1.058000  2.381000  0.529000
    -1.058000  2.646000  0.529000
    -1.058000  2.910000  0.529000
    -1.058000  3.175000  0.529000
    -1.058000  3.440000  0.529000
    -1.058000  3.704000  0.529000
    -1.058000  3.969000  0.529000
    -1.058000  4.233000  0.529000
    -1.058000  4.498000  0.529000
    -1.058000  4.763000  0.529000
    -1.058000  5.027000  0.529000
    -1.058000  5.292000  0.529000
    -1.058000  5.556000  0.529000
    -1.058000  5.821000  0.529000
    -1.058000  6.086000  0.529000
    -1.058000  6.350000  0.529000
    -1.058000  6.615000  0.529000
    -1.058000  6.879000  0.529000
    -1.058000  7.144000  0.529000
    -1.058000  7.408000  0.529000
    -1.058000  7.673000  0.529000
    -1.058000  7.938000  0.529000
    -1.058000  8.202000  0.529000
    -1.058000  8.467000  0.529000
    -1.058000  8.731000  0.529000
    -1.058000  8.996000  0.529000
    -1.058000  9.261000  0.529000
    -1.058000  9.525000  0.529000
    -1.058000  9.790000  0.529000
    -1.058000  10.054000  0.529000
    -1.058000  10.319000  0.529000
    -1.058000  10.584000  0.529000
    -0.794000 -10.584000  0.529000
    -0.794000 -10.319000  0.529000
    -0.794000 -10.054000  0.529000
    -0.794000 -9.790000  0.529000
    -0.794000 -9.525000  0.529000
    -0.794000 -9.261000  0.529000
    -0.794000 -8.996000  0.529000
    -0.794000 -8.731000  0.529000
    -0.794000 -8.467000  0.529000
    -0.794000 -8.202000  0.529000
    -0.794000 -7.938000  0.529000
    -0.794000 -7.673000  0.529000
    -0.794000 -7.408000  0.529000
    -0.794000 -7.144000  0.529000
    -0.794000 -6.879000  0.529000
    -0.794000 -6.615000  0.529000
    -0.794000 -6.350000  0.529000
    -0.794000 -6.086000  0.529000
    -0.794000 -5.821000  0.529000
    -0.794000 -5.556000  0.529000
    -0.794000 -5.292000  0.529000
    -0.794000 -5.027000  0.529000
    -0.794000 -4.763000  0.529000
    -0.794000 -4.498000  0.529000
    -0.794000 -4.233000  0.529000
    -0.794000 -3.969000  0.529000
    -0.794000 -3.704000  0.529000
    -0.794000 -3.440000  0.529000
    -0.794000 -3.175000  0.529000
    -0.794000 -2.910000  0.529000
    -0.794000 -2.646000  0.529000
    -0.794000 -2.381000  0.529000
    -0.794000 -2.117000  0.529000
    -0.794000 -1.852000  0.529000
    -0.794000 -1.588000  0.529000
    -0.794000 -1.323000  0.529000
    -0.794000 -1.058000  0.529000
    -0.794000 -0.794000  0.529000
    -0.794000 -0.529000  0.529000
    -0.794000 -0.265000  0.529000
    -0.794000  0.000000  0.529000
    -0.794000  0.265000  0.529000
    -0.794000  0.529000  0.529000
    -0.794000  0.794000  0.529000
    -0.794000  1.058000  0.529000
    -0.794000  1.323000  0.529000
    -0.794000  1.588000  0.529000
    -0.794000  1.852000  0.529000
    -0.794000  2.117000  0.529000
    -0.794000  2.381000  0.529000
    -0.794000  2.646000  0.529000
    -0.794000  2.910000  0.529000
    -0.794000  3.175000  0.529000
    -0.794000  3.440000  0.529000
    -0.794000  3.704000  0.529000
    -0.794000  3.969000  0.529000
    -0.794000  4.233000  0.529000
    -0.794000  4.498000  0.529000
    -0.794000  4.763000  0.529000
    -0.794000  5.027000  0.529000
    -0.794000  5.292000  0.529000
    -0.794000  5.556000  0.529000
    -0.794000  5.821000  0.529000
    -0.794000  6.086000  0.529000
    -0.794000  6.350000  0.529000
    -0.794000  6.615000  0.529000
    -0.794000  6.879000  0.529000
    -0.794000  7.144000  0.529000
    -0.794000  7.408000  0.529000
    -0.794000  7.673000  0.529000
    -0.794000  7.938000  0.529000
    -0.794000  8.202000  0.529000
    -0.794000  8.467000  0.529000
    -0.794000  8.731000  0.529000
    -0.794000  8.996000  0.529000
    -0.794000  9.261000  0.529000
    -0.794000  9.525000  0.529000
    -0.794000  9.790000  0.529000
    -0.794000  10.054000  0.529000
    -0.794000  10.319000  0.529000
    -0.794000  10.584000  0.529000
    -0.529000 -10.584000  0.529000
    -0.529000 -10.319000  0.529000
    -0.529000 -10.054000  0.529000
    -0.529000 -9.790000  0.529000
    -0.529000 -9.525000  0.529000
    -0.529000 -9.261000  0.529000
    -0.529000 -8.996000  0.529000
    -0.529000 -8.731000  0.529000
    -0.529000 -8.467000  0.529000
    -0.529000 -8.202000  0.529000
    -0.529000 -7.938000  0.529000
    -0.529000 -7.673000  0.529000
    -0.529000 -7.408000  0.529000
    -0.529000 -7.144000  0.529000
    -0.529000 -6.879000  0.529000
    -0.529000 -6.615000  0.529000
    -0.529000 -6.350000  0.529000
    -0.529000 -6.086000  0.529000
    -0.529000 -5.821000  0.529000
    -0.529000 -5.556000  0.529000
    -0.529000 -5.292000  0.529000
    -0.529000 -5.027000  0.529000
    -0.529000 -4.763000  0.529000
    -0.529000 -4.498000  0.529000
    -0.529000 -4.233000  0.529000
    -0.529000 -3.969000  0.529000
    -0.529000 -3.704000  0.529000
    -0.529000 -3.440000  0.529000
    -0.529000 -3.175000  0.529000
    -0.529000 -2.910000  0.529000
    -0.529000 -2.646000  0.529000
    -0.529000 -2.381000  0.529000
    -0.529000 -2.117000  0.529000
    -0.529000 -1.852000  0.529000
    -0.529000 -1.588000  0.529000
    -0.529000 -1.323000  0.529000
    -0.529000 -1.058000  0.529000
    -0.529000 -0.794000  0.529000
    -0.529000 -0.529000  0.529000
    -0.529000 -0.265000  0.529000
    -0.529000  0.000000  0.529000
    -0.529000  0.265000  0.529000
    -0.529000  0.529000  0.529000
    -0.529000  0.794000  0.529000
    -0.529000  1.058000  0.529000
    -0.529000  1.323000  0.529000
    -0.529000  1.588000  0.529000
    -0.529000  1.852000  0.529000
    -0.529000  2.117000  0.529000
    -0.529000  2.381000  0.529000
    -0.529000  2.646000  0.529000
    -0.529000  2.910000  0.529000
    -0.529000  3.175000  0.529000
    -0.529000  3.440000  0.529000
    -0.529000  3.704000  0.529000
    -0.529000  3.969000  0.529000
    -0.529000  4.233000  0.529000
    -0.529000  4.498000  0.529000
    -0.529000  4.763000  0.529000
    -0.529000  5.027000  0.529000
    -0.529000  5.292000  0.529000
    -0.529000  5.556000  0.529000
    -0.529000  5.821000  0.529000
    -0.529000  6.086000  0.529000
    -0.529000  6.350000  0.529000
    -0.529000  6.615000  0.529000
    -0.529000  6.879000  0.529000
    -0.529000  7.144000  0.529000
    -0.529000  7.408000  0.529000
    -0.529000  7.673000  0.529000
    -0.529000  7.938000  0.529000
    -0.529000  8.202000  0.529000
    -0.529000  8.467000  0.529000
    -0.529000  8.731000  0.529000
    -0.529000  8.996000  0.529000
    -0.529000  9.261000  0.529000
    -0.529000  9.525000  0.529000
    -0.529000  9.790000  0.529000
    -0.529000  10.054000  0.529000
    -0.529000  10.319000  0.529000
    -0.529000  10.584000  0.529000
    -0.265000 -10.584000  0.529000
    -0.265000 -10.319000  0.529000
    -0.265000 -10.054000  0.529000
    -0.265000 -9.790000  0.529000
    -0.265000 -9.525000  0.529000
    -0.265000 -9.261000  0.529000
    -0.265000 -8.996000  0.529000
    -0.265000 -8.731000  0.529000
    -0.265000 -8.467000  0.529000
    -0.265000 -8.202000  0.529000
    -0.265000 -7.938000  0.529000
    -0.265000 -7.673000  0.529000
    -0.265000 -7.408000  0.529000
    -0.265000 -7.144000  0.529000
    -0.265000 -6.879000  0.529000
    -0.265000 -6.615000  0.529000
    -0.265000 -6.350000  0.529000
    -0.265000 -6.086000  0.529000
    -0.265000 -5.821000  0.529000
    -0.265000 -5.556000  0.529000
    -0.265000 -5.292000  0.529000
    -0.265000 -5.027000  0.529000
    -0.265000 -4.763000  0.529000
    -0.265000 -4.498000  0.529000
    -0.265000 -4.233000  0.529000
    -0.265000 -3.969000  0.529000
    -0.265000 -3.704000  0.529000
    -0.265000 -3.440000  0.529000
    -0.265000 -3.175000  0.529000
    -0.265000 -2.910000  0.529000
    -0.265000 -2.646000  0.529000
    -0.265000 -2.381000  0.529000
    -0.265000 -2.117000  0.529000
    -0.265000 -1.852000  0.529000
    -0.265000 -1.588000  0.529000
    -0.265000 -1.323000  0.529000
    -0.265000 -1.058000  0.529000
    -0.265000 -0.794000  0.529000
    -0.265000 -0.529000  0.529000
    -0.265000 -0.265000  0.529000
    -0.265000  0.000000  0.529000
    -0.265000  0.265000  0.529000
    -0.265000  0.529000  0.529000
    -0.265000  0.794000  0.529000
    -0.265000  1.058000  0.529000
    -0.265000  1.323000  0.529000
    -0.265000  1.588000  0.529000
    -0.265000  1.852000  0.529000
    -0.265000  2.117000  0.529000
    -0.265000  2.381000  0.529000
    -0.265000  2.646000  0.529000
    -0.265000  2.910000  0.529000
    -0.265000  3.175000  0.529000
    -0.265000  3.440000  0.529000
    -0.265000  3.704000  0.529000
    -0.265000  3.969000  0.529000
    -0.265000  4.233000  0.529000
    -0.265000  4.498000  0.529000
    -0.265000  4.763000  0.529000
    -0.265000  5.027000  0.529000
    -0.265000  5.292000  0.529000
    -0.265000  5.556000  0.529000
    -0.265000  5.821000  0.529000
    -0.265000  6.086000  0.529000
    -0.265000  6.350000  0.529000
    -0.265000  6.615000  0.529000
    -0.265000  6.879000  0.529000
    -0.265000  7.144000  0.529000
    -0.265000  7.408000  0.529000
    -0.265000  7.673000  0.529000
    -0.265000  7.938000  0.529000
    -0.265000  8.202000  0.529000
    -0.265000  8.467000  0.529000
    -0.265000  8.731000  0.529000
    -0.265000  8.996000  0.529000
    -0.265000  9.261000  0.529000
    -0.265000  9.525000  0.529000
    -0.265000  9.790000  0.529000
    -0.265000  10.054000  0.529000
    -0.265000  10.319000  0.529000
    -0.265000  10.584000  0.529000
     0.000000 -10.584000  0.529000
     0.000000 -10.319000  0.529000
     0.000000 -10.054000  0.529000
     0.000000 -9.790000  0.529000
     0.000000 -9.525000  0.529000
     0.000000 -9.261000  0.529000
     0.000000 -8.996000  0.529000
     0.000000 -8.731000  0.529000
     0.000000 -8.467000  0.529000
     0.000000 -8.202000  0.529000
     0.000000 -7.938000  0.529000
     0.000000 -7.673000  0.529000
     0.000000 -7.408000  0.529000
     0.000000 -7.144000  0.529000
     0.000000 -6.879000  0.529000
     0.000000 -6.615000  0.529000
     0.000000 -6.350000  0.529000
     0.000000 -6.086000  0.529000
     0.000000 -5.821000  0.529000
     0.000000 -5.556000  0.529000
     0.000000 -5.292000  0.529000
     0.000000 -5.027000  0.529000
     0.000000 -4.763000  0.529000
     0.000000 -4.498000  0.529000
     0.000000 -4.233000  0.529000
     0.000000 -3.969000  0.529000
     0.000000 -3.704000  0.529000
     0.000000 -3.440000  0.529000
     0.000000 -3.175000  0.529000
     0.000000 -2.910000  0.529000
     0.000000 -2.646000  0.529000
     0.000000 -2.381000  0.529000
     0.000000 -2.117000  0.529000
     0.000000 -1.852000  0.529000
     0.000000 -1.588000  0.529000
     0.000000 -1.323000  0.529000
     0.000000 -1.058000  0.529000
     0.000000 -0.794000  0.529000
     0.000000 -0.529000  0.529000
     0.000000 -0.265000  0.529000
     0.000000  0.000000  0.529000
     0.000000  0.265000  0.529000
     0.000000  0.529000  0.529000
     0.000000  0.794000  0.529000
     0.000000  1.058000  0.529000
     0.000000  1.323000  0.529000
     0.000000  1.588000  0.529000
     0.000000  1.852000  0.529000
     0.000000  2.117000  0.529000
     0.000000  2.381000  0.529000
     0.000000  2.646000  0.529000
     0.000000  2.910000  0.529000
     0.000000  3.175000  0.529000
     0.000000  3.440000  0.529000
     0.000000  3.704000  0.529000
     0.000000  3.969000  0.529000
     0.000000  4.233000  0.529000
     0.000000  4.498000  0.529000
     0.000000  4.763000  0.529000
     0.000000  5.027000  0.529000
     0.000000  5.292000  0.529000
     0.000000  5.556000  0.529000
     0.000000  5.821000  0.529000
     0.000000  6.086000  0.529000
     0.000000  6.350000  0.529000
     0.000000  6.615000  0.529000
     0.000000  6.879000  0.529000
     0.000000  7.144000  0.529000
     0.000000  7.408000  0.529000
     0.000000  7.673000  0.529000
     0.000000  7.938000  0.529000
     0.000000  8.202000  0.529000
     0.000000  8.467000  0.529000
     0.000000  8.731000  0.529000
     0.000000  8.996000  0.529000
     0.000000  9.261000  0.529000
     0.000000  9.525000  0.529000
     0.000000  9.790000  0.529000
     0.000000  10.054000  0.529000
     0.000000  10.319000  0.529000
     0.000000  10.584000  0.529000
     0.265000 -10.584000  0.529000
     0.265000 -10.319000  0.529000
     0.265000 -10.054000  0.529000
     0.265000 -9.790000  0.529000
     0.265000 -9.525000  0.529000
     0.265000 -9.261000  0.529000
     0.265000 -8.996000  0.529000
     0.265000 -8.731000  0.529000
     0.265000 -8.467000  0.529000
     0.265000 -8.202000  0.529000
     0.265000 -7.938000  0.529000
     0.265000 -7.673000  0.529000
     0.265000 -7.408000  0.529000
     0.265000 -7.144000  0.529000
     0.265000 -6.879000  0.529000
     0.265000 -6.615000  0.529000
     0.265000 -6.350000  0.529000
     0.265000 -6.086000  0.529000
     0.265000 -5.821000  0.529000
     0.265000 -5.556000  0.529000
     0.265000 -5.292000  0.529000
     0.265000 -5.027000  0.529000
     0.265000 -4.763000  0.529000
     0.265000 -4.498000  0.529000
     0.265000 -4.233000  0.529000
     0.265000 -3.969000  0.529000
     0.265000 -3.704000  0.529000
     0.265000 -3.440000  0.529000
     0.265000 -3.175000  0.529000
     0.265000 -2.910000  0.529000
     0.265000 -2.646000  0.529000
     0.265000 -2.381000  0.529000
     0.265000 -2.117000  0.529000
     0.265000 -1.852000  0.529000
     0.265000 -1.588000  0.529000
     0.265000 -1.323000  0.529000
     0.265000 -1.058000  0.529000
     0.265000 -0.794000  0.529000
     0.265000 -0.529000  0.529000
     0.265000 -0.265000  0.529000
     0.265000  0.000000  0.529000
     0.265000  0.265000  0.529000
     0.265000  0.529000  0.529000
     0.265000  0.794000  0.529000
     0.265000  1.058000  0.529000
     0.265000  1.323000  0.529000
     0.265000  1.588000  0.529000
     0.265000  1.852000  0.529000
     0.265000  2.117000  0.529000
     0.265000  2.381000  0.529000
     0.265000  2.646000  0.529000
     0.265000  2.910000  0.529000
     0.265000  3.175000  0.529000
     0.265000  3.440000  0.529000
     0.265000  3.704000  0.529000
     0.265000  3.969000  0.529000
     0.265000  4.233000  0.529000
     0.265000  4.498000  0.529000
     0.265000  4.763000  0.529000
     0.265000  5.027000  0.529000
     0.265000  5.292000  0.529000
     0.265000  5.556000  0.529000
     0.265000  5.821000  0.529000
     0.265000  6.086000  0.529000
     0.265000  6.350000  0.529000
     0.265000  6.615000  0.529000
     0.265000  6.879000  0.529000
     0.265000  7.144000  0.529000
     0.265000  7.408000  0.529000
     0.265000  7.673000  0.529000
     0.265000  7.938000  0.529000
     0.265000  8.202000  0.529000
     0.265000  8.467000  0.529000
     0.265000  8.731000  0.529000
     0.265000  8.996000  0.529000
     0.265000  9.261000  0.529000
     0.265000  9.525000  0.529000
     0.265000  9.790000  0.529000
     0.265000  10.054000  0.529000
     0.265000  10.319000  0.529000
     0.265000  10.584000  0.529000
     0.529000 -10.584000  0.529000
     0.529000 -10.319000  0.529000
     0.529000 -10.054000  0.529000
     0.529000 -9.790000  0.529000
     0.529000 -9.525000  0.529000
     0.529000 -9.261000  0.529000
     0.529000 -8.996000  0.529000
     0.529000 -8.731000  0.529000
     0.529000 -8.467000  0.529000
     0.529000 -8.202000  0.529000
     0.529000 -7.938000  0.529000
     0.529000 -7.673000  0.529000
     0.529000 -7.408000  0.529000
     0.529000 -7.144000  0.529000
     0.529000 -6.879000  0.529000
     0.529000 -6.615000  0.529000
     0.529000 -6.350000  0.529000
     0.529000 -6.086000  0.529000
     0.529000 -5.821000  0.529000
     0.529000 -5.556000  0.529000
     0.529000 -5.292000  0.529000
     0.529000 -5.027000  0.529000
     0.529000 -4.763000  0.529000
     0.529000 -4.498000  0.529000
     0.529000 -4.233000  0.529000
     0.529000 -3.969000  0.529000
     0.529000 -3.704000  0.529000
     0.529000 -3.440000  0.529000
     0.529000 -3.175000  0.529000
     0.529000 -2.910000  0.529000
     0.529000 -2.646000  0.529000
     0.529000 -2.381000  0.529000
     0.529000 -2.117000  0.529000
     0.529000 -1.852000  0.529000
     0.529000 -1.588000  0.529000
     0.529000 -1.323000  0.529000
     0.529000 -1.058000  0.529000
     0.529000 -0.794000  0.529000
     0.529000 -0.529000  0.529000
     0.529000 -0.265000  0.529000
     0.529000  0.000000  0.529000
     0.529000  0.265000  0.529000
     0.529000  0.529000  0.529000
     0.529000  0.794000  0.529000
     0.529000  1.058000  0.529000
     0.529000  1.323000  0.529000
     0.529000  1.588000  0.529000
     0.529000  1.852000  0.529000
     0.529000  2.117000  0.529000
     0.529000  2.381000  0.529000
     0.529000  2.646000  0.529000
     0.529000  2.910000  0.529000
     0.529000  3.175000  0.529000
     0.529000  3.440000  0.529000
     0.529000  3.704000  0.529000
     0.529000  3.969000  0.529000
     0.529000  4.233000  0.529000
     0.529000  4.498000  0.529000
     0.529000  4.763000  0.529000
     0.529000  5.027000  0.529000
     0.529000  5.292000  0.529000
     0.529000  5.556000  0.529000
     0.529000  5.821000  0.529000
     0.529000  6.086000  0.529000
     0.529000  6.350000  0.529000
     0.529000  6.615000  0.529000
     0.529000  6.879000  0.529000
     0.529000  7.144000  0.529000
     0.529000  7.408000  0.529000
     0.529000  7.673000  0.529000
     0.529000  7.938000  0.529000
     0.529000  8.202000  0.529000
     0.529000  8.467000  0.529000
     0.529000  8.731000  0.529000
     0.529000  8.996000  0.529000
     0.529000  9.261000  0.529000
     0.529000  9.525000  0.529000
     0.529000  9.790000  0.529000
     0.529000  10.054000  0.529000
     0.529000  10.319000  0.529000
     0.529000  10.584000  0.529000
     0.794000 -10.584000  0.529000
     0.794000 -10.319000  0.529000
     0.794000 -10.054000  0.529000
     0.794000 -9.790000  0.529000
     0.794000 -9.525000  0.529000
     0.794000 -9.261000  0.529000
     0.794000 -8.996000  0.529000
     0.794000 -8.731000  0.529000
     0.794000 -8.467000  0.529000
     0.794000 -8.202000  0.529000
     0.794000 -7.938000  0.529000
     0.794000 -7.673000  0.529000
     0.794000 -7.408000  0.529000
     0.794000 -7.144000  0.529000
     0.794000 -6.879000  0.529000
     0.794000 -6.615000  0.529000
     0.794000 -6.350000  0.529000
     0.794000 -6.086000  0.529000
     0.794000 -5.821000  0.529000
     0.794000 -5.556000  0.529000
     0.794000 -5.292000  0.529000
     0.794000 -5.027000  0.529000
     0.794000 -4.763000  0.529000
     0.794000 -4.498000  0.529000
     0.794000 -4.233000  0.529000
     0.794000 -3.969000  0.529000
     0.794000 -3.704000  0.529000
     0.794000 -3.440000  0.529000
     0.794000 -3.175000  0.529000
     0.794000 -2.910000  0.529000
     0.794000 -2.646000  0.529000
     0.794000 -2.381000  0.529000
     0.794000 -2.117000  0.529000
     0.794000 -1.852000  0.529000
     0.794000 -1.588000  0.529000
     0.794000 -1.323000  0.529000
     0.794000 -1.058000  0.529000
     0.794000 -0.794000  0.529000
     0.794000 -0.529000  0.529000
     0.794000 -0.265000  0.529000
     0.794000  0.000000  0.529000
     0.794000  0.265000  0.529000
     0.794000  0.529000  0.529000
     0.794000  0.794000  0.529000
     0.794000  1.058000  0.529000
     0.794000  1.323000  0.529000
     0.794000  1.588000  0.529000
     0.794000  1.852000  0.529000
     0.794000  2.117000  0.529000
     0.794000  2.381000  0.529000
     0.794000  2.646000  0.529000
     0.794000  2.910000  0.529000
     0.794000  3.175000  0.529000
     0.794000  3.440000  0.529000
     0.794000  3.704000  0.529000
     0.794000  3.969000  0.529000
     0.794000  4.233000  0.529000
     0.794000  4.498000  0.529000
     0.794000  4.763000  0.529000
     0.794000  5.027000  0.529000
     0.794000  5.292000  0.529000
     0.794000  5.556000  0.529000
     0.794000  5.821000  0.529000
     0.794000  6.086000  0.529000
     0.794000  6.350000  0.529000
     0.794000  6.615000  0.529000
     0.794000  6.879000  0.529000
     0.794000  7.144000  0.529000
     0.794000  7.408000  0.529000
     0.794000  7.673000  0.529000
     0.794000  7.938000  0.529000
     0.794000  8.202000  0.529000
     0.794000  8.467000  0.529000
     0.794000  8.731000  0.529000
     0.794000  8.996000  0.529000
     0.794000  9.261000  0.529000
     0.794000  9.525000  0.529000
     0.794000  9.790000  0.529000
     0.794000  10.054000  0.529000
     0.794000  10.319000  0.529000
     0.794000  10.584000  0.529000
     1.058000 -10.584000  0.529000
     1.058000 -10.319000  0.529000
     1.058000 -10.054000  0.529000
     1.058000 -9.790000  0.529000
     1.058000 -9.525000  0.529000
     1.058000 -9.261000  0.529000
     1.058000 -8.996000  0.529000
     1.058000 -8.731000  0.529000
     1.058000 -8.467000  0.529000
     1.058000 -8.202000  0.529000
     1.058000 -7.938000  0.529000
     1.058000 -7.673000  0.529000
     1.058000 -7.408000  0.529000
     1.058000 -7.144000  0.529000
     1.058000 -6.879000  0.529000
     1.058000 -6.615000  0.529000
     1.058000 -6.350000  0.529000
     1.058000 -6.086000  0.529000
     1.058000 -5.821000  0.529000
     1.058000 -5.556000  0.529000
     1.058000 -5.292000  0.529000
     1.058000 -5.027000  0.529000
     1.058000 -4.763000  0.529000
     1.058000 -4.498000  0.529000
     1.058000 -4.233000  0.529000
     1.058000 -3.969000  0.529000
     1.058000 -3.704000  0.529000
     1.058000 -3.440000  0.529000
     1.058000 -3.175000  0.529000
     1.058000 -2.910000  0.529000
     1.058000 -2.646000  0.529000
     1.058000 -2.381000  0.529000
     1.058000 -2.117000  0.529000
     1.058000 -1.852000  0.529000
     1.058000 -1.588000  0.529000
     1.058000 -1.323000  0.529000
     1.058000 -1.058000  0.529000
     1.058000 -0.794000  0.529000
     1.058000 -0.529000  0.529000
     1.058000 -0.265000  0.529000
     1.058000  0.000000  0.529000
     1.058000  0.265000  0.529000
     1.058000  0.529000  0.529000
     1.058000  0.794000  0.529000
     1.058000  1.058000  0.529000
     1.058000  1.323000  0.529000
     1.058000  1.588000  0.529000
     1.058000  1.852000  0.529000
     1.058000  2.117000  0.529000
     1.058000  2.381000  0.529000
     1.058000  2.646000  0.529000
     1.058000  2.910000  0.529000
     1.058000  3.175000  0.529000
     1.058000  3.440000  0.529000
     1.058000  3.704000  0.529000
     1.058000  3.969000  0.529000
     1.058000  4.233000  0.529000
     1.058000  4.498000  0.529000
     1.058000  4.763000  0.529000
     1.058000  5.027000  0.529000
     1.058000  5.292000  0.529000
     1.058000  5.556000  0.529000
     1.058000  5.821000  0.529000
     1.058000  6.086000  0.529000
     1.058000  6.350000  0.529000
     1.058000  6.615000  0.529000
     1.058000  6.879000  0.529000
     1.058000  7.144000  0.529000
     1.058000  7.408000  0.529000
     1.058000  7.673000  0.529000
     1.058000  7.938000  0.529000
     1.058000  8.202000  0.529000
     1.058000  8.467000  0.529000
     1.058000  8.731000  0.529000
     1.058000  8.996000  0.529000
     1.058000  9.261000  0.529000
     1.058000  9.525000  0.529000
     1.058000  9.790000  0.529000
     1.058000  10.054000  0.529000
     1.058000  10.319000  0.529000
     1.058000  10.584000  0.529000
     1.323000 -10.584000  0.529000
     1.323000 -10.319000  0.529000
     1.323000 -10.054000  0.529000
     1.323000 -9.790000  0.529000
     1.323000 -9.525000  0.529000
     1.323000 -9.261000  0.529000
     1.323000 -8.996000  0.529000
     1.323000 -8.731000  0.529000
     1.323000 -8.467000  0.529000
     1.323000 -8.202000  0.529000
     1.323000 -7.938000  0.529000
     1.323000 -7.673000  0.529000
     1.323000 -7.408000  0.529000
     1.323000 -7.144000  0.529000
     1.323000 -6.879000  0.529000
     1.323000 -6.615000  0.529000
     1.323000 -6.350000  0.529000
     1.323000 -6.086000  0.529000
     1.323000 -5.821000  0.529000
     1.323000 -5.556000  0.529000
     1.323000 -5.292000  0.529000
     1.323000 -5.027000  0.529000
     1.323000 -4.763000  0.529000
     1.323000 -4.498000  0.529000
     1.323000 -4.233000  0.529000
     1.323000 -3.969000  0.529000
     1.323000 -3.704000  0.529000
     1.323000 -3.440000  0.529000
     1.323000 -3.175000  0.529000
     1.323000 -2.910000  0.529000
     1.323000 -2.646000  0.529000
     1.323000 -2.381000  0.529000
     1.323000 -2.117000  0.529000
     1.323000 -1.852000  0.529000
     1.323000 -1.588000  0.529000
     1.323000 -1.323000  0.529000
     1.323000 -1.058000  0.529000
     1.323000 -0.794000  0.529000
     1.323000 -0.529000  0.529000
     1.323000 -0.265000  0.529000
     1.323000  0.000000  0.529000
     1.323000  0.265000  0.529000
     1.323000  0.529000  0.529000
     1.323000  0.794000  0.529000
     1.323000  1.058000  0.529000
     1.323000  1.323000  0.529000
     1.323000  1.588000  0.529000
     1.323000  1.852000  0.529000
     1.323000  2.117000  0.529000
     1.323000  2.381000  0.529000
     1.323000  2.646000  0.529000
     1.323000  2.910000  0.529000
     1.323000  3.175000  0.529000
     1.323000  3.440000  0.529000
     1.323000  3.704000  0.529000
     1.323000  3.969000  0.529000
     1.323000  4.233000  0.529000
     1.323000  4.498000  0.529000
     1.323000  4.763000  0.529000
     1.323000  5.027000  0.529000
     1.323000  5.292000  0.529000
     1.323000  5.556000  0.529000
     1.323000  5.821000  0.529000
     1.323000  6.086000  0.529000
     1.323000  6.350000  0.529000
     1.323000  6.615000  0.529000
     1.323000  6.879000  0.529000
     1.323000  7.144000  0.529000
     1.323000  7.408000  0.529000
     1.323000  7.673000  0.529000
     1.323000  7.938000  0.529000
     1.323000  8.202000  0.529000
     1.323000  8.467000  0.529000
     1.323000  8.731000  0.529000
     1.323000  8.996000  0.529000
     1.323000  9.261000  0.529000
     1.323000  9.525000  0.529000
     1.323000  9.790000  0.529000
     1.323000  10.054000  0.529000
     1.323000  10.319000  0.529000
     1.323000  10.584000  0.529000
     1.588000 -10.584000  0.529000
     1.588000 -10.319000  0.529000
     1.588000 -10.054000  0.529000
     1.588000 -9.790000  0.529000
     1.588000 -9.525000  0.529000
     1.588000 -9.261000  0.529000
     1.588000 -8.996000  0.529000
     1.588000 -8.731000  0.529000
     1.588000 -8.467000  0.529000
     1.588000 -8.202000  0.529000
     1.588000 -7.938000  0.529000
     1.588000 -7.673000  0.529000
     1.588000 -7.408000  0.529000
     1.588000 -7.144000  0.529000
     1.588000 -6.879000  0.529000
     1.588000 -6.615000  0.529000
     1.588000 -6.350000  0.529000
     1.588000 -6.086000  0.529000
     1.588000 -5.821000  0.529000
     1.588000 -5.556000  0.529000
     1.588000 -5.292000  0.529000
     1.588000 -5.027000  0.529000
     1.588000 -4.763000  0.529000
     1.588000 -4.498000  0.529000
     1.588000 -4.233000  0.529000
     1.588000 -3.969000  0.529000
     1.588000 -3.704000  0.529000
     1.588000 -3.440000  0.529000
     1.588000 -3.175000  0.529000
     1.588000 -2.910000  0.529000
     1.588000 -2.646000  0.529000
     1.588000 -2.381000  0.529000
     1.588000 -2.117000  0.529000
     1.588000 -1.852000  0.529000
     1.588000 -1.588000  0.529000
     1.588000 -1.323000  0.529000
     1.588000 -1.058000  0.529000
     1.588000 -0.794000  0.529000
     1.588000 -0.529000  0.529000
     1.588000 -0.265000  0.529000
     1.588000  0.000000  0.529000
     1.588000  0.265000  0.529000
     1.588000  0.529000  0.529000
     1.588000  0.794000  0.529000
     1.588000  1.058000  0.529000
     1.588000  1.323000  0.529000
     1.588000  1.588000  0.529000
     1.588000  1.852000  0.529000
     1.588000  2.117000  0.529000
     1.588000  2.381000  0.529000
     1.588000  2.646000  0.529000
     1.588000  2.910000  0.529000
     1.588000  3.175000  0.529000
     1.588000  3.440000  0.529000
     1.588000  3.704000  0.529000
     1.588000  3.969000  0.529000
     1.588000  4.233000  0.529000
     1.588000  4.498000  0.529000
     1.588000  4.763000  0.529000
     1.588000  5.027000  0.529000
     1.588000  5.292000  0.529000
     1.588000  5.556000  0.529000
     1.588000  5.821000  0.529000
     1.588000  6.086000  0.529000
     1.588000  6.350000  0.529000
     1.588000  6.615000  0.529000
     1.588000  6.879000  0.529000
     1.588000  7.144000  0.529000
     1.588000  7.408000  0.529000
     1.588000  7.673000  0.529000
     1.588000  7.938000  0.529000
     1.588000  8.202000  0.529000
     1.588000  8.467000  0.529000
     1.588000  8.731000  0.529000
     1.588000  8.996000  0.529000
     1.588000  9.261000  0.529000
     1.588000  9.525000  0.529000
     1.588000  9.790000  0.529000
     1.588000  10.054000  0.529000
     1.588000  10.319000  0.529000
     1.588000  10.584000  0.529000
     1.852000 -10.584000  0.529000
     1.852000 -10.319000  0.529000
     1.852000 -10.054000  0.529000
     1.852000 -9.790000  0.529000
     1.852000 -9.525000  0.529000
     1.852000 -9.261000  0.529000
     1.852000 -8.996000  0.529000
     1.852000 -8.731000  0.529000
     1.852000 -8.467000  0.529000
     1.852000 -8.202000  0.529000
     1.852000 -7.938000  0.529000
     1.852000 -7.673000  0.529000
     1.852000 -7.408000  0.529000
     1.852000 -7.144000  0.529000
     1.852000 -6.879000  0.529000
     1.852000 -6.615000  0.529000
     1.852000 -6.350000  0.529000
     1.852000 -6.086000  0.529000
     1.852000 -5.821000  0.529000
     1.852000 -5.556000  0.529000
     1.852000 -5.292000  0.529000
     1.852000 -5.027000  0.529000
     1.852000 -4.763000  0.529000
     1.852000 -4.498000  0.529000
     1.852000 -4.233000  0.529000
     1.852000 -3.969000  0.529000
     1.852000 -3.704000  0.529000
     1.852000 -3.440000  0.529000
     1.852000 -3.175000  0.529000
     1.852000 -2.910000  0.529000
     1.852000 -2.646000  0.529000
     1.852000 -2.381000  0.529000
     1.852000 -2.117000  0.529000
     1.852000 -1.852000  0.529000
     1.852000 -1.588000  0.529000
     1.852000 -1.323000  0.529000
     1.852000 -1.058000  0.529000
     1.852000 -0.794000  0.529000
     1.852000 -0.529000  0.529000
     1.852000 -0.265000  0.529000
     1.852000  0.000000  0.529000
     1.852000  0.265000  0.529000
     1.852000  0.529000  0.529000
     1.852000  0.794000  0.529000
     1.852000  1.058000  0.529000
     1.852000  1.323000  0.529000
     1.852000  1.588000  0.529000
     1.852000  1.852000  0.529000
     1.852000  2.117000  0.529000
     1.852000  2.381000  0.529000
     1.852000  2.646000  0.529000
     1.852000  2.910000  0.529000
     1.852000  3.175000  0.529000
     1.852000  3.440000  0.529000
     1.852000  3.704000  0.529000
     1.852000  3.969000  0.529000
     1.852000  4.233000  0.529000
     1.852000  4.498000  0.529000
     1.852000  4.763000  0.529000
     1.852000  5.027000  0.529000
     1.852000  5.292000  0.529000
     1.852000  5.556000  0.529000
     1.852000  5.821000  0.529000
     1.852000  6.086000  0.529000
     1.852000  6.350000  0.529000
     1.852000  6.615000  0.529000
     1.852000  6.879000  0.529000
     1.852000  7.144000  0.529000
     1.852000  7.408000  0.529000
     1.852000  7.673000  0.529000
     1.852000  7.938000  0.529000
     1.852000  8.202000  0.529000
     1.852000  8.467000  0.529000
     1.852000  8.731000  0.529000
     1.852000  8.996000  0.529000
     1.852000  9.261000  0.529000
     1.852000  9.525000  0.529000
     1.852000  9.790000  0.529000
     1.852000  10.054000  0.529000
     1.852000  10.319000  0.529000
     1.852000  10.584000  0.529000
     2.117000 -10.584000  0.529000
     2.117000 -10.319000  0.529000
     2.117000 -10.054000  0.529000
     2.117000 -9.790000  0.529000
     2.117000 -9.525000  0.529000
     2.117000 -9.261000  0.529000
     2.117000 -8.996000  0.529000
     2.117000 -8.731000  0.529000
     2.117000 -8.467000  0.529000
     2.117000 -8.202000  0.529000
     2.117000 -7.938000  0.529000
     2.117000 -7.673000  0.529000
     2.117000 -7.408000  0.529000
     2.117000 -7.144000  0.529000
     2.117000 -6.879000  0.529000
     2.117000 -6.615000  0.529000
     2.117000 -6.350000  0.529000
     2.117000 -6.086000  0.529000
     2.117000 -5.821000  0.529000
     2.117000 -5.556000  0.529000
     2.117000 -5.292000  0.529000
     2.117000 -5.027000  0.529000
     2.117000 -4.763000  0.529000
     2.117000 -4.498000  0.529000
     2.117000 -4.233000  0.529000
     2.117000 -3.969000  0.529000
     2.117000 -3.704000  0.529000
     2.117000 -3.440000  0.529000
     2.117000 -3.175000  0.529000
     2.117000 -2.910000  0.529000
     2.117000 -2.646000  0.529000
     2.117000 -2.381000  0.529000
     2.117000 -2.117000  0.529000
     2.117000 -1.852000  0.529000
     2.117000 -1.588000  0.529000
     2.117000 -1.323000  0.529000
     2.117000 -1.058000  0.529000
     2.117000 -0.794000  0.529000
     2.117000 -0.529000  0.529000
     2.117000 -0.265000  0.529000
     2.117000  0.000000  0.529000
     2.117000  0.265000  0.529000
     2.117000  0.529000  0.529000
     2.117000  0.794000  0.529000
     2.117000  1.058000  0.529000
     2.117000  1.323000  0.529000
     2.117000  1.588000  0.529000
     2.117000  1.852000  0.529000
     2.117000  2.117000  0.529000
     2.117000  2.381000  0.529000
     2.117000  2.646000  0.529000
     2.117000  2.910000  0.529000
     2.117000  3.175000  0.529000
     2.117000  3.440000  0.529000
     2.117000  3.704000  0.529000
     2.117000  3.969000  0.529000
     2.117000  4.233000  0.529000
     2.117000  4.498000  0.529000
     2.117000  4.763000  0.529000
     2.117000  5.027000  0.529000
     2.117000  5.292000  0.529000
     2.117000  5.556000  0.529000
     2.117000  5.821000  0.529000
     2.117000  6.086000  0.529000
     2.117000  6.350000  0.529000
     2.117000  6.615000  0.529000
     2.117000  6.879000  0.529000
     2.117000  7.144000  0.529000
     2.117000  7.408000  0.529000
     2.117000  7.673000  0.529000
     2.117000  7.938000  0.529000
     2.117000  8.202000  0.529000
     2.117000  8.467000  0.529000
     2.117000  8.731000  0.529000
     2.117000  8.996000  0.529000
     2.117000  9.261000  0.529000
     2.117000  9.525000  0.529000
     2.117000  9.790000  0.529000
     2.117000  10.054000  0.529000
     2.117000  10.319000  0.529000
     2.117000  10.584000  0.529000
     2.381000 -10.584000  0.529000
     2.381000 -10.319000  0.529000
     2.381000 -10.054000  0.529000
     2.381000 -9.790000  0.529000
     2.381000 -9.525000  0.529000
     2.381000 -9.261000  0.529000
     2.381000 -8.996000  0.529000
     2.381000 -8.731000  0.529000
     2.381000 -8.467000  0.529000
     2.381000 -8.202000  0.529000
     2.381000 -7.938000  0.529000
     2.381000 -7.673000  0.529000
     2.381000 -7.408000  0.529000
     2.381000 -7.144000  0.529000
     2.381000 -6.879000  0.529000
     2.381000 -6.615000  0.529000
     2.381000 -6.350000  0.529000
     2.381000 -6.086000  0.529000
     2.381000 -5.821000  0.529000
     2.381000 -5.556000  0.529000
     2.381000 -5.292000  0.529000
     2.381000 -5.027000  0.529000
     2.381000 -4.763000  0.529000
     2.381000 -4.498000  0.529000
     2.381000 -4.233000  0.529000
     2.381000 -3.969000  0.529000
     2.381000 -3.704000  0.529000
     2.381000 -3.440000  0.529000
     2.381000 -3.175000  0.529000
     2.381000 -2.910000  0.529000
     2.381000 -2.646000  0.529000
     2.381000 -2.381000  0.529000
     2.381000 -2.117000  0.529000
     2.381000 -1.852000  0.529000
     2.381000 -1.588000  0.529000
     2.381000 -1.323000  0.529000
     2.381000 -1.058000  0.529000
     2.381000 -0.794000  0.529000
     2.381000 -0.529000  0.529000
     2.381000 -0.265000  0.529000
     2.381000  0.000000  0.529000
     2.381000  0.265000  0.529000
     2.381000  0.529000  0.529000
     2.381000  0.794000  0.529000
     2.381000  1.058000  0.529000
     2.381000  1.323000  0.529000
     2.381000  1.588000  0.529000
     2.381000  1.852000  0.529000
     2.381000  2.117000  0.529000
     2.381000  2.381000  0.529000
     2.381000  2.646000  0.529000
     2.381000  2.910000  0.529000
     2.381000  3.175000  0.529000
     2.381000  3.440000  0.529000
     2.381000  3.704000  0.529000
     2.381000  3.969000  0.529000
     2.381000  4.233000  0.529000
     2.381000  4.498000  0.529000
     2.381000  4.763000  0.529000
     2.381000  5.027000  0.529000
     2.381000  5.292000  0.529000
     2.381000  5.556000  0.529000
     2.381000  5.821000  0.529000
     2.381000  6.086000  0.529000
     2.381000  6.350000  0.529000
     2.381000  6.615000  0.529000
     2.381000  6.879000  0.529000
     2.381000  7.144000  0.529000
     2.381000  7.408000  0.529000
     2.381000  7.673000  0.529000
     2.381000  7.938000  0.529000
     2.381000  8.202000  0.529000
     2.381000  8.467000  0.529000
     2.381000  8.731000  0.529000
     2.381000  8.996000  0.529000
     2.381000  9.261000  0.529000
     2.381000  9.525000  0.529000
     2.381000  9.790000  0.529000
     2.381000  10.054000  0.529000
     2.381000  10.319000  0.529000
     2.381000  10.584000  0.529000
     2.646000 -10.584000  0.529000
     2.646000 -10.319000  0.529000
     2.646000 -10.054000  0.529000
     2.646000 -9.790000  0.529000
     2.646000 -9.525000  0.529000
     2.646000 -9.261000  0.529000
     2.646000 -8.996000  0.529000
     2.646000 -8.731000  0.529000
     2.646000 -8.467000  0.529000
     2.646000 -8.202000  0.529000
     2.646000 -7.938000  0.529000
     2.646000 -7.673000  0.529000
     2.646000 -7.408000  0.529000
     2.646000 -7.144000  0.529000
     2.646000 -6.879000  0.529000
     2.646000 -6.615000  0.529000
     2.646000 -6.350000  0.529000
     2.646000 -6.086000  0.529000
     2.646000 -5.821000  0.529000
     2.646000 -5.556000  0.529000
     2.646000 -5.292000  0.529000
     2.646000 -5.027000  0.529000
     2.646000 -4.763000  0.529000
     2.646000 -4.498000  0.529000
     2.646000 -4.233000  0.529000
     2.646000 -3.969000  0.529000
     2.646000 -3.704000  0.529000
     2.646000 -3.440000  0.529000
     2.646000 -3.175000  0.529000
     2.646000 -2.910000  0.529000
     2.646000 -2.646000  0.529000
     2.646000 -2.381000  0.529000
     2.646000 -2.117000  0.529000
     2.646000 -1.852000  0.529000
     2.646000 -1.588000  0.529000
     2.646000 -1.323000  0.529000
     2.646000 -1.058000  0.529000
     2.646000 -0.794000  0.529000
     2.646000 -0.529000  0.529000
     2.646000 -0.265000  0.529000
     2.646000  0.000000  0.529000
     2.646000  0.265000  0.529000
     2.646000  0.529000  0.529000
     2.646000  0.794000  0.529000
     2.646000  1.058000  0.529000
     2.646000  1.323000  0.529000
     2.646000  1.588000  0.529000
     2.646000  1.852000  0.529000
     2.646000  2.117000  0.529000
     2.646000  2.381000  0.529000
     2.646000  2.646000  0.529000
     2.646000  2.910000  0.529000
     2.646000  3.175000  0.529000
     2.646000  3.440000  0.529000
     2.646000  3.704000  0.529000
     2.646000  3.969000  0.529000
     2.646000  4.233000  0.529000
     2.646000  4.498000  0.529000
     2.646000  4.763000  0.529000
     2.646000  5.027000  0.529000
     2.646000  5.292000  0.529000
     2.646000  5.556000  0.529000
     2.646000  5.821000  0.529000
     2.646000  6.086000  0.529000
     2.646000  6.350000  0.529000
     2.646000  6.615000  0.529000
     2.646000  6.879000  0.529000
     2.646000  7.144000  0.529000
     2.646000  7.408000  0.529000
     2.646000  7.673000  0.529000
     2.646000  7.938000  0.529000
     2.646000  8.202000  0.529000
     2.646000  8.467000  0.529000
     2.646000  8.731000  0.529000
     2.646000  8.996000  0.529000
     2.646000  9.261000  0.529000
     2.646000  9.525000  0.529000
     2.646000  9.790000  0.529000
     2.646000  10.054000  0.529000
     2.646000  10.319000  0.529000
     2.646000  10.584000  0.529000
     2.910000 -10.584000  0.529000
     2.910000 -10.319000  0.529000
     2.910000 -10.054000  0.529000
     2.910000 -9.790000  0.529000
     2.910000 -9.525000  0.529000
     2.910000 -9.261000  0.529000
     2.910000 -8.996000  0.529000
     2.910000 -8.731000  0.529000
     2.910000 -8.467000  0.529000
     2.910000 -8.202000  0.529000
     2.910000 -7.938000  0.529000
     2.910000 -7.673000  0.529000
     2.910000 -7.408000  0.529000
     2.910000 -7.144000  0.529000
     2.910000 -6.879000  0.529000
     2.910000 -6.615000  0.529000
     2.910000 -6.350000  0.529000
     2.910000 -6.086000  0.529000
     2.910000 -5.821000  0.529000
     2.910000 -5.556000  0.529000
     2.910000 -5.292000  0.529000
     2.910000 -5.027000  0.529000
     2.910000 -4.763000  0.529000
     2.910000 -4.498000  0.529000
     2.910000 -4.233000  0.529000
     2.910000 -3.969000  0.529000
     2.910000 -3.704000  0.529000
     2.910000 -3.440000  0.529000
     2.910000 -3.175000  0.529000
     2.910000 -2.910000  0.529000
     2.910000 -2.646000  0.529000
     2.910000 -2.381000  0.529000
     2.910000 -2.117000  0.529000
     2.910000 -1.852000  0.529000
     2.910000 -1.588000  0.529000
     2.910000 -1.323000  0.529000
     2.910000 -1.058000  0.529000
     2.910000 -0.794000  0.529000
     2.910000 -0.529000  0.529000
     2.910000 -0.265000  0.529000
     2.910000  0.000000  0.529000
     2.910000  0.265000  0.529000
     2.910000  0.529000  0.529000
     2.910000  0.794000  0.529000
     2.910000  1.058000  0.529000
     2.910000  1.323000  0.529000
     2.910000  1.588000  0.529000
     2.910000  1.852000  0.529000
     2.910000  2.117000  0.529000
     2.910000  2.381000  0.529000
     2.910000  2.646000  0.529000
     2.910000  2.910000  0.529000
     2.910000  3.175000  0.529000
     2.910000  3.440000  0.529000
     2.910000  3.704000  0.529000
     2.910000  3.969000  0.529000
     2.910000  4.233000  0.529000
     2.910000  4.498000  0.529000
     2.910000  4.763000  0.529000
     2.910000  5.027000  0.529000
     2.910000  5.292000  0.529000
     2.910000  5.556000  0.529000
     2.910000  5.821000  0.529000
     2.910000  6.086000  0.529000
     2.910000  6.350000  0.529000
     2.910000  6.615000  0.529000
     2.910000  6.879000  0.529000
     2.910000  7.144000  0.529000
     2.910000  7.408000  0.529000
     2.910000  7.673000  0.529000
     2.910000  7.938000  0.529000
     2.910000  8.202000  0.529000
     2.910000  8.467000  0.529000
     2.910000  8.731000  0.529000
     2.910000  8.996000  0.529000
     2.910000  9.261000  0.529000
     2.910000  9.525000  0.529000
     2.910000  9.790000  0.529000
     2.910000  10.054000  0.529000
     2.910000  10.319000  0.529000
     2.910000  10.584000  0.529000
     3.175000 -10.584000  0.529000
     3.175000 -10.319000  0.529000
     3.175000 -10.054000  0.529000
     3.175000 -9.790000  0.529000
     3.175000 -9.525000  0.529000
     3.175000 -9.261000  0.529000
     3.175000 -8.996000  0.529000
     3.175000 -8.731000  0.529000
     3.175000 -8.467000  0.529000
     3.175000 -8.202000  0.529000
     3.175000 -7.938000  0.529000
     3.175000 -7.673000  0.529000
     3.175000 -7.408000  0.529000
     3.175000 -7.144000  0.529000
     3.175000 -6.879000  0.529000
     3.175000 -6.615000  0.529000
     3.175000 -6.350000  0.529000
     3.175000 -6.086000  0.529000
     3.175000 -5.821000  0.529000
     3.175000 -5.556000  0.529000
     3.175000 -5.292000  0.529000
     3.175000 -5.027000  0.529000
     3.175000 -4.763000  0.529000
     3.175000 -4.498000  0.529000
     3.175000 -4.233000  0.529000
     3.175000 -3.969000  0.529000
     3.175000 -3.704000  0.529000
     3.175000 -3.440000  0.529000
     3.175000 -3.175000  0.529000
     3.175000 -2.910000  0.529000
     3.175000 -2.646000  0.529000
     3.175000 -2.381000  0.529000
     3.175000 -2.117000  0.529000
     3.175000 -1.852000  0.529000
     3.175000 -1.588000  0.529000
     3.175000 -1.323000  0.529000
     3.175000 -1.058000  0.529000
     3.175000 -0.794000  0.529000
     3.175000 -0.529000  0.529000
     3.175000 -0.265000  0.529000
     3.175000  0.000000  0.529000
     3.175000  0.265000  0.529000
     3.175000  0.529000  0.529000
     3.175000  0.794000  0.529000
     3.175000  1.058000  0.529000
     3.175000  1.323000  0.529000
     3.175000  1.588000  0.529000
     3.175000  1.852000  0.529000
     3.175000  2.117000  0.529000
     3.175000  2.381000  0.529000
     3.175000  2.646000  0.529000
     3.175000  2.910000  0.529000
     3.175000  3.175000  0.529000
     3.175000  3.440000  0.529000
     3.175000  3.704000  0.529000
     3.175000  3.969000  0.529000
     3.175000  4.233000  0.529000
     3.175000  4.498000  0.529000
     3.175000  4.763000  0.529000
     3.175000  5.027000  0.529000
     3.175000  5.292000  0.529000
     3.175000  5.556000  0.529000
     3.175000  5.821000  0.529000
     3.175000  6.086000  0.529000
     3.175000  6.350000  0.529000
     3.175000  6.615000  0.529000
     3.175000  6.879000  0.529000
     3.175000  7.144000  0.529000
     3.175000  7.408000  0.529000
     3.175000  7.673000  0.529000
     3.175000  7.938000  0.529000
     3.175000  8.202000  0.529000
     3.175000  8.467000  0.529000
     3.175000  8.731000  0.529000
     3.175000  8.996000  0.529000
     3.175000  9.261000  0.529000
     3.175000  9.525000  0.529000
     3.175000  9.790000  0.529000
     3.175000  10.054000  0.529000
     3.175000  10.319000  0.529000
     3.175000  10.584000  0.529000
     3.440000 -10.584000  0.529000
     3.440000 -10.319000  0.529000
     3.440000 -10.054000  0.529000
     3.440000 -9.790000  0.529000
     3.440000 -9.525000  0.529000
     3.440000 -9.261000  0.529000
     3.440000 -8.996000  0.529000
     3.440000 -8.731000  0.529000
     3.440000 -8.467000  0.529000
     3.440000 -8.202000  0.529000
     3.440000 -7.938000  0.529000
     3.440000 -7.673000  0.529000
     3.440000 -7.408000  0.529000
     3.440000 -7.144000  0.529000
     3.440000 -6.879000  0.529000
     3.440000 -6.615000  0.529000
     3.440000 -6.350000  0.529000
     3.440000 -6.086000  0.529000
     3.440000 -5.821000  0.529000
     3.440000 -5.556000  0.529000
     3.440000 -5.292000  0.529000
     3.440000 -5.027000  0.529000
     3.440000 -4.763000  0.529000
     3.440000 -4.498000  0.529000
     3.440000 -4.233000  0.529000
     3.440000 -3.969000  0.529000
     3.440000 -3.704000  0.529000
     3.440000 -3.440000  0.529000
     3.440000 -3.175000  0.529000
     3.440000 -2.910000  0.529000
     3.440000 -2.646000  0.529000
     3.440000 -2.381000  0.529000
     3.440000 -2.117000  0.529000
     3.440000 -1.852000  0.529000
     3.440000 -1.588000  0.529000
     3.440000 -1.323000  0.529000
     3.440000 -1.058000  0.529000
     3.440000 -0.794000  0.529000
     3.440000 -0.529000  0.529000
     3.440000 -0.265000  0.529000
     3.440000  0.000000  0.529000
     3.440000  0.265000  0.529000
     3.440000  0.529000  0.529000
     3.440000  0.794000  0.529000
     3.440000  1.058000  0.529000
     3.440000  1.323000  0.529000
     3.440000  1.588000  0.529000
     3.440000  1.852000  0.529000
     3.440000  2.117000  0.529000
     3.440000  2.381000  0.529000
     3.440000  2.646000  0.529000
     3.440000  2.910000  0.529000
     3.440000  3.175000  0.529000
     3.440000  3.440000  0.529000
     3.440000  3.704000  0.529000
     3.440000  3.969000  0.529000
     3.440000  4.233000  0.529000
     3.440000  4.498000  0.529000
     3.440000  4.763000  0.529000
     3.440000  5.027000  0.529000
     3.440000  5.292000  0.529000
     3.440000  5.556000  0.529000
     3.440000  5.821000  0.529000
     3.440000  6.086000  0.529000
     3.440000  6.350000  0.529000
     3.440000  6.615000  0.529000
     3.440000  6.879000  0.529000
     3.440000  7.144000  0.529000
     3.440000  7.408000  0.529000
     3.440000  7.673000  0.529000
     3.440000  7.938000  0.529000
     3.440000  8.202000  0.529000
     3.440000  8.467000  0.529000
     3.440000  8.731000  0.529000
     3.440000  8.996000  0.529000
     3.440000  9.261000  0.529000
     3.440000  9.525000  0.529000
     3.440000  9.790000  0.529000
     3.440000  10.054000  0.529000
     3.440000  10.319000  0.529000
     3.440000  10.584000  0.529000
     3.704000 -10.584000  0.529000
     3.704000 -10.319000  0.529000
     3.704000 -10.054000  0.529000
     3.704000 -9.790000  0.529000
     3.704000 -9.525000  0.529000
     3.704000 -9.261000  0.529000
     3.704000 -8.996000  0.529000
     3.704000 -8.731000  0.529000
     3.704000 -8.467000  0.529000
     3.704000 -8.202000  0.529000
     3.704000 -7.938000  0.529000
     3.704000 -7.673000  0.529000
     3.704000 -7.408000  0.529000
     3.704000 -7.144000  0.529000
     3.704000 -6.879000  0.529000
     3.704000 -6.615000  0.529000
     3.704000 -6.350000  0.529000
     3.704000 -6.086000  0.529000
     3.704000 -5.821000  0.529000
     3.704000 -5.556000  0.529000
     3.704000 -5.292000  0.529000
     3.704000 -5.027000  0.529000
     3.704000 -4.763000  0.529000
     3.704000 -4.498000  0.529000
     3.704000 -4.233000  0.529000
     3.704000 -3.969000  0.529000
     3.704000 -3.704000  0.529000
     3.704000 -3.440000  0.529000
     3.704000 -3.175000  0.529000
     3.704000 -2.910000  0.529000
     3.704000 -2.646000  0.529000
     3.704000 -2.381000  0.529000
     3.704000 -2.117000  0.529000
     3.704000 -1.852000  0.529000
     3.704000 -1.588000  0.529000
     3.704000 -1.323000  0.529000
     3.704000 -1.058000  0.529000
     3.704000 -0.794000  0.529000
     3.704000 -0.529000  0.529000
     3.704000 -0.265000  0.529000
     3.704000  0.000000  0.529000
     3.704000  0.265000  0.529000
     3.704000  0.529000  0.529000
     3.704000  0.794000  0.529000
     3.704000  1.058000  0.529000
     3.704000  1.323000  0.529000
     3.704000  1.588000  0.529000
     3.704000  1.852000  0.529000
     3.704000  2.117000  0.529000
     3.704000  2.381000  0.529000
     3.704000  2.646000  0.529000
     3.704000  2.910000  0.529000
     3.704000  3.175000  0.529000
     3.704000  3.440000  0.529000
     3.704000  3.704000  0.529000
     3.704000  3.969000  0.529000
     3.704000  4.233000  0.529000
     3.704000  4.498000  0.529000
     3.704000  4.763000  0.529000
     3.704000  5.027000  0.529000
     3.704000  5.292000  0.529000
     3.704000  5.556000  0.529000
     3.704000  5.821000  0.529000
     3.704000  6.086000  0.529000
     3.704000  6.350000  0.529000
     3.704000  6.615000  0.529000
     3.704000  6.879000  0.529000
     3.704000  7.144000  0.529000
     3.704000  7.408000  0.529000
     3.704000  7.673000  0.529000
     3.704000  7.938000  0.529000
     3.704000  8.202000  0.529000
     3.704000  8.467000  0.529000
     3.704000  8.731000  0.529000
     3.704000  8.996000  0.529000
     3.704000  9.261000  0.529000
     3.704000  9.525000  0.529000
     3.704000  9.790000  0.529000
     3.704000  10.054000  0.529000
     3.704000  10.319000  0.529000
     3.704000  10.584000  0.529000
     3.969000 -10.584000  0.529000
     3.969000 -10.319000  0.529000
     3.969000 -10.054000  0.529000
     3.969000 -9.790000  0.529000
     3.969000 -9.525000  0.529000
     3.969000 -9.261000  0.529000
     3.969000 -8.996000  0.529000
     3.969000 -8.731000  0.529000
     3.969000 -8.467000  0.529000
     3.969000 -8.202000  0.529000
     3.969000 -7.938000  0.529000
     3.969000 -7.673000  0.529000
     3.969000 -7.408000  0.529000
     3.969000 -7.144000  0.529000
     3.969000 -6.879000  0.529000
     3.969000 -6.615000  0.529000
     3.969000 -6.350000  0.529000
     3.969000 -6.086000  0.529000
     3.969000 -5.821000  0.529000
     3.969000 -5.556000  0.529000
     3.969000 -5.292000  0.529000
     3.969000 -5.027000  0.529000
     3.969000 -4.763000  0.529000
     3.969000 -4.498000  0.529000
     3.969000 -4.233000  0.529000
     3.969000 -3.969000  0.529000
     3.969000 -3.704000  0.529000
     3.969000 -3.440000  0.529000
     3.969000 -3.175000  0.529000
     3.969000 -2.910000  0.529000
     3.969000 -2.646000  0.529000
     3.969000 -2.381000  0.529000
     3.969000 -2.117000  0.529000
     3.969000 -1.852000  0.529000
     3.969000 -1.588000  0.529000
     3.969000 -1.323000  0.529000
     3.969000 -1.058000  0.529000
     3.969000 -0.794000  0.529000
     3.969000 -0.529000  0.529000
     3.969000 -0.265000  0.529000
     3.969000  0.000000  0.529000
     3.969000  0.265000  0.529000
     3.969000  0.529000  0.529000
     3.969000  0.794000  0.529000
     3.969000  1.058000  0.529000
     3.969000  1.323000  0.529000
     3.969000  1.588000  0.529000
     3.969000  1.852000  0.529000
     3.969000  2.117000  0.529000
     3.969000  2.381000  0.529000
     3.969000  2.646000  0.529000
     3.969000  2.910000  0.529000
     3.969000  3.175000  0.529000
     3.969000  3.440000  0.529000
     3.969000  3.704000  0.529000
     3.969000  3.969000  0.529000
     3.969000  4.233000  0.529000
     3.969000  4.498000  0.529000
     3.969000  4.763000  0.529000
     3.969000  5.027000  0.529000
     3.969000  5.292000  0.529000
     3.969000  5.556000  0.529000
     3.969000  5.821000  0.529000
     3.969000  6.086000  0.529000
     3.969000  6.350000  0.529000
     3.969000  6.615000  0.529000
     3.969000  6.879000  0.529000
     3.969000  7.144000  0.529000
     3.969000  7.408000  0.529000
     3.969000  7.673000  0.529000
     3.969000  7.938000  0.529000
     3.969000  8.202000  0.529000
     3.969000  8.467000  0.529000
     3.969000  8.731000  0.529000
     3.969000  8.996000  0.529000
     3.969000  9.261000  0.529000
     3.969000  9.525000  0.529000
     3.969000  9.790000  0.529000
     3.969000  10.054000  0.529000
     3.969000  10.319000  0.529000
     3.969000  10.584000  0.529000
     4.233000 -10.584000  0.529000
     4.233000 -10.319000  0.529000
     4.233000 -10.054000  0.529000
     4.233000 -9.790000  0.529000
     4.233000 -9.525000  0.529000
     4.233000 -9.261000  0.529000
     4.233000 -8.996000  0.529000
     4.233000 -8.731000  0.529000
     4.233000 -8.467000  0.529000
     4.233000 -8.202000  0.529000
     4.233000 -7.938000  0.529000
     4.233000 -7.673000  0.529000
     4.233000 -7.408000  0.529000
     4.233000 -7.144000  0.529000
     4.233000 -6.879000  0.529000
     4.233000 -6.615000  0.529000
     4.233000 -6.350000  0.529000
     4.233000 -6.086000  0.529000
     4.233000 -5.821000  0.529000
     4.233000 -5.556000  0.529000
     4.233000 -5.292000  0.529000
     4.233000 -5.027000  0.529000
     4.233000 -4.763000  0.529000
     4.233000 -4.498000  0.529000
     4.233000 -4.233000  0.529000
     4.233000 -3.969000  0.529000
     4.233000 -3.704000  0.529000
     4.233000 -3.440000  0.529000
     4.233000 -3.175000  0.529000
     4.233000 -2.910000  0.529000
     4.233000 -2.646000  0.529000
     4.233000 -2.381000  0.529000
     4.233000 -2.117000  0.529000
     4.233000 -1.852000  0.529000
     4.233000 -1.588000  0.529000
     4.233000 -1.323000  0.529000
     4.233000 -1.058000  0.529000
     4.233000 -0.794000  0.529000
     4.233000 -0.529000  0.529000
     4.233000 -0.265000  0.529000
     4.233000  0.000000  0.529000
     4.233000  0.265000  0.529000
     4.233000  0.529000  0.529000
     4.233000  0.794000  0.529000
     4.233000  1.058000  0.529000
     4.233000  1.323000  0.529000
     4.233000  1.588000  0.529000
     4.233000  1.852000  0.529000
     4.233000  2.117000  0.529000
     4.233000  2.381000  0.529000
     4.233000  2.646000  0.529000
     4.233000  2.910000  0.529000
     4.233000  3.175000  0.529000
     4.233000  3.440000  0.529000
     4.233000  3.704000  0.529000
     4.233000  3.969000  0.529000
     4.233000  4.233000  0.529000
     4.233000  4.498000  0.529000
     4.233000  4.763000  0.529000
     4.233000  5.027000  0.529000
     4.233000  5.292000  0.529000
     4.233000  5.556000  0.529000
     4.233000  5.821000  0.529000
     4.233000  6.086000  0.529000
     4.233000  6.350000  0.529000
     4.233000  6.615000  0.529000
     4.233000  6.879000  0.529000
     4.233000  7.144000  0.529000
     4.233000  7.408000  0.529000
     4.233000  7.673000  0.529000
     4.233000  7.938000  0.529000
     4.233000  8.202000  0.529000
     4.233000  8.467000  0.529000
     4.233000  8.731000  0.529000
     4.233000  8.996000  0.529000
     4.233000  9.261000  0.529000
     4.233000  9.525000  0.529000
     4.233000  9.790000  0.529000
     4.233000  10.054000  0.529000
     4.233000  10.319000  0.529000
     4.233000  10.584000  0.529000
     4.498000 -10.584000  0.529000
     4.498000 -10.319000  0.529000
     4.498000 -10.054000  0.529000
     4.498000 -9.790000  0.529000
     4.498000 -9.525000  0.529000
     4.498000 -9.261000  0.529000
     4.498000 -8.996000  0.529000
     4.498000 -8.731000  0.529000
     4.498000 -8.467000  0.529000
     4.498000 -8.202000  0.529000
     4.498000 -7.938000  0.529000
     4.498000 -7.673000  0.529000
     4.498000 -7.408000  0.529000
     4.498000 -7.144000  0.529000
     4.498000 -6.879000  0.529000
     4.498000 -6.615000  0.529000
     4.498000 -6.350000  0.529000
     4.498000 -6.086000  0.529000
     4.498000 -5.821000  0.529000
     4.498000 -5.556000  0.529000
     4.498000 -5.292000  0.529000
     4.498000 -5.027000  0.529000
     4.498000 -4.763000  0.529000
     4.498000 -4.498000  0.529000
     4.498000 -4.233000  0.529000
     4.498000 -3.969000  0.529000
     4.498000 -3.704000  0.529000
     4.498000 -3.440000  0.529000
     4.498000 -3.175000  0.529000
     4.498000 -2.910000  0.529000
     4.498000 -2.646000  0.529000
     4.498000 -2.381000  0.529000
     4.498000 -2.117000  0.529000
     4.498000 -1.852000  0.529000
     4.498000 -1.588000  0.529000
     4.498000 -1.323000  0.529000
     4.498000 -1.058000  0.529000
     4.498000 -0.794000  0.529000
     4.498000 -0.529000  0.529000
     4.498000 -0.265000  0.529000
     4.498000  0.000000  0.529000
     4.498000  0.265000  0.529000
     4.498000  0.529000  0.529000
     4.498000  0.794000  0.529000
     4.498000  1.058000  0.529000
     4.498000  1.323000  0.529000
     4.498000  1.588000  0.529000
     4.498000  1.852000  0.529000
     4.498000  2.117000  0.529000
     4.498000  2.381000  0.529000
     4.498000  2.646000  0.529000
     4.498000  2.910000  0.529000
     4.498000  3.175000  0.529000
     4.498000  3.440000  0.529000
     4.498000  3.704000  0.529000
     4.498000  3.969000  0.529000
     4.498000  4.233000  0.529000
     4.498000  4.498000  0.529000
     4.498000  4.763000  0.529000
     4.498000  5.027000  0.529000
     4.498000  5.292000  0.529000
     4.498000  5.556000  0.529000
     4.498000  5.821000  0.529000
     4.498000  6.086000  0.529000
     4.498000  6.350000  0.529000
     4.498000  6.615000  0.529000
     4.498000  6.879000  0.529000
     4.498000  7.144000  0.529000
     4.498000  7.408000  0.529000
     4.498000  7.673000  0.529000
     4.498000  7.938000  0.529000
     4.498000  8.202000  0.529000
     4.498000  8.467000  0.529000
     4.498000  8.731000  0.529000
     4.498000  8.996000  0.529000
     4.498000  9.261000  0.529000
     4.498000  9.525000  0.529000
     4.498000  9.790000  0.529000
     4.498000  10.054000  0.529000
     4.498000  10.319000  0.529000
     4.498000  10.584000  0.529000
     4.763000 -10.584000  0.529000
     4.763000 -10.319000  0.529000
     4.763000 -10.054000  0.529000
     4.763000 -9.790000  0.529000
     4.763000 -9.525000  0.529000
     4.763000 -9.261000  0.529000
     4.763000 -8.996000  0.529000
     4.763000 -8.731000  0.529000
     4.763000 -8.467000  0.529000
     4.763000 -8.202000  0.529000
     4.763000 -7.938000  0.529000
     4.763000 -7.673000  0.529000
     4.763000 -7.408000  0.529000
     4.763000 -7.144000  0.529000
     4.763000 -6.879000  0.529000
     4.763000 -6.615000  0.529000
     4.763000 -6.350000  0.529000
     4.763000 -6.086000  0.529000
     4.763000 -5.821000  0.529000
     4.763000 -5.556000  0.529000
     4.763000 -5.292000  0.529000
     4.763000 -5.027000  0.529000
     4.763000 -4.763000  0.529000
     4.763000 -4.498000  0.529000
     4.763000 -4.233000  0.529000
     4.763000 -3.969000  0.529000
     4.763000 -3.704000  0.529000
     4.763000 -3.440000  0.529000
     4.763000 -3.175000  0.529000
     4.763000 -2.910000  0.529000
     4.763000 -2.646000  0.529000
     4.763000 -2.381000  0.529000
     4.763000 -2.117000  0.529000
     4.763000 -1.852000  0.529000
     4.763000 -1.588000  0.529000
     4.763000 -1.323000  0.529000
     4.763000 -1.058000  0.529000
     4.763000 -0.794000  0.529000
     4.763000 -0.529000  0.529000
     4.763000 -0.265000  0.529000
     4.763000  0.000000  0.529000
     4.763000  0.265000  0.529000
     4.763000  0.529000  0.529000
     4.763000  0.794000  0.529000
     4.763000  1.058000  0.529000
     4.763000  1.323000  0.529000
     4.763000  1.588000  0.529000
     4.763000  1.852000  0.529000
     4.763000  2.117000  0.529000
     4.763000  2.381000  0.529000
     4.763000  2.646000  0.529000
     4.763000  2.910000  0.529000
     4.763000  3.175000  0.529000
     4.763000  3.440000  0.529000
     4.763000  3.704000  0.529000
     4.763000  3.969000  0.529000
     4.763000  4.233000  0.529000
     4.763000  4.498000  0.529000
     4.763000  4.763000  0.529000
     4.763000  5.027000  0.529000
     4.763000  5.292000  0.529000
     4.763000  5.556000  0.529000
     4.763000  5.821000  0.529000
     4.763000  6.086000  0.529000
     4.763000  6.350000  0.529000
     4.763000  6.615000  0.529000
     4.763000  6.879000  0.529000
     4.763000  7.144000  0.529000
     4.763000  7.408000  0.529000
     4.763000  7.673000  0.529000
     4.763000  7.938000  0.529000
     4.763000  8.202000  0.529000
     4.763000  8.467000  0.529000
     4.763000  8.731000  0.529000
     4.763000  8.996000  0.529000
     4.763000  9.261000  0.529000
     4.763000  9.525000  0.529000
     4.763000  9.790000  0.529000
     4.763000  10.054000  0.529000
     4.763000  10.319000  0.529000
     4.763000  10.584000  0.529000
     5.027000 -10.584000  0.529000
     5.027000 -10.319000  0.529000
     5.027000 -10.054000  0.529000
     5.027000 -9.790000  0.529000
     5.027000 -9.525000  0.529000
     5.027000 -9.261000  0.529000
     5.027000 -8.996000  0.529000
     5.027000 -8.731000  0.529000
     5.027000 -8.467000  0.529000
     5.027000 -8.202000  0.529000
     5.027000 -7.938000  0.529000
     5.027000 -7.673000  0.529000
     5.027000 -7.408000  0.529000
     5.027000 -7.144000  0.529000
     5.027000 -6.879000  0.529000
     5.027000 -6.615000  0.529000
     5.027000 -6.350000  0.529000
     5.027000 -6.086000  0.529000
     5.027000 -5.821000  0.529000
     5.027000 -5.556000  0.529000
     5.027000 -5.292000  0.529000
     5.027000 -5.027000  0.529000
     5.027000 -4.763000  0.529000
     5.027000 -4.498000  0.529000
     5.027000 -4.233000  0.529000
     5.027000 -3.969000  0.529000
     5.027000 -3.704000  0.529000
     5.027000 -3.440000  0.529000
     5.027000 -3.175000  0.529000
     5.027000 -2.910000  0.529000
     5.027000 -2.646000  0.529000
     5.027000 -2.381000  0.529000
     5.027000 -2.117000  0.529000
     5.027000 -1.852000  0.529000
     5.027000 -1.588000  0.529000
     5.027000 -1.323000  0.529000
     5.027000 -1.058000  0.529000
     5.027000 -0.794000  0.529000
     5.027000 -0.529000  0.529000
     5.027000 -0.265000  0.529000
     5.027000  0.000000  0.529000
     5.027000  0.265000  0.529000
     5.027000  0.529000  0.529000
     5.027000  0.794000  0.529000
     5.027000  1.058000  0.529000
     5.027000  1.323000  0.529000
     5.027000  1.588000  0.529000
     5.027000  1.852000  0.529000
     5.027000  2.117000  0.529000
     5.027000  2.381000  0.529000
     5.027000  2.646000  0.529000
     5.027000  2.910000  0.529000
     5.027000  3.175000  0.529000
     5.027000  3.440000  0.529000
     5.027000  3.704000  0.529000
     5.027000  3.969000  0.529000
     5.027000  4.233000  0.529000
     5.027000  4.498000  0.529000
     5.027000  4.763000  0.529000
     5.027000  5.027000  0.529000
     5.027000  5.292000  0.529000
     5.027000  5.556000  0.529000
     5.027000  5.821000  0.529000
     5.027000  6.086000  0.529000
     5.027000  6.350000  0.529000
     5.027000  6.615000  0.529000
     5.027000  6.879000  0.529000
     5.027000  7.144000  0.529000
     5.027000  7.408000  0.529000
     5.027000  7.673000  0.529000
     5.027000  7.938000  0.529000
     5.027000  8.202000  0.529000
     5.027000  8.467000  0.529000
     5.027000  8.731000  0.529000
     5.027000  8.996000  0.529000
     5.027000  9.261000  0.529000
     5.027000  9.525000  0.529000
     5.027000  9.790000  0.529000
     5.027000  10.054000  0.529000
     5.027000  10.319000  0.529000
     5.027000  10.584000  0.529000
     5.292000 -10.584000  0.529000
     5.292000 -10.319000  0.529000
     5.292000 -10.054000  0.529000
     5.292000 -9.790000  0.529000
     5.292000 -9.525000  0.529000
     5.292000 -9.261000  0.529000
     5.292000 -8.996000  0.529000
     5.292000 -8.731000  0.529000
     5.292000 -8.467000  0.529000
     5.292000 -8.202000  0.529000
     5.292000 -7.938000  0.529000
     5.292000 -7.673000  0.529000
     5.292000 -7.408000  0.529000
     5.292000 -7.144000  0.529000
     5.292000 -6.879000  0.529000
     5.292000 -6.615000  0.529000
     5.292000 -6.350000  0.529000
     5.292000 -6.086000  0.529000
     5.292000 -5.821000  0.529000
     5.292000 -5.556000  0.529000
     5.292000 -5.292000  0.529000
     5.292000 -5.027000  0.529000
     5.292000 -4.763000  0.529000
     5.292000 -4.498000  0.529000
     5.292000 -4.233000  0.529000
     5.292000 -3.969000  0.529000
     5.292000 -3.704000  0.529000
     5.292000 -3.440000  0.529000
     5.292000 -3.175000  0.529000
     5.292000 -2.910000  0.529000
     5.292000 -2.646000  0.529000
     5.292000 -2.381000  0.529000
     5.292000 -2.117000  0.529000
     5.292000 -1.852000  0.529000
     5.292000 -1.588000  0.529000
     5.292000 -1.323000  0.529000
     5.292000 -1.058000  0.529000
     5.292000 -0.794000  0.529000
     5.292000 -0.529000  0.529000
     5.292000 -0.265000  0.529000
     5.292000  0.000000  0.529000
     5.292000  0.265000  0.529000
     5.292000  0.529000  0.529000
     5.292000  0.794000  0.529000
     5.292000  1.058000  0.529000
     5.292000  1.323000  0.529000
     5.292000  1.588000  0.529000
     5.292000  1.852000  0.529000
     5.292000  2.117000  0.529000
     5.292000  2.381000  0.529000
     5.292000  2.646000  0.529000
     5.292000  2.910000  0.529000
     5.292000  3.175000  0.529000
     5.292000  3.440000  0.529000
     5.292000  3.704000  0.529000
     5.292000  3.969000  0.529000
     5.292000  4.233000  0.529000
     5.292000  4.498000  0.529000
     5.292000  4.763000  0.529000
     5.292000  5.027000  0.529000
     5.292000  5.292000  0.529000
     5.292000  5.556000  0.529000
     5.292000  5.821000  0.529000
     5.292000  6.086000  0.529000
     5.292000  6.350000  0.529000
     5.292000  6.615000  0.529000
     5.292000  6.879000  0.529000
     5.292000  7.144000  0.529000
     5.292000  7.408000  0.529000
     5.292000  7.673000  0.529000
     5.292000  7.938000  0.529000
     5.292000  8.202000  0.529000
     5.292000  8.467000  0.529000
     5.292000  8.731000  0.529000
     5.292000  8.996000  0.529000
     5.292000  9.261000  0.529000
     5.292000  9.525000  0.529000
     5.292000  9.790000  0.529000
     5.292000  10.054000  0.529000
     5.292000  10.319000  0.529000
     5.292000  10.584000  0.529000
     5.556000 -10.584000  0.529000
     5.556000 -10.319000  0.529000
     5.556000 -10.054000  0.529000
     5.556000 -9.790000  0.529000
     5.556000 -9.525000  0.529000
     5.556000 -9.261000  0.529000
     5.556000 -8.996000  0.529000
     5.556000 -8.731000  0.529000
     5.556000 -8.467000  0.529000
     5.556000 -8.202000  0.529000
     5.556000 -7.938000  0.529000
     5.556000 -7.673000  0.529000
     5.556000 -7.408000  0.529000
     5.556000 -7.144000  0.529000
     5.556000 -6.879000  0.529000
     5.556000 -6.615000  0.529000
     5.556000 -6.350000  0.529000
     5.556000 -6.086000  0.529000
     5.556000 -5.821000  0.529000
     5.556000 -5.556000  0.529000
     5.556000 -5.292000  0.529000
     5.556000 -5.027000  0.529000
     5.556000 -4.763000  0.529000
     5.556000 -4.498000  0.529000
     5.556000 -4.233000  0.529000
     5.556000 -3.969000  0.529000
     5.556000 -3.704000  0.529000
     5.556000 -3.440000  0.529000
     5.556000 -3.175000  0.529000
     5.556000 -2.910000  0.529000
     5.556000 -2.646000  0.529000
     5.556000 -2.381000  0.529000
     5.556000 -2.117000  0.529000
     5.556000 -1.852000  0.529000
     5.556000 -1.588000  0.529000
     5.556000 -1.323000  0.529000
     5.556000 -1.058000  0.529000
     5.556000 -0.794000  0.529000
     5.556000 -0.529000  0.529000
     5.556000 -0.265000  0.529000
     5.556000  0.000000  0.529000
     5.556000  0.265000  0.529000
     5.556000  0.529000  0.529000
     5.556000  0.794000  0.529000
     5.556000  1.058000  0.529000
     5.556000  1.323000  0.529000
     5.556000  1.588000  0.529000
     5.556000  1.852000  0.529000
     5.556000  2.117000  0.529000
     5.556000  2.381000  0.529000
     5.556000  2.646000  0.529000
     5.556000  2.910000  0.529000
     5.556000  3.175000  0.529000
     5.556000  3.440000  0.529000
     5.556000  3.704000  0.529000
     5.556000  3.969000  0.529000
     5.556000  4.233000  0.529000
     5.556000  4.498000  0.529000
     5.556000  4.763000  0.529000
     5.556000  5.027000  0.529000
     5.556000  5.292000  0.529000
     5.556000  5.556000  0.529000
     5.556000  5.821000  0.529000
     5.556000  6.086000  0.529000
     5.556000  6.350000  0.529000
     5.556000  6.615000  0.529000
     5.556000  6.879000  0.529000
     5.556000  7.144000  0.529000
     5.556000  7.408000  0.529000
     5.556000  7.673000  0.529000
     5.556000  7.938000  0.529000
     5.556000  8.202000  0.529000
     5.556000  8.467000  0.529000
     5.556000  8.731000  0.529000
     5.556000  8.996000  0.529000
     5.556000  9.261000  0.529000
     5.556000  9.525000  0.529000
     5.556000  9.790000  0.529000
     5.556000  10.054000  0.529000
     5.556000  10.319000  0.529000
     5.556000  10.584000  0.529000
     5.821000 -10.584000  0.529000
     5.821000 -10.319000  0.529000
     5.821000 -10.054000  0.529000
     5.821000 -9.790000  0.529000
     5.821000 -9.525000  0.529000
     5.821000 -9.261000  0.529000
     5.821000 -8.996000  0.529000
     5.821000 -8.731000  0.529000
     5.821000 -8.467000  0.529000
     5.821000 -8.202000  0.529000
     5.821000 -7.938000  0.529000
     5.821000 -7.673000  0.529000
     5.821000 -7.408000  0.529000
     5.821000 -7.144000  0.529000
     5.821000 -6.879000  0.529000
     5.821000 -6.615000  0.529000
     5.821000 -6.350000  0.529000
     5.821000 -6.086000  0.529000
     5.821000 -5.821000  0.529000
     5.821000 -5.556000  0.529000
     5.821000 -5.292000  0.529000
     5.821000 -5.027000  0.529000
     5.821000 -4.763000  0.529000
     5.821000 -4.498000  0.529000
     5.821000 -4.233000  0.529000
     5.821000 -3.969000  0.529000
     5.821000 -3.704000  0.529000
     5.821000 -3.440000  0.529000
     5.821000 -3.175000  0.529000
     5.821000 -2.910000  0.529000
     5.821000 -2.646000  0.529000
     5.821000 -2.381000  0.529000
     5.821000 -2.117000  0.529000
     5.821000 -1.852000  0.529000
     5.821000 -1.588000  0.529000
     5.821000 -1.323000  0.529000
     5.821000 -1.058000  0.529000
     5.821000 -0.794000  0.529000
     5.821000 -0.529000  0.529000
     5.821000 -0.265000  0.529000
     5.821000  0.000000  0.529000
     5.821000  0.265000  0.529000
     5.821000  0.529000  0.529000
     5.821000  0.794000  0.529000
     5.821000  1.058000  0.529000
     5.821000  1.323000  0.529000
     5.821000  1.588000  0.529000
     5.821000  1.852000  0.529000
     5.821000  2.117000  0.529000
     5.821000  2.381000  0.529000
     5.821000  2.646000  0.529000
     5.821000  2.910000  0.529000
     5.821000  3.175000  0.529000
     5.821000  3.440000  0.529000
     5.821000  3.704000  0.529000
     5.821000  3.969000  0.529000
     5.821000  4.233000  0.529000
     5.821000  4.498000  0.529000
     5.821000  4.763000  0.529000
     5.821000  5.027000  0.529000
     5.821000  5.292000  0.529000
     5.821000  5.556000  0.529000
     5.821000  5.821000  0.529000
     5.821000  6.086000  0.529000
     5.821000  6.350000  0.529000
     5.821000  6.615000  0.529000
     5.821000  6.879000  0.529000
     5.821000  7.144000  0.529000
     5.821000  7.408000  0.529000
     5.821000  7.673000  0.529000
     5.821000  7.938000  0.529000
     5.821000  8.202000  0.529000
     5.821000  8.467000  0.529000
     5.821000  8.731000  0.529000
     5.821000  8.996000  0.529000
     5.821000  9.261000  0.529000
     5.821000  9.525000  0.529000
     5.821000  9.790000  0.529000
     5.821000  10.054000  0.529000
     5.821000  10.319000  0.529000
     5.821000  10.584000  0.529000
     6.086000 -10.584000  0.529000
     6.086000 -10.319000  0.529000
     6.086000 -10.054000  0.529000
     6.086000 -9.790000  0.529000
     6.086000 -9.525000  0.529000
     6.086000 -9.261000  0.529000
     6.086000 -8.996000  0.529000
     6.086000 -8.731000  0.529000
     6.086000 -8.467000  0.529000
     6.086000 -8.202000  0.529000
     6.086000 -7.938000  0.529000
     6.086000 -7.673000  0.529000
     6.086000 -7.408000  0.529000
     6.086000 -7.144000  0.529000
     6.086000 -6.879000  0.529000
     6.086000 -6.615000  0.529000
     6.086000 -6.350000  0.529000
     6.086000 -6.086000  0.529000
     6.086000 -5.821000  0.529000
     6.086000 -5.556000  0.529000
     6.086000 -5.292000  0.529000
     6.086000 -5.027000  0.529000
     6.086000 -4.763000  0.529000
     6.086000 -4.498000  0.529000
     6.086000 -4.233000  0.529000
     6.086000 -3.969000  0.529000
     6.086000 -3.704000  0.529000
     6.086000 -3.440000  0.529000
     6.086000 -3.175000  0.529000
     6.086000 -2.910000  0.529000
     6.086000 -2.646000  0.529000
     6.086000 -2.381000  0.529000
     6.086000 -2.117000  0.529000
     6.086000 -1.852000  0.529000
     6.086000 -1.588000  0.529000
     6.086000 -1.323000  0.529000
     6.086000 -1.058000  0.529000
     6.086000 -0.794000  0.529000
     6.086000 -0.529000  0.529000
     6.086000 -0.265000  0.529000
     6.086000  0.000000  0.529000
     6.086000  0.265000  0.529000
     6.086000  0.529000  0.529000
     6.086000  0.794000  0.529000
     6.086000  1.058000  0.529000
     6.086000  1.323000  0.529000
     6.086000  1.588000  0.529000
     6.086000  1.852000  0.529000
     6.086000  2.117000  0.529000
     6.086000  2.381000  0.529000
     6.086000  2.646000  0.529000
     6.086000  2.910000  0.529000
     6.086000  3.175000  0.529000
     6.086000  3.440000  0.529000
     6.086000  3.704000  0.529000
     6.086000  3.969000  0.529000
     6.086000  4.233000  0.529000
     6.086000  4.498000  0.529000
     6.086000  4.763000  0.529000
     6.086000  5.027000  0.529000
     6.086000  5.292000  0.529000
     6.086000  5.556000  0.529000
     6.086000  5.821000  0.529000
     6.086000  6.086000  0.529000
     6.086000  6.350000  0.529000
     6.086000  6.615000  0.529000
     6.086000  6.879000  0.529000
     6.086000  7.144000  0.529000
     6.086000  7.408000  0.529000
     6.086000  7.673000  0.529000
     6.086000  7.938000  0.529000
     6.086000  8.202000  0.529000
     6.086000  8.467000  0.529000
     6.086000  8.731000  0.529000
     6.086000  8.996000  0.529000
     6.086000  9.261000  0.529000
     6.086000  9.525000  0.529000
     6.086000  9.790000  0.529000
     6.086000  10.054000  0.529000
     6.086000  10.319000  0.529000
     6.086000  10.584000  0.529000
     6.350000 -10.584000  0.529000
     6.350000 -10.319000  0.529000
     6.350000 -10.054000  0.529000
     6.350000 -9.790000  0.529000
     6.350000 -9.525000  0.529000
     6.350000 -9.261000  0.529000
     6.350000 -8.996000  0.529000
     6.350000 -8.731000  0.529000
     6.350000 -8.467000  0.529000
     6.350000 -8.202000  0.529000
     6.350000 -7.938000  0.529000
     6.350000 -7.673000  0.529000
     6.350000 -7.408000  0.529000
     6.350000 -7.144000  0.529000
     6.350000 -6.879000  0.529000
     6.350000 -6.615000  0.529000
     6.350000 -6.350000  0.529000
     6.350000 -6.086000  0.529000
     6.350000 -5.821000  0.529000
     6.350000 -5.556000  0.529000
     6.350000 -5.292000  0.529000
     6.350000 -5.027000  0.529000
     6.350000 -4.763000  0.529000
     6.350000 -4.498000  0.529000
     6.350000 -4.233000  0.529000
     6.350000 -3.969000  0.529000
     6.350000 -3.704000  0.529000
     6.350000 -3.440000  0.529000
     6.350000 -3.175000  0.529000
     6.350000 -2.910000  0.529000
     6.350000 -2.646000  0.529000
     6.350000 -2.381000  0.529000
     6.350000 -2.117000  0.529000
     6.350000 -1.852000  0.529000
     6.350000 -1.588000  0.529000
     6.350000 -1.323000  0.529000
     6.350000 -1.058000  0.529000
     6.350000 -0.794000  0.529000
     6.350000 -0.529000  0.529000
     6.350000 -0.265000  0.529000
     6.350000  0.000000  0.529000
     6.350000  0.265000  0.529000
     6.350000  0.529000  0.529000
     6.350000  0.794000  0.529000
     6.350000  1.058000  0.529000
     6.350000  1.323000  0.529000
     6.350000  1.588000  0.529000
     6.350000  1.852000  0.529000
     6.350000  2.117000  0.529000
     6.350000  2.381000  0.529000
     6.350000  2.646000  0.529000
     6.350000  2.910000  0.529000
     6.350000  3.175000  0.529000
     6.350000  3.440000  0.529000
     6.350000  3.704000  0.529000
     6.350000  3.969000  0.529000
     6.350000  4.233000  0.529000
     6.350000  4.498000  0.529000
     6.350000  4.763000  0.529000
     6.350000  5.027000  0.529000
     6.350000  5.292000  0.529000
     6.350000  5.556000  0.529000
     6.350000  5.821000  0.529000
     6.350000  6.086000  0.529000
     6.350000  6.350000  0.529000
     6.350000  6.615000  0.529000
     6.350000  6.879000  0.529000
     6.350000  7.144000  0.529000
     6.350000  7.408000  0.529000
     6.350000  7.673000  0.529000
     6.350000  7.938000  0.529000
     6.350000  8.202000  0.529000
     6.350000  8.467000  0.529000
     6.350000  8.731000  0.529000
     6.350000  8.996000  0.529000
     6.350000  9.261000  0.529000
     6.350000  9.525000  0.529000
     6.350000  9.790000  0.529000
     6.350000  10.054000  0.529000
     6.350000  10.319000  0.529000
     6.350000  10.584000  0.529000
     6.615000 -10.584000  0.529000
     6.615000 -10.319000  0.529000
     6.615000 -10.054000  0.529000
     6.615000 -9.790000  0.529000
     6.615000 -9.525000  0.529000
     6.615000 -9.261000  0.529000
     6.615000 -8.996000  0.529000
     6.615000 -8.731000  0.529000
     6.615000 -8.467000  0.529000
     6.615000 -8.202000  0.529000
     6.615000 -7.938000  0.529000
     6.615000 -7.673000  0.529000
     6.615000 -7.408000  0.529000
     6.615000 -7.144000  0.529000
     6.615000 -6.879000  0.529000
     6.615000 -6.615000  0.529000
     6.615000 -6.350000  0.529000
     6.615000 -6.086000  0.529000
     6.615000 -5.821000  0.529000
     6.615000 -5.556000  0.529000
     6.615000 -5.292000  0.529000
     6.615000 -5.027000  0.529000
     6.615000 -4.763000  0.529000
     6.615000 -4.498000  0.529000
     6.615000 -4.233000  0.529000
     6.615000 -3.969000  0.529000
     6.615000 -3.704000  0.529000
     6.615000 -3.440000  0.529000
     6.615000 -3.175000  0.529000
     6.615000 -2.910000  0.529000
     6.615000 -2.646000  0.529000
     6.615000 -2.381000  0.529000
     6.615000 -2.117000  0.529000
     6.615000 -1.852000  0.529000
     6.615000 -1.588000  0.529000
     6.615000 -1.323000  0.529000
     6.615000 -1.058000  0.529000
     6.615000 -0.794000  0.529000
     6.615000 -0.529000  0.529000
     6.615000 -0.265000  0.529000
     6.615000  0.000000  0.529000
     6.615000  0.265000  0.529000
     6.615000  0.529000  0.529000
     6.615000  0.794000  0.529000
     6.615000  1.058000  0.529000
     6.615000  1.323000  0.529000
     6.615000  1.588000  0.529000
     6.615000  1.852000  0.529000
     6.615000  2.117000  0.529000
     6.615000  2.381000  0.529000
     6.615000  2.646000  0.529000
     6.615000  2.910000  0.529000
     6.615000  3.175000  0.529000
     6.615000  3.440000  0.529000
     6.615000  3.704000  0.529000
     6.615000  3.969000  0.529000
     6.615000  4.233000  0.529000
     6.615000  4.498000  0.529000
     6.615000  4.763000  0.529000
     6.615000  5.027000  0.529000
     6.615000  5.292000  0.529000
     6.615000  5.556000  0.529000
     6.615000  5.821000  0.529000
     6.615000  6.086000  0.529000
     6.615000  6.350000  0.529000
     6.615000  6.615000  0.529000
     6.615000  6.879000  0.529000
     6.615000  7.144000  0.529000
     6.615000  7.408000  0.529000
     6.615000  7.673000  0.529000
     6.615000  7.938000  0.529000
     6.615000  8.202000  0.529000
     6.615000  8.467000  0.529000
     6.615000  8.731000  0.529000
     6.615000  8.996000  0.529000
     6.615000  9.261000  0.529000
     6.615000  9.525000  0.529000
     6.615000  9.790000  0.529000
     6.615000  10.054000  0.529000
     6.615000  10.319000  0.529000
     6.615000  10.584000  0.529000
     6.879000 -10.584000  0.529000
     6.879000 -10.319000  0.529000
     6.879000 -10.054000  0.529000
     6.879000 -9.790000  0.529000
     6.879000 -9.525000  0.529000
     6.879000 -9.261000  0.529000
     6.879000 -8.996000  0.529000
     6.879000 -8.731000  0.529000
     6.879000 -8.467000  0.529000
     6.879000 -8.202000  0.529000
     6.879000 -7.938000  0.529000
     6.879000 -7.673000  0.529000
     6.879000 -7.408000  0.529000
     6.879000 -7.144000  0.529000
     6.879000 -6.879000  0.529000
     6.879000 -6.615000  0.529000
     6.879000 -6.350000  0.529000
     6.879000 -6.086000  0.529000
     6.879000 -5.821000  0.529000
     6.879000 -5.556000  0.529000
     6.879000 -5.292000  0.529000
     6.879000 -5.027000  0.529000
     6.879000 -4.763000  0.529000
     6.879000 -4.498000  0.529000
     6.879000 -4.233000  0.529000
     6.879000 -3.969000  0.529000
     6.879000 -3.704000  0.529000
     6.879000 -3.440000  0.529000
     6.879000 -3.175000  0.529000
     6.879000 -2.910000  0.529000
     6.879000 -2.646000  0.529000
     6.879000 -2.381000  0.529000
     6.879000 -2.117000  0.529000
     6.879000 -1.852000  0.529000
     6.879000 -1.588000  0.529000
     6.879000 -1.323000  0.529000
     6.879000 -1.058000  0.529000
     6.879000 -0.794000  0.529000
     6.879000 -0.529000  0.529000
     6.879000 -0.265000  0.529000
     6.879000  0.000000  0.529000
     6.879000  0.265000  0.529000
     6.879000  0.529000  0.529000
     6.879000  0.794000  0.529000
     6.879000  1.058000  0.529000
     6.879000  1.323000  0.529000
     6.879000  1.588000  0.529000
     6.879000  1.852000  0.529000
     6.879000  2.117000  0.529000
     6.879000  2.381000  0.529000
     6.879000  2.646000  0.529000
     6.879000  2.910000  0.529000
     6.879000  3.175000  0.529000
     6.879000  3.440000  0.529000
     6.879000  3.704000  0.529000
     6.879000  3.969000  0.529000
     6.879000  4.233000  0.529000
     6.879000  4.498000  0.529000
     6.879000  4.763000  0.529000
     6.879000  5.027000  0.529000
     6.879000  5.292000  0.529000
     6.879000  5.556000  0.529000
     6.879000  5.821000  0.529000
     6.879000  6.086000  0.529000
     6.879000  6.350000  0.529000
     6.879000  6.615000  0.529000
     6.879000  6.879000  0.529000
     6.879000  7.144000  0.529000
     6.879000  7.408000  0.529000
     6.879000  7.673000  0.529000
     6.879000  7.938000  0.529000
     6.879000  8.202000  0.529000
     6.879000  8.467000  0.529000
     6.879000  8.731000  0.529000
     6.879000  8.996000  0.529000
     6.879000  9.261000  0.529000
     6.879000  9.525000  0.529000
     6.879000  9.790000  0.529000
     6.879000  10.054000  0.529000
     6.879000  10.319000  0.529000
     6.879000  10.584000  0.529000
     7.144000 -10.584000  0.529000
     7.144000 -10.319000  0.529000
     7.144000 -10.054000  0.529000
     7.144000 -9.790000  0.529000
     7.144000 -9.525000  0.529000
     7.144000 -9.261000  0.529000
     7.144000 -8.996000  0.529000
     7.144000 -8.731000  0.529000
     7.144000 -8.467000  0.529000
     7.144000 -8.202000  0.529000
     7.144000 -7.938000  0.529000
     7.144000 -7.673000  0.529000
     7.144000 -7.408000  0.529000
     7.144000 -7.144000  0.529000
     7.144000 -6.879000  0.529000
     7.144000 -6.615000  0.529000
     7.144000 -6.350000  0.529000
     7.144000 -6.086000  0.529000
     7.144000 -5.821000  0.529000
     7.144000 -5.556000  0.529000
     7.144000 -5.292000  0.529000
     7.144000 -5.027000  0.529000
     7.144000 -4.763000  0.529000
     7.144000 -4.498000  0.529000
     7.144000 -4.233000  0.529000
     7.144000 -3.969000  0.529000
     7.144000 -3.704000  0.529000
     7.144000 -3.440000  0.529000
     7.144000 -3.175000  0.529000
     7.144000 -2.910000  0.529000
     7.144000 -2.646000  0.529000
     7.144000 -2.381000  0.529000
     7.144000 -2.117000  0.529000
     7.144000 -1.852000  0.529000
     7.144000 -1.588000  0.529000
     7.144000 -1.323000  0.529000
     7.144000 -1.058000  0.529000
     7.144000 -0.794000  0.529000
     7.144000 -0.529000  0.529000
     7.144000 -0.265000  0.529000
     7.144000  0.000000  0.529000
     7.144000  0.265000  0.529000
     7.144000  0.529000  0.529000
     7.144000  0.794000  0.529000
     7.144000  1.058000  0.529000
     7.144000  1.323000  0.529000
     7.144000  1.588000  0.529000
     7.144000  1.852000  0.529000
     7.144000  2.117000  0.529000
     7.144000  2.381000  0.529000
     7.144000  2.646000  0.529000
     7.144000  2.910000  0.529000
     7.144000  3.175000  0.529000
     7.144000  3.440000  0.529000
     7.144000  3.704000  0.529000
     7.144000  3.969000  0.529000
     7.144000  4.233000  0.529000
     7.144000  4.498000  0.529000
     7.144000  4.763000  0.529000
     7.144000  5.027000  0.529000
     7.144000  5.292000  0.529000
     7.144000  5.556000  0.529000
     7.144000  5.821000  0.529000
     7.144000  6.086000  0.529000
     7.144000  6.350000  0.529000
     7.144000  6.615000  0.529000
     7.144000  6.879000  0.529000
     7.144000  7.144000  0.529000
     7.144000  7.408000  0.529000
     7.144000  7.673000  0.529000
     7.144000  7.938000  0.529000
     7.144000  8.202000  0.529000
     7.144000  8.467000  0.529000
     7.144000  8.731000  0.529000
     7.144000  8.996000  0.529000
     7.144000  9.261000  0.529000
     7.144000  9.525000  0.529000
     7.144000  9.790000  0.529000
     7.144000  10.054000  0.529000
     7.144000  10.319000  0.529000
     7.144000  10.584000  0.529000
     7.408000 -10.584000  0.529000
     7.408000 -10.319000  0.529000
     7.408000 -10.054000  0.529000
     7.408000 -9.790000  0.529000
     7.408000 -9.525000  0.529000
     7.408000 -9.261000  0.529000
     7.408000 -8.996000  0.529000
     7.408000 -8.731000  0.529000
     7.408000 -8.467000  0.529000
     7.408000 -8.202000  0.529000
     7.408000 -7.938000  0.529000
     7.408000 -7.673000  0.529000
     7.408000 -7.408000  0.529000
     7.408000 -7.144000  0.529000
     7.408000 -6.879000  0.529000
     7.408000 -6.615000  0.529000
     7.408000 -6.350000  0.529000
     7.408000 -6.086000  0.529000
     7.408000 -5.821000  0.529000
     7.408000 -5.556000  0.529000
     7.408000 -5.292000  0.529000
     7.408000 -5.027000  0.529000
     7.408000 -4.763000  0.529000
     7.408000 -4.498000  0.529000
     7.408000 -4.233000  0.529000
     7.408000 -3.969000  0.529000
     7.408000 -3.704000  0.529000
     7.408000 -3.440000  0.529000
     7.408000 -3.175000  0.529000
     7.408000 -2.910000  0.529000
     7.408000 -2.646000  0.529000
     7.408000 -2.381000  0.529000
     7.408000 -2.117000  0.529000
     7.408000 -1.852000  0.529000
     7.408000 -1.588000  0.529000
     7.408000 -1.323000  0.529000
     7.408000 -1.058000  0.529000
     7.408000 -0.794000  0.529000
     7.408000 -0.529000  0.529000
     7.408000 -0.265000  0.529000
     7.408000  0.000000  0.529000
     7.408000  0.265000  0.529000
     7.408000  0.529000  0.529000
     7.408000  0.794000  0.529000
     7.408000  1.058000  0.529000
     7.408000  1.323000  0.529000
     7.408000  1.588000  0.529000
     7.408000  1.852000  0.529000
     7.408000  2.117000  0.529000
     7.408000  2.381000  0.529000
     7.408000  2.646000  0.529000
     7.408000  2.910000  0.529000
     7.408000  3.175000  0.529000
     7.408000  3.440000  0.529000
     7.408000  3.704000  0.529000
     7.408000  3.969000  0.529000
     7.408000  4.233000  0.529000
     7.408000  4.498000  0.529000
     7.408000  4.763000  0.529000
     7.408000  5.027000  0.529000
     7.408000  5.292000  0.529000
     7.408000  5.556000  0.529000
     7.408000  5.821000  0.529000
     7.408000  6.086000  0.529000
     7.408000  6.350000  0.529000
     7.408000  6.615000  0.529000
     7.408000  6.879000  0.529000
     7.408000  7.144000  0.529000
     7.408000  7.408000  0.529000
     7.408000  7.673000  0.529000
     7.408000  7.938000  0.529000
     7.408000  8.202000  0.529000
     7.408000  8.467000  0.529000
     7.408000  8.731000  0.529000
     7.408000  8.996000  0.529000
     7.408000  9.261000  0.529000
     7.408000  9.525000  0.529000
     7.408000  9.790000  0.529000
     7.408000  10.054000  0.529000
     7.408000  10.319000  0.529000
     7.408000  10.584000  0.529000
     7.673000 -10.584000  0.529000
     7.673000 -10.319000  0.529000
     7.673000 -10.054000  0.529000
     7.673000 -9.790000  0.529000
     7.673000 -9.525000  0.529000
     7.673000 -9.261000  0.529000
     7.673000 -8.996000  0.529000
     7.673000 -8.731000  0.529000
     7.673000 -8.467000  0.529000
     7.673000 -8.202000  0.529000
     7.673000 -7.938000  0.529000
     7.673000 -7.673000  0.529000
     7.673000 -7.408000  0.529000
     7.673000 -7.144000  0.529000
     7.673000 -6.879000  0.529000
     7.673000 -6.615000  0.529000
     7.673000 -6.350000  0.529000
     7.673000 -6.086000  0.529000
     7.673000 -5.821000  0.529000
     7.673000 -5.556000  0.529000
     7.673000 -5.292000  0.529000
     7.673000 -5.027000  0.529000
     7.673000 -4.763000  0.529000
     7.673000 -4.498000  0.529000
     7.673000 -4.233000  0.529000
     7.673000 -3.969000  0.529000
     7.673000 -3.704000  0.529000
     7.673000 -3.440000  0.529000
     7.673000 -3.175000  0.529000
     7.673000 -2.910000  0.529000
     7.673000 -2.646000  0.529000
     7.673000 -2.381000  0.529000
     7.673000 -2.117000  0.529000
     7.673000 -1.852000  0.529000
     7.673000 -1.588000  0.529000
     7.673000 -1.323000  0.529000
     7.673000 -1.058000  0.529000
     7.673000 -0.794000  0.529000
     7.673000 -0.529000  0.529000
     7.673000 -0.265000  0.529000
     7.673000  0.000000  0.529000
     7.673000  0.265000  0.529000
     7.673000  0.529000  0.529000
     7.673000  0.794000  0.529000
     7.673000  1.058000  0.529000
     7.673000  1.323000  0.529000
     7.673000  1.588000  0.529000
     7.673000  1.852000  0.529000
     7.673000  2.117000  0.529000
     7.673000  2.381000  0.529000
     7.673000  2.646000  0.529000
     7.673000  2.910000  0.529000
     7.673000  3.175000  0.529000
     7.673000  3.440000  0.529000
     7.673000  3.704000  0.529000
     7.673000  3.969000  0.529000
     7.673000  4.233000  0.529000
     7.673000  4.498000  0.529000
     7.673000  4.763000  0.529000
     7.673000  5.027000  0.529000
     7.673000  5.292000  0.529000
     7.673000  5.556000  0.529000
     7.673000  5.821000  0.529000
     7.673000  6.086000  0.529000
     7.673000  6.350000  0.529000
     7.673000  6.615000  0.529000
     7.673000  6.879000  0.529000
     7.673000  7.144000  0.529000
     7.673000  7.408000  0.529000
     7.673000  7.673000  0.529000
     7.673000  7.938000  0.529000
     7.673000  8.202000  0.529000
     7.673000  8.467000  0.529000
     7.673000  8.731000  0.529000
     7.673000  8.996000  0.529000
     7.673000  9.261000  0.529000
     7.673000  9.525000  0.529000
     7.673000  9.790000  0.529000
     7.673000  10.054000  0.529000
     7.673000  10.319000  0.529000
     7.673000  10.584000  0.529000
     7.938000 -10.584000  0.529000
     7.938000 -10.319000  0.529000
     7.938000 -10.054000  0.529000
     7.938000 -9.790000  0.529000
     7.938000 -9.525000  0.529000
     7.938000 -9.261000  0.529000
     7.938000 -8.996000  0.529000
     7.938000 -8.731000  0.529000
     7.938000 -8.467000  0.529000
     7.938000 -8.202000  0.529000
     7.938000 -7.938000  0.529000
     7.938000 -7.673000  0.529000
     7.938000 -7.408000  0.529000
     7.938000 -7.144000  0.529000
     7.938000 -6.879000  0.529000
     7.938000 -6.615000  0.529000
     7.938000 -6.350000  0.529000
     7.938000 -6.086000  0.529000
     7.938000 -5.821000  0.529000
     7.938000 -5.556000  0.529000
     7.938000 -5.292000  0.529000
     7.938000 -5.027000  0.529000
     7.938000 -4.763000  0.529000
     7.938000 -4.498000  0.529000
     7.938000 -4.233000  0.529000
     7.938000 -3.969000  0.529000
     7.938000 -3.704000  0.529000
     7.938000 -3.440000  0.529000
     7.938000 -3.175000  0.529000
     7.938000 -2.910000  0.529000
     7.938000 -2.646000  0.529000
     7.938000 -2.381000  0.529000
     7.938000 -2.117000  0.529000
     7.938000 -1.852000  0.529000
     7.938000 -1.588000  0.529000
     7.938000 -1.323000  0.529000
     7.938000 -1.058000  0.529000
     7.938000 -0.794000  0.529000
     7.938000 -0.529000  0.529000
     7.938000 -0.265000  0.529000
     7.938000  0.000000  0.529000
     7.938000  0.265000  0.529000
     7.938000  0.529000  0.529000
     7.938000  0.794000  0.529000
     7.938000  1.058000  0.529000
     7.938000  1.323000  0.529000
     7.938000  1.588000  0.529000
     7.938000  1.852000  0.529000
     7.938000  2.117000  0.529000
     7.938000  2.381000  0.529000
     7.938000  2.646000  0.529000
     7.938000  2.910000  0.529000
     7.938000  3.175000  0.529000
     7.938000  3.440000  0.529000
     7.938000  3.704000  0.529000
     7.938000  3.969000  0.529000
     7.938000  4.233000  0.529000
     7.938000  4.498000  0.529000
     7.938000  4.763000  0.529000
     7.938000  5.027000  0.529000
     7.938000  5.292000  0.529000
     7.938000  5.556000  0.529000
     7.938000  5.821000  0.529000
     7.938000  6.086000  0.529000
     7.938000  6.350000  0.529000
     7.938000  6.615000  0.529000
     7.938000  6.879000  0.529000
     7.938000  7.144000  0.529000
     7.938000  7.408000  0.529000
     7.938000  7.673000  0.529000
     7.938000  7.938000  0.529000
     7.938000  8.202000  0.529000
     7.938000  8.467000  0.529000
     7.938000  8.731000  0.529000
     7.938000  8.996000  0.529000
     7.938000  9.261000  0.529000
     7.938000  9.525000  0.529000
     7.938000  9.790000  0.529000
     7.938000  10.054000  0.529000
     7.938000  10.319000  0.529000
     7.938000  10.584000  0.529000
     8.202000 -10.584000  0.529000
     8.202000 -10.319000  0.529000
     8.202000 -10.054000  0.529000
     8.202000 -9.790000  0.529000
     8.202000 -9.525000  0.529000
     8.202000 -9.261000  0.529000
     8.202000 -8.996000  0.529000
     8.202000 -8.731000  0.529000
     8.202000 -8.467000  0.529000
     8.202000 -8.202000  0.529000
     8.202000 -7.938000  0.529000
     8.202000 -7.673000  0.529000
     8.202000 -7.408000  0.529000
     8.202000 -7.144000  0.529000
     8.202000 -6.879000  0.529000
     8.202000 -6.615000  0.529000
     8.202000 -6.350000  0.529000
     8.202000 -6.086000  0.529000
     8.202000 -5.821000  0.529000
     8.202000 -5.556000  0.529000
     8.202000 -5.292000  0.529000
     8.202000 -5.027000  0.529000
     8.202000 -4.763000  0.529000
     8.202000 -4.498000  0.529000
     8.202000 -4.233000  0.529000
     8.202000 -3.969000  0.529000
     8.202000 -3.704000  0.529000
     8.202000 -3.440000  0.529000
     8.202000 -3.175000  0.529000
     8.202000 -2.910000  0.529000
     8.202000 -2.646000  0.529000
     8.202000 -2.381000  0.529000
     8.202000 -2.117000  0.529000
     8.202000 -1.852000  0.529000
     8.202000 -1.588000  0.529000
     8.202000 -1.323000  0.529000
     8.202000 -1.058000  0.529000
     8.202000 -0.794000  0.529000
     8.202000 -0.529000  0.529000
     8.202000 -0.265000  0.529000
     8.202000  0.000000  0.529000
     8.202000  0.265000  0.529000
     8.202000  0.529000  0.529000
     8.202000  0.794000  0.529000
     8.202000  1.058000  0.529000
     8.202000  1.323000  0.529000
     8.202000  1.588000  0.529000
     8.202000  1.852000  0.529000
     8.202000  2.117000  0.529000
     8.202000  2.381000  0.529000
     8.202000  2.646000  0.529000
     8.202000  2.910000  0.529000
     8.202000  3.175000  0.529000
     8.202000  3.440000  0.529000
     8.202000  3.704000  0.529000
     8.202000  3.969000  0.529000
     8.202000  4.233000  0.529000
     8.202000  4.498000  0.529000
     8.202000  4.763000  0.529000
     8.202000  5.027000  0.529000
     8.202000  5.292000  0.529000
     8.202000  5.556000  0.529000
     8.202000  5.821000  0.529000
     8.202000  6.086000  0.529000
     8.202000  6.350000  0.529000
     8.202000  6.615000  0.529000
     8.202000  6.879000  0.529000
     8.202000  7.144000  0.529000
     8.202000  7.408000  0.529000
     8.202000  7.673000  0.529000
     8.202000  7.938000  0.529000
     8.202000  8.202000  0.529000
     8.202000  8.467000  0.529000
     8.202000  8.731000  0.529000
     8.202000  8.996000  0.529000
     8.202000  9.261000  0.529000
     8.202000  9.525000  0.529000
     8.202000  9.790000  0.529000
     8.202000  10.054000  0.529000
     8.202000  10.319000  0.529000
     8.202000  10.584000  0.529000
     8.467000 -10.584000  0.529000
     8.467000 -10.319000  0.529000
     8.467000 -10.054000  0.529000
     8.467000 -9.790000  0.529000
     8.467000 -9.525000  0.529000
     8.467000 -9.261000  0.529000
     8.467000 -8.996000  0.529000
     8.467000 -8.731000  0.529000
     8.467000 -8.467000  0.529000
     8.467000 -8.202000  0.529000
     8.467000 -7.938000  0.529000
     8.467000 -7.673000  0.529000
     8.467000 -7.408000  0.529000
     8.467000 -7.144000  0.529000
     8.467000 -6.879000  0.529000
     8.467000 -6.615000  0.529000
     8.467000 -6.350000  0.529000
     8.467000 -6.086000  0.529000
     8.467000 -5.821000  0.529000
     8.467000 -5.556000  0.529000
     8.467000 -5.292000  0.529000
     8.467000 -5.027000  0.529000
     8.467000 -4.763000  0.529000
     8.467000 -4.498000  0.529000
     8.467000 -4.233000  0.529000
     8.467000 -3.969000  0.529000
     8.467000 -3.704000  0.529000
     8.467000 -3.440000  0.529000
     8.467000 -3.175000  0.529000
     8.467000 -2.910000  0.529000
     8.467000 -2.646000  0.529000
     8.467000 -2.381000  0.529000
     8.467000 -2.117000  0.529000
     8.467000 -1.852000  0.529000
     8.467000 -1.588000  0.529000
     8.467000 -1.323000  0.529000
     8.467000 -1.058000  0.529000
     8.467000 -0.794000  0.529000
     8.467000 -0.529000  0.529000
     8.467000 -0.265000  0.529000
     8.467000  0.000000  0.529000
     8.467000  0.265000  0.529000
     8.467000  0.529000  0.529000
     8.467000  0.794000  0.529000
     8.467000  1.058000  0.529000
     8.467000  1.323000  0.529000
     8.467000  1.588000  0.529000
     8.467000  1.852000  0.529000
     8.467000  2.117000  0.529000
     8.467000  2.381000  0.529000
     8.467000  2.646000  0.529000
     8.467000  2.910000  0.529000
     8.467000  3.175000  0.529000
     8.467000  3.440000  0.529000
     8.467000  3.704000  0.529000
     8.467000  3.969000  0.529000
     8.467000  4.233000  0.529000
     8.467000  4.498000  0.529000
     8.467000  4.763000  0.529000
     8.467000  5.027000  0.529000
     8.467000  5.292000  0.529000
     8.467000  5.556000  0.529000
     8.467000  5.821000  0.529000
     8.467000  6.086000  0.529000
     8.467000  6.350000  0.529000
     8.467000  6.615000  0.529000
     8.467000  6.879000  0.529000
     8.467000  7.144000  0.529000
     8.467000  7.408000  0.529000
     8.467000  7.673000  0.529000
     8.467000  7.938000  0.529000
     8.467000  8.202000  0.529000
     8.467000  8.467000  0.529000
     8.467000  8.731000  0.529000
     8.467000  8.996000  0.529000
     8.467000  9.261000  0.529000
     8.467000  9.525000  0.529000
     8.467000  9.790000  0.529000
     8.467000  10.054000  0.529000
     8.467000  10.319000  0.529000
     8.467000  10.584000  0.529000
     8.731000 -10.584000  0.529000
     8.731000 -10.319000  0.529000
     8.731000 -10.054000  0.529000
     8.731000 -9.790000  0.529000
     8.731000 -9.525000  0.529000
     8.731000 -9.261000  0.529000
     8.731000 -8.996000  0.529000
     8.731000 -8.731000  0.529000
     8.731000 -8.467000  0.529000
     8.731000 -8.202000  0.529000
     8.731000 -7.938000  0.529000
     8.731000 -7.673000  0.529000
     8.731000 -7.408000  0.529000
     8.731000 -7.144000  0.529000
     8.731000 -6.879000  0.529000
     8.731000 -6.615000  0.529000
     8.731000 -6.350000  0.529000
     8.731000 -6.086000  0.529000
     8.731000 -5.821000  0.529000
     8.731000 -5.556000  0.529000
     8.731000 -5.292000  0.529000
     8.731000 -5.027000  0.529000
     8.731000 -4.763000  0.529000
     8.731000 -4.498000  0.529000
     8.731000 -4.233000  0.529000
     8.731000 -3.969000  0.529000
     8.731000 -3.704000  0.529000
     8.731000 -3.440000  0.529000
     8.731000 -3.175000  0.529000
     8.731000 -2.910000  0.529000
     8.731000 -2.646000  0.529000
     8.731000 -2.381000  0.529000
     8.731000 -2.117000  0.529000
     8.731000 -1.852000  0.529000
     8.731000 -1.588000  0.529000
     8.731000 -1.323000  0.529000
     8.731000 -1.058000  0.529000
     8.731000 -0.794000  0.529000
     8.731000 -0.529000  0.529000
     8.731000 -0.265000  0.529000
     8.731000  0.000000  0.529000
     8.731000  0.265000  0.529000
     8.731000  0.529000  0.529000
     8.731000  0.794000  0.529000
     8.731000  1.058000  0.529000
     8.731000  1.323000  0.529000
     8.731000  1.588000  0.529000
     8.731000  1.852000  0.529000
     8.731000  2.117000  0.529000
     8.731000  2.381000  0.529000
     8.731000  2.646000  0.529000
     8.731000  2.910000  0.529000
     8.731000  3.175000  0.529000
     8.731000  3.440000  0.529000
     8.731000  3.704000  0.529000
     8.731000  3.969000  0.529000
     8.731000  4.233000  0.529000
     8.731000  4.498000  0.529000
     8.731000  4.763000  0.529000
     8.731000  5.027000  0.529000
     8.731000  5.292000  0.529000
     8.731000  5.556000  0.529000
     8.731000  5.821000  0.529000
     8.731000  6.086000  0.529000
     8.731000  6.350000  0.529000
     8.731000  6.615000  0.529000
     8.731000  6.879000  0.529000
     8.731000  7.144000  0.529000
     8.731000  7.408000  0.529000
     8.731000  7.673000  0.529000
     8.731000  7.938000  0.529000
     8.731000  8.202000  0.529000
     8.731000  8.467000  0.529000
     8.731000  8.731000  0.529000
     8.731000  8.996000  0.529000
     8.731000  9.261000  0.529000
     8.731000  9.525000  0.529000
     8.731000  9.790000  0.529000
     8.731000  10.054000  0.529000
     8.731000  10.319000  0.529000
     8.731000  10.584000  0.529000
     8.996000 -10.584000  0.529000
     8.996000 -10.319000  0.529000
     8.996000 -10.054000  0.529000
     8.996000 -9.790000  0.529000
     8.996000 -9.525000  0.529000
     8.996000 -9.261000  0.529000
     8.996000 -8.996000  0.529000
     8.996000 -8.731000  0.529000
     8.996000 -8.467000  0.529000
     8.996000 -8.202000  0.529000
     8.996000 -7.938000  0.529000
     8.996000 -7.673000  0.529000
     8.996000 -7.408000  0.529000
     8.996000 -7.144000  0.529000
     8.996000 -6.879000  0.529000
     8.996000 -6.615000  0.529000
     8.996000 -6.350000  0.529000
     8.996000 -6.086000  0.529000
     8.996000 -5.821000  0.529000
     8.996000 -5.556000  0.529000
     8.996000 -5.292000  0.529000
     8.996000 -5.027000  0.529000
     8.996000 -4.763000  0.529000
     8.996000 -4.498000  0.529000
     8.996000 -4.233000  0.529000
     8.996000 -3.969000  0.529000
     8.996000 -3.704000  0.529000
     8.996000 -3.440000  0.529000
     8.996000 -3.175000  0.529000
     8.996000 -2.910000  0.529000
     8.996000 -2.646000  0.529000
     8.996000 -2.381000  0.529000
     8.996000 -2.117000  0.529000
     8.996000 -1.852000  0.529000
     8.996000 -1.588000  0.529000
     8.996000 -1.323000  0.529000
     8.996000 -1.058000  0.529000
     8.996000 -0.794000  0.529000
     8.996000 -0.529000  0.529000
     8.996000 -0.265000  0.529000
     8.996000  0.000000  0.529000
     8.996000  0.265000  0.529000
     8.996000  0.529000  0.529000
     8.996000  0.794000  0.529000
     8.996000  1.058000  0.529000
     8.996000  1.323000  0.529000
     8.996000  1.588000  0.529000
     8.996000  1.852000  0.529000
     8.996000  2.117000  0.529000
     8.996000  2.381000  0.529000
     8.996000  2.646000  0.529000
     8.996000  2.910000  0.529000
     8.996000  3.175000  0.529000
     8.996000  3.440000  0.529000
     8.996000  3.704000  0.529000
     8.996000  3.969000  0.529000
     8.996000  4.233000  0.529000
     8.996000  4.498000  0.529000
     8.996000  4.763000  0.529000
     8.996000  5.027000  0.529000
     8.996000  5.292000  0.529000
     8.996000  5.556000  0.529000
     8.996000  5.821000  0.529000
     8.996000  6.086000  0.529000
     8.996000  6.350000  0.529000
     8.996000  6.615000  0.529000
     8.996000  6.879000  0.529000
     8.996000  7.144000  0.529000
     8.996000  7.408000  0.529000
     8.996000  7.673000  0.529000
     8.996000  7.938000  0.529000
     8.996000  8.202000  0.529000
     8.996000  8.467000  0.529000
     8.996000  8.731000  0.529000
     8.996000  8.996000  0.529000
     8.996000  9.261000  0.529000
     8.996000  9.525000  0.529000
     8.996000  9.790000  0.529000
     8.996000  10.054000  0.529000
     8.996000  10.319000  0.529000
     8.996000  10.584000  0.529000
     9.261000 -10.584000  0.529000
     9.261000 -10.319000  0.529000
     9.261000 -10.054000  0.529000
     9.261000 -9.790000  0.529000
     9.261000 -9.525000  0.529000
     9.261000 -9.261000  0.529000
     9.261000 -8.996000  0.529000
     9.261000 -8.731000  0.529000
     9.261000 -8.467000  0.529000
     9.261000 -8.202000  0.529000
     9.261000 -7.938000  0.529000
     9.261000 -7.673000  0.529000
     9.261000 -7.408000  0.529000
     9.261000 -7.144000  0.529000
     9.261000 -6.879000  0.529000
     9.261000 -6.615000  0.529000
     9.261000 -6.350000  0.529000
     9.261000 -6.086000  0.529000
     9.261000 -5.821000  0.529000
     9.261000 -5.556000  0.529000
     9.261000 -5.292000  0.529000
     9.261000 -5.027000  0.529000
     9.261000 -4.763000  0.529000
     9.261000 -4.498000  0.529000
     9.261000 -4.233000  0.529000
     9.261000 -3.969000  0.529000
     9.261000 -3.704000  0.529000
     9.261000 -3.440000  0.529000
     9.261000 -3.175000  0.529000
     9.261000 -2.910000  0.529000
     9.261000 -2.646000  0.529000
     9.261000 -2.381000  0.529000
     9.261000 -2.117000  0.529000
     9.261000 -1.852000  0.529000
     9.261000 -1.588000  0.529000
     9.261000 -1.323000  0.529000
     9.261000 -1.058000  0.529000
     9.261000 -0.794000  0.529000
     9.261000 -0.529000  0.529000
     9.261000 -0.265000  0.529000
     9.261000  0.000000  0.529000
     9.261000  0.265000  0.529000
     9.261000  0.529000  0.529000
     9.261000  0.794000  0.529000
     9.261000  1.058000  0.529000
     9.261000  1.323000  0.529000
     9.261000  1.588000  0.529000
     9.261000  1.852000  0.529000
     9.261000  2.117000  0.529000
     9.261000  2.381000  0.529000
     9.261000  2.646000  0.529000
     9.261000  2.910000  0.529000
     9.261000  3.175000  0.529000
     9.261000  3.440000  0.529000
     9.261000  3.704000  0.529000
     9.261000  3.969000  0.529000
     9.261000  4.233000  0.529000
     9.261000  4.498000  0.529000
     9.261000  4.763000  0.529000
     9.261000  5.027000  0.529000
     9.261000  5.292000  0.529000
     9.261000  5.556000  0.529000
     9.261000  5.821000  0.529000
     9.261000  6.086000  0.529000
     9.261000  6.350000  0.529000
     9.261000  6.615000  0.529000
     9.261000  6.879000  0.529000
     9.261000  7.144000  0.529000
     9.261000  7.408000  0.529000
     9.261000  7.673000  0.529000
     9.261000  7.938000  0.529000
     9.261000  8.202000  0.529000
     9.261000  8.467000  0.529000
     9.261000  8.731000  0.529000
     9.261000  8.996000  0.529000
     9.261000  9.261000  0.529000
     9.261000  9.525000  0.529000
     9.261000  9.790000  0.529000
     9.261000  10.054000  0.529000
     9.261000  10.319000  0.529000
     9.261000  10.584000  0.529000
     9.525000 -10.584000  0.529000
     9.525000 -10.319000  0.529000
     9.525000 -10.054000  0.529000
     9.525000 -9.790000  0.529000
     9.525000 -9.525000  0.529000
     9.525000 -9.261000  0.529000
     9.525000 -8.996000  0.529000
     9.525000 -8.731000  0.529000
     9.525000 -8.467000  0.529000
     9.525000 -8.202000  0.529000
     9.525000 -7.938000  0.529000
     9.525000 -7.673000  0.529000
     9.525000 -7.408000  0.529000
     9.525000 -7.144000  0.529000
     9.525000 -6.879000  0.529000
     9.525000 -6.615000  0.529000
     9.525000 -6.350000  0.529000
     9.525000 -6.086000  0.529000
     9.525000 -5.821000  0.529000
     9.525000 -5.556000  0.529000
     9.525000 -5.292000  0.529000
     9.525000 -5.027000  0.529000
     9.525000 -4.763000  0.529000
     9.525000 -4.498000  0.529000
     9.525000 -4.233000  0.529000
     9.525000 -3.969000  0.529000
     9.525000 -3.704000  0.529000
     9.525000 -3.440000  0.529000
     9.525000 -3.175000  0.529000
     9.525000 -2.910000  0.529000
     9.525000 -2.646000  0.529000
     9.525000 -2.381000  0.529000
     9.525000 -2.117000  0.529000
     9.525000 -1.852000  0.529000
     9.525000 -1.588000  0.529000
     9.525000 -1.323000  0.529000
     9.525000 -1.058000  0.529000
     9.525000 -0.794000  0.529000
     9.525000 -0.529000  0.529000
     9.525000 -0.265000  0.529000
     9.525000  0.000000  0.529000
     9.525000  0.265000  0.529000
     9.525000  0.529000  0.529000
     9.525000  0.794000  0.529000
     9.525000  1.058000  0.529000
     9.525000  1.323000  0.529000
     9.525000  1.588000  0.529000
     9.525000  1.852000  0.529000
     9.525000  2.117000  0.529000
     9.525000  2.381000  0.529000
     9.525000  2.646000  0.529000
     9.525000  2.910000  0.529000
     9.525000  3.175000  0.529000
     9.525000  3.440000  0.529000
     9.525000  3.704000  0.529000
     9.525000  3.969000  0.529000
     9.525000  4.233000  0.529000
     9.525000  4.498000  0.529000
     9.525000  4.763000  0.529000
     9.525000  5.027000  0.529000
     9.525000  5.292000  0.529000
     9.525000  5.556000  0.529000
     9.525000  5.821000  0.529000
     9.525000  6.086000  0.529000
     9.525000  6.350000  0.529000
     9.525000  6.615000  0.529000
     9.525000  6.879000  0.529000
     9.525000  7.144000  0.529000
     9.525000  7.408000  0.529000
     9.525000  7.673000  0.529000
     9.525000  7.938000  0.529000
     9.525000  8.202000  0.529000
     9.525000  8.467000  0.529000
     9.525000  8.731000  0.529000
     9.525000  8.996000  0.529000
     9.525000  9.261000  0.529000
     9.525000  9.525000  0.529000
     9.525000  9.790000  0.529000
     9.525000  10.054000  0.529000
     9.525000  10.319000  0.529000
     9.525000  10.584000  0.529000
     9.790000 -10.584000  0.529000
     9.790000 -10.319000  0.529000
     9.790000 -10.054000  0.529000
     9.790000 -9.790000  0.529000
     9.790000 -9.525000  0.529000
     9.790000 -9.261000  0.529000
     9.790000 -8.996000  0.529000
     9.790000 -8.731000  0.529000
     9.790000 -8.467000  0.529000
     9.790000 -8.202000  0.529000
     9.790000 -7.938000  0.529000
     9.790000 -7.673000  0.529000
     9.790000 -7.408000  0.529000
     9.790000 -7.144000  0.529000
     9.790000 -6.879000  0.529000
     9.790000 -6.615000  0.529000
     9.790000 -6.350000  0.529000
     9.790000 -6.086000  0.529000
     9.790000 -5.821000  0.529000
     9.790000 -5.556000  0.529000
     9.790000 -5.292000  0.529000
     9.790000 -5.027000  0.529000
     9.790000 -4.763000  0.529000
     9.790000 -4.498000  0.529000
     9.790000 -4.233000  0.529000
     9.790000 -3.969000  0.529000
     9.790000 -3.704000  0.529000
     9.790000 -3.440000  0.529000
     9.790000 -3.175000  0.529000
     9.790000 -2.910000  0.529000
     9.790000 -2.646000  0.529000
     9.790000 -2.381000  0.529000
     9.790000 -2.117000  0.529000
     9.790000 -1.852000  0.529000
     9.790000 -1.588000  0.529000
     9.790000 -1.323000  0.529000
     9.790000 -1.058000  0.529000
     9.790000 -0.794000  0.529000
     9.790000 -0.529000  0.529000
     9.790000 -0.265000  0.529000
     9.790000  0.000000  0.529000
     9.790000  0.265000  0.529000
     9.790000  0.529000  0.529000
     9.790000  0.794000  0.529000
     9.790000  1.058000  0.529000
     9.790000  1.323000  0.529000
     9.790000  1.588000  0.529000
     9.790000  1.852000  0.529000
     9.790000  2.117000  0.529000
     9.790000  2.381000  0.529000
     9.790000  2.646000  0.529000
     9.790000  2.910000  0.529000
     9.790000  3.175000  0.529000
     9.790000  3.440000  0.529000
     9.790000  3.704000  0.529000
     9.790000  3.969000  0.529000
     9.790000  4.233000  0.529000
     9.790000  4.498000  0.529000
     9.790000  4.763000  0.529000
     9.790000  5.027000  0.529000
     9.790000  5.292000  0.529000
     9.790000  5.556000  0.529000
     9.790000  5.821000  0.529000
     9.790000  6.086000  0.529000
     9.790000  6.350000  0.529000
     9.790000  6.615000  0.529000
     9.790000  6.879000  0.529000
     9.790000  7.144000  0.529000
     9.790000  7.408000  0.529000
     9.790000  7.673000  0.529000
     9.790000  7.938000  0.529000
     9.790000  8.202000  0.529000
     9.790000  8.467000  0.529000
     9.790000  8.731000  0.529000
     9.790000  8.996000  0.529000
     9.790000  9.261000  0.529000
     9.790000  9.525000  0.529000
     9.790000  9.790000  0.529000
     9.790000  10.054000  0.529000
     9.790000  10.319000  0.529000
     9.790000  10.584000  0.529000
     10.054000 -10.584000  0.529000
     10.054000 -10.319000  0.529000
     10.054000 -10.054000  0.529000
     10.054000 -9.790000  0.529000
     10.054000 -9.525000  0.529000
     10.054000 -9.261000  0.529000
     10.054000 -8.996000  0.529000
     10.054000 -8.731000  0.529000
     10.054000 -8.467000  0.529000
     10.054000 -8.202000  0.529000
     10.054000 -7.938000  0.529000
     10.054000 -7.673000  0.529000
     10.054000 -7.408000  0.529000
     10.054000 -7.144000  0.529000
     10.054000 -6.879000  0.529000
     10.054000 -6.615000  0.529000
     10.054000 -6.350000  0.529000
     10.054000 -6.086000  0.529000
     10.054000 -5.821000  0.529000
     10.054000 -5.556000  0.529000
     10.054000 -5.292000  0.529000
     10.054000 -5.027000  0.529000
     10.054000 -4.763000  0.529000
     10.054000 -4.498000  0.529000
     10.054000 -4.233000  0.529000
     10.054000 -3.969000  0.529000
     10.054000 -3.704000  0.529000
     10.054000 -3.440000  0.529000
     10.054000 -3.175000  0.529000
     10.054000 -2.910000  0.529000
     10.054000 -2.646000  0.529000
     10.054000 -2.381000  0.529000
     10.054000 -2.117000  0.529000
     10.054000 -1.852000  0.529000
     10.054000 -1.588000  0.529000
     10.054000 -1.323000  0.529000
     10.054000 -1.058000  0.529000
     10.054000 -0.794000  0.529000
     10.054000 -0.529000  0.529000
     10.054000 -0.265000  0.529000
     10.054000  0.000000  0.529000
     10.054000  0.265000  0.529000
     10.054000  0.529000  0.529000
     10.054000  0.794000  0.529000
     10.054000  1.058000  0.529000
     10.054000  1.323000  0.529000
     10.054000  1.588000  0.529000
     10.054000  1.852000  0.529000
     10.054000  2.117000  0.529000
     10.054000  2.381000  0.529000
     10.054000  2.646000  0.529000
     10.054000  2.910000  0.529000
     10.054000  3.175000  0.529000
     10.054000  3.440000  0.529000
     10.054000  3.704000  0.529000
     10.054000  3.969000  0.529000
     10.054000  4.233000  0.529000
     10.054000  4.498000  0.529000
     10.054000  4.763000  0.529000
     10.054000  5.027000  0.529000
     10.054000  5.292000  0.529000
     10.054000  5.556000  0.529000
     10.054000  5.821000  0.529000
     10.054000  6.086000  0.529000
     10.054000  6.350000  0.529000
     10.054000  6.615000  0.529000
     10.054000  6.879000  0.529000
     10.054000  7.144000  0.529000
     10.054000  7.408000  0.529000
     10.054000  7.673000  0.529000
     10.054000  7.938000  0.529000
     10.054000  8.202000  0.529000
     10.054000  8.467000  0.529000
     10.054000  8.731000  0.529000
     10.054000  8.996000  0.529000
     10.054000  9.261000  0.529000
     10.054000  9.525000  0.529000
     10.054000  9.790000  0.529000
     10.054000  10.054000  0.529000
     10.054000  10.319000  0.529000
     10.054000  10.584000  0.529000
     10.319000 -10.584000  0.529000
     10.319000 -10.319000  0.529000
     10.319000 -10.054000  0.529000
     10.319000 -9.790000  0.529000
     10.319000 -9.525000  0.529000
     10.319000 -9.261000  0.529000
     10.319000 -8.996000  0.529000
     10.319000 -8.731000  0.529000
     10.319000 -8.467000  0.529000
     10.319000 -8.202000  0.529000
     10.319000 -7.938000  0.529000
     10.319000 -7.673000  0.529000
     10.319000 -7.408000  0.529000
     10.319000 -7.144000  0.529000
     10.319000 -6.879000  0.529000
     10.319000 -6.615000  0.529000
     10.319000 -6.350000  0.529000
     10.319000 -6.086000  0.529000
     10.319000 -5.821000  0.529000
     10.319000 -5.556000  0.529000
     10.319000 -5.292000  0.529000
     10.319000 -5.027000  0.529000
     10.319000 -4.763000  0.529000
     10.319000 -4.498000  0.529000
     10.319000 -4.233000  0.529000
     10.319000 -3.969000  0.529000
     10.319000 -3.704000  0.529000
     10.319000 -3.440000  0.529000
     10.319000 -3.175000  0.529000
     10.319000 -2.910000  0.529000
     10.319000 -2.646000  0.529000
     10.319000 -2.381000  0.529000
     10.319000 -2.117000  0.529000
     10.319000 -1.852000  0.529000
     10.319000 -1.588000  0.529000
     10.319000 -1.323000  0.529000
     10.319000 -1.058000  0.529000
     10.319000 -0.794000  0.529000
     10.319000 -0.529000  0.529000
     10.319000 -0.265000  0.529000
     10.319000  0.000000  0.529000
     10.319000  0.265000  0.529000
     10.319000  0.529000  0.529000
     10.319000  0.794000  0.529000
     10.319000  1.058000  0.529000
     10.319000  1.323000  0.529000
     10.319000  1.588000  0.529000
     10.319000  1.852000  0.529000
     10.319000  2.117000  0.529000
     10.319000  2.381000  0.529000
     10.319000  2.646000  0.529000
     10.319000  2.910000  0.529000
     10.319000  3.175000  0.529000
     10.319000  3.440000  0.529000
     10.319000  3.704000  0.529000
     10.319000  3.969000  0.529000
     10.319000  4.233000  0.529000
     10.319000  4.498000  0.529000
     10.319000  4.763000  0.529000
     10.319000  5.027000  0.529000
     10.319000  5.292000  0.529000
     10.319000  5.556000  0.529000
     10.319000  5.821000  0.529000
     10.319000  6.086000  0.529000
     10.319000  6.350000  0.529000
     10.319000  6.615000  0.529000
     10.319000  6.879000  0.529000
     10.319000  7.144000  0.529000
     10.319000  7.408000  0.529000
     10.319000  7.673000  0.529000
     10.319000  7.938000  0.529000
     10.319000  8.202000  0.529000
     10.319000  8.467000  0.529000
     10.319000  8.731000  0.529000
     10.319000  8.996000  0.529000
     10.319000  9.261000  0.529000
     10.319000  9.525000  0.529000
     10.319000  9.790000  0.529000
     10.319000  10.054000  0.529000
     10.319000  10.319000  0.529000
     10.319000  10.584000  0.529000
     10.584000 -10.584000  0.529000
     10.584000 -10.319000  0.529000
     10.584000 -10.054000  0.529000
     10.584000 -9.790000  0.529000
     10.584000 -9.525000  0.529000
     10.584000 -9.261000  0.529000
     10.584000 -8.996000  0.529000
     10.584000 -8.731000  0.529000
     10.584000 -8.467000  0.529000
     10.584000 -8.202000  0.529000
     10.584000 -7.938000  0.529000
     10.584000 -7.673000  0.529000
     10.584000 -7.408000  0.529000
     10.584000 -7.144000  0.529000
     10.584000 -6.879000  0.529000
     10.584000 -6.615000  0.529000
     10.584000 -6.350000  0.529000
     10.584000 -6.086000  0.529000
     10.584000 -5.821000  0.529000
     10.584000 -5.556000  0.529000
     10.584000 -5.292000  0.529000
     10.584000 -5.027000  0.529000
     10.584000 -4.763000  0.529000
     10.584000 -4.498000  0.529000
     10.584000 -4.233000  0.529000
     10.584000 -3.969000  0.529000
     10.584000 -3.704000  0.529000
     10.584000 -3.440000  0.529000
     10.584000 -3.175000  0.529000
     10.584000 -2.910000  0.529000
     10.584000 -2.646000  0.529000
     10.584000 -2.381000  0.529000
     10.584000 -2.117000  0.529000
     10.584000 -1.852000  0.529000
     10.584000 -1.588000  0.529000
     10.584000 -1.323000  0.529000
     10.584000 -1.058000  0.529000
     10.584000 -0.794000  0.529000
     10.584000 -0.529000  0.529000
     10.584000 -0.265000  0.529000
     10.584000  0.000000  0.529000
     10.584000  0.265000  0.529000
     10.584000  0.529000  0.529000
     10.584000  0.794000  0.529000
     10.584000  1.058000  0.529000
     10.584000  1.323000  0.529000
     10.584000  1.588000  0.529000
     10.584000  1.852000  0.529000
     10.584000  2.117000  0.529000
     10.584000  2.381000  0.529000
     10.584000  2.646000  0.529000
     10.584000  2.910000  0.529000
     10.584000  3.175000  0.529000
     10.584000  3.440000  0.529000
     10.584000  3.704000  0.529000
     10.584000  3.969000  0.529000
     10.584000  4.233000  0.529000
     10.584000  4.498000  0.529000
     10.584000  4.763000  0.529000
     10.584000  5.027000  0.529000
     10.584000  5.292000  0.529000
     10.584000  5.556000  0.529000
     10.584000  5.821000  0.529000
     10.584000  6.086000  0.529000
     10.584000  6.350000  0.529000
     10.584000  6.615000  0.529000
     10.584000  6.879000  0.529000
     10.584000  7.144000  0.529000
     10.584000  7.408000  0.529000
     10.584000  7.673000  0.529000
     10.584000  7.938000  0.529000
     10.584000  8.202000  0.529000
     10.584000  8.467000  0.529000
     10.584000  8.731000  0.529000
     10.584000  8.996000  0.529000
     10.584000  9.261000  0.529000
     10.584000  9.525000  0.529000
     10.584000  9.790000  0.529000
     10.584000  10.054000  0.529000
     10.584000  10.319000  0.529000
     10.584000  10.584000  0.529000

POINT_DATA 6561
VECTORS point_vectors float
    -0.000137  0.000227  0.000026
    -0.000137  0.000227  0.000026
    -0.000137  0.000227  0.000026
    -0.000137  0.000227  0.000026
    -0.000137  0.000227  0.000026
    -0.000137  0.000227  0.000026
    -0.000137  0.000227  0.000026
    -0.000137  0.000227  0.000026
    -0.000137  0.000227  0.000026
    -0.000137  0.000227  0.000026
    -0.000137  0.000227  0.000026
    -0.000137  0.000227  0.000026
    -0.000137  0.000227  0.000026
    -0.000137  0.000227  0.000026
    -0.000137  0.000227  0.000026
    -0.000137  0.000227  0.000026
    -0.000137  0.000227  0.000026
    -0.000137  0.000227  0.000026
    -0.000137  0.000227  0.000026
    -0.000137  0.000227  0.000026
    -0.000137  0.000227  0.000026
    -0.000137  0.000227  0.000026
    -0.000137  0.000227  0.000026
    -0.000137  0.000227  0.000026
    -0.000137  0.000227  0.000026
    -0.000174  0.000459  0.000026
    -0.000189  0.000511  0.000026
    -0.000229  0.000656  0.000026
    -0.000246  0.000713  0.000026
    -0.000256  0.000751  0.000026
    -0.000261  0.000768  0.000026
    -0.000265  0.000779  0.000026
    -0.000266  0.000784  0.000026
    -0.000266  0.000782  0.000026
    -0.000264  0.000775  0.000026
    -0.000253  0.000736  0.000026
    -0.000268  0.000792  0.000026
    -0.000269  0.000795  0.000026
    -0.000269  0.000795  0.000026
    -0.000268  0.000791  0.000026
    -0.000266  0.000785  0.000026
    -0.000263  0.000774  0.000026
    -0.000260  0.000761  0.000026
    -0.000241  0.000692  0.000026
    -0.000246  0.000709  0.000026
    -0.000249  0.000720  0.000026
    -0.000247  0.000713  0.000026
    -0.000243  0.000698  0.000026
    -0.000237  0.000678  0.000026
    -0.000230  0.000652  0.000026
    -0.000218  0.000608  0.000026
    -0.000186  0.000493  0.000026
    -0.000170  0.000440  0.000026
    -0.000147  0.000298  0.000026
    -0.000137  0.000227  0.000026
    -0.000137  0.000227  0.000026
    -0.000137  0.000227  0.000026
    -0.000137  0.000227  0.000026
    -0.000137  0.000227  0.000026
    -0.000137  0.000227  0.000026
    -0.000137  0.000227  0.000026
    -0.000137  0.000227  0.000026
    -0.000137  0.000227  0.000026
    -0.000137  0.000227  0.000026
    -0.000137  0.000227  0.000026
    -0.000137  0.000227  0.000026
    -0.000137  0.000227  0.000026
    -0.000137  0.000227  0.000026
    -0.000137  0.000227  0.000026
    -0.000137  0.000227  0.000026
    -0.000137  0.000227  0.000026
    -0.000137  0.000227  0.000026
    -0.000137  0.000227  0.000026
    -0.000137  0.000227  0.000026
    -0.000137  0.000227  0.000026
    -0.000137  0.000227  0.000026
    -0.000137  0.000227  0.000026
    -0.000137  0.000227  0.000026
    -0.000137  0.000227  0.000026
    -0.000137  0.000227  0.000026
    -0.000137  0.000227  0.000026
    -0.000137  0.000227  0.000026
    -0.000137  0.000227  0.000026
    -0.000137  0.000227  0.000026
    -0.000137  0.000227  0.000026
    -0.000137  0.000227  0.000026
    -0.000137  0.000227  0.000026
    -0.000137  0.000227  0.000026
    -0.000137  0.000227  0.000026
    -0.000137  0.000227  0.000026
    -0.000137  0.000227  0.000026
    -0.000137  0.000227  0.000026
    -0.000137  0.000227  0.000026
    -0.000137  0.000227  0.000026
    -0.000137  0.000227  0.000026
    -0.000137  0.000227  0.000026
    -0.000137  0.000227  0.000026
    -0.000137  0.000227  0.000026
    -0.000137  0.000227  0.000026
    -0.000137  0.000227  0.000026
    -0.000137  0.000227  0.000026
    -0.000137  0.000227  0.000026
    -0.000137  0.000227  0.000026
    -0.000137  0.000227  0.000026
    -0.000175  0.000459  0.000026
    -0.000213  0.000595  0.000026
    -0.000236  0.000677  0.000026
    -0.000256  0.000745  0.000026
    -0.000269  0.000792  0.000026
    -0.000278  0.000820  0.000026
    -0.000283  0.000839  0.000026
    -0.000285  0.000845  0.000026
    -0.000284  0.000842  0.000026
    -0.000282  0.000833  0.000026
    -0.000290  0.000865  0.000026
    -0.000292  0.000871  0.000026
    -0.000295  0.000882  0.000026
    -0.000301  0.000940  0.000026
    -0.000314  0.001129  0.000026
    -0.000322  0.001257  0.000026
    -0.000327  0.001332  0.000026
    -0.000320  0.001243  0.000026
    -0.000308  0.001078  0.000026
    -0.000292  0.000870  0.000026
    -0.000286  0.000847  0.000026
    -0.000279  0.000821  0.000026
    -0.000272  0.000797  0.000026
    -0.000259  0.000748  0.000026
    -0.000261  0.000755  0.000026
    -0.000258  0.000745  0.000026
    -0.000253  0.000727  0.000026
    -0.000246  0.000703  0.000026
    -0.000238  0.000673  0.000026
    -0.000224  0.000624  0.000026
    -0.000205  0.000562  0.000026
    -0.000169  0.000435  0.000026
    -0.000137  0.000227  0.000026
    -0.000137  0.000227  0.000026
    -0.000137  0.000227  0.000026
    -0.000137  0.000227  0.000026
    -0.000137  0.000227  0.000026
    -0.000137  0.000227  0.000026
    -0.000137  0.000227  0.000026
    -0.000137  0.000227  0.000026
    -0.000137  0.000227  0.000026
    -0.000137  0.000227  0.000026
    -0.000137  0.000227  0.000026
    -0.000137  0.000227  0.000026
    -0.000137  0.000227  0.000026
    -0.000137  0.000227  0.000026
    -0.000137  0.000227  0.000026
    -0.000137  0.000227  0.000026
    -0.000137  0.000227  0.000026
    -0.000137  0.000227  0.000026
    -0.000137  0.000227  0.000026
    -0.000137  0.000227  0.000026
    -0.000137  0.000227  0.000026
    -0.000137  0.000227  0.000026
    -0.000137  0.000227  0.000026
    -0.000137  0.000227  0.000026
    -0.000137  0.000227  0.000026
    -0.000137  0.000227  0.000026
    -0.000137  0.000227  0.000026
    -0.000137  0.000227  0.000026
    -0.000137  0.000227  0.000026
    -0.000137  0.000227  0.000026
    -0.000137  0.000227  0.000026
    -0.000137  0.000227  0.000026
    -0.000137  0.000227  0.000026
    -0.000137  0.000227  0.000026
    -0.000137  0.000227  0.000026
    -0.000137  0.000227  0.000026
    -0.000137  0.000227  0.000026
    -0.000137  0.000227  0.000026
    -0.000137  0.000227  0.000026
    -0.000137  0.000227  0.000026
    -0.000137  0.000227  0.000026
    -0.000137  0.000227  0.000026
    -0.000137  0.000227  0.000026
    -0.000137  0.000227  0.000026
    -0.000137  0.000227  0.000026
    -0.000137  0.000227  0.000026
    -0.000137  0.000227  0.000026
    -0.000171  0.000446  0.000026
    -0.000210  0.000581  0.000026
    -0.000234  0.000666  0.000026
    -0.000262  0.000761  0.000026
    -0.000281  0.000828  0.000026
    -0.000290  0.000857  0.000026
    -0.000294  0.000872  0.000026
    -0.000296  0.000877  0.000026
    -0.000295  0.000874  0.000026
    -0.000293  0.000865  0.000026
    -0.000315  0.001100  0.000026
    -0.000318  0.001157  0.000026
    -0.000328  0.001302  0.000026
    -0.000334  0.001399  0.000026
    -0.000331  0.001361  0.000026
    -0.000323  0.001259  0.000026
    -0.000314  0.001139  0.000026
    -0.000299  0.000930  0.000026
    -0.000291  0.000864  0.000026
    -0.000292  0.000865  0.000026
    -0.000302  0.001008  0.000026
    -0.000312  0.001161  0.000026
    -0.000317  0.001240  0.000026
    -0.000312  0.001180  0.000026
    -0.000301  0.001026  0.000026
    -0.000287  0.000843  0.000026
    -0.000283  0.000826  0.000026
    -0.000270  0.000779  0.000026
    -0.000268  0.000773  0.000026
    -0.000265  0.000763  0.000026
    -0.000260  0.000745  0.000026
    -0.000253  0.000718  0.000026
    -0.000240  0.000673  0.000026
    -0.000220  0.000606  0.000026
    -0.000198  0.000533  0.000026
    -0.000180  0.000472  0.000026
    -0.000137  0.000227  0.000026
    -0.000137  0.000227  0.000026
    -0.000137  0.000227  0.000026
    -0.000137  0.000227  0.000026
    -0.000137  0.000227  0.000026
    -0.000137  0.000227  0.000026
    -0.000137  0.000227  0.000026
    -0.000137  0.000227  0.000026
    -0.000137  0.000227  0.000026
    -0.000137  0.000227  0.000026
    -0.000137  0.000227  0.000026
    -0.000137  0.000227  0.000026
    -0.000137  0.000227  0.000026
    -0.000137  0.000227  0.000026
    -0.000137  0.000227  0.000026
    -0.000137  0.000227  0.000026
    -0.000137  0.000227  0.000026
    -0.000137  0.000227  0.000026
    -0.000137  0.000227  0.000026
    -0.000137  0.000227  0.000026
    -0.000137  0.000227  0.000026
    -0.000137  0.000227  0.000026
    -0.000137  0.000227  0.000026
    -0.000137  0.000227  0.000026
    -0.000137  0.000227  0.000026
    -0.000137  0.000227  0.000026
    -0.000137  0.000227  0.000026
    -0.000137  0.000227  0.000026
    -0.000137  0.000227  0.000026
    -0.000137  0.000227  0.000026
    -0.000137  0.000227  0.000026
    -0.000137  0.000227  0.000026
    -0.000137  0.000227  0.000026
    -0.000137  0.000227  0.000026
    -0.000137  0.000227  0.000026
    -0.000137  0.000227  0.000026
    -0.000137  0.000227  0.000026
    -0.000137  0.000227  0.000026
    -0.000137  0.000227  0.000026
    -0.000137  0.000227  0.000026
    -0.000137  0.000227  0.000026
    -0.000137  0.000227  0.000026
    -0.000137  0.000227  0.000026
    -0.000137  0.000227  0.000026
    -0.000198  0.000540  0.000026
    -0.000227  0.000639  0.000026
    -0.000254  0.000731  0.000026
    -0.000278  0.000812  0.000026
    -0.000291  0.000854  0.000026
    -0.000295  0.000866  0.000026
    -0.000296  0.000867  0.000026
    -0.000293  0.000859  0.000026
    -0.000290  0.000846  0.000026
    -0.000313  0.001046  0.000026
    -0.000296  0.000871  0.000026
    -0.000296  0.000872  0.000026
    -0.000292  0.000856  0.000026
    -0.000286  0.000840  0.000026
    -0.000282  0.000827  0.000026
    -0.000278  0.000814  0.000026
    -0.000273  0.000797  0.000026
    -0.000270  0.000786  0.000026
    -0.000270  0.000790  0.000026
    -0.000271  0.000790  0.000026
    -0.000270  0.000788  0.000026
    -0.000269  0.000783  0.000026
    -0.000270  0.000786  0.000026
    -0.000273  0.000794  0.000026
    -0.000275  0.000800  0.000026
    -0.000277  0.000803  0.000026
    -0.000279  0.000807  0.000026
    -0.000280  0.000808  0.000026
    -0.000276  0.000794  0.000026
    -0.000278  0.000800  0.000026
    -0.000265  0.000751  0.000026
    -0.000265  0.000750  0.000026
    -0.000263  0.000743  0.000026
    -0.000257  0.000725  0.000026
    -0.000249  0.000695  0.000026
    -0.000234  0.000647  0.000026
    -0.000211  0.000571  0.000026
    -0.000188  0.000494  0.000026
    -0.000149  0.000314  0.000026
    -0.000137  0.000227  0.000026
    -0.000137  0.000227  0.000026
    -0.000137  0.000227  0.000026
    -0.000137  0.000227  0.000026
    -0.000137  0.000227  0.000026
    -0.000137  0.000227  0.000026
    -0.000137  0.000227  0.000026
    -0.000137  0.000227  0.000026
    -0.000137  0.000227  0.000026
    -0.000137  0.000227  0.000026
    -0.000137  0.000227  0.000026
    -0.000137  0.000227  0.000026
    -0.000137  0.000227  0.000026
    -0.000137  0.000227  0.000026
    -0.000137  0.000227  0.000026
    -0.000137  0.000227  0.000026
    -0.000137  0.000227  0.000026
    -0.000137  0.000227  0.000026
    -0.000137  0.000227  0.000026
    -0.000137  0.000227  0.000026
    -0.000137  0.000227  0.000026
    -0.000137  0.000227  0.000026
    -0.000137  0.000227  0.000026
    -0.000137  0.000227  0.000026
    -0.000137  0.000227  0.000026
    -0.000137  0.000227  0.000026
    -0.000137  0.000227  0.000026
    -0.000137  0.000227  0.000026
    -0.000137  0.000227  0.000026
    -0.000137  0.000227  0.000026
    -0.000137  0.000227  0.000026
    -0.000137  0.000227  0.000026
    -0.000137  0.000227  0.000026
    -0.000137  0.000227  0.000026
    -0.000137  0.000227  0.000026
    -0.000137  0.000227  0.000026
    -0.000137  0.000227  0.000026
    -0.000137  0.000227  0.000026
    -0.000137  0.000227  0.000026
    -0.000137  0.000227  0.000026
    -0.000169  0.000439  0.000026
    -0.000211  0.000581  0.000026
    -0.000239  0.000675  0.000026
    -0.000265  0.000760  0.000026
    -0.000281  0.000814  0.000026
    -0.000289  0.000837  0.000026
    -0.000290  0.000841  0.000026
    -0.000289  0.000833  0.000026
    -0.000284  0.000818  0.000026
    -0.000295  0.000857  0.000026
    -0.000288  0.000834  0.000026
    -0.000279  0.000803  0.000026
    -0.000271  0.000778  0.000026
    -0.000260  0.000743  0.000026
    -0.000250  0.000712  0.000026
    -0.000245  0.000697  0.000026
    -0.000239  0.000676  0.000026
    -0.000234  0.000662  0.000026
    -0.000236  0.000670  0.000026
    -0.000238  0.000675  0.000026
    -0.000240  0.000684  0.000026
    -0.000242  0.000689  0.000026
    -0.000241  0.000685  0.000026
    -0.000238  0.000675  0.000026
    -0.000236  0.000668  0.000026
    -0.000234  0.000660  0.000026
    -0.000236  0.000665  0.000026
    -0.000241  0.000679  0.000026
    -0.000245  0.000688  0.000026
    -0.000251  0.000708  0.000026
    -0.000257  0.000723  0.000026
    -0.000260  0.000729  0.000026
    -0.000264  0.000739  0.000026
    -0.000253  0.000699  0.000026
    -0.000254  0.000703  0.000026
    -0.000254  0.000703  0.000026
    -0.000320  0.000718  0.000026
    -0.000364  0.000719  0.000026
    -0.000346  0.000685  0.000026
    -0.000222  0.000590  0.000026
    -0.000197  0.000518  0.000026
    -0.000162  0.000398  0.000026
    -0.000137  0.000227  0.000026
    -0.000137  0.000227  0.000026
    -0.000137  0.000227  0.000026
    -0.000137  0.000227  0.000026
    -0.000137  0.000227  0.000026
    -0.000137  0.000227  0.000026
    -0.000137  0.000227  0.000026
    -0.000137  0.000227  0.000026
    -0.000137  0.000227  0.000026
    -0.000137  0.000227  0.000026
    -0.000137  0.000227  0.000026
    -0.000137  0.000227  0.000026
    -0.000137  0.000227  0.000026
    -0.000137  0.000227  0.000026
    -0.000137  0.000227  0.000026
    -0.000137  0.000227  0.000026
    -0.000137  0.000227  0.000026
    -0.000137  0.000227  0.000026
    -0.000137  0.000227  0.000026
    -0.000137  0.000227  0.000026
    -0.000137  0.000227  0.000026
    -0.000137  0.000227  0.000026
    -0.000137  0.000227  0.000026
    -0.000137  0.000227  0.000026
    -0.000137  0.000227  0.000026
    -0.000137  0.000227  0.000026
    -0.000137  0.000227  0.000026
    -0.000137  0.000227  0.000026
    -0.000137  0.000227  0.000026
    -0.000137  0.000227  0.000026
    -0.000137  0.000227  0.000026
    -0.000137  0.000227  0.000026
    -0.000137  0.000227  0.000026
    -0.000137  0.000227  0.000026
    -0.000137  0.000227  0.000026
    -0.000137  0.000227  0.000026
    -0.000137  0.000227  0.000026
    -0.000137  0.000227  0.000026
    -0.000177  0.000461  0.000026
    -0.000217  0.000596  0.000026
    -0.000245  0.000688  0.000026
    -0.000224  0.000772  0.000026
    -0.000198  0.000839  0.000026
    -0.000238  0.000836  0.000026
    -0.000283  0.000805  0.000026
    -0.000278  0.000789  0.000026
    -0.000272  0.000766  0.000026
    -0.000280  0.000795  0.000026
    -0.000265  0.000746  0.000026
    -0.000275  0.000787  0.000026
    -0.000260  0.000742  0.000026
    -0.000249  0.000707  0.000026
    -0.000241  0.000684  0.000026
    -0.000233  0.000660  0.000026
    -0.000229  0.000649  0.000026
    -0.000229  0.000649  0.000026
    -0.000225  0.000639  0.000026
    -0.000221  0.000624  0.000026
    -0.000214  0.000601  0.000026
    -0.000207  0.000577  0.000026
    -0.000207  0.000576  0.000026
    -0.000209  0.000584  0.000026
    -0.000212  0.000592  0.000026
    -0.000200  0.000547  0.000026
    -0.000206  0.000565  0.000026
    -0.000209  0.000572  0.000026
    -0.000207  0.000566  0.000026
    -0.000208  0.000567  0.000026
    -0.000214  0.000582  0.000026
    -0.000219  0.000594  0.000026
    -0.000226  0.000609  0.000026
    -0.000236  0.000641  0.000026
    -0.000245  0.000665  0.000026
    -0.000251  0.000682  0.000026
    -0.000241  0.000649  0.000026
    -0.000320  0.000680  0.000026
    -0.000402  0.000706  0.000026
    -0.000388  0.000695  0.000026
    -0.000333  0.000658  0.000026
    -0.000293  0.000607  0.000026
    -0.000199  0.000520  0.000026
    -0.000177  0.000451  0.000026
    -0.000137  0.000227  0.000026
    -0.000137  0.000227  0.000026
    -0.000137  0.000227  0.000026
    -0.000137  0.000227  0.000026
    -0.000137  0.000227  0.000026
    -0.000137  0.000227  0.000026
    -0.000137  0.000227  0.000026
    -0.000137  0.000227  0.000026
    -0.000137  0.000227  0.000026
    -0.000137  0.000227  0.000026
    -0.000137  0.000227  0.000026
    -0.000137  0.000227  0.000026
    -0.000137  0.000227  0.000026
    -0.000137  0.000227  0.000026
    -0.000137  0.000227  0.000026
    -0.000137  0.000227  0.000026
    -0.000137  0.000227  0.000026
    -0.000137  0.000227  0.000026
    -0.000137  0.000227  0.000026
    -0.000137  0.000227  0.000026
    -0.000137  0.000227  0.000026
    -0.000137  0.000227  0.000026
    -0.000137  0.000227  0.000026
    -0.000137  0.000227  0.000026
    -0.000137  0.000227  0.000026
    -0.000137  0.000227  0.000026
    -0.000137  0.000227  0.000026
    -0.000137  0.000227  0.000026
    -0.000137  0.000227  0.000026
    -0.000137  0.000227  0.000026
    -0.000137  0.000227  0.000026
    -0.000137  0.000227  0.000026
    -0.000137  0.000227  0.000026
    -0.000137  0.000227  0.000026
    -0.000137  0.000227  0.000026
    -0.000146  0.000288  0.000026
    -0.000180  0.000470  0.000026
    -0.000219  0.000596  0.000026
    -0.000213  0.000691  0.000026
    -0.000192  0.000770  0.000026
    -0.000164  0.000834  0.000026
    -0.000126  0.000861  0.000026
    -0.000197  0.000806  0.000026
    -0.000267  0.000739  0.000026
    -0.000273  0.000766  0.000026
    -0.000286  0.000811  0.000026
    -0.000267  0.000753  0.000026
    -0.000253  0.000710  0.000026
    -0.000240  0.000672  0.000026
    -0.000226  0.000632  0.000026
    -0.000220  0.000613  0.000026
    -0.000212  0.000589  0.000026
    -0.000202  0.000560  0.000026
    -0.000194  0.000536  0.000026
    -0.000184  0.000506  0.000026
    -0.000179  0.000492  0.000026
    -0.000177  0.000488  0.000026
    -0.000177  0.000488  0.000026
    -0.000176  0.000487  0.000026
    -0.000175  0.000483  0.000026
    -0.000178  0.000494  0.000026
    -0.000181  0.000502  0.000026
    -0.000183  0.000506  0.000026
    -0.000187  0.000517  0.000026
    -0.000193  0.000535  0.000026
    -0.000179  0.000475  0.000026
    -0.000183  0.000486  0.000026
    -0.000187  0.000495  0.000026
    -0.000191  0.000503  0.000026
    -0.000197  0.000518  0.000026
    -0.000204  0.000534  0.000026
    -0.000211  0.000550  0.000026
    -0.000218  0.000565  0.000026
    -0.000274  0.000604  0.000026
    -0.000248  0.000573  0.000026
    -0.000363  0.000620  0.000026
    -0.000334  0.000617  0.000026
    -0.000283  0.000604  0.000026
    -0.000242  0.000582  0.000026
    -0.000232  0.000562  0.000026
    -0.000211  0.000514  0.000026
    -0.000168  0.000418  0.000026
    -0.000137  0.000230  0.000026
    -0.000137  0.000227  0.000026
    -0.000137  0.000227  0.000026
    -0.000137  0.000227  0.000026
    -0.000137  0.000227  0.000026
    -0.000137  0.000227  0.000026
    -0.000137  0.000227  0.000026
    -0.000137  0.000227  0.000026
    -0.000137  0.000227  0.000026
    -0.000137  0.000227  0.000026
    -0.000137  0.000227  0.000026
    -0.000137  0.000227  0.000026
    -0.000137  0.000227  0.000026
    -0.000137  0.000227  0.000026
    -0.000137  0.000227  0.000026
    -0.000137  0.000227  0.000026
    -0.000137  0.000227  0.000026
    -0.000137  0.000227  0.000026
    -0.000137  0.000227  0.000026
    -0.000137  0.000227  0.000026
    -0.000137  0.000227  0.000026
    -0.000137  0.000227  0.000026
    -0.000137  0.000227  0.000026
    -0.000137  0.000227  0.000026
    -0.000137  0.000227  0.000026
    -0.000137  0.000227  0.000026
    -0.000137  0.000227  0.000026
    -0.000137  0.000227  0.000026
    -0.000137  0.000227  0.000026
    -0.000137  0.000227  0.000026
    -0.000137  0.000227  0.000026
    -0.000137  0.000227  0.000026
    -0.000137  0.000227  0.000026
    -0.000149  0.000309  0.000026
    -0.000180  0.000467  0.000026
    -0.000226  0.000576  0.000026
    -0.000247  0.000651  0.000026
    -0.000231  0.000721  0.000026
    -0.000211  0.000778  0.000026
    -0.000178  0.000801  0.000026
    -0.000139  0.000794  0.000026
    -0.000169  0.000824  0.000026
    -0.000206  0.000795  0.000026
    -0.000260  0.000714  0.000026
    -0.000241  0.000656  0.000026
    -0.000220  0.000592  0.000026
    -0.000204  0.000546  0.000026
    -0.000189  0.000506  0.000026
    -0.000177  0.000469  0.000026
    -0.000152  0.000332  0.000026
    -0.000137  0.000227  0.000026
    -0.000137  0.000227  0.000026
    -0.000137  0.000227  0.000026
    -0.000137  0.000227  0.000026
    -0.000137  0.000227  0.000026
    -0.000137  0.000227  0.000026
    -0.000137  0.000227  0.000026
    -0.000137  0.000227  0.000026
    -0.000137  0.000227  0.000026
    -0.000140  0.000247  0.000026
    -0.000149  0.000309  0.000026
    -0.000138  0.000235  0.000026
    -0.000139  0.000244  0.000026
    -0.000148  0.000305  0.000026
    -0.000162  0.000400  0.000026
    -0.000173  0.000468  0.000026
    -0.000154  0.000349  0.000026
    -0.000172  0.000454  0.000026
    -0.000187  0.000494  0.000026
    -0.000193  0.000511  0.000026
    -0.000201  0.000527  0.000026
    -0.000208  0.000542  0.000026
    -0.000217  0.000558  0.000026
    -0.000319  0.000601  0.000026
    -0.000282  0.000554  0.000026
    -0.000337  0.000588  0.000026
    -0.000275  0.000574  0.000026
    -0.000214  0.000553  0.000026
    -0.000169  0.000521  0.000026
    -0.000151  0.000482  0.000026
    -0.000144  0.000449  0.000026
    -0.000166  0.000408  0.000026
    -0.000138  0.000235  0.000026
    -0.000137  0.000227  0.000026
    -0.000137  0.000227  0.000026
    -0.000137  0.000227  0.000026
    -0.000137  0.000227  0.000026
    -0.000137  0.000227  0.000026
    -0.000137  0.000227  0.000026
    -0.000137  0.000227  0.000026
    -0.000137  0.000227  0.000026
    -0.000137  0.000227  0.000026
    -0.000137  0.000227  0.000026
    -0.000137  0.000227  0.000026
    -0.000137  0.000227  0.000026
    -0.000137  0.000227  0.000026
    -0.000137  0.000227  0.000026
    -0.000137  0.000227  0.000026
    -0.000137  0.000227  0.000026
    -0.000137  0.000227  0.000026
    -0.000137  0.000227  0.000026
    -0.000137  0.000227  0.000026
    -0.000137  0.000227  0.000026
    -0.000137  0.000227  0.000026
    -0.000137  0.000227  0.000026
    -0.000137  0.000227  0.000026
    -0.000137  0.000227  0.000026
    -0.000137  0.000227  0.000026
    -0.000137  0.000227  0.000026
    -0.000137  0.000227  0.000026
    -0.000137  0.000227  0.000026
    -0.000137  0.000227  0.000026
    -0.000137  0.000227  0.000026
    -0.000146  0.000293  0.000026
    -0.000178  0.000456  0.000026
    -0.000196  0.000512  0.000026
    -0.000277  0.000605  0.000026
    -0.000270  0.000670  0.000026
    -0.000256  0.000718  0.000026
    -0.000229  0.000740  0.000026
    -0.000187  0.000789  0.000026
    -0.000150  0.000762  0.000026
    -0.000129  0.000776  0.000026
    -0.000232  0.000671  0.000026
    -0.000224  0.000597  0.000026
    -0.000202  0.000533  0.000026
    -0.000181  0.000474  0.000026
    -0.000167  0.000438  0.000026
    -0.000137  0.000227  0.000026
    -0.000137  0.000227  0.000026
    -0.000137  0.000227  0.000026
    -0.000137  0.000227  0.000026
    -0.000137  0.000227  0.000026
    -0.000137  0.000227  0.000026
    -0.000137  0.000227  0.000026
    -0.000137  0.000227  0.000026
    -0.000137  0.000227  0.000026
    -0.000137  0.000227  0.000026
    -0.000137  0.000227  0.000026
    -0.000137  0.000227  0.000026
    -0.000137  0.000227  0.000026
    -0.000137  0.000227  0.000026
    -0.000137  0.000227  0.000026
    -0.000137  0.000227  0.000026
    -0.000137  0.000227  0.000026
    -0.000151  0.000322  0.000026
    -0.000155  0.000352  0.000026
    -0.000179  0.000513  0.000026
    -0.000187  0.000534  0.000026
    -0.000181  0.000506  0.000026
    -0.000199  0.000556  0.000026
    -0.000210  0.000583  0.000026
    -0.000219  0.000601  0.000026
    -0.000229  0.000620  0.000026
    -0.000236  0.000626  0.000026
    -0.000387  0.000622  0.000026
    -0.000366  0.000582  0.000026
    -0.000291  0.000560  0.000026
    -0.000222  0.000540  0.000026
    -0.000158  0.000516  0.000026
    -0.000120  0.000487  0.000026
    -0.000106  0.000451  0.000026
    -0.000104  0.000411  0.000026
    -0.000153  0.000341  0.000026
    -0.000137  0.000227  0.000026
    -0.000137  0.000227  0.000026
    -0.000137  0.000227  0.000026
    -0.000137  0.000227  0.000026
    -0.000137  0.000227  0.000026
    -0.000137  0.000227  0.000026
    -0.000137  0.000227  0.000026
    -0.000137  0.000227  0.000026
    -0.000137  0.000227  0.000026
    -0.000137  0.000227  0.000026
    -0.000137  0.000227  0.000026
    -0.000137  0.000227  0.000026
    -0.000137  0.000227  0.000026
    -0.000137  0.000227  0.000026
    -0.000137  0.000227  0.000026
    -0.000137  0.000227  0.000026
    -0.000137  0.000227  0.000026
    -0.000137  0.000227  0.000026
    -0.000137  0.000227  0.000026
    -0.000137  0.000227  0.000026
    -0.000137  0.000227  0.000026
    -0.000137  0.000227  0.000026
    -0.000137  0.000227  0.000026
    -0.000137  0.000227  0.000026
    -0.000137  0.000227  0.000026
    -0.000137  0.000227  0.000026
    -0.000137  0.000227  0.000026
    -0.000137  0.000227  0.000026
    -0.000137  0.000227  0.000026
    -0.000140  0.000252  0.000026
    -0.000173  0.000439  0.000026
    -0.000190  0.000490  0.000026
    -0.000302  0.000553  0.000026
    -0.000306  0.000616  0.000026
    -0.000295  0.000653  0.000026
    -0.000280  0.000719  0.000026
    -0.000241  0.000730  0.000026
    -0.000196  0.000723  0.000026
    -0.000180  0.000724  0.000026
    -0.000170  0.000649  0.000026
    -0.000212  0.000555  0.000026
    -0.000187  0.000486  0.000026
    -0.000169  0.000438  0.000026
    -0.000137  0.000227  0.000026
    -0.000137  0.000227  0.000026
    -0.000137  0.000227  0.000026
    -0.000137  0.000227  0.000026
    -0.000137  0.000227  0.000026
    -0.000137  0.000227  0.000026
    -0.000137  0.000227  0.000026
    -0.000137  0.000227  0.000026
    -0.000137  0.000227  0.000026
    -0.000137  0.000227  0.000026
    -0.000137  0.000227  0.000026
    -0.000137  0.000227  0.000026
    -0.000137  0.000227  0.000026
    -0.000137  0.000227  0.000026
    -0.000137  0.000227  0.000026
    -0.000137  0.000227  0.000026
    -0.000137  0.000227  0.000026
    -0.000142  0.000265  0.000026
    -0.000158  0.000375  0.000026
    -0.000154  0.000349  0.000026
    -0.000162  0.000402  0.000026
    -0.000177  0.000509  0.000026
    -0.000178  0.000512  0.000026
    -0.000182  0.000537  0.000026
    -0.000186  0.000539  0.000026
    -0.000188  0.000532  0.000026
    -0.000206  0.000578  0.000026
    -0.000218  0.000603  0.000026
    -0.000228  0.000620  0.000026
    -0.000358  0.000683  0.000026
    -0.000438  0.000707  0.000026
    -0.000396  0.000663  0.000026
    -0.000296  0.000622  0.000026
    -0.000170  0.000510  0.000026
    -0.000109  0.000483  0.000026
    -0.000081  0.000455  0.000026
    -0.000066  0.000421  0.000026
    -0.000080  0.000387  0.000026
    -0.000150  0.000320  0.000026
    -0.000137  0.000227  0.000026
    -0.000137  0.000227  0.000026
    -0.000137  0.000227  0.000026
    -0.000137  0.000227  0.000026
    -0.000137  0.000227  0.000026
    -0.000137  0.000227  0.000026
    -0.000137  0.000227  0.000026
    -0.000137  0.000227  0.000026
    -0.000137  0.000227  0.000026
    -0.000137  0.000227  0.000026
    -0.000137  0.000227  0.000026
    -0.000137  0.000227  0.000026
    -0.000137  0.000227  0.000026
    -0.000137  0.000227  0.000026
    -0.000137  0.000227  0.000026
    -0.000137  0.000227  0.000026
    -0.000137  0.000227  0.000026
    -0.000137  0.000227  0.000026
    -0.000137  0.000227  0.000026
    -0.000137  0.000227  0.000026
    -0.000137  0.000227  0.000026
    -0.000137  0.000227  0.000026
    -0.000137  0.000227  0.000026
    -0.000137  0.000227  0.000026
    -0.000137  0.000227  0.000026
    -0.000137  0.000227  0.000026
    -0.000137  0.000227  0.000026
    -0.000146  0.000289  0.000026
    -0.000168  0.000419  0.000026
    -0.000184  0.000466  0.000026
    -0.000320  0.000500  0.000026
    -0.000334  0.000558  0.000026
    -0.000333  0.000546  0.000026
    -0.000324  0.000670  0.000026
    -0.000288  0.000705  0.000026
    -0.000243  0.000686  0.000026
    -0.000207  0.000614  0.000026
    -0.000214  0.000596  0.000026
    -0.000205  0.000531  0.000026
    -0.000181  0.000466  0.000026
    -0.000147  0.000300  0.000026
    -0.000137  0.000227  0.000026
    -0.000137  0.000227  0.000026
    -0.000137  0.000227  0.000026
    -0.000137  0.000227  0.000026
    -0.000137  0.000227  0.000026
    -0.000137  0.000227  0.000026
    -0.000137  0.000227  0.000026
    -0.000137  0.000227  0.000026
    -0.000137  0.000227  0.000026
    -0.000137  0.000227  0.000026
    -0.000137  0.000227  0.000026
    -0.000137  0.000227  0.000026
    -0.000137  0.000227  0.000026
    -0.000137  0.000227  0.000026
    -0.000137  0.000227  0.000026
    -0.000137  0.000227  0.000026
    -0.000137  0.000227  0.000026
    -0.000137  0.000227  0.000026
    -0.000143  0.000269  0.000026
    -0.000159  0.000383  0.000026
    -0.000179  0.000517  0.000026
    -0.000190  0.000596  0.000026
    -0.000183  0.000550  0.000026
    -0.000191  0.000598  0.000026
    -0.000197  0.000609  0.000026
    -0.000197  0.000601  0.000026
    -0.000195  0.000583  0.000026
    -0.000185  0.000534  0.000026
    -0.000205  0.000581  0.000026
    -0.000221  0.000614  0.000026
    -0.000232  0.000631  0.000026
    -0.000437  0.000715  0.000026
    -0.000408  0.000710  0.000026
    -0.000354  0.000662  0.000026
    -0.000244  0.000614  0.000026
    -0.000148  0.000555  0.000026
    -0.000061  0.000449  0.000026
    -0.000044  0.000427  0.000026
    -0.000038  0.000395  0.000026
    -0.000064  0.000366  0.000026
    -0.000146  0.000290  0.000026
    -0.000137  0.000227  0.000026
    -0.000137  0.000227  0.000026
    -0.000137  0.000227  0.000026
    -0.000137  0.000227  0.000026
    -0.000137  0.000227  0.000026
    -0.000137  0.000227  0.000026
    -0.000137  0.000227  0.000026
    -0.000137  0.000227  0.000026
    -0.000137  0.000227  0.000026
    -0.000137  0.000227  0.000026
    -0.000137  0.000227  0.000026
    -0.000137  0.000227  0.000026
    -0.000137  0.000227  0.000026
    -0.000137  0.000227  0.000026
    -0.000137  0.000227  0.000026
    -0.000137  0.000227  0.000026
    -0.000137  0.000227  0.000026
    -0.000137  0.000227  0.000026
    -0.000137  0.000227  0.000026
    -0.000137  0.000227  0.000026
    -0.000137  0.000227  0.000026
    -0.000137  0.000227  0.000026
    -0.000137  0.000227  0.000026
    -0.000137  0.000227  0.000026
    -0.000137  0.000227  0.000026
    -0.000137  0.000227  0.000026
    -0.000167  0.000408  0.000026
    -0.000177  0.000441  0.000026
    -0.000333  0.000449  0.000026
    -0.000356  0.000467  0.000026
    -0.000373  0.000563  0.000026
    -0.000361  0.000632  0.000026
    -0.000334  0.000679  0.000026
    -0.000290  0.000649  0.000026
    -0.000250  0.000574  0.000026
    -0.000253  0.000551  0.000026
    -0.000230  0.000499  0.000026
    -0.000177  0.000449  0.000026
    -0.000137  0.000227  0.000026
    -0.000137  0.000227  0.000026
    -0.000137  0.000227  0.000026
    -0.000137  0.000227  0.000026
    -0.000137  0.000227  0.000026
    -0.000137  0.000227  0.000026
    -0.000137  0.000227  0.000026
    -0.000137  0.000227  0.000026
    -0.000137  0.000227  0.000026
    -0.000137  0.000227  0.000026
    -0.000137  0.000227  0.000026
    -0.000137  0.000227  0.000026
    -0.000137  0.000227  0.000026
    -0.000137  0.000227  0.000026
    -0.000137  0.000227  0.000026
    -0.000146  0.000292  0.000026
    -0.000170  0.000456  0.000026
    -0.000176  0.000499  0.000026
    -0.000167  0.000437  0.000026
    -0.000161  0.000397  0.000026
    -0.000164  0.000417  0.000026
    -0.000156  0.000362  0.000026
    -0.000162  0.000402  0.000026
    -0.000187  0.000573  0.000026
    -0.000198  0.000623  0.000026
    -0.000189  0.000592  0.000026
    -0.000191  0.000599  0.000026
    -0.000196  0.000611  0.000026
    -0.000194  0.000600  0.000026
    -0.000194  0.000588  0.000026
    -0.000195  0.000576  0.000026
    -0.000196  0.000556  0.000026
    -0.000214  0.000590  0.000026
    -0.000230  0.000614  0.000026
    -0.000423  0.000691  0.000026
    -0.000360  0.000690  0.000026
    -0.000310  0.000665  0.000026
    -0.000195  0.000615  0.000026
    -0.000088  0.000539  0.000026
    -0.000040  0.000469  0.000026
     0.000001  0.000390  0.000026
    -0.000017  0.000370  0.000026
    -0.000145  0.000364  0.000026
    -0.000140  0.000246  0.000026
    -0.000137  0.000227  0.000026
    -0.000137  0.000227  0.000026
    -0.000137  0.000227  0.000026
    -0.000137  0.000227  0.000026
    -0.000137  0.000227  0.000026
    -0.000137  0.000227  0.000026
    -0.000137  0.000227  0.000026
    -0.000137  0.000227  0.000026
    -0.000137  0.000227  0.000026
    -0.000137  0.000227  0.000026
    -0.000137  0.000227  0.000026
    -0.000137  0.000227  0.000026
    -0.000137  0.000227  0.000026
    -0.000137  0.000227  0.000026
    -0.000137  0.000227  0.000026
    -0.000137  0.000227  0.000026
    -0.000137  0.000227  0.000026
    -0.000137  0.000227  0.000026
    -0.000137  0.000227  0.000026
    -0.000137  0.000227  0.000026
    -0.000137  0.000227  0.000026
    -0.000137  0.000227  0.000026
    -0.000137  0.000227  0.000026
    -0.000137  0.000227  0.000026
    -0.000160  0.000383  0.000026
    -0.000175  0.000413  0.000026
    -0.000298  0.000380  0.000026
    -0.000366  0.000400  0.000026
    -0.000398  0.000518  0.000026
    -0.000390  0.000591  0.000026
    -0.000375  0.000644  0.000026
    -0.000336  0.000619  0.000026
    -0.000293  0.000548  0.000026
    -0.000290  0.000517  0.000026
    -0.000272  0.000466  0.000026
    -0.000176  0.000443  0.000026
    -0.000137  0.000227  0.000026
    -0.000137  0.000227  0.000026
    -0.000137  0.000227  0.000026
    -0.000137  0.000227  0.000026
    -0.000137  0.000227  0.000026
    -0.000137  0.000227  0.000026
    -0.000137  0.000227  0.000026
    -0.000137  0.000227  0.000026
    -0.000137  0.000227  0.000026
    -0.000137  0.000227  0.000026
    -0.000137  0.000227  0.000026
    -0.000137  0.000227  0.000026
    -0.000166  0.000431  0.000026
    -0.000189  0.000530  0.000026
    -0.000200  0.000550  0.000026
    -0.000211  0.000573  0.000026
    -0.000216  0.000579  0.000026
    -0.000217  0.000579  0.000026
    -0.000217  0.000580  0.000026
    -0.000214  0.000580  0.000026
    -0.000208  0.000574  0.000026
    -0.000205  0.000580  0.000026
    -0.000195  0.000568  0.000026
    -0.000183  0.000550  0.000026
    -0.000146  0.000291  0.000026
    -0.000152  0.000332  0.000026
    -0.000169  0.000452  0.000026
    -0.000175  0.000491  0.000026
    -0.000175  0.000495  0.000026
    -0.000183  0.000545  0.000026
    -0.000182  0.000539  0.000026
    -0.000186  0.000565  0.000026
    -0.000187  0.000552  0.000026
    -0.000187  0.000525  0.000026
    -0.000203  0.000544  0.000026
    -0.000292  0.000592  0.000026
    -0.000342  0.000625  0.000026
    -0.000277  0.000631  0.000026
    -0.000227  0.000625  0.000026
    -0.000118  0.000586  0.000026
    -0.000033  0.000523  0.000026
     0.000001  0.000455  0.000026
     0.000022  0.000405  0.000026
    -0.000004  0.000344  0.000026
    -0.000122  0.000347  0.000026
    -0.000137  0.000227  0.000026
    -0.000137  0.000227  0.000026
    -0.000137  0.000227  0.000026
    -0.000137  0.000227  0.000026
    -0.000137  0.000227  0.000026
    -0.000137  0.000227  0.000026
    -0.000137  0.000227  0.000026
    -0.000137  0.000227  0.000026
    -0.000137  0.000227  0.000026
    -0.000137  0.000227  0.000026
    -0.000137  0.000227  0.000026
    -0.000137  0.000227  0.000026
    -0.000137  0.000227  0.000026
    -0.000137  0.000227  0.000026
    -0.000137  0.000227  0.000026
    -0.000137  0.000227  0.000026
    -0.000137  0.000227  0.000026
    -0.000137  0.000227  0.000026
    -0.000137  0.000227  0.000026
    -0.000137  0.000227  0.000026
    -0.000137  0.000227  0.000026
    -0.000137  0.000227  0.000026
    -0.000137  0.000227  0.000026
    -0.000143  0.000270  0.000026
    -0.000328  0.000319  0.000026
    -0.000296  0.000354  0.000026
    -0.000368  0.000351  0.000026
    -0.000413  0.000470  0.000026
    -0.000428  0.000552  0.000026
    -0.000410  0.000604  0.000026
    -0.000381  0.000588  0.000026
    -0.000336  0.000526  0.000026
    -0.000326  0.000488  0.000026
    -0.000295  0.000461  0.000026
    -0.000181  0.000453  0.000026
    -0.000138  0.000236  0.000026
    -0.000137  0.000227  0.000026
    -0.000137  0.000227  0.000026
    -0.000137  0.000227  0.000026
    -0.000137  0.000227  0.000026
    -0.000137  0.000227  0.000026
    -0.000137  0.000227  0.000026
    -0.000137  0.000227  0.000026
    -0.000137  0.000227  0.000026
    -0.000137  0.000227  0.000026
    -0.000137  0.000227  0.000026
    -0.000137  0.000227  0.000026
    -0.000172  0.000467  0.000026
    -0.000183  0.000486  0.000026
    -0.000192  0.000502  0.000026
    -0.000207  0.000538  0.000026
    -0.000217  0.000556  0.000026
    -0.000224  0.000571  0.000026
    -0.000228  0.000579  0.000026
    -0.000224  0.000568  0.000026
    -0.000212  0.000531  0.000026
    -0.000211  0.000545  0.000026
    -0.000198  0.000519  0.000026
    -0.000189  0.000507  0.000026
    -0.000185  0.000516  0.000026
    -0.000179  0.000518  0.000026
    -0.000159  0.000382  0.000026
    -0.000158  0.000374  0.000026
    -0.000182  0.000543  0.000026
    -0.000191  0.000601  0.000026
    -0.000185  0.000562  0.000026
    -0.000189  0.000591  0.000026
    -0.000195  0.000618  0.000026
    -0.000160  0.000389  0.000026
    -0.000170  0.000457  0.000026
    -0.000178  0.000490  0.000026
    -0.000191  0.000495  0.000026
    -0.000316  0.000550  0.000026
    -0.000259  0.000556  0.000026
    -0.000233  0.000559  0.000026
    -0.000123  0.000552  0.000026
    -0.000023  0.000527  0.000026
     0.000025  0.000490  0.000026
     0.000058  0.000427  0.000026
     0.000045  0.000383  0.000026
    -0.000061  0.000331  0.000026
    -0.000118  0.000332  0.000026
    -0.000137  0.000227  0.000026
    -0.000137  0.000227  0.000026
    -0.000137  0.000227  0.000026
    -0.000137  0.000227  0.000026
    -0.000137  0.000227  0.000026
    -0.000137  0.000227  0.000026
    -0.000137  0.000227  0.000026
    -0.000137  0.000227  0.000026
    -0.000137  0.000227  0.000026
    -0.000137  0.000227  0.000026
    -0.000137  0.000227  0.000026
    -0.000137  0.000227  0.000026
    -0.000137  0.000227  0.000026
    -0.000137  0.000227  0.000026
    -0.000137  0.000227  0.000026
    -0.000137  0.000227  0.000026
    -0.000137  0.000227  0.000026
    -0.000137  0.000227  0.000026
    -0.000137  0.000227  0.000026
    -0.000137  0.000227  0.000026
    -0.000137  0.000227  0.000026
    -0.000137  0.000227  0.000026
    -0.000298  0.000300  0.000026
    -0.000259  0.000326  0.000026
    -0.000323  0.000295  0.000026
    -0.000419  0.000421  0.000026
    -0.000451  0.000503  0.000026
    -0.000444  0.000563  0.000026
    -0.000418  0.000554  0.000026
    -0.000379  0.000503  0.000026
    -0.000327  0.000447  0.000026
    -0.000319  0.000457  0.000026
    -0.000237  0.000416  0.000026
    -0.000150  0.000315  0.000026
    -0.000137  0.000227  0.000026
    -0.000137  0.000227  0.000026
    -0.000137  0.000227  0.000026
    -0.000137  0.000227  0.000026
    -0.000137  0.000227  0.000026
    -0.000137  0.000227  0.000026
    -0.000137  0.000227  0.000026
    -0.000137  0.000227  0.000026
    -0.000137  0.000227  0.000026
    -0.000137  0.000227  0.000026
    -0.000144  0.000276  0.000026
    -0.000183  0.000469  0.000026
    -0.000200  0.000497  0.000026
    -0.000218  0.000536  0.000026
    -0.000227  0.000553  0.000026
    -0.000225  0.000549  0.000026
    -0.000214  0.000522  0.000026
    -0.000203  0.000490  0.000026
    -0.000220  0.000546  0.000026
    -0.000213  0.000525  0.000026
    -0.000214  0.000525  0.000026
    -0.000220  0.000538  0.000026
    -0.000219  0.000532  0.000026
    -0.000205  0.000496  0.000026
    -0.000193  0.000480  0.000026
    -0.000187  0.000485  0.000026
    -0.000180  0.000505  0.000026
    -0.000142  0.000260  0.000026
    -0.000140  0.000246  0.000026
    -0.000169  0.000447  0.000026
    -0.000192  0.000607  0.000026
    -0.000195  0.000626  0.000026
    -0.000184  0.000552  0.000026
    -0.000177  0.000508  0.000026
    -0.000189  0.000582  0.000026
    -0.000186  0.000556  0.000026
    -0.000186  0.000513  0.000026
    -0.000178  0.000436  0.000026
    -0.000238  0.000482  0.000026
    -0.000171  0.000483  0.000026
    -0.000128  0.000485  0.000026
    -0.000011  0.000474  0.000026
     0.000069  0.000459  0.000026
     0.000100  0.000435  0.000026
     0.000096  0.000392  0.000026
     0.000062  0.000363  0.000026
    -0.000043  0.000307  0.000026
    -0.000005  0.000243  0.000026
    -0.000137  0.000227  0.000026
    -0.000137  0.000227  0.000026
    -0.000137  0.000227  0.000026
    -0.000137  0.000227  0.000026
    -0.000137  0.000227  0.000026
    -0.000137  0.000227  0.000026
    -0.000137  0.000227  0.000026
    -0.000137  0.000227  0.000026
    -0.000137  0.000227  0.000026
    -0.000137  0.000227  0.000026
    -0.000137  0.000227  0.000026
    -0.000137  0.000227  0.000026
    -0.000137  0.000227  0.000026
    -0.000137  0.000227  0.000026
    -0.000137  0.000227  0.000026
    -0.000137  0.000227  0.000026
    -0.000137  0.000227  0.000026
    -0.000137  0.000227  0.000026
    -0.000137  0.000227  0.000026
    -0.000137  0.000227  0.000026
    -0.000215  0.000215  0.000026
    -0.000367  0.000255  0.000026
    -0.000315  0.000277  0.000026
    -0.000418  0.000372  0.000026
    -0.000460  0.000451  0.000026
    -0.000481  0.000519  0.000026
    -0.000446  0.000524  0.000026
    -0.000418  0.000482  0.000026
    -0.000370  0.000452  0.000026
    -0.000352  0.000447  0.000026
    -0.000318  0.000372  0.000026
    -0.000161  0.000391  0.000026
    -0.000137  0.000227  0.000026
    -0.000137  0.000227  0.000026
    -0.000137  0.000227  0.000026
    -0.000137  0.000227  0.000026
    -0.000137  0.000227  0.000026
    -0.000137  0.000227  0.000026
    -0.000137  0.000227  0.000026
    -0.000137  0.000227  0.000026
    -0.000137  0.000227  0.000026
    -0.000164  0.000414  0.000026
    -0.000199  0.000531  0.000026
    -0.000218  0.000549  0.000026
    -0.000234  0.000569  0.000026
    -0.000242  0.000580  0.000026
    -0.000238  0.000561  0.000026
    -0.000223  0.000514  0.000026
    -0.000238  0.000558  0.000026
    -0.000238  0.000549  0.000026
    -0.000227  0.000516  0.000026
    -0.000219  0.000503  0.000026
    -0.000225  0.000520  0.000026
    -0.000223  0.000505  0.000026
    -0.000214  0.000481  0.000026
    -0.000211  0.000478  0.000026
    -0.000208  0.000470  0.000026
    -0.000203  0.000459  0.000026
    -0.000192  0.000445  0.000026
    -0.000182  0.000439  0.000026
    -0.000167  0.000433  0.000026
    -0.000137  0.000227  0.000026
    -0.000137  0.000227  0.000026
    -0.000137  0.000227  0.000026
    -0.000137  0.000227  0.000026
    -0.000154  0.000347  0.000026
    -0.000158  0.000371  0.000026
    -0.000153  0.000339  0.000026
    -0.000161  0.000394  0.000026
    -0.000182  0.000531  0.000026
    -0.000179  0.000474  0.000026
    -0.000186  0.000455  0.000026
    -0.000187  0.000477  0.000026
    -0.000139  0.000416  0.000026
    -0.000016  0.000406  0.000026
     0.000087  0.000400  0.000026
     0.000141  0.000396  0.000026
     0.000170  0.000371  0.000026
     0.000122  0.000356  0.000026
     0.000006  0.000358  0.000026
    -0.000005  0.000318  0.000026
     0.000008  0.000186  0.000026
    -0.000137  0.000227  0.000026
    -0.000137  0.000227  0.000026
    -0.000137  0.000227  0.000026
    -0.000137  0.000227  0.000026
    -0.000137  0.000227  0.000026
    -0.000137  0.000227  0.000026
    -0.000137  0.000227  0.000026
    -0.000137  0.000227  0.000026
    -0.000137  0.000227  0.000026
    -0.000137  0.000227  0.000026
    -0.000137  0.000227  0.000026
    -0.000137  0.000227  0.000026
    -0.000137  0.000227  0.000026
    -0.000137  0.000227  0.000026
    -0.000137  0.000227  0.000026
    -0.000137  0.000227  0.000026
    -0.000137  0.000227  0.000026
    -0.000137  0.000227  0.000026
    -0.000137  0.000227  0.000026
    -0.000372  0.000233  0.000026
    -0.000383  0.000236  0.000026
    -0.000352  0.000270  0.000026
    -0.000461  0.000397  0.000026
    -0.000499  0.000468  0.000026
    -0.000494  0.000494  0.000026
    -0.000448  0.000468  0.000026
    -0.000411  0.000442  0.000026
    -0.000351  0.000407  0.000026
    -0.000345  0.000360  0.000026
    -0.000171  0.000393  0.000026
    -0.000137  0.000227  0.000026
    -0.000137  0.000227  0.000026
    -0.000137  0.000227  0.000026
    -0.000137  0.000227  0.000026
    -0.000137  0.000227  0.000026
    -0.000137  0.000227  0.000026
    -0.000137  0.000227  0.000026
    -0.000137  0.000227  0.000026
    -0.000185  0.000534  0.000026
    -0.000211  0.000593  0.000026
    -0.000252  0.000676  0.000026
    -0.000279  0.000705  0.000026
    -0.000337  0.001493  0.000026
    -0.000353  0.001754  0.000026
    -0.000321  0.001327  0.000026
    -0.000319  0.001307  0.000026
    -0.000294  0.000951  0.000026
    -0.000258  0.000602  0.000026
    -0.000230  0.000541  0.000026
    -0.000213  0.000487  0.000026
    -0.000209  0.000466  0.000026
    -0.000185  0.000385  0.000026
    -0.000184  0.000382  0.000026
    -0.000199  0.000406  0.000026
    -0.000205  0.000404  0.000026
    -0.000204  0.000395  0.000026
    -0.000209  0.000403  0.000026
    -0.000202  0.000387  0.000026
    -0.000184  0.000358  0.000026
    -0.000168  0.000353  0.000026
    -0.000155  0.000351  0.000026
    -0.000137  0.000227  0.000026
    -0.000137  0.000227  0.000026
    -0.000137  0.000227  0.000026
    -0.000137  0.000227  0.000026
    -0.000137  0.000227  0.000026
    -0.000137  0.000227  0.000026
    -0.000137  0.000227  0.000026
    -0.000137  0.000227  0.000026
    -0.000153  0.000337  0.000026
    -0.000165  0.000407  0.000026
    -0.000181  0.000398  0.000026
    -0.000105  0.000422  0.000026
    -0.000056  0.000403  0.000026
     0.000087  0.000330  0.000026
     0.000165  0.000335  0.000026
     0.000231  0.000321  0.000026
     0.000206  0.000318  0.000026
     0.000136  0.000318  0.000026
     0.000044  0.000324  0.000026
     0.000087  0.000258  0.000026
    -0.000064  0.000206  0.000026
    -0.000137  0.000227  0.000026
    -0.000137  0.000227  0.000026
    -0.000137  0.000227  0.000026
    -0.000137  0.000227  0.000026
    -0.000137  0.000227  0.000026
    -0.000137  0.000227  0.000026
    -0.000137  0.000227  0.000026
    -0.000137  0.000227  0.000026
    -0.000137  0.000227  0.000026
    -0.000137  0.000227  0.000026
    -0.000137  0.000227  0.000026
    -0.000137  0.000227  0.000026
    -0.000137  0.000227  0.000026
    -0.000137  0.000227  0.000026
    -0.000137  0.000227  0.000026
    -0.000137  0.000227  0.000026
    -0.000137  0.000227  0.000026
    -0.000270  0.000162  0.000026
    -0.000384  0.000154  0.000026
    -0.000401  0.000237  0.000026
    -0.000407  0.000335  0.000026
    -0.000502  0.000412  0.000026
    -0.000524  0.000450  0.000026
    -0.000489  0.000448  0.000026
    -0.000442  0.000427  0.000026
    -0.000400  0.000391  0.000026
    -0.000382  0.000354  0.000026
    -0.000270  0.000252  0.000026
    -0.000137  0.000227  0.000026
    -0.000137  0.000227  0.000026
    -0.000137  0.000227  0.000026
    -0.000137  0.000227  0.000026
    -0.000137  0.000227  0.000026
    -0.000137  0.000227  0.000026
    -0.000137  0.000227  0.000026
    -0.000202  0.000611  0.000026
    -0.000233  0.000675  0.000026
    -0.000256  0.000713  0.000026
    -0.000279  0.000746  0.000026
    -0.000350  0.001649  0.000026
    -0.000349  0.002443  0.000026
    -0.000395  0.002397  0.000026
    -0.000403  0.002538  0.000026
    -0.000374  0.002151  0.000026
    -0.000338  0.001637  0.000026
    -0.000276  0.000752  0.000026
    -0.000245  0.000576  0.000026
    -0.000235  0.000574  0.000026
    -0.000229  0.000567  0.000026
    -0.000223  0.000554  0.000026
    -0.000208  0.000493  0.000026
    -0.000201  0.000459  0.000026
    -0.000199  0.000421  0.000026
    -0.000195  0.000359  0.000026
    -0.000181  0.000274  0.000026
    -0.000189  0.000279  0.000026
    -0.000191  0.000284  0.000026
    -0.000311  0.000333  0.000026
    -0.000282  0.000349  0.000026
    -0.000173  0.000350  0.000026
    -0.000161  0.000389  0.000026
    -0.000137  0.000227  0.000026
    -0.000137  0.000227  0.000026
    -0.000137  0.000227  0.000026
    -0.000182  0.000205  0.000026
    -0.000137  0.000227  0.000026
    -0.000137  0.000227  0.000026
    -0.000137  0.000227  0.000026
    -0.000137  0.000227  0.000026
    -0.000137  0.000227  0.000026
    -0.000155  0.000350  0.000026
    -0.000103  0.000348  0.000026
    -0.000056  0.000345  0.000026
     0.000076  0.000311  0.000026
     0.000175  0.000265  0.000026
     0.000271  0.000258  0.000026
     0.000285  0.000260  0.000026
     0.000224  0.000273  0.000026
     0.000093  0.000308  0.000026
     0.000152  0.000250  0.000026
     0.000098  0.000223  0.000026
    -0.000137  0.000227  0.000026
    -0.000137  0.000227  0.000026
    -0.000137  0.000227  0.000026
    -0.000137  0.000227  0.000026
    -0.000137  0.000227  0.000026
    -0.000137  0.000227  0.000026
    -0.000137  0.000227  0.000026
    -0.000137  0.000227  0.000026
    -0.000137  0.000227  0.000026
    -0.000137  0.000227  0.000026
    -0.000137  0.000227  0.000026
    -0.000137  0.000227  0.000026
    -0.000137  0.000227  0.000026
    -0.000137  0.000227  0.000026
    -0.000137  0.000227  0.000026
    -0.000137  0.000227  0.000026
    -0.000137  0.000227  0.000026
    -0.000339  0.000128  0.000026
    -0.000415  0.000203  0.000026
    -0.000457  0.000285  0.000026
    -0.000495  0.000357  0.000026
    -0.000536  0.000403  0.000026
    -0.000535  0.000422  0.000026
    -0.000480  0.000414  0.000026
    -0.000434  0.000377  0.000026
    -0.000388  0.000290  0.000026
    -0.000382  0.000244  0.000026
    -0.000137  0.000227  0.000026
    -0.000137  0.000227  0.000026
    -0.000137  0.000227  0.000026
    -0.000137  0.000227  0.000026
    -0.000137  0.000227  0.000026
    -0.000137  0.000227  0.000026
    -0.000191  0.000587  0.000026
    -0.000222  0.000639  0.000026
    -0.000248  0.000718  0.000026
    -0.000270  0.000735  0.000026
    -0.000298  0.000874  0.000026
    -0.000353  0.001780  0.000026
    -0.000191  0.002302  0.000026
    -0.000234  0.001946  0.000026
    -0.000366  0.002024  0.000026
    -0.000350  0.001816  0.000026
    -0.000289  0.000932  0.000026
    -0.000251  0.000551  0.000026
    -0.000233  0.000526  0.000026
    -0.000227  0.000511  0.000026
    -0.000232  0.000528  0.000026
    -0.000220  0.000560  0.000026
    -0.000215  0.000604  0.000026
    -0.000211  0.000526  0.000026
    -0.000205  0.000431  0.000026
    -0.000193  0.000397  0.000026
    -0.000184  0.000353  0.000026
    -0.000178  0.000293  0.000026
    -0.000176  0.000243  0.000026
    -0.000177  0.000200  0.000026
    -0.000307  0.000211  0.000026
    -0.000475  0.000304  0.000026
    -0.000404  0.000350  0.000026
    -0.000179  0.000364  0.000026
    -0.000170  0.000408  0.000026
    -0.000137  0.000229  0.000026
    -0.000137  0.000227  0.000026
    -0.000137  0.000227  0.000026
    -0.000353  0.000121  0.000026
    -0.000432  0.000082  0.000026
    -0.000137  0.000227  0.000026
    -0.000137  0.000227  0.000026
    -0.000137  0.000227  0.000026
    -0.000137  0.000227  0.000026
    -0.000142  0.000261  0.000026
    -0.000013  0.000290  0.000026
     0.000049  0.000284  0.000026
     0.000161  0.000257  0.000026
     0.000272  0.000229  0.000026
     0.000347  0.000191  0.000026
     0.000306  0.000213  0.000026
     0.000145  0.000269  0.000026
     0.000208  0.000225  0.000026
     0.000189  0.000204  0.000026
     0.000079  0.000171  0.000026
    -0.000137  0.000227  0.000026
    -0.000137  0.000227  0.000026
    -0.000137  0.000227  0.000026
    -0.000137  0.000227  0.000026
    -0.000137  0.000227  0.000026
    -0.000137  0.000227  0.000026
    -0.000137  0.000227  0.000026
    -0.000137  0.000227  0.000026
    -0.000137  0.000227  0.000026
    -0.000137  0.000227  0.000026
    -0.000137  0.000227  0.000026
    -0.000137  0.000227  0.000026
    -0.000137  0.000227  0.000026
    -0.000137  0.000227  0.000026
    -0.000137  0.000227  0.000026
    -0.000139  0.000226  0.000026
    -0.000404  0.000109  0.000026
    -0.000436  0.000201  0.000026
    -0.000452  0.000302  0.000026
    -0.000533  0.000352  0.000026
    -0.000558  0.000379  0.000026
    -0.000531  0.000388  0.000026
    -0.000463  0.000364  0.000026
    -0.000424  0.000265  0.000026
    -0.000421  0.000251  0.000026
    -0.000297  0.000193  0.000026
    -0.000137  0.000227  0.000026
    -0.000137  0.000227  0.000026
    -0.000137  0.000227  0.000026
    -0.000139  0.000241  0.000026
    -0.000150  0.000319  0.000026
    -0.000196  0.000611  0.000026
    -0.000232  0.000664  0.000026
    -0.000255  0.000707  0.000026
    -0.000283  0.000779  0.000026
    -0.000284  0.001208  0.000026
    -0.000320  0.001219  0.000026
    -0.000120  0.001331  0.000026
    -0.000038  0.001112  0.000026
    -0.000110  0.001500  0.000026
    -0.000263  0.000529  0.000026
    -0.000243  0.000543  0.000026
    -0.000233  0.000563  0.000026
    -0.000224  0.000565  0.000026
    -0.000219  0.000546  0.000026
    -0.000220  0.000561  0.000026
    -0.000158  0.000890  0.000026
     0.000777  0.000244  0.000026
    -0.000074  0.000116  0.000026
    -0.001061  0.000052  0.000026
    -0.000181  0.000534  0.000026
    -0.000165  0.000368  0.000026
    -0.000151  0.000325  0.000026
    -0.000144  0.000276  0.000026
    -0.000142  0.000245  0.000026
    -0.000143  0.000177  0.000026
    -0.000146  0.000109  0.000026
    -0.000509  0.000234  0.000026
    -0.000517  0.000262  0.000026
    -0.000360  0.000326  0.000026
    -0.000179  0.000378  0.000026
    -0.000172  0.000391  0.000026
    -0.000160  0.000385  0.000026
    -0.000137  0.000227  0.000026
    -0.000137  0.000227  0.000026
    -0.000403  0.000097  0.000026
    -0.000410  0.000093  0.000026
    -0.000137  0.000227  0.000026
    -0.000137  0.000227  0.000026
    -0.000137  0.000227  0.000026
    -0.000137  0.000227  0.000026
    -0.000018  0.000194  0.000026
     0.000017  0.000249  0.000026
     0.000130  0.000237  0.000026
     0.000246  0.000212  0.000026
     0.000382  0.000158  0.000026
     0.000381  0.000127  0.000026
     0.000307  0.000177  0.000026
     0.000248  0.000183  0.000026
     0.000264  0.000170  0.000026
     0.000180  0.000168  0.000026
    -0.000137  0.000227  0.000026
    -0.000137  0.000227  0.000026
    -0.000137  0.000227  0.000026
    -0.000137  0.000227  0.000026
    -0.000137  0.000227  0.000026
    -0.000137  0.000227  0.000026
    -0.000137  0.000227  0.000026
    -0.000137  0.000227  0.000026
    -0.000137  0.000227  0.000026
    -0.000137  0.000227  0.000026
    -0.000137  0.000227  0.000026
    -0.000137  0.000227  0.000026
    -0.000137  0.000227  0.000026
    -0.000137  0.000227  0.000026
    -0.000137  0.000227  0.000026
    -0.000308  0.000143  0.000026
    -0.000435  0.000127  0.000026
    -0.000507  0.000238  0.000026
    -0.000482  0.000301  0.000026
    -0.000562  0.000330  0.000026
    -0.000578  0.000356  0.000026
    -0.000520  0.000314  0.000026
    -0.000446  0.000269  0.000026
    -0.000418  0.000245  0.000026
    -0.000407  0.000247  0.000026
    -0.000220  0.000267  0.000026
    -0.000137  0.000227  0.000026
    -0.000137  0.000227  0.000026
    -0.000157  0.000368  0.000026
    -0.000179  0.000519  0.000026
    -0.000209  0.000659  0.000026
    -0.000239  0.000687  0.000026
    -0.000258  0.000694  0.000026
    -0.000280  0.000754  0.000026
    -0.000228  0.000745  0.000026
    -0.000187  0.000681  0.000026
    -0.000163  0.000613  0.000026
     0.000150  0.000767  0.000026
     0.000122  0.000675  0.000026
    -0.000214  0.000435  0.000026
    -0.000220  0.000499  0.000026
    -0.000219  0.000570  0.000026
    -0.000212  0.000590  0.000026
    -0.000207  0.000584  0.000026
    -0.000200  0.000525  0.000026
     0.000463  0.000624  0.000026
     0.002815 -0.000124  0.000025
     0.002711 -0.000744  0.000025
     0.000717 -0.002758  0.000025
    -0.001865 -0.001407  0.000026
    -0.002839 -0.000571  0.000026
    -0.000614  0.000263  0.000026
    -0.000147  0.000298  0.000026
    -0.000137  0.000230  0.000026
    -0.000137  0.000227  0.000026
    -0.000137  0.000227  0.000026
    -0.000137  0.000210  0.000026
    -0.000185  0.000102  0.000026
    -0.000554  0.000237  0.000026
    -0.000421  0.000217  0.000026
    -0.000180  0.000279  0.000026
    -0.000167  0.000326  0.000026
    -0.000172  0.000409  0.000026
    -0.000165  0.000423  0.000026
    -0.000137  0.000227  0.000026
    -0.000137  0.000227  0.000026
    -0.000395  0.000101  0.000026
    -0.000318  0.000138  0.000026
    -0.000137  0.000227  0.000026
    -0.000137  0.000227  0.000026
    -0.000137  0.000227  0.000026
    -0.000137  0.000227  0.000026
    -0.000015  0.000194  0.000026
     0.000100  0.000203  0.000026
     0.000199  0.000196  0.000026
     0.000366  0.000142  0.000026
     0.000441  0.000113  0.000026
     0.000381  0.000090  0.000026
     0.000249  0.000170  0.000026
     0.000314  0.000125  0.000026
     0.000274  0.000135  0.000026
     0.000122  0.000163  0.000026
    -0.000137  0.000227  0.000026
    -0.000137  0.000227  0.000026
    -0.000137  0.000227  0.000026
    -0.000137  0.000227  0.000026
    -0.000137  0.000227  0.000026
    -0.000137  0.000227  0.000026
    -0.000137  0.000227  0.000026
    -0.000137  0.000227  0.000026
    -0.000137  0.000227  0.000026
    -0.000137  0.000227  0.000026
    -0.000137  0.000227  0.000026
    -0.000137  0.000227  0.000026
    -0.000137  0.000227  0.000026
    -0.000137  0.000227  0.000026
    -0.000411  0.000101  0.000026
    -0.000465  0.000157  0.000026
    -0.000542  0.000232  0.000026
    -0.000504  0.000284  0.000026
    -0.000590  0.000311  0.000026
    -0.000571  0.000280  0.000026
    -0.000500  0.000257  0.000026
    -0.000424  0.000245  0.000026
    -0.000403  0.000247  0.000026
    -0.000391  0.000266  0.000026
    -0.000152  0.000329  0.000026
    -0.000164  0.000415  0.000026
    -0.000178  0.000511  0.000026
    -0.000202  0.000636  0.000026
    -0.000215  0.000699  0.000026
    -0.000233  0.000687  0.000026
    -0.000185  0.000694  0.000026
    -0.000013  0.000826  0.000026
    -0.000258  0.000652  0.000026
    -0.000093  0.000649  0.000026
    -0.000063  0.000595  0.000026
     0.000054  0.000668  0.000026
     0.000144  0.000605  0.000026
     0.000041  0.000489  0.000026
    -0.000189  0.000392  0.000026
    -0.000214  0.000570  0.000026
    -0.000216  0.000636  0.000026
    -0.000210  0.000632  0.000026
    -0.000192  0.000524  0.000026
    -0.000220  0.000765  0.000026
     0.002839  0.000038  0.000025
     0.007002 -0.002627  0.000025
     0.006286 -0.008934  0.000024
     0.002073 -0.010426  0.000025
    -0.003589 -0.007050  0.000026
    -0.005006 -0.000551  0.000026
    -0.002367  0.000747  0.000026
    -0.000219  0.000758  0.000026
    -0.000189  0.000583  0.000026
    -0.000177  0.000503  0.000026
    -0.000146  0.000291  0.000026
    -0.000137  0.000227  0.000026
    -0.000137  0.000227  0.000026
    -0.000231  0.000259  0.000026
    -0.000348  0.000137  0.000026
    -0.000372  0.000267  0.000026
    -0.000146  0.000220  0.000026
    -0.000157  0.000307  0.000026
    -0.000163  0.000384  0.000026
    -0.000137  0.000227  0.000026
    -0.000137  0.000227  0.000026
    -0.000137  0.000227  0.000026
    -0.000387  0.000104  0.000026
    -0.000137  0.000227  0.000026
    -0.000137  0.000227  0.000026
    -0.000137  0.000227  0.000026
    -0.000137  0.000227  0.000026
     0.000031  0.000178  0.000026
     0.000064  0.000181  0.000026
     0.000158  0.000175  0.000026
     0.000332  0.000117  0.000026
     0.000469  0.000079  0.000026
     0.000465  0.000082  0.000026
     0.000326  0.000128  0.000026
     0.000359  0.000063  0.000026
     0.000350  0.000083  0.000026
     0.000223  0.000146  0.000026
    -0.000081  0.000211  0.000026
    -0.000137  0.000227  0.000026
    -0.000137  0.000227  0.000026
    -0.000137  0.000227  0.000026
    -0.000137  0.000227  0.000026
    -0.000137  0.000227  0.000026
    -0.000137  0.000227  0.000026
    -0.000137  0.000227  0.000026
    -0.000137  0.000227  0.000026
    -0.000137  0.000227  0.000026
    -0.000137  0.000227  0.000026
    -0.000137  0.000227  0.000026
    -0.000137  0.000227  0.000026
    -0.000138  0.000227  0.000026
    -0.000443  0.000100  0.000026
    -0.000545  0.000177  0.000026
    -0.000574  0.000217  0.000026
    -0.000528  0.000272  0.000026
    -0.000599  0.000241  0.000026
    -0.000561  0.000236  0.000026
    -0.000485  0.000239  0.000026
    -0.000426  0.000252  0.000026
    -0.000380  0.000260  0.000026
    -0.000383  0.000282  0.000026
    -0.000177  0.000484  0.000026
    -0.000188  0.000558  0.000026
    -0.000207  0.000626  0.000026
    -0.000218  0.000702  0.000026
    -0.000224  0.000689  0.000026
    -0.000233  0.000627  0.000026
    -0.000071  0.000674  0.000026
    -0.000027  0.000681  0.000026
    -0.000148  0.000554  0.000026
     0.000066  0.000561  0.000026
     0.000017  0.000632  0.000026
    -0.000037  0.000573  0.000026
     0.000091  0.000589  0.000026
    -0.000199  0.000406  0.000026
    -0.000210  0.000532  0.000026
    -0.000213  0.000607  0.000026
    -0.000198  0.000578  0.000026
    -0.000167  0.000439  0.000026
    -0.000147  0.000235  0.000026
     0.000015  0.000772  0.000026
     0.006416 -0.000316  0.000025
     0.016373 -0.007412  0.000024
     0.013792 -0.014795  0.000023
    -0.000411 -0.017425  0.000025
    -0.012218 -0.012621  0.000026
    -0.014272 -0.002510  0.000027
    -0.004405  0.000811  0.000026
    -0.000255  0.001024  0.000026
    -0.000161  0.000375  0.000026
    -0.000159  0.000381  0.000026
    -0.000187  0.000572  0.000026
    -0.000184  0.000551  0.000026
    -0.000159  0.000378  0.000026
    -0.000131  0.000170  0.000026
    -0.000188  0.000146  0.000026
    -0.000206  0.000197  0.000026
    -0.000385  0.000278  0.000026
    -0.000134  0.000196  0.000026
    -0.000152  0.000307  0.000026
    -0.000150  0.000287  0.000026
    -0.000137  0.000227  0.000026
    -0.000137  0.000227  0.000026
    -0.000395  0.000101  0.000026
    -0.000137  0.000227  0.000026
    -0.000137  0.000227  0.000026
    -0.000137  0.000227  0.000026
    -0.000137  0.000227  0.000026
    -0.000137  0.000227  0.000026
     0.000033  0.000182  0.000026
     0.000091  0.000177  0.000026
     0.000279  0.000101  0.000026
     0.000454  0.000044  0.000026
     0.000511  0.000044  0.000026
     0.000389  0.000098  0.000026
     0.000411  0.000090  0.000026
     0.000383  0.000119  0.000026
     0.000303  0.000132  0.000026
     0.000072  0.000171  0.000026
    -0.000137  0.000227  0.000026
    -0.000137  0.000227  0.000026
    -0.000137  0.000227  0.000026
    -0.000137  0.000227  0.000026
    -0.000137  0.000227  0.000026
    -0.000137  0.000227  0.000026
    -0.000137  0.000227  0.000026
    -0.000137  0.000227  0.000026
    -0.000137  0.000227  0.000026
    -0.000137  0.000227  0.000026
    -0.000137  0.000227  0.000026
    -0.000137  0.000227  0.000026
    -0.000304  0.000145  0.000026
    -0.000476  0.000099  0.000026
    -0.000582  0.000160  0.000026
    -0.000602  0.000194  0.000026
    -0.000604  0.000199  0.000026
    -0.000609  0.000205  0.000026
    -0.000551  0.000219  0.000026
    -0.000472  0.000234  0.000026
    -0.000422  0.000263  0.000026
    -0.000422  0.000270  0.000026
    -0.000388  0.000391  0.000026
    -0.000193  0.000559  0.000026
    -0.000207  0.000621  0.000026
    -0.000216  0.000659  0.000026
    -0.000216  0.000688  0.000026
    -0.000220  0.000623  0.000026
    -0.000147  0.000581  0.000026
    -0.000139  0.000554  0.000026
    -0.000045  0.000580  0.000026
     0.000030  0.000599  0.000026
     0.000120  0.000632  0.000026
    -0.000099  0.000536  0.000026
    -0.000044  0.000591  0.000026
    -0.000090  0.000467  0.000026
    -0.000203  0.000571  0.000026
    -0.000350  0.000495  0.000026
    -0.000254  0.000259  0.000026
    -0.000187  0.000573  0.000026
    -0.000167  0.000323  0.000026
    -0.000162  0.000238  0.000026
     0.001745  0.000058  0.000026
     0.014862 -0.002342  0.000024
     0.025547 -0.009799  0.000022
     0.020552 -0.018052  0.000022
    -0.002783 -0.019215  0.000025
    -0.020140 -0.015342  0.000027
    -0.024014 -0.005861  0.000028
    -0.010624  0.000606  0.000027
    -0.000310  0.001321  0.000026
    -0.000184  0.000281  0.000026
    -0.000211  0.000525  0.000026
    -0.000211  0.000674  0.000026
    -0.000215  0.000745  0.000026
    -0.000193  0.000575  0.000026
    -0.000162  0.000339  0.000026
    -0.000150  0.000235  0.000026
    -0.000154  0.000242  0.000026
    -0.000271  0.000224  0.000026
    -0.000445  0.000280  0.000026
    -0.000143  0.000240  0.000026
    -0.000137  0.000227  0.000026
    -0.000137  0.000227  0.000026
    -0.000137  0.000227  0.000026
    -0.000137  0.000227  0.000026
    -0.000137  0.000227  0.000026
    -0.000137  0.000227  0.000026
    -0.000137  0.000227  0.000026
    -0.000137  0.000227  0.000026
    -0.000137  0.000227  0.000026
    -0.000137  0.000227  0.000026
     0.000056  0.000181  0.000026
     0.000224  0.000124  0.000026
     0.000407  0.000024  0.000026
     0.000520  0.000003  0.000026
     0.000443  0.000063  0.000026
     0.000530 -0.000015  0.000026
     0.000416  0.000113  0.000026
     0.000349  0.000122  0.000026
     0.000132  0.000160  0.000026
    -0.000038  0.000198  0.000026
    -0.000137  0.000227  0.000026
    -0.000137  0.000227  0.000026
    -0.000137  0.000227  0.000026
    -0.000137  0.000227  0.000026
    -0.000137  0.000227  0.000026
    -0.000137  0.000227  0.000026
    -0.000137  0.000227  0.000026
    -0.000137  0.000227  0.000026
    -0.000137  0.000227  0.000026
    -0.000137  0.000227  0.000026
    -0.000137  0.000227  0.000026
    -0.000419  0.000093  0.000026
    -0.000561  0.000112  0.000026
    -0.000615  0.000136  0.000026
    -0.000619  0.000140  0.000026
    -0.000625  0.000171  0.000026
    -0.000612  0.000182  0.000026
    -0.000536  0.000205  0.000026
    -0.000466  0.000239  0.000026
    -0.000410  0.000266  0.000026
    -0.000429  0.000381  0.000026
    -0.000381  0.000438  0.000026
    -0.000203  0.000613  0.000026
    -0.000264  0.000609  0.000026
    -0.000213  0.000656  0.000026
    -0.000210  0.000636  0.000026
    -0.000238  0.000518  0.000026
    -0.000195  0.000556  0.000026
    -0.000159  0.000475  0.000026
    -0.000050  0.000476  0.000026
     0.000074  0.000494  0.000026
     0.000031  0.000499  0.000026
    -0.000044  0.000501  0.000026
    -0.000151  0.000432  0.000026
    -0.000326  0.000287  0.000026
    -0.000349 -0.000479  0.000026
    -0.000564 -0.001534  0.000026
    -0.000593 -0.004228  0.000025
    -0.001363 -0.004210  0.000026
    -0.002330 -0.000846  0.000026
    -0.000030 -0.000208  0.000026
     0.005911 -0.005433  0.000025
     0.020784 -0.009551  0.000023
     0.033411 -0.013428  0.000021
     0.026931 -0.016983  0.000022
    -0.003489 -0.015777  0.000025
    -0.026491 -0.014774  0.000027
    -0.030905 -0.012256  0.000028
    -0.018292 -0.006593  0.000027
    -0.003362 -0.001294  0.000026
    -0.000146  0.000291  0.000026
     0.000954  0.000060  0.000026
     0.001558 -0.000182  0.000026
     0.000834  0.000247  0.000026
     0.000034  0.000624  0.000026
    -0.000269  0.001113  0.000026
    -0.000207  0.000449  0.000026
    -0.000204  0.000414  0.000026
    -0.000197  0.000277  0.000026
    -0.000584  0.000305  0.000026
    -0.000509  0.000314  0.000026
    -0.000343  0.000269  0.000026
    -0.000141  0.000189  0.000026
    -0.000137  0.000227  0.000026
    -0.000137  0.000227  0.000026
    -0.000137  0.000227  0.000026
    -0.000137  0.000227  0.000026
    -0.000137  0.000227  0.000026
    -0.000137  0.000227  0.000026
    -0.000137  0.000227  0.000026
    -0.000137  0.000227  0.000026
     0.000016  0.000183  0.000026
     0.000153  0.000165  0.000026
     0.000356  0.000054  0.000026
     0.000504 -0.000034  0.000026
     0.000468  0.000025  0.000026
     0.000603 -0.000061  0.000026
     0.000547  0.000052  0.000026
     0.000402  0.000112  0.000026
     0.000257  0.000136  0.000026
     0.000092  0.000165  0.000026
    -0.000137  0.000227  0.000026
    -0.000137  0.000227  0.000026
    -0.000137  0.000227  0.000026
    -0.000137  0.000227  0.000026
    -0.000137  0.000227  0.000026
    -0.000137  0.000227  0.000026
    -0.000137  0.000227  0.000026
    -0.000137  0.000227  0.000026
    -0.000137  0.000227  0.000026
    -0.000137  0.000227  0.000026
    -0.000137  0.000227  0.000026
    -0.000448  0.000092  0.000026
    -0.000599  0.000089  0.000026
    -0.000638  0.000085  0.000026
    -0.000642  0.000110  0.000026
    -0.000640  0.000145  0.000026
    -0.000610  0.000164  0.000026
    -0.000527  0.000198  0.000026
    -0.000463  0.000236  0.000026
    -0.000422  0.000381  0.000026
    -0.000427  0.000417  0.000026
    -0.000368  0.000476  0.000026
    -0.000210  0.000637  0.000026
    -0.000316  0.000570  0.000026
    -0.000204  0.000634  0.000026
    -0.000216  0.000634  0.000026
    -0.000248  0.000479  0.000026
    -0.000233  0.000357  0.000026
    -0.000177  0.000349  0.000026
    -0.000068  0.000378  0.000026
    -0.000040  0.000393  0.000026
    -0.000087  0.000395  0.000026
    -0.000136  0.000391  0.000026
    -0.000184  0.000551  0.000026
     0.001190 -0.000208  0.000026
     0.002121 -0.002617  0.000025
     0.003115 -0.009921  0.000025
     0.002881 -0.015680  0.000024
    -0.000973 -0.019481  0.000024
    -0.003613 -0.018578  0.000025
     0.003337 -0.017406  0.000024
     0.012207 -0.024149  0.000023
     0.025658 -0.032834  0.000021
     0.037526 -0.033820  0.000019
     0.030399 -0.028941  0.000021
    -0.002272 -0.026109  0.000024
    -0.032820 -0.028863  0.000027
    -0.037484 -0.031168  0.000027
    -0.022151 -0.025713  0.000026
    -0.011826 -0.017510  0.000026
     0.000910 -0.011716  0.000025
     0.003538 -0.011109  0.000025
     0.002034 -0.009302  0.000025
    -0.000338 -0.004468  0.000025
    -0.001473 -0.000007  0.000026
    -0.001891  0.001077  0.000026
    -0.000306  0.001259  0.000026
    -0.000226  0.000473  0.000026
    -0.000286  0.000367  0.000026
    -0.000539  0.000312  0.000026
    -0.000799  0.000311  0.000026
    -0.000592  0.000287  0.000026
    -0.000316  0.000195  0.000026
    -0.000175  0.000221  0.000026
    -0.000137  0.000227  0.000026
    -0.000137  0.000227  0.000026
    -0.000137  0.000227  0.000026
    -0.000137  0.000227  0.000026
    -0.000137  0.000227  0.000026
    -0.000137  0.000227  0.000026
    -0.000137  0.000227  0.000026
    -0.000137  0.000227  0.000026
     0.000104  0.000170  0.000026
     0.000294  0.000141  0.000026
     0.000460  0.000022  0.000026
     0.000568 -0.000076  0.000026
     0.000658 -0.000105  0.000026
     0.000629  0.000021  0.000026
     0.000515  0.000093  0.000026
     0.000310  0.000126  0.000026
     0.000133  0.000157  0.000026
    -0.000137  0.000227  0.000026
    -0.000137  0.000227  0.000026
    -0.000137  0.000227  0.000026
    -0.000137  0.000227  0.000026
    -0.000137  0.000227  0.000026
    -0.000137  0.000227  0.000026
    -0.000137  0.000227  0.000026
    -0.000137  0.000227  0.000026
    -0.000137  0.000227  0.000026
    -0.000137  0.000227  0.000026
    -0.000137  0.000227  0.000026
    -0.000474  0.000090  0.000026
    -0.000630  0.000060  0.000026
    -0.000667  0.000051  0.000026
    -0.000666  0.000088  0.000026
    -0.000692  0.000095  0.000026
    -0.000608  0.000144  0.000026
    -0.000528  0.000184  0.000026
    -0.000496  0.000335  0.000026
    -0.000415  0.000410  0.000026
    -0.000429  0.000432  0.000026
    -0.000377  0.000484  0.000026
    -0.000215  0.000630  0.000026
    -0.000232  0.000570  0.000026
    -0.000210  0.000660  0.000026
    -0.000198  0.000550  0.000026
    -0.000238  0.000342  0.000026
    -0.000247  0.000268  0.000026
    -0.000215  0.000248  0.000026
    -0.000161  0.000255  0.000026
    -0.000095  0.000302  0.000026
    -0.000076  0.000339  0.000026
    -0.000150  0.000253  0.000026
    -0.000200  0.000960  0.000026
     0.003312  0.000268  0.000025
     0.005909 -0.004191  0.000025
     0.009854 -0.012241  0.000024
     0.010332 -0.022434  0.000023
     0.000888 -0.030626  0.000023
    -0.004455 -0.036936  0.000023
     0.006384 -0.040497  0.000022
     0.027301 -0.048521  0.000019
     0.033507 -0.062114  0.000018
     0.035342 -0.067189  0.000017
     0.021150 -0.057755  0.000019
    -0.002955 -0.050225  0.000023
    -0.026532 -0.055221  0.000025
    -0.038913 -0.059090  0.000027
    -0.031531 -0.054314  0.000025
    -0.022069 -0.044804  0.000025
    -0.004745 -0.033554  0.000024
     0.001391 -0.026839  0.000024
    -0.004074 -0.021050  0.000025
    -0.007021 -0.013121  0.000025
    -0.006532 -0.003327  0.000026
    -0.004199  0.000997  0.000026
    -0.001487  0.002021  0.000026
    -0.000275  0.000809  0.000026
    -0.000201  0.000287  0.000026
    -0.000528  0.000288  0.000026
    -0.000895  0.000238  0.000026
    -0.000693  0.000230  0.000026
    -0.000410  0.000121  0.000026
    -0.000313  0.000182  0.000026
    -0.000132  0.000264  0.000026
    -0.000137  0.000227  0.000026
    -0.000137  0.000227  0.000026
    -0.000137  0.000227  0.000026
    -0.000137  0.000227  0.000026
    -0.000137  0.000227  0.000026
    -0.000137  0.000227  0.000026
    -0.000137  0.000227  0.000026
    -0.000010  0.000190  0.000026
     0.000238  0.000148  0.000026
     0.000404  0.000122  0.000026
     0.000601  0.000029  0.000026
     0.000671 -0.000029  0.000026
     0.000697  0.000022  0.000026
     0.000590  0.000080  0.000026
     0.000421  0.000107  0.000026
     0.000173  0.000149  0.000026
    -0.000011  0.000190  0.000026
    -0.000137  0.000227  0.000026
    -0.000137  0.000227  0.000026
    -0.000137  0.000227  0.000026
    -0.000137  0.000227  0.000026
    -0.000137  0.000227  0.000026
    -0.000137  0.000227  0.000026
    -0.000137  0.000227  0.000026
    -0.000137  0.000227  0.000026
    -0.000137  0.000227  0.000026
    -0.000137  0.000227  0.000026
    -0.000551  0.000085  0.000026
    -0.000653  0.000070  0.000026
    -0.000699  0.000026  0.000026
    -0.000686  0.000060  0.000026
    -0.000706  0.000067  0.000026
    -0.000606  0.000116  0.000026
    -0.000573  0.000259  0.000026
    -0.000510  0.000354  0.000026
    -0.000417  0.000415  0.000026
    -0.000421  0.000427  0.000026
    -0.000433  0.000459  0.000026
    -0.000295  0.000613  0.000026
    -0.000284  0.000575  0.000026
    -0.000207  0.000659  0.000026
    -0.000179  0.000485  0.000026
    -0.000314  0.000253  0.000026
    -0.000300  0.000166  0.000026
    -0.000275  0.000122  0.000026
    -0.000141  0.000188  0.000026
    -0.000070  0.000193  0.000026
    -0.000033  0.000418  0.000026
    -0.000171  0.000364  0.000026
     0.000671  0.000824  0.000026
     0.004168  0.000841  0.000025
     0.012599  0.000072  0.000024
     0.019664 -0.006261  0.000023
     0.019659 -0.014844  0.000023
     0.010788 -0.026392  0.000023
     0.001286 -0.040224  0.000023
     0.015739 -0.059391  0.000020
     0.039598 -0.069454  0.000017
     0.042254 -0.077863  0.000016
     0.028152 -0.077412  0.000018
     0.012522 -0.073400  0.000020
     0.000144 -0.071306  0.000021
    -0.018990 -0.074430  0.000024
    -0.038584 -0.076692  0.000026
    -0.045441 -0.074016  0.000027
    -0.035573 -0.060243  0.000026
    -0.012373 -0.048662  0.000023
    -0.007264 -0.036345  0.000024
    -0.014346 -0.021959  0.000026
    -0.019440 -0.013563  0.000027
    -0.016340 -0.003441  0.000027
    -0.009603  0.001338  0.000027
    -0.003541  0.001492  0.000026
    -0.000304  0.001192  0.000026
    -0.000305  0.000381  0.000026
    -0.000441  0.000241  0.000026
    -0.000871  0.000116  0.000026
    -0.000758  0.000119  0.000026
    -0.000450  0.000041  0.000026
    -0.000345  0.000129  0.000026
    -0.000186  0.000184  0.000026
    -0.000154  0.000349  0.000026
    -0.000137  0.000227  0.000026
    -0.000137  0.000227  0.000026
    -0.000137  0.000227  0.000026
    -0.000137  0.000227  0.000026
    -0.000137  0.000227  0.000026
    -0.000137  0.000227  0.000026
    -0.000137  0.000227  0.000026
     0.000149  0.000159  0.000026
     0.000361  0.000127  0.000026
     0.000561  0.000092  0.000026
     0.000657  0.000049  0.000026
     0.000737  0.000058  0.000026
     0.000674  0.000065  0.000026
     0.000490  0.000095  0.000026
     0.000210  0.000143  0.000026
     0.000098  0.000161  0.000026
    -0.000137  0.000227  0.000026
    -0.000137  0.000227  0.000026
    -0.000137  0.000227  0.000026
    -0.000137  0.000227  0.000026
    -0.000137  0.000227  0.000026
    -0.000137  0.000227  0.000026
    -0.000137  0.000227  0.000026
    -0.000137  0.000227  0.000026
    -0.000137  0.000227  0.000026
    -0.000137  0.000227  0.000026
    -0.000569  0.000078  0.000026
    -0.000691  0.000030  0.000026
    -0.000730 -0.000003  0.000026
    -0.000708  0.000030  0.000026
    -0.000717  0.000030  0.000026
    -0.000658  0.000158  0.000026
    -0.000597  0.000267  0.000026
    -0.000510  0.000341  0.000026
    -0.000417  0.000408  0.000026
    -0.000414  0.000396  0.000026
    -0.000454  0.000478  0.000026
    -0.000267  0.000637  0.000026
    -0.000231  0.000600  0.000026
    -0.000195  0.000628  0.000026
    -0.000141  0.000256  0.000026
    -0.000348  0.000168  0.000026
    -0.000343  0.000091  0.000026
    -0.000307  0.000059  0.000026
    -0.000115  0.000134  0.000026
    -0.000066  0.000272  0.000026
    -0.000169  0.000327  0.000026
    -0.000164  0.000411  0.000026
     0.000429  0.000771  0.000026
     0.003331  0.001753  0.000026
     0.013197  0.007847  0.000025
     0.023983  0.012007  0.000024
     0.029037  0.008142  0.000024
     0.024420 -0.001193  0.000023
     0.021263 -0.022647  0.000022
     0.033823 -0.051460  0.000018
     0.055430 -0.063006  0.000016
     0.038748 -0.056674  0.000018
     0.015674 -0.038132  0.000021
     0.002327 -0.023919  0.000024
     0.000549 -0.022221  0.000024
    -0.008413 -0.030732  0.000024
    -0.030087 -0.047034  0.000026
    -0.051705 -0.056777  0.000028
    -0.055640 -0.056969  0.000028
    -0.028845 -0.041289  0.000026
    -0.019535 -0.016935  0.000027
    -0.025170 -0.003771  0.000028
    -0.026796  0.004253  0.000029
    -0.021898  0.006960  0.000029
    -0.012544  0.004055  0.000027
    -0.004133  0.001200  0.000026
    -0.000518  0.000934  0.000026
    -0.000197  0.000497  0.000026
    -0.000432  0.000270  0.000026
    -0.000815  0.000055  0.000026
    -0.000678 -0.000021  0.000026
    -0.000425 -0.000123  0.000026
    -0.000360  0.000040  0.000026
    -0.000198  0.000135  0.000026
    -0.000129  0.000296  0.000026
    -0.000144  0.000275  0.000026
    -0.000137  0.000227  0.000026
    -0.000137  0.000227  0.000026
    -0.000137  0.000227  0.000026
    -0.000137  0.000227  0.000026
    -0.000137  0.000227  0.000026
    -0.000137  0.000227  0.000026
     0.000119  0.000159  0.000026
     0.000317  0.000132  0.000026
     0.000521  0.000096  0.000026
     0.000635  0.000078  0.000026
     0.000779  0.000050  0.000026
     0.000735  0.000054  0.000026
     0.000550  0.000084  0.000026
     0.000323  0.000123  0.000026
     0.000146  0.000152  0.000026
    -0.000137  0.000227  0.000026
    -0.000137  0.000227  0.000026
    -0.000137  0.000227  0.000026
    -0.000137  0.000227  0.000026
    -0.000137  0.000227  0.000026
    -0.000137  0.000227  0.000026
    -0.000137  0.000227  0.000026
    -0.000137  0.000227  0.000026
    -0.000137  0.000227  0.000026
    -0.000137  0.000227  0.000026
    -0.000590  0.000075  0.000026
    -0.000728 -0.000000  0.000026
    -0.000756 -0.000035  0.000026
    -0.000728 -0.000006  0.000026
    -0.000763  0.000037  0.000026
    -0.000690  0.000153  0.000026
    -0.000611  0.000248  0.000026
    -0.000517  0.000325  0.000026
    -0.000408  0.000360  0.000026
    -0.000431  0.000468  0.000026
    -0.000453  0.000507  0.000026
    -0.000214  0.000669  0.000026
    -0.000194  0.000593  0.000026
    -0.000157  0.000365  0.000026
    -0.000138  0.000233  0.000026
    -0.000407  0.000122  0.000026
    -0.000386  0.000023  0.000026
    -0.000280  0.000031  0.000026
    -0.000120  0.000120  0.000026
    -0.000079  0.000237  0.000026
    -0.000149  0.000299  0.000026
    -0.000137  0.000227  0.000026
    -0.000173  0.000477  0.000026
     0.001301  0.001960  0.000026
     0.008506  0.008580  0.000026
     0.020998  0.016797  0.000025
     0.032757  0.022126  0.000024
     0.043696  0.011110  0.000022
     0.048828 -0.009016  0.000020
     0.063343 -0.035451  0.000016
     0.052316 -0.036932  0.000018
     0.019195 -0.015421  0.000023
    -0.000076  0.001150  0.000026
    -0.003198  0.009342  0.000027
     0.001719  0.011418  0.000027
     0.000770  0.006350  0.000026
    -0.010758 -0.003847  0.000027
    -0.041665 -0.020451  0.000029
    -0.064984 -0.032780  0.000028
    -0.053361 -0.018794  0.000029
    -0.043536  0.002201  0.000031
    -0.037623  0.017179  0.000031
    -0.028837  0.017790  0.000030
    -0.019287  0.012620  0.000029
    -0.007834  0.006277  0.000027
    -0.003057  0.000920  0.000026
    -0.000730 -0.000021  0.000026
    -0.000148  0.000305  0.000026
    -0.000142  0.000186  0.000026
    -0.000577 -0.000028  0.000026
    -0.000583 -0.000160  0.000026
    -0.000399 -0.000220  0.000026
    -0.000272 -0.000123  0.000026
    -0.000169  0.000030  0.000026
    -0.000101  0.000250  0.000026
    -0.000023  0.000323  0.000026
    -0.000091  0.000214  0.000026
    -0.000137  0.000227  0.000026
    -0.000137  0.000227  0.000026
    -0.000137  0.000227  0.000026
    -0.000137  0.000227  0.000026
    -0.000137  0.000227  0.000026
     0.000071  0.000166  0.000026
     0.000258  0.000138  0.000026
     0.000369  0.000122  0.000026
     0.000596  0.000082  0.000026
     0.000781  0.000048  0.000026
     0.000788  0.000044  0.000026
     0.000595  0.000076  0.000026
     0.000382  0.000113  0.000026
     0.000182  0.000146  0.000026
    -0.000077  0.000209  0.000026
    -0.000137  0.000227  0.000026
    -0.000137  0.000227  0.000026
    -0.000137  0.000227  0.000026
    -0.000137  0.000227  0.000026
    -0.000137  0.000227  0.000026
    -0.000137  0.000227  0.000026
    -0.000137  0.000227  0.000026
    -0.000137  0.000227  0.000026
    -0.000137  0.000227  0.000026
    -0.000613  0.000073  0.000026
    -0.000761 -0.000006  0.000026
    -0.000780 -0.000072  0.000026
    -0.000745 -0.000050  0.000026
    -0.000794  0.000019  0.000026
    -0.000721  0.000129  0.000026
    -0.000624  0.000204  0.000026
    -0.000527  0.000260  0.000026
    -0.000422  0.000436  0.000026
    -0.000431  0.000507  0.000026
    -0.000433  0.000515  0.000026
    -0.000206  0.000657  0.000026
    -0.000169  0.000453  0.000026
    -0.000143  0.000266  0.000026
    -0.000137  0.000227  0.000026
    -0.000431  0.000123  0.000026
    -0.000399  0.000012  0.000026
    -0.000303 -0.000013  0.000026
    -0.000143  0.000033  0.000026
    -0.000144  0.000099  0.000026
    -0.000137  0.000227  0.000026
    -0.000137  0.000227  0.000026
    -0.000137  0.000227  0.000026
    -0.000204  0.000693  0.000026
     0.001705  0.003336  0.000026
     0.014437  0.012905  0.000025
     0.033279  0.017400  0.000024
     0.061237  0.011162  0.000020
     0.076767 -0.007486  0.000017
     0.076800 -0.028366  0.000015
     0.032306 -0.019401  0.000021
    -0.000466 -0.001127  0.000026
    -0.011036  0.011249  0.000028
    -0.008463  0.018089  0.000028
     0.002425  0.021044  0.000027
     0.009217  0.019599  0.000027
     0.001716  0.009322  0.000027
    -0.017413 -0.003521  0.000028
    -0.058802 -0.021084  0.000028
    -0.073945 -0.014322  0.000028
    -0.065131  0.012030  0.000030
    -0.045440  0.021216  0.000032
    -0.023642  0.019119  0.000030
    -0.009704  0.012058  0.000028
    -0.003116  0.001911  0.000026
    -0.001301 -0.000023  0.000026
    -0.000984 -0.000187  0.000026
    -0.000825 -0.000110  0.000026
    -0.000137  0.000227  0.000026
    -0.000322  0.000306  0.000026
    -0.000372  0.000177  0.000026
    -0.000354  0.000033  0.000026
    -0.000251 -0.000185  0.000026
    -0.000134 -0.000006  0.000026
    -0.000119  0.000228  0.000026
     0.000021  0.000220  0.000026
     0.000146  0.000183  0.000026
    -0.000137  0.000227  0.000026
    -0.000137  0.000227  0.000026
    -0.000137  0.000227  0.000026
    -0.000137  0.000227  0.000026
    -0.000137  0.000227  0.000026
    -0.000036  0.000198  0.000026
     0.000200  0.000145  0.000026
     0.000340  0.000125  0.000026
     0.000565  0.000085  0.000026
     0.000776  0.000047  0.000026
     0.000822  0.000037  0.000026
     0.000624  0.000071  0.000026
     0.000433  0.000104  0.000026
     0.000303  0.000125  0.000026
     0.000089  0.000161  0.000026
    -0.000137  0.000227  0.000026
    -0.000137  0.000227  0.000026
    -0.000137  0.000227  0.000026
    -0.000137  0.000227  0.000026
    -0.000137  0.000227  0.000026
    -0.000137  0.000227  0.000026
    -0.000137  0.000227  0.000026
    -0.000137  0.000227  0.000026
    -0.000137  0.000227  0.000026
    -0.000637  0.000071  0.000026
    -0.000792 -0.000004  0.000026
    -0.000801 -0.000114  0.000026
    -0.000816 -0.000048  0.000026
    -0.000756  0.000035  0.000026
    -0.000783  0.000043  0.000026
    -0.000646  0.000128  0.000026
    -0.000564  0.000318  0.000026
    -0.000424  0.000469  0.000026
    -0.000427  0.000509  0.000026
    -0.000228  0.000595  0.000026
    -0.000187  0.000578  0.000026
    -0.000160  0.000386  0.000026
    -0.000143  0.000272  0.000026
    -0.000145  0.000282  0.000026
    -0.000449  0.000103  0.000026
    -0.000456 -0.000023  0.000026
    -0.000352 -0.000113  0.000026
    -0.000190 -0.000061  0.000026
    -0.000148  0.000147  0.000026
    -0.000137  0.000227  0.000026
    -0.000137  0.000227  0.000026
    -0.000137  0.000227  0.000026
    -0.000137  0.000227  0.000026
    -0.000176  0.000498  0.000026
     0.008575  0.001641  0.000025
     0.032742  0.004988  0.000023
     0.067282  0.000939  0.000019
     0.088061 -0.005340  0.000016
     0.068392 -0.006208  0.000018
     0.019881 -0.000613  0.000024
    -0.009571  0.002261  0.000027
    -0.017696  0.011207  0.000029
    -0.009283  0.015349  0.000028
     0.000860  0.014547  0.000027
     0.014151  0.014104  0.000026
     0.014268  0.004724  0.000025
    -0.005740 -0.004283  0.000026
    -0.049058 -0.010841  0.000029
    -0.084889 -0.011474  0.000028
    -0.081434  0.002649  0.000030
    -0.049256  0.010485  0.000032
    -0.018100  0.011099  0.000029
    -0.002443  0.003630  0.000026
    -0.000185  0.000562  0.000026
    -0.000350  0.000123  0.000026
    -0.001250 -0.000318  0.000026
    -0.001120 -0.000254  0.000026
    -0.000137  0.000227  0.000026
    -0.000234  0.000265  0.000026
    -0.000221  0.000292  0.000026
    -0.000214  0.000303  0.000026
    -0.000250  0.000197  0.000026
    -0.000070  0.000012  0.000026
    -0.000126  0.000205  0.000026
     0.000092  0.000132  0.000026
     0.000158  0.000205  0.000026
    -0.000050  0.000202  0.000026
    -0.000137  0.000227  0.000026
    -0.000137  0.000227  0.000026
    -0.000137  0.000227  0.000026
    -0.000137  0.000227  0.000026
    -0.000137  0.000227  0.000026
     0.000251  0.000132  0.000026
     0.000338  0.000123  0.000026
     0.000524  0.000090  0.000026
     0.000749  0.000050  0.000026
     0.000832  0.000034  0.000026
     0.000664  0.000063  0.000026
     0.000473  0.000096  0.000026
     0.000358  0.000115  0.000026
     0.000135  0.000153  0.000026
    -0.000137  0.000227  0.000026
    -0.000137  0.000227  0.000026
    -0.000137  0.000227  0.000026
    -0.000137  0.000227  0.000026
    -0.000137  0.000227  0.000026
    -0.000137  0.000227  0.000026
    -0.000137  0.000227  0.000026
    -0.000137  0.000227  0.000026
    -0.000328  0.000133  0.000026
    -0.000654  0.000070  0.000026
    -0.000818  0.000016  0.000026
    -0.000832 -0.000069  0.000026
    -0.000857 -0.000085  0.000026
    -0.000806 -0.000016  0.000026
    -0.000792 -0.000044  0.000026
    -0.000700  0.000158  0.000026
    -0.000587  0.000320  0.000026
    -0.000424  0.000481  0.000026
    -0.000410  0.000475  0.000026
    -0.000194  0.000597  0.000026
    -0.000170  0.000458  0.000026
    -0.000166  0.000430  0.000026
    -0.000140  0.000250  0.000026
    -0.000137  0.000227  0.000026
    -0.000514  0.000106  0.000026
    -0.000535  0.000024  0.000026
    -0.000393 -0.000056  0.000026
    -0.000188  0.000016  0.000026
    -0.000164  0.000254  0.000026
    -0.000137  0.000227  0.000026
    -0.000137  0.000227  0.000026
    -0.000137  0.000227  0.000026
    -0.000133  0.000193  0.000026
    -0.000137  0.000227  0.000026
     0.007575 -0.000866  0.000025
     0.032540 -0.001753  0.000022
     0.066432  0.003561  0.000019
     0.088080  0.008536  0.000016
     0.068248  0.010726  0.000019
     0.016842  0.008066  0.000025
    -0.012702  0.005690  0.000028
    -0.019086  0.004235  0.000028
    -0.011507  0.001262  0.000027
     0.001636  0.000416  0.000026
     0.017612 -0.002920  0.000024
     0.019110 -0.001786  0.000024
    -0.002476 -0.003878  0.000026
    -0.049038 -0.006126  0.000029
    -0.088478 -0.003201  0.000028
    -0.085866 -0.000409  0.000029
    -0.053630 -0.001570  0.000031
    -0.018024 -0.000843  0.000028
    -0.001646 -0.000512  0.000026
     0.001295 -0.000191  0.000026
     0.000051 -0.001706  0.000026
    -0.001124 -0.003779  0.000026
    -0.002503 -0.003139  0.000026
    -0.002194 -0.000780  0.000026
    -0.000137  0.000227  0.000026
    -0.000111  0.000252  0.000026
    -0.000140  0.000271  0.000026
    -0.000219  0.000293  0.000026
    -0.000141  0.000091  0.000026
    -0.000069  0.000153  0.000026
     0.000172  0.000069  0.000026
     0.000187  0.000158  0.000026
     0.000186  0.000140  0.000026
    -0.000137  0.000227  0.000026
    -0.000137  0.000227  0.000026
    -0.000137  0.000227  0.000026
    -0.000137  0.000227  0.000026
    -0.000137  0.000227  0.000026
     0.000224  0.000133  0.000026
     0.000324  0.000123  0.000026
     0.000487  0.000094  0.000026
     0.000711  0.000054  0.000026
     0.000813  0.000036  0.000026
     0.000690  0.000058  0.000026
     0.000513  0.000089  0.000026
     0.000406  0.000106  0.000026
     0.000261  0.000130  0.000026
    -0.000029  0.000195  0.000026
    -0.000137  0.000227  0.000026
    -0.000137  0.000227  0.000026
    -0.000137  0.000227  0.000026
    -0.000137  0.000227  0.000026
    -0.000137  0.000227  0.000026
    -0.000137  0.000227  0.000026
    -0.000137  0.000227  0.000026
    -0.000385  0.000106  0.000026
    -0.000668  0.000068  0.000026
    -0.000839  0.000057  0.000026
    -0.000897 -0.000171  0.000026
    -0.000897 -0.000132  0.000026
    -0.000835 -0.000112  0.000026
    -0.000841 -0.000036  0.000026
    -0.000736  0.000143  0.000026
    -0.000608  0.000308  0.000026
    -0.000409  0.000451  0.000026
    -0.000246  0.000527  0.000026
    -0.000192  0.000598  0.000026
    -0.000167  0.000436  0.000026
    -0.000168  0.000441  0.000026
    -0.000137  0.000227  0.000026
    -0.000140  0.000248  0.000026
    -0.000525  0.000055  0.000026
    -0.000547 -0.000041  0.000026
    -0.000430  0.000150  0.000026
    -0.000295  0.000293  0.000026
    -0.000204  0.000237  0.000026
    -0.000137  0.000227  0.000026
    -0.000137  0.000227  0.000026
    -0.000167  0.000397  0.000026
    -0.000161  0.000393  0.000026
     0.002517 -0.000547  0.000025
     0.013506 -0.008462  0.000024
     0.032888 -0.009469  0.000022
     0.063184 -0.002103  0.000019
     0.082548  0.017537  0.000018
     0.071002  0.029655  0.000020
     0.024787  0.019287  0.000025
    -0.006249  0.006797  0.000027
    -0.015385 -0.008135  0.000027
    -0.008879 -0.014138  0.000026
     0.005133 -0.015559  0.000024
     0.016756 -0.015987  0.000023
     0.018344 -0.010867  0.000023
    -0.004917 -0.004698  0.000026
    -0.056095 -0.006076  0.000028
    -0.089853 -0.009390  0.000027
    -0.086320 -0.019375  0.000029
    -0.057782 -0.023659  0.000030
    -0.018820 -0.020939  0.000026
    -0.000201 -0.013708  0.000025
     0.004671 -0.013839  0.000024
     0.002909 -0.015434  0.000024
    -0.001295 -0.015272  0.000025
    -0.004361 -0.012014  0.000025
    -0.003201 -0.006026  0.000026
    -0.001869 -0.000701  0.000026
     0.000218  0.000128  0.000026
    -0.000035  0.000223  0.000026
    -0.000173  0.000264  0.000026
    -0.000174  0.000077  0.000026
    -0.000065  0.000069  0.000026
     0.000182  0.000173  0.000026
     0.000338  0.000127  0.000026
     0.000226  0.000138  0.000026
    -0.000030  0.000196  0.000026
    -0.000137  0.000227  0.000026
    -0.000137  0.000227  0.000026
    -0.000137  0.000227  0.000026
    -0.000125  0.000224  0.000026
     0.000218  0.000132  0.000026
     0.000301  0.000124  0.000026
     0.000496  0.000090  0.000026
     0.000682  0.000058  0.000026
     0.000781  0.000041  0.000026
     0.000689  0.000057  0.000026
     0.000539  0.000084  0.000026
     0.000448  0.000098  0.000026
     0.000313  0.000120  0.000026
     0.000109  0.000155  0.000026
    -0.000137  0.000227  0.000026
    -0.000137  0.000227  0.000026
    -0.000137  0.000227  0.000026
    -0.000137  0.000227  0.000026
    -0.000137  0.000227  0.000026
    -0.000137  0.000227  0.000026
    -0.000137  0.000227  0.000026
    -0.000414  0.000091  0.000026
    -0.000680  0.000067  0.000026
    -0.000845  0.000061  0.000026
    -0.000936 -0.000215  0.000026
    -0.000917 -0.000215  0.000026
    -0.000871 -0.000168  0.000026
    -0.000985 -0.000004  0.000026
    -0.000814  0.000065  0.000026
    -0.000621  0.000258  0.000026
    -0.000403  0.000409  0.000026
    -0.000192  0.000558  0.000026
    -0.000183  0.000550  0.000026
    -0.000166  0.000427  0.000026
    -0.000137  0.000227  0.000026
    -0.000137  0.000227  0.000026
    -0.000137  0.000227  0.000026
    -0.000539  0.000268  0.000026
    -0.000550  0.000059  0.000026
    -0.000489  0.000202  0.000026
    -0.000343  0.000271  0.000026
    -0.000100  0.000323  0.000026
    -0.000137  0.000227  0.000026
    -0.000139  0.000205  0.000026
    -0.000188  0.000579  0.000026
     0.001875 -0.000086  0.000026
     0.007507 -0.004515  0.000025
     0.019816 -0.011126  0.000023
     0.032879 -0.015590  0.000021
     0.048790 -0.009336  0.000020
     0.064975  0.013284  0.000020
     0.068782  0.040302  0.000021
     0.041508  0.034998  0.000024
     0.010598  0.009937  0.000026
    -0.004632 -0.005598  0.000026
    -0.006895 -0.018402  0.000025
     0.010162 -0.023345  0.000023
     0.017339 -0.023588  0.000022
     0.008655 -0.020987  0.000023
    -0.014018 -0.012607  0.000027
    -0.062927 -0.010721  0.000027
    -0.084926 -0.025723  0.000027
    -0.079715 -0.047691  0.000028
    -0.056575 -0.051804  0.000029
    -0.024704 -0.045626  0.000025
    -0.004826 -0.034308  0.000024
     0.006633 -0.032035  0.000023
     0.001492 -0.032096  0.000023
    -0.009027 -0.026785  0.000025
    -0.011843 -0.018993  0.000026
    -0.008088 -0.009940  0.000026
    -0.003818 -0.002612  0.000026
    -0.000041  0.000199  0.000026
    -0.000138  0.000240  0.000026
    -0.000230  0.000260  0.000026
    -0.000190  0.000184  0.000026
     0.000011  0.000091  0.000026
     0.000184  0.000179  0.000026
     0.000371  0.000125  0.000026
     0.000209  0.000135  0.000026
     0.000206  0.000128  0.000026
    -0.000137  0.000227  0.000026
    -0.000137  0.000227  0.000026
    -0.000137  0.000227  0.000026
     0.000055  0.000171  0.000026
     0.000254  0.000124  0.000026
     0.000290  0.000124  0.000026
     0.000477  0.000091  0.000026
     0.000646  0.000062  0.000026
     0.000740  0.000047  0.000026
     0.000678  0.000059  0.000026
     0.000556  0.000081  0.000026
     0.000495  0.000089  0.000026
     0.000369  0.000109  0.000026
     0.000148  0.000148  0.000026
    -0.000137  0.000227  0.000026
    -0.000137  0.000227  0.000026
    -0.000137  0.000227  0.000026
    -0.000137  0.000227  0.000026
    -0.000137  0.000227  0.000026
    -0.000137  0.000227  0.000026
    -0.000137  0.000227  0.000026
    -0.000423  0.000087  0.000026
    -0.000684  0.000065  0.000026
    -0.000884  0.000007  0.000026
    -0.000976 -0.000114  0.000026
    -0.000950 -0.000217  0.000026
    -0.000949 -0.000171  0.000026
    -0.001233  0.000102  0.000026
    -0.000887  0.000048  0.000026
    -0.000631  0.000186  0.000026
    -0.000400  0.000352  0.000026
    -0.000187  0.000553  0.000026
    -0.000144  0.000279  0.000026
    -0.000138  0.000238  0.000026
    -0.000137  0.000227  0.000026
    -0.000137  0.000227  0.000026
    -0.000137  0.000227  0.000026
    -0.000529  0.000110  0.000026
    -0.000569  0.000094  0.000026
    -0.000503  0.000175  0.000026
    -0.000277  0.000317  0.000026
    -0.000019  0.000320  0.000026
     0.000075  0.000313  0.000026
    -0.000024  0.000101  0.000026
     0.000003  0.000788  0.000026
     0.003903  0.000389  0.000025
     0.014189 -0.002382  0.000024
     0.025593 -0.004855  0.000023
     0.034045 -0.004316  0.000022
     0.032982  0.004532  0.000023
     0.039821  0.028251  0.000024
     0.050864  0.052298  0.000024
     0.057478  0.054301  0.000023
     0.034890  0.034187  0.000025
     0.013602  0.012364  0.000026
     0.004276 -0.000997  0.000026
     0.018962 -0.013990  0.000023
     0.021046 -0.018680  0.000022
     0.006880 -0.018624  0.000024
    -0.030714 -0.014554  0.000028
    -0.055483 -0.016124  0.000027
    -0.058998 -0.035949  0.000027
    -0.062589 -0.058832  0.000027
    -0.055127 -0.067908  0.000028
    -0.035903 -0.059479  0.000026
    -0.009383 -0.052710  0.000023
     0.001002 -0.044499  0.000022
    -0.004267 -0.036146  0.000023
    -0.017316 -0.025798  0.000026
    -0.021440 -0.016966  0.000027
    -0.015041 -0.008388  0.000027
    -0.005914 -0.001483  0.000026
    -0.001504 -0.000442  0.000026
    -0.000137  0.000227  0.000026
    -0.000137  0.000227  0.000026
    -0.000299  0.000193  0.000026
    -0.000010  0.000145  0.000026
     0.000236  0.000166  0.000026
     0.000380  0.000129  0.000026
     0.000335  0.000116  0.000026
     0.000208  0.000126  0.000026
    -0.000137  0.000227  0.000026
    -0.000137  0.000227  0.000026
     0.000017  0.000182  0.000026
     0.000198  0.000129  0.000026
     0.000104  0.000157  0.000026
     0.000345  0.000113  0.000026
     0.000502  0.000086  0.000026
     0.000610  0.000067  0.000026
     0.000683  0.000056  0.000026
     0.000557  0.000082  0.000026
     0.000556  0.000080  0.000026
     0.000526  0.000083  0.000026
     0.000429  0.000098  0.000026
     0.000278  0.000123  0.000026
    -0.000137  0.000227  0.000026
    -0.000137  0.000227  0.000026
    -0.000137  0.000227  0.000026
    -0.000137  0.000227  0.000026
    -0.000137  0.000227  0.000026
    -0.000137  0.000227  0.000026
    -0.000137  0.000227  0.000026
    -0.000420  0.000088  0.000026
    -0.000676  0.000065  0.000026
    -0.000891  0.000056  0.000026
    -0.001003 -0.000095  0.000026
    -0.001010 -0.000280  0.000026
    -0.001139 -0.000113  0.000026
    -0.001206  0.000101  0.000026
    -0.000928  0.000006  0.000026
    -0.000680  0.000067  0.000026
    -0.000403  0.000280  0.000026
    -0.000169  0.000449  0.000026
    -0.000148  0.000305  0.000026
    -0.000137  0.000227  0.000026
    -0.000137  0.000227  0.000026
    -0.000137  0.000227  0.000026
    -0.000137  0.000227  0.000026
    -0.000542  0.000033  0.000026
    -0.000589  0.000079  0.000026
    -0.000412  0.000182  0.000026
    -0.000192  0.000094  0.000026
     0.000035  0.000267  0.000026
     0.000218  0.000228  0.000026
     0.000107  0.000142  0.000026
     0.000470  0.001041  0.000026
     0.004740  0.001136  0.000025
     0.015230  0.005333  0.000025
     0.028526  0.008360  0.000024
     0.028885  0.014326  0.000024
     0.018527  0.029232  0.000027
     0.017742  0.050582  0.000028
     0.029330  0.067934  0.000027
     0.056590  0.074644  0.000024
     0.052027  0.074691  0.000025
     0.041898  0.060021  0.000025
     0.034420  0.033298  0.000025
     0.042278  0.016442  0.000022
     0.027802  0.009860  0.000024
    -0.000231  0.017251  0.000028
    -0.030819  0.021402  0.000029
    -0.038622  0.013203  0.000029
    -0.026122 -0.000488  0.000029
    -0.035274 -0.024842  0.000028
    -0.044251 -0.048226  0.000028
    -0.044550 -0.056481  0.000028
    -0.015985 -0.049710  0.000024
    -0.008770 -0.035455  0.000024
    -0.012924 -0.015910  0.000026
    -0.023471 -0.007600  0.000028
    -0.025875 -0.001719  0.000028
    -0.017151 -0.000134  0.000028
    -0.005277  0.000210  0.000026
    -0.001960 -0.000398  0.000026
    -0.000137  0.000227  0.000026
    -0.000137  0.000227  0.000026
    -0.000250  0.000153  0.000026
    -0.000060  0.000210  0.000026
     0.000306  0.000159  0.000026
     0.000408  0.000123  0.000026
     0.000354  0.000117  0.000026
     0.000227  0.000121  0.000026
    -0.000137  0.000227  0.000026
    -0.000015  0.000192  0.000026
     0.000281  0.000106  0.000026
     0.000262  0.000113  0.000026
     0.000106  0.000156  0.000026
     0.000352  0.000110  0.000026
     0.000509  0.000083  0.000026
     0.000597  0.000068  0.000026
     0.000612  0.000068  0.000026
     0.000538  0.000084  0.000026
     0.000553  0.000080  0.000026
     0.000551  0.000078  0.000026
     0.000519  0.000080  0.000026
     0.000325  0.000114  0.000026
    -0.000137  0.000227  0.000026
    -0.000137  0.000227  0.000026
    -0.000137  0.000227  0.000026
    -0.000137  0.000227  0.000026
    -0.000137  0.000227  0.000026
    -0.000137  0.000227  0.000026
    -0.000137  0.000227  0.000026
    -0.000137  0.000227  0.000026
    -0.000584  0.000075  0.000026
    -0.000901  0.000053  0.000026
    -0.001020 -0.000071  0.000026
    -0.001050 -0.000324  0.000026
    -0.001482 -0.000089  0.000026
    -0.001355  0.000091  0.000026
    -0.000879 -0.000104  0.000026
    -0.000669 -0.000000  0.000026
    -0.000402  0.000190  0.000026
    -0.000165  0.000425  0.000026
    -0.000137  0.000227  0.000026
    -0.000137  0.000227  0.000026
    -0.000137  0.000227  0.000026
    -0.000137  0.000227  0.000026
    -0.000173  0.000209  0.000026
    -0.000367  0.000114  0.000026
    -0.000547  0.000111  0.000026
    -0.000328  0.000050  0.000026
    -0.000109 -0.000049  0.000026
     0.000108  0.000056  0.000026
     0.000193  0.000183  0.000026
     0.000105  0.000213  0.000026
    -0.000205  0.001474  0.000026
     0.003992  0.002021  0.000025
     0.014255  0.008891  0.000025
     0.020489  0.016027  0.000025
     0.015918  0.025953  0.000027
     0.006625  0.037596  0.000028
     0.003710  0.052104  0.000030
     0.016752  0.063270  0.000029
     0.044128  0.073296  0.000026
     0.059811  0.080108  0.000025
     0.064491  0.075623  0.000023
     0.059651  0.065527  0.000023
     0.057496  0.051530  0.000022
     0.026543  0.048007  0.000026
    -0.008457  0.049624  0.000030
    -0.020820  0.047050  0.000031
    -0.020028  0.037029  0.000031
    -0.006145  0.019914  0.000028
    -0.007697  0.007224  0.000027
    -0.018363 -0.009437  0.000027
    -0.037708 -0.035794  0.000028
    -0.034597 -0.037312  0.000027
    -0.026845 -0.013547  0.000028
    -0.025453  0.003430  0.000029
    -0.027697  0.015832  0.000030
    -0.024683  0.011683  0.000029
    -0.013377  0.006243  0.000028
    -0.003883  0.001115  0.000026
    -0.001190  0.000026  0.000026
    -0.000137  0.000227  0.000026
    -0.000137  0.000227  0.000026
    -0.000193  0.000221  0.000026
    -0.000053  0.000250  0.000026
     0.000283  0.000174  0.000026
     0.000414  0.000124  0.000026
     0.000367  0.000113  0.000026
     0.000213  0.000126  0.000026
    -0.000137  0.000227  0.000026
     0.000092  0.000160  0.000026
     0.000284  0.000105  0.000026
     0.000291  0.000108  0.000026
     0.000205  0.000129  0.000026
     0.000355  0.000108  0.000026
     0.000576  0.000070  0.000026
     0.000579  0.000071  0.000026
     0.000568  0.000075  0.000026
     0.000512  0.000088  0.000026
     0.000550  0.000080  0.000026
     0.000568  0.000074  0.000026
     0.000570  0.000070  0.000026
     0.000362  0.000106  0.000026
    -0.000137  0.000227  0.000026
    -0.000137  0.000227  0.000026
    -0.000137  0.000227  0.000026
    -0.000137  0.000227  0.000026
    -0.000137  0.000227  0.000026
    -0.000137  0.000227  0.000026
    -0.000137  0.000227  0.000026
    -0.000137  0.000227  0.000026
    -0.000615  0.000071  0.000026
    -0.000912  0.000053  0.000026
    -0.001040 -0.000192  0.000026
    -0.001194 -0.000308  0.000026
    -0.002188 -0.000307  0.000026
    -0.001830 -0.000035  0.000026
    -0.000897 -0.000193  0.000026
    -0.000668 -0.000081  0.000026
    -0.000501  0.000071  0.000026
    -0.000137  0.000227  0.000026
    -0.000137  0.000227  0.000026
    -0.000137  0.000227  0.000026
    -0.000137  0.000227  0.000026
    -0.000109  0.000219  0.000026
    -0.000137  0.000227  0.000026
    -0.000609  0.000007  0.000026
    -0.000474  0.000089  0.000026
    -0.000291 -0.000073  0.000026
    -0.000090  0.000034  0.000026
     0.000056  0.000164  0.000026
     0.000170  0.000122  0.000026
     0.000139  0.000083  0.000026
    -0.000237  0.000923  0.000026
     0.002757  0.001832  0.000026
     0.009763  0.006380  0.000025
     0.012015  0.013230  0.000026
     0.005884  0.020426  0.000027
    -0.002537  0.025052  0.000028
    -0.004632  0.027330  0.000029
     0.009024  0.034515  0.000028
     0.031290  0.050593  0.000027
     0.065652  0.060593  0.000023
     0.080205  0.058385  0.000021
     0.079709  0.043265  0.000019
     0.056386  0.034576  0.000022
     0.011739  0.041000  0.000028
    -0.011847  0.045320  0.000031
    -0.019187  0.042285  0.000032
    -0.008602  0.033034  0.000030
     0.005251  0.024485  0.000027
     0.008316  0.016933  0.000027
     0.000518  0.001827  0.000026
    -0.012935 -0.019759  0.000026
    -0.048569 -0.030053  0.000028
    -0.051037 -0.009120  0.000029
    -0.042994  0.010764  0.000031
    -0.030103  0.017829  0.000031
    -0.017234  0.016169  0.000029
    -0.006016  0.005750  0.000027
    -0.001516  0.000804  0.000026
    -0.000137  0.000227  0.000026
    -0.000730 -0.000063  0.000026
    -0.000209  0.000232  0.000026
    -0.000158  0.000234  0.000026
    -0.000036  0.000249  0.000026
     0.000248  0.000185  0.000026
     0.000494  0.000114  0.000026
     0.000366  0.000112  0.000026
     0.000328  0.000104  0.000026
    -0.000040  0.000199  0.000026
     0.000260  0.000111  0.000026
     0.000257  0.000112  0.000026
     0.000167  0.000138  0.000026
     0.000265  0.000119  0.000026
     0.000361  0.000105  0.000026
     0.000582  0.000068  0.000026
     0.000554  0.000075  0.000026
     0.000548  0.000078  0.000026
     0.000454  0.000098  0.000026
     0.000546  0.000080  0.000026
     0.000599  0.000067  0.000026
     0.000604  0.000063  0.000026
     0.000390  0.000101  0.000026
    -0.000137  0.000227  0.000026
    -0.000137  0.000227  0.000026
    -0.000137  0.000227  0.000026
    -0.000137  0.000227  0.000026
    -0.000137  0.000227  0.000026
    -0.000137  0.000227  0.000026
    -0.000137  0.000227  0.000026
    -0.000137  0.000227  0.000026
    -0.000618  0.000072  0.000026
    -0.000911  0.000053  0.000026
    -0.001048 -0.000198  0.000026
    -0.001453 -0.000350  0.000026
    -0.002858 -0.000517  0.000026
    -0.002334 -0.000304  0.000026
    -0.000849 -0.000224  0.000026
    -0.000690  0.000076  0.000026
    -0.000539  0.000113  0.000026
    -0.000137  0.000227  0.000026
    -0.000137  0.000227  0.000026
    -0.000137  0.000227  0.000026
    -0.000137  0.000227  0.000026
    -0.000137  0.000227  0.000026
    -0.000137  0.000227  0.000026
    -0.000584  0.000040  0.000026
    -0.000504  0.000114  0.000026
    -0.000267 -0.000054  0.000026
    -0.000131  0.000235  0.000026
    -0.000000  0.000339  0.000026
     0.000142  0.000281  0.000026
    -0.000008  0.000345  0.000026
    -0.000273  0.000160  0.000026
     0.001056  0.001258  0.000026
     0.003925  0.002938  0.000026
     0.004291  0.007690  0.000026
     0.000863  0.009936  0.000027
    -0.002920  0.010784  0.000027
    -0.004270  0.011128  0.000027
     0.000802  0.013150  0.000027
     0.019376  0.020326  0.000026
     0.057739  0.028252  0.000022
     0.086849  0.028870  0.000018
     0.087252  0.017499  0.000017
     0.047325  0.013260  0.000022
    -0.001546  0.011150  0.000027
    -0.020055  0.018296  0.000030
    -0.016336  0.022079  0.000029
    -0.004130  0.019899  0.000028
     0.011023  0.016740  0.000026
     0.017265  0.011673  0.000025
     0.016185  0.001347  0.000024
    -0.003162 -0.007517  0.000026
    -0.047289 -0.014062  0.000029
    -0.069214 -0.007339  0.000029
    -0.057622  0.005740  0.000031
    -0.031214  0.009310  0.000030
    -0.010905  0.007352  0.000028
    -0.000842  0.001430  0.000026
    -0.000137  0.000227  0.000026
    -0.000168  0.000212  0.000026
    -0.000978 -0.000019  0.000026
    -0.000432  0.000083  0.000026
    -0.000137  0.000227  0.000026
    -0.000064  0.000257  0.000026
     0.000276  0.000181  0.000026
     0.000506  0.000113  0.000026
     0.000341  0.000119  0.000026
     0.000253  0.000115  0.000026
    -0.000137  0.000227  0.000026
     0.000349  0.000091  0.000026
     0.000194  0.000130  0.000026
     0.000210  0.000126  0.000026
     0.000300  0.000112  0.000026
     0.000378  0.000102  0.000026
     0.000584  0.000067  0.000026
     0.000630  0.000061  0.000026
     0.000434  0.000101  0.000026
     0.000425  0.000103  0.000026
     0.000543  0.000079  0.000026
     0.000650  0.000056  0.000026
     0.000634  0.000056  0.000026
     0.000414  0.000096  0.000026
    -0.000116  0.000221  0.000026
    -0.000137  0.000227  0.000026
    -0.000137  0.000227  0.000026
    -0.000137  0.000227  0.000026
    -0.000137  0.000227  0.000026
    -0.000137  0.000227  0.000026
    -0.000137  0.000227  0.000026
    -0.000137  0.000227  0.000026
    -0.000617  0.000073  0.000026
    -0.000824  0.000065  0.000026
    -0.001060 -0.000193  0.000026
    -0.001447 -0.000352  0.000026
    -0.003108 -0.000606  0.000026
    -0.002568 -0.000527  0.000026
    -0.000905 -0.000115  0.000026
    -0.000745  0.000106  0.000026
    -0.000571  0.000103  0.000026
    -0.000137  0.000227  0.000026
    -0.000008  0.000189  0.000026
     0.000013  0.000183  0.000026
    -0.000137  0.000227  0.000026
    -0.000137  0.000227  0.000026
    -0.000137  0.000227  0.000026
    -0.000547  0.000056  0.000026
    -0.000563  0.000180  0.000026
    -0.000380  0.000250  0.000026
    -0.000180  0.000318  0.000026
    -0.000019  0.000305  0.000026
     0.000091  0.000440  0.000026
    -0.000011  0.000348  0.000026
    -0.000161  0.000244  0.000026
    -0.000137  0.000227  0.000026
     0.002907 -0.000109  0.000025
     0.003187  0.000402  0.000025
     0.000605  0.000399  0.000026
    -0.002133  0.000219  0.000026
    -0.001374 -0.000238  0.000026
     0.001011  0.000318  0.000026
     0.016289  0.000552  0.000024
     0.055378 -0.000587  0.000020
     0.088487 -0.001579  0.000016
     0.086251  0.000244  0.000016
     0.043119 -0.001636  0.000021
    -0.003460  0.000527  0.000026
    -0.021728  0.000082  0.000028
    -0.019305  0.000734  0.000028
    -0.001069  0.000454  0.000026
     0.012070  0.000130  0.000025
     0.020125  0.000021  0.000024
     0.020562  0.001132  0.000024
    -0.001223  0.000757  0.000026
    -0.045598  0.000327  0.000029
    -0.076839  0.000082  0.000029
    -0.059670  0.000882  0.000031
    -0.030084  0.000345  0.000029
    -0.007761  0.000138  0.000027
    -0.000137  0.000227  0.000026
    -0.000137  0.000227  0.000026
    -0.000713 -0.000055  0.000026
    -0.001018 -0.000204  0.000026
    -0.000531  0.000034  0.000026
    -0.000137  0.000227  0.000026
    -0.000012  0.000245  0.000026
     0.000299  0.000176  0.000026
     0.000507  0.000111  0.000026
     0.000458  0.000097  0.000026
     0.000241  0.000117  0.000026
     0.000138  0.000147  0.000026
     0.000364  0.000087  0.000026
    -0.000132  0.000226  0.000026
     0.000229  0.000120  0.000026
     0.000320  0.000107  0.000026
     0.000377  0.000103  0.000026
     0.000572  0.000069  0.000026
     0.000641  0.000059  0.000026
     0.000432  0.000101  0.000026
     0.000425  0.000102  0.000026
     0.000528  0.000081  0.000026
     0.000665  0.000052  0.000026
     0.000654  0.000052  0.000026
     0.000427  0.000093  0.000026
    -0.000137  0.000227  0.000026
    -0.000137  0.000227  0.000026
    -0.000137  0.000227  0.000026
    -0.000137  0.000227  0.000026
    -0.000137  0.000227  0.000026
    -0.000137  0.000227  0.000026
    -0.000137  0.000227  0.000026
    -0.000137  0.000227  0.000026
    -0.000608  0.000075  0.000026
    -0.000857 -0.000049  0.000026
    -0.001057 -0.000180  0.000026
    -0.001524 -0.000365  0.000026
    -0.002971 -0.000592  0.000026
    -0.002592 -0.000547  0.000026
    -0.000966  0.000073  0.000026
    -0.000729  0.000106  0.000026
    -0.000601  0.000093  0.000026
    -0.000137  0.000227  0.000026
    -0.000137  0.000227  0.000026
    -0.000137  0.000227  0.000026
    -0.000137  0.000227  0.000026
    -0.000137  0.000227  0.000026
    -0.000137  0.000227  0.000026
    -0.000557  0.000048  0.000026
    -0.000576  0.000153  0.000026
    -0.000480  0.000226  0.000026
    -0.000198  0.000336  0.000026
     0.000006  0.000320  0.000026
     0.000042  0.000424  0.000026
    -0.000076  0.000323  0.000026
    -0.000353  0.000131  0.000026
     0.001684 -0.000304  0.000026
     0.005236 -0.004086  0.000025
     0.004682 -0.008104  0.000025
     0.002169 -0.010079  0.000025
    -0.001077 -0.009331  0.000025
    -0.002715 -0.008916  0.000025
     0.002706 -0.012042  0.000025
     0.019978 -0.020421  0.000022
     0.057851 -0.026668  0.000018
     0.087739 -0.027544  0.000014
     0.087279 -0.018631  0.000015
     0.045753 -0.012821  0.000020
    -0.000792 -0.011311  0.000025
    -0.018332 -0.017797  0.000026
    -0.016246 -0.021639  0.000026
    -0.001580 -0.018765  0.000024
     0.009277 -0.015828  0.000024
     0.017104 -0.011121  0.000023
     0.016381  0.001291  0.000024
    -0.004083  0.008159  0.000027
    -0.046453  0.014929  0.000029
    -0.069290  0.008206  0.000029
    -0.057218 -0.004739  0.000031
    -0.033141 -0.009014  0.000029
    -0.012049 -0.006712  0.000026
    -0.001483 -0.000432  0.000026
    -0.000137  0.000227  0.000026
    -0.000137  0.000227  0.000026
    -0.001112 -0.000250  0.000026
    -0.000432  0.000083  0.000026
    -0.000137  0.000227  0.000026
     0.000028  0.000233  0.000026
     0.000328  0.000167  0.000026
     0.000550  0.000101  0.000026
     0.000381  0.000109  0.000026
     0.000312  0.000101  0.000026
    -0.000090  0.000213  0.000026
     0.000355  0.000089  0.000026
     0.000184  0.000133  0.000026
     0.000232  0.000119  0.000026
     0.000311  0.000109  0.000026
     0.000371  0.000104  0.000026
     0.000584  0.000067  0.000026
     0.000631  0.000061  0.000026
     0.000433  0.000101  0.000026
     0.000438  0.000099  0.000026
     0.000585  0.000069  0.000026
     0.000678  0.000049  0.000026
     0.000656  0.000050  0.000026
     0.000427  0.000092  0.000026
    -0.000110  0.000219  0.000026
    -0.000137  0.000227  0.000026
    -0.000137  0.000227  0.000026
    -0.000137  0.000227  0.000026
    -0.000137  0.000227  0.000026
    -0.000137  0.000227  0.000026
    -0.000137  0.000227  0.000026
    -0.000137  0.000227  0.000026
    -0.000603  0.000075  0.000026
    -0.000855 -0.000050  0.000026
    -0.001046 -0.000174  0.000026
    -0.001393 -0.000328  0.000026
    -0.002415 -0.000514  0.000026
    -0.002318 -0.000474  0.000026
    -0.001053  0.000084  0.000026
    -0.000800  0.000093  0.000026
    -0.000631  0.000083  0.000026
    -0.000137  0.000227  0.000026
    -0.000137  0.000227  0.000026
    -0.000137  0.000227  0.000026
    -0.000137  0.000227  0.000026
    -0.000047  0.000201  0.000026
    -0.000137  0.000227  0.000026
    -0.000560  0.000021  0.000026
    -0.000589  0.000111  0.000026
    -0.000471  0.000240  0.000026
    -0.000239  0.000357  0.000026
    -0.000082  0.000392  0.000026
    -0.000039  0.000372  0.000026
    -0.000081  0.000352  0.000026
    -0.000558  0.000021  0.000026
     0.003714 -0.002149  0.000025
     0.008808 -0.006910  0.000024
     0.010314 -0.012616  0.000024
     0.005333 -0.018955  0.000024
    -0.001913 -0.023892  0.000024
    -0.002719 -0.026315  0.000024
     0.009873 -0.032981  0.000022
     0.031986 -0.051314  0.000019
     0.062697 -0.061963  0.000015
     0.081357 -0.057918  0.000013
     0.081855 -0.040663  0.000014
     0.055721 -0.034146  0.000017
     0.012666 -0.040954  0.000022
    -0.011629 -0.043536  0.000024
    -0.016563 -0.042368  0.000024
    -0.008925 -0.034917  0.000024
     0.004156 -0.024611  0.000024
     0.007502 -0.016126  0.000024
     0.000752 -0.000020  0.000026
    -0.013276  0.019707  0.000029
    -0.048475  0.029426  0.000029
    -0.051102  0.009800  0.000030
    -0.042873 -0.010368  0.000029
    -0.031211 -0.017415  0.000028
    -0.017488 -0.015667  0.000026
    -0.006423 -0.004908  0.000026
    -0.001812 -0.000593  0.000026
    -0.000137  0.000227  0.000026
    -0.000633 -0.000016  0.000026
    -0.000512  0.000044  0.000026
    -0.000217  0.000254  0.000026
     0.000088  0.000215  0.000026
     0.000369  0.000151  0.000026
     0.000584  0.000089  0.000026
     0.000450  0.000091  0.000026
     0.000419  0.000081  0.000026
     0.000104  0.000157  0.000026
     0.000247  0.000115  0.000026
     0.000260  0.000111  0.000026
     0.000209  0.000126  0.000026
     0.000275  0.000115  0.000026
     0.000354  0.000107  0.000026
     0.000579  0.000069  0.000026
     0.000530  0.000082  0.000026
     0.000528  0.000083  0.000026
     0.000489  0.000089  0.000026
     0.000611  0.000063  0.000026
     0.000661  0.000051  0.000026
     0.000649  0.000051  0.000026
     0.000414  0.000094  0.000026
    -0.000122  0.000223  0.000026
    -0.000137  0.000227  0.000026
    -0.000137  0.000227  0.000026
    -0.000137  0.000227  0.000026
    -0.000137  0.000227  0.000026
    -0.000137  0.000227  0.000026
    -0.000137  0.000227  0.000026
    -0.000137  0.000227  0.000026
    -0.000571  0.000079  0.000026
    -0.000850 -0.000040  0.000026
    -0.000973 -0.000198  0.000026
    -0.001112 -0.000179  0.000026
    -0.001979 -0.000390  0.000026
    -0.001919 -0.000209  0.000026
    -0.001080  0.000072  0.000026
    -0.000855  0.000081  0.000026
    -0.000570  0.000077  0.000026
    -0.000137  0.000227  0.000026
    -0.000137  0.000227  0.000026
    -0.000137  0.000227  0.000026
    -0.000137  0.000227  0.000026
    -0.000137  0.000227  0.000026
    -0.000237  0.000178  0.000026
    -0.000348  0.000124  0.000026
    -0.000567  0.000102  0.000026
    -0.000451  0.000230  0.000026
    -0.000302  0.000324  0.000026
    -0.000103  0.000378  0.000026
     0.000005  0.000392  0.000026
    -0.000048  0.000345  0.000026
     0.000014 -0.000085  0.000026
     0.004981 -0.003596  0.000025
     0.013194 -0.008076  0.000024
     0.019660 -0.013333  0.000023
     0.018362 -0.025394  0.000022
     0.003595 -0.038294  0.000022
     0.002059 -0.053250  0.000021
     0.018106 -0.064971  0.000019
     0.044046 -0.073336  0.000016
     0.061331 -0.082377  0.000014
     0.066179 -0.075436  0.000014
     0.058758 -0.063671  0.000015
     0.056586 -0.049668  0.000016
     0.027131 -0.047383  0.000020
    -0.007526 -0.049444  0.000024
    -0.023421 -0.045848  0.000025
    -0.020036 -0.037652  0.000025
    -0.005971 -0.022475  0.000025
    -0.007691 -0.006026  0.000026
    -0.016496  0.010368  0.000029
    -0.036205  0.035726  0.000030
    -0.032885  0.037240  0.000030
    -0.025004  0.013668  0.000030
    -0.025816 -0.003516  0.000028
    -0.027493 -0.015199  0.000028
    -0.024523 -0.011624  0.000027
    -0.014104 -0.005443  0.000027
    -0.004276 -0.000702  0.000026
    -0.001221 -0.000051  0.000026
    -0.000137  0.000227  0.000026
    -0.000137  0.000227  0.000026
    -0.000153  0.000240  0.000026
     0.000130  0.000200  0.000026
     0.000468  0.000124  0.000026
     0.000531  0.000093  0.000026
     0.000474  0.000085  0.000026
     0.000313  0.000100  0.000026
     0.000039  0.000176  0.000026
     0.000189  0.000132  0.000026
     0.000304  0.000099  0.000026
     0.000300  0.000105  0.000026
     0.000204  0.000129  0.000026
     0.000360  0.000107  0.000026
     0.000566  0.000072  0.000026
     0.000560  0.000076  0.000026
     0.000562  0.000077  0.000026
     0.000579  0.000071  0.000026
     0.000638  0.000057  0.000026
     0.000660  0.000050  0.000026
     0.000634  0.000053  0.000026
     0.000402  0.000096  0.000026
    -0.000137  0.000227  0.000026
    -0.000137  0.000227  0.000026
    -0.000137  0.000227  0.000026
    -0.000137  0.000227  0.000026
    -0.000137  0.000227  0.000026
    -0.000137  0.000227  0.000026
    -0.000137  0.000227  0.000026
    -0.000430  0.000084  0.000026
    -0.000645  0.000074  0.000026
    -0.000868 -0.000001  0.000026
    -0.000978 -0.000161  0.000026
    -0.001084 -0.000104  0.000026
    -0.001382 -0.000078  0.000026
    -0.001502 -0.000067  0.000026
    -0.001102  0.000062  0.000026
    -0.000914  0.000069  0.000026
    -0.000633  0.000062  0.000026
    -0.000285  0.000155  0.000026
    -0.000137  0.000227  0.000026
    -0.000137  0.000227  0.000026
    -0.000137  0.000227  0.000026
    -0.000137  0.000227  0.000026
    -0.000261  0.000166  0.000026
    -0.000610  0.000008  0.000026
    -0.000553  0.000088  0.000026
    -0.000477  0.000186  0.000026
    -0.000299  0.000330  0.000026
    -0.000041  0.000393  0.000026
     0.000049  0.000407  0.000026
    -0.000164  0.000279  0.000026
     0.000873 -0.000101  0.000026
     0.004971 -0.000779  0.000025
     0.014916 -0.004098  0.000024
     0.027873 -0.007646  0.000022
     0.030400 -0.016559  0.000022
     0.018687 -0.028633  0.000022
     0.017101 -0.050309  0.000020
     0.029958 -0.067245  0.000018
     0.056971 -0.074253  0.000015
     0.052540 -0.072294  0.000015
     0.041412 -0.059595  0.000017
     0.033410 -0.033310  0.000020
     0.040730 -0.016193  0.000021
     0.027001 -0.010099  0.000023
     0.000990 -0.015347  0.000025
    -0.030295 -0.020631  0.000028
    -0.039377 -0.011770  0.000028
    -0.025788  0.002862  0.000029
    -0.034441  0.024039  0.000030
    -0.045121  0.048050  0.000030
    -0.044841  0.058195  0.000030
    -0.016714  0.052029  0.000032
    -0.008602  0.036375  0.000030
    -0.011852  0.016566  0.000029
    -0.024527  0.007965  0.000029
    -0.026001  0.002305  0.000029
    -0.017156  0.000764  0.000028
    -0.005327  0.000522  0.000026
    -0.001779  0.000428  0.000026
    -0.000137  0.000227  0.000026
    -0.000137  0.000227  0.000026
    -0.000121  0.000234  0.000026
     0.000189  0.000179  0.000026
     0.000489  0.000111  0.000026
     0.000562  0.000081  0.000026
     0.000492  0.000080  0.000026
     0.000335  0.000093  0.000026
    -0.000137  0.000227  0.000026
     0.000140  0.000146  0.000026
     0.000304  0.000099  0.000026
     0.000264  0.000111  0.000026
     0.000090  0.000161  0.000026
     0.000361  0.000108  0.000026
     0.000478  0.000091  0.000026
     0.000586  0.000072  0.000026
     0.000642  0.000060  0.000026
     0.000625  0.000061  0.000026
     0.000665  0.000051  0.000026
     0.000666  0.000048  0.000026
     0.000596  0.000060  0.000026
     0.000379  0.000100  0.000026
    -0.000137  0.000227  0.000026
    -0.000137  0.000227  0.000026
    -0.000137  0.000227  0.000026
    -0.000137  0.000227  0.000026
    -0.000137  0.000227  0.000026
    -0.000137  0.000227  0.000026
    -0.000137  0.000227  0.000026
    -0.000426  0.000085  0.000026
    -0.000662  0.000071  0.000026
    -0.000892  0.000032  0.000026
    -0.000980 -0.000106  0.000026
    -0.001002 -0.000068  0.000026
    -0.001110  0.000064  0.000026
    -0.001567 -0.000091  0.000026
    -0.001104  0.000055  0.000026
    -0.000919  0.000057  0.000026
    -0.000675  0.000050  0.000026
    -0.000478  0.000060  0.000026
    -0.000137  0.000227  0.000026
    -0.000137  0.000227  0.000026
    -0.000137  0.000227  0.000026
    -0.000137  0.000227  0.000026
    -0.000184  0.000204  0.000026
    -0.000641  0.000023  0.000026
    -0.000609  0.000077  0.000026
    -0.000461  0.000169  0.000026
    -0.000238  0.000177  0.000026
    -0.000066  0.000374  0.000026
     0.000010  0.000340  0.000026
    -0.000169  0.000261  0.000026
     0.000266  0.000109  0.000026
     0.003947  0.000156  0.000025
     0.014256  0.003230  0.000025
     0.026062  0.005030  0.000024
     0.033871  0.005177  0.000023
     0.033400 -0.004365  0.000022
     0.039782 -0.027245  0.000020
     0.050468 -0.052933  0.000017
     0.057123 -0.054290  0.000016
     0.034140 -0.034180  0.000020
     0.014210 -0.013063  0.000024
     0.004749  0.003350  0.000026
     0.018310  0.013561  0.000025
     0.020530  0.019257  0.000026
     0.005316  0.018940  0.000027
    -0.031154  0.015349  0.000029
    -0.055610  0.016926  0.000027
    -0.058270  0.037056  0.000027
    -0.065568  0.060161  0.000028
    -0.056371  0.070369  0.000029
    -0.036432  0.062188  0.000032
    -0.009103  0.054989  0.000032
     0.003857  0.045248  0.000029
    -0.001042  0.035580  0.000029
    -0.018587  0.025705  0.000030
    -0.022052  0.017308  0.000030
    -0.014735  0.009061  0.000028
    -0.005741  0.002585  0.000027
    -0.001074  0.000985  0.000026
    -0.000137  0.000227  0.000026
    -0.000137  0.000227  0.000026
    -0.000063  0.000221  0.000026
     0.000261  0.000156  0.000026
     0.000443  0.000112  0.000026
     0.000582  0.000076  0.000026
     0.000489  0.000075  0.000026
     0.000325  0.000096  0.000026
    -0.000137  0.000227  0.000026
     0.000039  0.000176  0.000026
     0.000032  0.000178  0.000026
     0.000151  0.000143  0.000026
     0.000091  0.000160  0.000026
     0.000356  0.000110  0.000026
     0.000490  0.000089  0.000026
     0.000620  0.000065  0.000026
     0.000752  0.000038  0.000026
     0.000669  0.000052  0.000026
     0.000690  0.000045  0.000026
     0.000656  0.000049  0.000026
     0.000520  0.000073  0.000026
     0.000339  0.000108  0.000026
    -0.000137  0.000227  0.000026
    -0.000137  0.000227  0.000026
    -0.000137  0.000227  0.000026
    -0.000137  0.000227  0.000026
    -0.000137  0.000227  0.000026
    -0.000137  0.000227  0.000026
    -0.000137  0.000227  0.000026
    -0.000402  0.000097  0.000026
    -0.000672  0.000069  0.000026
    -0.000826  0.000041  0.000026
    -0.001013  0.000000  0.000026
    -0.001006  0.000016  0.000026
    -0.001001  0.000074  0.000026
    -0.001120  0.000057  0.000026
    -0.001093  0.000050  0.000026
    -0.000948  0.000045  0.000026
    -0.000710  0.000040  0.000026
    -0.000601  0.000018  0.000026
    -0.000264  0.000165  0.000026
    -0.000137  0.000227  0.000026
    -0.000137  0.000227  0.000026
    -0.000137  0.000227  0.000026
    -0.000137  0.000227  0.000026
    -0.000678  0.000004  0.000026
    -0.000640  0.000107  0.000026
    -0.000424  0.000107  0.000026
    -0.000245  0.000093  0.000026
    -0.000102  0.000323  0.000026
    -0.000103  0.000249  0.000026
    -0.000229  0.000195  0.000026
    -0.000228  0.000182  0.000026
     0.001683  0.000458  0.000026
     0.007950  0.003379  0.000025
     0.020272  0.012983  0.000025
     0.032396  0.016048  0.000024
     0.047211  0.007702  0.000022
     0.064254 -0.012658  0.000018
     0.070987 -0.038367  0.000015
     0.040673 -0.035489  0.000019
     0.011087 -0.009782  0.000024
    -0.003774  0.006301  0.000027
    -0.004952  0.019331  0.000028
     0.009577  0.023565  0.000027
     0.015731  0.023488  0.000026
     0.008761  0.020781  0.000027
    -0.013630  0.012634  0.000029
    -0.062483  0.011814  0.000027
    -0.085696  0.028106  0.000027
    -0.080805  0.048850  0.000028
    -0.055401  0.052138  0.000031
    -0.028172  0.045755  0.000033
    -0.006246  0.032651  0.000029
     0.006201  0.032793  0.000028
     0.001572  0.031487  0.000028
    -0.008770  0.027298  0.000029
    -0.010997  0.019933  0.000029
    -0.007964  0.011270  0.000028
    -0.003379  0.003168  0.000026
    -0.000210  0.000737  0.000026
    -0.000098  0.000230  0.000026
    -0.000102  0.000225  0.000026
     0.000053  0.000195  0.000026
     0.000303  0.000146  0.000026
     0.000455  0.000107  0.000026
     0.000576  0.000070  0.000026
     0.000322  0.000106  0.000026
     0.000361  0.000087  0.000026
    -0.000137  0.000227  0.000026
    -0.000094  0.000214  0.000026
    -0.000130  0.000225  0.000026
    -0.000010  0.000190  0.000026
     0.000239  0.000127  0.000026
     0.000282  0.000126  0.000026
     0.000479  0.000091  0.000026
     0.000701  0.000049  0.000026
     0.000842  0.000020  0.000026
     0.000808  0.000024  0.000026
     0.000710  0.000040  0.000026
     0.000637  0.000052  0.000026
     0.000477  0.000081  0.000026
     0.000191  0.000137  0.000026
    -0.000137  0.000227  0.000026
    -0.000137  0.000227  0.000026
    -0.000137  0.000227  0.000026
    -0.000137  0.000227  0.000026
    -0.000137  0.000227  0.000026
    -0.000137  0.000227  0.000026
    -0.000137  0.000227  0.000026
    -0.000363  0.000116  0.000026
    -0.000673  0.000067  0.000026
    -0.000846  0.000062  0.000026
    -0.000993  0.000054  0.000026
    -0.001043  0.000057  0.000026
    -0.000985  0.000070  0.000026
    -0.001052  0.000061  0.000026
    -0.001025  0.000048  0.000026
    -0.000958  0.000036  0.000026
    -0.000743  0.000031  0.000026
    -0.000646  0.000015  0.000026
    -0.000446  0.000076  0.000026
    -0.000137  0.000227  0.000026
    -0.000137  0.000227  0.000026
    -0.000137  0.000227  0.000026
    -0.000137  0.000227  0.000026
    -0.000627  0.000016  0.000026
    -0.000684  0.000121  0.000026
    -0.000464  0.000221  0.000026
    -0.000259  0.000203  0.000026
    -0.000168  0.000252  0.000026
    -0.000137  0.000227  0.000026
    -0.000137  0.000227  0.000026
    -0.000240  0.000176  0.000026
    -0.000329  0.000133  0.000026
     0.001695  0.001421  0.000026
     0.013456  0.008126  0.000025
     0.032351  0.012222  0.000024
     0.062626  0.001679  0.000020
     0.082696 -0.017118  0.000015
     0.072008 -0.027910  0.000016
     0.024518 -0.017955  0.000022
    -0.006716 -0.006046  0.000026
    -0.015687  0.008089  0.000028
    -0.008726  0.014777  0.000028
     0.005915  0.015938  0.000027
     0.017405  0.017643  0.000026
     0.016874  0.011873  0.000025
    -0.005042  0.006642  0.000027
    -0.055877  0.006954  0.000028
    -0.090108  0.010577  0.000027
    -0.087322  0.021251  0.000029
    -0.056687  0.023624  0.000032
    -0.017939  0.021042  0.000029
    -0.003083  0.016078  0.000027
     0.003368  0.014627  0.000027
    -0.000093  0.016799  0.000027
    -0.003880  0.016830  0.000028
    -0.005697  0.013469  0.000028
    -0.004335  0.007423  0.000027
    -0.001066  0.002221  0.000026
     0.000126  0.000152  0.000026
    -0.000024  0.000221  0.000026
    -0.000032  0.000226  0.000026
     0.000103  0.000195  0.000026
     0.000245  0.000156  0.000026
     0.000447  0.000104  0.000026
     0.000581  0.000063  0.000026
     0.000435  0.000084  0.000026
     0.000230  0.000120  0.000026
    -0.000137  0.000227  0.000026
    -0.000137  0.000227  0.000026
    -0.000137  0.000227  0.000026
    -0.000137  0.000227  0.000026
     0.000179  0.000141  0.000026
     0.000312  0.000121  0.000026
     0.000550  0.000076  0.000026
     0.000780  0.000033  0.000026
     0.000918  0.000005  0.000026
     0.000851  0.000015  0.000026
     0.000705  0.000040  0.000026
     0.000595  0.000059  0.000026
     0.000433  0.000089  0.000026
     0.000150  0.000144  0.000026
    -0.000137  0.000227  0.000026
    -0.000137  0.000227  0.000026
    -0.000137  0.000227  0.000026
    -0.000137  0.000227  0.000026
    -0.000137  0.000227  0.000026
    -0.000137  0.000227  0.000026
    -0.000137  0.000227  0.000026
    -0.000302  0.000146  0.000026
    -0.000663  0.000066  0.000026
    -0.000852  0.000059  0.000026
    -0.000893  0.000064  0.000026
    -0.001018  0.000055  0.000026
    -0.001014  0.000059  0.000026
    -0.000975  0.000068  0.000026
    -0.000980  0.000050  0.000026
    -0.000923  0.000036  0.000026
    -0.000787  0.000025  0.000026
    -0.000711  0.000008  0.000026
    -0.000617 -0.000007  0.000026
    -0.000137  0.000227  0.000026
    -0.000137  0.000227  0.000026
    -0.000137  0.000227  0.000026
    -0.000137  0.000227  0.000026
    -0.000620  0.000046  0.000026
    -0.000628  0.000139  0.000026
    -0.000531  0.000230  0.000026
    -0.000346  0.000295  0.000026
    -0.000246  0.000230  0.000026
    -0.000137  0.000227  0.000026
    -0.000137  0.000227  0.000026
    -0.000137  0.000227  0.000026
    -0.000156  0.000235  0.000026
    -0.000137  0.000227  0.000026
     0.007800  0.000543  0.000025
     0.032456 -0.000269  0.000022
     0.066950 -0.004606  0.000019
     0.087223 -0.008777  0.000015
     0.067205 -0.010665  0.000018
     0.017511 -0.008658  0.000024
    -0.013033 -0.006606  0.000027
    -0.018732 -0.004036  0.000027
    -0.011640 -0.000556  0.000027
     0.001600  0.000462  0.000026
     0.017612  0.001942  0.000024
     0.018888  0.002060  0.000024
    -0.002144  0.004441  0.000027
    -0.048645  0.006254  0.000029
    -0.088381  0.004111  0.000028
    -0.085617  0.002926  0.000030
    -0.053480  0.002516  0.000032
    -0.017655  0.000487  0.000028
    -0.001281  0.000940  0.000026
     0.000761  0.000841  0.000026
     0.000210  0.002731  0.000026
    -0.001330  0.004605  0.000026
    -0.002354  0.004100  0.000026
    -0.001258  0.002136  0.000026
    -0.000153  0.000337  0.000026
    -0.000048  0.000236  0.000026
    -0.000010  0.000237  0.000026
    -0.000008  0.000238  0.000026
     0.000134  0.000197  0.000026
     0.000244  0.000148  0.000026
     0.000473  0.000098  0.000026
     0.000456  0.000088  0.000026
     0.000399  0.000085  0.000026
    -0.000137  0.000227  0.000026
    -0.000137  0.000227  0.000026
    -0.000137  0.000227  0.000026
    -0.000137  0.000227  0.000026
    -0.000137  0.000227  0.000026
     0.000202  0.000137  0.000026
     0.000381  0.000108  0.000026
     0.000573  0.000072  0.000026
     0.000854  0.000018  0.000026
     0.000986 -0.000009  0.000026
     0.000883  0.000007  0.000026
     0.000687  0.000043  0.000026
     0.000561  0.000065  0.000026
     0.000379  0.000099  0.000026
     0.000027  0.000179  0.000026
    -0.000137  0.000227  0.000026
    -0.000137  0.000227  0.000026
    -0.000137  0.000227  0.000026
    -0.000137  0.000227  0.000026
    -0.000137  0.000227  0.000026
    -0.000137  0.000227  0.000026
    -0.000137  0.000227  0.000026
    -0.000137  0.000227  0.000026
    -0.000651  0.000067  0.000026
    -0.000847  0.000056  0.000026
    -0.000897  0.000059  0.000026
    -0.000982  0.000054  0.000026
    -0.000977  0.000058  0.000026
    -0.001024  0.000056  0.000026
    -0.000879  0.000061  0.000026
    -0.000883  0.000038  0.000026
    -0.000769  0.000027  0.000026
    -0.000760  0.000003  0.000026
    -0.000686 -0.000010  0.000026
    -0.000397  0.000100  0.000026
    -0.000227  0.000183  0.000026
    -0.000137  0.000227  0.000026
    -0.000137  0.000227  0.000026
    -0.000501  0.000082  0.000026
    -0.000622  0.000148  0.000026
    -0.000551  0.000222  0.000026
    -0.000391  0.000272  0.000026
    -0.000320  0.000205  0.000026
    -0.000137  0.000227  0.000026
    -0.000137  0.000227  0.000026
    -0.000137  0.000227  0.000026
    -0.000137  0.000227  0.000026
    -0.000137  0.000227  0.000026
     0.007587 -0.003199  0.000025
     0.032538 -0.005064  0.000022
     0.066944 -0.001643  0.000019
     0.088273  0.003074  0.000016
     0.069108  0.004089  0.000018
     0.019864  0.000782  0.000024
    -0.009768 -0.002388  0.000027
    -0.016829 -0.011022  0.000027
    -0.009495 -0.014713  0.000026
     0.003056 -0.014280  0.000024
     0.013249 -0.012554  0.000023
     0.014898 -0.003419  0.000024
    -0.005584  0.005206  0.000027
    -0.048726  0.011361  0.000029
    -0.085264  0.011937  0.000028
    -0.081206 -0.000893  0.000030
    -0.049791 -0.010498  0.000030
    -0.018901 -0.010628  0.000027
    -0.003285 -0.002894  0.000026
    -0.000137  0.000227  0.000026
    -0.000214  0.000370  0.000026
    -0.001062  0.000422  0.000026
    -0.000944  0.000340  0.000026
    -0.000137  0.000227  0.000026
    -0.000142  0.000242  0.000026
    -0.000071  0.000253  0.000026
    -0.000014  0.000251  0.000026
    -0.000004  0.000248  0.000026
     0.000226  0.000180  0.000026
     0.000208  0.000155  0.000026
     0.000446  0.000103  0.000026
     0.000449  0.000085  0.000026
     0.000215  0.000124  0.000026
    -0.000137  0.000227  0.000026
    -0.000137  0.000227  0.000026
    -0.000137  0.000227  0.000026
    -0.000137  0.000227  0.000026
    -0.000137  0.000227  0.000026
     0.000275  0.000124  0.000026
     0.000430  0.000099  0.000026
     0.000663  0.000054  0.000026
     0.000940  0.000000  0.000026
     0.001045 -0.000022  0.000026
     0.000872  0.000008  0.000026
     0.000649  0.000049  0.000026
     0.000516  0.000073  0.000026
     0.000219  0.000131  0.000026
    -0.000137  0.000227  0.000026
    -0.000137  0.000227  0.000026
    -0.000137  0.000227  0.000026
    -0.000137  0.000227  0.000026
    -0.000137  0.000227  0.000026
    -0.000137  0.000227  0.000026
    -0.000137  0.000227  0.000026
    -0.000137  0.000227  0.000026
    -0.000137  0.000227  0.000026
    -0.000629  0.000068  0.000026
    -0.000831  0.000055  0.000026
    -0.000894  0.000055  0.000026
    -0.000882  0.000064  0.000026
    -0.001012  0.000052  0.000026
    -0.000996  0.000052  0.000026
    -0.000905  0.000053  0.000026
    -0.000785  0.000050  0.000026
    -0.000738  0.000031  0.000026
    -0.000762  0.000004  0.000026
    -0.000740 -0.000012  0.000026
    -0.000674 -0.000028  0.000026
    -0.000395  0.000101  0.000026
    -0.000137  0.000227  0.000026
    -0.000138  0.000226  0.000026
    -0.000539  0.000085  0.000026
    -0.000572  0.000153  0.000026
    -0.000556  0.000218  0.000026
    -0.000445  0.000261  0.000026
    -0.000355  0.000202  0.000026
    -0.000226  0.000183  0.000026
    -0.000137  0.000227  0.000026
    -0.000201  0.000195  0.000026
    -0.000275  0.000160  0.000026
     0.003120 -0.003297  0.000025
     0.013943 -0.012245  0.000023
     0.034463 -0.017639  0.000021
     0.062162 -0.014556  0.000018
     0.076694  0.005257  0.000018
     0.074689  0.029156  0.000019
     0.033099  0.020848  0.000024
    -0.000236  0.002572  0.000026
    -0.011680 -0.011586  0.000026
    -0.008132 -0.017615  0.000025
     0.000312 -0.019528  0.000024
     0.009395 -0.017292  0.000024
     0.001070 -0.007794  0.000025
    -0.017118  0.005543  0.000028
    -0.058522  0.022585  0.000028
    -0.073461  0.015310  0.000028
    -0.065339 -0.011706  0.000030
    -0.047241 -0.022181  0.000029
    -0.023221 -0.018571  0.000027
    -0.010985 -0.010966  0.000026
    -0.003657 -0.001329  0.000026
    -0.001247  0.000243  0.000026
    -0.000725  0.000430  0.000026
    -0.000764 -0.000017  0.000026
    -0.000137  0.000227  0.000026
    -0.000124  0.000255  0.000026
    -0.000115  0.000278  0.000026
    -0.000065  0.000276  0.000026
     0.000095  0.000232  0.000026
     0.000164  0.000192  0.000026
     0.000284  0.000141  0.000026
     0.000376  0.000111  0.000026
     0.000393  0.000089  0.000026
    -0.000137  0.000227  0.000026
    -0.000137  0.000227  0.000026
    -0.000137  0.000227  0.000026
    -0.000137  0.000227  0.000026
    -0.000137  0.000227  0.000026
    -0.000051  0.000202  0.000026
     0.000263  0.000128  0.000026
     0.000465  0.000092  0.000026
     0.000759  0.000035  0.000026
     0.001014 -0.000015  0.000026
     0.001066 -0.000027  0.000026
     0.000841  0.000013  0.000026
     0.000619  0.000054  0.000026
     0.000452  0.000085  0.000026
     0.000166  0.000141  0.000026
    -0.000137  0.000227  0.000026
    -0.000137  0.000227  0.000026
    -0.000137  0.000227  0.000026
    -0.000137  0.000227  0.000026
    -0.000137  0.000227  0.000026
    -0.000137  0.000227  0.000026
    -0.000137  0.000227  0.000026
    -0.000137  0.000227  0.000026
    -0.000137  0.000227  0.000026
    -0.000609  0.000068  0.000026
    -0.000810  0.000054  0.000026
    -0.000885  0.000052  0.000026
    -0.000884  0.000059  0.000026
    -0.000976  0.000052  0.000026
    -0.000966  0.000051  0.000026
    -0.000916  0.000048  0.000026
    -0.000821  0.000044  0.000026
    -0.000664  0.000043  0.000026
    -0.000730  0.000010  0.000026
    -0.000756 -0.000011  0.000026
    -0.000709 -0.000026  0.000026
    -0.000641 -0.000011  0.000026
    -0.000137  0.000227  0.000026
    -0.000383  0.000107  0.000026
    -0.000490  0.000094  0.000026
    -0.000536  0.000147  0.000026
    -0.000533  0.000209  0.000026
    -0.000457  0.000247  0.000026
    -0.000431  0.000216  0.000026
    -0.000354  0.000126  0.000026
    -0.000137  0.000227  0.000026
    -0.000144  0.000223  0.000026
     0.001807 -0.000896  0.000025
     0.007463 -0.009091  0.000024
     0.020210 -0.015364  0.000023
     0.033771 -0.022713  0.000021
     0.045517 -0.014297  0.000020
     0.047005  0.006579  0.000022
     0.060602  0.036215  0.000021
     0.052072  0.036652  0.000023
     0.018789  0.015412  0.000025
    -0.000021  0.000158  0.000026
    -0.004044 -0.008577  0.000026
     0.000566 -0.010078  0.000025
     0.000251 -0.004908  0.000026
    -0.010814  0.005393  0.000028
    -0.040239  0.020636  0.000030
    -0.065577  0.032977  0.000028
    -0.052715  0.019529  0.000029
    -0.043076 -0.001398  0.000030
    -0.038833 -0.017743  0.000028
    -0.029765 -0.017439  0.000028
    -0.019488 -0.012229  0.000027
    -0.008821 -0.005405  0.000026
    -0.003355 -0.000732  0.000026
    -0.000717 -0.000057  0.000026
    -0.000402  0.000097  0.000026
    -0.000171  0.000239  0.000026
    -0.000183  0.000292  0.000026
    -0.000179  0.000307  0.000026
    -0.000008  0.000267  0.000026
     0.000099  0.000226  0.000026
     0.000223  0.000179  0.000026
     0.000329  0.000130  0.000026
     0.000317  0.000113  0.000026
     0.000166  0.000139  0.000026
    -0.000137  0.000227  0.000026
    -0.000137  0.000227  0.000026
    -0.000137  0.000227  0.000026
    -0.000137  0.000227  0.000026
    -0.000137  0.000227  0.000026
     0.000081  0.000164  0.000026
     0.000371  0.000108  0.000026
     0.000551  0.000075  0.000026
     0.000844  0.000018  0.000026
     0.001063 -0.000025  0.000026
     0.001052 -0.000026  0.000026
     0.000824  0.000016  0.000026
     0.000566  0.000064  0.000026
     0.000287  0.000118  0.000026
     0.000032  0.000178  0.000026
    -0.000137  0.000227  0.000026
    -0.000137  0.000227  0.000026
    -0.000137  0.000227  0.000026
    -0.000137  0.000227  0.000026
    -0.000137  0.000227  0.000026
    -0.000137  0.000227  0.000026
    -0.000137  0.000227  0.000026
    -0.000137  0.000227  0.000026
    -0.000137  0.000227  0.000026
    -0.000601  0.000067  0.000026
    -0.000774  0.000055  0.000026
    -0.000870  0.000050  0.000026
    -0.000878  0.000055  0.000026
    -0.000905  0.000059  0.000026
    -0.000922  0.000053  0.000026
    -0.000911  0.000046  0.000026
    -0.000823  0.000044  0.000026
    -0.000719  0.000039  0.000026
    -0.000664  0.000023  0.000026
    -0.000741 -0.000006  0.000026
    -0.000726 -0.000024  0.000026
    -0.000682 -0.000007  0.000026
    -0.000273  0.000160  0.000026
    -0.000304  0.000145  0.000026
    -0.000496  0.000100  0.000026
    -0.000520  0.000139  0.000026
    -0.000545  0.000184  0.000026
    -0.000432  0.000235  0.000026
    -0.000434  0.000212  0.000026
    -0.000390  0.000156  0.000026
    -0.000404  0.000096  0.000026
     0.000742 -0.000029  0.000026
     0.004253 -0.002640  0.000025
     0.012268 -0.007557  0.000024
     0.023163 -0.009888  0.000023
     0.029397 -0.007817  0.000022
     0.024422  0.003006  0.000024
     0.020329  0.022249  0.000026
     0.033560  0.052054  0.000026
     0.055663  0.064900  0.000024
     0.038960  0.056626  0.000026
     0.016210  0.037215  0.000027
     0.002190  0.022781  0.000028
    -0.000074  0.021137  0.000028
    -0.010216  0.030633  0.000030
    -0.027081  0.046840  0.000031
    -0.052429  0.057073  0.000029
    -0.057432  0.057052  0.000029
    -0.027123  0.040856  0.000032
    -0.020064  0.016762  0.000029
    -0.025491  0.003627  0.000029
    -0.027826 -0.004440  0.000028
    -0.021651 -0.007003  0.000028
    -0.012908 -0.003468  0.000027
    -0.004493 -0.001046  0.000026
    -0.001018 -0.000204  0.000026
    -0.000137  0.000227  0.000026
    -0.000277  0.000294  0.000026
    -0.000292  0.000328  0.000026
    -0.000154  0.000301  0.000026
     0.000025  0.000256  0.000026
     0.000131  0.000215  0.000026
     0.000246  0.000167  0.000026
     0.000226  0.000142  0.000026
     0.000024  0.000180  0.000026
    -0.000137  0.000227  0.000026
    -0.000137  0.000227  0.000026
    -0.000137  0.000227  0.000026
    -0.000137  0.000227  0.000026
    -0.000137  0.000227  0.000026
    -0.000137  0.000227  0.000026
     0.000198  0.000138  0.000026
     0.000487  0.000087  0.000026
     0.000763  0.000034  0.000026
     0.000937 -0.000000  0.000026
     0.001091 -0.000032  0.000026
     0.001007 -0.000018  0.000026
     0.000787  0.000022  0.000026
     0.000492  0.000078  0.000026
     0.000249  0.000125  0.000026
    -0.000137  0.000227  0.000026
    -0.000137  0.000227  0.000026
    -0.000137  0.000227  0.000026
    -0.000137  0.000227  0.000026
    -0.000137  0.000227  0.000026
    -0.000137  0.000227  0.000026
    -0.000137  0.000227  0.000026
    -0.000137  0.000227  0.000026
    -0.000137  0.000227  0.000026
    -0.000137  0.000227  0.000026
    -0.000621  0.000062  0.000026
    -0.000734  0.000056  0.000026
    -0.000843  0.000050  0.000026
    -0.000866  0.000053  0.000026
    -0.000909  0.000054  0.000026
    -0.000817  0.000065  0.000026
    -0.000867  0.000049  0.000026
    -0.000832  0.000042  0.000026
    -0.000732  0.000040  0.000026
    -0.000703  0.000021  0.000026
    -0.000708  0.000002  0.000026
    -0.000726 -0.000021  0.000026
    -0.000692 -0.000005  0.000026
    -0.000566  0.000017  0.000026
    -0.000555  0.000038  0.000026
    -0.000519  0.000097  0.000026
    -0.000535  0.000141  0.000026
    -0.000513  0.000168  0.000026
    -0.000463  0.000208  0.000026
    -0.000363  0.000214  0.000026
    -0.000423  0.000172  0.000026
    -0.000426  0.000126  0.000026
     0.001010 -0.000108  0.000026
     0.004495 -0.000315  0.000025
     0.012331 -0.000288  0.000024
     0.020023  0.005826  0.000024
     0.019342  0.014534  0.000025
     0.010195  0.026461  0.000027
     0.003708  0.040907  0.000029
     0.014416  0.058430  0.000029
     0.039938  0.069549  0.000026
     0.042977  0.078015  0.000026
     0.029335  0.078472  0.000028
     0.013040  0.073379  0.000030
    -0.001940  0.071258  0.000029
    -0.018304  0.073210  0.000030
    -0.038245  0.076712  0.000029
    -0.046318  0.075012  0.000030
    -0.036082  0.062519  0.000032
    -0.013334  0.049881  0.000032
    -0.005489  0.034932  0.000029
    -0.015499  0.022221  0.000029
    -0.020219  0.013461  0.000029
    -0.016680  0.003811  0.000028
    -0.009700 -0.000443  0.000027
    -0.004038 -0.001295  0.000026
    -0.000551  0.000024  0.000026
    -0.000268  0.000287  0.000026
    -0.000395  0.000331  0.000026
    -0.000289  0.000328  0.000026
    -0.000161  0.000297  0.000026
     0.000133  0.000226  0.000026
     0.000123  0.000203  0.000026
     0.000166  0.000171  0.000026
     0.000149  0.000144  0.000026
    -0.000137  0.000227  0.000026
    -0.000137  0.000227  0.000026
    -0.000137  0.000227  0.000026
    -0.000137  0.000227  0.000026
    -0.000137  0.000227  0.000026
    -0.000137  0.000227  0.000026
    -0.000137  0.000227  0.000026
     0.000276  0.000125  0.000026
     0.000592  0.000066  0.000026
     0.000864  0.000014  0.000026
     0.000993 -0.000012  0.000026
     0.001060 -0.000027  0.000026
     0.000964 -0.000011  0.000026
     0.000717  0.000035  0.000026
     0.000332  0.000110  0.000026
     0.000193  0.000136  0.000026
    -0.000137  0.000227  0.000026
    -0.000137  0.000227  0.000026
    -0.000137  0.000227  0.000026
    -0.000137  0.000227  0.000026
    -0.000137  0.000227  0.000026
    -0.000137  0.000227  0.000026
    -0.000137  0.000227  0.000026
    -0.000137  0.000227  0.000026
    -0.000137  0.000227  0.000026
    -0.000137  0.000227  0.000026
    -0.000524  0.000073  0.000026
    -0.000755  0.000050  0.000026
    -0.000814  0.000050  0.000026
    -0.000855  0.000051  0.000026
    -0.000907  0.000050  0.000026
    -0.000835  0.000060  0.000026
    -0.000749  0.000064  0.000026
    -0.000796  0.000046  0.000026
    -0.000732  0.000043  0.000026
    -0.000730  0.000024  0.000026
    -0.000688  0.000007  0.000026
    -0.000693 -0.000013  0.000026
    -0.000660  0.000001  0.000026
    -0.000625 -0.000008  0.000026
    -0.000615  0.000031  0.000026
    -0.000488  0.000094  0.000026
    -0.000536  0.000136  0.000026
    -0.000548  0.000169  0.000026
    -0.000491  0.000180  0.000026
    -0.000448  0.000185  0.000026
    -0.000397  0.000166  0.000026
    -0.000355  0.000160  0.000026
     0.000174  0.000133  0.000026
     0.003201  0.000370  0.000025
     0.006684  0.003438  0.000025
     0.011346  0.012785  0.000026
     0.009636  0.022725  0.000027
     0.001346  0.028835  0.000028
    -0.004681  0.034328  0.000029
     0.007824  0.040276  0.000029
     0.025620  0.047754  0.000027
     0.032748  0.060417  0.000027
     0.035805  0.066548  0.000027
     0.021901  0.058777  0.000028
    -0.005184  0.050918  0.000031
    -0.025742  0.056290  0.000031
    -0.038575  0.060826  0.000032
    -0.033686  0.055012  0.000033
    -0.024493  0.044323  0.000032
    -0.005310  0.030838  0.000029
     0.001110  0.026483  0.000028
    -0.004824  0.021546  0.000028
    -0.006823  0.013884  0.000028
    -0.006384  0.004396  0.000027
    -0.004241 -0.000205  0.000026
    -0.002399 -0.000880  0.000026
     0.000053 -0.000426  0.000026
    -0.000396  0.000320  0.000026
    -0.000323  0.000118  0.000026
    -0.000168  0.000031  0.000026
    -0.000048  0.000261  0.000026
     0.000091  0.000217  0.000026
     0.000048  0.000204  0.000026
     0.000156  0.000156  0.000026
    -0.000137  0.000227  0.000026
    -0.000137  0.000227  0.000026
    -0.000137  0.000227  0.000026
    -0.000137  0.000227  0.000026
    -0.000137  0.000227  0.000026
    -0.000137  0.000227  0.000026
    -0.000137  0.000227  0.000026
     0.000112  0.000154  0.000026
     0.000453  0.000092  0.000026
     0.000701  0.000045  0.000026
     0.000943 -0.000002  0.000026
     0.001024 -0.000019  0.000026
     0.001039 -0.000024  0.000026
     0.000869  0.000007  0.000026
     0.000634  0.000050  0.000026
     0.000291  0.000117  0.000026
     0.000143  0.000145  0.000026
    -0.000137  0.000227  0.000026
    -0.000137  0.000227  0.000026
    -0.000137  0.000227  0.000026
    -0.000137  0.000227  0.000026
    -0.000137  0.000227  0.000026
    -0.000137  0.000227  0.000026
    -0.000137  0.000227  0.000026
    -0.000137  0.000227  0.000026
    -0.000137  0.000227  0.000026
    -0.000137  0.000227  0.000026
    -0.000499  0.000074  0.000026
    -0.000733  0.000050  0.000026
    -0.000794  0.000048  0.000026
    -0.000833  0.000050  0.000026
    -0.000868  0.000050  0.000026
    -0.000851  0.000055  0.000026
    -0.000757  0.000062  0.000026
    -0.000678  0.000063  0.000026
    -0.000720  0.000047  0.000026
    -0.000729  0.000030  0.000026
    -0.000671  0.000014  0.000026
    -0.000689 -0.000010  0.000026
    -0.000703 -0.000003  0.000026
    -0.000607 -0.000000  0.000026
    -0.000637  0.000022  0.000026
    -0.000597  0.000080  0.000026
    -0.000554  0.000117  0.000026
    -0.000559  0.000158  0.000026
    -0.000487  0.000189  0.000026
    -0.000462  0.000188  0.000026
    -0.000449  0.000156  0.000026
    -0.000469  0.000137  0.000026
    -0.000423  0.000087  0.000026
     0.001024  0.000841  0.000026
     0.001957  0.002068  0.000026
     0.001784  0.009228  0.000026
    -0.000088  0.016713  0.000027
    -0.003849  0.021054  0.000028
    -0.005665  0.020299  0.000028
     0.000133  0.019193  0.000027
     0.013540  0.023012  0.000026
     0.026181  0.033424  0.000026
     0.038262  0.034706  0.000025
     0.028649  0.030422  0.000026
    -0.001841  0.024210  0.000028
    -0.032394  0.030186  0.000032
    -0.034983  0.032236  0.000032
    -0.022700  0.025446  0.000030
    -0.010673  0.019059  0.000029
    -0.000983  0.012993  0.000027
     0.002174  0.011489  0.000027
     0.000816  0.008932  0.000026
    -0.000847  0.004473  0.000026
    -0.001505  0.000764  0.000026
    -0.002022 -0.000420  0.000026
    -0.000327  0.000134  0.000026
    -0.000286  0.000254  0.000026
    -0.000296  0.000174  0.000026
    -0.000281  0.000217  0.000026
    -0.000142  0.000244  0.000026
    -0.000053  0.000243  0.000026
     0.000116  0.000194  0.000026
     0.000113  0.000171  0.000026
    -0.000137  0.000227  0.000026
    -0.000137  0.000227  0.000026
    -0.000137  0.000227  0.000026
    -0.000137  0.000227  0.000026
    -0.000137  0.000227  0.000026
    -0.000137  0.000227  0.000026
    -0.000137  0.000227  0.000026
    -0.000137  0.000227  0.000026
     0.000282  0.000122  0.000026
     0.000568  0.000070  0.000026
     0.000796  0.000027  0.000026
     0.000933 -0.000001  0.000026
     0.001033 -0.000022  0.000026
     0.000964 -0.000011  0.000026
     0.000778  0.000024  0.000026
     0.000478  0.000081  0.000026
     0.000256  0.000123  0.000026
     0.000021  0.000181  0.000026
    -0.000137  0.000227  0.000026
    -0.000137  0.000227  0.000026
    -0.000137  0.000227  0.000026
    -0.000137  0.000227  0.000026
    -0.000137  0.000227  0.000026
    -0.000137  0.000227  0.000026
    -0.000137  0.000227  0.000026
    -0.000137  0.000227  0.000026
    -0.000137  0.000227  0.000026
    -0.000137  0.000227  0.000026
    -0.000468  0.000077  0.000026
    -0.000696  0.000052  0.000026
    -0.000794  0.000044  0.000026
    -0.000818  0.000048  0.000026
    -0.000861  0.000047  0.000026
    -0.000863  0.000051  0.000026
    -0.000774  0.000060  0.000026
    -0.000686  0.000062  0.000026
    -0.000618  0.000064  0.000026
    -0.000707  0.000036  0.000026
    -0.000653  0.000025  0.000026
    -0.000640 -0.000001  0.000026
    -0.000699 -0.000004  0.000026
    -0.000638  0.000000  0.000026
    -0.000592  0.000015  0.000026
    -0.000596  0.000070  0.000026
    -0.000655  0.000101  0.000026
    -0.000602  0.000136  0.000026
    -0.000504  0.000169  0.000026
    -0.000421  0.000209  0.000026
    -0.000452  0.000190  0.000026
    -0.000483  0.000155  0.000026
    -0.000492  0.000118  0.000026
    -0.000638 -0.000018  0.000026
    -0.000221  0.001445  0.000026
    -0.000465  0.002340  0.000026
    -0.000853  0.004932  0.000026
    -0.001543  0.005306  0.000026
    -0.001545  0.001971  0.000026
    -0.000312  0.001808  0.000026
     0.005217  0.004335  0.000026
     0.020788  0.009884  0.000025
     0.033629  0.014595  0.000024
     0.026157  0.014787  0.000025
    -0.001644  0.016129  0.000028
    -0.027097  0.015618  0.000030
    -0.030446  0.012601  0.000030
    -0.017871  0.007400  0.000028
    -0.003047  0.001286  0.000026
    -0.000090  0.000213  0.000026
     0.001111 -0.000137  0.000026
     0.001322  0.000647  0.000026
     0.000826  0.000453  0.000026
     0.000015  0.000009  0.000026
    -0.000043  0.000200  0.000026
    -0.000112  0.000232  0.000026
    -0.000222  0.000262  0.000026
    -0.000285  0.000287  0.000026
    -0.000164  0.000271  0.000026
    -0.000084  0.000241  0.000026
    -0.000003  0.000207  0.000026
     0.000115  0.000170  0.000026
     0.000022  0.000181  0.000026
    -0.000137  0.000227  0.000026
    -0.000137  0.000227  0.000026
    -0.000137  0.000227  0.000026
    -0.000137  0.000227  0.000026
    -0.000137  0.000227  0.000026
    -0.000137  0.000227  0.000026
    -0.000137  0.000227  0.000026
     0.000179  0.000140  0.000026
     0.000389  0.000103  0.000026
     0.000674  0.000050  0.000026
     0.000883  0.000009  0.000026
     0.000897  0.000006  0.000026
     0.000984 -0.000014  0.000026
     0.000864  0.000008  0.000026
     0.000614  0.000056  0.000026
     0.000430  0.000090  0.000026
     0.000226  0.000129  0.000026
    -0.000137  0.000227  0.000026
    -0.000137  0.000227  0.000026
    -0.000137  0.000227  0.000026
    -0.000137  0.000227  0.000026
    -0.000137  0.000227  0.000026
    -0.000137  0.000227  0.000026
    -0.000137  0.000227  0.000026
    -0.000137  0.000227  0.000026
    -0.000137  0.000227  0.000026
    -0.000137  0.000227  0.000026
    -0.000137  0.000227  0.000026
    -0.000410  0.000093  0.000026
    -0.000575  0.000066  0.000026
    -0.000766  0.000044  0.000026
    -0.000829  0.000041  0.000026
    -0.000848  0.000045  0.000026
    -0.000872  0.000047  0.000026
    -0.000805  0.000055  0.000026
    -0.000697  0.000062  0.000026
    -0.000635  0.000064  0.000026
    -0.000617  0.000053  0.000026
    -0.000640  0.000034  0.000026
    -0.000602  0.000015  0.000026
    -0.000671 -0.000002  0.000026
    -0.000653  0.000002  0.000026
    -0.000550  0.000025  0.000026
    -0.000599  0.000048  0.000026
    -0.000599  0.000101  0.000026
    -0.000633  0.000128  0.000026
    -0.000539  0.000146  0.000026
    -0.000480  0.000179  0.000026
    -0.000488  0.000208  0.000026
    -0.000460  0.000182  0.000026
    -0.000502  0.000167  0.000026
    -0.000444  0.000178  0.000026
    -0.000621  0.000025  0.000026
    -0.000751 -0.000073  0.000026
    -0.000419  0.000089  0.000026
    -0.000195  0.000198  0.000026
    -0.000137  0.000227  0.000026
    -0.000134  0.000229  0.000026
     0.002051 -0.000409  0.000025
     0.015181  0.001915  0.000024
     0.025977  0.012154  0.000024
     0.020012  0.018333  0.000025
    -0.000565  0.020214  0.000028
    -0.021144  0.015183  0.000029
    -0.024309  0.006039  0.000029
    -0.011112 -0.000466  0.000027
    -0.001185 -0.000286  0.000026
    -0.000308  0.000290  0.000026
    -0.000137  0.000227  0.000026
    -0.000137  0.000227  0.000026
    -0.000137  0.000227  0.000026
    -0.000073  0.000208  0.000026
    -0.000067  0.000207  0.000026
    -0.000058  0.000215  0.000026
    -0.000137  0.000233  0.000026
    -0.000122  0.000240  0.000026
    -0.000002  0.000216  0.000026
    -0.000137  0.000227  0.000026
     0.000031  0.000182  0.000026
     0.000091  0.000163  0.000026
    -0.000137  0.000227  0.000026
    -0.000137  0.000227  0.000026
    -0.000137  0.000227  0.000026
    -0.000137  0.000227  0.000026
    -0.000137  0.000227  0.000026
    -0.000137  0.000227  0.000026
    -0.000137  0.000227  0.000026
     0.000017  0.000182  0.000026
     0.000277  0.000123  0.000026
     0.000507  0.000081  0.000026
     0.000784  0.000029  0.000026
     0.000971 -0.000008  0.000026
     0.000885  0.000007  0.000026
     0.000895  0.000003  0.000026
     0.000668  0.000046  0.000026
     0.000571  0.000063  0.000026
     0.000314  0.000112  0.000026
     0.000138  0.000147  0.000026
    -0.000137  0.000227  0.000026
    -0.000137  0.000227  0.000026
    -0.000137  0.000227  0.000026
    -0.000137  0.000227  0.000026
    -0.000137  0.000227  0.000026
    -0.000137  0.000227  0.000026
    -0.000137  0.000227  0.000026
    -0.000137  0.000227  0.000026
    -0.000137  0.000227  0.000026
    -0.000137  0.000227  0.000026
    -0.000137  0.000227  0.000026
    -0.000212  0.000190  0.000026
    -0.000537  0.000069  0.000026
    -0.000726  0.000047  0.000026
    -0.000802  0.000041  0.000026
    -0.000795  0.000046  0.000026
    -0.000880  0.000042  0.000026
    -0.000830  0.000051  0.000026
    -0.000719  0.000060  0.000026
    -0.000635  0.000065  0.000026
    -0.000561  0.000066  0.000026
    -0.000556  0.000050  0.000026
    -0.000558  0.000033  0.000026
    -0.000573  0.000014  0.000026
    -0.000622  0.000007  0.000026
    -0.000530  0.000035  0.000026
    -0.000577  0.000024  0.000026
    -0.000614  0.000077  0.000026
    -0.000617  0.000119  0.000026
    -0.000594  0.000137  0.000026
    -0.000477  0.000163  0.000026
    -0.000427  0.000212  0.000026
    -0.000473  0.000204  0.000026
    -0.000469  0.000186  0.000026
    -0.000461  0.000203  0.000026
    -0.000387  0.000182  0.000026
    -0.000442  0.000124  0.000026
    -0.000440  0.000085  0.000026
    -0.000137  0.000227  0.000026
    -0.000137  0.000227  0.000026
    -0.000137  0.000227  0.000026
     0.000538  0.000030  0.000026
     0.006689  0.000043  0.000025
     0.016640  0.008121  0.000025
     0.015156  0.016304  0.000026
     0.000569  0.018324  0.000027
    -0.012627  0.012753  0.000028
    -0.014142  0.003158  0.000028
    -0.004651 -0.000665  0.000026
    -0.000318  0.000139  0.000026
    -0.000137  0.000227  0.000026
    -0.000137  0.000227  0.000026
    -0.000137  0.000227  0.000026
    -0.000137  0.000227  0.000026
    -0.000137  0.000227  0.000026
    -0.000137  0.000227  0.000026
    -0.000108  0.000232  0.000026
    -0.000108  0.000232  0.000026
    -0.000017  0.000215  0.000026
    -0.000125  0.000225  0.000026
    -0.000137  0.000227  0.000026
     0.000079  0.000170  0.000026
    -0.000033  0.000197  0.000026
    -0.000137  0.000227  0.000026
    -0.000201  0.000199  0.000026
    -0.000137  0.000227  0.000026
    -0.000137  0.000227  0.000026
    -0.000137  0.000227  0.000026
    -0.000137  0.000227  0.000026
    -0.000137  0.000227  0.000026
     0.000230  0.000131  0.000026
     0.000343  0.000111  0.000026
     0.000640  0.000056  0.000026
     0.000916  0.000003  0.000026
     0.000998 -0.000015  0.000026
     0.000814  0.000020  0.000026
     0.000708  0.000039  0.000026
     0.000653  0.000048  0.000026
     0.000553  0.000066  0.000026
     0.000237  0.000127  0.000026
    -0.000137  0.000227  0.000026
    -0.000137  0.000227  0.000026
    -0.000137  0.000227  0.000026
    -0.000137  0.000227  0.000026
    -0.000137  0.000227  0.000026
    -0.000137  0.000227  0.000026
    -0.000137  0.000227  0.000026
    -0.000137  0.000227  0.000026
    -0.000137  0.000227  0.000026
    -0.000137  0.000227  0.000026
    -0.000137  0.000227  0.000026
    -0.000137  0.000227  0.000026
    -0.000137  0.000227  0.000026
    -0.000496  0.000072  0.000026
    -0.000601  0.000062  0.000026
    -0.000769  0.000043  0.000026
    -0.000765  0.000047  0.000026
    -0.000914  0.000033  0.000026
    -0.000873  0.000043  0.000026
    -0.000756  0.000056  0.000026
    -0.000633  0.000066  0.000026
    -0.000597  0.000066  0.000026
    -0.000558  0.000055  0.000026
    -0.000508  0.000047  0.000026
    -0.000376  0.000110  0.000026
    -0.000335  0.000130  0.000026
    -0.000407  0.000095  0.000026
    -0.000291  0.000152  0.000026
    -0.000586  0.000048  0.000026
    -0.000634  0.000093  0.000026
    -0.000677  0.000118  0.000026
    -0.000546  0.000141  0.000026
    -0.000491  0.000186  0.000026
    -0.000421  0.000227  0.000026
    -0.000453  0.000230  0.000026
    -0.000420  0.000241  0.000026
    -0.000373  0.000230  0.000026
    -0.000348  0.000180  0.000026
    -0.000418  0.000115  0.000026
    -0.000352  0.000122  0.000026
    -0.000137  0.000227  0.000026
    -0.000137  0.000227  0.000026
    -0.000137  0.000227  0.000026
     0.003120 -0.000602  0.000025
     0.007543  0.001843  0.000025
     0.007657  0.008443  0.000026
    -0.000110  0.010515  0.000027
    -0.004602  0.007928  0.000027
    -0.005485  0.001665  0.000026
    -0.002708 -0.000623  0.000026
    -0.000137  0.000227  0.000026
    -0.000137  0.000227  0.000026
    -0.000137  0.000227  0.000026
    -0.000137  0.000227  0.000026
    -0.000137  0.000227  0.000026
    -0.000137  0.000227  0.000026
    -0.000130  0.000234  0.000026
    -0.000048  0.000226  0.000026
    -0.000012  0.000212  0.000026
    -0.000064  0.000214  0.000026
    -0.000035  0.000199  0.000026
    -0.000137  0.000227  0.000026
    -0.000059  0.000204  0.000026
    -0.000137  0.000227  0.000026
    -0.000137  0.000227  0.000026
    -0.000193  0.000199  0.000026
    -0.000137  0.000227  0.000026
    -0.000137  0.000227  0.000026
    -0.000137  0.000227  0.000026
    -0.000137  0.000227  0.000026
     0.000201  0.000133  0.000026
     0.000304  0.000119  0.000026
     0.000512  0.000080  0.000026
     0.000787  0.000028  0.000026
     0.000986 -0.000011  0.000026
     0.000950 -0.000006  0.000026
     0.000728  0.000036  0.000026
     0.000667  0.000046  0.000026
     0.000646  0.000048  0.000026
     0.000462  0.000083  0.000026
     0.000126  0.000150  0.000026
    -0.000137  0.000227  0.000026
    -0.000137  0.000227  0.000026
    -0.000137  0.000227  0.000026
    -0.000137  0.000227  0.000026
    -0.000137  0.000227  0.000026
    -0.000137  0.000227  0.000026
    -0.000137  0.000227  0.000026
    -0.000137  0.000227  0.000026
    -0.000137  0.000227  0.000026
    -0.000137  0.000227  0.000026
    -0.000137  0.000227  0.000026
    -0.000137  0.000227  0.000026
    -0.000137  0.000227  0.000026
    -0.000450  0.000077  0.000026
    -0.000568  0.000065  0.000026
    -0.000721  0.000046  0.000026
    -0.000745  0.000046  0.000026
    -0.000884  0.000033  0.000026
    -0.000937  0.000032  0.000026
    -0.000828  0.000047  0.000026
    -0.000688  0.000061  0.000026
    -0.000626  0.000066  0.000026
    -0.000580  0.000059  0.000026
    -0.000509  0.000053  0.000026
    -0.000235  0.000179  0.000026
    -0.000137  0.000227  0.000026
    -0.000137  0.000227  0.000026
    -0.000137  0.000227  0.000026
    -0.000270  0.000162  0.000026
    -0.000591  0.000062  0.000026
    -0.000619  0.000101  0.000026
    -0.000600  0.000120  0.000026
    -0.000568  0.000159  0.000026
    -0.000485  0.000201  0.000026
    -0.000413  0.000236  0.000026
    -0.000442  0.000277  0.000026
    -0.000377  0.000288  0.000026
    -0.000300  0.000267  0.000026
    -0.000315  0.000203  0.000026
    -0.000346  0.000147  0.000026
    -0.000241  0.000176  0.000026
    -0.000137  0.000227  0.000026
    -0.000137  0.000227  0.000026
     0.000921 -0.000082  0.000026
     0.002833  0.000094  0.000025
     0.002821  0.001562  0.000026
     0.000517  0.002281  0.000026
    -0.001884  0.001957  0.000026
    -0.002597  0.001137  0.000026
    -0.000768 -0.000082  0.000026
    -0.000137  0.000227  0.000026
    -0.000137  0.000227  0.000026
    -0.000137  0.000227  0.000026
    -0.000137  0.000227  0.000026
    -0.000137  0.000227  0.000026
    -0.000283  0.000281  0.000026
    -0.000117  0.000253  0.000026
    -0.000088  0.000239  0.000026
    -0.000067  0.000217  0.000026
    -0.000031  0.000203  0.000026
    -0.000137  0.000227  0.000026
    -0.000137  0.000227  0.000026
    -0.000137  0.000227  0.000026
    -0.000137  0.000227  0.000026
    -0.000188  0.000213  0.000026
    -0.000137  0.000227  0.000026
    -0.000137  0.000227  0.000026
    -0.000137  0.000227  0.000026
    -0.000137  0.000227  0.000026
    -0.000065  0.000206  0.000026
     0.000215  0.000135  0.000026
     0.000439  0.000094  0.000026
     0.000646  0.000056  0.000026
     0.000889  0.000008  0.000026
     0.000968 -0.000009  0.000026
     0.000787  0.000025  0.000026
     0.000637  0.000053  0.000026
     0.000662  0.000046  0.000026
     0.000574  0.000062  0.000026
     0.000327  0.000109  0.000026
    -0.000137  0.000227  0.000026
    -0.000137  0.000227  0.000026
    -0.000137  0.000227  0.000026
    -0.000137  0.000227  0.000026
    -0.000137  0.000227  0.000026
    -0.000137  0.000227  0.000026
    -0.000137  0.000227  0.000026
    -0.000137  0.000227  0.000026
    -0.000137  0.000227  0.000026
    -0.000137  0.000227  0.000026
    -0.000137  0.000227  0.000026
    -0.000137  0.000227  0.000026
    -0.000137  0.000227  0.000026
    -0.000137  0.000227  0.000026
    -0.000284  0.000155  0.000026
    -0.000524  0.000069  0.000026
    -0.000595  0.000062  0.000026
    -0.000702  0.000049  0.000026
    -0.000856  0.000033  0.000026
    -0.000921  0.000030  0.000026
    -0.000898  0.000036  0.000026
    -0.000787  0.000048  0.000026
    -0.000652  0.000064  0.000026
    -0.000621  0.000061  0.000026
    -0.000508  0.000059  0.000026
    -0.000310  0.000143  0.000026
    -0.000137  0.000227  0.000026
    -0.000137  0.000227  0.000026
    -0.000137  0.000227  0.000026
    -0.000137  0.000227  0.000026
    -0.000137  0.000227  0.000026
    -0.000561  0.000066  0.000026
    -0.000535  0.000101  0.000026
    -0.000559  0.000126  0.000026
    -0.000473 -0.000340  0.000026
    -0.000365 -0.000470  0.000026
    -0.000312 -0.000435  0.000026
    -0.000227 -0.000204  0.000026
    -0.000118 -0.000614  0.000026
    -0.000174 -0.000027  0.000026
    -0.000220  0.000262  0.000026
    -0.000212  0.000224  0.000026
    -0.000178  0.000208  0.000026
    -0.000137  0.000227  0.000026
    -0.000137  0.000227  0.000026
     0.000384  0.000075  0.000026
     0.000949 -0.000070  0.000026
    -0.000067  0.000547  0.000026
    -0.001089  0.000309  0.000026
    -0.000495  0.000052  0.000026
    -0.000137  0.000227  0.000026
    -0.000137  0.000227  0.000026
    -0.000137  0.000227  0.000026
    -0.000137  0.000227  0.000026
    -0.000137  0.000227  0.000026
    -0.000375  0.000308  0.000026
    -0.000227  0.000284  0.000026
    -0.000129  0.000256  0.000026
    -0.000049  0.000224  0.000026
    -0.000070  0.000211  0.000026
    -0.000137  0.000227  0.000026
    -0.000137  0.000227  0.000026
    -0.000137  0.000227  0.000026
    -0.000137  0.000227  0.000026
    -0.000143  0.000272  0.000026
    -0.000151  0.000326  0.000026
    -0.000137  0.000227  0.000026
    -0.000137  0.000227  0.000026
    -0.000137  0.000227  0.000026
    -0.000137  0.000227  0.000026
     0.000212  0.000133  0.000026
     0.000360  0.000110  0.000026
     0.000578  0.000069  0.000026
     0.000771  0.000032  0.000026
     0.000936 -0.000002  0.000026
     0.000860  0.000011  0.000026
     0.000770  0.000027  0.000026
     0.000644  0.000051  0.000026
     0.000623  0.000053  0.000026
     0.000446  0.000086  0.000026
    -0.000137  0.000227  0.000026
    -0.000137  0.000227  0.000026
    -0.000137  0.000227  0.000026
    -0.000137  0.000227  0.000026
    -0.000137  0.000227  0.000026
    -0.000137  0.000227  0.000026
    -0.000137  0.000227  0.000026
    -0.000137  0.000227  0.000026
    -0.000137  0.000227  0.000026
    -0.000137  0.000227  0.000026
    -0.000137  0.000227  0.000026
    -0.000137  0.000227  0.000026
    -0.000137  0.000227  0.000026
    -0.000137  0.000227  0.000026
    -0.000137  0.000227  0.000026
    -0.000137  0.000227  0.000026
    -0.000475  0.000073  0.000026
    -0.000565  0.000064  0.000026
    -0.000691  0.000049  0.000026
    -0.000804  0.000036  0.000026
    -0.000904  0.000028  0.000026
    -0.000926  0.000030  0.000026
    -0.000849  0.000040  0.000026
    -0.000759  0.000051  0.000026
    -0.000624  0.000067  0.000026
    -0.000549  0.000063  0.000026
    -0.000398  0.000099  0.000026
    -0.000137  0.000227  0.000026
    -0.000137  0.000227  0.000026
    -0.000137  0.000227  0.000026
    -0.000137  0.000227  0.000026
    -0.000137  0.000227  0.000026
    -0.000137  0.000227  0.000026
    -0.000521  0.000065  0.000026
    -0.000521  0.000084  0.000026
    -0.000532  0.000127  0.000026
    -0.000458 -0.000126  0.000026
    -0.000283 -0.000936  0.000026
    -0.000135 -0.001333  0.000026
    -0.000029 -0.001098  0.000026
     0.000109 -0.001356  0.000026
     0.000163 -0.001311  0.000026
     0.000071 -0.000602  0.000026
    -0.000055  0.000251  0.000026
    -0.000019  0.000298  0.000026
    -0.000137  0.000227  0.000026
    -0.000089  0.000255  0.000026
    -0.000137  0.000227  0.000026
    -0.000137  0.000227  0.000026
    -0.000137  0.000227  0.000026
    -0.000137  0.000227  0.000026
    -0.000137  0.000227  0.000026
    -0.000137  0.000227  0.000026
    -0.000137  0.000227  0.000026
    -0.000137  0.000227  0.000026
    -0.000414  0.000321  0.000026
    -0.000378  0.000319  0.000026
    -0.000200  0.000274  0.000026
    -0.000078  0.000236  0.000026
    -0.000066  0.000213  0.000026
    -0.000137  0.000227  0.000026
    -0.000137  0.000227  0.000026
    -0.000137  0.000227  0.000026
    -0.000137  0.000227  0.000026
    -0.000142  0.000261  0.000026
    -0.000146  0.000294  0.000026
    -0.000137  0.000227  0.000026
    -0.000137  0.000227  0.000026
    -0.000137  0.000227  0.000026
    -0.000137  0.000227  0.000026
     0.000101  0.000158  0.000026
     0.000355  0.000111  0.000026
     0.000501  0.000084  0.000026
     0.000678  0.000050  0.000026
     0.000847  0.000017  0.000026
     0.000909  0.000003  0.000026
     0.000839  0.000014  0.000026
     0.000596  0.000061  0.000026
     0.000618  0.000055  0.000026
     0.000518  0.000072  0.000026
     0.000289  0.000116  0.000026
    -0.000137  0.000227  0.000026
    -0.000137  0.000227  0.000026
    -0.000137  0.000227  0.000026
    -0.000137  0.000227  0.000026
    -0.000137  0.000227  0.000026
    -0.000137  0.000227  0.000026
    -0.000137  0.000227  0.000026
    -0.000137  0.000227  0.000026
    -0.000137  0.000227  0.000026
    -0.000137  0.000227  0.000026
    -0.000137  0.000227  0.000026
    -0.000137  0.000227  0.000026
    -0.000137  0.000227  0.000026
    -0.000137  0.000227  0.000026
    -0.000137  0.000227  0.000026
    -0.000137  0.000227  0.000026
    -0.000478  0.000071  0.000026
    -0.000527  0.000068  0.000026
    -0.000577  0.000064  0.000026
    -0.000667  0.000053  0.000026
    -0.000861  0.000030  0.000026
    -0.000928  0.000026  0.000026
    -0.000885  0.000035  0.000026
    -0.000808  0.000045  0.000026
    -0.000723  0.000054  0.000026
    -0.000659  0.000058  0.000026
    -0.000506  0.000063  0.000026
    -0.000200  0.000196  0.000026
    -0.000137  0.000227  0.000026
    -0.000137  0.000227  0.000026
    -0.000137  0.000227  0.000026
    -0.000137  0.000227  0.000026
    -0.000137  0.000227  0.000026
    -0.000137  0.000227  0.000026
    -0.000207  0.000193  0.000026
    -0.000485  0.000082  0.000026
    -0.000493  0.000116  0.000026
    -0.000478  0.000154  0.000026
    -0.000307 -0.000796  0.000026
    -0.000094 -0.001518  0.000026
     0.000055 -0.001576  0.000026
     0.000188 -0.001842  0.000026
     0.000240 -0.001614  0.000026
     0.000202 -0.001224  0.000026
     0.000112 -0.000579  0.000026
    -0.000038  0.000295  0.000026
    -0.000098  0.000254  0.000026
    -0.000169  0.000222  0.000026
    -0.000150  0.000221  0.000026
    -0.000137  0.000227  0.000026
    -0.000137  0.000227  0.000026
    -0.000137  0.000227  0.000026
    -0.000137  0.000227  0.000026
    -0.000137  0.000227  0.000026
    -0.000229  0.000258  0.000026
    -0.000384  0.000314  0.000026
    -0.000230  0.000275  0.000026
    -0.000117  0.000240  0.000026
    -0.000077  0.000215  0.000026
    -0.000137  0.000227  0.000026
    -0.000137  0.000227  0.000026
    -0.000137  0.000227  0.000026
    -0.000137  0.000227  0.000026
    -0.000137  0.000227  0.000026
    -0.000137  0.000227  0.000026
    -0.000137  0.000227  0.000026
    -0.000137  0.000227  0.000026
    -0.000137  0.000227  0.000026
    -0.000137  0.000227  0.000026
     0.000019  0.000182  0.000026
     0.000265  0.000128  0.000026
     0.000404  0.000104  0.000026
     0.000609  0.000064  0.000026
     0.000724  0.000042  0.000026
     0.000932 -0.000255  0.000026
     0.000904 -0.000093  0.000026
     0.000762  0.000028  0.000026
     0.000541  0.000071  0.000026
     0.000531  0.000070  0.000026
     0.000364  0.000102  0.000026
    -0.000137  0.000227  0.000026
    -0.000137  0.000227  0.000026
    -0.000137  0.000227  0.000026
    -0.000137  0.000227  0.000026
    -0.000137  0.000227  0.000026
    -0.000137  0.000227  0.000026
    -0.000137  0.000227  0.000026
    -0.000137  0.000227  0.000026
    -0.000137  0.000227  0.000026
    -0.000137  0.000227  0.000026
    -0.000137  0.000227  0.000026
    -0.000137  0.000227  0.000026
    -0.000137  0.000227  0.000026
    -0.000137  0.000227  0.000026
    -0.000137  0.000227  0.000026
    -0.000137  0.000227  0.000026
    -0.000137  0.000227  0.000026
    -0.000137  0.000227  0.000026
    -0.000529  0.000065  0.000026
    -0.000549  0.000065  0.000026
    -0.000540  0.000069  0.000026
    -0.000788  0.000037  0.000026
    -0.000903  0.000026  0.000026
    -0.000924  0.000028  0.000026
    -0.000847  0.000039  0.000026
    -0.000781  0.000048  0.000026
    -0.000670  0.000061  0.000026
    -0.000608  0.000061  0.000026
    -0.000506  0.000060  0.000026
    -0.000137  0.000227  0.000026
    -0.000137  0.000227  0.000026
    -0.000137  0.000227  0.000026
    -0.000137  0.000227  0.000026
    -0.000137  0.000227  0.000026
    -0.000137  0.000227  0.000026
    -0.000137  0.000227  0.000026
    -0.000137  0.000227  0.000026
    -0.000171  0.000210  0.000026
    -0.000435  0.000089  0.000026
    -0.000461  0.000136  0.000026
    -0.000470  0.000190  0.000026
    -0.000237 -0.000775  0.000026
    -0.000079 -0.001093  0.000026
    -0.000031 -0.000845  0.000026
    -0.000005 -0.000859  0.000026
    -0.000054 -0.000544  0.000026
    -0.000209  0.000265  0.000026
    -0.000192  0.000235  0.000026
    -0.000130  0.000242  0.000026
    -0.000107  0.000250  0.000026
    -0.000137  0.000227  0.000026
    -0.000137  0.000227  0.000026
    -0.000137  0.000227  0.000026
    -0.000137  0.000227  0.000026
    -0.000137  0.000227  0.000026
    -0.000262  0.000269  0.000026
    -0.000275  0.000276  0.000026
    -0.000194  0.000248  0.000026
    -0.000137  0.000227  0.000026
    -0.000137  0.000227  0.000026
    -0.000137  0.000227  0.000026
    -0.000137  0.000227  0.000026
    -0.000137  0.000227  0.000026
    -0.000137  0.000227  0.000026
    -0.000137  0.000227  0.000026
    -0.000137  0.000227  0.000026
    -0.000137  0.000227  0.000026
    -0.000137  0.000227  0.000026
    -0.000137  0.000227  0.000026
    -0.000093  0.000214  0.000026
     0.000189  0.000142  0.000026
     0.000438  0.000097  0.000026
     0.000510  0.000084  0.000026
     0.000668  0.000053  0.000026
     0.000903 -0.000464  0.000026
     0.001012 -0.000651  0.000026
     0.000809  0.000020  0.000026
     0.000649  0.000050  0.000026
     0.000453  0.000087  0.000026
     0.000401  0.000095  0.000026
     0.000164  0.000141  0.000026
    -0.000137  0.000227  0.000026
    -0.000137  0.000227  0.000026
    -0.000137  0.000227  0.000026
    -0.000137  0.000227  0.000026
    -0.000137  0.000227  0.000026
    -0.000137  0.000227  0.000026
    -0.000137  0.000227  0.000026
    -0.000137  0.000227  0.000026
    -0.000137  0.000227  0.000026
    -0.000137  0.000227  0.000026
    -0.000137  0.000227  0.000026
    -0.000137  0.000227  0.000026
    -0.000137  0.000227  0.000026
    -0.000137  0.000227  0.000026
    -0.000137  0.000227  0.000026
    -0.000137  0.000227  0.000026
    -0.000137  0.000227  0.000026
    -0.000137  0.000227  0.000026
    -0.000481  0.000070  0.000026
    -0.000539  0.000065  0.000026
    -0.000511  0.000071  0.000026
    -0.000706  0.000046  0.000026
    -0.000830  0.000032  0.000026
    -0.000921  0.000025  0.000026
    -0.000891  0.000033  0.000026
    -0.000823  0.000043  0.000026
    -0.000734  0.000053  0.000026
    -0.000700  0.000054  0.000026
    -0.000576  0.000063  0.000026
    -0.000484  0.000061  0.000026
    -0.000137  0.000227  0.000026
    -0.000137  0.000227  0.000026
    -0.000137  0.000227  0.000026
    -0.000137  0.000227  0.000026
    -0.000137  0.000227  0.000026
    -0.000137  0.000227  0.000026
    -0.000137  0.000227  0.000026
    -0.000137  0.000227  0.000026
    -0.000137  0.000227  0.000026
    -0.000146  0.000223  0.000026
    -0.000474  0.000084  0.000026
    -0.000475  0.000123  0.000026
    -0.000460  0.000151  0.000026
    -0.000429  0.000176  0.000026
    -0.000396  0.000187  0.000026
    -0.000330  0.000197  0.000026
    -0.000298  0.000216  0.000026
    -0.000236  0.000239  0.000026
    -0.000176  0.000246  0.000026
    -0.000161  0.000238  0.000026
    -0.000105  0.000258  0.000026
    -0.000116  0.000240  0.000026
    -0.000137  0.000227  0.000026
    -0.000137  0.000227  0.000026
    -0.000137  0.000227  0.000026
    -0.000137  0.000227  0.000026
    -0.000137  0.000227  0.000026
    -0.000137  0.000227  0.000026
    -0.000137  0.000227  0.000026
    -0.000137  0.000227  0.000026
    -0.000137  0.000227  0.000026
    -0.000137  0.000227  0.000026
    -0.000137  0.000227  0.000026
    -0.000137  0.000227  0.000026
    -0.000137  0.000227  0.000026
    -0.000137  0.000227  0.000026
    -0.000137  0.000227  0.000026
    -0.000137  0.000227  0.000026
    -0.000137  0.000227  0.000026
     0.000171  0.000147  0.000026
     0.000369  0.000111  0.000026
     0.000371  0.000112  0.000026
     0.000600  0.000067  0.000026
     0.000953 -0.000855  0.000026
     0.001065 -0.001090  0.000026
     0.000946 -0.000581  0.000026
     0.000689  0.000042  0.000026
     0.000444  0.000089  0.000026
     0.000328  0.000110  0.000026
     0.000210  0.000132  0.000026
    -0.000137  0.000227  0.000026
    -0.000137  0.000227  0.000026
    -0.000137  0.000227  0.000026
    -0.000137  0.000227  0.000026
    -0.000137  0.000227  0.000026
    -0.000137  0.000227  0.000026
    -0.000137  0.000227  0.000026
    -0.000137  0.000227  0.000026
    -0.000137  0.000227  0.000026
    -0.000137  0.000227  0.000026
    -0.000137  0.000227  0.000026
    -0.000137  0.000227  0.000026
    -0.000137  0.000227  0.000026
    -0.000137  0.000227  0.000026
    -0.000137  0.000227  0.000026
    -0.000137  0.000227  0.000026
    -0.000137  0.000227  0.000026
    -0.000137  0.000227  0.000026
    -0.000137  0.000227  0.000026
    -0.000137  0.000227  0.000026
    -0.000519  0.000065  0.000026
    -0.000509  0.000070  0.000026
    -0.000525  0.000070  0.000026
    -0.000750  0.000041  0.000026
    -0.000861  0.000030  0.000026
    -0.000911  0.000028  0.000026
    -0.000881  0.000036  0.000026
    -0.000789  0.000048  0.000026
    -0.000672  0.000061  0.000026
    -0.000662  0.000058  0.000026
    -0.000552  0.000064  0.000026
    -0.000291  0.000151  0.000026
    -0.000137  0.000227  0.000026
    -0.000137  0.000227  0.000026
    -0.000137  0.000227  0.000026
    -0.000137  0.000227  0.000026
    -0.000137  0.000227  0.000026
    -0.000137  0.000227  0.000026
    -0.000137  0.000227  0.000026
    -0.000137  0.000227  0.000026
    -0.000137  0.000227  0.000026
    -0.000137  0.000227  0.000026
    -0.000331  0.000132  0.000026
    -0.000486  0.000079  0.000026
    -0.000460  0.000108  0.000026
    -0.000431  0.000138  0.000026
    -0.000394  0.000164  0.000026
    -0.000344  0.000176  0.000026
    -0.000325  0.000169  0.000026
    -0.000297  0.000168  0.000026
    -0.000264  0.000184  0.000026
    -0.000137  0.000227  0.000026
    -0.000137  0.000227  0.000026
    -0.000137  0.000227  0.000026
    -0.000137  0.000227  0.000026
    -0.000137  0.000227  0.000026
    -0.000137  0.000227  0.000026
    -0.000137  0.000227  0.000026
    -0.000137  0.000227  0.000026
    -0.000137  0.000227  0.000026
    -0.000137  0.000227  0.000026
    -0.000137  0.000227  0.000026
    -0.000137  0.000227  0.000026
    -0.000137  0.000227  0.000026
    -0.000137  0.000227  0.000026
    -0.000137  0.000227  0.000026
    -0.000137  0.000227  0.000026
    -0.000137  0.000227  0.000026
    -0.000137  0.000227  0.000026
     0.000081  0.000164  0.000026
     0.000275  0.000130  0.000026
     0.000417  0.000103  0.000026
     0.000535  0.000012  0.000026
     0.000946 -0.001116  0.000026
     0.001125 -0.001519  0.000025
     0.001015 -0.001031  0.000026
     0.000705  0.000040  0.000026
     0.000561  0.000066  0.000026
     0.000247  0.000127  0.000026
     0.000235  0.000128  0.000026
    -0.000003  0.000188  0.000026
    -0.000137  0.000227  0.000026
    -0.000137  0.000227  0.000026
    -0.000137  0.000227  0.000026
    -0.000137  0.000227  0.000026
    -0.000137  0.000227  0.000026
    -0.000137  0.000227  0.000026
    -0.000137  0.000227  0.000026
    -0.000137  0.000227  0.000026
    -0.000137  0.000227  0.000026
    -0.000137  0.000227  0.000026
    -0.000137  0.000227  0.000026
    -0.000137  0.000227  0.000026
    -0.000137  0.000227  0.000026
    -0.000137  0.000227  0.000026
    -0.000137  0.000227  0.000026
    -0.000137  0.000227  0.000026
    -0.000137  0.000227  0.000026
    -0.000137  0.000227  0.000026
    -0.000137  0.000227  0.000026
    -0.000137  0.000227  0.000026
    -0.000461  0.000071  0.000026
    -0.000545  0.000062  0.000026
    -0.000545  0.000065  0.000026
    -0.000625  0.000057  0.000026
    -0.000780  0.000038  0.000026
    -0.000872  0.000030  0.000026
    -0.000902  0.000031  0.000026
    -0.000864  0.000040  0.000026
    -0.000754  0.000053  0.000026
    -0.000701  0.000055  0.000026
    -0.000632  0.000061  0.000026
    -0.000540  0.000067  0.000026
    -0.000137  0.000227  0.000026
    -0.000137  0.000227  0.000026
    -0.000137  0.000227  0.000026
    -0.000137  0.000227  0.000026
    -0.000137  0.000227  0.000026
    -0.000137  0.000227  0.000026
    -0.000137  0.000227  0.000026
    -0.000137  0.000227  0.000026
    -0.000137  0.000227  0.000026
    -0.000137  0.000227  0.000026
    -0.000137  0.000227  0.000026
    -0.000142  0.000224  0.000026
    -0.000454  0.000072  0.000026
    -0.000476  0.000070  0.000026
    -0.000459  0.000084  0.000026
    -0.000449  0.000103  0.000026
    -0.000386  0.000134  0.000026
    -0.000304  0.000167  0.000026
    -0.000234  0.000191  0.000026
    -0.000137  0.000227  0.000026
    -0.000137  0.000227  0.000026
    -0.000137  0.000227  0.000026
    -0.000137  0.000227  0.000026
    -0.000137  0.000227  0.000026
    -0.000137  0.000227  0.000026
    -0.000137  0.000227  0.000026
    -0.000137  0.000227  0.000026
    -0.000137  0.000227  0.000026
    -0.000137  0.000227  0.000026
    -0.000137  0.000227  0.000026
    -0.000137  0.000227  0.000026
    -0.000137  0.000227  0.000026
    -0.000137  0.000227  0.000026
    -0.000137  0.000227  0.000026
    -0.000137  0.000227  0.000026
    -0.000137  0.000227  0.000026
    -0.000123  0.000223  0.000026
     0.000246  0.000136  0.000026
     0.000376  0.000111  0.000026
     0.000497 -0.000159  0.000026
     0.000905 -0.001295  0.000026
     0.001129 -0.001801  0.000025
     0.001007 -0.001229  0.000025
     0.000717 -0.000085  0.000026
     0.000562  0.000066  0.000026
     0.000256  0.000125  0.000026
     0.000177  0.000140  0.000026
     0.000078  0.000164  0.000026
    -0.000137  0.000227  0.000026
    -0.000137  0.000227  0.000026
    -0.000137  0.000227  0.000026
    -0.000137  0.000227  0.000026
    -0.000137  0.000227  0.000026
    -0.000137  0.000227  0.000026
    -0.000137  0.000227  0.000026
    -0.000137  0.000227  0.000026
    -0.000137  0.000227  0.000026
    -0.000137  0.000227  0.000026
    -0.000137  0.000227  0.000026
    -0.000137  0.000227  0.000026
    -0.000137  0.000227  0.000026
    -0.000137  0.000227  0.000026
    -0.000137  0.000227  0.000026
    -0.000137  0.000227  0.000026
    -0.000137  0.000227  0.000026
    -0.000137  0.000227  0.000026
    -0.000137  0.000227  0.000026
    -0.000137  0.000227  0.000026
    -0.000137  0.000227  0.000026
    -0.000137  0.000227  0.000026
    -0.000487  0.000068  0.000026
    -0.000514  0.000068  0.000026
    -0.000561  0.000064  0.000026
    -0.000661  0.000052  0.000026
    -0.000801  0.000036  0.000026
    -0.000862  0.000033  0.000026
    -0.000897  0.000034  0.000026
    -0.000833  0.000045  0.000026
    -0.000718  0.000059  0.000026
    -0.000679  0.000059  0.000026
    -0.000605  0.000065  0.000026
    -0.000492  0.000074  0.000026
    -0.000137  0.000227  0.000026
    -0.000137  0.000227  0.000026
    -0.000137  0.000227  0.000026
    -0.000137  0.000227  0.000026
    -0.000137  0.000227  0.000026
    -0.000137  0.000227  0.000026
    -0.000137  0.000227  0.000026
    -0.000137  0.000227  0.000026
    -0.000137  0.000227  0.000026
    -0.000137  0.000227  0.000026
    -0.000137  0.000227  0.000026
    -0.000137  0.000227  0.000026
    -0.000250  0.000172  0.000026
    -0.000352  0.000122  0.000026
    -0.000365  0.000115  0.000026
    -0.000365  0.000118  0.000026
    -0.000328  0.000135  0.000026
    -0.000254  0.000170  0.000026
    -0.000171  0.000210  0.000026
    -0.000137  0.000227  0.000026
    -0.000137  0.000227  0.000026
    -0.000137  0.000227  0.000026
    -0.000137  0.000227  0.000026
    -0.000137  0.000227  0.000026
    -0.000137  0.000227  0.000026
    -0.000137  0.000227  0.000026
    -0.000137  0.000227  0.000026
    -0.000137  0.000227  0.000026
    -0.000137  0.000227  0.000026
    -0.000137  0.000227  0.000026
    -0.000137  0.000227  0.000026
    -0.000137  0.000227  0.000026
    -0.000137  0.000227  0.000026
    -0.000137  0.000227  0.000026
    -0.000137  0.000227  0.000026
     0.000215  0.000143  0.000026
     0.000354  0.000041  0.000026
     0.000681 -0.000943  0.000026
     0.000875 -0.001491  0.000025
     0.001056 -0.001816  0.000025
     0.000969 -0.001250  0.000026
     0.000646  0.000015  0.000026
     0.000556  0.000068  0.000026
     0.000381  0.000100  0.000026
     0.000186  0.000138  0.000026
    -0.000070  0.000208  0.000026
    -0.000137  0.000227  0.000026
    -0.000137  0.000227  0.000026
    -0.000137  0.000227  0.000026
    -0.000137  0.000227  0.000026
    -0.000137  0.000227  0.000026
    -0.000137  0.000227  0.000026
    -0.000137  0.000227  0.000026
    -0.000137  0.000227  0.000026
    -0.000137  0.000227  0.000026
    -0.000137  0.000227  0.000026
    -0.000137  0.000227  0.000026
    -0.000137  0.000227  0.000026
    -0.000137  0.000227  0.000026
    -0.000137  0.000227  0.000026
    -0.000137  0.000227  0.000026
    -0.000137  0.000227  0.000026
    -0.000137  0.000227  0.000026
    -0.000137  0.000227  0.000026
    -0.000137  0.000227  0.000026
    -0.000137  0.000227  0.000026
    -0.000137  0.000227  0.000026
    -0.000137  0.000227  0.000026
    -0.000137  0.000227  0.000026
    -0.000137  0.000227  0.000026
    -0.000502  0.000067  0.000026
    -0.000531  0.000066  0.000026
    -0.000653  0.000051  0.000026
    -0.000702  0.000048  0.000026
    -0.000807  0.000037  0.000026
    -0.000857  0.000035  0.000026
    -0.000876  0.000039  0.000026
    -0.000800  0.000051  0.000026
    -0.000686  0.000065  0.000026
    -0.000663  0.000063  0.000026
    -0.000590  0.000068  0.000026
    -0.000467  0.000079  0.000026
    -0.000137  0.000227  0.000026
    -0.000137  0.000227  0.000026
    -0.000137  0.000227  0.000026
    -0.000137  0.000227  0.000026
    -0.000137  0.000227  0.000026
    -0.000137  0.000227  0.000026
    -0.000137  0.000227  0.000026
    -0.000137  0.000227  0.000026
    -0.000137  0.000227  0.000026
    -0.000137  0.000227  0.000026
    -0.000137  0.000227  0.000026
    -0.000137  0.000227  0.000026
    -0.000137  0.000227  0.000026
    -0.000137  0.000227  0.000026
    -0.000137  0.000227  0.000026
    -0.000137  0.000227  0.000026
    -0.000137  0.000227  0.000026
    -0.000137  0.000227  0.000026
    -0.000137  0.000227  0.000026
    -0.000137  0.000227  0.000026
    -0.000137  0.000227  0.000026
    -0.000137  0.000227  0.000026
    -0.000137  0.000227  0.000026
    -0.000137  0.000227  0.000026
    -0.000137  0.000227  0.000026
    -0.000137  0.000227  0.000026
    -0.000137  0.000227  0.000026
    -0.000137  0.000227  0.000026
    -0.000137  0.000227  0.000026
    -0.000137  0.000227  0.000026
    -0.000137  0.000227  0.000026
    -0.000137  0.000227  0.000026
    -0.000137  0.000227  0.000026
     0.000137  0.000159  0.000026
     0.000387 -0.000317  0.000026
     0.000659 -0.001107  0.000026
     0.000751 -0.001291  0.000026
     0.000897 -0.001472  0.000025
     0.000834 -0.000925  0.000026
     0.000583  0.000065  0.000026
     0.000491  0.000081  0.000026
     0.000400  0.000097  0.000026
     0.000187  0.000138  0.000026
    -0.000023  0.000194  0.000026
    -0.000137  0.000227  0.000026
    -0.000137  0.000227  0.000026
    -0.000137  0.000227  0.000026
    -0.000137  0.000227  0.000026
    -0.000137  0.000227  0.000026
    -0.000137  0.000227  0.000026
    -0.000137  0.000227  0.000026
    -0.000137  0.000227  0.000026
    -0.000137  0.000227  0.000026
    -0.000137  0.000227  0.000026
    -0.000137  0.000227  0.000026
    -0.000137  0.000227  0.000026
    -0.000137  0.000227  0.000026
    -0.000137  0.000227  0.000026
    -0.000137  0.000227  0.000026
    -0.000137  0.000227  0.000026
    -0.000137  0.000227  0.000026
    -0.000137  0.000227  0.000026
    -0.000137  0.000227  0.000026
    -0.000137  0.000227  0.000026
    -0.000137  0.000227  0.000026
    -0.000137  0.000227  0.000026
    -0.000137  0.000227  0.000026
    -0.000137  0.000227  0.000026
    -0.000137  0.000227  0.000026
    -0.000350  0.000123  0.000026
    -0.000469  0.000072  0.000026
    -0.000545  0.000064  0.000026
    -0.000677  0.000048  0.000026
    -0.000746  0.000043  0.000026
    -0.000749  0.000047  0.000026
    -0.000847  0.000039  0.000026
    -0.000839  0.000045  0.000026
    -0.000772  0.000057  0.000026
    -0.000669  0.000071  0.000026
    -0.000653  0.000068  0.000026
    -0.000576  0.000073  0.000026
    -0.000460  0.000082  0.000026
    -0.000137  0.000227  0.000026
    -0.000137  0.000227  0.000026
    -0.000137  0.000227  0.000026
    -0.000137  0.000227  0.000026
    -0.000137  0.000227  0.000026
    -0.000137  0.000227  0.000026
    -0.000137  0.000227  0.000026
    -0.000137  0.000227  0.000026
    -0.000137  0.000227  0.000026
    -0.000137  0.000227  0.000026
    -0.000137  0.000227  0.000026
    -0.000137  0.000227  0.000026
    -0.000137  0.000227  0.000026
    -0.000137  0.000227  0.000026
    -0.000137  0.000227  0.000026
    -0.000137  0.000227  0.000026
    -0.000137  0.000227  0.000026
    -0.000137  0.000227  0.000026
    -0.000137  0.000227  0.000026
    -0.000137  0.000227  0.000026
    -0.000137  0.000227  0.000026
    -0.000137  0.000227  0.000026
    -0.000137  0.000227  0.000026
    -0.000137  0.000227  0.000026
    -0.000137  0.000227  0.000026
    -0.000137  0.000227  0.000026
    -0.000137  0.000227  0.000026
    -0.000137  0.000227  0.000026
    -0.000137  0.000227  0.000026
    -0.000137  0.000227  0.000026
    -0.000137  0.000227  0.000026
     0.000084  0.000170  0.000026
     0.000370 -0.000407  0.000026
     0.000561 -0.000893  0.000026
     0.000549 -0.000690  0.000026
     0.000685 -0.000856  0.000026
     0.000675 -0.000525  0.000026
     0.000514  0.000079  0.000026
     0.000475  0.000084  0.000026
     0.000405  0.000096  0.000026
     0.000289  0.000118  0.000026
     0.000003  0.000186  0.000026
    -0.000137  0.000227  0.000026
    -0.000137  0.000227  0.000026
    -0.000137  0.000227  0.000026
    -0.000137  0.000227  0.000026
    -0.000137  0.000227  0.000026
    -0.000137  0.000227  0.000026
    -0.000137  0.000227  0.000026
    -0.000137  0.000227  0.000026
    -0.000137  0.000227  0.000026
    -0.000137  0.000227  0.000026
    -0.000137  0.000227  0.000026
    -0.000137  0.000227  0.000026
    -0.000137  0.000227  0.000026
    -0.000137  0.000227  0.000026
    -0.000137  0.000227  0.000026
    -0.000137  0.000227  0.000026
    -0.000137  0.000227  0.000026
    -0.000137  0.000227  0.000026
    -0.000137  0.000227  0.000026
    -0.000137  0.000227  0.000026
    -0.000137  0.000227  0.000026
    -0.000137  0.000227  0.000026
    -0.000137  0.000227  0.000026
    -0.000137  0.000227  0.000026
    -0.000137  0.000227  0.000026
    -0.000137  0.000227  0.000026
    -0.000137  0.000227  0.000026
    -0.000178  0.000207  0.000026
    -0.000479  0.000071  0.000026
    -0.000554  0.000064  0.000026
    -0.000696  0.000046  0.000026
    -0.000758  0.000042  0.000026
    -0.000784  0.000044  0.000026
    -0.000834  0.000043  0.000026
    -0.000802  0.000052  0.000026
    -0.000746  0.000063  0.000026
    -0.000725  0.000066  0.000026
    -0.000645  0.000073  0.000026
    -0.000553  0.000081  0.000026
    -0.000457  0.000086  0.000026
    -0.000245  0.000174  0.000026
    -0.000137  0.000227  0.000026
    -0.000137  0.000227  0.000026
    -0.000137  0.000227  0.000026
    -0.000137  0.000227  0.000026
    -0.000137  0.000227  0.000026
    -0.000137  0.000227  0.000026
    -0.000137  0.000227  0.000026
    -0.000137  0.000227  0.000026
    -0.000137  0.000227  0.000026
    -0.000137  0.000227  0.000026
    -0.000137  0.000227  0.000026
    -0.000137  0.000227  0.000026
    -0.000137  0.000227  0.000026
    -0.000137  0.000227  0.000026
    -0.000137  0.000227  0.000026
    -0.000137  0.000227  0.000026
    -0.000137  0.000227  0.000026
    -0.000137  0.000227  0.000026
    -0.000137  0.000227  0.000026
    -0.000137  0.000227  0.000026
    -0.000137  0.000227  0.000026
    -0.000137  0.000227  0.000026
    -0.000137  0.000227  0.000026
    -0.000137  0.000227  0.000026
    -0.000137  0.000227  0.000026
    -0.000137  0.000227  0.000026
    -0.000137  0.000227  0.000026
    -0.000137  0.000227  0.000026
     0.000055  0.000176  0.000026
     0.000267 -0.000093  0.000026
     0.000433 -0.000513  0.000026
     0.000377 -0.000184  0.000026
     0.000510 -0.000362  0.000026
     0.000442  0.000096  0.000026
     0.000484  0.000085  0.000026
     0.000452  0.000089  0.000026
     0.000397  0.000098  0.000026
     0.000295  0.000117  0.000026
     0.000001  0.000187  0.000026
    -0.000137  0.000227  0.000026
    -0.000137  0.000227  0.000026
    -0.000137  0.000227  0.000026
    -0.000137  0.000227  0.000026
    -0.000137  0.000227  0.000026
    -0.000137  0.000227  0.000026
    -0.000137  0.000227  0.000026
    -0.000137  0.000227  0.000026
    -0.000137  0.000227  0.000026
    -0.000137  0.000227  0.000026
    -0.000137  0.000227  0.000026
    -0.000137  0.000227  0.000026
    -0.000137  0.000227  0.000026
    -0.000137  0.000227  0.000026
    -0.000137  0.000227  0.000026
    -0.000137  0.000227  0.000026
    -0.000137  0.000227  0.000026
    -0.000137  0.000227  0.000026
    -0.000137  0.000227  0.000026
    -0.000137  0.000227  0.000026
    -0.000137  0.000227  0.000026
    -0.000137  0.000227  0.000026
    -0.000137  0.000227  0.000026
    -0.000137  0.000227  0.000026
    -0.000137  0.000227  0.000026
    -0.000137  0.000227  0.000026
    -0.000137  0.000227  0.000026
    -0.000137  0.000227  0.000026
    -0.000137  0.000227  0.000026
    -0.000191  0.000200  0.000026
    -0.000483  0.000071  0.000026
    -0.000554  0.000064  0.000026
    -0.000705  0.000046  0.000026
    -0.000759  0.000043  0.000026
    -0.000792  0.000044  0.000026
    -0.000789  0.000051  0.000026
    -0.000783  0.000057  0.000026
    -0.000721  0.000069  0.000026
    -0.000708  0.000072  0.000026
    -0.000645  0.000079  0.000026
    -0.000548  0.000089  0.000026
    -0.000467  0.000093  0.000026
    -0.000357  0.000119  0.000026
    -0.000137  0.000227  0.000026
    -0.000137  0.000227  0.000026
    -0.000137  0.000227  0.000026
    -0.000137  0.000227  0.000026
    -0.000137  0.000227  0.000026
    -0.000137  0.000227  0.000026
    -0.000137  0.000227  0.000026
    -0.000137  0.000227  0.000026
    -0.000137  0.000227  0.000026
    -0.000137  0.000227  0.000026
    -0.000137  0.000227  0.000026
    -0.000137  0.000227  0.000026
    -0.000137  0.000227  0.000026
    -0.000137  0.000227  0.000026
    -0.000137  0.000227  0.000026
    -0.000137  0.000227  0.000026
    -0.000137  0.000227  0.000026
    -0.000137  0.000227  0.000026
    -0.000137  0.000227  0.000026
    -0.000137  0.000227  0.000026
    -0.000137  0.000227  0.000026
    -0.000137  0.000227  0.000026
    -0.000137  0.000227  0.000026
    -0.000137  0.000227  0.000026
    -0.000137  0.000227  0.000026
    -0.000137  0.000227  0.000026
     0.000034  0.000181  0.000026
     0.000146  0.000160  0.000026
     0.000236  0.000141  0.000026
     0.000228  0.000142  0.000026
     0.000319  0.000122  0.000026
     0.000394  0.000106  0.000026
     0.000449  0.000093  0.000026
     0.000439  0.000092  0.000026
     0.000376  0.000103  0.000026
     0.000289  0.000118  0.000026
    -0.000041  0.000199  0.000026
    -0.000137  0.000227  0.000026
    -0.000137  0.000227  0.000026
    -0.000137  0.000227  0.000026
    -0.000137  0.000227  0.000026
    -0.000137  0.000227  0.000026
    -0.000137  0.000227  0.000026
    -0.000137  0.000227  0.000026
    -0.000137  0.000227  0.000026
    -0.000137  0.000227  0.000026
    -0.000137  0.000227  0.000026
    -0.000137  0.000227  0.000026
    -0.000137  0.000227  0.000026
    -0.000137  0.000227  0.000026
    -0.000137  0.000227  0.000026
    -0.000137  0.000227  0.000026
    -0.000137  0.000227  0.000026
    -0.000137  0.000227  0.000026
    -0.000137  0.000227  0.000026
    -0.000137  0.000227  0.000026
    -0.000137  0.000227  0.000026
    -0.000137  0.000227  0.000026
    -0.000137  0.000227  0.000026
    -0.000137  0.000227  0.000026
    -0.000137  0.000227  0.000026
    -0.000137  0.000227  0.000026
    -0.000137  0.000227  0.000026
    -0.000137  0.000227  0.000026
    -0.000137  0.000227  0.000026
    -0.000137  0.000227  0.000026
    -0.000137  0.000227  0.000026
    -0.000137  0.000227  0.000026
    -0.000177  0.000207  0.000026
    -0.000479  0.000072  0.000026
    -0.000630  0.000053  0.000026
    -0.000704  0.000047  0.000026
    -0.000751  0.000045  0.000026
    -0.000786  0.000047  0.000026
    -0.000774  0.000054  0.000026
    -0.000728  0.000066  0.000026
    -0.000720  0.000072  0.000026
    -0.000702  0.000076  0.000026
    -0.000638  0.000085  0.000026
    -0.000550  0.000096  0.000026
    -0.000476  0.000101  0.000026
    -0.000422  0.000102  0.000026
    -0.000319  0.000138  0.000026
    -0.000137  0.000227  0.000026
    -0.000137  0.000227  0.000026
    -0.000137  0.000227  0.000026
    -0.000137  0.000227  0.000026
    -0.000137  0.000227  0.000026
    -0.000137  0.000227  0.000026
    -0.000137  0.000227  0.000026
    -0.000137  0.000227  0.000026
    -0.000137  0.000227  0.000026
    -0.000137  0.000227  0.000026
    -0.000137  0.000227  0.000026
    -0.000137  0.000227  0.000026
    -0.000137  0.000227  0.000026
    -0.000137  0.000227  0.000026
    -0.000137  0.000227  0.000026
    -0.000137  0.000227  0.000026
    -0.000137  0.000227  0.000026
    -0.000137  0.000227  0.000026
    -0.000137  0.000227  0.000026
    -0.000137  0.000227  0.000026
    -0.000137  0.000227  0.000026
    -0.000137  0.000227  0.000026
    -0.000137  0.000227  0.000026
    -0.000002  0.000188  0.000026
     0.000093  0.000170  0.000026
     0.000201  0.000148  0.000026
     0.000183  0.000151  0.000026
     0.000278  0.000131  0.000026
     0.000350  0.000115  0.000026
     0.000405  0.000102  0.000026
     0.000407  0.000099  0.000026
     0.000346  0.000109  0.000026
     0.000278  0.000121  0.000026
    -0.000017  0.000192  0.000026
    -0.000137  0.000227  0.000026
    -0.000137  0.000227  0.000026
    -0.000137  0.000227  0.000026
    -0.000137  0.000227  0.000026
    -0.000137  0.000227  0.000026
    -0.000137  0.000227  0.000026
    -0.000137  0.000227  0.000026
    -0.000137  0.000227  0.000026
    -0.000137  0.000227  0.000026
    -0.000137  0.000227  0.000026
    -0.000137  0.000227  0.000026
    -0.000137  0.000227  0.000026
    -0.000137  0.000227  0.000026
    -0.000137  0.000227  0.000026
    -0.000137  0.000227  0.000026
    -0.000137  0.000227  0.000026
    -0.000137  0.000227  0.000026
    -0.000137  0.000227  0.000026
    -0.000137  0.000227  0.000026
    -0.000137  0.000227  0.000026
    -0.000137  0.000227  0.000026
    -0.000137  0.000227  0.000026
    -0.000137  0.000227  0.000026
    -0.000137  0.000227  0.000026
    -0.000137  0.000227  0.000026
    -0.000137  0.000227  0.000026
    -0.000137  0.000227  0.000026
    -0.000137  0.000227  0.000026
    -0.000137  0.000227  0.000026
    -0.000137  0.000227  0.000026
    -0.000137  0.000227  0.000026
    -0.000137  0.000227  0.000026
    -0.000137  0.000227  0.000026
    -0.000137  0.000227  0.000026
    -0.000464  0.000074  0.000026
    -0.000616  0.000056  0.000026
    -0.000693  0.000049  0.000026
    -0.000739  0.000048  0.000026
    -0.000771  0.000050  0.000026
    -0.000757  0.000058  0.000026
    -0.000715  0.000069  0.000026
    -0.000661  0.000081  0.000026
    -0.000632  0.000090  0.000026
    -0.000651  0.000090  0.000026
    -0.000561  0.000102  0.000026
    -0.000501  0.000109  0.000026
    -0.000449  0.000112  0.000026
    -0.000404  0.000113  0.000026
    -0.000375  0.000113  0.000026
    -0.000289  0.000152  0.000026
    -0.000177  0.000207  0.000026
    -0.000137  0.000227  0.000026
    -0.000137  0.000227  0.000026
    -0.000137  0.000227  0.000026
    -0.000137  0.000227  0.000026
    -0.000137  0.000227  0.000026
    -0.000137  0.000227  0.000026
    -0.000137  0.000227  0.000026
    -0.000137  0.000227  0.000026
    -0.000137  0.000227  0.000026
    -0.000137  0.000227  0.000026
    -0.000137  0.000227  0.000026
    -0.000137  0.000227  0.000026
    -0.000137  0.000227  0.000026
    -0.000137  0.000227  0.000026
    -0.000137  0.000227  0.000026
    -0.000137  0.000227  0.000026
    -0.000137  0.000227  0.000026
    -0.000137  0.000227  0.000026
    -0.000004  0.000189  0.000026
     0.000066  0.000176  0.000026
     0.000173  0.000154  0.000026
     0.000164  0.000155  0.000026
     0.000243  0.000138  0.000026
     0.000309  0.000123  0.000026
     0.000361  0.000111  0.000026
     0.000373  0.000107  0.000026
     0.000326  0.000114  0.000026
     0.000265  0.000124  0.000026
    -0.000093  0.000214  0.000026
    -0.000137  0.000227  0.000026
    -0.000137  0.000227  0.000026
    -0.000137  0.000227  0.000026
    -0.000137  0.000227  0.000026
    -0.000137  0.000227  0.000026
    -0.000137  0.000227  0.000026
    -0.000137  0.000227  0.000026
    -0.000137  0.000227  0.000026
    -0.000137  0.000227  0.000026
    -0.000137  0.000227  0.000026
    -0.000137  0.000227  0.000026
    -0.000137  0.000227  0.000026
    -0.000137  0.000227  0.000026
    -0.000137  0.000227  0.000026
    -0.000137  0.000227  0.000026
    -0.000137  0.000227  0.000026
    -0.000137  0.000227  0.000026
    -0.000137  0.000227  0.000026
    -0.000137  0.000227  0.000026
    -0.000137  0.000227  0.000026
    -0.000137  0.000227  0.000026
    -0.000137  0.000227  0.000026
    -0.000137  0.000227  0.000026
    -0.000137  0.000227  0.000026
    -0.000137  0.000227  0.000026
    -0.000137  0.000227  0.000026
    -0.000137  0.000227  0.000026
    -0.000137  0.000227  0.000026
    -0.000137  0.000227  0.000026
    -0.000137  0.000227  0.000026
    -0.000137  0.000227  0.000026
    -0.000137  0.000227  0.000026
    -0.000137  0.000227  0.000026
    -0.000137  0.000227  0.000026
    -0.000137  0.000227  0.000026
    -0.000137  0.000227  0.000026
    -0.000413  0.000092  0.000026
    -0.000587  0.000059  0.000026
    -0.000671  0.000053  0.000026
    -0.000719  0.000051  0.000026
    -0.000749  0.000054  0.000026
    -0.000736  0.000062  0.000026
    -0.000699  0.000073  0.000026
    -0.000650  0.000085  0.000026
    -0.000596  0.000097  0.000026
    -0.000603  0.000098  0.000026
    -0.000527  0.000110  0.000026
    -0.000508  0.000116  0.000026
    -0.000456  0.000120  0.000026
    -0.000415  0.000122  0.000026
    -0.000382  0.000124  0.000026
    -0.000354  0.000125  0.000026
    -0.000315  0.000140  0.000026
    -0.000291  0.000151  0.000026
    -0.000228  0.000182  0.000026
    -0.000146  0.000222  0.000026
    -0.000137  0.000227  0.000026
    -0.000137  0.000227  0.000026
    -0.000137  0.000227  0.000026
    -0.000137  0.000227  0.000026
    -0.000137  0.000227  0.000026
    -0.000137  0.000227  0.000026
    -0.000137  0.000227  0.000026
    -0.000137  0.000227  0.000026
    -0.000137  0.000227  0.000026
    -0.000137  0.000227  0.000026
    -0.000137  0.000227  0.000026
    -0.000137  0.000227  0.000026
    -0.000137  0.000227  0.000026
    -0.000020  0.000195  0.000026
     0.000053  0.000181  0.000026
     0.000231 -0.000304  0.000026
     0.000145  0.000134  0.000026
     0.000258 -0.000106  0.000026
     0.000338 -0.000209  0.000026
     0.000372 -0.000148  0.000026
     0.000336  0.000115  0.000026
     0.000289  0.000122  0.000026
     0.000213  0.000135  0.000026
     0.000056  0.000171  0.000026
    -0.000137  0.000227  0.000026
    -0.000137  0.000227  0.000026
    -0.000137  0.000227  0.000026
    -0.000137  0.000227  0.000026
    -0.000137  0.000227  0.000026
    -0.000137  0.000227  0.000026
    -0.000137  0.000227  0.000026
    -0.000137  0.000227  0.000026
    -0.000137  0.000227  0.000026
    -0.000137  0.000227  0.000026
    -0.000137  0.000227  0.000026
    -0.000137  0.000227  0.000026
    -0.000137  0.000227  0.000026
    -0.000137  0.000227  0.000026
    -0.000137  0.000227  0.000026
    -0.000137  0.000227  0.000026
    -0.000137  0.000227  0.000026
    -0.000137  0.000227  0.000026
    -0.000137  0.000227  0.000026
    -0.000137  0.000227  0.000026
    -0.000137  0.000227  0.000026
    -0.000137  0.000227  0.000026
    -0.000137  0.000227  0.000026
    -0.000137  0.000227  0.000026
    -0.000137  0.000227  0.000026
    -0.000137  0.000227  0.000026
    -0.000137  0.000227  0.000026
    -0.000137  0.000227  0.000026
    -0.000137  0.000227  0.000026
    -0.000137  0.000227  0.000026
    -0.000137  0.000227  0.000026
    -0.000137  0.000227  0.000026
    -0.000137  0.000227  0.000026
    -0.000137  0.000227  0.000026
    -0.000137  0.000227  0.000026
    -0.000137  0.000227  0.000026
    -0.000137  0.000227  0.000026
    -0.000137  0.000227  0.000026
    -0.000252  0.000170  0.000026
    -0.000547  0.000065  0.000026
    -0.000624  0.000059  0.000026
    -0.000686  0.000056  0.000026
    -0.000718  0.000059  0.000026
    -0.000710  0.000066  0.000026
    -0.000677  0.000077  0.000026
    -0.000635  0.000088  0.000026
    -0.000586  0.000100  0.000026
    -0.000581  0.000043  0.000026
    -0.000534  0.000115  0.000026
    -0.000484  0.000124  0.000026
    -0.000448  0.000129  0.000026
    -0.000406  0.000132  0.000026
    -0.000371  0.000135  0.000026
    -0.000345  0.000138  0.000026
    -0.000321  0.000140  0.000026
    -0.000260  0.000167  0.000026
    -0.000232  0.000180  0.000026
    -0.000191  0.000200  0.000026
    -0.000149  0.000221  0.000026
    -0.000137  0.000227  0.000026
    -0.000137  0.000227  0.000026
    -0.000137  0.000227  0.000026
    -0.000137  0.000227  0.000026
    -0.000137  0.000227  0.000026
    -0.000137  0.000227  0.000026
    -0.000137  0.000227  0.000026
    -0.000137  0.000227  0.000026
    -0.000137  0.000227  0.000026
    -0.000055  0.000067  0.000026
     0.000036 -0.000186  0.000026
     0.000154 -0.000485  0.000026
     0.000081 -0.000044  0.000026
     0.000187 -0.000261  0.000026
     0.000276 -0.000400  0.000026
     0.000331 -0.000410  0.000026
     0.000347 -0.000271  0.000026
     0.000281  0.000126  0.000026
     0.000226  0.000134  0.000026
     0.000150  0.000147  0.000026
    -0.000137  0.000227  0.000026
    -0.000137  0.000227  0.000026
    -0.000137  0.000227  0.000026
    -0.000137  0.000227  0.000026
    -0.000137  0.000227  0.000026
    -0.000137  0.000227  0.000026
    -0.000137  0.000227  0.000026
    -0.000137  0.000227  0.000026
    -0.000137  0.000227  0.000026
    -0.000137  0.000227  0.000026
    -0.000137  0.000227  0.000026
    -0.000137  0.000227  0.000026
    -0.000137  0.000227  0.000026
    -0.000137  0.000227  0.000026
    -0.000137  0.000227  0.000026
    -0.000137  0.000227  0.000026
    -0.000137  0.000227  0.000026
    -0.000137  0.000227  0.000026
    -0.000137  0.000227  0.000026
    -0.000137  0.000227  0.000026
    -0.000137  0.000227  0.000026
    -0.000137  0.000227  0.000026
    -0.000137  0.000227  0.000026
    -0.000137  0.000227  0.000026
    -0.000137  0.000227  0.000026
    -0.000137  0.000227  0.000026
    -0.000137  0.000227  0.000026
    -0.000137  0.000227  0.000026
    -0.000137  0.000227  0.000026
    -0.000137  0.000227  0.000026
    -0.000137  0.000227  0.000026
    -0.000137  0.000227  0.000026
    -0.000137  0.000227  0.000026
    -0.000137  0.000227  0.000026
    -0.000137  0.000227  0.000026
    -0.000137  0.000227  0.000026
    -0.000137  0.000227  0.000026
    -0.000137  0.000227  0.000026
    -0.000137  0.000227  0.000026
    -0.000137  0.000227  0.000026
    -0.000137  0.000227  0.000026
    -0.000137  0.000227  0.000026
    -0.000490  0.000071  0.000026
    -0.000566  0.000065  0.000026
    -0.000626  0.000063  0.000026
    -0.000674  0.000064  0.000026
    -0.000677  0.000071  0.000026
    -0.000650  0.000080  0.000026
    -0.000614  0.000091  0.000026
    -0.000570  0.000102  0.000026
    -0.000524  0.000114  0.000026
    -0.000419 -0.000516  0.000026
    -0.000397 -0.000284  0.000026
    -0.000353 -0.000368  0.000026
    -0.000342 -0.000240  0.000026
    -0.000333 -0.000101  0.000026
    -0.000330  0.000052  0.000026
    -0.000320  0.000158  0.000026
    -0.000292  0.000163  0.000026
    -0.000264  0.000169  0.000026
    -0.000249  0.000173  0.000026
    -0.000206  0.000193  0.000026
    -0.000145  0.000223  0.000026
    -0.000137  0.000227  0.000026
    -0.000125  0.000161  0.000026
    -0.000088 -0.000034  0.000026
    -0.000051 -0.000234  0.000026
    -0.000012 -0.000447  0.000026
     0.000028 -0.000659  0.000026
     0.000083 -0.000815  0.000026
     0.000105 -0.000743  0.000026
     0.000212 -0.000966  0.000026
     0.000117 -0.000403  0.000026
     0.000201 -0.000527  0.000026
     0.000265 -0.000572  0.000026
     0.000282 -0.000416  0.000026
     0.000253 -0.000083  0.000026
     0.000207  0.000140  0.000026
     0.000143  0.000150  0.000026
    -0.000014  0.000191  0.000026
    -0.000137  0.000227  0.000026
    -0.000137  0.000227  0.000026
    -0.000137  0.000227  0.000026
    -0.000137  0.000227  0.000026
    -0.000137  0.000227  0.000026
    -0.000137  0.000227  0.000026
    -0.000137  0.000227  0.000026
    -0.000137  0.000227  0.000026
    -0.000137  0.000227  0.000026
    -0.000137  0.000227  0.000026
    -0.000137  0.000227  0.000026
    -0.000137  0.000227  0.000026
    -0.000137  0.000227  0.000026
    -0.000137  0.000227  0.000026
    -0.000137  0.000227  0.000026
    -0.000137  0.000227  0.000026
    -0.000137  0.000227  0.000026
    -0.000137  0.000227  0.000026
    -0.000137  0.000227  0.000026
    -0.000137  0.000227  0.000026
    -0.000137  0.000227  0.000026
    -0.000137  0.000227  0.000026
    -0.000137  0.000227  0.000026
    -0.000137  0.000227  0.000026
    -0.000137  0.000227  0.000026
    -0.000137  0.000227  0.000026
    -0.000137  0.000227  0.000026
    -0.000137  0.000227  0.000026
    -0.000137  0.000227  0.000026
    -0.000137  0.000227  0.000026
    -0.000137  0.000227  0.000026
    -0.000137  0.000227  0.000026
    -0.000137  0.000227  0.000026
    -0.000137  0.000227  0.000026
    -0.000137  0.000227  0.000026
    -0.000137  0.000227  0.000026
    -0.000137  0.000227  0.000026
    -0.000137  0.000227  0.000026
    -0.000137  0.000227  0.000026
    -0.000137  0.000227  0.000026
    -0.000137  0.000227  0.000026
    -0.000137  0.000227  0.000026
    -0.000137  0.000227  0.000026
    -0.000137  0.000227  0.000026
    -0.000181  0.000206  0.000026
    -0.000500  0.000072  0.000026
    -0.000549  0.000071  0.000026
    -0.000606  0.000070  0.000026
    -0.000625  0.000075  0.000026
    -0.000610  0.000084  0.000026
    -0.000582  0.000094  0.000026
    -0.000520 -0.000039  0.000026
    -0.000464 -0.000111  0.000026
    -0.000418 -0.000116  0.000026
    -0.000306 -0.000660  0.000026
    -0.000251 -0.000784  0.000026
    -0.000195 -0.000945  0.000026
    -0.000144 -0.001072  0.000026
    -0.000116 -0.001064  0.000026
    -0.000103 -0.000971  0.000026
    -0.000092 -0.000873  0.000026
    -0.000093 -0.000731  0.000026
    -0.000093 -0.000607  0.000026
    -0.000051 -0.000670  0.000026
     0.000037 -0.000850  0.000026
     0.000096 -0.001025  0.000026
     0.000124 -0.001174  0.000026
     0.000125 -0.001182  0.000026
     0.000105 -0.001075  0.000026
     0.000080 -0.000937  0.000026
     0.000055 -0.000803  0.000026
    -0.000019 -0.000292  0.000026
     0.000076 -0.000366  0.000026
     0.000127 -0.000352  0.000026
     0.000149 -0.000221  0.000026
     0.000135  0.000056  0.000026
     0.000135  0.000156  0.000026
     0.000114  0.000157  0.000026
    -0.000038  0.000198  0.000026
    -0.000137  0.000227  0.000026
    -0.000137  0.000227  0.000026
    -0.000137  0.000227  0.000026
    -0.000137  0.000227  0.000026
    -0.000137  0.000227  0.000026
    -0.000137  0.000227  0.000026
    -0.000137  0.000227  0.000026
    -0.000137  0.000227  0.000026
    -0.000137  0.000227  0.000026
    -0.000137  0.000227  0.000026
    -0.000137  0.000227  0.000026
    -0.000137  0.000227  0.000026
    -0.000137  0.000227  0.000026
    -0.000137  0.000227  0.000026
    -0.000137  0.000227  0.000026
    -0.000137  0.000227  0.000026
    -0.000137  0.000227  0.000026
    -0.000137  0.000227  0.000026
    -0.000137  0.000227  0.000026
    -0.000137  0.000227  0.000026
    -0.000137  0.000227  0.000026
    -0.000137  0.000227  0.000026
    -0.000137  0.000227  0.000026
    -0.000137  0.000227  0.000026
    -0.000137  0.000227  0.000026
    -0.000137  0.000227  0.000026
    -0.000137  0.000227  0.000026
    -0.000137  0.000227  0.000026
    -0.000137  0.000227  0.000026
    -0.000137  0.000227  0.000026
    -0.000137  0.000227  0.000026
    -0.000137  0.000227  0.000026
    -0.000137  0.000227  0.000026
    -0.000137  0.000227  0.000026
    -0.000137  0.000227  0.000026
    -0.000137  0.000227  0.000026
    -0.000137  0.000227  0.000026
    -0.000137  0.000227  0.000026
    -0.000137  0.000227  0.000026
    -0.000137  0.000227  0.000026
    -0.000137  0.000227  0.000026
    -0.000137  0.000227  0.000026
    -0.000137  0.000227  0.000026
    -0.000137  0.000227  0.000026
    -0.000137  0.000227  0.000026
    -0.000137  0.000227  0.000026
    -0.000137  0.000227  0.000026
    -0.000137  0.000227  0.000026
    -0.000230  0.000181  0.000026
    -0.000480  0.000077  0.000026
    -0.000524  0.000077  0.000026
    -0.000551  0.000079  0.000026
    -0.000552  0.000086  0.000026
    -0.000535  0.000094  0.000026
    -0.000511  0.000104  0.000026
    -0.000479  0.000114  0.000026
    -0.000442  0.000123  0.000026
    -0.000405  0.000133  0.000026
    -0.000338 -0.000140  0.000026
    -0.000286 -0.000295  0.000026
    -0.000230 -0.000481  0.000026
    -0.000168 -0.000687  0.000026
    -0.000112 -0.000857  0.000026
    -0.000066 -0.000955  0.000026
    -0.000026 -0.001028  0.000026
    -0.000007 -0.000982  0.000026
     0.000026 -0.000876  0.000026
     0.000039 -0.000718  0.000026
     0.000004 -0.000532  0.000026
    -0.000039 -0.000299  0.000026
    -0.000081 -0.000073  0.000026
    -0.000137  0.000227  0.000026
    -0.000137  0.000227  0.000026
    -0.000131  0.000225  0.000026
    -0.000042  0.000199  0.000026
     0.000018  0.000182  0.000026
     0.000047  0.000174  0.000026
     0.000026  0.000180  0.000026
    -0.000104  0.000217  0.000026
    -0.000137  0.000227  0.000026
    -0.000137  0.000227  0.000026
    -0.000137  0.000227  0.000026
    -0.000137  0.000227  0.000026
    -0.000137  0.000227  0.000026
    -0.000137  0.000227  0.000026
    -0.000137  0.000227  0.000026
    -0.000137  0.000227  0.000026
    -0.000137  0.000227  0.000026
    -0.000137  0.000227  0.000026
    -0.000137  0.000227  0.000026
    -0.000137  0.000227  0.000026
    -0.000137  0.000227  0.000026
    -0.000137  0.000227  0.000026
    -0.000137  0.000227  0.000026
    -0.000137  0.000227  0.000026
    -0.000137  0.000227  0.000026
    -0.000137  0.000227  0.000026
    -0.000137  0.000227  0.000026
    -0.000137  0.000227  0.000026
    -0.000137  0.000227  0.000026
    -0.000137  0.000227  0.000026
    -0.000137  0.000227  0.000026
    -0.000137  0.000227  0.000026
    -0.000137  0.000227  0.000026
    -0.000137  0.000227  0.000026
    -0.000137  0.000227  0.000026
    -0.000137  0.000227  0.000026
    -0.000137  0.000227  0.000026
    -0.000137  0.000227  0.000026
    -0.000137  0.000227  0.000026
    -0.000137  0.000227  0.000026
    -0.000137  0.000227  0.000026
    -0.000137  0.000227  0.000026
    -0.000137  0.000227  0.000026
    -0.000137  0.000227  0.000026
    -0.000137  0.000227  0.000026
    -0.000137  0.000227  0.000026
    -0.000137  0.000227  0.000026
    -0.000137  0.000227  0.000026
    -0.000137  0.000227  0.000026
    -0.000137  0.000227  0.000026
    -0.000137  0.000227  0.000026
    -0.000137  0.000227  0.000026
    -0.000137  0.000227  0.000026
    -0.000137  0.000227  0.000026
    -0.000137  0.000227  0.000026
    -0.000137  0.000227  0.000026
    -0.000137  0.000227  0.000026
    -0.000137  0.000227  0.000026
    -0.000137  0.000227  0.000026
    -0.000137  0.000227  0.000026
    -0.000187  0.000202  0.000026
    -0.000320  0.000137  0.000026
    -0.000475  0.000085  0.000026
    -0.000488  0.000089  0.000026
    -0.000484  0.000095  0.000026
    -0.000465  0.000103  0.000026
    -0.000441  0.000111  0.000026
    -0.000414  0.000119  0.000026
    -0.000384  0.000127  0.000026
    -0.000354  0.000135  0.000026
    -0.000293  0.000151  0.000026
    -0.000312  0.000148  0.000026
    -0.000294  0.000153  0.000026
    -0.000267  0.000163  0.000026
    -0.000206  0.000193  0.000026
    -0.000140  0.000225  0.000026
    -0.000137  0.000227  0.000026
    -0.000137  0.000227  0.000026
    -0.000137  0.000227  0.000026
    -0.000137  0.000227  0.000026
    -0.000137  0.000227  0.000026
    -0.000137  0.000227  0.000026
    -0.000137  0.000227  0.000026
    -0.000137  0.000227  0.000026
    -0.000137  0.000227  0.000026
    -0.000137  0.000227  0.000026
    -0.000137  0.000227  0.000026
    -0.000137  0.000227  0.000026
    -0.000137  0.000227  0.000026
    -0.000137  0.000227  0.000026
    -0.000137  0.000227  0.000026
    -0.000137  0.000227  0.000026
    -0.000137  0.000227  0.000026
    -0.000137  0.000227  0.000026
    -0.000137  0.000227  0.000026
    -0.000137  0.000227  0.000026
    -0.000137  0.000227  0.000026
    -0.000137  0.000227  0.000026
    -0.000137  0.000227  0.000026
    -0.000137  0.000227  0.000026
    -0.000137  0.000227  0.000026
    -0.000137  0.000227  0.000026
    -0.000137  0.000227  0.000026
    -0.000137  0.000227  0.000026
    -0.000137  0.000227  0.000026
    -0.000137  0.000227  0.000026
    -0.000137  0.000227  0.000026
    -0.000137  0.000227  0.000026
    -0.000137  0.000227  0.000026
    -0.000137  0.000227  0.000026
    -0.000137  0.000227  0.000026
    -0.000137  0.000227  0.000026
    -0.000137  0.000227  0.000026
    -0.000137  0.000227  0.000026
    -0.000137  0.000227  0.000026
    -0.000137  0.000227  0.000026
