# vtk DataFile Version 3.0
Predicted magnetic field
ASCII

DATASET STRUCTURED_GRID
DIMENSIONS 81 81 1
POINTS 6561 float
    -10.584000 -10.584000  0.529000
    -10.584000 -10.319000  0.529000
    -10.584000 -10.054000  0.529000
    -10.584000 -9.790000  0.529000
    -10.584000 -9.525000  0.529000
    -10.584000 -9.261000  0.529000
    -10.584000 -8.996000  0.529000
    -10.584000 -8.731000  0.529000
    -10.584000 -8.467000  0.529000
    -10.584000 -8.202000  0.529000
    -10.584000 -7.938000  0.529000
    -10.584000 -7.673000  0.529000
    -10.584000 -7.408000  0.529000
    -10.584000 -7.144000  0.529000
    -10.584000 -6.879000  0.529000
    -10.584000 -6.615000  0.529000
    -10.584000 -6.350000  0.529000
    -10.584000 -6.086000  0.529000
    -10.584000 -5.821000  0.529000
    -10.584000 -5.556000  0.529000
    -10.584000 -5.292000  0.529000
    -10.584000 -5.027000  0.529000
    -10.584000 -4.763000  0.529000
    -10.584000 -4.498000  0.529000
    -10.584000 -4.233000  0.529000
    -10.584000 -3.969000  0.529000
    -10.584000 -3.704000  0.529000
    -10.584000 -3.440000  0.529000
    -10.584000 -3.175000  0.529000
    -10.584000 -2.910000  0.529000
    -10.584000 -2.646000  0.529000
    -10.584000 -2.381000  0.529000
    -10.584000 -2.117000  0.529000
    -10.584000 -1.852000  0.529000
    -10.584000 -1.588000  0.529000
    -10.584000 -1.323000  0.529000
    -10.584000 -1.058000  0.529000
    -10.584000 -0.794000  0.529000
    -10.584000 -0.529000  0.529000
    -10.584000 -0.265000  0.529000
    -10.584000  0.000000  0.529000
    -10.584000  0.265000  0.529000
    -10.584000  0.529000  0.529000
    -10.584000  0.794000  0.529000
    -10.584000  1.058000  0.529000
    -10.584000  1.323000  0.529000
    -10.584000  1.588000  0.529000
    -10.584000  1.852000  0.529000
    -10.584000  2.117000  0.529000
    -10.584000  2.381000  0.529000
    -10.584000  2.646000  0.529000
    -10.584000  2.910000  0.529000
    -10.584000  3.175000  0.529000
    -10.584000  3.440000  0.529000
    -10.584000  3.704000  0.529000
    -10.584000  3.969000  0.529000
    -10.584000  4.233000  0.529000
    -10.584000  4.498000  0.529000
    -10.584000  4.763000  0.529000
    -10.584000  5.027000  0.529000
    -10.584000  5.292000  0.529000
    -10.584000  5.556000  0.529000
    -10.584000  5.821000  0.529000
    -10.584000  6.086000  0.529000
    -10.584000  6.350000  0.529000
    -10.584000  6.615000  0.529000
    -10.584000  6.879000  0.529000
    -10.584000  7.144000  0.529000
    -10.584000  7.408000  0.529000
    -10.584000  7.673000  0.529000
    -10.584000  7.938000  0.529000
    -10.584000  8.202000  0.529000
    -10.584000  8.467000  0.529000
    -10.584000  8.731000  0.529000
    -10.584000  8.996000  0.529000
    -10.584000  9.261000  0.529000
    -10.584000  9.525000  0.529000
    -10.584000  9.790000  0.529000
    -10.584000  10.054000  0.529000
    -10.584000  10.319000  0.529000
    -10.584000  10.584000  0.529000
    -10.319000 -10.584000  0.529000
    -10.319000 -10.319000  0.529000
    -10.319000 -10.054000  0.529000
    -10.319000 -9.790000  0.529000
    -10.319000 -9.525000  0.529000
    -10.319000 -9.261000  0.529000
    -10.319000 -8.996000  0.529000
    -10.319000 -8.731000  0.529000
    -10.319000 -8.467000  0.529000
    -10.319000 -8.202000  0.529000
    -10.319000 -7.938000  0.529000
    -10.319000 -7.673000  0.529000
    -10.319000 -7.408000  0.529000
    -10.319000 -7.144000  0.529000
    -10.319000 -6.879000  0.529000
    -10.319000 -6.615000  0.529000
    -10.319000 -6.350000  0.529000
    -10.319000 -6.086000  0.529000
    -10.319000 -5.821000  0.529000
    -10.319000 -5.556000  0.529000
    -10.319000 -5.292000  0.529000
    -10.319000 -5.027000  0.529000
    -10.319000 -4.763000  0.529000
    -10.319000 -4.498000  0.529000
    -10.319000 -4.233000  0.529000
    -10.319000 -3.969000  0.529000
    -10.319000 -3.704000  0.529000
    -10.319000 -3.440000  0.529000
    -10.319000 -3.175000  0.529000
    -10.319000 -2.910000  0.529000
    -10.319000 -2.646000  0.529000
    -10.319000 -2.381000  0.529000
    -10.319000 -2.117000  0.529000
    -10.319000 -1.852000  0.529000
    -10.319000 -1.588000  0.529000
    -10.319000 -1.323000  0.529000
    -10.319000 -1.058000  0.529000
    -10.319000 -0.794000  0.529000
    -10.319000 -0.529000  0.529000
    -10.319000 -0.265000  0.529000
    -10.319000  0.000000  0.529000
    -10.319000  0.265000  0.529000
    -10.319000  0.529000  0.529000
    -10.319000  0.794000  0.529000
    -10.319000  1.058000  0.529000
    -10.319000  1.323000  0.529000
    -10.319000  1.588000  0.529000
    -10.319000  1.852000  0.529000
    -10.319000  2.117000  0.529000
    -10.319000  2.381000  0.529000
    -10.319000  2.646000  0.529000
    -10.319000  2.910000  0.529000
    -10.319000  3.175000  0.529000
    -10.319000  3.440000  0.529000
    -10.319000  3.704000  0.529000
    -10.319000  3.969000  0.529000
    -10.319000  4.233000  0.529000
    -10.319000  4.498000  0.529000
    -10.319000  4.763000  0.529000
    -10.319000  5.027000  0.529000
    -10.319000  5.292000  0.529000
    -10.319000  5.556000  0.529000
    -10.319000  5.821000  0.529000
    -10.319000  6.086000  0.529000
    -10.319000  6.350000  0.529000
    -10.319000  6.615000  0.529000
    -10.319000  6.879000  0.529000
    -10.319000  7.144000  0.529000
    -10.319000  7.408000  0.529000
    -10.319000  7.673000  0.529000
    -10.319000  7.938000  0.529000
    -10.319000  8.202000  0.529000
    -10.319000  8.467000  0.529000
    -10.319000  8.731000  0.529000
    -10.319000  8.996000  0.529000
    -10.319000  9.261000  0.529000
    -10.319000  9.525000  0.529000
    -10.319000  9.790000  0.529000
    -10.319000  10.054000  0.529000
    -10.319000  10.319000  0.529000
    -10.319000  10.584000  0.529000
    -10.054000 -10.584000  0.529000
    -10.054000 -10.319000  0.529000
    -10.054000 -10.054000  0.529000
    -10.054000 -9.790000  0.529000
    -10.054000 -9.525000  0.529000
    -10.054000 -9.261000  0.529000
    -10.054000 -8.996000  0.529000
    -10.054000 -8.731000  0.529000
    -10.054000 -8.467000  0.529000
    -10.054000 -8.202000  0.529000
    -10.054000 -7.938000  0.529000
    -10.054000 -7.673000  0.529000
    -10.054000 -7.408000  0.529000
    -10.054000 -7.144000  0.529000
    -10.054000 -6.879000  0.529000
    -10.054000 -6.615000  0.529000
    -10.054000 -6.350000  0.529000
    -10.054000 -6.086000  0.529000
    -10.054000 -5.821000  0.529000
    -10.054000 -5.556000  0.529000
    -10.054000 -5.292000  0.529000
    -10.054000 -5.027000  0.529000
    -10.054000 -4.763000  0.529000
    -10.054000 -4.498000  0.529000
    -10.054000 -4.233000  0.529000
    -10.054000 -3.969000  0.529000
    -10.054000 -3.704000  0.529000
    -10.054000 -3.440000  0.529000
    -10.054000 -3.175000  0.529000
    -10.054000 -2.910000  0.529000
    -10.054000 -2.646000  0.529000
    -10.054000 -2.381000  0.529000
    -10.054000 -2.117000  0.529000
    -10.054000 -1.852000  0.529000
    -10.054000 -1.588000  0.529000
    -10.054000 -1.323000  0.529000
    -10.054000 -1.058000  0.529000
    -10.054000 -0.794000  0.529000
    -10.054000 -0.529000  0.529000
    -10.054000 -0.265000  0.529000
    -10.054000  0.000000  0.529000
    -10.054000  0.265000  0.529000
    -10.054000  0.529000  0.529000
    -10.054000  0.794000  0.529000
    -10.054000  1.058000  0.529000
    -10.054000  1.323000  0.529000
    -10.054000  1.588000  0.529000
    -10.054000  1.852000  0.529000
    -10.054000  2.117000  0.529000
    -10.054000  2.381000  0.529000
    -10.054000  2.646000  0.529000
    -10.054000  2.910000  0.529000
    -10.054000  3.175000  0.529000
    -10.054000  3.440000  0.529000
    -10.054000  3.704000  0.529000
    -10.054000  3.969000  0.529000
    -10.054000  4.233000  0.529000
    -10.054000  4.498000  0.529000
    -10.054000  4.763000  0.529000
    -10.054000  5.027000  0.529000
    -10.054000  5.292000  0.529000
    -10.054000  5.556000  0.529000
    -10.054000  5.821000  0.529000
    -10.054000  6.086000  0.529000
    -10.054000  6.350000  0.529000
    -10.054000  6.615000  0.529000
    -10.054000  6.879000  0.529000
    -10.054000  7.144000  0.529000
    -10.054000  7.408000  0.529000
    -10.054000  7.673000  0.529000
    -10.054000  7.938000  0.529000
    -10.054000  8.202000  0.529000
    -10.054000  8.467000  0.529000
    -10.054000  8.731000  0.529000
    -10.054000  8.996000  0.529000
    -10.054000  9.261000  0.529000
    -10.054000  9.525000  0.529000
    -10.054000  9.790000  0.529000
    -10.054000  10.054000  0.529000
    -10.054000  10.319000  0.529000
    -10.054000  10.584000  0.529000
    -9.790000 -10.584000  0.529000
    -9.790000 -10.319000  0.529000
    -9.790000 -10.054000  0.529000
    -9.790000 -9.790000  0.529000
    -9.790000 -9.525000  0.529000
    -9.790000 -9.261000  0.529000
    -9.790000 -8.996000  0.529000
    -9.790000 -8.731000  0.529000
    -9.790000 -8.467000  0.529000
    -9.790000 -8.202000  0.529000
    -9.790000 -7.938000  0.529000
    -9.790000 -7.673000  0.529000
    -9.790000 -7.408000  0.529000
    -9.790000 -7.144000  0.529000
    -9.790000 -6.879000  0.529000
    -9.790000 -6.615000  0.529000
    -9.790000 -6.350000  0.529000
    -9.790000 -6.086000  0.529000
    -9.790000 -5.821000  0.529000
    -9.790000 -5.556000  0.529000
    -9.790000 -5.292000  0.529000
    -9.790000 -5.027000  0.529000
    -9.790000 -4.763000  0.529000
    -9.790000 -4.498000  0.529000
    -9.790000 -4.233000  0.529000
    -9.790000 -3.969000  0.529000
    -9.790000 -3.704000  0.529000
    -9.790000 -3.440000  0.529000
    -9.790000 -3.175000  0.529000
    -9.790000 -2.910000  0.529000
    -9.790000 -2.646000  0.529000
    -9.790000 -2.381000  0.529000
    -9.790000 -2.117000  0.529000
    -9.790000 -1.852000  0.529000
    -9.790000 -1.588000  0.529000
    -9.790000 -1.323000  0.529000
    -9.790000 -1.058000  0.529000
    -9.790000 -0.794000  0.529000
    -9.790000 -0.529000  0.529000
    -9.790000 -0.265000  0.529000
    -9.790000  0.000000  0.529000
    -9.790000  0.265000  0.529000
    -9.790000  0.529000  0.529000
    -9.790000  0.794000  0.529000
    -9.790000  1.058000  0.529000
    -9.790000  1.323000  0.529000
    -9.790000  1.588000  0.529000
    -9.790000  1.852000  0.529000
    -9.790000  2.117000  0.529000
    -9.790000  2.381000  0.529000
    -9.790000  2.646000  0.529000
    -9.790000  2.910000  0.529000
    -9.790000  3.175000  0.529000
    -9.790000  3.440000  0.529000
    -9.790000  3.704000  0.529000
    -9.790000  3.969000  0.529000
    -9.790000  4.233000  0.529000
    -9.790000  4.498000  0.529000
    -9.790000  4.763000  0.529000
    -9.790000  5.027000  0.529000
    -9.790000  5.292000  0.529000
    -9.790000  5.556000  0.529000
    -9.790000  5.821000  0.529000
    -9.790000  6.086000  0.529000
    -9.790000  6.350000  0.529000
    -9.790000  6.615000  0.529000
    -9.790000  6.879000  0.529000
    -9.790000  7.144000  0.529000
    -9.790000  7.408000  0.529000
    -9.790000  7.673000  0.529000
    -9.790000  7.938000  0.529000
    -9.790000  8.202000  0.529000
    -9.790000  8.467000  0.529000
    -9.790000  8.731000  0.529000
    -9.790000  8.996000  0.529000
    -9.790000  9.261000  0.529000
    -9.790000  9.525000  0.529000
    -9.790000  9.790000  0.529000
    -9.790000  10.054000  0.529000
    -9.790000  10.319000  0.529000
    -9.790000  10.584000  0.529000
    -9.525000 -10.584000  0.529000
    -9.525000 -10.319000  0.529000
    -9.525000 -10.054000  0.529000
    -9.525000 -9.790000  0.529000
    -9.525000 -9.525000  0.529000
    -9.525000 -9.261000  0.529000
    -9.525000 -8.996000  0.529000
    -9.525000 -8.731000  0.529000
    -9.525000 -8.467000  0.529000
    -9.525000 -8.202000  0.529000
    -9.525000 -7.938000  0.529000
    -9.525000 -7.673000  0.529000
    -9.525000 -7.408000  0.529000
    -9.525000 -7.144000  0.529000
    -9.525000 -6.879000  0.529000
    -9.525000 -6.615000  0.529000
    -9.525000 -6.350000  0.529000
    -9.525000 -6.086000  0.529000
    -9.525000 -5.821000  0.529000
    -9.525000 -5.556000  0.529000
    -9.525000 -5.292000  0.529000
    -9.525000 -5.027000  0.529000
    -9.525000 -4.763000  0.529000
    -9.525000 -4.498000  0.529000
    -9.525000 -4.233000  0.529000
    -9.525000 -3.969000  0.529000
    -9.525000 -3.704000  0.529000
    -9.525000 -3.440000  0.529000
    -9.525000 -3.175000  0.529000
    -9.525000 -2.910000  0.529000
    -9.525000 -2.646000  0.529000
    -9.525000 -2.381000  0.529000
    -9.525000 -2.117000  0.529000
    -9.525000 -1.852000  0.529000
    -9.525000 -1.588000  0.529000
    -9.525000 -1.323000  0.529000
    -9.525000 -1.058000  0.529000
    -9.525000 -0.794000  0.529000
    -9.525000 -0.529000  0.529000
    -9.525000 -0.265000  0.529000
    -9.525000  0.000000  0.529000
    -9.525000  0.265000  0.529000
    -9.525000  0.529000  0.529000
    -9.525000  0.794000  0.529000
    -9.525000  1.058000  0.529000
    -9.525000  1.323000  0.529000
    -9.525000  1.588000  0.529000
    -9.525000  1.852000  0.529000
    -9.525000  2.117000  0.529000
    -9.525000  2.381000  0.529000
    -9.525000  2.646000  0.529000
    -9.525000  2.910000  0.529000
    -9.525000  3.175000  0.529000
    -9.525000  3.440000  0.529000
    -9.525000  3.704000  0.529000
    -9.525000  3.969000  0.529000
    -9.525000  4.233000  0.529000
    -9.525000  4.498000  0.529000
    -9.525000  4.763000  0.529000
    -9.525000  5.027000  0.529000
    -9.525000  5.292000  0.529000
    -9.525000  5.556000  0.529000
    -9.525000  5.821000  0.529000
    -9.525000  6.086000  0.529000
    -9.525000  6.350000  0.529000
    -9.525000  6.615000  0.529000
    -9.525000  6.879000  0.529000
    -9.525000  7.144000  0.529000
    -9.525000  7.408000  0.529000
    -9.525000  7.673000  0.529000
    -9.525000  7.938000  0.529000
    -9.525000  8.202000  0.529000
    -9.525000  8.467000  0.529000
    -9.525000  8.731000  0.529000
    -9.525000  8.996000  0.529000
    -9.525000  9.261000  0.529000
    -9.525000  9.525000  0.529000
    -9.525000  9.790000  0.529000
    -9.525000  10.054000  0.529000
    -9.525000  10.319000  0.529000
    -9.525000  10.584000  0.529000
    -9.261000 -10.584000  0.529000
    -9.261000 -10.319000  0.529000
    -9.261000 -10.054000  0.529000
    -9.261000 -9.790000  0.529000
    -9.261000 -9.525000  0.529000
    -9.261000 -9.261000  0.529000
    -9.261000 -8.996000  0.529000
    -9.261000 -8.731000  0.529000
    -9.261000 -8.467000  0.529000
    -9.261000 -8.202000  0.529000
    -9.261000 -7.938000  0.529000
    -9.261000 -7.673000  0.529000
    -9.261000 -7.408000  0.529000
    -9.261000 -7.144000  0.529000
    -9.261000 -6.879000  0.529000
    -9.261000 -6.615000  0.529000
    -9.261000 -6.350000  0.529000
    -9.261000 -6.086000  0.529000
    -9.261000 -5.821000  0.529000
    -9.261000 -5.556000  0.529000
    -9.261000 -5.292000  0.529000
    -9.261000 -5.027000  0.529000
    -9.261000 -4.763000  0.529000
    -9.261000 -4.498000  0.529000
    -9.261000 -4.233000  0.529000
    -9.261000 -3.969000  0.529000
    -9.261000 -3.704000  0.529000
    -9.261000 -3.440000  0.529000
    -9.261000 -3.175000  0.529000
    -9.261000 -2.910000  0.529000
    -9.261000 -2.646000  0.529000
    -9.261000 -2.381000  0.529000
    -9.261000 -2.117000  0.529000
    -9.261000 -1.852000  0.529000
    -9.261000 -1.588000  0.529000
    -9.261000 -1.323000  0.529000
    -9.261000 -1.058000  0.529000
    -9.261000 -0.794000  0.529000
    -9.261000 -0.529000  0.529000
    -9.261000 -0.265000  0.529000
    -9.261000  0.000000  0.529000
    -9.261000  0.265000  0.529000
    -9.261000  0.529000  0.529000
    -9.261000  0.794000  0.529000
    -9.261000  1.058000  0.529000
    -9.261000  1.323000  0.529000
    -9.261000  1.588000  0.529000
    -9.261000  1.852000  0.529000
    -9.261000  2.117000  0.529000
    -9.261000  2.381000  0.529000
    -9.261000  2.646000  0.529000
    -9.261000  2.910000  0.529000
    -9.261000  3.175000  0.529000
    -9.261000  3.440000  0.529000
    -9.261000  3.704000  0.529000
    -9.261000  3.969000  0.529000
    -9.261000  4.233000  0.529000
    -9.261000  4.498000  0.529000
    -9.261000  4.763000  0.529000
    -9.261000  5.027000  0.529000
    -9.261000  5.292000  0.529000
    -9.261000  5.556000  0.529000
    -9.261000  5.821000  0.529000
    -9.261000  6.086000  0.529000
    -9.261000  6.350000  0.529000
    -9.261000  6.615000  0.529000
    -9.261000  6.879000  0.529000
    -9.261000  7.144000  0.529000
    -9.261000  7.408000  0.529000
    -9.261000  7.673000  0.529000
    -9.261000  7.938000  0.529000
    -9.261000  8.202000  0.529000
    -9.261000  8.467000  0.529000
    -9.261000  8.731000  0.529000
    -9.261000  8.996000  0.529000
    -9.261000  9.261000  0.529000
    -9.261000  9.525000  0.529000
    -9.261000  9.790000  0.529000
    -9.261000  10.054000  0.529000
    -9.261000  10.319000  0.529000
    -9.261000  10.584000  0.529000
    -8.996000 -10.584000  0.529000
    -8.996000 -10.319000  0.529000
    -8.996000 -10.054000  0.529000
    -8.996000 -9.790000  0.529000
    -8.996000 -9.525000  0.529000
    -8.996000 -9.261000  0.529000
    -8.996000 -8.996000  0.529000
    -8.996000 -8.731000  0.529000
    -8.996000 -8.467000  0.529000
    -8.996000 -8.202000  0.529000
    -8.996000 -7.938000  0.529000
    -8.996000 -7.673000  0.529000
    -8.996000 -7.408000  0.529000
    -8.996000 -7.144000  0.529000
    -8.996000 -6.879000  0.529000
    -8.996000 -6.615000  0.529000
    -8.996000 -6.350000  0.529000
    -8.996000 -6.086000  0.529000
    -8.996000 -5.821000  0.529000
    -8.996000 -5.556000  0.529000
    -8.996000 -5.292000  0.529000
    -8.996000 -5.027000  0.529000
    -8.996000 -4.763000  0.529000
    -8.996000 -4.498000  0.529000
    -8.996000 -4.233000  0.529000
    -8.996000 -3.969000  0.529000
    -8.996000 -3.704000  0.529000
    -8.996000 -3.440000  0.529000
    -8.996000 -3.175000  0.529000
    -8.996000 -2.910000  0.529000
    -8.996000 -2.646000  0.529000
    -8.996000 -2.381000  0.529000
    -8.996000 -2.117000  0.529000
    -8.996000 -1.852000  0.529000
    -8.996000 -1.588000  0.529000
    -8.996000 -1.323000  0.529000
    -8.996000 -1.058000  0.529000
    -8.996000 -0.794000  0.529000
    -8.996000 -0.529000  0.529000
    -8.996000 -0.265000  0.529000
    -8.996000  0.000000  0.529000
    -8.996000  0.265000  0.529000
    -8.996000  0.529000  0.529000
    -8.996000  0.794000  0.529000
    -8.996000  1.058000  0.529000
    -8.996000  1.323000  0.529000
    -8.996000  1.588000  0.529000
    -8.996000  1.852000  0.529000
    -8.996000  2.117000  0.529000
    -8.996000  2.381000  0.529000
    -8.996000  2.646000  0.529000
    -8.996000  2.910000  0.529000
    -8.996000  3.175000  0.529000
    -8.996000  3.440000  0.529000
    -8.996000  3.704000  0.529000
    -8.996000  3.969000  0.529000
    -8.996000  4.233000  0.529000
    -8.996000  4.498000  0.529000
    -8.996000  4.763000  0.529000
    -8.996000  5.027000  0.529000
    -8.996000  5.292000  0.529000
    -8.996000  5.556000  0.529000
    -8.996000  5.821000  0.529000
    -8.996000  6.086000  0.529000
    -8.996000  6.350000  0.529000
    -8.996000  6.615000  0.529000
    -8.996000  6.879000  0.529000
    -8.996000  7.144000  0.529000
    -8.996000  7.408000  0.529000
    -8.996000  7.673000  0.529000
    -8.996000  7.938000  0.529000
    -8.996000  8.202000  0.529000
    -8.996000  8.467000  0.529000
    -8.996000  8.731000  0.529000
    -8.996000  8.996000  0.529000
    -8.996000  9.261000  0.529000
    -8.996000  9.525000  0.529000
    -8.996000  9.790000  0.529000
    -8.996000  10.054000  0.529000
    -8.996000  10.319000  0.529000
    -8.996000  10.584000  0.529000
    -8.731000 -10.584000  0.529000
    -8.731000 -10.319000  0.529000
    -8.731000 -10.054000  0.529000
    -8.731000 -9.790000  0.529000
    -8.731000 -9.525000  0.529000
    -8.731000 -9.261000  0.529000
    -8.731000 -8.996000  0.529000
    -8.731000 -8.731000  0.529000
    -8.731000 -8.467000  0.529000
    -8.731000 -8.202000  0.529000
    -8.731000 -7.938000  0.529000
    -8.731000 -7.673000  0.529000
    -8.731000 -7.408000  0.529000
    -8.731000 -7.144000  0.529000
    -8.731000 -6.879000  0.529000
    -8.731000 -6.615000  0.529000
    -8.731000 -6.350000  0.529000
    -8.731000 -6.086000  0.529000
    -8.731000 -5.821000  0.529000
    -8.731000 -5.556000  0.529000
    -8.731000 -5.292000  0.529000
    -8.731000 -5.027000  0.529000
    -8.731000 -4.763000  0.529000
    -8.731000 -4.498000  0.529000
    -8.731000 -4.233000  0.529000
    -8.731000 -3.969000  0.529000
    -8.731000 -3.704000  0.529000
    -8.731000 -3.440000  0.529000
    -8.731000 -3.175000  0.529000
    -8.731000 -2.910000  0.529000
    -8.731000 -2.646000  0.529000
    -8.731000 -2.381000  0.529000
    -8.731000 -2.117000  0.529000
    -8.731000 -1.852000  0.529000
    -8.731000 -1.588000  0.529000
    -8.731000 -1.323000  0.529000
    -8.731000 -1.058000  0.529000
    -8.731000 -0.794000  0.529000
    -8.731000 -0.529000  0.529000
    -8.731000 -0.265000  0.529000
    -8.731000  0.000000  0.529000
    -8.731000  0.265000  0.529000
    -8.731000  0.529000  0.529000
    -8.731000  0.794000  0.529000
    -8.731000  1.058000  0.529000
    -8.731000  1.323000  0.529000
    -8.731000  1.588000  0.529000
    -8.731000  1.852000  0.529000
    -8.731000  2.117000  0.529000
    -8.731000  2.381000  0.529000
    -8.731000  2.646000  0.529000
    -8.731000  2.910000  0.529000
    -8.731000  3.175000  0.529000
    -8.731000  3.440000  0.529000
    -8.731000  3.704000  0.529000
    -8.731000  3.969000  0.529000
    -8.731000  4.233000  0.529000
    -8.731000  4.498000  0.529000
    -8.731000  4.763000  0.529000
    -8.731000  5.027000  0.529000
    -8.731000  5.292000  0.529000
    -8.731000  5.556000  0.529000
    -8.731000  5.821000  0.529000
    -8.731000  6.086000  0.529000
    -8.731000  6.350000  0.529000
    -8.731000  6.615000  0.529000
    -8.731000  6.879000  0.529000
    -8.731000  7.144000  0.529000
    -8.731000  7.408000  0.529000
    -8.731000  7.673000  0.529000
    -8.731000  7.938000  0.529000
    -8.731000  8.202000  0.529000
    -8.731000  8.467000  0.529000
    -8.731000  8.731000  0.529000
    -8.731000  8.996000  0.529000
    -8.731000  9.261000  0.529000
    -8.731000  9.525000  0.529000
    -8.731000  9.790000  0.529000
    -8.731000  10.054000  0.529000
    -8.731000  10.319000  0.529000
    -8.731000  10.584000  0.529000
    -8.467000 -10.584000  0.529000
    -8.467000 -10.319000  0.529000
    -8.467000 -10.054000  0.529000
    -8.467000 -9.790000  0.529000
    -8.467000 -9.525000  0.529000
    -8.467000 -9.261000  0.529000
    -8.467000 -8.996000  0.529000
    -8.467000 -8.731000  0.529000
    -8.467000 -8.467000  0.529000
    -8.467000 -8.202000  0.529000
    -8.467000 -7.938000  0.529000
    -8.467000 -7.673000  0.529000
    -8.467000 -7.408000  0.529000
    -8.467000 -7.144000  0.529000
    -8.467000 -6.879000  0.529000
    -8.467000 -6.615000  0.529000
    -8.467000 -6.350000  0.529000
    -8.467000 -6.086000  0.529000
    -8.467000 -5.821000  0.529000
    -8.467000 -5.556000  0.529000
    -8.467000 -5.292000  0.529000
    -8.467000 -5.027000  0.529000
    -8.467000 -4.763000  0.529000
    -8.467000 -4.498000  0.529000
    -8.467000 -4.233000  0.529000
    -8.467000 -3.969000  0.529000
    -8.467000 -3.704000  0.529000
    -8.467000 -3.440000  0.529000
    -8.467000 -3.175000  0.529000
    -8.467000 -2.910000  0.529000
    -8.467000 -2.646000  0.529000
    -8.467000 -2.381000  0.529000
    -8.467000 -2.117000  0.529000
    -8.467000 -1.852000  0.529000
    -8.467000 -1.588000  0.529000
    -8.467000 -1.323000  0.529000
    -8.467000 -1.058000  0.529000
    -8.467000 -0.794000  0.529000
    -8.467000 -0.529000  0.529000
    -8.467000 -0.265000  0.529000
    -8.467000  0.000000  0.529000
    -8.467000  0.265000  0.529000
    -8.467000  0.529000  0.529000
    -8.467000  0.794000  0.529000
    -8.467000  1.058000  0.529000
    -8.467000  1.323000  0.529000
    -8.467000  1.588000  0.529000
    -8.467000  1.852000  0.529000
    -8.467000  2.117000  0.529000
    -8.467000  2.381000  0.529000
    -8.467000  2.646000  0.529000
    -8.467000  2.910000  0.529000
    -8.467000  3.175000  0.529000
    -8.467000  3.440000  0.529000
    -8.467000  3.704000  0.529000
    -8.467000  3.969000  0.529000
    -8.467000  4.233000  0.529000
    -8.467000  4.498000  0.529000
    -8.467000  4.763000  0.529000
    -8.467000  5.027000  0.529000
    -8.467000  5.292000  0.529000
    -8.467000  5.556000  0.529000
    -8.467000  5.821000  0.529000
    -8.467000  6.086000  0.529000
    -8.467000  6.350000  0.529000
    -8.467000  6.615000  0.529000
    -8.467000  6.879000  0.529000
    -8.467000  7.144000  0.529000
    -8.467000  7.408000  0.529000
    -8.467000  7.673000  0.529000
    -8.467000  7.938000  0.529000
    -8.467000  8.202000  0.529000
    -8.467000  8.467000  0.529000
    -8.467000  8.731000  0.529000
    -8.467000  8.996000  0.529000
    -8.467000  9.261000  0.529000
    -8.467000  9.525000  0.529000
    -8.467000  9.790000  0.529000
    -8.467000  10.054000  0.529000
    -8.467000  10.319000  0.529000
    -8.467000  10.584000  0.529000
    -8.202000 -10.584000  0.529000
    -8.202000 -10.319000  0.529000
    -8.202000 -10.054000  0.529000
    -8.202000 -9.790000  0.529000
    -8.202000 -9.525000  0.529000
    -8.202000 -9.261000  0.529000
    -8.202000 -8.996000  0.529000
    -8.202000 -8.731000  0.529000
    -8.202000 -8.467000  0.529000
    -8.202000 -8.202000  0.529000
    -8.202000 -7.938000  0.529000
    -8.202000 -7.673000  0.529000
    -8.202000 -7.408000  0.529000
    -8.202000 -7.144000  0.529000
    -8.202000 -6.879000  0.529000
    -8.202000 -6.615000  0.529000
    -8.202000 -6.350000  0.529000
    -8.202000 -6.086000  0.529000
    -8.202000 -5.821000  0.529000
    -8.202000 -5.556000  0.529000
    -8.202000 -5.292000  0.529000
    -8.202000 -5.027000  0.529000
    -8.202000 -4.763000  0.529000
    -8.202000 -4.498000  0.529000
    -8.202000 -4.233000  0.529000
    -8.202000 -3.969000  0.529000
    -8.202000 -3.704000  0.529000
    -8.202000 -3.440000  0.529000
    -8.202000 -3.175000  0.529000
    -8.202000 -2.910000  0.529000
    -8.202000 -2.646000  0.529000
    -8.202000 -2.381000  0.529000
    -8.202000 -2.117000  0.529000
    -8.202000 -1.852000  0.529000
    -8.202000 -1.588000  0.529000
    -8.202000 -1.323000  0.529000
    -8.202000 -1.058000  0.529000
    -8.202000 -0.794000  0.529000
    -8.202000 -0.529000  0.529000
    -8.202000 -0.265000  0.529000
    -8.202000  0.000000  0.529000
    -8.202000  0.265000  0.529000
    -8.202000  0.529000  0.529000
    -8.202000  0.794000  0.529000
    -8.202000  1.058000  0.529000
    -8.202000  1.323000  0.529000
    -8.202000  1.588000  0.529000
    -8.202000  1.852000  0.529000
    -8.202000  2.117000  0.529000
    -8.202000  2.381000  0.529000
    -8.202000  2.646000  0.529000
    -8.202000  2.910000  0.529000
    -8.202000  3.175000  0.529000
    -8.202000  3.440000  0.529000
    -8.202000  3.704000  0.529000
    -8.202000  3.969000  0.529000
    -8.202000  4.233000  0.529000
    -8.202000  4.498000  0.529000
    -8.202000  4.763000  0.529000
    -8.202000  5.027000  0.529000
    -8.202000  5.292000  0.529000
    -8.202000  5.556000  0.529000
    -8.202000  5.821000  0.529000
    -8.202000  6.086000  0.529000
    -8.202000  6.350000  0.529000
    -8.202000  6.615000  0.529000
    -8.202000  6.879000  0.529000
    -8.202000  7.144000  0.529000
    -8.202000  7.408000  0.529000
    -8.202000  7.673000  0.529000
    -8.202000  7.938000  0.529000
    -8.202000  8.202000  0.529000
    -8.202000  8.467000  0.529000
    -8.202000  8.731000  0.529000
    -8.202000  8.996000  0.529000
    -8.202000  9.261000  0.529000
    -8.202000  9.525000  0.529000
    -8.202000  9.790000  0.529000
    -8.202000  10.054000  0.529000
    -8.202000  10.319000  0.529000
    -8.202000  10.584000  0.529000
    -7.938000 -10.584000  0.529000
    -7.938000 -10.319000  0.529000
    -7.938000 -10.054000  0.529000
    -7.938000 -9.790000  0.529000
    -7.938000 -9.525000  0.529000
    -7.938000 -9.261000  0.529000
    -7.938000 -8.996000  0.529000
    -7.938000 -8.731000  0.529000
    -7.938000 -8.467000  0.529000
    -7.938000 -8.202000  0.529000
    -7.938000 -7.938000  0.529000
    -7.938000 -7.673000  0.529000
    -7.938000 -7.408000  0.529000
    -7.938000 -7.144000  0.529000
    -7.938000 -6.879000  0.529000
    -7.938000 -6.615000  0.529000
    -7.938000 -6.350000  0.529000
    -7.938000 -6.086000  0.529000
    -7.938000 -5.821000  0.529000
    -7.938000 -5.556000  0.529000
    -7.938000 -5.292000  0.529000
    -7.938000 -5.027000  0.529000
    -7.938000 -4.763000  0.529000
    -7.938000 -4.498000  0.529000
    -7.938000 -4.233000  0.529000
    -7.938000 -3.969000  0.529000
    -7.938000 -3.704000  0.529000
    -7.938000 -3.440000  0.529000
    -7.938000 -3.175000  0.529000
    -7.938000 -2.910000  0.529000
    -7.938000 -2.646000  0.529000
    -7.938000 -2.381000  0.529000
    -7.938000 -2.117000  0.529000
    -7.938000 -1.852000  0.529000
    -7.938000 -1.588000  0.529000
    -7.938000 -1.323000  0.529000
    -7.938000 -1.058000  0.529000
    -7.938000 -0.794000  0.529000
    -7.938000 -0.529000  0.529000
    -7.938000 -0.265000  0.529000
    -7.938000  0.000000  0.529000
    -7.938000  0.265000  0.529000
    -7.938000  0.529000  0.529000
    -7.938000  0.794000  0.529000
    -7.938000  1.058000  0.529000
    -7.938000  1.323000  0.529000
    -7.938000  1.588000  0.529000
    -7.938000  1.852000  0.529000
    -7.938000  2.117000  0.529000
    -7.938000  2.381000  0.529000
    -7.938000  2.646000  0.529000
    -7.938000  2.910000  0.529000
    -7.938000  3.175000  0.529000
    -7.938000  3.440000  0.529000
    -7.938000  3.704000  0.529000
    -7.938000  3.969000  0.529000
    -7.938000  4.233000  0.529000
    -7.938000  4.498000  0.529000
    -7.938000  4.763000  0.529000
    -7.938000  5.027000  0.529000
    -7.938000  5.292000  0.529000
    -7.938000  5.556000  0.529000
    -7.938000  5.821000  0.529000
    -7.938000  6.086000  0.529000
    -7.938000  6.350000  0.529000
    -7.938000  6.615000  0.529000
    -7.938000  6.879000  0.529000
    -7.938000  7.144000  0.529000
    -7.938000  7.408000  0.529000
    -7.938000  7.673000  0.529000
    -7.938000  7.938000  0.529000
    -7.938000  8.202000  0.529000
    -7.938000  8.467000  0.529000
    -7.938000  8.731000  0.529000
    -7.938000  8.996000  0.529000
    -7.938000  9.261000  0.529000
    -7.938000  9.525000  0.529000
    -7.938000  9.790000  0.529000
    -7.938000  10.054000  0.529000
    -7.938000  10.319000  0.529000
    -7.938000  10.584000  0.529000
    -7.673000 -10.584000  0.529000
    -7.673000 -10.319000  0.529000
    -7.673000 -10.054000  0.529000
    -7.673000 -9.790000  0.529000
    -7.673000 -9.525000  0.529000
    -7.673000 -9.261000  0.529000
    -7.673000 -8.996000  0.529000
    -7.673000 -8.731000  0.529000
    -7.673000 -8.467000  0.529000
    -7.673000 -8.202000  0.529000
    -7.673000 -7.938000  0.529000
    -7.673000 -7.673000  0.529000
    -7.673000 -7.408000  0.529000
    -7.673000 -7.144000  0.529000
    -7.673000 -6.879000  0.529000
    -7.673000 -6.615000  0.529000
    -7.673000 -6.350000  0.529000
    -7.673000 -6.086000  0.529000
    -7.673000 -5.821000  0.529000
    -7.673000 -5.556000  0.529000
    -7.673000 -5.292000  0.529000
    -7.673000 -5.027000  0.529000
    -7.673000 -4.763000  0.529000
    -7.673000 -4.498000  0.529000
    -7.673000 -4.233000  0.529000
    -7.673000 -3.969000  0.529000
    -7.673000 -3.704000  0.529000
    -7.673000 -3.440000  0.529000
    -7.673000 -3.175000  0.529000
    -7.673000 -2.910000  0.529000
    -7.673000 -2.646000  0.529000
    -7.673000 -2.381000  0.529000
    -7.673000 -2.117000  0.529000
    -7.673000 -1.852000  0.529000
    -7.673000 -1.588000  0.529000
    -7.673000 -1.323000  0.529000
    -7.673000 -1.058000  0.529000
    -7.673000 -0.794000  0.529000
    -7.673000 -0.529000  0.529000
    -7.673000 -0.265000  0.529000
    -7.673000  0.000000  0.529000
    -7.673000  0.265000  0.529000
    -7.673000  0.529000  0.529000
    -7.673000  0.794000  0.529000
    -7.673000  1.058000  0.529000
    -7.673000  1.323000  0.529000
    -7.673000  1.588000  0.529000
    -7.673000  1.852000  0.529000
    -7.673000  2.117000  0.529000
    -7.673000  2.381000  0.529000
    -7.673000  2.646000  0.529000
    -7.673000  2.910000  0.529000
    -7.673000  3.175000  0.529000
    -7.673000  3.440000  0.529000
    -7.673000  3.704000  0.529000
    -7.673000  3.969000  0.529000
    -7.673000  4.233000  0.529000
    -7.673000  4.498000  0.529000
    -7.673000  4.763000  0.529000
    -7.673000  5.027000  0.529000
    -7.673000  5.292000  0.529000
    -7.673000  5.556000  0.529000
    -7.673000  5.821000  0.529000
    -7.673000  6.086000  0.529000
    -7.673000  6.350000  0.529000
    -7.673000  6.615000  0.529000
    -7.673000  6.879000  0.529000
    -7.673000  7.144000  0.529000
    -7.673000  7.408000  0.529000
    -7.673000  7.673000  0.529000
    -7.673000  7.938000  0.529000
    -7.673000  8.202000  0.529000
    -7.673000  8.467000  0.529000
    -7.673000  8.731000  0.529000
    -7.673000  8.996000  0.529000
    -7.673000  9.261000  0.529000
    -7.673000  9.525000  0.529000
    -7.673000  9.790000  0.529000
    -7.673000  10.054000  0.529000
    -7.673000  10.319000  0.529000
    -7.673000  10.584000  0.529000
    -7.408000 -10.584000  0.529000
    -7.408000 -10.319000  0.529000
    -7.408000 -10.054000  0.529000
    -7.408000 -9.790000  0.529000
    -7.408000 -9.525000  0.529000
    -7.408000 -9.261000  0.529000
    -7.408000 -8.996000  0.529000
    -7.408000 -8.731000  0.529000
    -7.408000 -8.467000  0.529000
    -7.408000 -8.202000  0.529000
    -7.408000 -7.938000  0.529000
    -7.408000 -7.673000  0.529000
    -7.408000 -7.408000  0.529000
    -7.408000 -7.144000  0.529000
    -7.408000 -6.879000  0.529000
    -7.408000 -6.615000  0.529000
    -7.408000 -6.350000  0.529000
    -7.408000 -6.086000  0.529000
    -7.408000 -5.821000  0.529000
    -7.408000 -5.556000  0.529000
    -7.408000 -5.292000  0.529000
    -7.408000 -5.027000  0.529000
    -7.408000 -4.763000  0.529000
    -7.408000 -4.498000  0.529000
    -7.408000 -4.233000  0.529000
    -7.408000 -3.969000  0.529000
    -7.408000 -3.704000  0.529000
    -7.408000 -3.440000  0.529000
    -7.408000 -3.175000  0.529000
    -7.408000 -2.910000  0.529000
    -7.408000 -2.646000  0.529000
    -7.408000 -2.381000  0.529000
    -7.408000 -2.117000  0.529000
    -7.408000 -1.852000  0.529000
    -7.408000 -1.588000  0.529000
    -7.408000 -1.323000  0.529000
    -7.408000 -1.058000  0.529000
    -7.408000 -0.794000  0.529000
    -7.408000 -0.529000  0.529000
    -7.408000 -0.265000  0.529000
    -7.408000  0.000000  0.529000
    -7.408000  0.265000  0.529000
    -7.408000  0.529000  0.529000
    -7.408000  0.794000  0.529000
    -7.408000  1.058000  0.529000
    -7.408000  1.323000  0.529000
    -7.408000  1.588000  0.529000
    -7.408000  1.852000  0.529000
    -7.408000  2.117000  0.529000
    -7.408000  2.381000  0.529000
    -7.408000  2.646000  0.529000
    -7.408000  2.910000  0.529000
    -7.408000  3.175000  0.529000
    -7.408000  3.440000  0.529000
    -7.408000  3.704000  0.529000
    -7.408000  3.969000  0.529000
    -7.408000  4.233000  0.529000
    -7.408000  4.498000  0.529000
    -7.408000  4.763000  0.529000
    -7.408000  5.027000  0.529000
    -7.408000  5.292000  0.529000
    -7.408000  5.556000  0.529000
    -7.408000  5.821000  0.529000
    -7.408000  6.086000  0.529000
    -7.408000  6.350000  0.529000
    -7.408000  6.615000  0.529000
    -7.408000  6.879000  0.529000
    -7.408000  7.144000  0.529000
    -7.408000  7.408000  0.529000
    -7.408000  7.673000  0.529000
    -7.408000  7.938000  0.529000
    -7.408000  8.202000  0.529000
    -7.408000  8.467000  0.529000
    -7.408000  8.731000  0.529000
    -7.408000  8.996000  0.529000
    -7.408000  9.261000  0.529000
    -7.408000  9.525000  0.529000
    -7.408000  9.790000  0.529000
    -7.408000  10.054000  0.529000
    -7.408000  10.319000  0.529000
    -7.408000  10.584000  0.529000
    -7.144000 -10.584000  0.529000
    -7.144000 -10.319000  0.529000
    -7.144000 -10.054000  0.529000
    -7.144000 -9.790000  0.529000
    -7.144000 -9.525000  0.529000
    -7.144000 -9.261000  0.529000
    -7.144000 -8.996000  0.529000
    -7.144000 -8.731000  0.529000
    -7.144000 -8.467000  0.529000
    -7.144000 -8.202000  0.529000
    -7.144000 -7.938000  0.529000
    -7.144000 -7.673000  0.529000
    -7.144000 -7.408000  0.529000
    -7.144000 -7.144000  0.529000
    -7.144000 -6.879000  0.529000
    -7.144000 -6.615000  0.529000
    -7.144000 -6.350000  0.529000
    -7.144000 -6.086000  0.529000
    -7.144000 -5.821000  0.529000
    -7.144000 -5.556000  0.529000
    -7.144000 -5.292000  0.529000
    -7.144000 -5.027000  0.529000
    -7.144000 -4.763000  0.529000
    -7.144000 -4.498000  0.529000
    -7.144000 -4.233000  0.529000
    -7.144000 -3.969000  0.529000
    -7.144000 -3.704000  0.529000
    -7.144000 -3.440000  0.529000
    -7.144000 -3.175000  0.529000
    -7.144000 -2.910000  0.529000
    -7.144000 -2.646000  0.529000
    -7.144000 -2.381000  0.529000
    -7.144000 -2.117000  0.529000
    -7.144000 -1.852000  0.529000
    -7.144000 -1.588000  0.529000
    -7.144000 -1.323000  0.529000
    -7.144000 -1.058000  0.529000
    -7.144000 -0.794000  0.529000
    -7.144000 -0.529000  0.529000
    -7.144000 -0.265000  0.529000
    -7.144000  0.000000  0.529000
    -7.144000  0.265000  0.529000
    -7.144000  0.529000  0.529000
    -7.144000  0.794000  0.529000
    -7.144000  1.058000  0.529000
    -7.144000  1.323000  0.529000
    -7.144000  1.588000  0.529000
    -7.144000  1.852000  0.529000
    -7.144000  2.117000  0.529000
    -7.144000  2.381000  0.529000
    -7.144000  2.646000  0.529000
    -7.144000  2.910000  0.529000
    -7.144000  3.175000  0.529000
    -7.144000  3.440000  0.529000
    -7.144000  3.704000  0.529000
    -7.144000  3.969000  0.529000
    -7.144000  4.233000  0.529000
    -7.144000  4.498000  0.529000
    -7.144000  4.763000  0.529000
    -7.144000  5.027000  0.529000
    -7.144000  5.292000  0.529000
    -7.144000  5.556000  0.529000
    -7.144000  5.821000  0.529000
    -7.144000  6.086000  0.529000
    -7.144000  6.350000  0.529000
    -7.144000  6.615000  0.529000
    -7.144000  6.879000  0.529000
    -7.144000  7.144000  0.529000
    -7.144000  7.408000  0.529000
    -7.144000  7.673000  0.529000
    -7.144000  7.938000  0.529000
    -7.144000  8.202000  0.529000
    -7.144000  8.467000  0.529000
    -7.144000  8.731000  0.529000
    -7.144000  8.996000  0.529000
    -7.144000  9.261000  0.529000
    -7.144000  9.525000  0.529000
    -7.144000  9.790000  0.529000
    -7.144000  10.054000  0.529000
    -7.144000  10.319000  0.529000
    -7.144000  10.584000  0.529000
    -6.879000 -10.584000  0.529000
    -6.879000 -10.319000  0.529000
    -6.879000 -10.054000  0.529000
    -6.879000 -9.790000  0.529000
    -6.879000 -9.525000  0.529000
    -6.879000 -9.261000  0.529000
    -6.879000 -8.996000  0.529000
    -6.879000 -8.731000  0.529000
    -6.879000 -8.467000  0.529000
    -6.879000 -8.202000  0.529000
    -6.879000 -7.938000  0.529000
    -6.879000 -7.673000  0.529000
    -6.879000 -7.408000  0.529000
    -6.879000 -7.144000  0.529000
    -6.879000 -6.879000  0.529000
    -6.879000 -6.615000  0.529000
    -6.879000 -6.350000  0.529000
    -6.879000 -6.086000  0.529000
    -6.879000 -5.821000  0.529000
    -6.879000 -5.556000  0.529000
    -6.879000 -5.292000  0.529000
    -6.879000 -5.027000  0.529000
    -6.879000 -4.763000  0.529000
    -6.879000 -4.498000  0.529000
    -6.879000 -4.233000  0.529000
    -6.879000 -3.969000  0.529000
    -6.879000 -3.704000  0.529000
    -6.879000 -3.440000  0.529000
    -6.879000 -3.175000  0.529000
    -6.879000 -2.910000  0.529000
    -6.879000 -2.646000  0.529000
    -6.879000 -2.381000  0.529000
    -6.879000 -2.117000  0.529000
    -6.879000 -1.852000  0.529000
    -6.879000 -1.588000  0.529000
    -6.879000 -1.323000  0.529000
    -6.879000 -1.058000  0.529000
    -6.879000 -0.794000  0.529000
    -6.879000 -0.529000  0.529000
    -6.879000 -0.265000  0.529000
    -6.879000  0.000000  0.529000
    -6.879000  0.265000  0.529000
    -6.879000  0.529000  0.529000
    -6.879000  0.794000  0.529000
    -6.879000  1.058000  0.529000
    -6.879000  1.323000  0.529000
    -6.879000  1.588000  0.529000
    -6.879000  1.852000  0.529000
    -6.879000  2.117000  0.529000
    -6.879000  2.381000  0.529000
    -6.879000  2.646000  0.529000
    -6.879000  2.910000  0.529000
    -6.879000  3.175000  0.529000
    -6.879000  3.440000  0.529000
    -6.879000  3.704000  0.529000
    -6.879000  3.969000  0.529000
    -6.879000  4.233000  0.529000
    -6.879000  4.498000  0.529000
    -6.879000  4.763000  0.529000
    -6.879000  5.027000  0.529000
    -6.879000  5.292000  0.529000
    -6.879000  5.556000  0.529000
    -6.879000  5.821000  0.529000
    -6.879000  6.086000  0.529000
    -6.879000  6.350000  0.529000
    -6.879000  6.615000  0.529000
    -6.879000  6.879000  0.529000
    -6.879000  7.144000  0.529000
    -6.879000  7.408000  0.529000
    -6.879000  7.673000  0.529000
    -6.879000  7.938000  0.529000
    -6.879000  8.202000  0.529000
    -6.879000  8.467000  0.529000
    -6.879000  8.731000  0.529000
    -6.879000  8.996000  0.529000
    -6.879000  9.261000  0.529000
    -6.879000  9.525000  0.529000
    -6.879000  9.790000  0.529000
    -6.879000  10.054000  0.529000
    -6.879000  10.319000  0.529000
    -6.879000  10.584000  0.529000
    -6.615000 -10.584000  0.529000
    -6.615000 -10.319000  0.529000
    -6.615000 -10.054000  0.529000
    -6.615000 -9.790000  0.529000
    -6.615000 -9.525000  0.529000
    -6.615000 -9.261000  0.529000
    -6.615000 -8.996000  0.529000
    -6.615000 -8.731000  0.529000
    -6.615000 -8.467000  0.529000
    -6.615000 -8.202000  0.529000
    -6.615000 -7.938000  0.529000
    -6.615000 -7.673000  0.529000
    -6.615000 -7.408000  0.529000
    -6.615000 -7.144000  0.529000
    -6.615000 -6.879000  0.529000
    -6.615000 -6.615000  0.529000
    -6.615000 -6.350000  0.529000
    -6.615000 -6.086000  0.529000
    -6.615000 -5.821000  0.529000
    -6.615000 -5.556000  0.529000
    -6.615000 -5.292000  0.529000
    -6.615000 -5.027000  0.529000
    -6.615000 -4.763000  0.529000
    -6.615000 -4.498000  0.529000
    -6.615000 -4.233000  0.529000
    -6.615000 -3.969000  0.529000
    -6.615000 -3.704000  0.529000
    -6.615000 -3.440000  0.529000
    -6.615000 -3.175000  0.529000
    -6.615000 -2.910000  0.529000
    -6.615000 -2.646000  0.529000
    -6.615000 -2.381000  0.529000
    -6.615000 -2.117000  0.529000
    -6.615000 -1.852000  0.529000
    -6.615000 -1.588000  0.529000
    -6.615000 -1.323000  0.529000
    -6.615000 -1.058000  0.529000
    -6.615000 -0.794000  0.529000
    -6.615000 -0.529000  0.529000
    -6.615000 -0.265000  0.529000
    -6.615000  0.000000  0.529000
    -6.615000  0.265000  0.529000
    -6.615000  0.529000  0.529000
    -6.615000  0.794000  0.529000
    -6.615000  1.058000  0.529000
    -6.615000  1.323000  0.529000
    -6.615000  1.588000  0.529000
    -6.615000  1.852000  0.529000
    -6.615000  2.117000  0.529000
    -6.615000  2.381000  0.529000
    -6.615000  2.646000  0.529000
    -6.615000  2.910000  0.529000
    -6.615000  3.175000  0.529000
    -6.615000  3.440000  0.529000
    -6.615000  3.704000  0.529000
    -6.615000  3.969000  0.529000
    -6.615000  4.233000  0.529000
    -6.615000  4.498000  0.529000
    -6.615000  4.763000  0.529000
    -6.615000  5.027000  0.529000
    -6.615000  5.292000  0.529000
    -6.615000  5.556000  0.529000
    -6.615000  5.821000  0.529000
    -6.615000  6.086000  0.529000
    -6.615000  6.350000  0.529000
    -6.615000  6.615000  0.529000
    -6.615000  6.879000  0.529000
    -6.615000  7.144000  0.529000
    -6.615000  7.408000  0.529000
    -6.615000  7.673000  0.529000
    -6.615000  7.938000  0.529000
    -6.615000  8.202000  0.529000
    -6.615000  8.467000  0.529000
    -6.615000  8.731000  0.529000
    -6.615000  8.996000  0.529000
    -6.615000  9.261000  0.529000
    -6.615000  9.525000  0.529000
    -6.615000  9.790000  0.529000
    -6.615000  10.054000  0.529000
    -6.615000  10.319000  0.529000
    -6.615000  10.584000  0.529000
    -6.350000 -10.584000  0.529000
    -6.350000 -10.319000  0.529000
    -6.350000 -10.054000  0.529000
    -6.350000 -9.790000  0.529000
    -6.350000 -9.525000  0.529000
    -6.350000 -9.261000  0.529000
    -6.350000 -8.996000  0.529000
    -6.350000 -8.731000  0.529000
    -6.350000 -8.467000  0.529000
    -6.350000 -8.202000  0.529000
    -6.350000 -7.938000  0.529000
    -6.350000 -7.673000  0.529000
    -6.350000 -7.408000  0.529000
    -6.350000 -7.144000  0.529000
    -6.350000 -6.879000  0.529000
    -6.350000 -6.615000  0.529000
    -6.350000 -6.350000  0.529000
    -6.350000 -6.086000  0.529000
    -6.350000 -5.821000  0.529000
    -6.350000 -5.556000  0.529000
    -6.350000 -5.292000  0.529000
    -6.350000 -5.027000  0.529000
    -6.350000 -4.763000  0.529000
    -6.350000 -4.498000  0.529000
    -6.350000 -4.233000  0.529000
    -6.350000 -3.969000  0.529000
    -6.350000 -3.704000  0.529000
    -6.350000 -3.440000  0.529000
    -6.350000 -3.175000  0.529000
    -6.350000 -2.910000  0.529000
    -6.350000 -2.646000  0.529000
    -6.350000 -2.381000  0.529000
    -6.350000 -2.117000  0.529000
    -6.350000 -1.852000  0.529000
    -6.350000 -1.588000  0.529000
    -6.350000 -1.323000  0.529000
    -6.350000 -1.058000  0.529000
    -6.350000 -0.794000  0.529000
    -6.350000 -0.529000  0.529000
    -6.350000 -0.265000  0.529000
    -6.350000  0.000000  0.529000
    -6.350000  0.265000  0.529000
    -6.350000  0.529000  0.529000
    -6.350000  0.794000  0.529000
    -6.350000  1.058000  0.529000
    -6.350000  1.323000  0.529000
    -6.350000  1.588000  0.529000
    -6.350000  1.852000  0.529000
    -6.350000  2.117000  0.529000
    -6.350000  2.381000  0.529000
    -6.350000  2.646000  0.529000
    -6.350000  2.910000  0.529000
    -6.350000  3.175000  0.529000
    -6.350000  3.440000  0.529000
    -6.350000  3.704000  0.529000
    -6.350000  3.969000  0.529000
    -6.350000  4.233000  0.529000
    -6.350000  4.498000  0.529000
    -6.350000  4.763000  0.529000
    -6.350000  5.027000  0.529000
    -6.350000  5.292000  0.529000
    -6.350000  5.556000  0.529000
    -6.350000  5.821000  0.529000
    -6.350000  6.086000  0.529000
    -6.350000  6.350000  0.529000
    -6.350000  6.615000  0.529000
    -6.350000  6.879000  0.529000
    -6.350000  7.144000  0.529000
    -6.350000  7.408000  0.529000
    -6.350000  7.673000  0.529000
    -6.350000  7.938000  0.529000
    -6.350000  8.202000  0.529000
    -6.350000  8.467000  0.529000
    -6.350000  8.731000  0.529000
    -6.350000  8.996000  0.529000
    -6.350000  9.261000  0.529000
    -6.350000  9.525000  0.529000
    -6.350000  9.790000  0.529000
    -6.350000  10.054000  0.529000
    -6.350000  10.319000  0.529000
    -6.350000  10.584000  0.529000
    -6.086000 -10.584000  0.529000
    -6.086000 -10.319000  0.529000
    -6.086000 -10.054000  0.529000
    -6.086000 -9.790000  0.529000
    -6.086000 -9.525000  0.529000
    -6.086000 -9.261000  0.529000
    -6.086000 -8.996000  0.529000
    -6.086000 -8.731000  0.529000
    -6.086000 -8.467000  0.529000
    -6.086000 -8.202000  0.529000
    -6.086000 -7.938000  0.529000
    -6.086000 -7.673000  0.529000
    -6.086000 -7.408000  0.529000
    -6.086000 -7.144000  0.529000
    -6.086000 -6.879000  0.529000
    -6.086000 -6.615000  0.529000
    -6.086000 -6.350000  0.529000
    -6.086000 -6.086000  0.529000
    -6.086000 -5.821000  0.529000
    -6.086000 -5.556000  0.529000
    -6.086000 -5.292000  0.529000
    -6.086000 -5.027000  0.529000
    -6.086000 -4.763000  0.529000
    -6.086000 -4.498000  0.529000
    -6.086000 -4.233000  0.529000
    -6.086000 -3.969000  0.529000
    -6.086000 -3.704000  0.529000
    -6.086000 -3.440000  0.529000
    -6.086000 -3.175000  0.529000
    -6.086000 -2.910000  0.529000
    -6.086000 -2.646000  0.529000
    -6.086000 -2.381000  0.529000
    -6.086000 -2.117000  0.529000
    -6.086000 -1.852000  0.529000
    -6.086000 -1.588000  0.529000
    -6.086000 -1.323000  0.529000
    -6.086000 -1.058000  0.529000
    -6.086000 -0.794000  0.529000
    -6.086000 -0.529000  0.529000
    -6.086000 -0.265000  0.529000
    -6.086000  0.000000  0.529000
    -6.086000  0.265000  0.529000
    -6.086000  0.529000  0.529000
    -6.086000  0.794000  0.529000
    -6.086000  1.058000  0.529000
    -6.086000  1.323000  0.529000
    -6.086000  1.588000  0.529000
    -6.086000  1.852000  0.529000
    -6.086000  2.117000  0.529000
    -6.086000  2.381000  0.529000
    -6.086000  2.646000  0.529000
    -6.086000  2.910000  0.529000
    -6.086000  3.175000  0.529000
    -6.086000  3.440000  0.529000
    -6.086000  3.704000  0.529000
    -6.086000  3.969000  0.529000
    -6.086000  4.233000  0.529000
    -6.086000  4.498000  0.529000
    -6.086000  4.763000  0.529000
    -6.086000  5.027000  0.529000
    -6.086000  5.292000  0.529000
    -6.086000  5.556000  0.529000
    -6.086000  5.821000  0.529000
    -6.086000  6.086000  0.529000
    -6.086000  6.350000  0.529000
    -6.086000  6.615000  0.529000
    -6.086000  6.879000  0.529000
    -6.086000  7.144000  0.529000
    -6.086000  7.408000  0.529000
    -6.086000  7.673000  0.529000
    -6.086000  7.938000  0.529000
    -6.086000  8.202000  0.529000
    -6.086000  8.467000  0.529000
    -6.086000  8.731000  0.529000
    -6.086000  8.996000  0.529000
    -6.086000  9.261000  0.529000
    -6.086000  9.525000  0.529000
    -6.086000  9.790000  0.529000
    -6.086000  10.054000  0.529000
    -6.086000  10.319000  0.529000
    -6.086000  10.584000  0.529000
    -5.821000 -10.584000  0.529000
    -5.821000 -10.319000  0.529000
    -5.821000 -10.054000  0.529000
    -5.821000 -9.790000  0.529000
    -5.821000 -9.525000  0.529000
    -5.821000 -9.261000  0.529000
    -5.821000 -8.996000  0.529000
    -5.821000 -8.731000  0.529000
    -5.821000 -8.467000  0.529000
    -5.821000 -8.202000  0.529000
    -5.821000 -7.938000  0.529000
    -5.821000 -7.673000  0.529000
    -5.821000 -7.408000  0.529000
    -5.821000 -7.144000  0.529000
    -5.821000 -6.879000  0.529000
    -5.821000 -6.615000  0.529000
    -5.821000 -6.350000  0.529000
    -5.821000 -6.086000  0.529000
    -5.821000 -5.821000  0.529000
    -5.821000 -5.556000  0.529000
    -5.821000 -5.292000  0.529000
    -5.821000 -5.027000  0.529000
    -5.821000 -4.763000  0.529000
    -5.821000 -4.498000  0.529000
    -5.821000 -4.233000  0.529000
    -5.821000 -3.969000  0.529000
    -5.821000 -3.704000  0.529000
    -5.821000 -3.440000  0.529000
    -5.821000 -3.175000  0.529000
    -5.821000 -2.910000  0.529000
    -5.821000 -2.646000  0.529000
    -5.821000 -2.381000  0.529000
    -5.821000 -2.117000  0.529000
    -5.821000 -1.852000  0.529000
    -5.821000 -1.588000  0.529000
    -5.821000 -1.323000  0.529000
    -5.821000 -1.058000  0.529000
    -5.821000 -0.794000  0.529000
    -5.821000 -0.529000  0.529000
    -5.821000 -0.265000  0.529000
    -5.821000  0.000000  0.529000
    -5.821000  0.265000  0.529000
    -5.821000  0.529000  0.529000
    -5.821000  0.794000  0.529000
    -5.821000  1.058000  0.529000
    -5.821000  1.323000  0.529000
    -5.821000  1.588000  0.529000
    -5.821000  1.852000  0.529000
    -5.821000  2.117000  0.529000
    -5.821000  2.381000  0.529000
    -5.821000  2.646000  0.529000
    -5.821000  2.910000  0.529000
    -5.821000  3.175000  0.529000
    -5.821000  3.440000  0.529000
    -5.821000  3.704000  0.529000
    -5.821000  3.969000  0.529000
    -5.821000  4.233000  0.529000
    -5.821000  4.498000  0.529000
    -5.821000  4.763000  0.529000
    -5.821000  5.027000  0.529000
    -5.821000  5.292000  0.529000
    -5.821000  5.556000  0.529000
    -5.821000  5.821000  0.529000
    -5.821000  6.086000  0.529000
    -5.821000  6.350000  0.529000
    -5.821000  6.615000  0.529000
    -5.821000  6.879000  0.529000
    -5.821000  7.144000  0.529000
    -5.821000  7.408000  0.529000
    -5.821000  7.673000  0.529000
    -5.821000  7.938000  0.529000
    -5.821000  8.202000  0.529000
    -5.821000  8.467000  0.529000
    -5.821000  8.731000  0.529000
    -5.821000  8.996000  0.529000
    -5.821000  9.261000  0.529000
    -5.821000  9.525000  0.529000
    -5.821000  9.790000  0.529000
    -5.821000  10.054000  0.529000
    -5.821000  10.319000  0.529000
    -5.821000  10.584000  0.529000
    -5.556000 -10.584000  0.529000
    -5.556000 -10.319000  0.529000
    -5.556000 -10.054000  0.529000
    -5.556000 -9.790000  0.529000
    -5.556000 -9.525000  0.529000
    -5.556000 -9.261000  0.529000
    -5.556000 -8.996000  0.529000
    -5.556000 -8.731000  0.529000
    -5.556000 -8.467000  0.529000
    -5.556000 -8.202000  0.529000
    -5.556000 -7.938000  0.529000
    -5.556000 -7.673000  0.529000
    -5.556000 -7.408000  0.529000
    -5.556000 -7.144000  0.529000
    -5.556000 -6.879000  0.529000
    -5.556000 -6.615000  0.529000
    -5.556000 -6.350000  0.529000
    -5.556000 -6.086000  0.529000
    -5.556000 -5.821000  0.529000
    -5.556000 -5.556000  0.529000
    -5.556000 -5.292000  0.529000
    -5.556000 -5.027000  0.529000
    -5.556000 -4.763000  0.529000
    -5.556000 -4.498000  0.529000
    -5.556000 -4.233000  0.529000
    -5.556000 -3.969000  0.529000
    -5.556000 -3.704000  0.529000
    -5.556000 -3.440000  0.529000
    -5.556000 -3.175000  0.529000
    -5.556000 -2.910000  0.529000
    -5.556000 -2.646000  0.529000
    -5.556000 -2.381000  0.529000
    -5.556000 -2.117000  0.529000
    -5.556000 -1.852000  0.529000
    -5.556000 -1.588000  0.529000
    -5.556000 -1.323000  0.529000
    -5.556000 -1.058000  0.529000
    -5.556000 -0.794000  0.529000
    -5.556000 -0.529000  0.529000
    -5.556000 -0.265000  0.529000
    -5.556000  0.000000  0.529000
    -5.556000  0.265000  0.529000
    -5.556000  0.529000  0.529000
    -5.556000  0.794000  0.529000
    -5.556000  1.058000  0.529000
    -5.556000  1.323000  0.529000
    -5.556000  1.588000  0.529000
    -5.556000  1.852000  0.529000
    -5.556000  2.117000  0.529000
    -5.556000  2.381000  0.529000
    -5.556000  2.646000  0.529000
    -5.556000  2.910000  0.529000
    -5.556000  3.175000  0.529000
    -5.556000  3.440000  0.529000
    -5.556000  3.704000  0.529000
    -5.556000  3.969000  0.529000
    -5.556000  4.233000  0.529000
    -5.556000  4.498000  0.529000
    -5.556000  4.763000  0.529000
    -5.556000  5.027000  0.529000
    -5.556000  5.292000  0.529000
    -5.556000  5.556000  0.529000
    -5.556000  5.821000  0.529000
    -5.556000  6.086000  0.529000
    -5.556000  6.350000  0.529000
    -5.556000  6.615000  0.529000
    -5.556000  6.879000  0.529000
    -5.556000  7.144000  0.529000
    -5.556000  7.408000  0.529000
    -5.556000  7.673000  0.529000
    -5.556000  7.938000  0.529000
    -5.556000  8.202000  0.529000
    -5.556000  8.467000  0.529000
    -5.556000  8.731000  0.529000
    -5.556000  8.996000  0.529000
    -5.556000  9.261000  0.529000
    -5.556000  9.525000  0.529000
    -5.556000  9.790000  0.529000
    -5.556000  10.054000  0.529000
    -5.556000  10.319000  0.529000
    -5.556000  10.584000  0.529000
    -5.292000 -10.584000  0.529000
    -5.292000 -10.319000  0.529000
    -5.292000 -10.054000  0.529000
    -5.292000 -9.790000  0.529000
    -5.292000 -9.525000  0.529000
    -5.292000 -9.261000  0.529000
    -5.292000 -8.996000  0.529000
    -5.292000 -8.731000  0.529000
    -5.292000 -8.467000  0.529000
    -5.292000 -8.202000  0.529000
    -5.292000 -7.938000  0.529000
    -5.292000 -7.673000  0.529000
    -5.292000 -7.408000  0.529000
    -5.292000 -7.144000  0.529000
    -5.292000 -6.879000  0.529000
    -5.292000 -6.615000  0.529000
    -5.292000 -6.350000  0.529000
    -5.292000 -6.086000  0.529000
    -5.292000 -5.821000  0.529000
    -5.292000 -5.556000  0.529000
    -5.292000 -5.292000  0.529000
    -5.292000 -5.027000  0.529000
    -5.292000 -4.763000  0.529000
    -5.292000 -4.498000  0.529000
    -5.292000 -4.233000  0.529000
    -5.292000 -3.969000  0.529000
    -5.292000 -3.704000  0.529000
    -5.292000 -3.440000  0.529000
    -5.292000 -3.175000  0.529000
    -5.292000 -2.910000  0.529000
    -5.292000 -2.646000  0.529000
    -5.292000 -2.381000  0.529000
    -5.292000 -2.117000  0.529000
    -5.292000 -1.852000  0.529000
    -5.292000 -1.588000  0.529000
    -5.292000 -1.323000  0.529000
    -5.292000 -1.058000  0.529000
    -5.292000 -0.794000  0.529000
    -5.292000 -0.529000  0.529000
    -5.292000 -0.265000  0.529000
    -5.292000  0.000000  0.529000
    -5.292000  0.265000  0.529000
    -5.292000  0.529000  0.529000
    -5.292000  0.794000  0.529000
    -5.292000  1.058000  0.529000
    -5.292000  1.323000  0.529000
    -5.292000  1.588000  0.529000
    -5.292000  1.852000  0.529000
    -5.292000  2.117000  0.529000
    -5.292000  2.381000  0.529000
    -5.292000  2.646000  0.529000
    -5.292000  2.910000  0.529000
    -5.292000  3.175000  0.529000
    -5.292000  3.440000  0.529000
    -5.292000  3.704000  0.529000
    -5.292000  3.969000  0.529000
    -5.292000  4.233000  0.529000
    -5.292000  4.498000  0.529000
    -5.292000  4.763000  0.529000
    -5.292000  5.027000  0.529000
    -5.292000  5.292000  0.529000
    -5.292000  5.556000  0.529000
    -5.292000  5.821000  0.529000
    -5.292000  6.086000  0.529000
    -5.292000  6.350000  0.529000
    -5.292000  6.615000  0.529000
    -5.292000  6.879000  0.529000
    -5.292000  7.144000  0.529000
    -5.292000  7.408000  0.529000
    -5.292000  7.673000  0.529000
    -5.292000  7.938000  0.529000
    -5.292000  8.202000  0.529000
    -5.292000  8.467000  0.529000
    -5.292000  8.731000  0.529000
    -5.292000  8.996000  0.529000
    -5.292000  9.261000  0.529000
    -5.292000  9.525000  0.529000
    -5.292000  9.790000  0.529000
    -5.292000  10.054000  0.529000
    -5.292000  10.319000  0.529000
    -5.292000  10.584000  0.529000
    -5.027000 -10.584000  0.529000
    -5.027000 -10.319000  0.529000
    -5.027000 -10.054000  0.529000
    -5.027000 -9.790000  0.529000
    -5.027000 -9.525000  0.529000
    -5.027000 -9.261000  0.529000
    -5.027000 -8.996000  0.529000
    -5.027000 -8.731000  0.529000
    -5.027000 -8.467000  0.529000
    -5.027000 -8.202000  0.529000
    -5.027000 -7.938000  0.529000
    -5.027000 -7.673000  0.529000
    -5.027000 -7.408000  0.529000
    -5.027000 -7.144000  0.529000
    -5.027000 -6.879000  0.529000
    -5.027000 -6.615000  0.529000
    -5.027000 -6.350000  0.529000
    -5.027000 -6.086000  0.529000
    -5.027000 -5.821000  0.529000
    -5.027000 -5.556000  0.529000
    -5.027000 -5.292000  0.529000
    -5.027000 -5.027000  0.529000
    -5.027000 -4.763000  0.529000
    -5.027000 -4.498000  0.529000
    -5.027000 -4.233000  0.529000
    -5.027000 -3.969000  0.529000
    -5.027000 -3.704000  0.529000
    -5.027000 -3.440000  0.529000
    -5.027000 -3.175000  0.529000
    -5.027000 -2.910000  0.529000
    -5.027000 -2.646000  0.529000
    -5.027000 -2.381000  0.529000
    -5.027000 -2.117000  0.529000
    -5.027000 -1.852000  0.529000
    -5.027000 -1.588000  0.529000
    -5.027000 -1.323000  0.529000
    -5.027000 -1.058000  0.529000
    -5.027000 -0.794000  0.529000
    -5.027000 -0.529000  0.529000
    -5.027000 -0.265000  0.529000
    -5.027000  0.000000  0.529000
    -5.027000  0.265000  0.529000
    -5.027000  0.529000  0.529000
    -5.027000  0.794000  0.529000
    -5.027000  1.058000  0.529000
    -5.027000  1.323000  0.529000
    -5.027000  1.588000  0.529000
    -5.027000  1.852000  0.529000
    -5.027000  2.117000  0.529000
    -5.027000  2.381000  0.529000
    -5.027000  2.646000  0.529000
    -5.027000  2.910000  0.529000
    -5.027000  3.175000  0.529000
    -5.027000  3.440000  0.529000
    -5.027000  3.704000  0.529000
    -5.027000  3.969000  0.529000
    -5.027000  4.233000  0.529000
    -5.027000  4.498000  0.529000
    -5.027000  4.763000  0.529000
    -5.027000  5.027000  0.529000
    -5.027000  5.292000  0.529000
    -5.027000  5.556000  0.529000
    -5.027000  5.821000  0.529000
    -5.027000  6.086000  0.529000
    -5.027000  6.350000  0.529000
    -5.027000  6.615000  0.529000
    -5.027000  6.879000  0.529000
    -5.027000  7.144000  0.529000
    -5.027000  7.408000  0.529000
    -5.027000  7.673000  0.529000
    -5.027000  7.938000  0.529000
    -5.027000  8.202000  0.529000
    -5.027000  8.467000  0.529000
    -5.027000  8.731000  0.529000
    -5.027000  8.996000  0.529000
    -5.027000  9.261000  0.529000
    -5.027000  9.525000  0.529000
    -5.027000  9.790000  0.529000
    -5.027000  10.054000  0.529000
    -5.027000  10.319000  0.529000
    -5.027000  10.584000  0.529000
    -4.763000 -10.584000  0.529000
    -4.763000 -10.319000  0.529000
    -4.763000 -10.054000  0.529000
    -4.763000 -9.790000  0.529000
    -4.763000 -9.525000  0.529000
    -4.763000 -9.261000  0.529000
    -4.763000 -8.996000  0.529000
    -4.763000 -8.731000  0.529000
    -4.763000 -8.467000  0.529000
    -4.763000 -8.202000  0.529000
    -4.763000 -7.938000  0.529000
    -4.763000 -7.673000  0.529000
    -4.763000 -7.408000  0.529000
    -4.763000 -7.144000  0.529000
    -4.763000 -6.879000  0.529000
    -4.763000 -6.615000  0.529000
    -4.763000 -6.350000  0.529000
    -4.763000 -6.086000  0.529000
    -4.763000 -5.821000  0.529000
    -4.763000 -5.556000  0.529000
    -4.763000 -5.292000  0.529000
    -4.763000 -5.027000  0.529000
    -4.763000 -4.763000  0.529000
    -4.763000 -4.498000  0.529000
    -4.763000 -4.233000  0.529000
    -4.763000 -3.969000  0.529000
    -4.763000 -3.704000  0.529000
    -4.763000 -3.440000  0.529000
    -4.763000 -3.175000  0.529000
    -4.763000 -2.910000  0.529000
    -4.763000 -2.646000  0.529000
    -4.763000 -2.381000  0.529000
    -4.763000 -2.117000  0.529000
    -4.763000 -1.852000  0.529000
    -4.763000 -1.588000  0.529000
    -4.763000 -1.323000  0.529000
    -4.763000 -1.058000  0.529000
    -4.763000 -0.794000  0.529000
    -4.763000 -0.529000  0.529000
    -4.763000 -0.265000  0.529000
    -4.763000  0.000000  0.529000
    -4.763000  0.265000  0.529000
    -4.763000  0.529000  0.529000
    -4.763000  0.794000  0.529000
    -4.763000  1.058000  0.529000
    -4.763000  1.323000  0.529000
    -4.763000  1.588000  0.529000
    -4.763000  1.852000  0.529000
    -4.763000  2.117000  0.529000
    -4.763000  2.381000  0.529000
    -4.763000  2.646000  0.529000
    -4.763000  2.910000  0.529000
    -4.763000  3.175000  0.529000
    -4.763000  3.440000  0.529000
    -4.763000  3.704000  0.529000
    -4.763000  3.969000  0.529000
    -4.763000  4.233000  0.529000
    -4.763000  4.498000  0.529000
    -4.763000  4.763000  0.529000
    -4.763000  5.027000  0.529000
    -4.763000  5.292000  0.529000
    -4.763000  5.556000  0.529000
    -4.763000  5.821000  0.529000
    -4.763000  6.086000  0.529000
    -4.763000  6.350000  0.529000
    -4.763000  6.615000  0.529000
    -4.763000  6.879000  0.529000
    -4.763000  7.144000  0.529000
    -4.763000  7.408000  0.529000
    -4.763000  7.673000  0.529000
    -4.763000  7.938000  0.529000
    -4.763000  8.202000  0.529000
    -4.763000  8.467000  0.529000
    -4.763000  8.731000  0.529000
    -4.763000  8.996000  0.529000
    -4.763000  9.261000  0.529000
    -4.763000  9.525000  0.529000
    -4.763000  9.790000  0.529000
    -4.763000  10.054000  0.529000
    -4.763000  10.319000  0.529000
    -4.763000  10.584000  0.529000
    -4.498000 -10.584000  0.529000
    -4.498000 -10.319000  0.529000
    -4.498000 -10.054000  0.529000
    -4.498000 -9.790000  0.529000
    -4.498000 -9.525000  0.529000
    -4.498000 -9.261000  0.529000
    -4.498000 -8.996000  0.529000
    -4.498000 -8.731000  0.529000
    -4.498000 -8.467000  0.529000
    -4.498000 -8.202000  0.529000
    -4.498000 -7.938000  0.529000
    -4.498000 -7.673000  0.529000
    -4.498000 -7.408000  0.529000
    -4.498000 -7.144000  0.529000
    -4.498000 -6.879000  0.529000
    -4.498000 -6.615000  0.529000
    -4.498000 -6.350000  0.529000
    -4.498000 -6.086000  0.529000
    -4.498000 -5.821000  0.529000
    -4.498000 -5.556000  0.529000
    -4.498000 -5.292000  0.529000
    -4.498000 -5.027000  0.529000
    -4.498000 -4.763000  0.529000
    -4.498000 -4.498000  0.529000
    -4.498000 -4.233000  0.529000
    -4.498000 -3.969000  0.529000
    -4.498000 -3.704000  0.529000
    -4.498000 -3.440000  0.529000
    -4.498000 -3.175000  0.529000
    -4.498000 -2.910000  0.529000
    -4.498000 -2.646000  0.529000
    -4.498000 -2.381000  0.529000
    -4.498000 -2.117000  0.529000
    -4.498000 -1.852000  0.529000
    -4.498000 -1.588000  0.529000
    -4.498000 -1.323000  0.529000
    -4.498000 -1.058000  0.529000
    -4.498000 -0.794000  0.529000
    -4.498000 -0.529000  0.529000
    -4.498000 -0.265000  0.529000
    -4.498000  0.000000  0.529000
    -4.498000  0.265000  0.529000
    -4.498000  0.529000  0.529000
    -4.498000  0.794000  0.529000
    -4.498000  1.058000  0.529000
    -4.498000  1.323000  0.529000
    -4.498000  1.588000  0.529000
    -4.498000  1.852000  0.529000
    -4.498000  2.117000  0.529000
    -4.498000  2.381000  0.529000
    -4.498000  2.646000  0.529000
    -4.498000  2.910000  0.529000
    -4.498000  3.175000  0.529000
    -4.498000  3.440000  0.529000
    -4.498000  3.704000  0.529000
    -4.498000  3.969000  0.529000
    -4.498000  4.233000  0.529000
    -4.498000  4.498000  0.529000
    -4.498000  4.763000  0.529000
    -4.498000  5.027000  0.529000
    -4.498000  5.292000  0.529000
    -4.498000  5.556000  0.529000
    -4.498000  5.821000  0.529000
    -4.498000  6.086000  0.529000
    -4.498000  6.350000  0.529000
    -4.498000  6.615000  0.529000
    -4.498000  6.879000  0.529000
    -4.498000  7.144000  0.529000
    -4.498000  7.408000  0.529000
    -4.498000  7.673000  0.529000
    -4.498000  7.938000  0.529000
    -4.498000  8.202000  0.529000
    -4.498000  8.467000  0.529000
    -4.498000  8.731000  0.529000
    -4.498000  8.996000  0.529000
    -4.498000  9.261000  0.529000
    -4.498000  9.525000  0.529000
    -4.498000  9.790000  0.529000
    -4.498000  10.054000  0.529000
    -4.498000  10.319000  0.529000
    -4.498000  10.584000  0.529000
    -4.233000 -10.584000  0.529000
    -4.233000 -10.319000  0.529000
    -4.233000 -10.054000  0.529000
    -4.233000 -9.790000  0.529000
    -4.233000 -9.525000  0.529000
    -4.233000 -9.261000  0.529000
    -4.233000 -8.996000  0.529000
    -4.233000 -8.731000  0.529000
    -4.233000 -8.467000  0.529000
    -4.233000 -8.202000  0.529000
    -4.233000 -7.938000  0.529000
    -4.233000 -7.673000  0.529000
    -4.233000 -7.408000  0.529000
    -4.233000 -7.144000  0.529000
    -4.233000 -6.879000  0.529000
    -4.233000 -6.615000  0.529000
    -4.233000 -6.350000  0.529000
    -4.233000 -6.086000  0.529000
    -4.233000 -5.821000  0.529000
    -4.233000 -5.556000  0.529000
    -4.233000 -5.292000  0.529000
    -4.233000 -5.027000  0.529000
    -4.233000 -4.763000  0.529000
    -4.233000 -4.498000  0.529000
    -4.233000 -4.233000  0.529000
    -4.233000 -3.969000  0.529000
    -4.233000 -3.704000  0.529000
    -4.233000 -3.440000  0.529000
    -4.233000 -3.175000  0.529000
    -4.233000 -2.910000  0.529000
    -4.233000 -2.646000  0.529000
    -4.233000 -2.381000  0.529000
    -4.233000 -2.117000  0.529000
    -4.233000 -1.852000  0.529000
    -4.233000 -1.588000  0.529000
    -4.233000 -1.323000  0.529000
    -4.233000 -1.058000  0.529000
    -4.233000 -0.794000  0.529000
    -4.233000 -0.529000  0.529000
    -4.233000 -0.265000  0.529000
    -4.233000  0.000000  0.529000
    -4.233000  0.265000  0.529000
    -4.233000  0.529000  0.529000
    -4.233000  0.794000  0.529000
    -4.233000  1.058000  0.529000
    -4.233000  1.323000  0.529000
    -4.233000  1.588000  0.529000
    -4.233000  1.852000  0.529000
    -4.233000  2.117000  0.529000
    -4.233000  2.381000  0.529000
    -4.233000  2.646000  0.529000
    -4.233000  2.910000  0.529000
    -4.233000  3.175000  0.529000
    -4.233000  3.440000  0.529000
    -4.233000  3.704000  0.529000
    -4.233000  3.969000  0.529000
    -4.233000  4.233000  0.529000
    -4.233000  4.498000  0.529000
    -4.233000  4.763000  0.529000
    -4.233000  5.027000  0.529000
    -4.233000  5.292000  0.529000
    -4.233000  5.556000  0.529000
    -4.233000  5.821000  0.529000
    -4.233000  6.086000  0.529000
    -4.233000  6.350000  0.529000
    -4.233000  6.615000  0.529000
    -4.233000  6.879000  0.529000
    -4.233000  7.144000  0.529000
    -4.233000  7.408000  0.529000
    -4.233000  7.673000  0.529000
    -4.233000  7.938000  0.529000
    -4.233000  8.202000  0.529000
    -4.233000  8.467000  0.529000
    -4.233000  8.731000  0.529000
    -4.233000  8.996000  0.529000
    -4.233000  9.261000  0.529000
    -4.233000  9.525000  0.529000
    -4.233000  9.790000  0.529000
    -4.233000  10.054000  0.529000
    -4.233000  10.319000  0.529000
    -4.233000  10.584000  0.529000
    -3.969000 -10.584000  0.529000
    -3.969000 -10.319000  0.529000
    -3.969000 -10.054000  0.529000
    -3.969000 -9.790000  0.529000
    -3.969000 -9.525000  0.529000
    -3.969000 -9.261000  0.529000
    -3.969000 -8.996000  0.529000
    -3.969000 -8.731000  0.529000
    -3.969000 -8.467000  0.529000
    -3.969000 -8.202000  0.529000
    -3.969000 -7.938000  0.529000
    -3.969000 -7.673000  0.529000
    -3.969000 -7.408000  0.529000
    -3.969000 -7.144000  0.529000
    -3.969000 -6.879000  0.529000
    -3.969000 -6.615000  0.529000
    -3.969000 -6.350000  0.529000
    -3.969000 -6.086000  0.529000
    -3.969000 -5.821000  0.529000
    -3.969000 -5.556000  0.529000
    -3.969000 -5.292000  0.529000
    -3.969000 -5.027000  0.529000
    -3.969000 -4.763000  0.529000
    -3.969000 -4.498000  0.529000
    -3.969000 -4.233000  0.529000
    -3.969000 -3.969000  0.529000
    -3.969000 -3.704000  0.529000
    -3.969000 -3.440000  0.529000
    -3.969000 -3.175000  0.529000
    -3.969000 -2.910000  0.529000
    -3.969000 -2.646000  0.529000
    -3.969000 -2.381000  0.529000
    -3.969000 -2.117000  0.529000
    -3.969000 -1.852000  0.529000
    -3.969000 -1.588000  0.529000
    -3.969000 -1.323000  0.529000
    -3.969000 -1.058000  0.529000
    -3.969000 -0.794000  0.529000
    -3.969000 -0.529000  0.529000
    -3.969000 -0.265000  0.529000
    -3.969000  0.000000  0.529000
    -3.969000  0.265000  0.529000
    -3.969000  0.529000  0.529000
    -3.969000  0.794000  0.529000
    -3.969000  1.058000  0.529000
    -3.969000  1.323000  0.529000
    -3.969000  1.588000  0.529000
    -3.969000  1.852000  0.529000
    -3.969000  2.117000  0.529000
    -3.969000  2.381000  0.529000
    -3.969000  2.646000  0.529000
    -3.969000  2.910000  0.529000
    -3.969000  3.175000  0.529000
    -3.969000  3.440000  0.529000
    -3.969000  3.704000  0.529000
    -3.969000  3.969000  0.529000
    -3.969000  4.233000  0.529000
    -3.969000  4.498000  0.529000
    -3.969000  4.763000  0.529000
    -3.969000  5.027000  0.529000
    -3.969000  5.292000  0.529000
    -3.969000  5.556000  0.529000
    -3.969000  5.821000  0.529000
    -3.969000  6.086000  0.529000
    -3.969000  6.350000  0.529000
    -3.969000  6.615000  0.529000
    -3.969000  6.879000  0.529000
    -3.969000  7.144000  0.529000
    -3.969000  7.408000  0.529000
    -3.969000  7.673000  0.529000
    -3.969000  7.938000  0.529000
    -3.969000  8.202000  0.529000
    -3.969000  8.467000  0.529000
    -3.969000  8.731000  0.529000
    -3.969000  8.996000  0.529000
    -3.969000  9.261000  0.529000
    -3.969000  9.525000  0.529000
    -3.969000  9.790000  0.529000
    -3.969000  10.054000  0.529000
    -3.969000  10.319000  0.529000
    -3.969000  10.584000  0.529000
    -3.704000 -10.584000  0.529000
    -3.704000 -10.319000  0.529000
    -3.704000 -10.054000  0.529000
    -3.704000 -9.790000  0.529000
    -3.704000 -9.525000  0.529000
    -3.704000 -9.261000  0.529000
    -3.704000 -8.996000  0.529000
    -3.704000 -8.731000  0.529000
    -3.704000 -8.467000  0.529000
    -3.704000 -8.202000  0.529000
    -3.704000 -7.938000  0.529000
    -3.704000 -7.673000  0.529000
    -3.704000 -7.408000  0.529000
    -3.704000 -7.144000  0.529000
    -3.704000 -6.879000  0.529000
    -3.704000 -6.615000  0.529000
    -3.704000 -6.350000  0.529000
    -3.704000 -6.086000  0.529000
    -3.704000 -5.821000  0.529000
    -3.704000 -5.556000  0.529000
    -3.704000 -5.292000  0.529000
    -3.704000 -5.027000  0.529000
    -3.704000 -4.763000  0.529000
    -3.704000 -4.498000  0.529000
    -3.704000 -4.233000  0.529000
    -3.704000 -3.969000  0.529000
    -3.704000 -3.704000  0.529000
    -3.704000 -3.440000  0.529000
    -3.704000 -3.175000  0.529000
    -3.704000 -2.910000  0.529000
    -3.704000 -2.646000  0.529000
    -3.704000 -2.381000  0.529000
    -3.704000 -2.117000  0.529000
    -3.704000 -1.852000  0.529000
    -3.704000 -1.588000  0.529000
    -3.704000 -1.323000  0.529000
    -3.704000 -1.058000  0.529000
    -3.704000 -0.794000  0.529000
    -3.704000 -0.529000  0.529000
    -3.704000 -0.265000  0.529000
    -3.704000  0.000000  0.529000
    -3.704000  0.265000  0.529000
    -3.704000  0.529000  0.529000
    -3.704000  0.794000  0.529000
    -3.704000  1.058000  0.529000
    -3.704000  1.323000  0.529000
    -3.704000  1.588000  0.529000
    -3.704000  1.852000  0.529000
    -3.704000  2.117000  0.529000
    -3.704000  2.381000  0.529000
    -3.704000  2.646000  0.529000
    -3.704000  2.910000  0.529000
    -3.704000  3.175000  0.529000
    -3.704000  3.440000  0.529000
    -3.704000  3.704000  0.529000
    -3.704000  3.969000  0.529000
    -3.704000  4.233000  0.529000
    -3.704000  4.498000  0.529000
    -3.704000  4.763000  0.529000
    -3.704000  5.027000  0.529000
    -3.704000  5.292000  0.529000
    -3.704000  5.556000  0.529000
    -3.704000  5.821000  0.529000
    -3.704000  6.086000  0.529000
    -3.704000  6.350000  0.529000
    -3.704000  6.615000  0.529000
    -3.704000  6.879000  0.529000
    -3.704000  7.144000  0.529000
    -3.704000  7.408000  0.529000
    -3.704000  7.673000  0.529000
    -3.704000  7.938000  0.529000
    -3.704000  8.202000  0.529000
    -3.704000  8.467000  0.529000
    -3.704000  8.731000  0.529000
    -3.704000  8.996000  0.529000
    -3.704000  9.261000  0.529000
    -3.704000  9.525000  0.529000
    -3.704000  9.790000  0.529000
    -3.704000  10.054000  0.529000
    -3.704000  10.319000  0.529000
    -3.704000  10.584000  0.529000
    -3.440000 -10.584000  0.529000
    -3.440000 -10.319000  0.529000
    -3.440000 -10.054000  0.529000
    -3.440000 -9.790000  0.529000
    -3.440000 -9.525000  0.529000
    -3.440000 -9.261000  0.529000
    -3.440000 -8.996000  0.529000
    -3.440000 -8.731000  0.529000
    -3.440000 -8.467000  0.529000
    -3.440000 -8.202000  0.529000
    -3.440000 -7.938000  0.529000
    -3.440000 -7.673000  0.529000
    -3.440000 -7.408000  0.529000
    -3.440000 -7.144000  0.529000
    -3.440000 -6.879000  0.529000
    -3.440000 -6.615000  0.529000
    -3.440000 -6.350000  0.529000
    -3.440000 -6.086000  0.529000
    -3.440000 -5.821000  0.529000
    -3.440000 -5.556000  0.529000
    -3.440000 -5.292000  0.529000
    -3.440000 -5.027000  0.529000
    -3.440000 -4.763000  0.529000
    -3.440000 -4.498000  0.529000
    -3.440000 -4.233000  0.529000
    -3.440000 -3.969000  0.529000
    -3.440000 -3.704000  0.529000
    -3.440000 -3.440000  0.529000
    -3.440000 -3.175000  0.529000
    -3.440000 -2.910000  0.529000
    -3.440000 -2.646000  0.529000
    -3.440000 -2.381000  0.529000
    -3.440000 -2.117000  0.529000
    -3.440000 -1.852000  0.529000
    -3.440000 -1.588000  0.529000
    -3.440000 -1.323000  0.529000
    -3.440000 -1.058000  0.529000
    -3.440000 -0.794000  0.529000
    -3.440000 -0.529000  0.529000
    -3.440000 -0.265000  0.529000
    -3.440000  0.000000  0.529000
    -3.440000  0.265000  0.529000
    -3.440000  0.529000  0.529000
    -3.440000  0.794000  0.529000
    -3.440000  1.058000  0.529000
    -3.440000  1.323000  0.529000
    -3.440000  1.588000  0.529000
    -3.440000  1.852000  0.529000
    -3.440000  2.117000  0.529000
    -3.440000  2.381000  0.529000
    -3.440000  2.646000  0.529000
    -3.440000  2.910000  0.529000
    -3.440000  3.175000  0.529000
    -3.440000  3.440000  0.529000
    -3.440000  3.704000  0.529000
    -3.440000  3.969000  0.529000
    -3.440000  4.233000  0.529000
    -3.440000  4.498000  0.529000
    -3.440000  4.763000  0.529000
    -3.440000  5.027000  0.529000
    -3.440000  5.292000  0.529000
    -3.440000  5.556000  0.529000
    -3.440000  5.821000  0.529000
    -3.440000  6.086000  0.529000
    -3.440000  6.350000  0.529000
    -3.440000  6.615000  0.529000
    -3.440000  6.879000  0.529000
    -3.440000  7.144000  0.529000
    -3.440000  7.408000  0.529000
    -3.440000  7.673000  0.529000
    -3.440000  7.938000  0.529000
    -3.440000  8.202000  0.529000
    -3.440000  8.467000  0.529000
    -3.440000  8.731000  0.529000
    -3.440000  8.996000  0.529000
    -3.440000  9.261000  0.529000
    -3.440000  9.525000  0.529000
    -3.440000  9.790000  0.529000
    -3.440000  10.054000  0.529000
    -3.440000  10.319000  0.529000
    -3.440000  10.584000  0.529000
    -3.175000 -10.584000  0.529000
    -3.175000 -10.319000  0.529000
    -3.175000 -10.054000  0.529000
    -3.175000 -9.790000  0.529000
    -3.175000 -9.525000  0.529000
    -3.175000 -9.261000  0.529000
    -3.175000 -8.996000  0.529000
    -3.175000 -8.731000  0.529000
    -3.175000 -8.467000  0.529000
    -3.175000 -8.202000  0.529000
    -3.175000 -7.938000  0.529000
    -3.175000 -7.673000  0.529000
    -3.175000 -7.408000  0.529000
    -3.175000 -7.144000  0.529000
    -3.175000 -6.879000  0.529000
    -3.175000 -6.615000  0.529000
    -3.175000 -6.350000  0.529000
    -3.175000 -6.086000  0.529000
    -3.175000 -5.821000  0.529000
    -3.175000 -5.556000  0.529000
    -3.175000 -5.292000  0.529000
    -3.175000 -5.027000  0.529000
    -3.175000 -4.763000  0.529000
    -3.175000 -4.498000  0.529000
    -3.175000 -4.233000  0.529000
    -3.175000 -3.969000  0.529000
    -3.175000 -3.704000  0.529000
    -3.175000 -3.440000  0.529000
    -3.175000 -3.175000  0.529000
    -3.175000 -2.910000  0.529000
    -3.175000 -2.646000  0.529000
    -3.175000 -2.381000  0.529000
    -3.175000 -2.117000  0.529000
    -3.175000 -1.852000  0.529000
    -3.175000 -1.588000  0.529000
    -3.175000 -1.323000  0.529000
    -3.175000 -1.058000  0.529000
    -3.175000 -0.794000  0.529000
    -3.175000 -0.529000  0.529000
    -3.175000 -0.265000  0.529000
    -3.175000  0.000000  0.529000
    -3.175000  0.265000  0.529000
    -3.175000  0.529000  0.529000
    -3.175000  0.794000  0.529000
    -3.175000  1.058000  0.529000
    -3.175000  1.323000  0.529000
    -3.175000  1.588000  0.529000
    -3.175000  1.852000  0.529000
    -3.175000  2.117000  0.529000
    -3.175000  2.381000  0.529000
    -3.175000  2.646000  0.529000
    -3.175000  2.910000  0.529000
    -3.175000  3.175000  0.529000
    -3.175000  3.440000  0.529000
    -3.175000  3.704000  0.529000
    -3.175000  3.969000  0.529000
    -3.175000  4.233000  0.529000
    -3.175000  4.498000  0.529000
    -3.175000  4.763000  0.529000
    -3.175000  5.027000  0.529000
    -3.175000  5.292000  0.529000
    -3.175000  5.556000  0.529000
    -3.175000  5.821000  0.529000
    -3.175000  6.086000  0.529000
    -3.175000  6.350000  0.529000
    -3.175000  6.615000  0.529000
    -3.175000  6.879000  0.529000
    -3.175000  7.144000  0.529000
    -3.175000  7.408000  0.529000
    -3.175000  7.673000  0.529000
    -3.175000  7.938000  0.529000
    -3.175000  8.202000  0.529000
    -3.175000  8.467000  0.529000
    -3.175000  8.731000  0.529000
    -3.175000  8.996000  0.529000
    -3.175000  9.261000  0.529000
    -3.175000  9.525000  0.529000
    -3.175000  9.790000  0.529000
    -3.175000  10.054000  0.529000
    -3.175000  10.319000  0.529000
    -3.175000  10.584000  0.529000
    -2.910000 -10.584000  0.529000
    -2.910000 -10.319000  0.529000
    -2.910000 -10.054000  0.529000
    -2.910000 -9.790000  0.529000
    -2.910000 -9.525000  0.529000
    -2.910000 -9.261000  0.529000
    -2.910000 -8.996000  0.529000
    -2.910000 -8.731000  0.529000
    -2.910000 -8.467000  0.529000
    -2.910000 -8.202000  0.529000
    -2.910000 -7.938000  0.529000
    -2.910000 -7.673000  0.529000
    -2.910000 -7.408000  0.529000
    -2.910000 -7.144000  0.529000
    -2.910000 -6.879000  0.529000
    -2.910000 -6.615000  0.529000
    -2.910000 -6.350000  0.529000
    -2.910000 -6.086000  0.529000
    -2.910000 -5.821000  0.529000
    -2.910000 -5.556000  0.529000
    -2.910000 -5.292000  0.529000
    -2.910000 -5.027000  0.529000
    -2.910000 -4.763000  0.529000
    -2.910000 -4.498000  0.529000
    -2.910000 -4.233000  0.529000
    -2.910000 -3.969000  0.529000
    -2.910000 -3.704000  0.529000
    -2.910000 -3.440000  0.529000
    -2.910000 -3.175000  0.529000
    -2.910000 -2.910000  0.529000
    -2.910000 -2.646000  0.529000
    -2.910000 -2.381000  0.529000
    -2.910000 -2.117000  0.529000
    -2.910000 -1.852000  0.529000
    -2.910000 -1.588000  0.529000
    -2.910000 -1.323000  0.529000
    -2.910000 -1.058000  0.529000
    -2.910000 -0.794000  0.529000
    -2.910000 -0.529000  0.529000
    -2.910000 -0.265000  0.529000
    -2.910000  0.000000  0.529000
    -2.910000  0.265000  0.529000
    -2.910000  0.529000  0.529000
    -2.910000  0.794000  0.529000
    -2.910000  1.058000  0.529000
    -2.910000  1.323000  0.529000
    -2.910000  1.588000  0.529000
    -2.910000  1.852000  0.529000
    -2.910000  2.117000  0.529000
    -2.910000  2.381000  0.529000
    -2.910000  2.646000  0.529000
    -2.910000  2.910000  0.529000
    -2.910000  3.175000  0.529000
    -2.910000  3.440000  0.529000
    -2.910000  3.704000  0.529000
    -2.910000  3.969000  0.529000
    -2.910000  4.233000  0.529000
    -2.910000  4.498000  0.529000
    -2.910000  4.763000  0.529000
    -2.910000  5.027000  0.529000
    -2.910000  5.292000  0.529000
    -2.910000  5.556000  0.529000
    -2.910000  5.821000  0.529000
    -2.910000  6.086000  0.529000
    -2.910000  6.350000  0.529000
    -2.910000  6.615000  0.529000
    -2.910000  6.879000  0.529000
    -2.910000  7.144000  0.529000
    -2.910000  7.408000  0.529000
    -2.910000  7.673000  0.529000
    -2.910000  7.938000  0.529000
    -2.910000  8.202000  0.529000
    -2.910000  8.467000  0.529000
    -2.910000  8.731000  0.529000
    -2.910000  8.996000  0.529000
    -2.910000  9.261000  0.529000
    -2.910000  9.525000  0.529000
    -2.910000  9.790000  0.529000
    -2.910000  10.054000  0.529000
    -2.910000  10.319000  0.529000
    -2.910000  10.584000  0.529000
    -2.646000 -10.584000  0.529000
    -2.646000 -10.319000  0.529000
    -2.646000 -10.054000  0.529000
    -2.646000 -9.790000  0.529000
    -2.646000 -9.525000  0.529000
    -2.646000 -9.261000  0.529000
    -2.646000 -8.996000  0.529000
    -2.646000 -8.731000  0.529000
    -2.646000 -8.467000  0.529000
    -2.646000 -8.202000  0.529000
    -2.646000 -7.938000  0.529000
    -2.646000 -7.673000  0.529000
    -2.646000 -7.408000  0.529000
    -2.646000 -7.144000  0.529000
    -2.646000 -6.879000  0.529000
    -2.646000 -6.615000  0.529000
    -2.646000 -6.350000  0.529000
    -2.646000 -6.086000  0.529000
    -2.646000 -5.821000  0.529000
    -2.646000 -5.556000  0.529000
    -2.646000 -5.292000  0.529000
    -2.646000 -5.027000  0.529000
    -2.646000 -4.763000  0.529000
    -2.646000 -4.498000  0.529000
    -2.646000 -4.233000  0.529000
    -2.646000 -3.969000  0.529000
    -2.646000 -3.704000  0.529000
    -2.646000 -3.440000  0.529000
    -2.646000 -3.175000  0.529000
    -2.646000 -2.910000  0.529000
    -2.646000 -2.646000  0.529000
    -2.646000 -2.381000  0.529000
    -2.646000 -2.117000  0.529000
    -2.646000 -1.852000  0.529000
    -2.646000 -1.588000  0.529000
    -2.646000 -1.323000  0.529000
    -2.646000 -1.058000  0.529000
    -2.646000 -0.794000  0.529000
    -2.646000 -0.529000  0.529000
    -2.646000 -0.265000  0.529000
    -2.646000  0.000000  0.529000
    -2.646000  0.265000  0.529000
    -2.646000  0.529000  0.529000
    -2.646000  0.794000  0.529000
    -2.646000  1.058000  0.529000
    -2.646000  1.323000  0.529000
    -2.646000  1.588000  0.529000
    -2.646000  1.852000  0.529000
    -2.646000  2.117000  0.529000
    -2.646000  2.381000  0.529000
    -2.646000  2.646000  0.529000
    -2.646000  2.910000  0.529000
    -2.646000  3.175000  0.529000
    -2.646000  3.440000  0.529000
    -2.646000  3.704000  0.529000
    -2.646000  3.969000  0.529000
    -2.646000  4.233000  0.529000
    -2.646000  4.498000  0.529000
    -2.646000  4.763000  0.529000
    -2.646000  5.027000  0.529000
    -2.646000  5.292000  0.529000
    -2.646000  5.556000  0.529000
    -2.646000  5.821000  0.529000
    -2.646000  6.086000  0.529000
    -2.646000  6.350000  0.529000
    -2.646000  6.615000  0.529000
    -2.646000  6.879000  0.529000
    -2.646000  7.144000  0.529000
    -2.646000  7.408000  0.529000
    -2.646000  7.673000  0.529000
    -2.646000  7.938000  0.529000
    -2.646000  8.202000  0.529000
    -2.646000  8.467000  0.529000
    -2.646000  8.731000  0.529000
    -2.646000  8.996000  0.529000
    -2.646000  9.261000  0.529000
    -2.646000  9.525000  0.529000
    -2.646000  9.790000  0.529000
    -2.646000  10.054000  0.529000
    -2.646000  10.319000  0.529000
    -2.646000  10.584000  0.529000
    -2.381000 -10.584000  0.529000
    -2.381000 -10.319000  0.529000
    -2.381000 -10.054000  0.529000
    -2.381000 -9.790000  0.529000
    -2.381000 -9.525000  0.529000
    -2.381000 -9.261000  0.529000
    -2.381000 -8.996000  0.529000
    -2.381000 -8.731000  0.529000
    -2.381000 -8.467000  0.529000
    -2.381000 -8.202000  0.529000
    -2.381000 -7.938000  0.529000
    -2.381000 -7.673000  0.529000
    -2.381000 -7.408000  0.529000
    -2.381000 -7.144000  0.529000
    -2.381000 -6.879000  0.529000
    -2.381000 -6.615000  0.529000
    -2.381000 -6.350000  0.529000
    -2.381000 -6.086000  0.529000
    -2.381000 -5.821000  0.529000
    -2.381000 -5.556000  0.529000
    -2.381000 -5.292000  0.529000
    -2.381000 -5.027000  0.529000
    -2.381000 -4.763000  0.529000
    -2.381000 -4.498000  0.529000
    -2.381000 -4.233000  0.529000
    -2.381000 -3.969000  0.529000
    -2.381000 -3.704000  0.529000
    -2.381000 -3.440000  0.529000
    -2.381000 -3.175000  0.529000
    -2.381000 -2.910000  0.529000
    -2.381000 -2.646000  0.529000
    -2.381000 -2.381000  0.529000
    -2.381000 -2.117000  0.529000
    -2.381000 -1.852000  0.529000
    -2.381000 -1.588000  0.529000
    -2.381000 -1.323000  0.529000
    -2.381000 -1.058000  0.529000
    -2.381000 -0.794000  0.529000
    -2.381000 -0.529000  0.529000
    -2.381000 -0.265000  0.529000
    -2.381000  0.000000  0.529000
    -2.381000  0.265000  0.529000
    -2.381000  0.529000  0.529000
    -2.381000  0.794000  0.529000
    -2.381000  1.058000  0.529000
    -2.381000  1.323000  0.529000
    -2.381000  1.588000  0.529000
    -2.381000  1.852000  0.529000
    -2.381000  2.117000  0.529000
    -2.381000  2.381000  0.529000
    -2.381000  2.646000  0.529000
    -2.381000  2.910000  0.529000
    -2.381000  3.175000  0.529000
    -2.381000  3.440000  0.529000
    -2.381000  3.704000  0.529000
    -2.381000  3.969000  0.529000
    -2.381000  4.233000  0.529000
    -2.381000  4.498000  0.529000
    -2.381000  4.763000  0.529000
    -2.381000  5.027000  0.529000
    -2.381000  5.292000  0.529000
    -2.381000  5.556000  0.529000
    -2.381000  5.821000  0.529000
    -2.381000  6.086000  0.529000
    -2.381000  6.350000  0.529000
    -2.381000  6.615000  0.529000
    -2.381000  6.879000  0.529000
    -2.381000  7.144000  0.529000
    -2.381000  7.408000  0.529000
    -2.381000  7.673000  0.529000
    -2.381000  7.938000  0.529000
    -2.381000  8.202000  0.529000
    -2.381000  8.467000  0.529000
    -2.381000  8.731000  0.529000
    -2.381000  8.996000  0.529000
    -2.381000  9.261000  0.529000
    -2.381000  9.525000  0.529000
    -2.381000  9.790000  0.529000
    -2.381000  10.054000  0.529000
    -2.381000  10.319000  0.529000
    -2.381000  10.584000  0.529000
    -2.117000 -10.584000  0.529000
    -2.117000 -10.319000  0.529000
    -2.117000 -10.054000  0.529000
    -2.117000 -9.790000  0.529000
    -2.117000 -9.525000  0.529000
    -2.117000 -9.261000  0.529000
    -2.117000 -8.996000  0.529000
    -2.117000 -8.731000  0.529000
    -2.117000 -8.467000  0.529000
    -2.117000 -8.202000  0.529000
    -2.117000 -7.938000  0.529000
    -2.117000 -7.673000  0.529000
    -2.117000 -7.408000  0.529000
    -2.117000 -7.144000  0.529000
    -2.117000 -6.879000  0.529000
    -2.117000 -6.615000  0.529000
    -2.117000 -6.350000  0.529000
    -2.117000 -6.086000  0.529000
    -2.117000 -5.821000  0.529000
    -2.117000 -5.556000  0.529000
    -2.117000 -5.292000  0.529000
    -2.117000 -5.027000  0.529000
    -2.117000 -4.763000  0.529000
    -2.117000 -4.498000  0.529000
    -2.117000 -4.233000  0.529000
    -2.117000 -3.969000  0.529000
    -2.117000 -3.704000  0.529000
    -2.117000 -3.440000  0.529000
    -2.117000 -3.175000  0.529000
    -2.117000 -2.910000  0.529000
    -2.117000 -2.646000  0.529000
    -2.117000 -2.381000  0.529000
    -2.117000 -2.117000  0.529000
    -2.117000 -1.852000  0.529000
    -2.117000 -1.588000  0.529000
    -2.117000 -1.323000  0.529000
    -2.117000 -1.058000  0.529000
    -2.117000 -0.794000  0.529000
    -2.117000 -0.529000  0.529000
    -2.117000 -0.265000  0.529000
    -2.117000  0.000000  0.529000
    -2.117000  0.265000  0.529000
    -2.117000  0.529000  0.529000
    -2.117000  0.794000  0.529000
    -2.117000  1.058000  0.529000
    -2.117000  1.323000  0.529000
    -2.117000  1.588000  0.529000
    -2.117000  1.852000  0.529000
    -2.117000  2.117000  0.529000
    -2.117000  2.381000  0.529000
    -2.117000  2.646000  0.529000
    -2.117000  2.910000  0.529000
    -2.117000  3.175000  0.529000
    -2.117000  3.440000  0.529000
    -2.117000  3.704000  0.529000
    -2.117000  3.969000  0.529000
    -2.117000  4.233000  0.529000
    -2.117000  4.498000  0.529000
    -2.117000  4.763000  0.529000
    -2.117000  5.027000  0.529000
    -2.117000  5.292000  0.529000
    -2.117000  5.556000  0.529000
    -2.117000  5.821000  0.529000
    -2.117000  6.086000  0.529000
    -2.117000  6.350000  0.529000
    -2.117000  6.615000  0.529000
    -2.117000  6.879000  0.529000
    -2.117000  7.144000  0.529000
    -2.117000  7.408000  0.529000
    -2.117000  7.673000  0.529000
    -2.117000  7.938000  0.529000
    -2.117000  8.202000  0.529000
    -2.117000  8.467000  0.529000
    -2.117000  8.731000  0.529000
    -2.117000  8.996000  0.529000
    -2.117000  9.261000  0.529000
    -2.117000  9.525000  0.529000
    -2.117000  9.790000  0.529000
    -2.117000  10.054000  0.529000
    -2.117000  10.319000  0.529000
    -2.117000  10.584000  0.529000
    -1.852000 -10.584000  0.529000
    -1.852000 -10.319000  0.529000
    -1.852000 -10.054000  0.529000
    -1.852000 -9.790000  0.529000
    -1.852000 -9.525000  0.529000
    -1.852000 -9.261000  0.529000
    -1.852000 -8.996000  0.529000
    -1.852000 -8.731000  0.529000
    -1.852000 -8.467000  0.529000
    -1.852000 -8.202000  0.529000
    -1.852000 -7.938000  0.529000
    -1.852000 -7.673000  0.529000
    -1.852000 -7.408000  0.529000
    -1.852000 -7.144000  0.529000
    -1.852000 -6.879000  0.529000
    -1.852000 -6.615000  0.529000
    -1.852000 -6.350000  0.529000
    -1.852000 -6.086000  0.529000
    -1.852000 -5.821000  0.529000
    -1.852000 -5.556000  0.529000
    -1.852000 -5.292000  0.529000
    -1.852000 -5.027000  0.529000
    -1.852000 -4.763000  0.529000
    -1.852000 -4.498000  0.529000
    -1.852000 -4.233000  0.529000
    -1.852000 -3.969000  0.529000
    -1.852000 -3.704000  0.529000
    -1.852000 -3.440000  0.529000
    -1.852000 -3.175000  0.529000
    -1.852000 -2.910000  0.529000
    -1.852000 -2.646000  0.529000
    -1.852000 -2.381000  0.529000
    -1.852000 -2.117000  0.529000
    -1.852000 -1.852000  0.529000
    -1.852000 -1.588000  0.529000
    -1.852000 -1.323000  0.529000
    -1.852000 -1.058000  0.529000
    -1.852000 -0.794000  0.529000
    -1.852000 -0.529000  0.529000
    -1.852000 -0.265000  0.529000
    -1.852000  0.000000  0.529000
    -1.852000  0.265000  0.529000
    -1.852000  0.529000  0.529000
    -1.852000  0.794000  0.529000
    -1.852000  1.058000  0.529000
    -1.852000  1.323000  0.529000
    -1.852000  1.588000  0.529000
    -1.852000  1.852000  0.529000
    -1.852000  2.117000  0.529000
    -1.852000  2.381000  0.529000
    -1.852000  2.646000  0.529000
    -1.852000  2.910000  0.529000
    -1.852000  3.175000  0.529000
    -1.852000  3.440000  0.529000
    -1.852000  3.704000  0.529000
    -1.852000  3.969000  0.529000
    -1.852000  4.233000  0.529000
    -1.852000  4.498000  0.529000
    -1.852000  4.763000  0.529000
    -1.852000  5.027000  0.529000
    -1.852000  5.292000  0.529000
    -1.852000  5.556000  0.529000
    -1.852000  5.821000  0.529000
    -1.852000  6.086000  0.529000
    -1.852000  6.350000  0.529000
    -1.852000  6.615000  0.529000
    -1.852000  6.879000  0.529000
    -1.852000  7.144000  0.529000
    -1.852000  7.408000  0.529000
    -1.852000  7.673000  0.529000
    -1.852000  7.938000  0.529000
    -1.852000  8.202000  0.529000
    -1.852000  8.467000  0.529000
    -1.852000  8.731000  0.529000
    -1.852000  8.996000  0.529000
    -1.852000  9.261000  0.529000
    -1.852000  9.525000  0.529000
    -1.852000  9.790000  0.529000
    -1.852000  10.054000  0.529000
    -1.852000  10.319000  0.529000
    -1.852000  10.584000  0.529000
    -1.588000 -10.584000  0.529000
    -1.588000 -10.319000  0.529000
    -1.588000 -10.054000  0.529000
    -1.588000 -9.790000  0.529000
    -1.588000 -9.525000  0.529000
    -1.588000 -9.261000  0.529000
    -1.588000 -8.996000  0.529000
    -1.588000 -8.731000  0.529000
    -1.588000 -8.467000  0.529000
    -1.588000 -8.202000  0.529000
    -1.588000 -7.938000  0.529000
    -1.588000 -7.673000  0.529000
    -1.588000 -7.408000  0.529000
    -1.588000 -7.144000  0.529000
    -1.588000 -6.879000  0.529000
    -1.588000 -6.615000  0.529000
    -1.588000 -6.350000  0.529000
    -1.588000 -6.086000  0.529000
    -1.588000 -5.821000  0.529000
    -1.588000 -5.556000  0.529000
    -1.588000 -5.292000  0.529000
    -1.588000 -5.027000  0.529000
    -1.588000 -4.763000  0.529000
    -1.588000 -4.498000  0.529000
    -1.588000 -4.233000  0.529000
    -1.588000 -3.969000  0.529000
    -1.588000 -3.704000  0.529000
    -1.588000 -3.440000  0.529000
    -1.588000 -3.175000  0.529000
    -1.588000 -2.910000  0.529000
    -1.588000 -2.646000  0.529000
    -1.588000 -2.381000  0.529000
    -1.588000 -2.117000  0.529000
    -1.588000 -1.852000  0.529000
    -1.588000 -1.588000  0.529000
    -1.588000 -1.323000  0.529000
    -1.588000 -1.058000  0.529000
    -1.588000 -0.794000  0.529000
    -1.588000 -0.529000  0.529000
    -1.588000 -0.265000  0.529000
    -1.588000  0.000000  0.529000
    -1.588000  0.265000  0.529000
    -1.588000  0.529000  0.529000
    -1.588000  0.794000  0.529000
    -1.588000  1.058000  0.529000
    -1.588000  1.323000  0.529000
    -1.588000  1.588000  0.529000
    -1.588000  1.852000  0.529000
    -1.588000  2.117000  0.529000
    -1.588000  2.381000  0.529000
    -1.588000  2.646000  0.529000
    -1.588000  2.910000  0.529000
    -1.588000  3.175000  0.529000
    -1.588000  3.440000  0.529000
    -1.588000  3.704000  0.529000
    -1.588000  3.969000  0.529000
    -1.588000  4.233000  0.529000
    -1.588000  4.498000  0.529000
    -1.588000  4.763000  0.529000
    -1.588000  5.027000  0.529000
    -1.588000  5.292000  0.529000
    -1.588000  5.556000  0.529000
    -1.588000  5.821000  0.529000
    -1.588000  6.086000  0.529000
    -1.588000  6.350000  0.529000
    -1.588000  6.615000  0.529000
    -1.588000  6.879000  0.529000
    -1.588000  7.144000  0.529000
    -1.588000  7.408000  0.529000
    -1.588000  7.673000  0.529000
    -1.588000  7.938000  0.529000
    -1.588000  8.202000  0.529000
    -1.588000  8.467000  0.529000
    -1.588000  8.731000  0.529000
    -1.588000  8.996000  0.529000
    -1.588000  9.261000  0.529000
    -1.588000  9.525000  0.529000
    -1.588000  9.790000  0.529000
    -1.588000  10.054000  0.529000
    -1.588000  10.319000  0.529000
    -1.588000  10.584000  0.529000
    -1.323000 -10.584000  0.529000
    -1.323000 -10.319000  0.529000
    -1.323000 -10.054000  0.529000
    -1.323000 -9.790000  0.529000
    -1.323000 -9.525000  0.529000
    -1.323000 -9.261000  0.529000
    -1.323000 -8.996000  0.529000
    -1.323000 -8.731000  0.529000
    -1.323000 -8.467000  0.529000
    -1.323000 -8.202000  0.529000
    -1.323000 -7.938000  0.529000
    -1.323000 -7.673000  0.529000
    -1.323000 -7.408000  0.529000
    -1.323000 -7.144000  0.529000
    -1.323000 -6.879000  0.529000
    -1.323000 -6.615000  0.529000
    -1.323000 -6.350000  0.529000
    -1.323000 -6.086000  0.529000
    -1.323000 -5.821000  0.529000
    -1.323000 -5.556000  0.529000
    -1.323000 -5.292000  0.529000
    -1.323000 -5.027000  0.529000
    -1.323000 -4.763000  0.529000
    -1.323000 -4.498000  0.529000
    -1.323000 -4.233000  0.529000
    -1.323000 -3.969000  0.529000
    -1.323000 -3.704000  0.529000
    -1.323000 -3.440000  0.529000
    -1.323000 -3.175000  0.529000
    -1.323000 -2.910000  0.529000
    -1.323000 -2.646000  0.529000
    -1.323000 -2.381000  0.529000
    -1.323000 -2.117000  0.529000
    -1.323000 -1.852000  0.529000
    -1.323000 -1.588000  0.529000
    -1.323000 -1.323000  0.529000
    -1.323000 -1.058000  0.529000
    -1.323000 -0.794000  0.529000
    -1.323000 -0.529000  0.529000
    -1.323000 -0.265000  0.529000
    -1.323000  0.000000  0.529000
    -1.323000  0.265000  0.529000
    -1.323000  0.529000  0.529000
    -1.323000  0.794000  0.529000
    -1.323000  1.058000  0.529000
    -1.323000  1.323000  0.529000
    -1.323000  1.588000  0.529000
    -1.323000  1.852000  0.529000
    -1.323000  2.117000  0.529000
    -1.323000  2.381000  0.529000
    -1.323000  2.646000  0.529000
    -1.323000  2.910000  0.529000
    -1.323000  3.175000  0.529000
    -1.323000  3.440000  0.529000
    -1.323000  3.704000  0.529000
    -1.323000  3.969000  0.529000
    -1.323000  4.233000  0.529000
    -1.323000  4.498000  0.529000
    -1.323000  4.763000  0.529000
    -1.323000  5.027000  0.529000
    -1.323000  5.292000  0.529000
    -1.323000  5.556000  0.529000
    -1.323000  5.821000  0.529000
    -1.323000  6.086000  0.529000
    -1.323000  6.350000  0.529000
    -1.323000  6.615000  0.529000
    -1.323000  6.879000  0.529000
    -1.323000  7.144000  0.529000
    -1.323000  7.408000  0.529000
    -1.323000  7.673000  0.529000
    -1.323000  7.938000  0.529000
    -1.323000  8.202000  0.529000
    -1.323000  8.467000  0.529000
    -1.323000  8.731000  0.529000
    -1.323000  8.996000  0.529000
    -1.323000  9.261000  0.529000
    -1.323000  9.525000  0.529000
    -1.323000  9.790000  0.529000
    -1.323000  10.054000  0.529000
    -1.323000  10.319000  0.529000
    -1.323000  10.584000  0.529000
    -1.058000 -10.584000  0.529000
    -1.058000 -10.319000  0.529000
    -1.058000 -10.054000  0.529000
    -1.058000 -9.790000  0.529000
    -1.058000 -9.525000  0.529000
    -1.058000 -9.261000  0.529000
    -1.058000 -8.996000  0.529000
    -1.058000 -8.731000  0.529000
    -1.058000 -8.467000  0.529000
    -1.058000 -8.202000  0.529000
    -1.058000 -7.938000  0.529000
    -1.058000 -7.673000  0.529000
    -1.058000 -7.408000  0.529000
    -1.058000 -7.144000  0.529000
    -1.058000 -6.879000  0.529000
    -1.058000 -6.615000  0.529000
    -1.058000 -6.350000  0.529000
    -1.058000 -6.086000  0.529000
    -1.058000 -5.821000  0.529000
    -1.058000 -5.556000  0.529000
    -1.058000 -5.292000  0.529000
    -1.058000 -5.027000  0.529000
    -1.058000 -4.763000  0.529000
    -1.058000 -4.498000  0.529000
    -1.058000 -4.233000  0.529000
    -1.058000 -3.969000  0.529000
    -1.058000 -3.704000  0.529000
    -1.058000 -3.440000  0.529000
    -1.058000 -3.175000  0.529000
    -1.058000 -2.910000  0.529000
    -1.058000 -2.646000  0.529000
    -1.058000 -2.381000  0.529000
    -1.058000 -2.117000  0.529000
    -1.058000 -1.852000  0.529000
    -1.058000 -1.588000  0.529000
    -1.058000 -1.323000  0.529000
    -1.058000 -1.058000  0.529000
    -1.058000 -0.794000  0.529000
    -1.058000 -0.529000  0.529000
    -1.058000 -0.265000  0.529000
    -1.058000  0.000000  0.529000
    -1.058000  0.265000  0.529000
    -1.058000  0.529000  0.529000
    -1.058000  0.794000  0.529000
    -1.058000  1.058000  0.529000
    -1.058000  1.323000  0.529000
    -1.058000  1.588000  0.529000
    -1.058000  1.852000  0.529000
    -1.058000  2.117000  0.529000
    -1.058000  2.381000  0.529000
    -1.058000  2.646000  0.529000
    -1.058000  2.910000  0.529000
    -1.058000  3.175000  0.529000
    -1.058000  3.440000  0.529000
    -1.058000  3.704000  0.529000
    -1.058000  3.969000  0.529000
    -1.058000  4.233000  0.529000
    -1.058000  4.498000  0.529000
    -1.058000  4.763000  0.529000
    -1.058000  5.027000  0.529000
    -1.058000  5.292000  0.529000
    -1.058000  5.556000  0.529000
    -1.058000  5.821000  0.529000
    -1.058000  6.086000  0.529000
    -1.058000  6.350000  0.529000
    -1.058000  6.615000  0.529000
    -1.058000  6.879000  0.529000
    -1.058000  7.144000  0.529000
    -1.058000  7.408000  0.529000
    -1.058000  7.673000  0.529000
    -1.058000  7.938000  0.529000
    -1.058000  8.202000  0.529000
    -1.058000  8.467000  0.529000
    -1.058000  8.731000  0.529000
    -1.058000  8.996000  0.529000
    -1.058000  9.261000  0.529000
    -1.058000  9.525000  0.529000
    -1.058000  9.790000  0.529000
    -1.058000  10.054000  0.529000
    -1.058000  10.319000  0.529000
    -1.058000  10.584000  0.529000
    -0.794000 -10.584000  0.529000
    -0.794000 -10.319000  0.529000
    -0.794000 -10.054000  0.529000
    -0.794000 -9.790000  0.529000
    -0.794000 -9.525000  0.529000
    -0.794000 -9.261000  0.529000
    -0.794000 -8.996000  0.529000
    -0.794000 -8.731000  0.529000
    -0.794000 -8.467000  0.529000
    -0.794000 -8.202000  0.529000
    -0.794000 -7.938000  0.529000
    -0.794000 -7.673000  0.529000
    -0.794000 -7.408000  0.529000
    -0.794000 -7.144000  0.529000
    -0.794000 -6.879000  0.529000
    -0.794000 -6.615000  0.529000
    -0.794000 -6.350000  0.529000
    -0.794000 -6.086000  0.529000
    -0.794000 -5.821000  0.529000
    -0.794000 -5.556000  0.529000
    -0.794000 -5.292000  0.529000
    -0.794000 -5.027000  0.529000
    -0.794000 -4.763000  0.529000
    -0.794000 -4.498000  0.529000
    -0.794000 -4.233000  0.529000
    -0.794000 -3.969000  0.529000
    -0.794000 -3.704000  0.529000
    -0.794000 -3.440000  0.529000
    -0.794000 -3.175000  0.529000
    -0.794000 -2.910000  0.529000
    -0.794000 -2.646000  0.529000
    -0.794000 -2.381000  0.529000
    -0.794000 -2.117000  0.529000
    -0.794000 -1.852000  0.529000
    -0.794000 -1.588000  0.529000
    -0.794000 -1.323000  0.529000
    -0.794000 -1.058000  0.529000
    -0.794000 -0.794000  0.529000
    -0.794000 -0.529000  0.529000
    -0.794000 -0.265000  0.529000
    -0.794000  0.000000  0.529000
    -0.794000  0.265000  0.529000
    -0.794000  0.529000  0.529000
    -0.794000  0.794000  0.529000
    -0.794000  1.058000  0.529000
    -0.794000  1.323000  0.529000
    -0.794000  1.588000  0.529000
    -0.794000  1.852000  0.529000
    -0.794000  2.117000  0.529000
    -0.794000  2.381000  0.529000
    -0.794000  2.646000  0.529000
    -0.794000  2.910000  0.529000
    -0.794000  3.175000  0.529000
    -0.794000  3.440000  0.529000
    -0.794000  3.704000  0.529000
    -0.794000  3.969000  0.529000
    -0.794000  4.233000  0.529000
    -0.794000  4.498000  0.529000
    -0.794000  4.763000  0.529000
    -0.794000  5.027000  0.529000
    -0.794000  5.292000  0.529000
    -0.794000  5.556000  0.529000
    -0.794000  5.821000  0.529000
    -0.794000  6.086000  0.529000
    -0.794000  6.350000  0.529000
    -0.794000  6.615000  0.529000
    -0.794000  6.879000  0.529000
    -0.794000  7.144000  0.529000
    -0.794000  7.408000  0.529000
    -0.794000  7.673000  0.529000
    -0.794000  7.938000  0.529000
    -0.794000  8.202000  0.529000
    -0.794000  8.467000  0.529000
    -0.794000  8.731000  0.529000
    -0.794000  8.996000  0.529000
    -0.794000  9.261000  0.529000
    -0.794000  9.525000  0.529000
    -0.794000  9.790000  0.529000
    -0.794000  10.054000  0.529000
    -0.794000  10.319000  0.529000
    -0.794000  10.584000  0.529000
    -0.529000 -10.584000  0.529000
    -0.529000 -10.319000  0.529000
    -0.529000 -10.054000  0.529000
    -0.529000 -9.790000  0.529000
    -0.529000 -9.525000  0.529000
    -0.529000 -9.261000  0.529000
    -0.529000 -8.996000  0.529000
    -0.529000 -8.731000  0.529000
    -0.529000 -8.467000  0.529000
    -0.529000 -8.202000  0.529000
    -0.529000 -7.938000  0.529000
    -0.529000 -7.673000  0.529000
    -0.529000 -7.408000  0.529000
    -0.529000 -7.144000  0.529000
    -0.529000 -6.879000  0.529000
    -0.529000 -6.615000  0.529000
    -0.529000 -6.350000  0.529000
    -0.529000 -6.086000  0.529000
    -0.529000 -5.821000  0.529000
    -0.529000 -5.556000  0.529000
    -0.529000 -5.292000  0.529000
    -0.529000 -5.027000  0.529000
    -0.529000 -4.763000  0.529000
    -0.529000 -4.498000  0.529000
    -0.529000 -4.233000  0.529000
    -0.529000 -3.969000  0.529000
    -0.529000 -3.704000  0.529000
    -0.529000 -3.440000  0.529000
    -0.529000 -3.175000  0.529000
    -0.529000 -2.910000  0.529000
    -0.529000 -2.646000  0.529000
    -0.529000 -2.381000  0.529000
    -0.529000 -2.117000  0.529000
    -0.529000 -1.852000  0.529000
    -0.529000 -1.588000  0.529000
    -0.529000 -1.323000  0.529000
    -0.529000 -1.058000  0.529000
    -0.529000 -0.794000  0.529000
    -0.529000 -0.529000  0.529000
    -0.529000 -0.265000  0.529000
    -0.529000  0.000000  0.529000
    -0.529000  0.265000  0.529000
    -0.529000  0.529000  0.529000
    -0.529000  0.794000  0.529000
    -0.529000  1.058000  0.529000
    -0.529000  1.323000  0.529000
    -0.529000  1.588000  0.529000
    -0.529000  1.852000  0.529000
    -0.529000  2.117000  0.529000
    -0.529000  2.381000  0.529000
    -0.529000  2.646000  0.529000
    -0.529000  2.910000  0.529000
    -0.529000  3.175000  0.529000
    -0.529000  3.440000  0.529000
    -0.529000  3.704000  0.529000
    -0.529000  3.969000  0.529000
    -0.529000  4.233000  0.529000
    -0.529000  4.498000  0.529000
    -0.529000  4.763000  0.529000
    -0.529000  5.027000  0.529000
    -0.529000  5.292000  0.529000
    -0.529000  5.556000  0.529000
    -0.529000  5.821000  0.529000
    -0.529000  6.086000  0.529000
    -0.529000  6.350000  0.529000
    -0.529000  6.615000  0.529000
    -0.529000  6.879000  0.529000
    -0.529000  7.144000  0.529000
    -0.529000  7.408000  0.529000
    -0.529000  7.673000  0.529000
    -0.529000  7.938000  0.529000
    -0.529000  8.202000  0.529000
    -0.529000  8.467000  0.529000
    -0.529000  8.731000  0.529000
    -0.529000  8.996000  0.529000
    -0.529000  9.261000  0.529000
    -0.529000  9.525000  0.529000
    -0.529000  9.790000  0.529000
    -0.529000  10.054000  0.529000
    -0.529000  10.319000  0.529000
    -0.529000  10.584000  0.529000
    -0.265000 -10.584000  0.529000
    -0.265000 -10.319000  0.529000
    -0.265000 -10.054000  0.529000
    -0.265000 -9.790000  0.529000
    -0.265000 -9.525000  0.529000
    -0.265000 -9.261000  0.529000
    -0.265000 -8.996000  0.529000
    -0.265000 -8.731000  0.529000
    -0.265000 -8.467000  0.529000
    -0.265000 -8.202000  0.529000
    -0.265000 -7.938000  0.529000
    -0.265000 -7.673000  0.529000
    -0.265000 -7.408000  0.529000
    -0.265000 -7.144000  0.529000
    -0.265000 -6.879000  0.529000
    -0.265000 -6.615000  0.529000
    -0.265000 -6.350000  0.529000
    -0.265000 -6.086000  0.529000
    -0.265000 -5.821000  0.529000
    -0.265000 -5.556000  0.529000
    -0.265000 -5.292000  0.529000
    -0.265000 -5.027000  0.529000
    -0.265000 -4.763000  0.529000
    -0.265000 -4.498000  0.529000
    -0.265000 -4.233000  0.529000
    -0.265000 -3.969000  0.529000
    -0.265000 -3.704000  0.529000
    -0.265000 -3.440000  0.529000
    -0.265000 -3.175000  0.529000
    -0.265000 -2.910000  0.529000
    -0.265000 -2.646000  0.529000
    -0.265000 -2.381000  0.529000
    -0.265000 -2.117000  0.529000
    -0.265000 -1.852000  0.529000
    -0.265000 -1.588000  0.529000
    -0.265000 -1.323000  0.529000
    -0.265000 -1.058000  0.529000
    -0.265000 -0.794000  0.529000
    -0.265000 -0.529000  0.529000
    -0.265000 -0.265000  0.529000
    -0.265000  0.000000  0.529000
    -0.265000  0.265000  0.529000
    -0.265000  0.529000  0.529000
    -0.265000  0.794000  0.529000
    -0.265000  1.058000  0.529000
    -0.265000  1.323000  0.529000
    -0.265000  1.588000  0.529000
    -0.265000  1.852000  0.529000
    -0.265000  2.117000  0.529000
    -0.265000  2.381000  0.529000
    -0.265000  2.646000  0.529000
    -0.265000  2.910000  0.529000
    -0.265000  3.175000  0.529000
    -0.265000  3.440000  0.529000
    -0.265000  3.704000  0.529000
    -0.265000  3.969000  0.529000
    -0.265000  4.233000  0.529000
    -0.265000  4.498000  0.529000
    -0.265000  4.763000  0.529000
    -0.265000  5.027000  0.529000
    -0.265000  5.292000  0.529000
    -0.265000  5.556000  0.529000
    -0.265000  5.821000  0.529000
    -0.265000  6.086000  0.529000
    -0.265000  6.350000  0.529000
    -0.265000  6.615000  0.529000
    -0.265000  6.879000  0.529000
    -0.265000  7.144000  0.529000
    -0.265000  7.408000  0.529000
    -0.265000  7.673000  0.529000
    -0.265000  7.938000  0.529000
    -0.265000  8.202000  0.529000
    -0.265000  8.467000  0.529000
    -0.265000  8.731000  0.529000
    -0.265000  8.996000  0.529000
    -0.265000  9.261000  0.529000
    -0.265000  9.525000  0.529000
    -0.265000  9.790000  0.529000
    -0.265000  10.054000  0.529000
    -0.265000  10.319000  0.529000
    -0.265000  10.584000  0.529000
     0.000000 -10.584000  0.529000
     0.000000 -10.319000  0.529000
     0.000000 -10.054000  0.529000
     0.000000 -9.790000  0.529000
     0.000000 -9.525000  0.529000
     0.000000 -9.261000  0.529000
     0.000000 -8.996000  0.529000
     0.000000 -8.731000  0.529000
     0.000000 -8.467000  0.529000
     0.000000 -8.202000  0.529000
     0.000000 -7.938000  0.529000
     0.000000 -7.673000  0.529000
     0.000000 -7.408000  0.529000
     0.000000 -7.144000  0.529000
     0.000000 -6.879000  0.529000
     0.000000 -6.615000  0.529000
     0.000000 -6.350000  0.529000
     0.000000 -6.086000  0.529000
     0.000000 -5.821000  0.529000
     0.000000 -5.556000  0.529000
     0.000000 -5.292000  0.529000
     0.000000 -5.027000  0.529000
     0.000000 -4.763000  0.529000
     0.000000 -4.498000  0.529000
     0.000000 -4.233000  0.529000
     0.000000 -3.969000  0.529000
     0.000000 -3.704000  0.529000
     0.000000 -3.440000  0.529000
     0.000000 -3.175000  0.529000
     0.000000 -2.910000  0.529000
     0.000000 -2.646000  0.529000
     0.000000 -2.381000  0.529000
     0.000000 -2.117000  0.529000
     0.000000 -1.852000  0.529000
     0.000000 -1.588000  0.529000
     0.000000 -1.323000  0.529000
     0.000000 -1.058000  0.529000
     0.000000 -0.794000  0.529000
     0.000000 -0.529000  0.529000
     0.000000 -0.265000  0.529000
     0.000000  0.000000  0.529000
     0.000000  0.265000  0.529000
     0.000000  0.529000  0.529000
     0.000000  0.794000  0.529000
     0.000000  1.058000  0.529000
     0.000000  1.323000  0.529000
     0.000000  1.588000  0.529000
     0.000000  1.852000  0.529000
     0.000000  2.117000  0.529000
     0.000000  2.381000  0.529000
     0.000000  2.646000  0.529000
     0.000000  2.910000  0.529000
     0.000000  3.175000  0.529000
     0.000000  3.440000  0.529000
     0.000000  3.704000  0.529000
     0.000000  3.969000  0.529000
     0.000000  4.233000  0.529000
     0.000000  4.498000  0.529000
     0.000000  4.763000  0.529000
     0.000000  5.027000  0.529000
     0.000000  5.292000  0.529000
     0.000000  5.556000  0.529000
     0.000000  5.821000  0.529000
     0.000000  6.086000  0.529000
     0.000000  6.350000  0.529000
     0.000000  6.615000  0.529000
     0.000000  6.879000  0.529000
     0.000000  7.144000  0.529000
     0.000000  7.408000  0.529000
     0.000000  7.673000  0.529000
     0.000000  7.938000  0.529000
     0.000000  8.202000  0.529000
     0.000000  8.467000  0.529000
     0.000000  8.731000  0.529000
     0.000000  8.996000  0.529000
     0.000000  9.261000  0.529000
     0.000000  9.525000  0.529000
     0.000000  9.790000  0.529000
     0.000000  10.054000  0.529000
     0.000000  10.319000  0.529000
     0.000000  10.584000  0.529000
     0.265000 -10.584000  0.529000
     0.265000 -10.319000  0.529000
     0.265000 -10.054000  0.529000
     0.265000 -9.790000  0.529000
     0.265000 -9.525000  0.529000
     0.265000 -9.261000  0.529000
     0.265000 -8.996000  0.529000
     0.265000 -8.731000  0.529000
     0.265000 -8.467000  0.529000
     0.265000 -8.202000  0.529000
     0.265000 -7.938000  0.529000
     0.265000 -7.673000  0.529000
     0.265000 -7.408000  0.529000
     0.265000 -7.144000  0.529000
     0.265000 -6.879000  0.529000
     0.265000 -6.615000  0.529000
     0.265000 -6.350000  0.529000
     0.265000 -6.086000  0.529000
     0.265000 -5.821000  0.529000
     0.265000 -5.556000  0.529000
     0.265000 -5.292000  0.529000
     0.265000 -5.027000  0.529000
     0.265000 -4.763000  0.529000
     0.265000 -4.498000  0.529000
     0.265000 -4.233000  0.529000
     0.265000 -3.969000  0.529000
     0.265000 -3.704000  0.529000
     0.265000 -3.440000  0.529000
     0.265000 -3.175000  0.529000
     0.265000 -2.910000  0.529000
     0.265000 -2.646000  0.529000
     0.265000 -2.381000  0.529000
     0.265000 -2.117000  0.529000
     0.265000 -1.852000  0.529000
     0.265000 -1.588000  0.529000
     0.265000 -1.323000  0.529000
     0.265000 -1.058000  0.529000
     0.265000 -0.794000  0.529000
     0.265000 -0.529000  0.529000
     0.265000 -0.265000  0.529000
     0.265000  0.000000  0.529000
     0.265000  0.265000  0.529000
     0.265000  0.529000  0.529000
     0.265000  0.794000  0.529000
     0.265000  1.058000  0.529000
     0.265000  1.323000  0.529000
     0.265000  1.588000  0.529000
     0.265000  1.852000  0.529000
     0.265000  2.117000  0.529000
     0.265000  2.381000  0.529000
     0.265000  2.646000  0.529000
     0.265000  2.910000  0.529000
     0.265000  3.175000  0.529000
     0.265000  3.440000  0.529000
     0.265000  3.704000  0.529000
     0.265000  3.969000  0.529000
     0.265000  4.233000  0.529000
     0.265000  4.498000  0.529000
     0.265000  4.763000  0.529000
     0.265000  5.027000  0.529000
     0.265000  5.292000  0.529000
     0.265000  5.556000  0.529000
     0.265000  5.821000  0.529000
     0.265000  6.086000  0.529000
     0.265000  6.350000  0.529000
     0.265000  6.615000  0.529000
     0.265000  6.879000  0.529000
     0.265000  7.144000  0.529000
     0.265000  7.408000  0.529000
     0.265000  7.673000  0.529000
     0.265000  7.938000  0.529000
     0.265000  8.202000  0.529000
     0.265000  8.467000  0.529000
     0.265000  8.731000  0.529000
     0.265000  8.996000  0.529000
     0.265000  9.261000  0.529000
     0.265000  9.525000  0.529000
     0.265000  9.790000  0.529000
     0.265000  10.054000  0.529000
     0.265000  10.319000  0.529000
     0.265000  10.584000  0.529000
     0.529000 -10.584000  0.529000
     0.529000 -10.319000  0.529000
     0.529000 -10.054000  0.529000
     0.529000 -9.790000  0.529000
     0.529000 -9.525000  0.529000
     0.529000 -9.261000  0.529000
     0.529000 -8.996000  0.529000
     0.529000 -8.731000  0.529000
     0.529000 -8.467000  0.529000
     0.529000 -8.202000  0.529000
     0.529000 -7.938000  0.529000
     0.529000 -7.673000  0.529000
     0.529000 -7.408000  0.529000
     0.529000 -7.144000  0.529000
     0.529000 -6.879000  0.529000
     0.529000 -6.615000  0.529000
     0.529000 -6.350000  0.529000
     0.529000 -6.086000  0.529000
     0.529000 -5.821000  0.529000
     0.529000 -5.556000  0.529000
     0.529000 -5.292000  0.529000
     0.529000 -5.027000  0.529000
     0.529000 -4.763000  0.529000
     0.529000 -4.498000  0.529000
     0.529000 -4.233000  0.529000
     0.529000 -3.969000  0.529000
     0.529000 -3.704000  0.529000
     0.529000 -3.440000  0.529000
     0.529000 -3.175000  0.529000
     0.529000 -2.910000  0.529000
     0.529000 -2.646000  0.529000
     0.529000 -2.381000  0.529000
     0.529000 -2.117000  0.529000
     0.529000 -1.852000  0.529000
     0.529000 -1.588000  0.529000
     0.529000 -1.323000  0.529000
     0.529000 -1.058000  0.529000
     0.529000 -0.794000  0.529000
     0.529000 -0.529000  0.529000
     0.529000 -0.265000  0.529000
     0.529000  0.000000  0.529000
     0.529000  0.265000  0.529000
     0.529000  0.529000  0.529000
     0.529000  0.794000  0.529000
     0.529000  1.058000  0.529000
     0.529000  1.323000  0.529000
     0.529000  1.588000  0.529000
     0.529000  1.852000  0.529000
     0.529000  2.117000  0.529000
     0.529000  2.381000  0.529000
     0.529000  2.646000  0.529000
     0.529000  2.910000  0.529000
     0.529000  3.175000  0.529000
     0.529000  3.440000  0.529000
     0.529000  3.704000  0.529000
     0.529000  3.969000  0.529000
     0.529000  4.233000  0.529000
     0.529000  4.498000  0.529000
     0.529000  4.763000  0.529000
     0.529000  5.027000  0.529000
     0.529000  5.292000  0.529000
     0.529000  5.556000  0.529000
     0.529000  5.821000  0.529000
     0.529000  6.086000  0.529000
     0.529000  6.350000  0.529000
     0.529000  6.615000  0.529000
     0.529000  6.879000  0.529000
     0.529000  7.144000  0.529000
     0.529000  7.408000  0.529000
     0.529000  7.673000  0.529000
     0.529000  7.938000  0.529000
     0.529000  8.202000  0.529000
     0.529000  8.467000  0.529000
     0.529000  8.731000  0.529000
     0.529000  8.996000  0.529000
     0.529000  9.261000  0.529000
     0.529000  9.525000  0.529000
     0.529000  9.790000  0.529000
     0.529000  10.054000  0.529000
     0.529000  10.319000  0.529000
     0.529000  10.584000  0.529000
     0.794000 -10.584000  0.529000
     0.794000 -10.319000  0.529000
     0.794000 -10.054000  0.529000
     0.794000 -9.790000  0.529000
     0.794000 -9.525000  0.529000
     0.794000 -9.261000  0.529000
     0.794000 -8.996000  0.529000
     0.794000 -8.731000  0.529000
     0.794000 -8.467000  0.529000
     0.794000 -8.202000  0.529000
     0.794000 -7.938000  0.529000
     0.794000 -7.673000  0.529000
     0.794000 -7.408000  0.529000
     0.794000 -7.144000  0.529000
     0.794000 -6.879000  0.529000
     0.794000 -6.615000  0.529000
     0.794000 -6.350000  0.529000
     0.794000 -6.086000  0.529000
     0.794000 -5.821000  0.529000
     0.794000 -5.556000  0.529000
     0.794000 -5.292000  0.529000
     0.794000 -5.027000  0.529000
     0.794000 -4.763000  0.529000
     0.794000 -4.498000  0.529000
     0.794000 -4.233000  0.529000
     0.794000 -3.969000  0.529000
     0.794000 -3.704000  0.529000
     0.794000 -3.440000  0.529000
     0.794000 -3.175000  0.529000
     0.794000 -2.910000  0.529000
     0.794000 -2.646000  0.529000
     0.794000 -2.381000  0.529000
     0.794000 -2.117000  0.529000
     0.794000 -1.852000  0.529000
     0.794000 -1.588000  0.529000
     0.794000 -1.323000  0.529000
     0.794000 -1.058000  0.529000
     0.794000 -0.794000  0.529000
     0.794000 -0.529000  0.529000
     0.794000 -0.265000  0.529000
     0.794000  0.000000  0.529000
     0.794000  0.265000  0.529000
     0.794000  0.529000  0.529000
     0.794000  0.794000  0.529000
     0.794000  1.058000  0.529000
     0.794000  1.323000  0.529000
     0.794000  1.588000  0.529000
     0.794000  1.852000  0.529000
     0.794000  2.117000  0.529000
     0.794000  2.381000  0.529000
     0.794000  2.646000  0.529000
     0.794000  2.910000  0.529000
     0.794000  3.175000  0.529000
     0.794000  3.440000  0.529000
     0.794000  3.704000  0.529000
     0.794000  3.969000  0.529000
     0.794000  4.233000  0.529000
     0.794000  4.498000  0.529000
     0.794000  4.763000  0.529000
     0.794000  5.027000  0.529000
     0.794000  5.292000  0.529000
     0.794000  5.556000  0.529000
     0.794000  5.821000  0.529000
     0.794000  6.086000  0.529000
     0.794000  6.350000  0.529000
     0.794000  6.615000  0.529000
     0.794000  6.879000  0.529000
     0.794000  7.144000  0.529000
     0.794000  7.408000  0.529000
     0.794000  7.673000  0.529000
     0.794000  7.938000  0.529000
     0.794000  8.202000  0.529000
     0.794000  8.467000  0.529000
     0.794000  8.731000  0.529000
     0.794000  8.996000  0.529000
     0.794000  9.261000  0.529000
     0.794000  9.525000  0.529000
     0.794000  9.790000  0.529000
     0.794000  10.054000  0.529000
     0.794000  10.319000  0.529000
     0.794000  10.584000  0.529000
     1.058000 -10.584000  0.529000
     1.058000 -10.319000  0.529000
     1.058000 -10.054000  0.529000
     1.058000 -9.790000  0.529000
     1.058000 -9.525000  0.529000
     1.058000 -9.261000  0.529000
     1.058000 -8.996000  0.529000
     1.058000 -8.731000  0.529000
     1.058000 -8.467000  0.529000
     1.058000 -8.202000  0.529000
     1.058000 -7.938000  0.529000
     1.058000 -7.673000  0.529000
     1.058000 -7.408000  0.529000
     1.058000 -7.144000  0.529000
     1.058000 -6.879000  0.529000
     1.058000 -6.615000  0.529000
     1.058000 -6.350000  0.529000
     1.058000 -6.086000  0.529000
     1.058000 -5.821000  0.529000
     1.058000 -5.556000  0.529000
     1.058000 -5.292000  0.529000
     1.058000 -5.027000  0.529000
     1.058000 -4.763000  0.529000
     1.058000 -4.498000  0.529000
     1.058000 -4.233000  0.529000
     1.058000 -3.969000  0.529000
     1.058000 -3.704000  0.529000
     1.058000 -3.440000  0.529000
     1.058000 -3.175000  0.529000
     1.058000 -2.910000  0.529000
     1.058000 -2.646000  0.529000
     1.058000 -2.381000  0.529000
     1.058000 -2.117000  0.529000
     1.058000 -1.852000  0.529000
     1.058000 -1.588000  0.529000
     1.058000 -1.323000  0.529000
     1.058000 -1.058000  0.529000
     1.058000 -0.794000  0.529000
     1.058000 -0.529000  0.529000
     1.058000 -0.265000  0.529000
     1.058000  0.000000  0.529000
     1.058000  0.265000  0.529000
     1.058000  0.529000  0.529000
     1.058000  0.794000  0.529000
     1.058000  1.058000  0.529000
     1.058000  1.323000  0.529000
     1.058000  1.588000  0.529000
     1.058000  1.852000  0.529000
     1.058000  2.117000  0.529000
     1.058000  2.381000  0.529000
     1.058000  2.646000  0.529000
     1.058000  2.910000  0.529000
     1.058000  3.175000  0.529000
     1.058000  3.440000  0.529000
     1.058000  3.704000  0.529000
     1.058000  3.969000  0.529000
     1.058000  4.233000  0.529000
     1.058000  4.498000  0.529000
     1.058000  4.763000  0.529000
     1.058000  5.027000  0.529000
     1.058000  5.292000  0.529000
     1.058000  5.556000  0.529000
     1.058000  5.821000  0.529000
     1.058000  6.086000  0.529000
     1.058000  6.350000  0.529000
     1.058000  6.615000  0.529000
     1.058000  6.879000  0.529000
     1.058000  7.144000  0.529000
     1.058000  7.408000  0.529000
     1.058000  7.673000  0.529000
     1.058000  7.938000  0.529000
     1.058000  8.202000  0.529000
     1.058000  8.467000  0.529000
     1.058000  8.731000  0.529000
     1.058000  8.996000  0.529000
     1.058000  9.261000  0.529000
     1.058000  9.525000  0.529000
     1.058000  9.790000  0.529000
     1.058000  10.054000  0.529000
     1.058000  10.319000  0.529000
     1.058000  10.584000  0.529000
     1.323000 -10.584000  0.529000
     1.323000 -10.319000  0.529000
     1.323000 -10.054000  0.529000
     1.323000 -9.790000  0.529000
     1.323000 -9.525000  0.529000
     1.323000 -9.261000  0.529000
     1.323000 -8.996000  0.529000
     1.323000 -8.731000  0.529000
     1.323000 -8.467000  0.529000
     1.323000 -8.202000  0.529000
     1.323000 -7.938000  0.529000
     1.323000 -7.673000  0.529000
     1.323000 -7.408000  0.529000
     1.323000 -7.144000  0.529000
     1.323000 -6.879000  0.529000
     1.323000 -6.615000  0.529000
     1.323000 -6.350000  0.529000
     1.323000 -6.086000  0.529000
     1.323000 -5.821000  0.529000
     1.323000 -5.556000  0.529000
     1.323000 -5.292000  0.529000
     1.323000 -5.027000  0.529000
     1.323000 -4.763000  0.529000
     1.323000 -4.498000  0.529000
     1.323000 -4.233000  0.529000
     1.323000 -3.969000  0.529000
     1.323000 -3.704000  0.529000
     1.323000 -3.440000  0.529000
     1.323000 -3.175000  0.529000
     1.323000 -2.910000  0.529000
     1.323000 -2.646000  0.529000
     1.323000 -2.381000  0.529000
     1.323000 -2.117000  0.529000
     1.323000 -1.852000  0.529000
     1.323000 -1.588000  0.529000
     1.323000 -1.323000  0.529000
     1.323000 -1.058000  0.529000
     1.323000 -0.794000  0.529000
     1.323000 -0.529000  0.529000
     1.323000 -0.265000  0.529000
     1.323000  0.000000  0.529000
     1.323000  0.265000  0.529000
     1.323000  0.529000  0.529000
     1.323000  0.794000  0.529000
     1.323000  1.058000  0.529000
     1.323000  1.323000  0.529000
     1.323000  1.588000  0.529000
     1.323000  1.852000  0.529000
     1.323000  2.117000  0.529000
     1.323000  2.381000  0.529000
     1.323000  2.646000  0.529000
     1.323000  2.910000  0.529000
     1.323000  3.175000  0.529000
     1.323000  3.440000  0.529000
     1.323000  3.704000  0.529000
     1.323000  3.969000  0.529000
     1.323000  4.233000  0.529000
     1.323000  4.498000  0.529000
     1.323000  4.763000  0.529000
     1.323000  5.027000  0.529000
     1.323000  5.292000  0.529000
     1.323000  5.556000  0.529000
     1.323000  5.821000  0.529000
     1.323000  6.086000  0.529000
     1.323000  6.350000  0.529000
     1.323000  6.615000  0.529000
     1.323000  6.879000  0.529000
     1.323000  7.144000  0.529000
     1.323000  7.408000  0.529000
     1.323000  7.673000  0.529000
     1.323000  7.938000  0.529000
     1.323000  8.202000  0.529000
     1.323000  8.467000  0.529000
     1.323000  8.731000  0.529000
     1.323000  8.996000  0.529000
     1.323000  9.261000  0.529000
     1.323000  9.525000  0.529000
     1.323000  9.790000  0.529000
     1.323000  10.054000  0.529000
     1.323000  10.319000  0.529000
     1.323000  10.584000  0.529000
     1.588000 -10.584000  0.529000
     1.588000 -10.319000  0.529000
     1.588000 -10.054000  0.529000
     1.588000 -9.790000  0.529000
     1.588000 -9.525000  0.529000
     1.588000 -9.261000  0.529000
     1.588000 -8.996000  0.529000
     1.588000 -8.731000  0.529000
     1.588000 -8.467000  0.529000
     1.588000 -8.202000  0.529000
     1.588000 -7.938000  0.529000
     1.588000 -7.673000  0.529000
     1.588000 -7.408000  0.529000
     1.588000 -7.144000  0.529000
     1.588000 -6.879000  0.529000
     1.588000 -6.615000  0.529000
     1.588000 -6.350000  0.529000
     1.588000 -6.086000  0.529000
     1.588000 -5.821000  0.529000
     1.588000 -5.556000  0.529000
     1.588000 -5.292000  0.529000
     1.588000 -5.027000  0.529000
     1.588000 -4.763000  0.529000
     1.588000 -4.498000  0.529000
     1.588000 -4.233000  0.529000
     1.588000 -3.969000  0.529000
     1.588000 -3.704000  0.529000
     1.588000 -3.440000  0.529000
     1.588000 -3.175000  0.529000
     1.588000 -2.910000  0.529000
     1.588000 -2.646000  0.529000
     1.588000 -2.381000  0.529000
     1.588000 -2.117000  0.529000
     1.588000 -1.852000  0.529000
     1.588000 -1.588000  0.529000
     1.588000 -1.323000  0.529000
     1.588000 -1.058000  0.529000
     1.588000 -0.794000  0.529000
     1.588000 -0.529000  0.529000
     1.588000 -0.265000  0.529000
     1.588000  0.000000  0.529000
     1.588000  0.265000  0.529000
     1.588000  0.529000  0.529000
     1.588000  0.794000  0.529000
     1.588000  1.058000  0.529000
     1.588000  1.323000  0.529000
     1.588000  1.588000  0.529000
     1.588000  1.852000  0.529000
     1.588000  2.117000  0.529000
     1.588000  2.381000  0.529000
     1.588000  2.646000  0.529000
     1.588000  2.910000  0.529000
     1.588000  3.175000  0.529000
     1.588000  3.440000  0.529000
     1.588000  3.704000  0.529000
     1.588000  3.969000  0.529000
     1.588000  4.233000  0.529000
     1.588000  4.498000  0.529000
     1.588000  4.763000  0.529000
     1.588000  5.027000  0.529000
     1.588000  5.292000  0.529000
     1.588000  5.556000  0.529000
     1.588000  5.821000  0.529000
     1.588000  6.086000  0.529000
     1.588000  6.350000  0.529000
     1.588000  6.615000  0.529000
     1.588000  6.879000  0.529000
     1.588000  7.144000  0.529000
     1.588000  7.408000  0.529000
     1.588000  7.673000  0.529000
     1.588000  7.938000  0.529000
     1.588000  8.202000  0.529000
     1.588000  8.467000  0.529000
     1.588000  8.731000  0.529000
     1.588000  8.996000  0.529000
     1.588000  9.261000  0.529000
     1.588000  9.525000  0.529000
     1.588000  9.790000  0.529000
     1.588000  10.054000  0.529000
     1.588000  10.319000  0.529000
     1.588000  10.584000  0.529000
     1.852000 -10.584000  0.529000
     1.852000 -10.319000  0.529000
     1.852000 -10.054000  0.529000
     1.852000 -9.790000  0.529000
     1.852000 -9.525000  0.529000
     1.852000 -9.261000  0.529000
     1.852000 -8.996000  0.529000
     1.852000 -8.731000  0.529000
     1.852000 -8.467000  0.529000
     1.852000 -8.202000  0.529000
     1.852000 -7.938000  0.529000
     1.852000 -7.673000  0.529000
     1.852000 -7.408000  0.529000
     1.852000 -7.144000  0.529000
     1.852000 -6.879000  0.529000
     1.852000 -6.615000  0.529000
     1.852000 -6.350000  0.529000
     1.852000 -6.086000  0.529000
     1.852000 -5.821000  0.529000
     1.852000 -5.556000  0.529000
     1.852000 -5.292000  0.529000
     1.852000 -5.027000  0.529000
     1.852000 -4.763000  0.529000
     1.852000 -4.498000  0.529000
     1.852000 -4.233000  0.529000
     1.852000 -3.969000  0.529000
     1.852000 -3.704000  0.529000
     1.852000 -3.440000  0.529000
     1.852000 -3.175000  0.529000
     1.852000 -2.910000  0.529000
     1.852000 -2.646000  0.529000
     1.852000 -2.381000  0.529000
     1.852000 -2.117000  0.529000
     1.852000 -1.852000  0.529000
     1.852000 -1.588000  0.529000
     1.852000 -1.323000  0.529000
     1.852000 -1.058000  0.529000
     1.852000 -0.794000  0.529000
     1.852000 -0.529000  0.529000
     1.852000 -0.265000  0.529000
     1.852000  0.000000  0.529000
     1.852000  0.265000  0.529000
     1.852000  0.529000  0.529000
     1.852000  0.794000  0.529000
     1.852000  1.058000  0.529000
     1.852000  1.323000  0.529000
     1.852000  1.588000  0.529000
     1.852000  1.852000  0.529000
     1.852000  2.117000  0.529000
     1.852000  2.381000  0.529000
     1.852000  2.646000  0.529000
     1.852000  2.910000  0.529000
     1.852000  3.175000  0.529000
     1.852000  3.440000  0.529000
     1.852000  3.704000  0.529000
     1.852000  3.969000  0.529000
     1.852000  4.233000  0.529000
     1.852000  4.498000  0.529000
     1.852000  4.763000  0.529000
     1.852000  5.027000  0.529000
     1.852000  5.292000  0.529000
     1.852000  5.556000  0.529000
     1.852000  5.821000  0.529000
     1.852000  6.086000  0.529000
     1.852000  6.350000  0.529000
     1.852000  6.615000  0.529000
     1.852000  6.879000  0.529000
     1.852000  7.144000  0.529000
     1.852000  7.408000  0.529000
     1.852000  7.673000  0.529000
     1.852000  7.938000  0.529000
     1.852000  8.202000  0.529000
     1.852000  8.467000  0.529000
     1.852000  8.731000  0.529000
     1.852000  8.996000  0.529000
     1.852000  9.261000  0.529000
     1.852000  9.525000  0.529000
     1.852000  9.790000  0.529000
     1.852000  10.054000  0.529000
     1.852000  10.319000  0.529000
     1.852000  10.584000  0.529000
     2.117000 -10.584000  0.529000
     2.117000 -10.319000  0.529000
     2.117000 -10.054000  0.529000
     2.117000 -9.790000  0.529000
     2.117000 -9.525000  0.529000
     2.117000 -9.261000  0.529000
     2.117000 -8.996000  0.529000
     2.117000 -8.731000  0.529000
     2.117000 -8.467000  0.529000
     2.117000 -8.202000  0.529000
     2.117000 -7.938000  0.529000
     2.117000 -7.673000  0.529000
     2.117000 -7.408000  0.529000
     2.117000 -7.144000  0.529000
     2.117000 -6.879000  0.529000
     2.117000 -6.615000  0.529000
     2.117000 -6.350000  0.529000
     2.117000 -6.086000  0.529000
     2.117000 -5.821000  0.529000
     2.117000 -5.556000  0.529000
     2.117000 -5.292000  0.529000
     2.117000 -5.027000  0.529000
     2.117000 -4.763000  0.529000
     2.117000 -4.498000  0.529000
     2.117000 -4.233000  0.529000
     2.117000 -3.969000  0.529000
     2.117000 -3.704000  0.529000
     2.117000 -3.440000  0.529000
     2.117000 -3.175000  0.529000
     2.117000 -2.910000  0.529000
     2.117000 -2.646000  0.529000
     2.117000 -2.381000  0.529000
     2.117000 -2.117000  0.529000
     2.117000 -1.852000  0.529000
     2.117000 -1.588000  0.529000
     2.117000 -1.323000  0.529000
     2.117000 -1.058000  0.529000
     2.117000 -0.794000  0.529000
     2.117000 -0.529000  0.529000
     2.117000 -0.265000  0.529000
     2.117000  0.000000  0.529000
     2.117000  0.265000  0.529000
     2.117000  0.529000  0.529000
     2.117000  0.794000  0.529000
     2.117000  1.058000  0.529000
     2.117000  1.323000  0.529000
     2.117000  1.588000  0.529000
     2.117000  1.852000  0.529000
     2.117000  2.117000  0.529000
     2.117000  2.381000  0.529000
     2.117000  2.646000  0.529000
     2.117000  2.910000  0.529000
     2.117000  3.175000  0.529000
     2.117000  3.440000  0.529000
     2.117000  3.704000  0.529000
     2.117000  3.969000  0.529000
     2.117000  4.233000  0.529000
     2.117000  4.498000  0.529000
     2.117000  4.763000  0.529000
     2.117000  5.027000  0.529000
     2.117000  5.292000  0.529000
     2.117000  5.556000  0.529000
     2.117000  5.821000  0.529000
     2.117000  6.086000  0.529000
     2.117000  6.350000  0.529000
     2.117000  6.615000  0.529000
     2.117000  6.879000  0.529000
     2.117000  7.144000  0.529000
     2.117000  7.408000  0.529000
     2.117000  7.673000  0.529000
     2.117000  7.938000  0.529000
     2.117000  8.202000  0.529000
     2.117000  8.467000  0.529000
     2.117000  8.731000  0.529000
     2.117000  8.996000  0.529000
     2.117000  9.261000  0.529000
     2.117000  9.525000  0.529000
     2.117000  9.790000  0.529000
     2.117000  10.054000  0.529000
     2.117000  10.319000  0.529000
     2.117000  10.584000  0.529000
     2.381000 -10.584000  0.529000
     2.381000 -10.319000  0.529000
     2.381000 -10.054000  0.529000
     2.381000 -9.790000  0.529000
     2.381000 -9.525000  0.529000
     2.381000 -9.261000  0.529000
     2.381000 -8.996000  0.529000
     2.381000 -8.731000  0.529000
     2.381000 -8.467000  0.529000
     2.381000 -8.202000  0.529000
     2.381000 -7.938000  0.529000
     2.381000 -7.673000  0.529000
     2.381000 -7.408000  0.529000
     2.381000 -7.144000  0.529000
     2.381000 -6.879000  0.529000
     2.381000 -6.615000  0.529000
     2.381000 -6.350000  0.529000
     2.381000 -6.086000  0.529000
     2.381000 -5.821000  0.529000
     2.381000 -5.556000  0.529000
     2.381000 -5.292000  0.529000
     2.381000 -5.027000  0.529000
     2.381000 -4.763000  0.529000
     2.381000 -4.498000  0.529000
     2.381000 -4.233000  0.529000
     2.381000 -3.969000  0.529000
     2.381000 -3.704000  0.529000
     2.381000 -3.440000  0.529000
     2.381000 -3.175000  0.529000
     2.381000 -2.910000  0.529000
     2.381000 -2.646000  0.529000
     2.381000 -2.381000  0.529000
     2.381000 -2.117000  0.529000
     2.381000 -1.852000  0.529000
     2.381000 -1.588000  0.529000
     2.381000 -1.323000  0.529000
     2.381000 -1.058000  0.529000
     2.381000 -0.794000  0.529000
     2.381000 -0.529000  0.529000
     2.381000 -0.265000  0.529000
     2.381000  0.000000  0.529000
     2.381000  0.265000  0.529000
     2.381000  0.529000  0.529000
     2.381000  0.794000  0.529000
     2.381000  1.058000  0.529000
     2.381000  1.323000  0.529000
     2.381000  1.588000  0.529000
     2.381000  1.852000  0.529000
     2.381000  2.117000  0.529000
     2.381000  2.381000  0.529000
     2.381000  2.646000  0.529000
     2.381000  2.910000  0.529000
     2.381000  3.175000  0.529000
     2.381000  3.440000  0.529000
     2.381000  3.704000  0.529000
     2.381000  3.969000  0.529000
     2.381000  4.233000  0.529000
     2.381000  4.498000  0.529000
     2.381000  4.763000  0.529000
     2.381000  5.027000  0.529000
     2.381000  5.292000  0.529000
     2.381000  5.556000  0.529000
     2.381000  5.821000  0.529000
     2.381000  6.086000  0.529000
     2.381000  6.350000  0.529000
     2.381000  6.615000  0.529000
     2.381000  6.879000  0.529000
     2.381000  7.144000  0.529000
     2.381000  7.408000  0.529000
     2.381000  7.673000  0.529000
     2.381000  7.938000  0.529000
     2.381000  8.202000  0.529000
     2.381000  8.467000  0.529000
     2.381000  8.731000  0.529000
     2.381000  8.996000  0.529000
     2.381000  9.261000  0.529000
     2.381000  9.525000  0.529000
     2.381000  9.790000  0.529000
     2.381000  10.054000  0.529000
     2.381000  10.319000  0.529000
     2.381000  10.584000  0.529000
     2.646000 -10.584000  0.529000
     2.646000 -10.319000  0.529000
     2.646000 -10.054000  0.529000
     2.646000 -9.790000  0.529000
     2.646000 -9.525000  0.529000
     2.646000 -9.261000  0.529000
     2.646000 -8.996000  0.529000
     2.646000 -8.731000  0.529000
     2.646000 -8.467000  0.529000
     2.646000 -8.202000  0.529000
     2.646000 -7.938000  0.529000
     2.646000 -7.673000  0.529000
     2.646000 -7.408000  0.529000
     2.646000 -7.144000  0.529000
     2.646000 -6.879000  0.529000
     2.646000 -6.615000  0.529000
     2.646000 -6.350000  0.529000
     2.646000 -6.086000  0.529000
     2.646000 -5.821000  0.529000
     2.646000 -5.556000  0.529000
     2.646000 -5.292000  0.529000
     2.646000 -5.027000  0.529000
     2.646000 -4.763000  0.529000
     2.646000 -4.498000  0.529000
     2.646000 -4.233000  0.529000
     2.646000 -3.969000  0.529000
     2.646000 -3.704000  0.529000
     2.646000 -3.440000  0.529000
     2.646000 -3.175000  0.529000
     2.646000 -2.910000  0.529000
     2.646000 -2.646000  0.529000
     2.646000 -2.381000  0.529000
     2.646000 -2.117000  0.529000
     2.646000 -1.852000  0.529000
     2.646000 -1.588000  0.529000
     2.646000 -1.323000  0.529000
     2.646000 -1.058000  0.529000
     2.646000 -0.794000  0.529000
     2.646000 -0.529000  0.529000
     2.646000 -0.265000  0.529000
     2.646000  0.000000  0.529000
     2.646000  0.265000  0.529000
     2.646000  0.529000  0.529000
     2.646000  0.794000  0.529000
     2.646000  1.058000  0.529000
     2.646000  1.323000  0.529000
     2.646000  1.588000  0.529000
     2.646000  1.852000  0.529000
     2.646000  2.117000  0.529000
     2.646000  2.381000  0.529000
     2.646000  2.646000  0.529000
     2.646000  2.910000  0.529000
     2.646000  3.175000  0.529000
     2.646000  3.440000  0.529000
     2.646000  3.704000  0.529000
     2.646000  3.969000  0.529000
     2.646000  4.233000  0.529000
     2.646000  4.498000  0.529000
     2.646000  4.763000  0.529000
     2.646000  5.027000  0.529000
     2.646000  5.292000  0.529000
     2.646000  5.556000  0.529000
     2.646000  5.821000  0.529000
     2.646000  6.086000  0.529000
     2.646000  6.350000  0.529000
     2.646000  6.615000  0.529000
     2.646000  6.879000  0.529000
     2.646000  7.144000  0.529000
     2.646000  7.408000  0.529000
     2.646000  7.673000  0.529000
     2.646000  7.938000  0.529000
     2.646000  8.202000  0.529000
     2.646000  8.467000  0.529000
     2.646000  8.731000  0.529000
     2.646000  8.996000  0.529000
     2.646000  9.261000  0.529000
     2.646000  9.525000  0.529000
     2.646000  9.790000  0.529000
     2.646000  10.054000  0.529000
     2.646000  10.319000  0.529000
     2.646000  10.584000  0.529000
     2.910000 -10.584000  0.529000
     2.910000 -10.319000  0.529000
     2.910000 -10.054000  0.529000
     2.910000 -9.790000  0.529000
     2.910000 -9.525000  0.529000
     2.910000 -9.261000  0.529000
     2.910000 -8.996000  0.529000
     2.910000 -8.731000  0.529000
     2.910000 -8.467000  0.529000
     2.910000 -8.202000  0.529000
     2.910000 -7.938000  0.529000
     2.910000 -7.673000  0.529000
     2.910000 -7.408000  0.529000
     2.910000 -7.144000  0.529000
     2.910000 -6.879000  0.529000
     2.910000 -6.615000  0.529000
     2.910000 -6.350000  0.529000
     2.910000 -6.086000  0.529000
     2.910000 -5.821000  0.529000
     2.910000 -5.556000  0.529000
     2.910000 -5.292000  0.529000
     2.910000 -5.027000  0.529000
     2.910000 -4.763000  0.529000
     2.910000 -4.498000  0.529000
     2.910000 -4.233000  0.529000
     2.910000 -3.969000  0.529000
     2.910000 -3.704000  0.529000
     2.910000 -3.440000  0.529000
     2.910000 -3.175000  0.529000
     2.910000 -2.910000  0.529000
     2.910000 -2.646000  0.529000
     2.910000 -2.381000  0.529000
     2.910000 -2.117000  0.529000
     2.910000 -1.852000  0.529000
     2.910000 -1.588000  0.529000
     2.910000 -1.323000  0.529000
     2.910000 -1.058000  0.529000
     2.910000 -0.794000  0.529000
     2.910000 -0.529000  0.529000
     2.910000 -0.265000  0.529000
     2.910000  0.000000  0.529000
     2.910000  0.265000  0.529000
     2.910000  0.529000  0.529000
     2.910000  0.794000  0.529000
     2.910000  1.058000  0.529000
     2.910000  1.323000  0.529000
     2.910000  1.588000  0.529000
     2.910000  1.852000  0.529000
     2.910000  2.117000  0.529000
     2.910000  2.381000  0.529000
     2.910000  2.646000  0.529000
     2.910000  2.910000  0.529000
     2.910000  3.175000  0.529000
     2.910000  3.440000  0.529000
     2.910000  3.704000  0.529000
     2.910000  3.969000  0.529000
     2.910000  4.233000  0.529000
     2.910000  4.498000  0.529000
     2.910000  4.763000  0.529000
     2.910000  5.027000  0.529000
     2.910000  5.292000  0.529000
     2.910000  5.556000  0.529000
     2.910000  5.821000  0.529000
     2.910000  6.086000  0.529000
     2.910000  6.350000  0.529000
     2.910000  6.615000  0.529000
     2.910000  6.879000  0.529000
     2.910000  7.144000  0.529000
     2.910000  7.408000  0.529000
     2.910000  7.673000  0.529000
     2.910000  7.938000  0.529000
     2.910000  8.202000  0.529000
     2.910000  8.467000  0.529000
     2.910000  8.731000  0.529000
     2.910000  8.996000  0.529000
     2.910000  9.261000  0.529000
     2.910000  9.525000  0.529000
     2.910000  9.790000  0.529000
     2.910000  10.054000  0.529000
     2.910000  10.319000  0.529000
     2.910000  10.584000  0.529000
     3.175000 -10.584000  0.529000
     3.175000 -10.319000  0.529000
     3.175000 -10.054000  0.529000
     3.175000 -9.790000  0.529000
     3.175000 -9.525000  0.529000
     3.175000 -9.261000  0.529000
     3.175000 -8.996000  0.529000
     3.175000 -8.731000  0.529000
     3.175000 -8.467000  0.529000
     3.175000 -8.202000  0.529000
     3.175000 -7.938000  0.529000
     3.175000 -7.673000  0.529000
     3.175000 -7.408000  0.529000
     3.175000 -7.144000  0.529000
     3.175000 -6.879000  0.529000
     3.175000 -6.615000  0.529000
     3.175000 -6.350000  0.529000
     3.175000 -6.086000  0.529000
     3.175000 -5.821000  0.529000
     3.175000 -5.556000  0.529000
     3.175000 -5.292000  0.529000
     3.175000 -5.027000  0.529000
     3.175000 -4.763000  0.529000
     3.175000 -4.498000  0.529000
     3.175000 -4.233000  0.529000
     3.175000 -3.969000  0.529000
     3.175000 -3.704000  0.529000
     3.175000 -3.440000  0.529000
     3.175000 -3.175000  0.529000
     3.175000 -2.910000  0.529000
     3.175000 -2.646000  0.529000
     3.175000 -2.381000  0.529000
     3.175000 -2.117000  0.529000
     3.175000 -1.852000  0.529000
     3.175000 -1.588000  0.529000
     3.175000 -1.323000  0.529000
     3.175000 -1.058000  0.529000
     3.175000 -0.794000  0.529000
     3.175000 -0.529000  0.529000
     3.175000 -0.265000  0.529000
     3.175000  0.000000  0.529000
     3.175000  0.265000  0.529000
     3.175000  0.529000  0.529000
     3.175000  0.794000  0.529000
     3.175000  1.058000  0.529000
     3.175000  1.323000  0.529000
     3.175000  1.588000  0.529000
     3.175000  1.852000  0.529000
     3.175000  2.117000  0.529000
     3.175000  2.381000  0.529000
     3.175000  2.646000  0.529000
     3.175000  2.910000  0.529000
     3.175000  3.175000  0.529000
     3.175000  3.440000  0.529000
     3.175000  3.704000  0.529000
     3.175000  3.969000  0.529000
     3.175000  4.233000  0.529000
     3.175000  4.498000  0.529000
     3.175000  4.763000  0.529000
     3.175000  5.027000  0.529000
     3.175000  5.292000  0.529000
     3.175000  5.556000  0.529000
     3.175000  5.821000  0.529000
     3.175000  6.086000  0.529000
     3.175000  6.350000  0.529000
     3.175000  6.615000  0.529000
     3.175000  6.879000  0.529000
     3.175000  7.144000  0.529000
     3.175000  7.408000  0.529000
     3.175000  7.673000  0.529000
     3.175000  7.938000  0.529000
     3.175000  8.202000  0.529000
     3.175000  8.467000  0.529000
     3.175000  8.731000  0.529000
     3.175000  8.996000  0.529000
     3.175000  9.261000  0.529000
     3.175000  9.525000  0.529000
     3.175000  9.790000  0.529000
     3.175000  10.054000  0.529000
     3.175000  10.319000  0.529000
     3.175000  10.584000  0.529000
     3.440000 -10.584000  0.529000
     3.440000 -10.319000  0.529000
     3.440000 -10.054000  0.529000
     3.440000 -9.790000  0.529000
     3.440000 -9.525000  0.529000
     3.440000 -9.261000  0.529000
     3.440000 -8.996000  0.529000
     3.440000 -8.731000  0.529000
     3.440000 -8.467000  0.529000
     3.440000 -8.202000  0.529000
     3.440000 -7.938000  0.529000
     3.440000 -7.673000  0.529000
     3.440000 -7.408000  0.529000
     3.440000 -7.144000  0.529000
     3.440000 -6.879000  0.529000
     3.440000 -6.615000  0.529000
     3.440000 -6.350000  0.529000
     3.440000 -6.086000  0.529000
     3.440000 -5.821000  0.529000
     3.440000 -5.556000  0.529000
     3.440000 -5.292000  0.529000
     3.440000 -5.027000  0.529000
     3.440000 -4.763000  0.529000
     3.440000 -4.498000  0.529000
     3.440000 -4.233000  0.529000
     3.440000 -3.969000  0.529000
     3.440000 -3.704000  0.529000
     3.440000 -3.440000  0.529000
     3.440000 -3.175000  0.529000
     3.440000 -2.910000  0.529000
     3.440000 -2.646000  0.529000
     3.440000 -2.381000  0.529000
     3.440000 -2.117000  0.529000
     3.440000 -1.852000  0.529000
     3.440000 -1.588000  0.529000
     3.440000 -1.323000  0.529000
     3.440000 -1.058000  0.529000
     3.440000 -0.794000  0.529000
     3.440000 -0.529000  0.529000
     3.440000 -0.265000  0.529000
     3.440000  0.000000  0.529000
     3.440000  0.265000  0.529000
     3.440000  0.529000  0.529000
     3.440000  0.794000  0.529000
     3.440000  1.058000  0.529000
     3.440000  1.323000  0.529000
     3.440000  1.588000  0.529000
     3.440000  1.852000  0.529000
     3.440000  2.117000  0.529000
     3.440000  2.381000  0.529000
     3.440000  2.646000  0.529000
     3.440000  2.910000  0.529000
     3.440000  3.175000  0.529000
     3.440000  3.440000  0.529000
     3.440000  3.704000  0.529000
     3.440000  3.969000  0.529000
     3.440000  4.233000  0.529000
     3.440000  4.498000  0.529000
     3.440000  4.763000  0.529000
     3.440000  5.027000  0.529000
     3.440000  5.292000  0.529000
     3.440000  5.556000  0.529000
     3.440000  5.821000  0.529000
     3.440000  6.086000  0.529000
     3.440000  6.350000  0.529000
     3.440000  6.615000  0.529000
     3.440000  6.879000  0.529000
     3.440000  7.144000  0.529000
     3.440000  7.408000  0.529000
     3.440000  7.673000  0.529000
     3.440000  7.938000  0.529000
     3.440000  8.202000  0.529000
     3.440000  8.467000  0.529000
     3.440000  8.731000  0.529000
     3.440000  8.996000  0.529000
     3.440000  9.261000  0.529000
     3.440000  9.525000  0.529000
     3.440000  9.790000  0.529000
     3.440000  10.054000  0.529000
     3.440000  10.319000  0.529000
     3.440000  10.584000  0.529000
     3.704000 -10.584000  0.529000
     3.704000 -10.319000  0.529000
     3.704000 -10.054000  0.529000
     3.704000 -9.790000  0.529000
     3.704000 -9.525000  0.529000
     3.704000 -9.261000  0.529000
     3.704000 -8.996000  0.529000
     3.704000 -8.731000  0.529000
     3.704000 -8.467000  0.529000
     3.704000 -8.202000  0.529000
     3.704000 -7.938000  0.529000
     3.704000 -7.673000  0.529000
     3.704000 -7.408000  0.529000
     3.704000 -7.144000  0.529000
     3.704000 -6.879000  0.529000
     3.704000 -6.615000  0.529000
     3.704000 -6.350000  0.529000
     3.704000 -6.086000  0.529000
     3.704000 -5.821000  0.529000
     3.704000 -5.556000  0.529000
     3.704000 -5.292000  0.529000
     3.704000 -5.027000  0.529000
     3.704000 -4.763000  0.529000
     3.704000 -4.498000  0.529000
     3.704000 -4.233000  0.529000
     3.704000 -3.969000  0.529000
     3.704000 -3.704000  0.529000
     3.704000 -3.440000  0.529000
     3.704000 -3.175000  0.529000
     3.704000 -2.910000  0.529000
     3.704000 -2.646000  0.529000
     3.704000 -2.381000  0.529000
     3.704000 -2.117000  0.529000
     3.704000 -1.852000  0.529000
     3.704000 -1.588000  0.529000
     3.704000 -1.323000  0.529000
     3.704000 -1.058000  0.529000
     3.704000 -0.794000  0.529000
     3.704000 -0.529000  0.529000
     3.704000 -0.265000  0.529000
     3.704000  0.000000  0.529000
     3.704000  0.265000  0.529000
     3.704000  0.529000  0.529000
     3.704000  0.794000  0.529000
     3.704000  1.058000  0.529000
     3.704000  1.323000  0.529000
     3.704000  1.588000  0.529000
     3.704000  1.852000  0.529000
     3.704000  2.117000  0.529000
     3.704000  2.381000  0.529000
     3.704000  2.646000  0.529000
     3.704000  2.910000  0.529000
     3.704000  3.175000  0.529000
     3.704000  3.440000  0.529000
     3.704000  3.704000  0.529000
     3.704000  3.969000  0.529000
     3.704000  4.233000  0.529000
     3.704000  4.498000  0.529000
     3.704000  4.763000  0.529000
     3.704000  5.027000  0.529000
     3.704000  5.292000  0.529000
     3.704000  5.556000  0.529000
     3.704000  5.821000  0.529000
     3.704000  6.086000  0.529000
     3.704000  6.350000  0.529000
     3.704000  6.615000  0.529000
     3.704000  6.879000  0.529000
     3.704000  7.144000  0.529000
     3.704000  7.408000  0.529000
     3.704000  7.673000  0.529000
     3.704000  7.938000  0.529000
     3.704000  8.202000  0.529000
     3.704000  8.467000  0.529000
     3.704000  8.731000  0.529000
     3.704000  8.996000  0.529000
     3.704000  9.261000  0.529000
     3.704000  9.525000  0.529000
     3.704000  9.790000  0.529000
     3.704000  10.054000  0.529000
     3.704000  10.319000  0.529000
     3.704000  10.584000  0.529000
     3.969000 -10.584000  0.529000
     3.969000 -10.319000  0.529000
     3.969000 -10.054000  0.529000
     3.969000 -9.790000  0.529000
     3.969000 -9.525000  0.529000
     3.969000 -9.261000  0.529000
     3.969000 -8.996000  0.529000
     3.969000 -8.731000  0.529000
     3.969000 -8.467000  0.529000
     3.969000 -8.202000  0.529000
     3.969000 -7.938000  0.529000
     3.969000 -7.673000  0.529000
     3.969000 -7.408000  0.529000
     3.969000 -7.144000  0.529000
     3.969000 -6.879000  0.529000
     3.969000 -6.615000  0.529000
     3.969000 -6.350000  0.529000
     3.969000 -6.086000  0.529000
     3.969000 -5.821000  0.529000
     3.969000 -5.556000  0.529000
     3.969000 -5.292000  0.529000
     3.969000 -5.027000  0.529000
     3.969000 -4.763000  0.529000
     3.969000 -4.498000  0.529000
     3.969000 -4.233000  0.529000
     3.969000 -3.969000  0.529000
     3.969000 -3.704000  0.529000
     3.969000 -3.440000  0.529000
     3.969000 -3.175000  0.529000
     3.969000 -2.910000  0.529000
     3.969000 -2.646000  0.529000
     3.969000 -2.381000  0.529000
     3.969000 -2.117000  0.529000
     3.969000 -1.852000  0.529000
     3.969000 -1.588000  0.529000
     3.969000 -1.323000  0.529000
     3.969000 -1.058000  0.529000
     3.969000 -0.794000  0.529000
     3.969000 -0.529000  0.529000
     3.969000 -0.265000  0.529000
     3.969000  0.000000  0.529000
     3.969000  0.265000  0.529000
     3.969000  0.529000  0.529000
     3.969000  0.794000  0.529000
     3.969000  1.058000  0.529000
     3.969000  1.323000  0.529000
     3.969000  1.588000  0.529000
     3.969000  1.852000  0.529000
     3.969000  2.117000  0.529000
     3.969000  2.381000  0.529000
     3.969000  2.646000  0.529000
     3.969000  2.910000  0.529000
     3.969000  3.175000  0.529000
     3.969000  3.440000  0.529000
     3.969000  3.704000  0.529000
     3.969000  3.969000  0.529000
     3.969000  4.233000  0.529000
     3.969000  4.498000  0.529000
     3.969000  4.763000  0.529000
     3.969000  5.027000  0.529000
     3.969000  5.292000  0.529000
     3.969000  5.556000  0.529000
     3.969000  5.821000  0.529000
     3.969000  6.086000  0.529000
     3.969000  6.350000  0.529000
     3.969000  6.615000  0.529000
     3.969000  6.879000  0.529000
     3.969000  7.144000  0.529000
     3.969000  7.408000  0.529000
     3.969000  7.673000  0.529000
     3.969000  7.938000  0.529000
     3.969000  8.202000  0.529000
     3.969000  8.467000  0.529000
     3.969000  8.731000  0.529000
     3.969000  8.996000  0.529000
     3.969000  9.261000  0.529000
     3.969000  9.525000  0.529000
     3.969000  9.790000  0.529000
     3.969000  10.054000  0.529000
     3.969000  10.319000  0.529000
     3.969000  10.584000  0.529000
     4.233000 -10.584000  0.529000
     4.233000 -10.319000  0.529000
     4.233000 -10.054000  0.529000
     4.233000 -9.790000  0.529000
     4.233000 -9.525000  0.529000
     4.233000 -9.261000  0.529000
     4.233000 -8.996000  0.529000
     4.233000 -8.731000  0.529000
     4.233000 -8.467000  0.529000
     4.233000 -8.202000  0.529000
     4.233000 -7.938000  0.529000
     4.233000 -7.673000  0.529000
     4.233000 -7.408000  0.529000
     4.233000 -7.144000  0.529000
     4.233000 -6.879000  0.529000
     4.233000 -6.615000  0.529000
     4.233000 -6.350000  0.529000
     4.233000 -6.086000  0.529000
     4.233000 -5.821000  0.529000
     4.233000 -5.556000  0.529000
     4.233000 -5.292000  0.529000
     4.233000 -5.027000  0.529000
     4.233000 -4.763000  0.529000
     4.233000 -4.498000  0.529000
     4.233000 -4.233000  0.529000
     4.233000 -3.969000  0.529000
     4.233000 -3.704000  0.529000
     4.233000 -3.440000  0.529000
     4.233000 -3.175000  0.529000
     4.233000 -2.910000  0.529000
     4.233000 -2.646000  0.529000
     4.233000 -2.381000  0.529000
     4.233000 -2.117000  0.529000
     4.233000 -1.852000  0.529000
     4.233000 -1.588000  0.529000
     4.233000 -1.323000  0.529000
     4.233000 -1.058000  0.529000
     4.233000 -0.794000  0.529000
     4.233000 -0.529000  0.529000
     4.233000 -0.265000  0.529000
     4.233000  0.000000  0.529000
     4.233000  0.265000  0.529000
     4.233000  0.529000  0.529000
     4.233000  0.794000  0.529000
     4.233000  1.058000  0.529000
     4.233000  1.323000  0.529000
     4.233000  1.588000  0.529000
     4.233000  1.852000  0.529000
     4.233000  2.117000  0.529000
     4.233000  2.381000  0.529000
     4.233000  2.646000  0.529000
     4.233000  2.910000  0.529000
     4.233000  3.175000  0.529000
     4.233000  3.440000  0.529000
     4.233000  3.704000  0.529000
     4.233000  3.969000  0.529000
     4.233000  4.233000  0.529000
     4.233000  4.498000  0.529000
     4.233000  4.763000  0.529000
     4.233000  5.027000  0.529000
     4.233000  5.292000  0.529000
     4.233000  5.556000  0.529000
     4.233000  5.821000  0.529000
     4.233000  6.086000  0.529000
     4.233000  6.350000  0.529000
     4.233000  6.615000  0.529000
     4.233000  6.879000  0.529000
     4.233000  7.144000  0.529000
     4.233000  7.408000  0.529000
     4.233000  7.673000  0.529000
     4.233000  7.938000  0.529000
     4.233000  8.202000  0.529000
     4.233000  8.467000  0.529000
     4.233000  8.731000  0.529000
     4.233000  8.996000  0.529000
     4.233000  9.261000  0.529000
     4.233000  9.525000  0.529000
     4.233000  9.790000  0.529000
     4.233000  10.054000  0.529000
     4.233000  10.319000  0.529000
     4.233000  10.584000  0.529000
     4.498000 -10.584000  0.529000
     4.498000 -10.319000  0.529000
     4.498000 -10.054000  0.529000
     4.498000 -9.790000  0.529000
     4.498000 -9.525000  0.529000
     4.498000 -9.261000  0.529000
     4.498000 -8.996000  0.529000
     4.498000 -8.731000  0.529000
     4.498000 -8.467000  0.529000
     4.498000 -8.202000  0.529000
     4.498000 -7.938000  0.529000
     4.498000 -7.673000  0.529000
     4.498000 -7.408000  0.529000
     4.498000 -7.144000  0.529000
     4.498000 -6.879000  0.529000
     4.498000 -6.615000  0.529000
     4.498000 -6.350000  0.529000
     4.498000 -6.086000  0.529000
     4.498000 -5.821000  0.529000
     4.498000 -5.556000  0.529000
     4.498000 -5.292000  0.529000
     4.498000 -5.027000  0.529000
     4.498000 -4.763000  0.529000
     4.498000 -4.498000  0.529000
     4.498000 -4.233000  0.529000
     4.498000 -3.969000  0.529000
     4.498000 -3.704000  0.529000
     4.498000 -3.440000  0.529000
     4.498000 -3.175000  0.529000
     4.498000 -2.910000  0.529000
     4.498000 -2.646000  0.529000
     4.498000 -2.381000  0.529000
     4.498000 -2.117000  0.529000
     4.498000 -1.852000  0.529000
     4.498000 -1.588000  0.529000
     4.498000 -1.323000  0.529000
     4.498000 -1.058000  0.529000
     4.498000 -0.794000  0.529000
     4.498000 -0.529000  0.529000
     4.498000 -0.265000  0.529000
     4.498000  0.000000  0.529000
     4.498000  0.265000  0.529000
     4.498000  0.529000  0.529000
     4.498000  0.794000  0.529000
     4.498000  1.058000  0.529000
     4.498000  1.323000  0.529000
     4.498000  1.588000  0.529000
     4.498000  1.852000  0.529000
     4.498000  2.117000  0.529000
     4.498000  2.381000  0.529000
     4.498000  2.646000  0.529000
     4.498000  2.910000  0.529000
     4.498000  3.175000  0.529000
     4.498000  3.440000  0.529000
     4.498000  3.704000  0.529000
     4.498000  3.969000  0.529000
     4.498000  4.233000  0.529000
     4.498000  4.498000  0.529000
     4.498000  4.763000  0.529000
     4.498000  5.027000  0.529000
     4.498000  5.292000  0.529000
     4.498000  5.556000  0.529000
     4.498000  5.821000  0.529000
     4.498000  6.086000  0.529000
     4.498000  6.350000  0.529000
     4.498000  6.615000  0.529000
     4.498000  6.879000  0.529000
     4.498000  7.144000  0.529000
     4.498000  7.408000  0.529000
     4.498000  7.673000  0.529000
     4.498000  7.938000  0.529000
     4.498000  8.202000  0.529000
     4.498000  8.467000  0.529000
     4.498000  8.731000  0.529000
     4.498000  8.996000  0.529000
     4.498000  9.261000  0.529000
     4.498000  9.525000  0.529000
     4.498000  9.790000  0.529000
     4.498000  10.054000  0.529000
     4.498000  10.319000  0.529000
     4.498000  10.584000  0.529000
     4.763000 -10.584000  0.529000
     4.763000 -10.319000  0.529000
     4.763000 -10.054000  0.529000
     4.763000 -9.790000  0.529000
     4.763000 -9.525000  0.529000
     4.763000 -9.261000  0.529000
     4.763000 -8.996000  0.529000
     4.763000 -8.731000  0.529000
     4.763000 -8.467000  0.529000
     4.763000 -8.202000  0.529000
     4.763000 -7.938000  0.529000
     4.763000 -7.673000  0.529000
     4.763000 -7.408000  0.529000
     4.763000 -7.144000  0.529000
     4.763000 -6.879000  0.529000
     4.763000 -6.615000  0.529000
     4.763000 -6.350000  0.529000
     4.763000 -6.086000  0.529000
     4.763000 -5.821000  0.529000
     4.763000 -5.556000  0.529000
     4.763000 -5.292000  0.529000
     4.763000 -5.027000  0.529000
     4.763000 -4.763000  0.529000
     4.763000 -4.498000  0.529000
     4.763000 -4.233000  0.529000
     4.763000 -3.969000  0.529000
     4.763000 -3.704000  0.529000
     4.763000 -3.440000  0.529000
     4.763000 -3.175000  0.529000
     4.763000 -2.910000  0.529000
     4.763000 -2.646000  0.529000
     4.763000 -2.381000  0.529000
     4.763000 -2.117000  0.529000
     4.763000 -1.852000  0.529000
     4.763000 -1.588000  0.529000
     4.763000 -1.323000  0.529000
     4.763000 -1.058000  0.529000
     4.763000 -0.794000  0.529000
     4.763000 -0.529000  0.529000
     4.763000 -0.265000  0.529000
     4.763000  0.000000  0.529000
     4.763000  0.265000  0.529000
     4.763000  0.529000  0.529000
     4.763000  0.794000  0.529000
     4.763000  1.058000  0.529000
     4.763000  1.323000  0.529000
     4.763000  1.588000  0.529000
     4.763000  1.852000  0.529000
     4.763000  2.117000  0.529000
     4.763000  2.381000  0.529000
     4.763000  2.646000  0.529000
     4.763000  2.910000  0.529000
     4.763000  3.175000  0.529000
     4.763000  3.440000  0.529000
     4.763000  3.704000  0.529000
     4.763000  3.969000  0.529000
     4.763000  4.233000  0.529000
     4.763000  4.498000  0.529000
     4.763000  4.763000  0.529000
     4.763000  5.027000  0.529000
     4.763000  5.292000  0.529000
     4.763000  5.556000  0.529000
     4.763000  5.821000  0.529000
     4.763000  6.086000  0.529000
     4.763000  6.350000  0.529000
     4.763000  6.615000  0.529000
     4.763000  6.879000  0.529000
     4.763000  7.144000  0.529000
     4.763000  7.408000  0.529000
     4.763000  7.673000  0.529000
     4.763000  7.938000  0.529000
     4.763000  8.202000  0.529000
     4.763000  8.467000  0.529000
     4.763000  8.731000  0.529000
     4.763000  8.996000  0.529000
     4.763000  9.261000  0.529000
     4.763000  9.525000  0.529000
     4.763000  9.790000  0.529000
     4.763000  10.054000  0.529000
     4.763000  10.319000  0.529000
     4.763000  10.584000  0.529000
     5.027000 -10.584000  0.529000
     5.027000 -10.319000  0.529000
     5.027000 -10.054000  0.529000
     5.027000 -9.790000  0.529000
     5.027000 -9.525000  0.529000
     5.027000 -9.261000  0.529000
     5.027000 -8.996000  0.529000
     5.027000 -8.731000  0.529000
     5.027000 -8.467000  0.529000
     5.027000 -8.202000  0.529000
     5.027000 -7.938000  0.529000
     5.027000 -7.673000  0.529000
     5.027000 -7.408000  0.529000
     5.027000 -7.144000  0.529000
     5.027000 -6.879000  0.529000
     5.027000 -6.615000  0.529000
     5.027000 -6.350000  0.529000
     5.027000 -6.086000  0.529000
     5.027000 -5.821000  0.529000
     5.027000 -5.556000  0.529000
     5.027000 -5.292000  0.529000
     5.027000 -5.027000  0.529000
     5.027000 -4.763000  0.529000
     5.027000 -4.498000  0.529000
     5.027000 -4.233000  0.529000
     5.027000 -3.969000  0.529000
     5.027000 -3.704000  0.529000
     5.027000 -3.440000  0.529000
     5.027000 -3.175000  0.529000
     5.027000 -2.910000  0.529000
     5.027000 -2.646000  0.529000
     5.027000 -2.381000  0.529000
     5.027000 -2.117000  0.529000
     5.027000 -1.852000  0.529000
     5.027000 -1.588000  0.529000
     5.027000 -1.323000  0.529000
     5.027000 -1.058000  0.529000
     5.027000 -0.794000  0.529000
     5.027000 -0.529000  0.529000
     5.027000 -0.265000  0.529000
     5.027000  0.000000  0.529000
     5.027000  0.265000  0.529000
     5.027000  0.529000  0.529000
     5.027000  0.794000  0.529000
     5.027000  1.058000  0.529000
     5.027000  1.323000  0.529000
     5.027000  1.588000  0.529000
     5.027000  1.852000  0.529000
     5.027000  2.117000  0.529000
     5.027000  2.381000  0.529000
     5.027000  2.646000  0.529000
     5.027000  2.910000  0.529000
     5.027000  3.175000  0.529000
     5.027000  3.440000  0.529000
     5.027000  3.704000  0.529000
     5.027000  3.969000  0.529000
     5.027000  4.233000  0.529000
     5.027000  4.498000  0.529000
     5.027000  4.763000  0.529000
     5.027000  5.027000  0.529000
     5.027000  5.292000  0.529000
     5.027000  5.556000  0.529000
     5.027000  5.821000  0.529000
     5.027000  6.086000  0.529000
     5.027000  6.350000  0.529000
     5.027000  6.615000  0.529000
     5.027000  6.879000  0.529000
     5.027000  7.144000  0.529000
     5.027000  7.408000  0.529000
     5.027000  7.673000  0.529000
     5.027000  7.938000  0.529000
     5.027000  8.202000  0.529000
     5.027000  8.467000  0.529000
     5.027000  8.731000  0.529000
     5.027000  8.996000  0.529000
     5.027000  9.261000  0.529000
     5.027000  9.525000  0.529000
     5.027000  9.790000  0.529000
     5.027000  10.054000  0.529000
     5.027000  10.319000  0.529000
     5.027000  10.584000  0.529000
     5.292000 -10.584000  0.529000
     5.292000 -10.319000  0.529000
     5.292000 -10.054000  0.529000
     5.292000 -9.790000  0.529000
     5.292000 -9.525000  0.529000
     5.292000 -9.261000  0.529000
     5.292000 -8.996000  0.529000
     5.292000 -8.731000  0.529000
     5.292000 -8.467000  0.529000
     5.292000 -8.202000  0.529000
     5.292000 -7.938000  0.529000
     5.292000 -7.673000  0.529000
     5.292000 -7.408000  0.529000
     5.292000 -7.144000  0.529000
     5.292000 -6.879000  0.529000
     5.292000 -6.615000  0.529000
     5.292000 -6.350000  0.529000
     5.292000 -6.086000  0.529000
     5.292000 -5.821000  0.529000
     5.292000 -5.556000  0.529000
     5.292000 -5.292000  0.529000
     5.292000 -5.027000  0.529000
     5.292000 -4.763000  0.529000
     5.292000 -4.498000  0.529000
     5.292000 -4.233000  0.529000
     5.292000 -3.969000  0.529000
     5.292000 -3.704000  0.529000
     5.292000 -3.440000  0.529000
     5.292000 -3.175000  0.529000
     5.292000 -2.910000  0.529000
     5.292000 -2.646000  0.529000
     5.292000 -2.381000  0.529000
     5.292000 -2.117000  0.529000
     5.292000 -1.852000  0.529000
     5.292000 -1.588000  0.529000
     5.292000 -1.323000  0.529000
     5.292000 -1.058000  0.529000
     5.292000 -0.794000  0.529000
     5.292000 -0.529000  0.529000
     5.292000 -0.265000  0.529000
     5.292000  0.000000  0.529000
     5.292000  0.265000  0.529000
     5.292000  0.529000  0.529000
     5.292000  0.794000  0.529000
     5.292000  1.058000  0.529000
     5.292000  1.323000  0.529000
     5.292000  1.588000  0.529000
     5.292000  1.852000  0.529000
     5.292000  2.117000  0.529000
     5.292000  2.381000  0.529000
     5.292000  2.646000  0.529000
     5.292000  2.910000  0.529000
     5.292000  3.175000  0.529000
     5.292000  3.440000  0.529000
     5.292000  3.704000  0.529000
     5.292000  3.969000  0.529000
     5.292000  4.233000  0.529000
     5.292000  4.498000  0.529000
     5.292000  4.763000  0.529000
     5.292000  5.027000  0.529000
     5.292000  5.292000  0.529000
     5.292000  5.556000  0.529000
     5.292000  5.821000  0.529000
     5.292000  6.086000  0.529000
     5.292000  6.350000  0.529000
     5.292000  6.615000  0.529000
     5.292000  6.879000  0.529000
     5.292000  7.144000  0.529000
     5.292000  7.408000  0.529000
     5.292000  7.673000  0.529000
     5.292000  7.938000  0.529000
     5.292000  8.202000  0.529000
     5.292000  8.467000  0.529000
     5.292000  8.731000  0.529000
     5.292000  8.996000  0.529000
     5.292000  9.261000  0.529000
     5.292000  9.525000  0.529000
     5.292000  9.790000  0.529000
     5.292000  10.054000  0.529000
     5.292000  10.319000  0.529000
     5.292000  10.584000  0.529000
     5.556000 -10.584000  0.529000
     5.556000 -10.319000  0.529000
     5.556000 -10.054000  0.529000
     5.556000 -9.790000  0.529000
     5.556000 -9.525000  0.529000
     5.556000 -9.261000  0.529000
     5.556000 -8.996000  0.529000
     5.556000 -8.731000  0.529000
     5.556000 -8.467000  0.529000
     5.556000 -8.202000  0.529000
     5.556000 -7.938000  0.529000
     5.556000 -7.673000  0.529000
     5.556000 -7.408000  0.529000
     5.556000 -7.144000  0.529000
     5.556000 -6.879000  0.529000
     5.556000 -6.615000  0.529000
     5.556000 -6.350000  0.529000
     5.556000 -6.086000  0.529000
     5.556000 -5.821000  0.529000
     5.556000 -5.556000  0.529000
     5.556000 -5.292000  0.529000
     5.556000 -5.027000  0.529000
     5.556000 -4.763000  0.529000
     5.556000 -4.498000  0.529000
     5.556000 -4.233000  0.529000
     5.556000 -3.969000  0.529000
     5.556000 -3.704000  0.529000
     5.556000 -3.440000  0.529000
     5.556000 -3.175000  0.529000
     5.556000 -2.910000  0.529000
     5.556000 -2.646000  0.529000
     5.556000 -2.381000  0.529000
     5.556000 -2.117000  0.529000
     5.556000 -1.852000  0.529000
     5.556000 -1.588000  0.529000
     5.556000 -1.323000  0.529000
     5.556000 -1.058000  0.529000
     5.556000 -0.794000  0.529000
     5.556000 -0.529000  0.529000
     5.556000 -0.265000  0.529000
     5.556000  0.000000  0.529000
     5.556000  0.265000  0.529000
     5.556000  0.529000  0.529000
     5.556000  0.794000  0.529000
     5.556000  1.058000  0.529000
     5.556000  1.323000  0.529000
     5.556000  1.588000  0.529000
     5.556000  1.852000  0.529000
     5.556000  2.117000  0.529000
     5.556000  2.381000  0.529000
     5.556000  2.646000  0.529000
     5.556000  2.910000  0.529000
     5.556000  3.175000  0.529000
     5.556000  3.440000  0.529000
     5.556000  3.704000  0.529000
     5.556000  3.969000  0.529000
     5.556000  4.233000  0.529000
     5.556000  4.498000  0.529000
     5.556000  4.763000  0.529000
     5.556000  5.027000  0.529000
     5.556000  5.292000  0.529000
     5.556000  5.556000  0.529000
     5.556000  5.821000  0.529000
     5.556000  6.086000  0.529000
     5.556000  6.350000  0.529000
     5.556000  6.615000  0.529000
     5.556000  6.879000  0.529000
     5.556000  7.144000  0.529000
     5.556000  7.408000  0.529000
     5.556000  7.673000  0.529000
     5.556000  7.938000  0.529000
     5.556000  8.202000  0.529000
     5.556000  8.467000  0.529000
     5.556000  8.731000  0.529000
     5.556000  8.996000  0.529000
     5.556000  9.261000  0.529000
     5.556000  9.525000  0.529000
     5.556000  9.790000  0.529000
     5.556000  10.054000  0.529000
     5.556000  10.319000  0.529000
     5.556000  10.584000  0.529000
     5.821000 -10.584000  0.529000
     5.821000 -10.319000  0.529000
     5.821000 -10.054000  0.529000
     5.821000 -9.790000  0.529000
     5.821000 -9.525000  0.529000
     5.821000 -9.261000  0.529000
     5.821000 -8.996000  0.529000
     5.821000 -8.731000  0.529000
     5.821000 -8.467000  0.529000
     5.821000 -8.202000  0.529000
     5.821000 -7.938000  0.529000
     5.821000 -7.673000  0.529000
     5.821000 -7.408000  0.529000
     5.821000 -7.144000  0.529000
     5.821000 -6.879000  0.529000
     5.821000 -6.615000  0.529000
     5.821000 -6.350000  0.529000
     5.821000 -6.086000  0.529000
     5.821000 -5.821000  0.529000
     5.821000 -5.556000  0.529000
     5.821000 -5.292000  0.529000
     5.821000 -5.027000  0.529000
     5.821000 -4.763000  0.529000
     5.821000 -4.498000  0.529000
     5.821000 -4.233000  0.529000
     5.821000 -3.969000  0.529000
     5.821000 -3.704000  0.529000
     5.821000 -3.440000  0.529000
     5.821000 -3.175000  0.529000
     5.821000 -2.910000  0.529000
     5.821000 -2.646000  0.529000
     5.821000 -2.381000  0.529000
     5.821000 -2.117000  0.529000
     5.821000 -1.852000  0.529000
     5.821000 -1.588000  0.529000
     5.821000 -1.323000  0.529000
     5.821000 -1.058000  0.529000
     5.821000 -0.794000  0.529000
     5.821000 -0.529000  0.529000
     5.821000 -0.265000  0.529000
     5.821000  0.000000  0.529000
     5.821000  0.265000  0.529000
     5.821000  0.529000  0.529000
     5.821000  0.794000  0.529000
     5.821000  1.058000  0.529000
     5.821000  1.323000  0.529000
     5.821000  1.588000  0.529000
     5.821000  1.852000  0.529000
     5.821000  2.117000  0.529000
     5.821000  2.381000  0.529000
     5.821000  2.646000  0.529000
     5.821000  2.910000  0.529000
     5.821000  3.175000  0.529000
     5.821000  3.440000  0.529000
     5.821000  3.704000  0.529000
     5.821000  3.969000  0.529000
     5.821000  4.233000  0.529000
     5.821000  4.498000  0.529000
     5.821000  4.763000  0.529000
     5.821000  5.027000  0.529000
     5.821000  5.292000  0.529000
     5.821000  5.556000  0.529000
     5.821000  5.821000  0.529000
     5.821000  6.086000  0.529000
     5.821000  6.350000  0.529000
     5.821000  6.615000  0.529000
     5.821000  6.879000  0.529000
     5.821000  7.144000  0.529000
     5.821000  7.408000  0.529000
     5.821000  7.673000  0.529000
     5.821000  7.938000  0.529000
     5.821000  8.202000  0.529000
     5.821000  8.467000  0.529000
     5.821000  8.731000  0.529000
     5.821000  8.996000  0.529000
     5.821000  9.261000  0.529000
     5.821000  9.525000  0.529000
     5.821000  9.790000  0.529000
     5.821000  10.054000  0.529000
     5.821000  10.319000  0.529000
     5.821000  10.584000  0.529000
     6.086000 -10.584000  0.529000
     6.086000 -10.319000  0.529000
     6.086000 -10.054000  0.529000
     6.086000 -9.790000  0.529000
     6.086000 -9.525000  0.529000
     6.086000 -9.261000  0.529000
     6.086000 -8.996000  0.529000
     6.086000 -8.731000  0.529000
     6.086000 -8.467000  0.529000
     6.086000 -8.202000  0.529000
     6.086000 -7.938000  0.529000
     6.086000 -7.673000  0.529000
     6.086000 -7.408000  0.529000
     6.086000 -7.144000  0.529000
     6.086000 -6.879000  0.529000
     6.086000 -6.615000  0.529000
     6.086000 -6.350000  0.529000
     6.086000 -6.086000  0.529000
     6.086000 -5.821000  0.529000
     6.086000 -5.556000  0.529000
     6.086000 -5.292000  0.529000
     6.086000 -5.027000  0.529000
     6.086000 -4.763000  0.529000
     6.086000 -4.498000  0.529000
     6.086000 -4.233000  0.529000
     6.086000 -3.969000  0.529000
     6.086000 -3.704000  0.529000
     6.086000 -3.440000  0.529000
     6.086000 -3.175000  0.529000
     6.086000 -2.910000  0.529000
     6.086000 -2.646000  0.529000
     6.086000 -2.381000  0.529000
     6.086000 -2.117000  0.529000
     6.086000 -1.852000  0.529000
     6.086000 -1.588000  0.529000
     6.086000 -1.323000  0.529000
     6.086000 -1.058000  0.529000
     6.086000 -0.794000  0.529000
     6.086000 -0.529000  0.529000
     6.086000 -0.265000  0.529000
     6.086000  0.000000  0.529000
     6.086000  0.265000  0.529000
     6.086000  0.529000  0.529000
     6.086000  0.794000  0.529000
     6.086000  1.058000  0.529000
     6.086000  1.323000  0.529000
     6.086000  1.588000  0.529000
     6.086000  1.852000  0.529000
     6.086000  2.117000  0.529000
     6.086000  2.381000  0.529000
     6.086000  2.646000  0.529000
     6.086000  2.910000  0.529000
     6.086000  3.175000  0.529000
     6.086000  3.440000  0.529000
     6.086000  3.704000  0.529000
     6.086000  3.969000  0.529000
     6.086000  4.233000  0.529000
     6.086000  4.498000  0.529000
     6.086000  4.763000  0.529000
     6.086000  5.027000  0.529000
     6.086000  5.292000  0.529000
     6.086000  5.556000  0.529000
     6.086000  5.821000  0.529000
     6.086000  6.086000  0.529000
     6.086000  6.350000  0.529000
     6.086000  6.615000  0.529000
     6.086000  6.879000  0.529000
     6.086000  7.144000  0.529000
     6.086000  7.408000  0.529000
     6.086000  7.673000  0.529000
     6.086000  7.938000  0.529000
     6.086000  8.202000  0.529000
     6.086000  8.467000  0.529000
     6.086000  8.731000  0.529000
     6.086000  8.996000  0.529000
     6.086000  9.261000  0.529000
     6.086000  9.525000  0.529000
     6.086000  9.790000  0.529000
     6.086000  10.054000  0.529000
     6.086000  10.319000  0.529000
     6.086000  10.584000  0.529000
     6.350000 -10.584000  0.529000
     6.350000 -10.319000  0.529000
     6.350000 -10.054000  0.529000
     6.350000 -9.790000  0.529000
     6.350000 -9.525000  0.529000
     6.350000 -9.261000  0.529000
     6.350000 -8.996000  0.529000
     6.350000 -8.731000  0.529000
     6.350000 -8.467000  0.529000
     6.350000 -8.202000  0.529000
     6.350000 -7.938000  0.529000
     6.350000 -7.673000  0.529000
     6.350000 -7.408000  0.529000
     6.350000 -7.144000  0.529000
     6.350000 -6.879000  0.529000
     6.350000 -6.615000  0.529000
     6.350000 -6.350000  0.529000
     6.350000 -6.086000  0.529000
     6.350000 -5.821000  0.529000
     6.350000 -5.556000  0.529000
     6.350000 -5.292000  0.529000
     6.350000 -5.027000  0.529000
     6.350000 -4.763000  0.529000
     6.350000 -4.498000  0.529000
     6.350000 -4.233000  0.529000
     6.350000 -3.969000  0.529000
     6.350000 -3.704000  0.529000
     6.350000 -3.440000  0.529000
     6.350000 -3.175000  0.529000
     6.350000 -2.910000  0.529000
     6.350000 -2.646000  0.529000
     6.350000 -2.381000  0.529000
     6.350000 -2.117000  0.529000
     6.350000 -1.852000  0.529000
     6.350000 -1.588000  0.529000
     6.350000 -1.323000  0.529000
     6.350000 -1.058000  0.529000
     6.350000 -0.794000  0.529000
     6.350000 -0.529000  0.529000
     6.350000 -0.265000  0.529000
     6.350000  0.000000  0.529000
     6.350000  0.265000  0.529000
     6.350000  0.529000  0.529000
     6.350000  0.794000  0.529000
     6.350000  1.058000  0.529000
     6.350000  1.323000  0.529000
     6.350000  1.588000  0.529000
     6.350000  1.852000  0.529000
     6.350000  2.117000  0.529000
     6.350000  2.381000  0.529000
     6.350000  2.646000  0.529000
     6.350000  2.910000  0.529000
     6.350000  3.175000  0.529000
     6.350000  3.440000  0.529000
     6.350000  3.704000  0.529000
     6.350000  3.969000  0.529000
     6.350000  4.233000  0.529000
     6.350000  4.498000  0.529000
     6.350000  4.763000  0.529000
     6.350000  5.027000  0.529000
     6.350000  5.292000  0.529000
     6.350000  5.556000  0.529000
     6.350000  5.821000  0.529000
     6.350000  6.086000  0.529000
     6.350000  6.350000  0.529000
     6.350000  6.615000  0.529000
     6.350000  6.879000  0.529000
     6.350000  7.144000  0.529000
     6.350000  7.408000  0.529000
     6.350000  7.673000  0.529000
     6.350000  7.938000  0.529000
     6.350000  8.202000  0.529000
     6.350000  8.467000  0.529000
     6.350000  8.731000  0.529000
     6.350000  8.996000  0.529000
     6.350000  9.261000  0.529000
     6.350000  9.525000  0.529000
     6.350000  9.790000  0.529000
     6.350000  10.054000  0.529000
     6.350000  10.319000  0.529000
     6.350000  10.584000  0.529000
     6.615000 -10.584000  0.529000
     6.615000 -10.319000  0.529000
     6.615000 -10.054000  0.529000
     6.615000 -9.790000  0.529000
     6.615000 -9.525000  0.529000
     6.615000 -9.261000  0.529000
     6.615000 -8.996000  0.529000
     6.615000 -8.731000  0.529000
     6.615000 -8.467000  0.529000
     6.615000 -8.202000  0.529000
     6.615000 -7.938000  0.529000
     6.615000 -7.673000  0.529000
     6.615000 -7.408000  0.529000
     6.615000 -7.144000  0.529000
     6.615000 -6.879000  0.529000
     6.615000 -6.615000  0.529000
     6.615000 -6.350000  0.529000
     6.615000 -6.086000  0.529000
     6.615000 -5.821000  0.529000
     6.615000 -5.556000  0.529000
     6.615000 -5.292000  0.529000
     6.615000 -5.027000  0.529000
     6.615000 -4.763000  0.529000
     6.615000 -4.498000  0.529000
     6.615000 -4.233000  0.529000
     6.615000 -3.969000  0.529000
     6.615000 -3.704000  0.529000
     6.615000 -3.440000  0.529000
     6.615000 -3.175000  0.529000
     6.615000 -2.910000  0.529000
     6.615000 -2.646000  0.529000
     6.615000 -2.381000  0.529000
     6.615000 -2.117000  0.529000
     6.615000 -1.852000  0.529000
     6.615000 -1.588000  0.529000
     6.615000 -1.323000  0.529000
     6.615000 -1.058000  0.529000
     6.615000 -0.794000  0.529000
     6.615000 -0.529000  0.529000
     6.615000 -0.265000  0.529000
     6.615000  0.000000  0.529000
     6.615000  0.265000  0.529000
     6.615000  0.529000  0.529000
     6.615000  0.794000  0.529000
     6.615000  1.058000  0.529000
     6.615000  1.323000  0.529000
     6.615000  1.588000  0.529000
     6.615000  1.852000  0.529000
     6.615000  2.117000  0.529000
     6.615000  2.381000  0.529000
     6.615000  2.646000  0.529000
     6.615000  2.910000  0.529000
     6.615000  3.175000  0.529000
     6.615000  3.440000  0.529000
     6.615000  3.704000  0.529000
     6.615000  3.969000  0.529000
     6.615000  4.233000  0.529000
     6.615000  4.498000  0.529000
     6.615000  4.763000  0.529000
     6.615000  5.027000  0.529000
     6.615000  5.292000  0.529000
     6.615000  5.556000  0.529000
     6.615000  5.821000  0.529000
     6.615000  6.086000  0.529000
     6.615000  6.350000  0.529000
     6.615000  6.615000  0.529000
     6.615000  6.879000  0.529000
     6.615000  7.144000  0.529000
     6.615000  7.408000  0.529000
     6.615000  7.673000  0.529000
     6.615000  7.938000  0.529000
     6.615000  8.202000  0.529000
     6.615000  8.467000  0.529000
     6.615000  8.731000  0.529000
     6.615000  8.996000  0.529000
     6.615000  9.261000  0.529000
     6.615000  9.525000  0.529000
     6.615000  9.790000  0.529000
     6.615000  10.054000  0.529000
     6.615000  10.319000  0.529000
     6.615000  10.584000  0.529000
     6.879000 -10.584000  0.529000
     6.879000 -10.319000  0.529000
     6.879000 -10.054000  0.529000
     6.879000 -9.790000  0.529000
     6.879000 -9.525000  0.529000
     6.879000 -9.261000  0.529000
     6.879000 -8.996000  0.529000
     6.879000 -8.731000  0.529000
     6.879000 -8.467000  0.529000
     6.879000 -8.202000  0.529000
     6.879000 -7.938000  0.529000
     6.879000 -7.673000  0.529000
     6.879000 -7.408000  0.529000
     6.879000 -7.144000  0.529000
     6.879000 -6.879000  0.529000
     6.879000 -6.615000  0.529000
     6.879000 -6.350000  0.529000
     6.879000 -6.086000  0.529000
     6.879000 -5.821000  0.529000
     6.879000 -5.556000  0.529000
     6.879000 -5.292000  0.529000
     6.879000 -5.027000  0.529000
     6.879000 -4.763000  0.529000
     6.879000 -4.498000  0.529000
     6.879000 -4.233000  0.529000
     6.879000 -3.969000  0.529000
     6.879000 -3.704000  0.529000
     6.879000 -3.440000  0.529000
     6.879000 -3.175000  0.529000
     6.879000 -2.910000  0.529000
     6.879000 -2.646000  0.529000
     6.879000 -2.381000  0.529000
     6.879000 -2.117000  0.529000
     6.879000 -1.852000  0.529000
     6.879000 -1.588000  0.529000
     6.879000 -1.323000  0.529000
     6.879000 -1.058000  0.529000
     6.879000 -0.794000  0.529000
     6.879000 -0.529000  0.529000
     6.879000 -0.265000  0.529000
     6.879000  0.000000  0.529000
     6.879000  0.265000  0.529000
     6.879000  0.529000  0.529000
     6.879000  0.794000  0.529000
     6.879000  1.058000  0.529000
     6.879000  1.323000  0.529000
     6.879000  1.588000  0.529000
     6.879000  1.852000  0.529000
     6.879000  2.117000  0.529000
     6.879000  2.381000  0.529000
     6.879000  2.646000  0.529000
     6.879000  2.910000  0.529000
     6.879000  3.175000  0.529000
     6.879000  3.440000  0.529000
     6.879000  3.704000  0.529000
     6.879000  3.969000  0.529000
     6.879000  4.233000  0.529000
     6.879000  4.498000  0.529000
     6.879000  4.763000  0.529000
     6.879000  5.027000  0.529000
     6.879000  5.292000  0.529000
     6.879000  5.556000  0.529000
     6.879000  5.821000  0.529000
     6.879000  6.086000  0.529000
     6.879000  6.350000  0.529000
     6.879000  6.615000  0.529000
     6.879000  6.879000  0.529000
     6.879000  7.144000  0.529000
     6.879000  7.408000  0.529000
     6.879000  7.673000  0.529000
     6.879000  7.938000  0.529000
     6.879000  8.202000  0.529000
     6.879000  8.467000  0.529000
     6.879000  8.731000  0.529000
     6.879000  8.996000  0.529000
     6.879000  9.261000  0.529000
     6.879000  9.525000  0.529000
     6.879000  9.790000  0.529000
     6.879000  10.054000  0.529000
     6.879000  10.319000  0.529000
     6.879000  10.584000  0.529000
     7.144000 -10.584000  0.529000
     7.144000 -10.319000  0.529000
     7.144000 -10.054000  0.529000
     7.144000 -9.790000  0.529000
     7.144000 -9.525000  0.529000
     7.144000 -9.261000  0.529000
     7.144000 -8.996000  0.529000
     7.144000 -8.731000  0.529000
     7.144000 -8.467000  0.529000
     7.144000 -8.202000  0.529000
     7.144000 -7.938000  0.529000
     7.144000 -7.673000  0.529000
     7.144000 -7.408000  0.529000
     7.144000 -7.144000  0.529000
     7.144000 -6.879000  0.529000
     7.144000 -6.615000  0.529000
     7.144000 -6.350000  0.529000
     7.144000 -6.086000  0.529000
     7.144000 -5.821000  0.529000
     7.144000 -5.556000  0.529000
     7.144000 -5.292000  0.529000
     7.144000 -5.027000  0.529000
     7.144000 -4.763000  0.529000
     7.144000 -4.498000  0.529000
     7.144000 -4.233000  0.529000
     7.144000 -3.969000  0.529000
     7.144000 -3.704000  0.529000
     7.144000 -3.440000  0.529000
     7.144000 -3.175000  0.529000
     7.144000 -2.910000  0.529000
     7.144000 -2.646000  0.529000
     7.144000 -2.381000  0.529000
     7.144000 -2.117000  0.529000
     7.144000 -1.852000  0.529000
     7.144000 -1.588000  0.529000
     7.144000 -1.323000  0.529000
     7.144000 -1.058000  0.529000
     7.144000 -0.794000  0.529000
     7.144000 -0.529000  0.529000
     7.144000 -0.265000  0.529000
     7.144000  0.000000  0.529000
     7.144000  0.265000  0.529000
     7.144000  0.529000  0.529000
     7.144000  0.794000  0.529000
     7.144000  1.058000  0.529000
     7.144000  1.323000  0.529000
     7.144000  1.588000  0.529000
     7.144000  1.852000  0.529000
     7.144000  2.117000  0.529000
     7.144000  2.381000  0.529000
     7.144000  2.646000  0.529000
     7.144000  2.910000  0.529000
     7.144000  3.175000  0.529000
     7.144000  3.440000  0.529000
     7.144000  3.704000  0.529000
     7.144000  3.969000  0.529000
     7.144000  4.233000  0.529000
     7.144000  4.498000  0.529000
     7.144000  4.763000  0.529000
     7.144000  5.027000  0.529000
     7.144000  5.292000  0.529000
     7.144000  5.556000  0.529000
     7.144000  5.821000  0.529000
     7.144000  6.086000  0.529000
     7.144000  6.350000  0.529000
     7.144000  6.615000  0.529000
     7.144000  6.879000  0.529000
     7.144000  7.144000  0.529000
     7.144000  7.408000  0.529000
     7.144000  7.673000  0.529000
     7.144000  7.938000  0.529000
     7.144000  8.202000  0.529000
     7.144000  8.467000  0.529000
     7.144000  8.731000  0.529000
     7.144000  8.996000  0.529000
     7.144000  9.261000  0.529000
     7.144000  9.525000  0.529000
     7.144000  9.790000  0.529000
     7.144000  10.054000  0.529000
     7.144000  10.319000  0.529000
     7.144000  10.584000  0.529000
     7.408000 -10.584000  0.529000
     7.408000 -10.319000  0.529000
     7.408000 -10.054000  0.529000
     7.408000 -9.790000  0.529000
     7.408000 -9.525000  0.529000
     7.408000 -9.261000  0.529000
     7.408000 -8.996000  0.529000
     7.408000 -8.731000  0.529000
     7.408000 -8.467000  0.529000
     7.408000 -8.202000  0.529000
     7.408000 -7.938000  0.529000
     7.408000 -7.673000  0.529000
     7.408000 -7.408000  0.529000
     7.408000 -7.144000  0.529000
     7.408000 -6.879000  0.529000
     7.408000 -6.615000  0.529000
     7.408000 -6.350000  0.529000
     7.408000 -6.086000  0.529000
     7.408000 -5.821000  0.529000
     7.408000 -5.556000  0.529000
     7.408000 -5.292000  0.529000
     7.408000 -5.027000  0.529000
     7.408000 -4.763000  0.529000
     7.408000 -4.498000  0.529000
     7.408000 -4.233000  0.529000
     7.408000 -3.969000  0.529000
     7.408000 -3.704000  0.529000
     7.408000 -3.440000  0.529000
     7.408000 -3.175000  0.529000
     7.408000 -2.910000  0.529000
     7.408000 -2.646000  0.529000
     7.408000 -2.381000  0.529000
     7.408000 -2.117000  0.529000
     7.408000 -1.852000  0.529000
     7.408000 -1.588000  0.529000
     7.408000 -1.323000  0.529000
     7.408000 -1.058000  0.529000
     7.408000 -0.794000  0.529000
     7.408000 -0.529000  0.529000
     7.408000 -0.265000  0.529000
     7.408000  0.000000  0.529000
     7.408000  0.265000  0.529000
     7.408000  0.529000  0.529000
     7.408000  0.794000  0.529000
     7.408000  1.058000  0.529000
     7.408000  1.323000  0.529000
     7.408000  1.588000  0.529000
     7.408000  1.852000  0.529000
     7.408000  2.117000  0.529000
     7.408000  2.381000  0.529000
     7.408000  2.646000  0.529000
     7.408000  2.910000  0.529000
     7.408000  3.175000  0.529000
     7.408000  3.440000  0.529000
     7.408000  3.704000  0.529000
     7.408000  3.969000  0.529000
     7.408000  4.233000  0.529000
     7.408000  4.498000  0.529000
     7.408000  4.763000  0.529000
     7.408000  5.027000  0.529000
     7.408000  5.292000  0.529000
     7.408000  5.556000  0.529000
     7.408000  5.821000  0.529000
     7.408000  6.086000  0.529000
     7.408000  6.350000  0.529000
     7.408000  6.615000  0.529000
     7.408000  6.879000  0.529000
     7.408000  7.144000  0.529000
     7.408000  7.408000  0.529000
     7.408000  7.673000  0.529000
     7.408000  7.938000  0.529000
     7.408000  8.202000  0.529000
     7.408000  8.467000  0.529000
     7.408000  8.731000  0.529000
     7.408000  8.996000  0.529000
     7.408000  9.261000  0.529000
     7.408000  9.525000  0.529000
     7.408000  9.790000  0.529000
     7.408000  10.054000  0.529000
     7.408000  10.319000  0.529000
     7.408000  10.584000  0.529000
     7.673000 -10.584000  0.529000
     7.673000 -10.319000  0.529000
     7.673000 -10.054000  0.529000
     7.673000 -9.790000  0.529000
     7.673000 -9.525000  0.529000
     7.673000 -9.261000  0.529000
     7.673000 -8.996000  0.529000
     7.673000 -8.731000  0.529000
     7.673000 -8.467000  0.529000
     7.673000 -8.202000  0.529000
     7.673000 -7.938000  0.529000
     7.673000 -7.673000  0.529000
     7.673000 -7.408000  0.529000
     7.673000 -7.144000  0.529000
     7.673000 -6.879000  0.529000
     7.673000 -6.615000  0.529000
     7.673000 -6.350000  0.529000
     7.673000 -6.086000  0.529000
     7.673000 -5.821000  0.529000
     7.673000 -5.556000  0.529000
     7.673000 -5.292000  0.529000
     7.673000 -5.027000  0.529000
     7.673000 -4.763000  0.529000
     7.673000 -4.498000  0.529000
     7.673000 -4.233000  0.529000
     7.673000 -3.969000  0.529000
     7.673000 -3.704000  0.529000
     7.673000 -3.440000  0.529000
     7.673000 -3.175000  0.529000
     7.673000 -2.910000  0.529000
     7.673000 -2.646000  0.529000
     7.673000 -2.381000  0.529000
     7.673000 -2.117000  0.529000
     7.673000 -1.852000  0.529000
     7.673000 -1.588000  0.529000
     7.673000 -1.323000  0.529000
     7.673000 -1.058000  0.529000
     7.673000 -0.794000  0.529000
     7.673000 -0.529000  0.529000
     7.673000 -0.265000  0.529000
     7.673000  0.000000  0.529000
     7.673000  0.265000  0.529000
     7.673000  0.529000  0.529000
     7.673000  0.794000  0.529000
     7.673000  1.058000  0.529000
     7.673000  1.323000  0.529000
     7.673000  1.588000  0.529000
     7.673000  1.852000  0.529000
     7.673000  2.117000  0.529000
     7.673000  2.381000  0.529000
     7.673000  2.646000  0.529000
     7.673000  2.910000  0.529000
     7.673000  3.175000  0.529000
     7.673000  3.440000  0.529000
     7.673000  3.704000  0.529000
     7.673000  3.969000  0.529000
     7.673000  4.233000  0.529000
     7.673000  4.498000  0.529000
     7.673000  4.763000  0.529000
     7.673000  5.027000  0.529000
     7.673000  5.292000  0.529000
     7.673000  5.556000  0.529000
     7.673000  5.821000  0.529000
     7.673000  6.086000  0.529000
     7.673000  6.350000  0.529000
     7.673000  6.615000  0.529000
     7.673000  6.879000  0.529000
     7.673000  7.144000  0.529000
     7.673000  7.408000  0.529000
     7.673000  7.673000  0.529000
     7.673000  7.938000  0.529000
     7.673000  8.202000  0.529000
     7.673000  8.467000  0.529000
     7.673000  8.731000  0.529000
     7.673000  8.996000  0.529000
     7.673000  9.261000  0.529000
     7.673000  9.525000  0.529000
     7.673000  9.790000  0.529000
     7.673000  10.054000  0.529000
     7.673000  10.319000  0.529000
     7.673000  10.584000  0.529000
     7.938000 -10.584000  0.529000
     7.938000 -10.319000  0.529000
     7.938000 -10.054000  0.529000
     7.938000 -9.790000  0.529000
     7.938000 -9.525000  0.529000
     7.938000 -9.261000  0.529000
     7.938000 -8.996000  0.529000
     7.938000 -8.731000  0.529000
     7.938000 -8.467000  0.529000
     7.938000 -8.202000  0.529000
     7.938000 -7.938000  0.529000
     7.938000 -7.673000  0.529000
     7.938000 -7.408000  0.529000
     7.938000 -7.144000  0.529000
     7.938000 -6.879000  0.529000
     7.938000 -6.615000  0.529000
     7.938000 -6.350000  0.529000
     7.938000 -6.086000  0.529000
     7.938000 -5.821000  0.529000
     7.938000 -5.556000  0.529000
     7.938000 -5.292000  0.529000
     7.938000 -5.027000  0.529000
     7.938000 -4.763000  0.529000
     7.938000 -4.498000  0.529000
     7.938000 -4.233000  0.529000
     7.938000 -3.969000  0.529000
     7.938000 -3.704000  0.529000
     7.938000 -3.440000  0.529000
     7.938000 -3.175000  0.529000
     7.938000 -2.910000  0.529000
     7.938000 -2.646000  0.529000
     7.938000 -2.381000  0.529000
     7.938000 -2.117000  0.529000
     7.938000 -1.852000  0.529000
     7.938000 -1.588000  0.529000
     7.938000 -1.323000  0.529000
     7.938000 -1.058000  0.529000
     7.938000 -0.794000  0.529000
     7.938000 -0.529000  0.529000
     7.938000 -0.265000  0.529000
     7.938000  0.000000  0.529000
     7.938000  0.265000  0.529000
     7.938000  0.529000  0.529000
     7.938000  0.794000  0.529000
     7.938000  1.058000  0.529000
     7.938000  1.323000  0.529000
     7.938000  1.588000  0.529000
     7.938000  1.852000  0.529000
     7.938000  2.117000  0.529000
     7.938000  2.381000  0.529000
     7.938000  2.646000  0.529000
     7.938000  2.910000  0.529000
     7.938000  3.175000  0.529000
     7.938000  3.440000  0.529000
     7.938000  3.704000  0.529000
     7.938000  3.969000  0.529000
     7.938000  4.233000  0.529000
     7.938000  4.498000  0.529000
     7.938000  4.763000  0.529000
     7.938000  5.027000  0.529000
     7.938000  5.292000  0.529000
     7.938000  5.556000  0.529000
     7.938000  5.821000  0.529000
     7.938000  6.086000  0.529000
     7.938000  6.350000  0.529000
     7.938000  6.615000  0.529000
     7.938000  6.879000  0.529000
     7.938000  7.144000  0.529000
     7.938000  7.408000  0.529000
     7.938000  7.673000  0.529000
     7.938000  7.938000  0.529000
     7.938000  8.202000  0.529000
     7.938000  8.467000  0.529000
     7.938000  8.731000  0.529000
     7.938000  8.996000  0.529000
     7.938000  9.261000  0.529000
     7.938000  9.525000  0.529000
     7.938000  9.790000  0.529000
     7.938000  10.054000  0.529000
     7.938000  10.319000  0.529000
     7.938000  10.584000  0.529000
     8.202000 -10.584000  0.529000
     8.202000 -10.319000  0.529000
     8.202000 -10.054000  0.529000
     8.202000 -9.790000  0.529000
     8.202000 -9.525000  0.529000
     8.202000 -9.261000  0.529000
     8.202000 -8.996000  0.529000
     8.202000 -8.731000  0.529000
     8.202000 -8.467000  0.529000
     8.202000 -8.202000  0.529000
     8.202000 -7.938000  0.529000
     8.202000 -7.673000  0.529000
     8.202000 -7.408000  0.529000
     8.202000 -7.144000  0.529000
     8.202000 -6.879000  0.529000
     8.202000 -6.615000  0.529000
     8.202000 -6.350000  0.529000
     8.202000 -6.086000  0.529000
     8.202000 -5.821000  0.529000
     8.202000 -5.556000  0.529000
     8.202000 -5.292000  0.529000
     8.202000 -5.027000  0.529000
     8.202000 -4.763000  0.529000
     8.202000 -4.498000  0.529000
     8.202000 -4.233000  0.529000
     8.202000 -3.969000  0.529000
     8.202000 -3.704000  0.529000
     8.202000 -3.440000  0.529000
     8.202000 -3.175000  0.529000
     8.202000 -2.910000  0.529000
     8.202000 -2.646000  0.529000
     8.202000 -2.381000  0.529000
     8.202000 -2.117000  0.529000
     8.202000 -1.852000  0.529000
     8.202000 -1.588000  0.529000
     8.202000 -1.323000  0.529000
     8.202000 -1.058000  0.529000
     8.202000 -0.794000  0.529000
     8.202000 -0.529000  0.529000
     8.202000 -0.265000  0.529000
     8.202000  0.000000  0.529000
     8.202000  0.265000  0.529000
     8.202000  0.529000  0.529000
     8.202000  0.794000  0.529000
     8.202000  1.058000  0.529000
     8.202000  1.323000  0.529000
     8.202000  1.588000  0.529000
     8.202000  1.852000  0.529000
     8.202000  2.117000  0.529000
     8.202000  2.381000  0.529000
     8.202000  2.646000  0.529000
     8.202000  2.910000  0.529000
     8.202000  3.175000  0.529000
     8.202000  3.440000  0.529000
     8.202000  3.704000  0.529000
     8.202000  3.969000  0.529000
     8.202000  4.233000  0.529000
     8.202000  4.498000  0.529000
     8.202000  4.763000  0.529000
     8.202000  5.027000  0.529000
     8.202000  5.292000  0.529000
     8.202000  5.556000  0.529000
     8.202000  5.821000  0.529000
     8.202000  6.086000  0.529000
     8.202000  6.350000  0.529000
     8.202000  6.615000  0.529000
     8.202000  6.879000  0.529000
     8.202000  7.144000  0.529000
     8.202000  7.408000  0.529000
     8.202000  7.673000  0.529000
     8.202000  7.938000  0.529000
     8.202000  8.202000  0.529000
     8.202000  8.467000  0.529000
     8.202000  8.731000  0.529000
     8.202000  8.996000  0.529000
     8.202000  9.261000  0.529000
     8.202000  9.525000  0.529000
     8.202000  9.790000  0.529000
     8.202000  10.054000  0.529000
     8.202000  10.319000  0.529000
     8.202000  10.584000  0.529000
     8.467000 -10.584000  0.529000
     8.467000 -10.319000  0.529000
     8.467000 -10.054000  0.529000
     8.467000 -9.790000  0.529000
     8.467000 -9.525000  0.529000
     8.467000 -9.261000  0.529000
     8.467000 -8.996000  0.529000
     8.467000 -8.731000  0.529000
     8.467000 -8.467000  0.529000
     8.467000 -8.202000  0.529000
     8.467000 -7.938000  0.529000
     8.467000 -7.673000  0.529000
     8.467000 -7.408000  0.529000
     8.467000 -7.144000  0.529000
     8.467000 -6.879000  0.529000
     8.467000 -6.615000  0.529000
     8.467000 -6.350000  0.529000
     8.467000 -6.086000  0.529000
     8.467000 -5.821000  0.529000
     8.467000 -5.556000  0.529000
     8.467000 -5.292000  0.529000
     8.467000 -5.027000  0.529000
     8.467000 -4.763000  0.529000
     8.467000 -4.498000  0.529000
     8.467000 -4.233000  0.529000
     8.467000 -3.969000  0.529000
     8.467000 -3.704000  0.529000
     8.467000 -3.440000  0.529000
     8.467000 -3.175000  0.529000
     8.467000 -2.910000  0.529000
     8.467000 -2.646000  0.529000
     8.467000 -2.381000  0.529000
     8.467000 -2.117000  0.529000
     8.467000 -1.852000  0.529000
     8.467000 -1.588000  0.529000
     8.467000 -1.323000  0.529000
     8.467000 -1.058000  0.529000
     8.467000 -0.794000  0.529000
     8.467000 -0.529000  0.529000
     8.467000 -0.265000  0.529000
     8.467000  0.000000  0.529000
     8.467000  0.265000  0.529000
     8.467000  0.529000  0.529000
     8.467000  0.794000  0.529000
     8.467000  1.058000  0.529000
     8.467000  1.323000  0.529000
     8.467000  1.588000  0.529000
     8.467000  1.852000  0.529000
     8.467000  2.117000  0.529000
     8.467000  2.381000  0.529000
     8.467000  2.646000  0.529000
     8.467000  2.910000  0.529000
     8.467000  3.175000  0.529000
     8.467000  3.440000  0.529000
     8.467000  3.704000  0.529000
     8.467000  3.969000  0.529000
     8.467000  4.233000  0.529000
     8.467000  4.498000  0.529000
     8.467000  4.763000  0.529000
     8.467000  5.027000  0.529000
     8.467000  5.292000  0.529000
     8.467000  5.556000  0.529000
     8.467000  5.821000  0.529000
     8.467000  6.086000  0.529000
     8.467000  6.350000  0.529000
     8.467000  6.615000  0.529000
     8.467000  6.879000  0.529000
     8.467000  7.144000  0.529000
     8.467000  7.408000  0.529000
     8.467000  7.673000  0.529000
     8.467000  7.938000  0.529000
     8.467000  8.202000  0.529000
     8.467000  8.467000  0.529000
     8.467000  8.731000  0.529000
     8.467000  8.996000  0.529000
     8.467000  9.261000  0.529000
     8.467000  9.525000  0.529000
     8.467000  9.790000  0.529000
     8.467000  10.054000  0.529000
     8.467000  10.319000  0.529000
     8.467000  10.584000  0.529000
     8.731000 -10.584000  0.529000
     8.731000 -10.319000  0.529000
     8.731000 -10.054000  0.529000
     8.731000 -9.790000  0.529000
     8.731000 -9.525000  0.529000
     8.731000 -9.261000  0.529000
     8.731000 -8.996000  0.529000
     8.731000 -8.731000  0.529000
     8.731000 -8.467000  0.529000
     8.731000 -8.202000  0.529000
     8.731000 -7.938000  0.529000
     8.731000 -7.673000  0.529000
     8.731000 -7.408000  0.529000
     8.731000 -7.144000  0.529000
     8.731000 -6.879000  0.529000
     8.731000 -6.615000  0.529000
     8.731000 -6.350000  0.529000
     8.731000 -6.086000  0.529000
     8.731000 -5.821000  0.529000
     8.731000 -5.556000  0.529000
     8.731000 -5.292000  0.529000
     8.731000 -5.027000  0.529000
     8.731000 -4.763000  0.529000
     8.731000 -4.498000  0.529000
     8.731000 -4.233000  0.529000
     8.731000 -3.969000  0.529000
     8.731000 -3.704000  0.529000
     8.731000 -3.440000  0.529000
     8.731000 -3.175000  0.529000
     8.731000 -2.910000  0.529000
     8.731000 -2.646000  0.529000
     8.731000 -2.381000  0.529000
     8.731000 -2.117000  0.529000
     8.731000 -1.852000  0.529000
     8.731000 -1.588000  0.529000
     8.731000 -1.323000  0.529000
     8.731000 -1.058000  0.529000
     8.731000 -0.794000  0.529000
     8.731000 -0.529000  0.529000
     8.731000 -0.265000  0.529000
     8.731000  0.000000  0.529000
     8.731000  0.265000  0.529000
     8.731000  0.529000  0.529000
     8.731000  0.794000  0.529000
     8.731000  1.058000  0.529000
     8.731000  1.323000  0.529000
     8.731000  1.588000  0.529000
     8.731000  1.852000  0.529000
     8.731000  2.117000  0.529000
     8.731000  2.381000  0.529000
     8.731000  2.646000  0.529000
     8.731000  2.910000  0.529000
     8.731000  3.175000  0.529000
     8.731000  3.440000  0.529000
     8.731000  3.704000  0.529000
     8.731000  3.969000  0.529000
     8.731000  4.233000  0.529000
     8.731000  4.498000  0.529000
     8.731000  4.763000  0.529000
     8.731000  5.027000  0.529000
     8.731000  5.292000  0.529000
     8.731000  5.556000  0.529000
     8.731000  5.821000  0.529000
     8.731000  6.086000  0.529000
     8.731000  6.350000  0.529000
     8.731000  6.615000  0.529000
     8.731000  6.879000  0.529000
     8.731000  7.144000  0.529000
     8.731000  7.408000  0.529000
     8.731000  7.673000  0.529000
     8.731000  7.938000  0.529000
     8.731000  8.202000  0.529000
     8.731000  8.467000  0.529000
     8.731000  8.731000  0.529000
     8.731000  8.996000  0.529000
     8.731000  9.261000  0.529000
     8.731000  9.525000  0.529000
     8.731000  9.790000  0.529000
     8.731000  10.054000  0.529000
     8.731000  10.319000  0.529000
     8.731000  10.584000  0.529000
     8.996000 -10.584000  0.529000
     8.996000 -10.319000  0.529000
     8.996000 -10.054000  0.529000
     8.996000 -9.790000  0.529000
     8.996000 -9.525000  0.529000
     8.996000 -9.261000  0.529000
     8.996000 -8.996000  0.529000
     8.996000 -8.731000  0.529000
     8.996000 -8.467000  0.529000
     8.996000 -8.202000  0.529000
     8.996000 -7.938000  0.529000
     8.996000 -7.673000  0.529000
     8.996000 -7.408000  0.529000
     8.996000 -7.144000  0.529000
     8.996000 -6.879000  0.529000
     8.996000 -6.615000  0.529000
     8.996000 -6.350000  0.529000
     8.996000 -6.086000  0.529000
     8.996000 -5.821000  0.529000
     8.996000 -5.556000  0.529000
     8.996000 -5.292000  0.529000
     8.996000 -5.027000  0.529000
     8.996000 -4.763000  0.529000
     8.996000 -4.498000  0.529000
     8.996000 -4.233000  0.529000
     8.996000 -3.969000  0.529000
     8.996000 -3.704000  0.529000
     8.996000 -3.440000  0.529000
     8.996000 -3.175000  0.529000
     8.996000 -2.910000  0.529000
     8.996000 -2.646000  0.529000
     8.996000 -2.381000  0.529000
     8.996000 -2.117000  0.529000
     8.996000 -1.852000  0.529000
     8.996000 -1.588000  0.529000
     8.996000 -1.323000  0.529000
     8.996000 -1.058000  0.529000
     8.996000 -0.794000  0.529000
     8.996000 -0.529000  0.529000
     8.996000 -0.265000  0.529000
     8.996000  0.000000  0.529000
     8.996000  0.265000  0.529000
     8.996000  0.529000  0.529000
     8.996000  0.794000  0.529000
     8.996000  1.058000  0.529000
     8.996000  1.323000  0.529000
     8.996000  1.588000  0.529000
     8.996000  1.852000  0.529000
     8.996000  2.117000  0.529000
     8.996000  2.381000  0.529000
     8.996000  2.646000  0.529000
     8.996000  2.910000  0.529000
     8.996000  3.175000  0.529000
     8.996000  3.440000  0.529000
     8.996000  3.704000  0.529000
     8.996000  3.969000  0.529000
     8.996000  4.233000  0.529000
     8.996000  4.498000  0.529000
     8.996000  4.763000  0.529000
     8.996000  5.027000  0.529000
     8.996000  5.292000  0.529000
     8.996000  5.556000  0.529000
     8.996000  5.821000  0.529000
     8.996000  6.086000  0.529000
     8.996000  6.350000  0.529000
     8.996000  6.615000  0.529000
     8.996000  6.879000  0.529000
     8.996000  7.144000  0.529000
     8.996000  7.408000  0.529000
     8.996000  7.673000  0.529000
     8.996000  7.938000  0.529000
     8.996000  8.202000  0.529000
     8.996000  8.467000  0.529000
     8.996000  8.731000  0.529000
     8.996000  8.996000  0.529000
     8.996000  9.261000  0.529000
     8.996000  9.525000  0.529000
     8.996000  9.790000  0.529000
     8.996000  10.054000  0.529000
     8.996000  10.319000  0.529000
     8.996000  10.584000  0.529000
     9.261000 -10.584000  0.529000
     9.261000 -10.319000  0.529000
     9.261000 -10.054000  0.529000
     9.261000 -9.790000  0.529000
     9.261000 -9.525000  0.529000
     9.261000 -9.261000  0.529000
     9.261000 -8.996000  0.529000
     9.261000 -8.731000  0.529000
     9.261000 -8.467000  0.529000
     9.261000 -8.202000  0.529000
     9.261000 -7.938000  0.529000
     9.261000 -7.673000  0.529000
     9.261000 -7.408000  0.529000
     9.261000 -7.144000  0.529000
     9.261000 -6.879000  0.529000
     9.261000 -6.615000  0.529000
     9.261000 -6.350000  0.529000
     9.261000 -6.086000  0.529000
     9.261000 -5.821000  0.529000
     9.261000 -5.556000  0.529000
     9.261000 -5.292000  0.529000
     9.261000 -5.027000  0.529000
     9.261000 -4.763000  0.529000
     9.261000 -4.498000  0.529000
     9.261000 -4.233000  0.529000
     9.261000 -3.969000  0.529000
     9.261000 -3.704000  0.529000
     9.261000 -3.440000  0.529000
     9.261000 -3.175000  0.529000
     9.261000 -2.910000  0.529000
     9.261000 -2.646000  0.529000
     9.261000 -2.381000  0.529000
     9.261000 -2.117000  0.529000
     9.261000 -1.852000  0.529000
     9.261000 -1.588000  0.529000
     9.261000 -1.323000  0.529000
     9.261000 -1.058000  0.529000
     9.261000 -0.794000  0.529000
     9.261000 -0.529000  0.529000
     9.261000 -0.265000  0.529000
     9.261000  0.000000  0.529000
     9.261000  0.265000  0.529000
     9.261000  0.529000  0.529000
     9.261000  0.794000  0.529000
     9.261000  1.058000  0.529000
     9.261000  1.323000  0.529000
     9.261000  1.588000  0.529000
     9.261000  1.852000  0.529000
     9.261000  2.117000  0.529000
     9.261000  2.381000  0.529000
     9.261000  2.646000  0.529000
     9.261000  2.910000  0.529000
     9.261000  3.175000  0.529000
     9.261000  3.440000  0.529000
     9.261000  3.704000  0.529000
     9.261000  3.969000  0.529000
     9.261000  4.233000  0.529000
     9.261000  4.498000  0.529000
     9.261000  4.763000  0.529000
     9.261000  5.027000  0.529000
     9.261000  5.292000  0.529000
     9.261000  5.556000  0.529000
     9.261000  5.821000  0.529000
     9.261000  6.086000  0.529000
     9.261000  6.350000  0.529000
     9.261000  6.615000  0.529000
     9.261000  6.879000  0.529000
     9.261000  7.144000  0.529000
     9.261000  7.408000  0.529000
     9.261000  7.673000  0.529000
     9.261000  7.938000  0.529000
     9.261000  8.202000  0.529000
     9.261000  8.467000  0.529000
     9.261000  8.731000  0.529000
     9.261000  8.996000  0.529000
     9.261000  9.261000  0.529000
     9.261000  9.525000  0.529000
     9.261000  9.790000  0.529000
     9.261000  10.054000  0.529000
     9.261000  10.319000  0.529000
     9.261000  10.584000  0.529000
     9.525000 -10.584000  0.529000
     9.525000 -10.319000  0.529000
     9.525000 -10.054000  0.529000
     9.525000 -9.790000  0.529000
     9.525000 -9.525000  0.529000
     9.525000 -9.261000  0.529000
     9.525000 -8.996000  0.529000
     9.525000 -8.731000  0.529000
     9.525000 -8.467000  0.529000
     9.525000 -8.202000  0.529000
     9.525000 -7.938000  0.529000
     9.525000 -7.673000  0.529000
     9.525000 -7.408000  0.529000
     9.525000 -7.144000  0.529000
     9.525000 -6.879000  0.529000
     9.525000 -6.615000  0.529000
     9.525000 -6.350000  0.529000
     9.525000 -6.086000  0.529000
     9.525000 -5.821000  0.529000
     9.525000 -5.556000  0.529000
     9.525000 -5.292000  0.529000
     9.525000 -5.027000  0.529000
     9.525000 -4.763000  0.529000
     9.525000 -4.498000  0.529000
     9.525000 -4.233000  0.529000
     9.525000 -3.969000  0.529000
     9.525000 -3.704000  0.529000
     9.525000 -3.440000  0.529000
     9.525000 -3.175000  0.529000
     9.525000 -2.910000  0.529000
     9.525000 -2.646000  0.529000
     9.525000 -2.381000  0.529000
     9.525000 -2.117000  0.529000
     9.525000 -1.852000  0.529000
     9.525000 -1.588000  0.529000
     9.525000 -1.323000  0.529000
     9.525000 -1.058000  0.529000
     9.525000 -0.794000  0.529000
     9.525000 -0.529000  0.529000
     9.525000 -0.265000  0.529000
     9.525000  0.000000  0.529000
     9.525000  0.265000  0.529000
     9.525000  0.529000  0.529000
     9.525000  0.794000  0.529000
     9.525000  1.058000  0.529000
     9.525000  1.323000  0.529000
     9.525000  1.588000  0.529000
     9.525000  1.852000  0.529000
     9.525000  2.117000  0.529000
     9.525000  2.381000  0.529000
     9.525000  2.646000  0.529000
     9.525000  2.910000  0.529000
     9.525000  3.175000  0.529000
     9.525000  3.440000  0.529000
     9.525000  3.704000  0.529000
     9.525000  3.969000  0.529000
     9.525000  4.233000  0.529000
     9.525000  4.498000  0.529000
     9.525000  4.763000  0.529000
     9.525000  5.027000  0.529000
     9.525000  5.292000  0.529000
     9.525000  5.556000  0.529000
     9.525000  5.821000  0.529000
     9.525000  6.086000  0.529000
     9.525000  6.350000  0.529000
     9.525000  6.615000  0.529000
     9.525000  6.879000  0.529000
     9.525000  7.144000  0.529000
     9.525000  7.408000  0.529000
     9.525000  7.673000  0.529000
     9.525000  7.938000  0.529000
     9.525000  8.202000  0.529000
     9.525000  8.467000  0.529000
     9.525000  8.731000  0.529000
     9.525000  8.996000  0.529000
     9.525000  9.261000  0.529000
     9.525000  9.525000  0.529000
     9.525000  9.790000  0.529000
     9.525000  10.054000  0.529000
     9.525000  10.319000  0.529000
     9.525000  10.584000  0.529000
     9.790000 -10.584000  0.529000
     9.790000 -10.319000  0.529000
     9.790000 -10.054000  0.529000
     9.790000 -9.790000  0.529000
     9.790000 -9.525000  0.529000
     9.790000 -9.261000  0.529000
     9.790000 -8.996000  0.529000
     9.790000 -8.731000  0.529000
     9.790000 -8.467000  0.529000
     9.790000 -8.202000  0.529000
     9.790000 -7.938000  0.529000
     9.790000 -7.673000  0.529000
     9.790000 -7.408000  0.529000
     9.790000 -7.144000  0.529000
     9.790000 -6.879000  0.529000
     9.790000 -6.615000  0.529000
     9.790000 -6.350000  0.529000
     9.790000 -6.086000  0.529000
     9.790000 -5.821000  0.529000
     9.790000 -5.556000  0.529000
     9.790000 -5.292000  0.529000
     9.790000 -5.027000  0.529000
     9.790000 -4.763000  0.529000
     9.790000 -4.498000  0.529000
     9.790000 -4.233000  0.529000
     9.790000 -3.969000  0.529000
     9.790000 -3.704000  0.529000
     9.790000 -3.440000  0.529000
     9.790000 -3.175000  0.529000
     9.790000 -2.910000  0.529000
     9.790000 -2.646000  0.529000
     9.790000 -2.381000  0.529000
     9.790000 -2.117000  0.529000
     9.790000 -1.852000  0.529000
     9.790000 -1.588000  0.529000
     9.790000 -1.323000  0.529000
     9.790000 -1.058000  0.529000
     9.790000 -0.794000  0.529000
     9.790000 -0.529000  0.529000
     9.790000 -0.265000  0.529000
     9.790000  0.000000  0.529000
     9.790000  0.265000  0.529000
     9.790000  0.529000  0.529000
     9.790000  0.794000  0.529000
     9.790000  1.058000  0.529000
     9.790000  1.323000  0.529000
     9.790000  1.588000  0.529000
     9.790000  1.852000  0.529000
     9.790000  2.117000  0.529000
     9.790000  2.381000  0.529000
     9.790000  2.646000  0.529000
     9.790000  2.910000  0.529000
     9.790000  3.175000  0.529000
     9.790000  3.440000  0.529000
     9.790000  3.704000  0.529000
     9.790000  3.969000  0.529000
     9.790000  4.233000  0.529000
     9.790000  4.498000  0.529000
     9.790000  4.763000  0.529000
     9.790000  5.027000  0.529000
     9.790000  5.292000  0.529000
     9.790000  5.556000  0.529000
     9.790000  5.821000  0.529000
     9.790000  6.086000  0.529000
     9.790000  6.350000  0.529000
     9.790000  6.615000  0.529000
     9.790000  6.879000  0.529000
     9.790000  7.144000  0.529000
     9.790000  7.408000  0.529000
     9.790000  7.673000  0.529000
     9.790000  7.938000  0.529000
     9.790000  8.202000  0.529000
     9.790000  8.467000  0.529000
     9.790000  8.731000  0.529000
     9.790000  8.996000  0.529000
     9.790000  9.261000  0.529000
     9.790000  9.525000  0.529000
     9.790000  9.790000  0.529000
     9.790000  10.054000  0.529000
     9.790000  10.319000  0.529000
     9.790000  10.584000  0.529000
     10.054000 -10.584000  0.529000
     10.054000 -10.319000  0.529000
     10.054000 -10.054000  0.529000
     10.054000 -9.790000  0.529000
     10.054000 -9.525000  0.529000
     10.054000 -9.261000  0.529000
     10.054000 -8.996000  0.529000
     10.054000 -8.731000  0.529000
     10.054000 -8.467000  0.529000
     10.054000 -8.202000  0.529000
     10.054000 -7.938000  0.529000
     10.054000 -7.673000  0.529000
     10.054000 -7.408000  0.529000
     10.054000 -7.144000  0.529000
     10.054000 -6.879000  0.529000
     10.054000 -6.615000  0.529000
     10.054000 -6.350000  0.529000
     10.054000 -6.086000  0.529000
     10.054000 -5.821000  0.529000
     10.054000 -5.556000  0.529000
     10.054000 -5.292000  0.529000
     10.054000 -5.027000  0.529000
     10.054000 -4.763000  0.529000
     10.054000 -4.498000  0.529000
     10.054000 -4.233000  0.529000
     10.054000 -3.969000  0.529000
     10.054000 -3.704000  0.529000
     10.054000 -3.440000  0.529000
     10.054000 -3.175000  0.529000
     10.054000 -2.910000  0.529000
     10.054000 -2.646000  0.529000
     10.054000 -2.381000  0.529000
     10.054000 -2.117000  0.529000
     10.054000 -1.852000  0.529000
     10.054000 -1.588000  0.529000
     10.054000 -1.323000  0.529000
     10.054000 -1.058000  0.529000
     10.054000 -0.794000  0.529000
     10.054000 -0.529000  0.529000
     10.054000 -0.265000  0.529000
     10.054000  0.000000  0.529000
     10.054000  0.265000  0.529000
     10.054000  0.529000  0.529000
     10.054000  0.794000  0.529000
     10.054000  1.058000  0.529000
     10.054000  1.323000  0.529000
     10.054000  1.588000  0.529000
     10.054000  1.852000  0.529000
     10.054000  2.117000  0.529000
     10.054000  2.381000  0.529000
     10.054000  2.646000  0.529000
     10.054000  2.910000  0.529000
     10.054000  3.175000  0.529000
     10.054000  3.440000  0.529000
     10.054000  3.704000  0.529000
     10.054000  3.969000  0.529000
     10.054000  4.233000  0.529000
     10.054000  4.498000  0.529000
     10.054000  4.763000  0.529000
     10.054000  5.027000  0.529000
     10.054000  5.292000  0.529000
     10.054000  5.556000  0.529000
     10.054000  5.821000  0.529000
     10.054000  6.086000  0.529000
     10.054000  6.350000  0.529000
     10.054000  6.615000  0.529000
     10.054000  6.879000  0.529000
     10.054000  7.144000  0.529000
     10.054000  7.408000  0.529000
     10.054000  7.673000  0.529000
     10.054000  7.938000  0.529000
     10.054000  8.202000  0.529000
     10.054000  8.467000  0.529000
     10.054000  8.731000  0.529000
     10.054000  8.996000  0.529000
     10.054000  9.261000  0.529000
     10.054000  9.525000  0.529000
     10.054000  9.790000  0.529000
     10.054000  10.054000  0.529000
     10.054000  10.319000  0.529000
     10.054000  10.584000  0.529000
     10.319000 -10.584000  0.529000
     10.319000 -10.319000  0.529000
     10.319000 -10.054000  0.529000
     10.319000 -9.790000  0.529000
     10.319000 -9.525000  0.529000
     10.319000 -9.261000  0.529000
     10.319000 -8.996000  0.529000
     10.319000 -8.731000  0.529000
     10.319000 -8.467000  0.529000
     10.319000 -8.202000  0.529000
     10.319000 -7.938000  0.529000
     10.319000 -7.673000  0.529000
     10.319000 -7.408000  0.529000
     10.319000 -7.144000  0.529000
     10.319000 -6.879000  0.529000
     10.319000 -6.615000  0.529000
     10.319000 -6.350000  0.529000
     10.319000 -6.086000  0.529000
     10.319000 -5.821000  0.529000
     10.319000 -5.556000  0.529000
     10.319000 -5.292000  0.529000
     10.319000 -5.027000  0.529000
     10.319000 -4.763000  0.529000
     10.319000 -4.498000  0.529000
     10.319000 -4.233000  0.529000
     10.319000 -3.969000  0.529000
     10.319000 -3.704000  0.529000
     10.319000 -3.440000  0.529000
     10.319000 -3.175000  0.529000
     10.319000 -2.910000  0.529000
     10.319000 -2.646000  0.529000
     10.319000 -2.381000  0.529000
     10.319000 -2.117000  0.529000
     10.319000 -1.852000  0.529000
     10.319000 -1.588000  0.529000
     10.319000 -1.323000  0.529000
     10.319000 -1.058000  0.529000
     10.319000 -0.794000  0.529000
     10.319000 -0.529000  0.529000
     10.319000 -0.265000  0.529000
     10.319000  0.000000  0.529000
     10.319000  0.265000  0.529000
     10.319000  0.529000  0.529000
     10.319000  0.794000  0.529000
     10.319000  1.058000  0.529000
     10.319000  1.323000  0.529000
     10.319000  1.588000  0.529000
     10.319000  1.852000  0.529000
     10.319000  2.117000  0.529000
     10.319000  2.381000  0.529000
     10.319000  2.646000  0.529000
     10.319000  2.910000  0.529000
     10.319000  3.175000  0.529000
     10.319000  3.440000  0.529000
     10.319000  3.704000  0.529000
     10.319000  3.969000  0.529000
     10.319000  4.233000  0.529000
     10.319000  4.498000  0.529000
     10.319000  4.763000  0.529000
     10.319000  5.027000  0.529000
     10.319000  5.292000  0.529000
     10.319000  5.556000  0.529000
     10.319000  5.821000  0.529000
     10.319000  6.086000  0.529000
     10.319000  6.350000  0.529000
     10.319000  6.615000  0.529000
     10.319000  6.879000  0.529000
     10.319000  7.144000  0.529000
     10.319000  7.408000  0.529000
     10.319000  7.673000  0.529000
     10.319000  7.938000  0.529000
     10.319000  8.202000  0.529000
     10.319000  8.467000  0.529000
     10.319000  8.731000  0.529000
     10.319000  8.996000  0.529000
     10.319000  9.261000  0.529000
     10.319000  9.525000  0.529000
     10.319000  9.790000  0.529000
     10.319000  10.054000  0.529000
     10.319000  10.319000  0.529000
     10.319000  10.584000  0.529000
     10.584000 -10.584000  0.529000
     10.584000 -10.319000  0.529000
     10.584000 -10.054000  0.529000
     10.584000 -9.790000  0.529000
     10.584000 -9.525000  0.529000
     10.584000 -9.261000  0.529000
     10.584000 -8.996000  0.529000
     10.584000 -8.731000  0.529000
     10.584000 -8.467000  0.529000
     10.584000 -8.202000  0.529000
     10.584000 -7.938000  0.529000
     10.584000 -7.673000  0.529000
     10.584000 -7.408000  0.529000
     10.584000 -7.144000  0.529000
     10.584000 -6.879000  0.529000
     10.584000 -6.615000  0.529000
     10.584000 -6.350000  0.529000
     10.584000 -6.086000  0.529000
     10.584000 -5.821000  0.529000
     10.584000 -5.556000  0.529000
     10.584000 -5.292000  0.529000
     10.584000 -5.027000  0.529000
     10.584000 -4.763000  0.529000
     10.584000 -4.498000  0.529000
     10.584000 -4.233000  0.529000
     10.584000 -3.969000  0.529000
     10.584000 -3.704000  0.529000
     10.584000 -3.440000  0.529000
     10.584000 -3.175000  0.529000
     10.584000 -2.910000  0.529000
     10.584000 -2.646000  0.529000
     10.584000 -2.381000  0.529000
     10.584000 -2.117000  0.529000
     10.584000 -1.852000  0.529000
     10.584000 -1.588000  0.529000
     10.584000 -1.323000  0.529000
     10.584000 -1.058000  0.529000
     10.584000 -0.794000  0.529000
     10.584000 -0.529000  0.529000
     10.584000 -0.265000  0.529000
     10.584000  0.000000  0.529000
     10.584000  0.265000  0.529000
     10.584000  0.529000  0.529000
     10.584000  0.794000  0.529000
     10.584000  1.058000  0.529000
     10.584000  1.323000  0.529000
     10.584000  1.588000  0.529000
     10.584000  1.852000  0.529000
     10.584000  2.117000  0.529000
     10.584000  2.381000  0.529000
     10.584000  2.646000  0.529000
     10.584000  2.910000  0.529000
     10.584000  3.175000  0.529000
     10.584000  3.440000  0.529000
     10.584000  3.704000  0.529000
     10.584000  3.969000  0.529000
     10.584000  4.233000  0.529000
     10.584000  4.498000  0.529000
     10.584000  4.763000  0.529000
     10.584000  5.027000  0.529000
     10.584000  5.292000  0.529000
     10.584000  5.556000  0.529000
     10.584000  5.821000  0.529000
     10.584000  6.086000  0.529000
     10.584000  6.350000  0.529000
     10.584000  6.615000  0.529000
     10.584000  6.879000  0.529000
     10.584000  7.144000  0.529000
     10.584000  7.408000  0.529000
     10.584000  7.673000  0.529000
     10.584000  7.938000  0.529000
     10.584000  8.202000  0.529000
     10.584000  8.467000  0.529000
     10.584000  8.731000  0.529000
     10.584000  8.996000  0.529000
     10.584000  9.261000  0.529000
     10.584000  9.525000  0.529000
     10.584000  9.790000  0.529000
     10.584000  10.054000  0.529000
     10.584000  10.319000  0.529000
     10.584000  10.584000  0.529000

POINT_DATA 6561
VECTORS point_vectors float
    -0.000137  0.000227  0.000026
    -0.000137  0.000227  0.000026
    -0.000137  0.000227  0.000026
    -0.000137  0.000227  0.000026
    -0.000137  0.000227  0.000026
    -0.000137  0.000227  0.000026
    -0.000137  0.000227  0.000026
    -0.000137  0.000227  0.000026
    -0.000137  0.000227  0.000026
    -0.000137  0.000227  0.000026
    -0.000137  0.000227  0.000026
    -0.000137  0.000227  0.000026
    -0.000137  0.000227  0.000026
    -0.000137  0.000227  0.000026
    -0.000137  0.000227  0.000026
    -0.000137  0.000227  0.000026
    -0.000137  0.000227  0.000026
    -0.000137  0.000227  0.000026
    -0.000137  0.000227  0.000026
    -0.000137  0.000227  0.000026
    -0.000137  0.000227  0.000026
    -0.000137  0.000227  0.000026
    -0.000137  0.000227  0.000026
    -0.000173  0.000453  0.000026
    -0.000187  0.000503  0.000026
    -0.000191  0.000515  0.000026
    -0.000201  0.000550  0.000026
    -0.000209  0.000577  0.000026
    -0.000238  0.000678  0.000026
    -0.000251  0.000727  0.000026
    -0.000264  0.000769  0.000026
    -0.000273  0.000802  0.000026
    -0.000280  0.000824  0.000026
    -0.000289  0.000853  0.000026
    -0.000294  0.000869  0.000026
    -0.000296  0.000878  0.000026
    -0.000296  0.000875  0.000026
    -0.000295  0.000870  0.000026
    -0.000293  0.000865  0.000026
    -0.000292  0.000859  0.000026
    -0.000290  0.000853  0.000026
    -0.000289  0.000848  0.000026
    -0.000287  0.000842  0.000026
    -0.000286  0.000835  0.000026
    -0.000284  0.000828  0.000026
    -0.000281  0.000820  0.000026
    -0.000277  0.000804  0.000026
    -0.000270  0.000781  0.000026
    -0.000261  0.000750  0.000026
    -0.000253  0.000724  0.000026
    -0.000243  0.000690  0.000026
    -0.000232  0.000650  0.000026
    -0.000219  0.000607  0.000026
    -0.000195  0.000524  0.000026
    -0.000188  0.000500  0.000026
    -0.000179  0.000468  0.000026
    -0.000174  0.000450  0.000026
    -0.000157  0.000370  0.000026
    -0.000137  0.000227  0.000026
    -0.000137  0.000227  0.000026
    -0.000137  0.000227  0.000026
    -0.000137  0.000227  0.000026
    -0.000137  0.000227  0.000026
    -0.000137  0.000227  0.000026
    -0.000137  0.000227  0.000026
    -0.000137  0.000227  0.000026
    -0.000137  0.000227  0.000026
    -0.000137  0.000227  0.000026
    -0.000137  0.000227  0.000026
    -0.000137  0.000227  0.000026
    -0.000137  0.000227  0.000026
    -0.000137  0.000227  0.000026
    -0.000137  0.000227  0.000026
    -0.000137  0.000227  0.000026
    -0.000137  0.000227  0.000026
    -0.000137  0.000227  0.000026
    -0.000137  0.000227  0.000026
    -0.000137  0.000227  0.000026
    -0.000137  0.000227  0.000026
    -0.000137  0.000227  0.000026
    -0.000137  0.000227  0.000026
    -0.000137  0.000227  0.000026
    -0.000137  0.000227  0.000026
    -0.000137  0.000227  0.000026
    -0.000137  0.000227  0.000026
    -0.000137  0.000227  0.000026
    -0.000137  0.000227  0.000026
    -0.000137  0.000227  0.000026
    -0.000137  0.000227  0.000026
    -0.000137  0.000227  0.000026
    -0.000137  0.000227  0.000026
    -0.000137  0.000227  0.000026
    -0.000137  0.000227  0.000026
    -0.000137  0.000227  0.000026
    -0.000137  0.000227  0.000026
    -0.000137  0.000227  0.000026
    -0.000137  0.000227  0.000026
    -0.000137  0.000227  0.000026
    -0.000137  0.000227  0.000026
    -0.000137  0.000227  0.000026
    -0.000137  0.000227  0.000026
    -0.000137  0.000227  0.000026
    -0.000165  0.000424  0.000026
    -0.000182  0.000482  0.000026
    -0.000196  0.000529  0.000026
    -0.000196  0.000531  0.000026
    -0.000193  0.000517  0.000026
    -0.000199  0.000535  0.000026
    -0.000229  0.000641  0.000026
    -0.000242  0.000683  0.000026
    -0.000272  0.000791  0.000026
    -0.000279  0.000814  0.000026
    -0.000289  0.000850  0.000026
    -0.000296  0.000872  0.000026
    -0.000298  0.000879  0.000026
    -0.000296  0.000869  0.000026
    -0.000294  0.000862  0.000026
    -0.000292  0.000854  0.000026
    -0.000298  0.000905  0.000026
    -0.000292  0.000855  0.000026
    -0.000286  0.000833  0.000026
    -0.000323  0.001289  0.000026
    -0.000285  0.000827  0.000026
    -0.000287  0.000836  0.000026
    -0.000288  0.000840  0.000026
    -0.000279  0.000807  0.000026
    -0.000278  0.000802  0.000026
    -0.000277  0.000797  0.000026
    -0.000277  0.000795  0.000026
    -0.000272  0.000780  0.000026
    -0.000264  0.000753  0.000026
    -0.000254  0.000718  0.000026
    -0.000246  0.000690  0.000026
    -0.000218  0.000592  0.000026
    -0.000207  0.000556  0.000026
    -0.000183  0.000474  0.000026
    -0.000178  0.000459  0.000026
    -0.000181  0.000472  0.000026
    -0.000179  0.000462  0.000026
    -0.000167  0.000423  0.000026
    -0.000140  0.000248  0.000026
    -0.000137  0.000227  0.000026
    -0.000137  0.000227  0.000026
    -0.000137  0.000227  0.000026
    -0.000137  0.000227  0.000026
    -0.000137  0.000227  0.000026
    -0.000137  0.000227  0.000026
    -0.000137  0.000227  0.000026
    -0.000137  0.000227  0.000026
    -0.000137  0.000227  0.000026
    -0.000137  0.000227  0.000026
    -0.000137  0.000227  0.000026
    -0.000137  0.000227  0.000026
    -0.000137  0.000227  0.000026
    -0.000137  0.000227  0.000026
    -0.000137  0.000227  0.000026
    -0.000137  0.000227  0.000026
    -0.000137  0.000227  0.000026
    -0.000137  0.000227  0.000026
    -0.000137  0.000227  0.000026
    -0.000137  0.000227  0.000026
    -0.000137  0.000227  0.000026
    -0.000137  0.000227  0.000026
    -0.000137  0.000227  0.000026
    -0.000137  0.000227  0.000026
    -0.000137  0.000227  0.000026
    -0.000137  0.000227  0.000026
    -0.000137  0.000227  0.000026
    -0.000137  0.000227  0.000026
    -0.000137  0.000227  0.000026
    -0.000137  0.000227  0.000026
    -0.000137  0.000227  0.000026
    -0.000137  0.000227  0.000026
    -0.000137  0.000227  0.000026
    -0.000137  0.000227  0.000026
    -0.000137  0.000227  0.000026
    -0.000137  0.000227  0.000026
    -0.000137  0.000227  0.000026
    -0.000137  0.000227  0.000026
    -0.000137  0.000227  0.000026
    -0.000137  0.000227  0.000026
    -0.000137  0.000227  0.000026
    -0.000172  0.000443  0.000026
    -0.000179  0.000464  0.000026
    -0.000188  0.000495  0.000026
    -0.000183  0.000479  0.000026
    -0.000191  0.000503  0.000026
    -0.000220  0.000605  0.000026
    -0.000258  0.000741  0.000026
    -0.000276  0.000801  0.000026
    -0.000288  0.000843  0.000026
    -0.000295  0.000866  0.000026
    -0.000301  0.000887  0.000026
    -0.000303  0.000895  0.000026
    -0.000296  0.000866  0.000026
    -0.000287  0.000836  0.000026
    -0.000279  0.000808  0.000026
    -0.000269  0.000772  0.000026
    -0.000280  0.000813  0.000026
    -0.000275  0.000794  0.000026
    -0.000270  0.000776  0.000026
    -0.000270  0.000775  0.000026
    -0.000263  0.000749  0.000026
    -0.000265  0.000757  0.000026
    -0.000262  0.000747  0.000026
    -0.000265  0.000755  0.000026
    -0.000268  0.000764  0.000026
    -0.000257  0.000723  0.000026
    -0.000264  0.000749  0.000026
    -0.000269  0.000764  0.000026
    -0.000274  0.000781  0.000026
    -0.000278  0.000793  0.000026
    -0.000274  0.000781  0.000026
    -0.000267  0.000758  0.000026
    -0.000259  0.000731  0.000026
    -0.000247  0.000691  0.000026
    -0.000231  0.000634  0.000026
    -0.000197  0.000516  0.000026
    -0.000174  0.000439  0.000026
    -0.000167  0.000416  0.000026
    -0.000169  0.000420  0.000026
    -0.000161  0.000394  0.000026
    -0.000149  0.000308  0.000026
    -0.000137  0.000227  0.000026
    -0.000137  0.000227  0.000026
    -0.000137  0.000227  0.000026
    -0.000137  0.000227  0.000026
    -0.000137  0.000227  0.000026
    -0.000137  0.000227  0.000026
    -0.000137  0.000227  0.000026
    -0.000137  0.000227  0.000026
    -0.000137  0.000227  0.000026
    -0.000137  0.000227  0.000026
    -0.000137  0.000227  0.000026
    -0.000137  0.000227  0.000026
    -0.000137  0.000227  0.000026
    -0.000137  0.000227  0.000026
    -0.000137  0.000227  0.000026
    -0.000137  0.000227  0.000026
    -0.000137  0.000227  0.000026
    -0.000137  0.000227  0.000026
    -0.000137  0.000227  0.000026
    -0.000137  0.000227  0.000026
    -0.000137  0.000227  0.000026
    -0.000137  0.000227  0.000026
    -0.000137  0.000227  0.000026
    -0.000137  0.000227  0.000026
    -0.000137  0.000227  0.000026
    -0.000137  0.000227  0.000026
    -0.000137  0.000227  0.000026
    -0.000137  0.000227  0.000026
    -0.000137  0.000227  0.000026
    -0.000137  0.000227  0.000026
    -0.000137  0.000227  0.000026
    -0.000137  0.000227  0.000026
    -0.000137  0.000227  0.000026
    -0.000137  0.000227  0.000026
    -0.000137  0.000227  0.000026
    -0.000137  0.000227  0.000026
    -0.000137  0.000227  0.000026
    -0.000137  0.000227  0.000026
    -0.000145  0.000282  0.000026
    -0.000164  0.000410  0.000026
    -0.000177  0.000454  0.000026
    -0.000190  0.000497  0.000026
    -0.000190  0.000501  0.000026
    -0.000218  0.000599  0.000026
    -0.000253  0.000719  0.000026
    -0.000272  0.000785  0.000026
    -0.000289  0.000844  0.000026
    -0.000296  0.000867  0.000026
    -0.000298  0.000872  0.000026
    -0.000294  0.000859  0.000026
    -0.000286  0.000831  0.000026
    -0.000275  0.000791  0.000026
    -0.000261  0.000745  0.000026
    -0.000246  0.000694  0.000026
    -0.000256  0.000733  0.000026
    -0.000248  0.000705  0.000026
    -0.000243  0.000689  0.000026
    -0.000238  0.000672  0.000026
    -0.000219  0.000605  0.000026
    -0.000212  0.000579  0.000026
    -0.000211  0.000574  0.000026
    -0.000212  0.000578  0.000026
    -0.000217  0.000595  0.000026
    -0.000231  0.000644  0.000026
    -0.000234  0.000652  0.000026
    -0.000236  0.000659  0.000026
    -0.000242  0.000676  0.000026
    -0.000232  0.000638  0.000026
    -0.000243  0.000674  0.000026
    -0.000252  0.000705  0.000026
    -0.000260  0.000729  0.000026
    -0.000265  0.000745  0.000026
    -0.000267  0.000750  0.000026
    -0.000279  0.000744  0.000026
    -0.000296  0.000727  0.000026
    -0.000240  0.000662  0.000026
    -0.000224  0.000607  0.000026
    -0.000197  0.000517  0.000026
    -0.000173  0.000432  0.000026
    -0.000169  0.000415  0.000026
    -0.000155  0.000351  0.000026
    -0.000137  0.000227  0.000026
    -0.000137  0.000227  0.000026
    -0.000137  0.000227  0.000026
    -0.000137  0.000227  0.000026
    -0.000137  0.000227  0.000026
    -0.000137  0.000227  0.000026
    -0.000137  0.000227  0.000026
    -0.000137  0.000227  0.000026
    -0.000137  0.000227  0.000026
    -0.000137  0.000227  0.000026
    -0.000137  0.000227  0.000026
    -0.000137  0.000227  0.000026
    -0.000137  0.000227  0.000026
    -0.000137  0.000227  0.000026
    -0.000137  0.000227  0.000026
    -0.000137  0.000227  0.000026
    -0.000137  0.000227  0.000026
    -0.000137  0.000227  0.000026
    -0.000137  0.000227  0.000026
    -0.000137  0.000227  0.000026
    -0.000137  0.000227  0.000026
    -0.000137  0.000227  0.000026
    -0.000137  0.000227  0.000026
    -0.000137  0.000227  0.000026
    -0.000137  0.000227  0.000026
    -0.000137  0.000227  0.000026
    -0.000137  0.000227  0.000026
    -0.000137  0.000227  0.000026
    -0.000137  0.000227  0.000026
    -0.000137  0.000227  0.000026
    -0.000137  0.000227  0.000026
    -0.000137  0.000227  0.000026
    -0.000137  0.000227  0.000026
    -0.000137  0.000227  0.000026
    -0.000137  0.000227  0.000026
    -0.000137  0.000227  0.000026
    -0.000137  0.000227  0.000026
    -0.000137  0.000227  0.000026
    -0.000163  0.000405  0.000026
    -0.000185  0.000478  0.000026
    -0.000195  0.000512  0.000026
    -0.000217  0.000591  0.000026
    -0.000228  0.000631  0.000026
    -0.000264  0.000753  0.000026
    -0.000283  0.000817  0.000026
    -0.000293  0.000851  0.000026
    -0.000292  0.000847  0.000026
    -0.000284  0.000820  0.000026
    -0.000277  0.000795  0.000026
    -0.000263  0.000749  0.000026
    -0.000250  0.000704  0.000026
    -0.000233  0.000650  0.000026
    -0.000238  0.000671  0.000026
    -0.000230  0.000647  0.000026
    -0.000224  0.000626  0.000026
    -0.000216  0.000600  0.000026
    -0.000194  0.000524  0.000026
    -0.000181  0.000484  0.000026
    -0.000176  0.000468  0.000026
    -0.000173  0.000460  0.000026
    -0.000171  0.000455  0.000026
    -0.000172  0.000456  0.000026
    -0.000175  0.000464  0.000026
    -0.000180  0.000477  0.000026
    -0.000190  0.000508  0.000026
    -0.000207  0.000565  0.000026
    -0.000212  0.000581  0.000026
    -0.000216  0.000593  0.000026
    -0.000221  0.000607  0.000026
    -0.000216  0.000585  0.000026
    -0.000228  0.000622  0.000026
    -0.000238  0.000650  0.000026
    -0.000247  0.000681  0.000026
    -0.000253  0.000696  0.000026
    -0.000336  0.000737  0.000026
    -0.000394  0.000753  0.000026
    -0.000364  0.000715  0.000026
    -0.000274  0.000637  0.000026
    -0.000203  0.000534  0.000026
    -0.000192  0.000496  0.000026
    -0.000172  0.000423  0.000026
    -0.000162  0.000390  0.000026
    -0.000137  0.000227  0.000026
    -0.000137  0.000227  0.000026
    -0.000137  0.000227  0.000026
    -0.000137  0.000227  0.000026
    -0.000137  0.000227  0.000026
    -0.000137  0.000227  0.000026
    -0.000137  0.000227  0.000026
    -0.000137  0.000227  0.000026
    -0.000137  0.000227  0.000026
    -0.000137  0.000227  0.000026
    -0.000137  0.000227  0.000026
    -0.000137  0.000227  0.000026
    -0.000137  0.000227  0.000026
    -0.000137  0.000227  0.000026
    -0.000137  0.000227  0.000026
    -0.000137  0.000227  0.000026
    -0.000137  0.000227  0.000026
    -0.000137  0.000227  0.000026
    -0.000137  0.000227  0.000026
    -0.000137  0.000227  0.000026
    -0.000137  0.000227  0.000026
    -0.000137  0.000227  0.000026
    -0.000137  0.000227  0.000026
    -0.000137  0.000227  0.000026
    -0.000137  0.000227  0.000026
    -0.000137  0.000227  0.000026
    -0.000137  0.000227  0.000026
    -0.000137  0.000227  0.000026
    -0.000137  0.000227  0.000026
    -0.000137  0.000227  0.000026
    -0.000137  0.000227  0.000026
    -0.000137  0.000227  0.000026
    -0.000137  0.000227  0.000026
    -0.000137  0.000227  0.000026
    -0.000137  0.000227  0.000026
    -0.000137  0.000227  0.000026
    -0.000168  0.000420  0.000026
    -0.000188  0.000484  0.000026
    -0.000217  0.000585  0.000026
    -0.000231  0.000635  0.000026
    -0.000236  0.000654  0.000026
    -0.000260  0.000772  0.000026
    -0.000241  0.000838  0.000026
    -0.000268  0.000837  0.000026
    -0.000280  0.000800  0.000026
    -0.000272  0.000776  0.000026
    -0.000262  0.000743  0.000026
    -0.000251  0.000706  0.000026
    -0.000233  0.000649  0.000026
    -0.000239  0.000675  0.000026
    -0.000228  0.000640  0.000026
    -0.000215  0.000597  0.000026
    -0.000203  0.000559  0.000026
    -0.000174  0.000463  0.000026
    -0.000137  0.000227  0.000026
    -0.000137  0.000227  0.000026
    -0.000137  0.000227  0.000026
    -0.000137  0.000227  0.000026
    -0.000137  0.000227  0.000026
    -0.000137  0.000227  0.000026
    -0.000137  0.000227  0.000026
    -0.000137  0.000227  0.000026
    -0.000137  0.000227  0.000026
    -0.000137  0.000227  0.000026
    -0.000137  0.000227  0.000026
    -0.000170  0.000447  0.000026
    -0.000192  0.000518  0.000026
    -0.000201  0.000546  0.000026
    -0.000212  0.000576  0.000026
    -0.000219  0.000597  0.000026
    -0.000213  0.000571  0.000026
    -0.000225  0.000607  0.000026
    -0.000233  0.000629  0.000026
    -0.000249  0.000652  0.000026
    -0.000341  0.000693  0.000026
    -0.000447  0.000738  0.000026
    -0.000410  0.000715  0.000026
    -0.000370  0.000667  0.000026
    -0.000207  0.000542  0.000026
    -0.000206  0.000514  0.000026
    -0.000187  0.000468  0.000026
    -0.000163  0.000389  0.000026
    -0.000137  0.000227  0.000026
    -0.000137  0.000227  0.000026
    -0.000137  0.000227  0.000026
    -0.000137  0.000227  0.000026
    -0.000137  0.000227  0.000026
    -0.000137  0.000227  0.000026
    -0.000137  0.000227  0.000026
    -0.000137  0.000227  0.000026
    -0.000137  0.000227  0.000026
    -0.000137  0.000227  0.000026
    -0.000137  0.000227  0.000026
    -0.000137  0.000227  0.000026
    -0.000137  0.000227  0.000026
    -0.000137  0.000227  0.000026
    -0.000137  0.000227  0.000026
    -0.000137  0.000227  0.000026
    -0.000137  0.000227  0.000026
    -0.000137  0.000227  0.000026
    -0.000137  0.000227  0.000026
    -0.000137  0.000227  0.000026
    -0.000137  0.000227  0.000026
    -0.000137  0.000227  0.000026
    -0.000137  0.000227  0.000026
    -0.000137  0.000227  0.000026
    -0.000137  0.000227  0.000026
    -0.000137  0.000227  0.000026
    -0.000137  0.000227  0.000026
    -0.000137  0.000227  0.000026
    -0.000137  0.000227  0.000026
    -0.000137  0.000227  0.000026
    -0.000137  0.000227  0.000026
    -0.000137  0.000227  0.000026
    -0.000137  0.000227  0.000026
    -0.000137  0.000227  0.000026
    -0.000168  0.000418  0.000026
    -0.000189  0.000484  0.000026
    -0.000245  0.000593  0.000026
    -0.000207  0.000669  0.000026
    -0.000241  0.000665  0.000026
    -0.000160  0.000819  0.000026
    -0.000145  0.000881  0.000026
    -0.000197  0.000861  0.000026
    -0.000274  0.000775  0.000026
    -0.000260  0.000731  0.000026
    -0.000251  0.000703  0.000026
    -0.000238  0.000660  0.000026
    -0.000239  0.000667  0.000026
    -0.000219  0.000606  0.000026
    -0.000201  0.000551  0.000026
    -0.000180  0.000483  0.000026
    -0.000165  0.000421  0.000026
    -0.000137  0.000227  0.000026
    -0.000137  0.000227  0.000026
    -0.000137  0.000227  0.000026
    -0.000137  0.000227  0.000026
    -0.000137  0.000227  0.000026
    -0.000137  0.000227  0.000026
    -0.000137  0.000227  0.000026
    -0.000137  0.000227  0.000026
    -0.000137  0.000227  0.000026
    -0.000137  0.000227  0.000026
    -0.000137  0.000227  0.000026
    -0.000137  0.000227  0.000026
    -0.000137  0.000227  0.000026
    -0.000137  0.000227  0.000026
    -0.000137  0.000227  0.000026
    -0.000148  0.000301  0.000026
    -0.000169  0.000440  0.000026
    -0.000187  0.000496  0.000026
    -0.000200  0.000534  0.000026
    -0.000214  0.000573  0.000026
    -0.000213  0.000562  0.000026
    -0.000222  0.000589  0.000026
    -0.000227  0.000606  0.000026
    -0.000365  0.000673  0.000026
    -0.000402  0.000703  0.000026
    -0.000360  0.000680  0.000026
    -0.000317  0.000632  0.000026
    -0.000238  0.000548  0.000026
    -0.000226  0.000522  0.000026
    -0.000173  0.000465  0.000026
    -0.000162  0.000379  0.000026
    -0.000137  0.000227  0.000026
    -0.000137  0.000227  0.000026
    -0.000137  0.000227  0.000026
    -0.000137  0.000227  0.000026
    -0.000137  0.000227  0.000026
    -0.000137  0.000227  0.000026
    -0.000137  0.000227  0.000026
    -0.000137  0.000227  0.000026
    -0.000137  0.000227  0.000026
    -0.000137  0.000227  0.000026
    -0.000137  0.000227  0.000026
    -0.000137  0.000227  0.000026
    -0.000137  0.000227  0.000026
    -0.000137  0.000227  0.000026
    -0.000137  0.000227  0.000026
    -0.000137  0.000227  0.000026
    -0.000137  0.000227  0.000026
    -0.000137  0.000227  0.000026
    -0.000137  0.000227  0.000026
    -0.000137  0.000227  0.000026
    -0.000137  0.000227  0.000026
    -0.000137  0.000227  0.000026
    -0.000137  0.000227  0.000026
    -0.000137  0.000227  0.000026
    -0.000137  0.000227  0.000026
    -0.000137  0.000227  0.000026
    -0.000137  0.000227  0.000026
    -0.000137  0.000227  0.000026
    -0.000137  0.000227  0.000026
    -0.000137  0.000227  0.000026
    -0.000137  0.000227  0.000026
    -0.000137  0.000227  0.000026
    -0.000166  0.000409  0.000026
    -0.000299  0.000498  0.000026
    -0.000276  0.000593  0.000026
    -0.000240  0.000669  0.000026
    -0.000193  0.000691  0.000026
    -0.000166  0.000824  0.000026
    -0.000138  0.000881  0.000026
    -0.000128  0.000863  0.000026
    -0.000247  0.000746  0.000026
    -0.000246  0.000681  0.000026
    -0.000234  0.000641  0.000026
    -0.000220  0.000595  0.000026
    -0.000206  0.000554  0.000026
    -0.000188  0.000503  0.000026
    -0.000174  0.000466  0.000026
    -0.000161  0.000395  0.000026
    -0.000137  0.000227  0.000026
    -0.000137  0.000227  0.000026
    -0.000137  0.000227  0.000026
    -0.000137  0.000227  0.000026
    -0.000137  0.000227  0.000026
    -0.000137  0.000227  0.000026
    -0.000137  0.000227  0.000026
    -0.000137  0.000227  0.000026
    -0.000137  0.000227  0.000026
    -0.000137  0.000227  0.000026
    -0.000137  0.000227  0.000026
    -0.000137  0.000227  0.000026
    -0.000137  0.000227  0.000026
    -0.000137  0.000227  0.000026
    -0.000137  0.000227  0.000026
    -0.000137  0.000227  0.000026
    -0.000137  0.000227  0.000026
    -0.000137  0.000227  0.000026
    -0.000137  0.000227  0.000026
    -0.000140  0.000252  0.000026
    -0.000155  0.000353  0.000026
    -0.000172  0.000442  0.000026
    -0.000184  0.000471  0.000026
    -0.000195  0.000502  0.000026
    -0.000205  0.000531  0.000026
    -0.000214  0.000557  0.000026
    -0.000373  0.000637  0.000026
    -0.000347  0.000652  0.000026
    -0.000309  0.000644  0.000026
    -0.000274  0.000608  0.000026
    -0.000264  0.000543  0.000026
    -0.000171  0.000496  0.000026
    -0.000122  0.000443  0.000026
    -0.000092  0.000385  0.000026
    -0.000137  0.000227  0.000026
    -0.000137  0.000227  0.000026
    -0.000137  0.000227  0.000026
    -0.000137  0.000227  0.000026
    -0.000137  0.000227  0.000026
    -0.000137  0.000227  0.000026
    -0.000137  0.000227  0.000026
    -0.000137  0.000227  0.000026
    -0.000137  0.000227  0.000026
    -0.000137  0.000227  0.000026
    -0.000137  0.000227  0.000026
    -0.000137  0.000227  0.000026
    -0.000137  0.000227  0.000026
    -0.000137  0.000227  0.000026
    -0.000137  0.000227  0.000026
    -0.000137  0.000227  0.000026
    -0.000137  0.000227  0.000026
    -0.000137  0.000227  0.000026
    -0.000137  0.000227  0.000026
    -0.000137  0.000227  0.000026
    -0.000137  0.000227  0.000026
    -0.000137  0.000227  0.000026
    -0.000137  0.000227  0.000026
    -0.000137  0.000227  0.000026
    -0.000137  0.000227  0.000026
    -0.000137  0.000227  0.000026
    -0.000137  0.000227  0.000026
    -0.000137  0.000227  0.000026
    -0.000137  0.000227  0.000026
    -0.000137  0.000227  0.000026
    -0.000162  0.000392  0.000026
    -0.000324  0.000478  0.000026
    -0.000310  0.000579  0.000026
    -0.000278  0.000655  0.000026
    -0.000231  0.000717  0.000026
    -0.000198  0.000799  0.000026
    -0.000172  0.000843  0.000026
    -0.000152  0.000809  0.000026
    -0.000198  0.000714  0.000026
    -0.000231  0.000627  0.000026
    -0.000219  0.000586  0.000026
    -0.000195  0.000509  0.000026
    -0.000192  0.000512  0.000026
    -0.000175  0.000468  0.000026
    -0.000162  0.000404  0.000026
    -0.000140  0.000248  0.000026
    -0.000137  0.000227  0.000026
    -0.000137  0.000227  0.000026
    -0.000137  0.000227  0.000026
    -0.000137  0.000227  0.000026
    -0.000137  0.000227  0.000026
    -0.000137  0.000227  0.000026
    -0.000137  0.000227  0.000026
    -0.000137  0.000227  0.000026
    -0.000137  0.000227  0.000026
    -0.000137  0.000227  0.000026
    -0.000137  0.000227  0.000026
    -0.000137  0.000227  0.000026
    -0.000137  0.000227  0.000026
    -0.000137  0.000227  0.000026
    -0.000137  0.000227  0.000026
    -0.000137  0.000227  0.000026
    -0.000137  0.000227  0.000026
    -0.000137  0.000227  0.000026
    -0.000137  0.000227  0.000026
    -0.000137  0.000227  0.000026
    -0.000137  0.000227  0.000026
    -0.000137  0.000227  0.000026
    -0.000138  0.000237  0.000026
    -0.000154  0.000347  0.000026
    -0.000172  0.000436  0.000026
    -0.000173  0.000425  0.000026
    -0.000191  0.000479  0.000026
    -0.000200  0.000506  0.000026
    -0.000308  0.000570  0.000026
    -0.000282  0.000590  0.000026
    -0.000251  0.000596  0.000026
    -0.000218  0.000566  0.000026
    -0.000173  0.000512  0.000026
    -0.000107  0.000460  0.000026
    -0.000065  0.000411  0.000026
    -0.000052  0.000358  0.000026
    -0.000137  0.000227  0.000026
    -0.000137  0.000227  0.000026
    -0.000137  0.000227  0.000026
    -0.000137  0.000227  0.000026
    -0.000137  0.000227  0.000026
    -0.000137  0.000227  0.000026
    -0.000137  0.000227  0.000026
    -0.000137  0.000227  0.000026
    -0.000137  0.000227  0.000026
    -0.000137  0.000227  0.000026
    -0.000137  0.000227  0.000026
    -0.000137  0.000227  0.000026
    -0.000137  0.000227  0.000026
    -0.000137  0.000227  0.000026
    -0.000137  0.000227  0.000026
    -0.000137  0.000227  0.000026
    -0.000137  0.000227  0.000026
    -0.000137  0.000227  0.000026
    -0.000137  0.000227  0.000026
    -0.000137  0.000227  0.000026
    -0.000137  0.000227  0.000026
    -0.000137  0.000227  0.000026
    -0.000137  0.000227  0.000026
    -0.000137  0.000227  0.000026
    -0.000137  0.000227  0.000026
    -0.000137  0.000227  0.000026
    -0.000137  0.000227  0.000026
    -0.000137  0.000227  0.000026
    -0.000150  0.000320  0.000026
    -0.000346  0.000446  0.000026
    -0.000346  0.000553  0.000026
    -0.000318  0.000640  0.000026
    -0.000273  0.000697  0.000026
    -0.000235  0.000762  0.000026
    -0.000212  0.000782  0.000026
    -0.000192  0.000749  0.000026
    -0.000175  0.000678  0.000026
    -0.000219  0.000581  0.000026
    -0.000199  0.000517  0.000026
    -0.000187  0.000483  0.000026
    -0.000180  0.000476  0.000026
    -0.000172  0.000461  0.000026
    -0.000150  0.000318  0.000026
    -0.000137  0.000227  0.000026
    -0.000137  0.000227  0.000026
    -0.000137  0.000227  0.000026
    -0.000137  0.000227  0.000026
    -0.000137  0.000227  0.000026
    -0.000137  0.000227  0.000026
    -0.000137  0.000227  0.000026
    -0.000137  0.000227  0.000026
    -0.000137  0.000227  0.000026
    -0.000137  0.000227  0.000026
    -0.000137  0.000227  0.000026
    -0.000137  0.000227  0.000026
    -0.000137  0.000227  0.000026
    -0.000137  0.000227  0.000026
    -0.000137  0.000227  0.000026
    -0.000137  0.000227  0.000026
    -0.000137  0.000227  0.000026
    -0.000137  0.000227  0.000026
    -0.000137  0.000227  0.000026
    -0.000137  0.000227  0.000026
    -0.000137  0.000227  0.000026
    -0.000137  0.000227  0.000026
    -0.000137  0.000227  0.000026
    -0.000137  0.000227  0.000026
    -0.000137  0.000227  0.000026
    -0.000137  0.000227  0.000026
    -0.000145  0.000287  0.000026
    -0.000160  0.000385  0.000026
    -0.000166  0.000403  0.000026
    -0.000173  0.000418  0.000026
    -0.000188  0.000462  0.000026
    -0.000253  0.000512  0.000026
    -0.000218  0.000528  0.000026
    -0.000185  0.000532  0.000026
    -0.000156  0.000517  0.000026
    -0.000103  0.000468  0.000026
    -0.000042  0.000423  0.000026
    -0.000006  0.000370  0.000026
    -0.000017  0.000326  0.000026
    -0.000137  0.000227  0.000026
    -0.000137  0.000227  0.000026
    -0.000137  0.000227  0.000026
    -0.000137  0.000227  0.000026
    -0.000137  0.000227  0.000026
    -0.000137  0.000227  0.000026
    -0.000137  0.000227  0.000026
    -0.000137  0.000227  0.000026
    -0.000137  0.000227  0.000026
    -0.000137  0.000227  0.000026
    -0.000137  0.000227  0.000026
    -0.000137  0.000227  0.000026
    -0.000137  0.000227  0.000026
    -0.000137  0.000227  0.000026
    -0.000137  0.000227  0.000026
    -0.000137  0.000227  0.000026
    -0.000137  0.000227  0.000026
    -0.000137  0.000227  0.000026
    -0.000137  0.000227  0.000026
    -0.000137  0.000227  0.000026
    -0.000137  0.000227  0.000026
    -0.000137  0.000227  0.000026
    -0.000137  0.000227  0.000026
    -0.000137  0.000227  0.000026
    -0.000137  0.000227  0.000026
    -0.000137  0.000227  0.000026
    -0.000139  0.000240  0.000026
    -0.000360  0.000404  0.000026
    -0.000381  0.000515  0.000026
    -0.000360  0.000612  0.000026
    -0.000320  0.000666  0.000026
    -0.000272  0.000686  0.000026
    -0.000251  0.000720  0.000026
    -0.000228  0.000693  0.000026
    -0.000207  0.000621  0.000026
    -0.000202  0.000518  0.000026
    -0.000193  0.000497  0.000026
    -0.000179  0.000458  0.000026
    -0.000178  0.000470  0.000026
    -0.000165  0.000422  0.000026
    -0.000145  0.000285  0.000026
    -0.000137  0.000227  0.000026
    -0.000137  0.000227  0.000026
    -0.000137  0.000227  0.000026
    -0.000137  0.000227  0.000026
    -0.000137  0.000227  0.000026
    -0.000137  0.000227  0.000026
    -0.000137  0.000227  0.000026
    -0.000137  0.000227  0.000026
    -0.000137  0.000227  0.000026
    -0.000137  0.000227  0.000026
    -0.000137  0.000227  0.000026
    -0.000137  0.000227  0.000026
    -0.000137  0.000227  0.000026
    -0.000137  0.000227  0.000026
    -0.000137  0.000227  0.000026
    -0.000137  0.000227  0.000026
    -0.000137  0.000227  0.000026
    -0.000137  0.000227  0.000026
    -0.000137  0.000227  0.000026
    -0.000137  0.000227  0.000026
    -0.000137  0.000227  0.000026
    -0.000137  0.000227  0.000026
    -0.000137  0.000227  0.000026
    -0.000137  0.000227  0.000026
    -0.000137  0.000227  0.000026
    -0.000137  0.000227  0.000026
    -0.000137  0.000227  0.000026
    -0.000137  0.000227  0.000026
    -0.000137  0.000227  0.000026
    -0.000153  0.000338  0.000026
    -0.000158  0.000374  0.000026
    -0.000168  0.000401  0.000026
    -0.000172  0.000403  0.000026
    -0.000200  0.000457  0.000026
    -0.000158  0.000470  0.000026
    -0.000121  0.000470  0.000026
    -0.000094  0.000446  0.000026
    -0.000026  0.000417  0.000026
     0.000028  0.000377  0.000026
     0.000049  0.000325  0.000026
     0.000005  0.000294  0.000026
    -0.000137  0.000227  0.000026
    -0.000137  0.000227  0.000026
    -0.000137  0.000227  0.000026
    -0.000137  0.000227  0.000026
    -0.000137  0.000227  0.000026
    -0.000137  0.000227  0.000026
    -0.000137  0.000227  0.000026
    -0.000137  0.000227  0.000026
    -0.000137  0.000227  0.000026
    -0.000137  0.000227  0.000026
    -0.000137  0.000227  0.000026
    -0.000137  0.000227  0.000026
    -0.000137  0.000227  0.000026
    -0.000137  0.000227  0.000026
    -0.000137  0.000227  0.000026
    -0.000137  0.000227  0.000026
    -0.000137  0.000227  0.000026
    -0.000137  0.000227  0.000026
    -0.000137  0.000227  0.000026
    -0.000137  0.000227  0.000026
    -0.000137  0.000227  0.000026
    -0.000137  0.000227  0.000026
    -0.000137  0.000227  0.000026
    -0.000137  0.000227  0.000026
    -0.000137  0.000227  0.000026
    -0.000361  0.000354  0.000026
    -0.000405  0.000468  0.000026
    -0.000403  0.000572  0.000026
    -0.000369  0.000627  0.000026
    -0.000323  0.000640  0.000026
    -0.000293  0.000663  0.000026
    -0.000264  0.000642  0.000026
    -0.000239  0.000576  0.000026
    -0.000198  0.000500  0.000026
    -0.000189  0.000481  0.000026
    -0.000177  0.000452  0.000026
    -0.000164  0.000415  0.000026
    -0.000137  0.000227  0.000026
    -0.000137  0.000227  0.000026
    -0.000137  0.000227  0.000026
    -0.000137  0.000227  0.000026
    -0.000137  0.000227  0.000026
    -0.000137  0.000227  0.000026
    -0.000137  0.000227  0.000026
    -0.000137  0.000227  0.000026
    -0.000137  0.000227  0.000026
    -0.000137  0.000227  0.000026
    -0.000143  0.000272  0.000026
    -0.000143  0.000268  0.000026
    -0.000137  0.000227  0.000026
    -0.000144  0.000275  0.000026
    -0.000140  0.000252  0.000026
    -0.000152  0.000334  0.000026
    -0.000144  0.000276  0.000026
    -0.000156  0.000360  0.000026
    -0.000143  0.000273  0.000026
    -0.000152  0.000329  0.000026
    -0.000137  0.000227  0.000026
    -0.000152  0.000329  0.000026
    -0.000147  0.000296  0.000026
    -0.000137  0.000227  0.000026
    -0.000137  0.000227  0.000026
    -0.000137  0.000227  0.000026
    -0.000137  0.000227  0.000026
    -0.000137  0.000227  0.000026
    -0.000137  0.000227  0.000026
    -0.000137  0.000227  0.000026
    -0.000137  0.000227  0.000026
    -0.000137  0.000227  0.000026
    -0.000137  0.000227  0.000026
    -0.000137  0.000227  0.000026
    -0.000154  0.000343  0.000026
    -0.000163  0.000382  0.000026
    -0.000167  0.000381  0.000026
    -0.000147  0.000407  0.000026
    -0.000099  0.000414  0.000026
    -0.000054  0.000408  0.000026
    -0.000010  0.000384  0.000026
     0.000055  0.000360  0.000026
     0.000097  0.000324  0.000026
     0.000087  0.000285  0.000026
     0.000013  0.000184  0.000026
    -0.000137  0.000227  0.000026
    -0.000137  0.000227  0.000026
    -0.000137  0.000227  0.000026
    -0.000137  0.000227  0.000026
    -0.000137  0.000227  0.000026
    -0.000137  0.000227  0.000026
    -0.000137  0.000227  0.000026
    -0.000137  0.000227  0.000026
    -0.000137  0.000227  0.000026
    -0.000137  0.000227  0.000026
    -0.000137  0.000227  0.000026
    -0.000137  0.000227  0.000026
    -0.000137  0.000227  0.000026
    -0.000137  0.000227  0.000026
    -0.000137  0.000227  0.000026
    -0.000137  0.000227  0.000026
    -0.000137  0.000227  0.000026
    -0.000137  0.000227  0.000026
    -0.000137  0.000227  0.000026
    -0.000137  0.000227  0.000026
    -0.000137  0.000227  0.000026
    -0.000137  0.000227  0.000026
    -0.000137  0.000227  0.000026
    -0.000360  0.000308  0.000026
    -0.000415  0.000411  0.000026
    -0.000443  0.000522  0.000026
    -0.000418  0.000579  0.000026
    -0.000376  0.000593  0.000026
    -0.000324  0.000588  0.000026
    -0.000304  0.000597  0.000026
    -0.000273  0.000539  0.000026
    -0.000248  0.000465  0.000026
    -0.000175  0.000425  0.000026
    -0.000160  0.000390  0.000026
    -0.000155  0.000350  0.000026
    -0.000137  0.000227  0.000026
    -0.000137  0.000227  0.000026
    -0.000137  0.000227  0.000026
    -0.000137  0.000227  0.000026
    -0.000137  0.000227  0.000026
    -0.000137  0.000227  0.000026
    -0.000137  0.000227  0.000026
    -0.000137  0.000227  0.000026
    -0.000142  0.000265  0.000026
    -0.000186  0.000517  0.000026
    -0.000197  0.000541  0.000026
    -0.000187  0.000511  0.000026
    -0.000200  0.000551  0.000026
    -0.000205  0.000554  0.000026
    -0.000212  0.000574  0.000026
    -0.000215  0.000590  0.000026
    -0.000211  0.000564  0.000026
    -0.000212  0.000566  0.000026
    -0.000215  0.000578  0.000026
    -0.000221  0.000609  0.000026
    -0.000217  0.000593  0.000026
    -0.000210  0.000570  0.000026
    -0.000205  0.000569  0.000026
    -0.000192  0.000528  0.000026
    -0.000195  0.000531  0.000026
    -0.000184  0.000508  0.000026
    -0.000148  0.000302  0.000026
    -0.000137  0.000227  0.000026
    -0.000137  0.000227  0.000026
    -0.000137  0.000227  0.000026
    -0.000137  0.000227  0.000026
    -0.000137  0.000227  0.000026
    -0.000137  0.000227  0.000026
    -0.000137  0.000227  0.000026
    -0.000137  0.000227  0.000026
    -0.000137  0.000227  0.000026
    -0.000137  0.000227  0.000026
    -0.000144  0.000274  0.000026
    -0.000144  0.000354  0.000026
    -0.000088  0.000355  0.000026
    -0.000030  0.000355  0.000026
     0.000001  0.000341  0.000026
     0.000076  0.000320  0.000026
     0.000134  0.000298  0.000026
     0.000162  0.000269  0.000026
     0.000101  0.000249  0.000026
    -0.000047  0.000201  0.000026
    -0.000137  0.000227  0.000026
    -0.000137  0.000227  0.000026
    -0.000137  0.000227  0.000026
    -0.000137  0.000227  0.000026
    -0.000137  0.000227  0.000026
    -0.000137  0.000227  0.000026
    -0.000137  0.000227  0.000026
    -0.000137  0.000227  0.000026
    -0.000137  0.000227  0.000026
    -0.000137  0.000227  0.000026
    -0.000137  0.000227  0.000026
    -0.000137  0.000227  0.000026
    -0.000137  0.000227  0.000026
    -0.000137  0.000227  0.000026
    -0.000137  0.000227  0.000026
    -0.000137  0.000227  0.000026
    -0.000137  0.000227  0.000026
    -0.000137  0.000227  0.000026
    -0.000137  0.000227  0.000026
    -0.000137  0.000227  0.000026
    -0.000137  0.000227  0.000026
    -0.000137  0.000227  0.000026
    -0.000406  0.000349  0.000026
    -0.000467  0.000461  0.000026
    -0.000465  0.000524  0.000026
    -0.000429  0.000543  0.000026
    -0.000379  0.000542  0.000026
    -0.000375  0.000554  0.000026
    -0.000306  0.000500  0.000026
    -0.000286  0.000390  0.000026
    -0.000173  0.000415  0.000026
    -0.000167  0.000411  0.000026
    -0.000153  0.000340  0.000026
    -0.000150  0.000321  0.000026
    -0.000137  0.000227  0.000026
    -0.000137  0.000227  0.000026
    -0.000137  0.000227  0.000026
    -0.000137  0.000227  0.000026
    -0.000137  0.000227  0.000026
    -0.000137  0.000227  0.000026
    -0.000163  0.000406  0.000026
    -0.000193  0.000530  0.000026
    -0.000209  0.000554  0.000026
    -0.000232  0.000616  0.000026
    -0.000223  0.000594  0.000026
    -0.000225  0.000590  0.000026
    -0.000242  0.000620  0.000026
    -0.000239  0.000602  0.000026
    -0.000239  0.000594  0.000026
    -0.000253  0.000618  0.000026
    -0.000268  0.000646  0.000026
    -0.000282  0.000852  0.000026
    -0.000268  0.000646  0.000026
    -0.000256  0.000625  0.000026
    -0.000243  0.000607  0.000026
    -0.000241  0.000610  0.000026
    -0.000240  0.000613  0.000026
    -0.000226  0.000593  0.000026
    -0.000222  0.000588  0.000026
    -0.000222  0.000575  0.000026
    -0.000201  0.000520  0.000026
    -0.000188  0.000507  0.000026
    -0.000163  0.000407  0.000026
    -0.000137  0.000227  0.000026
    -0.000137  0.000227  0.000026
    -0.000137  0.000227  0.000026
    -0.000137  0.000227  0.000026
    -0.000137  0.000227  0.000026
    -0.000137  0.000227  0.000026
    -0.000137  0.000227  0.000026
    -0.000137  0.000227  0.000026
    -0.000137  0.000227  0.000026
    -0.000139  0.000242  0.000026
    -0.000077  0.000278  0.000026
    -0.000029  0.000303  0.000026
     0.000090  0.000278  0.000026
     0.000089  0.000277  0.000026
     0.000162  0.000256  0.000026
     0.000208  0.000237  0.000026
     0.000197  0.000223  0.000026
     0.000087  0.000171  0.000026
    -0.000137  0.000227  0.000026
    -0.000137  0.000227  0.000026
    -0.000137  0.000227  0.000026
    -0.000137  0.000227  0.000026
    -0.000137  0.000227  0.000026
    -0.000137  0.000227  0.000026
    -0.000137  0.000227  0.000026
    -0.000137  0.000227  0.000026
    -0.000137  0.000227  0.000026
    -0.000137  0.000227  0.000026
    -0.000137  0.000227  0.000026
    -0.000137  0.000227  0.000026
    -0.000137  0.000227  0.000026
    -0.000137  0.000227  0.000026
    -0.000137  0.000227  0.000026
    -0.000137  0.000227  0.000026
    -0.000137  0.000227  0.000026
    -0.000137  0.000227  0.000026
    -0.000137  0.000227  0.000026
    -0.000137  0.000227  0.000026
    -0.000137  0.000227  0.000026
    -0.000396  0.000294  0.000026
    -0.000466  0.000392  0.000026
    -0.000503  0.000466  0.000026
    -0.000479  0.000489  0.000026
    -0.000434  0.000494  0.000026
    -0.000374  0.000478  0.000026
    -0.000349  0.000392  0.000026
    -0.000315  0.000379  0.000026
    -0.000280  0.000381  0.000026
    -0.000171  0.000418  0.000026
    -0.000167  0.000434  0.000026
    -0.000159  0.000383  0.000026
    -0.000137  0.000227  0.000026
    -0.000137  0.000227  0.000026
    -0.000154  0.000345  0.000026
    -0.000143  0.000268  0.000026
    -0.000137  0.000227  0.000026
    -0.000141  0.000259  0.000026
    -0.000184  0.000519  0.000026
    -0.000203  0.000536  0.000026
    -0.000216  0.000548  0.000026
    -0.000236  0.000601  0.000026
    -0.000224  0.000568  0.000026
    -0.000223  0.000560  0.000026
    -0.000233  0.000560  0.000026
    -0.000227  0.000526  0.000026
    -0.000237  0.000544  0.000026
    -0.000255  0.000570  0.000026
    -0.000280  0.000854  0.000026
    -0.000304  0.001236  0.000026
    -0.000307  0.001309  0.000026
    -0.000298  0.001198  0.000026
    -0.000272  0.000818  0.000026
    -0.000248  0.000540  0.000026
    -0.000234  0.000531  0.000026
    -0.000224  0.000513  0.000026
    -0.000225  0.000528  0.000026
    -0.000219  0.000538  0.000026
    -0.000216  0.000534  0.000026
    -0.000219  0.000535  0.000026
    -0.000201  0.000487  0.000026
    -0.000191  0.000487  0.000026
    -0.000179  0.000495  0.000026
    -0.000142  0.000261  0.000026
    -0.000137  0.000227  0.000026
    -0.000138  0.000232  0.000026
    -0.000139  0.000239  0.000026
    -0.000137  0.000227  0.000026
    -0.000137  0.000227  0.000026
    -0.000137  0.000227  0.000026
    -0.000141  0.000258  0.000026
    -0.000140  0.000249  0.000026
    -0.000127  0.000308  0.000026
    -0.000024  0.000242  0.000026
     0.000045  0.000203  0.000026
     0.000089  0.000234  0.000026
     0.000179  0.000212  0.000026
     0.000242  0.000193  0.000026
     0.000268  0.000182  0.000026
     0.000190  0.000193  0.000026
     0.000061  0.000172  0.000026
    -0.000137  0.000227  0.000026
    -0.000137  0.000227  0.000026
    -0.000137  0.000227  0.000026
    -0.000137  0.000227  0.000026
    -0.000137  0.000227  0.000026
    -0.000137  0.000227  0.000026
    -0.000137  0.000227  0.000026
    -0.000137  0.000227  0.000026
    -0.000137  0.000227  0.000026
    -0.000137  0.000227  0.000026
    -0.000137  0.000227  0.000026
    -0.000137  0.000227  0.000026
    -0.000137  0.000227  0.000026
    -0.000137  0.000227  0.000026
    -0.000137  0.000227  0.000026
    -0.000137  0.000227  0.000026
    -0.000137  0.000227  0.000026
    -0.000137  0.000227  0.000026
    -0.000137  0.000227  0.000026
    -0.000137  0.000227  0.000026
    -0.000450  0.000328  0.000026
    -0.000518  0.000403  0.000026
    -0.000524  0.000434  0.000026
    -0.000489  0.000444  0.000026
    -0.000437  0.000393  0.000026
    -0.000430  0.000377  0.000026
    -0.000349  0.000384  0.000026
    -0.000307  0.000384  0.000026
    -0.000231  0.000452  0.000026
    -0.000179  0.000470  0.000026
    -0.000166  0.000427  0.000026
    -0.000143  0.000267  0.000026
    -0.000146  0.000292  0.000026
    -0.000160  0.000385  0.000026
    -0.000164  0.000413  0.000026
    -0.000144  0.000278  0.000026
    -0.000167  0.000436  0.000026
    -0.000193  0.000540  0.000026
    -0.000202  0.000521  0.000026
    -0.000221  0.000551  0.000026
    -0.000220  0.000536  0.000026
    -0.000211  0.000507  0.000026
    -0.000206  0.000478  0.000026
    -0.000209  0.000452  0.000026
    -0.000216  0.000454  0.000026
    -0.000224  0.000474  0.000026
    -0.000233  0.000464  0.000026
    -0.000235  0.000432  0.000026
    -0.000228  0.000375  0.000026
    -0.000222  0.000338  0.000026
    -0.000221  0.000331  0.000026
    -0.000215  0.000313  0.000026
    -0.000216  0.000329  0.000026
    -0.000220  0.000372  0.000026
    -0.000219  0.000406  0.000026
    -0.000214  0.000431  0.000026
    -0.000205  0.000412  0.000026
    -0.000198  0.000405  0.000026
    -0.000196  0.000436  0.000026
    -0.000197  0.000449  0.000026
    -0.000199  0.000450  0.000026
    -0.000198  0.000460  0.000026
    -0.000186  0.000457  0.000026
    -0.000182  0.000494  0.000026
    -0.000158  0.000375  0.000026
    -0.000143  0.000271  0.000026
    -0.000151  0.000327  0.000026
    -0.000147  0.000296  0.000026
    -0.000137  0.000227  0.000026
    -0.000137  0.000227  0.000026
    -0.000142  0.000263  0.000026
    -0.000158  0.000372  0.000026
    -0.000160  0.000365  0.000026
    -0.000048  0.000268  0.000026
     0.000040  0.000208  0.000026
     0.000185  0.000132  0.000026
     0.000193  0.000141  0.000026
     0.000268  0.000147  0.000026
     0.000314  0.000133  0.000026
     0.000288  0.000144  0.000026
     0.000159  0.000157  0.000026
    -0.000137  0.000227  0.000026
    -0.000137  0.000227  0.000026
    -0.000137  0.000227  0.000026
    -0.000137  0.000227  0.000026
    -0.000137  0.000227  0.000026
    -0.000137  0.000227  0.000026
    -0.000137  0.000227  0.000026
    -0.000137  0.000227  0.000026
    -0.000137  0.000227  0.000026
    -0.000137  0.000227  0.000026
    -0.000137  0.000227  0.000026
    -0.000137  0.000227  0.000026
    -0.000137  0.000227  0.000026
    -0.000137  0.000227  0.000026
    -0.000137  0.000227  0.000026
    -0.000137  0.000227  0.000026
    -0.000137  0.000227  0.000026
    -0.000137  0.000227  0.000026
    -0.000137  0.000227  0.000026
    -0.000420  0.000268  0.000026
    -0.000499  0.000339  0.000026
    -0.000550  0.000376  0.000026
    -0.000538  0.000392  0.000026
    -0.000493  0.000342  0.000026
    -0.000428  0.000340  0.000026
    -0.000423  0.000363  0.000026
    -0.000342  0.000376  0.000026
    -0.000299  0.000444  0.000026
    -0.000188  0.000491  0.000026
    -0.000177  0.000492  0.000026
    -0.000156  0.000363  0.000026
    -0.000175  0.000490  0.000026
    -0.000169  0.000453  0.000026
    -0.000189  0.000580  0.000026
    -0.000160  0.000390  0.000026
    -0.000168  0.000444  0.000026
    -0.000185  0.000516  0.000026
    -0.000174  0.000434  0.000026
    -0.000180  0.000414  0.000026
    -0.000195  0.000437  0.000026
    -0.000190  0.000419  0.000026
    -0.000200  0.000438  0.000026
    -0.000197  0.000398  0.000026
    -0.000197  0.000388  0.000026
    -0.000191  0.000390  0.000026
    -0.000199  0.000393  0.000026
    -0.000208  0.000386  0.000026
    -0.000209  0.000365  0.000026
    -0.000201  0.000334  0.000026
    -0.000196  0.000331  0.000026
    -0.000196  0.000334  0.000026
    -0.000191  0.000309  0.000026
    -0.000189  0.000287  0.000026
    -0.000191  0.000294  0.000026
    -0.000188  0.000310  0.000026
    -0.000183  0.000327  0.000026
    -0.000179  0.000339  0.000026
    -0.000180  0.000320  0.000026
    -0.000180  0.000331  0.000026
    -0.000181  0.000361  0.000026
    -0.000169  0.000336  0.000026
    -0.000167  0.000328  0.000026
    -0.000156  0.000319  0.000026
    -0.000159  0.000375  0.000026
    -0.000172  0.000463  0.000026
    -0.000155  0.000354  0.000026
    -0.000154  0.000346  0.000026
    -0.000167  0.000434  0.000026
    -0.000157  0.000364  0.000026
    -0.000155  0.000352  0.000026
    -0.000141  0.000254  0.000026
    -0.000154  0.000344  0.000026
    -0.000164  0.000398  0.000026
    -0.000076  0.000330  0.000026
     0.000022  0.000221  0.000026
     0.000172  0.000131  0.000026
     0.000179  0.000140  0.000026
     0.000277  0.000114  0.000026
     0.000347  0.000085  0.000026
     0.000350  0.000090  0.000026
     0.000246  0.000142  0.000026
     0.000098  0.000164  0.000026
    -0.000137  0.000227  0.000026
    -0.000137  0.000227  0.000026
    -0.000137  0.000227  0.000026
    -0.000137  0.000227  0.000026
    -0.000137  0.000227  0.000026
    -0.000137  0.000227  0.000026
    -0.000137  0.000227  0.000026
    -0.000137  0.000227  0.000026
    -0.000137  0.000227  0.000026
    -0.000137  0.000227  0.000026
    -0.000137  0.000227  0.000026
    -0.000137  0.000227  0.000026
    -0.000137  0.000227  0.000026
    -0.000137  0.000227  0.000026
    -0.000137  0.000227  0.000026
    -0.000137  0.000227  0.000026
    -0.000137  0.000227  0.000026
    -0.000137  0.000227  0.000026
    -0.000475  0.000279  0.000026
    -0.000542  0.000322  0.000026
    -0.000574  0.000338  0.000026
    -0.000544  0.000294  0.000026
    -0.000493  0.000318  0.000026
    -0.000475  0.000337  0.000026
    -0.000427  0.000363  0.000026
    -0.000343  0.000450  0.000026
    -0.000295  0.000455  0.000026
    -0.000180  0.000490  0.000026
    -0.000172  0.000470  0.000026
    -0.000180  0.000527  0.000026
    -0.000179  0.000522  0.000026
    -0.000181  0.000532  0.000026
    -0.000166  0.000428  0.000026
    -0.000137  0.000227  0.000026
    -0.000142  0.000264  0.000026
    -0.000168  0.000421  0.000026
    -0.000177  0.000399  0.000026
    -0.000158  0.000442  0.000026
    -0.000200  0.000421  0.000026
    -0.000196  0.000388  0.000026
    -0.000180  0.000338  0.000026
    -0.000181  0.000354  0.000026
    -0.000179  0.000374  0.000026
    -0.000188  0.000407  0.000026
    -0.000190  0.000384  0.000026
    -0.000178  0.000323  0.000026
    -0.000171  0.000319  0.000026
    -0.000177  0.000374  0.000026
    -0.000179  0.000405  0.000026
    -0.000181  0.000421  0.000026
    -0.000174  0.000386  0.000026
    -0.000168  0.000336  0.000026
    -0.000156  0.000256  0.000026
    -0.000157  0.000241  0.000026
    -0.000168  0.000299  0.000026
    -0.000172  0.000342  0.000026
    -0.000167  0.000324  0.000026
    -0.000166  0.000289  0.000026
    -0.000165  0.000275  0.000026
    -0.000172  0.000290  0.000026
    -0.000171  0.000308  0.000026
    -0.000239  0.000312  0.000026
    -0.000152  0.000300  0.000026
    -0.000137  0.000227  0.000026
    -0.000137  0.000227  0.000026
    -0.000137  0.000227  0.000026
    -0.000152  0.000332  0.000026
    -0.000162  0.000398  0.000026
    -0.000162  0.000402  0.000026
    -0.000161  0.000394  0.000026
    -0.000155  0.000350  0.000026
    -0.000161  0.000397  0.000026
    -0.000097  0.000359  0.000026
     0.000013  0.000277  0.000026
     0.000179  0.000129  0.000026
     0.000259  0.000105  0.000026
     0.000278  0.000142  0.000026
     0.000346  0.000128  0.000026
     0.000391  0.000104  0.000026
     0.000319  0.000129  0.000026
     0.000194  0.000148  0.000026
    -0.000137  0.000227  0.000026
    -0.000137  0.000227  0.000026
    -0.000137  0.000227  0.000026
    -0.000137  0.000227  0.000026
    -0.000137  0.000227  0.000026
    -0.000137  0.000227  0.000026
    -0.000137  0.000227  0.000026
    -0.000137  0.000227  0.000026
    -0.000137  0.000227  0.000026
    -0.000137  0.000227  0.000026
    -0.000137  0.000227  0.000026
    -0.000137  0.000227  0.000026
    -0.000137  0.000227  0.000026
    -0.000137  0.000227  0.000026
    -0.000137  0.000227  0.000026
    -0.000137  0.000227  0.000026
    -0.000137  0.000227  0.000026
    -0.000369  0.000182  0.000026
    -0.000525  0.000273  0.000026
    -0.000572  0.000257  0.000026
    -0.000587  0.000249  0.000026
    -0.000551  0.000279  0.000026
    -0.000490  0.000294  0.000026
    -0.000480  0.000335  0.000026
    -0.000404  0.000435  0.000026
    -0.000334  0.000454  0.000026
    -0.000193  0.000513  0.000026
    -0.000183  0.000521  0.000026
    -0.000183  0.000545  0.000026
    -0.000179  0.000521  0.000026
    -0.000171  0.000462  0.000026
    -0.000168  0.000444  0.000026
    -0.000137  0.000227  0.000026
    -0.000137  0.000227  0.000026
    -0.000168  0.000434  0.000026
    -0.000175  0.000393  0.000026
    -0.000083  0.000474  0.000026
    -0.000073  0.000456  0.000026
    -0.000176  0.000316  0.000026
    -0.000178  0.000324  0.000026
    -0.000178  0.000370  0.000026
    -0.000180  0.000389  0.000026
    -0.000187  0.000430  0.000026
    -0.000184  0.000395  0.000026
    -0.000178  0.000364  0.000026
    -0.000176  0.000367  0.000026
    -0.000174  0.000389  0.000026
    -0.000172  0.000436  0.000026
    -0.000162  0.000403  0.000026
    -0.000164  0.000414  0.000026
    -0.000156  0.000360  0.000026
    -0.000163  0.000403  0.000026
    -0.000161  0.000343  0.000026
    -0.000159  0.000304  0.000026
    -0.000159  0.000294  0.000026
    -0.000167  0.000330  0.000026
    -0.000174  0.000372  0.000026
    -0.000166  0.000326  0.000026
    -0.000164  0.000311  0.000026
    -0.000158  0.000240  0.000026
    -0.000152  0.000213  0.000026
    -0.000318  0.000296  0.000026
    -0.000304  0.000302  0.000026
    -0.000149  0.000289  0.000026
    -0.000137  0.000227  0.000026
    -0.000137  0.000227  0.000026
    -0.000137  0.000227  0.000026
    -0.000146  0.000294  0.000026
    -0.000157  0.000365  0.000026
    -0.000158  0.000377  0.000026
    -0.000165  0.000421  0.000026
    -0.000166  0.000428  0.000026
    -0.000168  0.000417  0.000026
    -0.000016  0.000305  0.000026
     0.000130  0.000200  0.000026
     0.000269  0.000099  0.000026
     0.000273  0.000145  0.000026
     0.000363  0.000126  0.000026
     0.000405  0.000114  0.000026
     0.000366  0.000118  0.000026
     0.000279  0.000133  0.000026
    -0.000073  0.000208  0.000026
    -0.000137  0.000227  0.000026
    -0.000137  0.000227  0.000026
    -0.000137  0.000227  0.000026
    -0.000137  0.000227  0.000026
    -0.000137  0.000227  0.000026
    -0.000137  0.000227  0.000026
    -0.000137  0.000227  0.000026
    -0.000137  0.000227  0.000026
    -0.000137  0.000227  0.000026
    -0.000137  0.000227  0.000026
    -0.000137  0.000227  0.000026
    -0.000137  0.000227  0.000026
    -0.000137  0.000227  0.000026
    -0.000137  0.000227  0.000026
    -0.000137  0.000227  0.000026
    -0.000137  0.000227  0.000026
    -0.000470  0.000226  0.000026
    -0.000548  0.000215  0.000026
    -0.000595  0.000210  0.000026
    -0.000602  0.000236  0.000026
    -0.000545  0.000245  0.000026
    -0.000488  0.000291  0.000026
    -0.000496  0.000395  0.000026
    -0.000399  0.000446  0.000026
    -0.000317  0.000469  0.000026
    -0.000186  0.000512  0.000026
    -0.000182  0.000529  0.000026
    -0.000171  0.000463  0.000026
    -0.000171  0.000462  0.000026
    -0.000144  0.000274  0.000026
    -0.000137  0.000227  0.000026
    -0.000137  0.000227  0.000026
    -0.000156  0.000357  0.000026
    -0.000171  0.000401  0.000026
    -0.000125  0.000435  0.000026
    -0.000010  0.000463  0.000026
    -0.000154  0.000330  0.000026
    -0.000186  0.000302  0.000026
    -0.000184  0.000350  0.000026
    -0.000186  0.000384  0.000026
    -0.000183  0.000370  0.000026
    -0.000191  0.000605  0.000026
    -0.000351  0.000122  0.000026
    -0.001311 -0.000347  0.000026
    -0.001618 -0.000498  0.000026
    -0.000737 -0.000066  0.000026
    -0.000146  0.000292  0.000026
    -0.000137  0.000227  0.000026
    -0.000137  0.000227  0.000026
    -0.000137  0.000227  0.000026
    -0.000143  0.000273  0.000026
     0.000201  0.000128  0.000026
     0.001061 -0.000123  0.000026
     0.000736 -0.000041  0.000026
    -0.000137  0.000227  0.000026
    -0.000182  0.000540  0.000026
    -0.000169  0.000318  0.000026
    -0.000173  0.000323  0.000026
    -0.000168  0.000279  0.000026
    -0.000160  0.000192  0.000026
    -0.000268  0.000222  0.000026
    -0.000360  0.000255  0.000026
    -0.000254  0.000276  0.000026
    -0.000138  0.000235  0.000026
    -0.000137  0.000227  0.000026
    -0.000137  0.000227  0.000026
    -0.000137  0.000227  0.000026
    -0.000137  0.000227  0.000026
    -0.000152  0.000332  0.000026
    -0.000156  0.000360  0.000026
    -0.000162  0.000400  0.000026
    -0.000170  0.000448  0.000026
    -0.000052  0.000339  0.000026
     0.000115  0.000220  0.000026
     0.000299  0.000089  0.000026
     0.000273  0.000146  0.000026
     0.000354  0.000127  0.000026
     0.000436  0.000109  0.000026
     0.000404  0.000110  0.000026
     0.000313  0.000125  0.000026
     0.000177  0.000148  0.000026
    -0.000137  0.000227  0.000026
    -0.000137  0.000227  0.000026
    -0.000137  0.000227  0.000026
    -0.000137  0.000227  0.000026
    -0.000137  0.000227  0.000026
    -0.000137  0.000227  0.000026
    -0.000137  0.000227  0.000026
    -0.000137  0.000227  0.000026
    -0.000137  0.000227  0.000026
    -0.000137  0.000227  0.000026
    -0.000137  0.000227  0.000026
    -0.000137  0.000227  0.000026
    -0.000137  0.000227  0.000026
    -0.000137  0.000227  0.000026
    -0.000137  0.000227  0.000026
    -0.000292  0.000151  0.000026
    -0.000504  0.000184  0.000026
    -0.000571  0.000176  0.000026
    -0.000619  0.000197  0.000026
    -0.000612  0.000212  0.000026
    -0.000566  0.000246  0.000026
    -0.000515  0.000354  0.000026
    -0.000509  0.000413  0.000026
    -0.000391  0.000449  0.000026
    -0.000290  0.000450  0.000026
    -0.000165  0.000422  0.000026
    -0.000166  0.000427  0.000026
    -0.000160  0.000388  0.000026
    -0.000137  0.000227  0.000026
    -0.000148  0.000302  0.000026
    -0.000137  0.000227  0.000026
    -0.000137  0.000227  0.000026
    -0.000166  0.000416  0.000026
    -0.000182  0.000356  0.000026
    -0.000057  0.000366  0.000026
     0.000109  0.000384  0.000026
    -0.000043  0.000323  0.000026
    -0.000189  0.000301  0.000026
    -0.000196  0.000387  0.000026
    -0.000182  0.000343  0.000026
    -0.000200  0.000665  0.000026
     0.001337 -0.000080  0.000026
     0.001138 -0.001108  0.000026
    -0.000576 -0.003350  0.000026
    -0.002466 -0.003554  0.000026
    -0.003501 -0.001488  0.000026
    -0.001409 -0.000344  0.000026
    -0.000161  0.000333  0.000026
    -0.000155  0.000243  0.000026
    -0.000165  0.000350  0.000026
     0.000890 -0.000073  0.000026
     0.002887 -0.001451  0.000025
     0.002604 -0.003900  0.000025
     0.000675 -0.003355  0.000025
    -0.001690 -0.001097  0.000026
    -0.001726 -0.000054  0.000026
    -0.000208  0.000714  0.000026
    -0.000171  0.000296  0.000026
    -0.000182  0.000322  0.000026
    -0.000163  0.000192  0.000026
    -0.000388  0.000178  0.000026
    -0.000452  0.000149  0.000026
    -0.000265  0.000140  0.000026
    -0.000177  0.000215  0.000026
    -0.000137  0.000227  0.000026
    -0.000137  0.000227  0.000026
    -0.000137  0.000227  0.000026
    -0.000137  0.000227  0.000026
    -0.000137  0.000227  0.000026
    -0.000148  0.000306  0.000026
    -0.000150  0.000321  0.000026
    -0.000154  0.000347  0.000026
    -0.000120  0.000365  0.000026
     0.000096  0.000235  0.000026
     0.000320  0.000090  0.000026
     0.000338  0.000040  0.000026
     0.000394  0.000121  0.000026
     0.000456  0.000106  0.000026
     0.000451  0.000102  0.000026
     0.000352  0.000117  0.000026
     0.000232  0.000137  0.000026
    -0.000137  0.000227  0.000026
    -0.000137  0.000227  0.000026
    -0.000137  0.000227  0.000026
    -0.000137  0.000227  0.000026
    -0.000137  0.000227  0.000026
    -0.000137  0.000227  0.000026
    -0.000137  0.000227  0.000026
    -0.000137  0.000227  0.000026
    -0.000137  0.000227  0.000026
    -0.000137  0.000227  0.000026
    -0.000137  0.000227  0.000026
    -0.000137  0.000227  0.000026
    -0.000137  0.000227  0.000026
    -0.000137  0.000227  0.000026
    -0.000137  0.000227  0.000026
    -0.000390  0.000112  0.000026
    -0.000528  0.000146  0.000026
    -0.000601  0.000167  0.000026
    -0.000638  0.000173  0.000026
    -0.000619  0.000187  0.000026
    -0.000603  0.000294  0.000026
    -0.000581  0.000366  0.000026
    -0.000502  0.000400  0.000026
    -0.000372  0.000421  0.000026
    -0.000180  0.000473  0.000026
    -0.000164  0.000416  0.000026
    -0.000152  0.000334  0.000026
    -0.000137  0.000227  0.000026
    -0.000150  0.000317  0.000026
    -0.000137  0.000227  0.000026
    -0.000137  0.000227  0.000026
    -0.000147  0.000297  0.000026
    -0.000245  0.000288  0.000026
    -0.000082  0.000409  0.000026
     0.000080  0.000481  0.000026
     0.000262  0.000488  0.000026
    -0.000077  0.000338  0.000026
    -0.000182  0.000305  0.000026
    -0.000163  0.000334  0.000026
    -0.000164  0.000374  0.000026
     0.001131  0.000256  0.000026
     0.003602  0.000027  0.000025
     0.003820 -0.004340  0.000025
     0.002495 -0.010465  0.000025
    -0.002607 -0.012189  0.000025
    -0.007495 -0.010448  0.000026
    -0.005055 -0.002515  0.000026
    -0.001515 -0.000285  0.000026
    -0.000137  0.000227  0.000026
     0.000993 -0.000103  0.000026
     0.005148 -0.003394  0.000025
     0.006179 -0.010178  0.000024
     0.003791 -0.011799  0.000024
    -0.000021 -0.009763  0.000025
    -0.003197 -0.002904  0.000026
    -0.003975  0.000074  0.000026
    -0.001573  0.000433  0.000026
    -0.000158  0.000349  0.000026
    -0.000160  0.000315  0.000026
    -0.000162  0.000218  0.000026
    -0.000388  0.000206  0.000026
    -0.000649  0.000215  0.000026
    -0.000393  0.000162  0.000026
    -0.000251  0.000185  0.000026
    -0.000137  0.000227  0.000026
    -0.000137  0.000227  0.000026
    -0.000137  0.000227  0.000026
    -0.000137  0.000227  0.000026
    -0.000137  0.000227  0.000026
    -0.000137  0.000227  0.000026
    -0.000141  0.000255  0.000026
    -0.000148  0.000306  0.000026
    -0.000156  0.000361  0.000026
     0.000060  0.000240  0.000026
     0.000306  0.000090  0.000026
     0.000453 -0.000009  0.000026
     0.000466  0.000095  0.000026
     0.000469  0.000103  0.000026
     0.000485  0.000096  0.000026
     0.000408  0.000107  0.000026
     0.000270  0.000129  0.000026
     0.000013  0.000183  0.000026
    -0.000137  0.000227  0.000026
    -0.000137  0.000227  0.000026
    -0.000137  0.000227  0.000026
    -0.000137  0.000227  0.000026
    -0.000137  0.000227  0.000026
    -0.000137  0.000227  0.000026
    -0.000137  0.000227  0.000026
    -0.000137  0.000227  0.000026
    -0.000137  0.000227  0.000026
    -0.000137  0.000227  0.000026
    -0.000137  0.000227  0.000026
    -0.000137  0.000227  0.000026
    -0.000137  0.000227  0.000026
    -0.000137  0.000227  0.000026
    -0.000410  0.000105  0.000026
    -0.000561  0.000141  0.000026
    -0.000626  0.000146  0.000026
    -0.000654  0.000150  0.000026
    -0.000672  0.000224  0.000026
    -0.000628  0.000310  0.000026
    -0.000587  0.000358  0.000026
    -0.000495  0.000361  0.000026
    -0.000348  0.000375  0.000026
    -0.000160  0.000388  0.000026
    -0.000145  0.000282  0.000026
    -0.000137  0.000227  0.000026
    -0.000137  0.000227  0.000026
    -0.000138  0.000232  0.000026
    -0.000137  0.000227  0.000026
    -0.000137  0.000227  0.000026
    -0.000183  0.000482  0.000026
    -0.000165  0.000403  0.000026
    -0.000029  0.000466  0.000026
     0.000179  0.000457  0.000026
     0.000292  0.000464  0.000026
    -0.000169  0.000243  0.000026
    -0.000159  0.000328  0.000026
    -0.000169  0.000426  0.000026
    -0.000202  0.000658  0.000026
     0.001839  0.000939  0.000026
     0.006788  0.001123  0.000025
     0.011117 -0.004069  0.000024
     0.008625 -0.013210  0.000024
    -0.003751 -0.019803  0.000025
    -0.012658 -0.020549  0.000026
    -0.013890 -0.014794  0.000026
    -0.005716 -0.006983  0.000026
    -0.000133 -0.004359  0.000025
     0.005412 -0.007252  0.000025
     0.012395 -0.013109  0.000023
     0.011877 -0.018425  0.000023
     0.001825 -0.018679  0.000024
    -0.008126 -0.013849  0.000026
    -0.011670 -0.003275  0.000027
    -0.006506  0.001503  0.000027
    -0.002311  0.001202  0.000026
    -0.000198  0.000641  0.000026
    -0.000166  0.000417  0.000026
    -0.000151  0.000293  0.000026
    -0.000146  0.000146  0.000026
    -0.000686  0.000183  0.000026
    -0.000484  0.000116  0.000026
    -0.000251  0.000129  0.000026
    -0.000188  0.000229  0.000026
    -0.000165  0.000409  0.000026
    -0.000137  0.000227  0.000026
    -0.000137  0.000227  0.000026
    -0.000137  0.000227  0.000026
    -0.000137  0.000227  0.000026
    -0.000137  0.000227  0.000026
    -0.000137  0.000227  0.000026
    -0.000139  0.000239  0.000026
     0.000010  0.000246  0.000026
     0.000293  0.000076  0.000026
     0.000464 -0.000020  0.000026
     0.000521  0.000035  0.000026
     0.000565  0.000088  0.000026
     0.000515  0.000091  0.000026
     0.000452  0.000099  0.000026
     0.000331  0.000118  0.000026
     0.000037  0.000176  0.000026
    -0.000137  0.000227  0.000026
    -0.000137  0.000227  0.000026
    -0.000137  0.000227  0.000026
    -0.000137  0.000227  0.000026
    -0.000137  0.000227  0.000026
    -0.000137  0.000227  0.000026
    -0.000137  0.000227  0.000026
    -0.000137  0.000227  0.000026
    -0.000137  0.000227  0.000026
    -0.000137  0.000227  0.000026
    -0.000137  0.000227  0.000026
    -0.000137  0.000227  0.000026
    -0.000137  0.000227  0.000026
    -0.000156  0.000218  0.000026
    -0.000438  0.000106  0.000026
    -0.000587  0.000123  0.000026
    -0.000647  0.000125  0.000026
    -0.000692  0.000159  0.000026
    -0.000710  0.000232  0.000026
    -0.000641  0.000303  0.000026
    -0.000576  0.000314  0.000026
    -0.000485  0.000311  0.000026
    -0.000324  0.000327  0.000026
    -0.000137  0.000227  0.000026
    -0.000137  0.000227  0.000026
    -0.000137  0.000227  0.000026
    -0.000152  0.000332  0.000026
    -0.000137  0.000227  0.000026
    -0.000171  0.000466  0.000026
    -0.000182  0.000524  0.000026
    -0.000196  0.000486  0.000026
    -0.000114  0.000490  0.000026
     0.000050  0.000422  0.000026
     0.000218  0.000390  0.000026
     0.000010  0.000261  0.000026
    -0.000159  0.000307  0.000026
    -0.000171  0.000436  0.000026
    -0.000183  0.000526  0.000026
    -0.000232  0.000784  0.000026
     0.001728  0.001715  0.000026
     0.011210  0.003708  0.000025
     0.020712  0.000659  0.000024
     0.019038 -0.009981  0.000023
     0.002717 -0.020434  0.000024
    -0.015579 -0.023570  0.000026
    -0.018508 -0.024635  0.000026
    -0.008795 -0.023697  0.000025
     0.000649 -0.021378  0.000024
     0.007603 -0.023104  0.000023
     0.018694 -0.025001  0.000022
     0.016824 -0.023428  0.000022
    -0.005443 -0.019796  0.000025
    -0.019326 -0.010711  0.000027
    -0.022171  0.001782  0.000028
    -0.010865  0.004464  0.000027
    -0.002272  0.002053  0.000026
    -0.000221  0.000733  0.000026
    -0.000178  0.000499  0.000026
    -0.000165  0.000416  0.000026
    -0.000147  0.000256  0.000026
    -0.000333  0.000094  0.000026
    -0.000496  0.000044  0.000026
    -0.000309  0.000059  0.000026
    -0.000203  0.000213  0.000026
    -0.000169  0.000377  0.000026
    -0.000169  0.000451  0.000026
    -0.000171  0.000463  0.000026
    -0.000137  0.000227  0.000026
    -0.000142  0.000266  0.000026
    -0.000137  0.000227  0.000026
    -0.000137  0.000227  0.000026
    -0.000137  0.000227  0.000026
    -0.000073  0.000208  0.000026
     0.000262  0.000147  0.000026
     0.000428  0.000080  0.000026
     0.000546  0.000034  0.000026
     0.000635  0.000076  0.000026
     0.000583  0.000080  0.000026
     0.000490  0.000092  0.000026
     0.000377  0.000110  0.000026
     0.000123  0.000156  0.000026
    -0.000137  0.000227  0.000026
    -0.000137  0.000227  0.000026
    -0.000137  0.000227  0.000026
    -0.000137  0.000227  0.000026
    -0.000137  0.000227  0.000026
    -0.000137  0.000227  0.000026
    -0.000137  0.000227  0.000026
    -0.000137  0.000227  0.000026
    -0.000137  0.000227  0.000026
    -0.000137  0.000227  0.000026
    -0.000137  0.000227  0.000026
    -0.000137  0.000227  0.000026
    -0.000137  0.000227  0.000026
    -0.000285  0.000154  0.000026
    -0.000459  0.000106  0.000026
    -0.000612  0.000106  0.000026
    -0.000664  0.000099  0.000026
    -0.000741  0.000159  0.000026
    -0.000739  0.000223  0.000026
    -0.000638  0.000264  0.000026
    -0.000565  0.000262  0.000026
    -0.000471  0.000260  0.000026
    -0.000137  0.000227  0.000026
    -0.000137  0.000227  0.000026
    -0.000137  0.000227  0.000026
    -0.000158  0.000373  0.000026
    -0.000193  0.000616  0.000026
    -0.000181  0.000530  0.000026
    -0.000187  0.000577  0.000026
    -0.000200  0.000540  0.000026
    -0.000171  0.000529  0.000026
    -0.000070  0.000450  0.000026
     0.000070  0.000354  0.000026
     0.000192  0.000315  0.000026
    -0.000158  0.000227  0.000026
    -0.000175  0.000420  0.000026
    -0.000185  0.000545  0.000026
    -0.000209  0.000641  0.000026
    -0.000191  0.000475  0.000026
     0.000969  0.001905  0.000026
     0.013355  0.007690  0.000025
     0.028722  0.010236  0.000024
     0.030945  0.002979  0.000023
     0.013630 -0.008275  0.000024
    -0.010331 -0.023942  0.000025
    -0.015558 -0.038143  0.000024
    -0.006385 -0.043549  0.000023
    -0.001387 -0.045042  0.000022
     0.003300 -0.042466  0.000022
     0.015928 -0.035393  0.000021
     0.008812 -0.024642  0.000023
    -0.015024 -0.009746  0.000027
    -0.030315  0.002777  0.000029
    -0.028981  0.008962  0.000030
    -0.012660  0.008811  0.000028
    -0.001491  0.001964  0.000026
    -0.000171  0.000396  0.000026
    -0.000198  0.000592  0.000026
    -0.000182  0.000534  0.000026
    -0.000164  0.000379  0.000026
    -0.000133  0.000130  0.000026
    -0.000473  0.000007  0.000026
    -0.000303 -0.000008  0.000026
    -0.000217  0.000143  0.000026
    -0.000227  0.000366  0.000026
    -0.000178  0.000446  0.000026
    -0.000179  0.000521  0.000026
    -0.000172  0.000470  0.000026
    -0.000181  0.000536  0.000026
    -0.000144  0.000276  0.000026
    -0.000137  0.000227  0.000026
    -0.000137  0.000227  0.000026
    -0.000137  0.000227  0.000026
     0.000228  0.000150  0.000026
     0.000396  0.000121  0.000026
     0.000530  0.000099  0.000026
     0.000690  0.000067  0.000026
     0.000668  0.000065  0.000026
     0.000520  0.000087  0.000026
     0.000419  0.000102  0.000026
     0.000164  0.000148  0.000026
    -0.000137  0.000227  0.000026
    -0.000137  0.000227  0.000026
    -0.000137  0.000227  0.000026
    -0.000137  0.000227  0.000026
    -0.000137  0.000227  0.000026
    -0.000137  0.000227  0.000026
    -0.000137  0.000227  0.000026
    -0.000137  0.000227  0.000026
    -0.000137  0.000227  0.000026
    -0.000137  0.000227  0.000026
    -0.000137  0.000227  0.000026
    -0.000137  0.000227  0.000026
    -0.000137  0.000227  0.000026
    -0.000406  0.000101  0.000026
    -0.000478  0.000106  0.000026
    -0.000631  0.000084  0.000026
    -0.000706  0.000105  0.000026
    -0.000784  0.000150  0.000026
    -0.000757  0.000185  0.000026
    -0.000631  0.000214  0.000026
    -0.000560  0.000170  0.000026
    -0.000453  0.000161  0.000026
    -0.000137  0.000227  0.000026
    -0.000140  0.000250  0.000026
    -0.000193  0.000615  0.000026
    -0.000203  0.000648  0.000026
    -0.000170  0.000456  0.000026
    -0.000177  0.000505  0.000026
    -0.000206  0.000618  0.000026
    -0.000205  0.000522  0.000026
    -0.000144  0.000556  0.000026
    -0.000045  0.000419  0.000026
     0.000069  0.000297  0.000026
     0.000139  0.000272  0.000026
    -0.000150  0.000248  0.000026
    -0.000172  0.000469  0.000026
    -0.000213  0.000670  0.000026
    -0.000210  0.000629  0.000026
    -0.000151  0.000316  0.000026
    -0.000333  0.001424  0.000026
     0.013517  0.004734  0.000025
     0.032525  0.010236  0.000023
     0.044032  0.005875  0.000022
     0.031101 -0.006282  0.000022
     0.007019 -0.022514  0.000023
    -0.000815 -0.047107  0.000022
     0.002413 -0.066368  0.000021
    -0.001253 -0.069775  0.000021
    -0.004599 -0.066339  0.000022
    -0.000138 -0.046864  0.000022
    -0.007514 -0.022800  0.000025
    -0.030545 -0.005988  0.000029
    -0.044838  0.005949  0.000031
    -0.031384  0.008665  0.000030
    -0.012940  0.005550  0.000028
    -0.000339  0.001438  0.000026
    -0.000244  0.000199  0.000026
    -0.000197  0.000575  0.000026
    -0.000200  0.000625  0.000026
    -0.000153  0.000340  0.000026
    -0.000132  0.000184  0.000026
    -0.000437  0.000037  0.000026
    -0.000307 -0.000039  0.000026
    -0.000232  0.000118  0.000026
    -0.000221  0.000328  0.000026
    -0.000190  0.000400  0.000026
    -0.000191  0.000557  0.000026
    -0.000171  0.000461  0.000026
    -0.000178  0.000513  0.000026
    -0.000191  0.000597  0.000026
    -0.000176  0.000497  0.000026
    -0.000137  0.000227  0.000026
    -0.000137  0.000227  0.000026
     0.000179  0.000153  0.000026
     0.000378  0.000121  0.000026
     0.000514  0.000100  0.000026
     0.000720  0.000061  0.000026
     0.000744  0.000052  0.000026
     0.000592  0.000074  0.000026
     0.000453  0.000096  0.000026
     0.000197  0.000143  0.000026
    -0.000004  0.000188  0.000026
    -0.000137  0.000227  0.000026
    -0.000137  0.000227  0.000026
    -0.000137  0.000227  0.000026
    -0.000137  0.000227  0.000026
    -0.000137  0.000227  0.000026
    -0.000137  0.000227  0.000026
    -0.000137  0.000227  0.000026
    -0.000137  0.000227  0.000026
    -0.000137  0.000227  0.000026
    -0.000137  0.000227  0.000026
    -0.000137  0.000227  0.000026
    -0.000219  0.000187  0.000026
    -0.000432  0.000101  0.000026
    -0.000497  0.000106  0.000026
    -0.000676  0.000082  0.000026
    -0.000762  0.000097  0.000026
    -0.000821  0.000122  0.000026
    -0.000767  0.000133  0.000026
    -0.000619  0.000119  0.000026
    -0.000552  0.000122  0.000026
    -0.000419  0.000160  0.000026
    -0.000137  0.000227  0.000026
    -0.000189  0.000568  0.000026
    -0.000207  0.000665  0.000026
    -0.000200  0.000655  0.000026
    -0.000185  0.000564  0.000026
    -0.000202  0.000617  0.000026
    -0.000211  0.000605  0.000026
    -0.000189  0.000525  0.000026
    -0.000108  0.000494  0.000026
    -0.000058  0.000340  0.000026
    -0.000006  0.000187  0.000026
     0.000034  0.000155  0.000026
    -0.000156  0.000318  0.000026
    -0.000198  0.000572  0.000026
    -0.000221  0.000680  0.000026
    -0.000220  0.000593  0.000026
    -0.000171  0.000326  0.000026
     0.000467  0.000137  0.000026
     0.014561 -0.002303  0.000024
     0.037627 -0.007007  0.000021
     0.056872 -0.014695  0.000019
     0.051527 -0.023116  0.000019
     0.031239 -0.039963  0.000020
     0.018488 -0.055817  0.000020
     0.008315 -0.052173  0.000021
     0.000127 -0.051960  0.000022
    -0.008124 -0.051892  0.000023
    -0.018543 -0.055863  0.000024
    -0.033632 -0.040137  0.000027
    -0.051367 -0.023593  0.000029
    -0.056443 -0.013900  0.000031
    -0.039601 -0.007445  0.000029
    -0.015737 -0.001626  0.000027
    -0.000957  0.000219  0.000026
    -0.000142  0.000205  0.000026
    -0.000197  0.000499  0.000026
    -0.000203  0.000615  0.000026
    -0.000179  0.000500  0.000026
    -0.000137  0.000227  0.000026
    -0.000266  0.000271  0.000026
    -0.000272  0.000186  0.000026
    -0.000212  0.000065  0.000026
    -0.000243  0.000276  0.000026
    -0.000195  0.000351  0.000026
    -0.000189  0.000516  0.000026
    -0.000187  0.000551  0.000026
    -0.000190  0.000594  0.000026
    -0.000189  0.000590  0.000026
    -0.000194  0.000613  0.000026
    -0.000170  0.000460  0.000026
    -0.000137  0.000227  0.000026
     0.000114  0.000163  0.000026
     0.000359  0.000122  0.000026
     0.000480  0.000102  0.000026
     0.000736  0.000056  0.000026
     0.000807  0.000040  0.000026
     0.000688  0.000057  0.000026
     0.000530  0.000082  0.000026
     0.000229  0.000137  0.000026
     0.000107  0.000158  0.000026
    -0.000137  0.000227  0.000026
    -0.000137  0.000227  0.000026
    -0.000137  0.000227  0.000026
    -0.000137  0.000227  0.000026
    -0.000137  0.000227  0.000026
    -0.000137  0.000227  0.000026
    -0.000137  0.000227  0.000026
    -0.000137  0.000227  0.000026
    -0.000137  0.000227  0.000026
    -0.000137  0.000227  0.000026
    -0.000137  0.000227  0.000026
    -0.000375  0.000110  0.000026
    -0.000455  0.000100  0.000026
    -0.000513  0.000105  0.000026
    -0.000707  0.000069  0.000026
    -0.000808  0.000072  0.000026
    -0.000835  0.000076  0.000026
    -0.000759  0.000034  0.000026
    -0.000608  0.000089  0.000026
    -0.000537  0.000108  0.000026
    -0.000397  0.000188  0.000026
    -0.000177  0.000463  0.000026
    -0.000201  0.000614  0.000026
    -0.000210  0.000680  0.000026
    -0.000192  0.000606  0.000026
    -0.000207  0.000700  0.000026
    -0.000196  0.000571  0.000026
    -0.000207  0.000568  0.000026
    -0.000199  0.000469  0.000026
    -0.000129  0.000340  0.000026
    -0.000080  0.000324  0.000026
    -0.000041  0.000161  0.000026
    -0.000001  0.000193  0.000026
    -0.000171  0.000368  0.000026
    -0.000217  0.000682  0.000026
    -0.000365  0.001017  0.000026
    -0.000832 -0.000098  0.000026
    -0.000318 -0.000822  0.000026
     0.004958 -0.007330  0.000025
     0.021819 -0.012145  0.000023
     0.048853 -0.023205  0.000019
     0.070780 -0.037276  0.000016
     0.067589 -0.045427  0.000016
     0.034502 -0.042211  0.000019
     0.011233 -0.023660  0.000023
     0.003444 -0.010775  0.000025
    -0.001420 -0.006314  0.000026
    -0.004800 -0.010265  0.000026
    -0.010220 -0.025183  0.000025
    -0.036876 -0.042467  0.000028
    -0.065852 -0.047125  0.000028
    -0.071693 -0.038136  0.000029
    -0.049735 -0.022558  0.000029
    -0.023272 -0.012822  0.000027
    -0.004537 -0.006604  0.000026
    -0.000512 -0.000754  0.000026
     0.000313  0.000037  0.000026
    -0.000179  0.000841  0.000026
    -0.000194  0.000589  0.000026
    -0.000146  0.000272  0.000026
    -0.000303  0.000283  0.000026
    -0.000284  0.000283  0.000026
    -0.000200  0.000074  0.000026
    -0.000194  0.000153  0.000026
    -0.000150  0.000273  0.000026
    -0.000180  0.000457  0.000026
    -0.000177  0.000492  0.000026
    -0.000203  0.000676  0.000026
    -0.000192  0.000610  0.000026
    -0.000198  0.000631  0.000026
    -0.000184  0.000547  0.000026
    -0.000144  0.000280  0.000026
     0.000077  0.000170  0.000026
     0.000333  0.000127  0.000026
     0.000459  0.000104  0.000026
     0.000712  0.000057  0.000026
     0.000831  0.000035  0.000026
     0.000768  0.000043  0.000026
     0.000585  0.000073  0.000026
     0.000254  0.000132  0.000026
     0.000145  0.000151  0.000026
    -0.000122  0.000223  0.000026
    -0.000137  0.000227  0.000026
    -0.000137  0.000227  0.000026
    -0.000137  0.000227  0.000026
    -0.000137  0.000227  0.000026
    -0.000137  0.000227  0.000026
    -0.000137  0.000227  0.000026
    -0.000137  0.000227  0.000026
    -0.000137  0.000227  0.000026
    -0.000137  0.000227  0.000026
    -0.000137  0.000227  0.000026
    -0.000430  0.000091  0.000026
    -0.000477  0.000099  0.000026
    -0.000526  0.000103  0.000026
    -0.000736  0.000051  0.000026
    -0.000841  0.000032  0.000026
    -0.000832 -0.000013  0.000026
    -0.000751  0.000011  0.000026
    -0.000600  0.000072  0.000026
    -0.000531  0.000119  0.000026
    -0.000413  0.000291  0.000026
    -0.000380  0.000378  0.000026
    -0.000208  0.000637  0.000026
    -0.000208  0.000677  0.000026
    -0.000204  0.000691  0.000026
    -0.000200  0.000661  0.000026
    -0.000187  0.000508  0.000026
    -0.000285  0.000421  0.000026
    -0.000191  0.000452  0.000026
    -0.000126  0.000311  0.000026
    -0.000066  0.000258  0.000026
    -0.000057  0.000238  0.000026
    -0.000084  0.000221  0.000026
    -0.000184  0.000486  0.000026
    -0.000460  0.000938  0.000026
     0.001271 -0.000722  0.000026
     0.003277 -0.007305  0.000025
     0.005521 -0.015380  0.000024
     0.010926 -0.023388  0.000023
     0.032000 -0.031021  0.000020
     0.065180 -0.037405  0.000016
     0.081675 -0.043262  0.000014
     0.058371 -0.032597  0.000017
     0.017099 -0.014923  0.000023
    -0.003518 -0.000768  0.000026
    -0.003573  0.008363  0.000027
     0.000034  0.012777  0.000027
     0.003190  0.008695  0.000026
     0.001558 -0.000422  0.000026
    -0.016485 -0.014371  0.000027
    -0.057387 -0.032281  0.000028
    -0.082457 -0.043665  0.000028
    -0.065771 -0.037285  0.000030
    -0.032863 -0.030981  0.000027
    -0.011937 -0.023511  0.000025
    -0.005569 -0.015700  0.000025
    -0.002002 -0.006298  0.000025
    -0.001659 -0.000588  0.000026
    -0.000068  0.000903  0.000026
    -0.000154  0.000344  0.000026
    -0.000264  0.000273  0.000026
    -0.000292  0.000254  0.000026
    -0.000262  0.000195  0.000026
    -0.000178  0.000126  0.000026
    -0.000172  0.000290  0.000026
    -0.000096  0.000308  0.000026
    -0.000162  0.000404  0.000026
    -0.000187  0.000577  0.000026
    -0.000200  0.000668  0.000026
    -0.000198  0.000636  0.000026
    -0.000188  0.000558  0.000026
     0.000002  0.000239  0.000026
     0.000111  0.000167  0.000026
     0.000324  0.000128  0.000026
     0.000449  0.000106  0.000026
     0.000701  0.000059  0.000026
     0.000821  0.000034  0.000026
     0.000821  0.000032  0.000026
     0.000636  0.000063  0.000026
     0.000272  0.000129  0.000026
     0.000180  0.000144  0.000026
     0.000003  0.000186  0.000026
    -0.000137  0.000227  0.000026
    -0.000137  0.000227  0.000026
    -0.000137  0.000227  0.000026
    -0.000137  0.000227  0.000026
    -0.000137  0.000227  0.000026
    -0.000137  0.000227  0.000026
    -0.000137  0.000227  0.000026
    -0.000137  0.000227  0.000026
    -0.000137  0.000227  0.000026
    -0.000137  0.000227  0.000026
    -0.000453  0.000090  0.000026
    -0.000496  0.000097  0.000026
    -0.000590  0.000087  0.000026
    -0.000756  0.000026  0.000026
    -0.000850 -0.000056  0.000026
    -0.000839 -0.000034  0.000026
    -0.000742 -0.000010  0.000026
    -0.000606  0.000062  0.000026
    -0.000550  0.000204  0.000026
    -0.000423  0.000333  0.000026
    -0.000384  0.000418  0.000026
    -0.000204  0.000622  0.000026
    -0.000190  0.000596  0.000026
    -0.000188  0.000585  0.000026
    -0.000183  0.000547  0.000026
    -0.000264  0.000385  0.000026
    -0.000327  0.000374  0.000026
    -0.000161  0.000395  0.000026
    -0.000107  0.000200  0.000026
    -0.000086  0.000244  0.000026
    -0.000045  0.000321  0.000026
    -0.000087  0.000376  0.000026
    -0.000276  0.001136  0.000026
     0.002004  0.000545  0.000026
     0.005284 -0.003731  0.000025
     0.010949 -0.011375  0.000024
     0.016720 -0.021770  0.000022
     0.021488 -0.032117  0.000021
     0.036342 -0.038490  0.000019
     0.068599 -0.037692  0.000016
     0.079420 -0.028420  0.000015
     0.039907 -0.012289  0.000021
     0.001858 -0.000591  0.000026
    -0.013302  0.006851  0.000028
    -0.010993  0.015959  0.000028
    -0.000190  0.017502  0.000027
     0.009439  0.016517  0.000026
     0.012660  0.008001  0.000025
    -0.003877 -0.000832  0.000026
    -0.041569 -0.011448  0.000029
    -0.078300 -0.027445  0.000028
    -0.068465 -0.036748  0.000029
    -0.036608 -0.037258  0.000027
    -0.020287 -0.032471  0.000025
    -0.016016 -0.021315  0.000026
    -0.011456 -0.011689  0.000026
    -0.005533 -0.001861  0.000026
    -0.002230  0.000629  0.000026
    -0.000254  0.001038  0.000026
    -0.000250  0.000178  0.000026
    -0.000260  0.000163  0.000026
    -0.000230  0.000200  0.000026
    -0.000239  0.000268  0.000026
    -0.000196  0.000272  0.000026
     0.000017  0.000188  0.000026
    -0.000137  0.000227  0.000026
    -0.000166  0.000428  0.000026
    -0.000189  0.000588  0.000026
    -0.000185  0.000562  0.000026
    -0.000184  0.000542  0.000026
     0.000013  0.000325  0.000026
     0.000128  0.000165  0.000026
     0.000369  0.000124  0.000026
     0.000460  0.000105  0.000026
     0.000687  0.000061  0.000026
     0.000836  0.000031  0.000026
     0.000830  0.000028  0.000026
     0.000668  0.000057  0.000026
     0.000386  0.000108  0.000026
     0.000210  0.000138  0.000026
     0.000116  0.000154  0.000026
    -0.000137  0.000227  0.000026
    -0.000137  0.000227  0.000026
    -0.000137  0.000227  0.000026
    -0.000137  0.000227  0.000026
    -0.000137  0.000227  0.000026
    -0.000137  0.000227  0.000026
    -0.000137  0.000227  0.000026
    -0.000137  0.000227  0.000026
    -0.000137  0.000227  0.000026
    -0.000137  0.000227  0.000026
    -0.000474  0.000088  0.000026
    -0.000557  0.000089  0.000026
    -0.000620  0.000069  0.000026
    -0.000768 -0.000042  0.000026
    -0.000870 -0.000080  0.000026
    -0.000850 -0.000068  0.000026
    -0.000730 -0.000032  0.000026
    -0.000651  0.000117  0.000026
    -0.000559  0.000223  0.000026
    -0.000427  0.000362  0.000026
    -0.000386  0.000423  0.000026
    -0.000192  0.000581  0.000026
    -0.000182  0.000537  0.000026
    -0.000168  0.000445  0.000026
    -0.000196  0.000625  0.000026
    -0.000360  0.000362  0.000026
    -0.000307  0.000271  0.000026
    -0.000152  0.000280  0.000026
    -0.000130  0.000168  0.000026
    -0.000026  0.000188  0.000026
    -0.000002  0.000410  0.000026
    -0.000052  0.000485  0.000026
    -0.000335  0.001602  0.000026
     0.003992  0.000861  0.000025
     0.012300 -0.001319  0.000024
     0.021028 -0.008445  0.000023
     0.029367 -0.017890  0.000021
     0.027836 -0.022171  0.000021
     0.036181 -0.022559  0.000020
     0.057491 -0.018226  0.000018
     0.069884 -0.006721  0.000017
     0.028953 -0.000478  0.000023
    -0.002626  0.003520  0.000027
    -0.017434  0.006534  0.000028
    -0.012942  0.009700  0.000028
    -0.000958  0.010512  0.000027
     0.012733  0.009805  0.000025
     0.016500  0.006055  0.000025
     0.001410  0.003585  0.000026
    -0.029197  0.001327  0.000029
    -0.068602 -0.006825  0.000028
    -0.058017 -0.017776  0.000029
    -0.035914 -0.022918  0.000028
    -0.025213 -0.021446  0.000027
    -0.027190 -0.016729  0.000027
    -0.022208 -0.009023  0.000027
    -0.012652 -0.000219  0.000027
    -0.004301  0.001035  0.000026
    -0.000333  0.001584  0.000026
    -0.000303  0.000259  0.000026
    -0.000361  0.000221  0.000026
    -0.000275  0.000204  0.000026
    -0.000197  0.000261  0.000026
    -0.000137  0.000227  0.000026
     0.000008  0.000205  0.000026
     0.000013  0.000191  0.000026
    -0.000170  0.000458  0.000026
    -0.000176  0.000500  0.000026
    -0.000172  0.000468  0.000026
    -0.000167  0.000435  0.000026
     0.000011  0.000327  0.000026
     0.000135  0.000172  0.000026
     0.000386  0.000122  0.000026
     0.000544  0.000092  0.000026
     0.000666  0.000065  0.000026
     0.000858  0.000027  0.000026
     0.000868  0.000021  0.000026
     0.000682  0.000053  0.000026
     0.000437  0.000099  0.000026
     0.000295  0.000121  0.000026
     0.000148  0.000147  0.000026
    -0.000137  0.000227  0.000026
    -0.000137  0.000227  0.000026
    -0.000137  0.000227  0.000026
    -0.000137  0.000227  0.000026
    -0.000137  0.000227  0.000026
    -0.000137  0.000227  0.000026
    -0.000137  0.000227  0.000026
    -0.000137  0.000227  0.000026
    -0.000137  0.000227  0.000026
    -0.000137  0.000227  0.000026
    -0.000490  0.000086  0.000026
    -0.000619  0.000086  0.000026
    -0.000632  0.000020  0.000026
    -0.000784 -0.000062  0.000026
    -0.000880 -0.000106  0.000026
    -0.000859 -0.000100  0.000026
    -0.000772  0.000026  0.000026
    -0.000678  0.000135  0.000026
    -0.000559  0.000238  0.000026
    -0.000437  0.000348  0.000026
    -0.000308  0.000428  0.000026
    -0.000160  0.000387  0.000026
    -0.000151  0.000325  0.000026
    -0.000194  0.000624  0.000026
    -0.000188  0.000583  0.000026
    -0.000353  0.000317  0.000026
    -0.000331  0.000171  0.000026
    -0.000213  0.000144  0.000026
    -0.000078  0.000140  0.000026
     0.000012  0.000206  0.000026
     0.000022  0.000348  0.000026
    -0.000027  0.000463  0.000026
    -0.000050  0.001756  0.000026
     0.006057  0.001581  0.000025
     0.016431  0.003743  0.000024
     0.025120  0.005125  0.000024
     0.030350  0.006645  0.000023
     0.026807  0.009236  0.000024
     0.033216  0.008958  0.000023
     0.053817  0.006121  0.000020
     0.065146 -0.000322  0.000019
     0.028444 -0.005076  0.000023
    -0.003754 -0.004800  0.000026
    -0.017738 -0.007121  0.000027
    -0.013803 -0.004985  0.000027
     0.000183 -0.003105  0.000025
     0.012669 -0.005341  0.000024
     0.017034 -0.006444  0.000024
     0.001559 -0.004689  0.000025
    -0.028772 -0.002730  0.000029
    -0.064676  0.000523  0.000028
    -0.054123  0.007492  0.000029
    -0.034393  0.008844  0.000030
    -0.025993  0.009195  0.000029
    -0.029877  0.006720  0.000030
    -0.025684  0.005531  0.000029
    -0.017052  0.003018  0.000028
    -0.005809  0.002161  0.000027
    -0.000382  0.001906  0.000026
    -0.000342  0.000263  0.000026
    -0.000310  0.000071  0.000026
    -0.000289  0.000101  0.000026
    -0.000232  0.000279  0.000026
    -0.000139  0.000234  0.000026
    -0.000005  0.000199  0.000026
     0.000017  0.000187  0.000026
    -0.000156  0.000360  0.000026
    -0.000191  0.000602  0.000026
    -0.000149  0.000315  0.000026
    -0.000141  0.000259  0.000026
    -0.000087  0.000256  0.000026
     0.000151  0.000160  0.000026
     0.000394  0.000121  0.000026
     0.000598  0.000084  0.000026
     0.000745  0.000053  0.000026
     0.000876  0.000023  0.000026
     0.000890  0.000017  0.000026
     0.000711  0.000047  0.000026
     0.000452  0.000094  0.000026
     0.000399  0.000102  0.000026
     0.000172  0.000143  0.000026
    -0.000137  0.000227  0.000026
    -0.000137  0.000227  0.000026
    -0.000137  0.000227  0.000026
    -0.000137  0.000227  0.000026
    -0.000137  0.000227  0.000026
    -0.000137  0.000227  0.000026
    -0.000137  0.000227  0.000026
    -0.000137  0.000227  0.000026
    -0.000137  0.000227  0.000026
    -0.000137  0.000227  0.000026
    -0.000503  0.000084  0.000026
    -0.000646  0.000079  0.000026
    -0.000661  0.000012  0.000026
    -0.000797 -0.000079  0.000026
    -0.000887 -0.000128  0.000026
    -0.000858 -0.000138  0.000026
    -0.000791  0.000044  0.000026
    -0.000689  0.000154  0.000026
    -0.000498  0.000256  0.000026
    -0.000439  0.000308  0.000026
    -0.000185  0.000455  0.000026
    -0.000137  0.000227  0.000026
    -0.000168  0.000440  0.000026
    -0.000177  0.000503  0.000026
    -0.000192  0.000606  0.000026
    -0.000372  0.000114  0.000026
    -0.000361  0.000158  0.000026
    -0.000218  0.000097  0.000026
    -0.000090  0.000049  0.000026
     0.000022  0.000183  0.000026
     0.000081  0.000270  0.000026
     0.000046  0.000320  0.000026
     0.000176  0.001295  0.000026
     0.005899  0.001445  0.000025
     0.014292  0.006582  0.000025
     0.019503  0.014055  0.000025
     0.021058  0.021726  0.000026
     0.022413  0.032306  0.000026
     0.035986  0.037252  0.000025
     0.062557  0.030710  0.000021
     0.075260  0.014596  0.000018
     0.038793 -0.001305  0.000022
     0.002304 -0.008989  0.000025
    -0.015359 -0.017346  0.000026
    -0.012817 -0.020293  0.000026
    -0.000206 -0.022209  0.000024
     0.012751 -0.018957  0.000023
     0.016066 -0.016980  0.000023
    -0.004555 -0.008794  0.000026
    -0.038627  0.000470  0.000030
    -0.074955  0.016159  0.000028
    -0.063883  0.031000  0.000030
    -0.037152  0.035190  0.000032
    -0.024584  0.031130  0.000031
    -0.021964  0.021645  0.000030
    -0.019899  0.012873  0.000029
    -0.014776  0.006254  0.000028
    -0.005755  0.002030  0.000027
    -0.000645  0.001492  0.000026
    -0.000354  0.000085  0.000026
    -0.000350 -0.000005  0.000026
    -0.000257  0.000052  0.000026
    -0.000161  0.000275  0.000026
    -0.000083  0.000234  0.000026
     0.000021  0.000192  0.000026
    -0.000059  0.000204  0.000026
    -0.000157  0.000368  0.000026
    -0.000175  0.000495  0.000026
    -0.000153  0.000340  0.000026
    -0.000137  0.000227  0.000026
    -0.000137  0.000227  0.000026
     0.000151  0.000158  0.000026
     0.000294  0.000140  0.000026
     0.000619  0.000081  0.000026
     0.000781  0.000048  0.000026
     0.000873  0.000024  0.000026
     0.000904  0.000015  0.000026
     0.000738  0.000043  0.000026
     0.000496  0.000086  0.000026
     0.000426  0.000096  0.000026
     0.000189  0.000139  0.000026
    -0.000137  0.000227  0.000026
    -0.000137  0.000227  0.000026
    -0.000137  0.000227  0.000026
    -0.000137  0.000227  0.000026
    -0.000137  0.000227  0.000026
    -0.000137  0.000227  0.000026
    -0.000137  0.000227  0.000026
    -0.000137  0.000227  0.000026
    -0.000137  0.000227  0.000026
    -0.000137  0.000227  0.000026
    -0.000510  0.000082  0.000026
    -0.000672  0.000074  0.000026
    -0.000695 -0.000014  0.000026
    -0.000805 -0.000096  0.000026
    -0.000890 -0.000153  0.000026
    -0.000969 -0.000074  0.000026
    -0.000835  0.000036  0.000026
    -0.000689  0.000139  0.000026
    -0.000508  0.000201  0.000026
    -0.000430  0.000264  0.000026
    -0.000137  0.000227  0.000026
    -0.000155  0.000353  0.000026
    -0.000153  0.000342  0.000026
    -0.000150  0.000316  0.000026
    -0.000137  0.000227  0.000026
    -0.000346  0.000125  0.000026
    -0.000373  0.000171  0.000026
    -0.000235  0.000025  0.000026
    -0.000076  0.000014  0.000026
     0.000040  0.000050  0.000026
     0.000118  0.000181  0.000026
     0.000018  0.000182  0.000026
     0.000105  0.000157  0.000026
     0.003511  0.000473  0.000025
     0.007728  0.003303  0.000025
     0.009432  0.011032  0.000026
     0.011465  0.019955  0.000026
     0.016030  0.027399  0.000027
     0.033471  0.034403  0.000025
     0.070953  0.037962  0.000021
     0.085484  0.034269  0.000018
     0.060191  0.013711  0.000020
     0.017886 -0.003849  0.000024
    -0.005489 -0.015922  0.000025
    -0.005691 -0.035169  0.000024
    -0.002166 -0.040866  0.000023
     0.003980 -0.034433  0.000023
     0.004732 -0.017009  0.000024
    -0.017883 -0.002196  0.000028
    -0.060988  0.014196  0.000028
    -0.087723  0.033362  0.000028
    -0.071214  0.036201  0.000030
    -0.033144  0.035114  0.000032
    -0.014754  0.027472  0.000030
    -0.009557  0.021035  0.000029
    -0.008085  0.011840  0.000028
    -0.007204  0.003997  0.000027
    -0.003860  0.000726  0.000026
    -0.000528  0.000274  0.000026
    -0.000315  0.000287  0.000026
    -0.000394  0.000114  0.000026
    -0.000232  0.000159  0.000026
    -0.000143  0.000280  0.000026
    -0.000027  0.000230  0.000026
     0.000057  0.000189  0.000026
    -0.000128  0.000225  0.000026
    -0.000137  0.000227  0.000026
    -0.000147  0.000294  0.000026
    -0.000137  0.000227  0.000026
    -0.000137  0.000227  0.000026
    -0.000137  0.000227  0.000026
     0.000130  0.000160  0.000026
     0.000304  0.000136  0.000026
     0.000619  0.000080  0.000026
     0.000894  0.000041  0.000026
     0.001472  0.000105  0.000026
     0.000911  0.000013  0.000026
     0.000755  0.000040  0.000026
     0.000559  0.000074  0.000026
     0.000457  0.000089  0.000026
     0.000195  0.000138  0.000026
    -0.000137  0.000227  0.000026
    -0.000137  0.000227  0.000026
    -0.000137  0.000227  0.000026
    -0.000137  0.000227  0.000026
    -0.000137  0.000227  0.000026
    -0.000137  0.000227  0.000026
    -0.000137  0.000227  0.000026
    -0.000137  0.000227  0.000026
    -0.000137  0.000227  0.000026
    -0.000137  0.000227  0.000026
    -0.000502  0.000077  0.000026
    -0.000706  0.000073  0.000026
    -0.000761 -0.000002  0.000026
    -0.000751 -0.000061  0.000026
    -0.000928 -0.000136  0.000026
    -0.001282  0.000120  0.000026
    -0.000966  0.000077  0.000026
    -0.000675  0.000109  0.000026
    -0.000515  0.000151  0.000026
    -0.000423  0.000209  0.000026
    -0.000155  0.000356  0.000026
    -0.000148  0.000304  0.000026
    -0.000137  0.000227  0.000026
    -0.000137  0.000227  0.000026
    -0.000137  0.000227  0.000026
    -0.000373  0.000112  0.000026
    -0.000375  0.000182  0.000026
    -0.000246  0.000012  0.000026
    -0.000090 -0.000089  0.000026
     0.000041 -0.000131  0.000026
     0.000106 -0.000028  0.000026
    -0.000137  0.000227  0.000026
     0.000588  0.000015  0.000026
     0.002426 -0.000521  0.000025
     0.003100 -0.000046  0.000025
     0.002714  0.001744  0.000026
     0.001659  0.006970  0.000026
     0.007095  0.014712  0.000026
     0.025228  0.019882  0.000025
     0.066809  0.031495  0.000021
     0.090345  0.038072  0.000018
     0.083804  0.026214  0.000018
     0.046599  0.003808  0.000021
     0.017005 -0.017937  0.000023
     0.011914 -0.044911  0.000021
     0.000620 -0.051618  0.000022
    -0.010003 -0.044043  0.000024
    -0.017177 -0.018175  0.000026
    -0.047310  0.005166  0.000028
    -0.085806  0.026918  0.000027
    -0.091634  0.037541  0.000028
    -0.068393  0.030791  0.000031
    -0.026291  0.020842  0.000030
    -0.007921  0.015687  0.000028
    -0.002113  0.006806  0.000027
    -0.003051  0.001666  0.000026
    -0.003473 -0.000021  0.000026
    -0.002501 -0.000661  0.000026
    -0.001098 -0.000243  0.000026
    -0.000137  0.000227  0.000026
    -0.000386  0.000332  0.000026
    -0.000229  0.000313  0.000026
    -0.000094  0.000274  0.000026
     0.000019  0.000230  0.000026
     0.000070  0.000190  0.000026
    -0.000106  0.000218  0.000026
    -0.000137  0.000227  0.000026
    -0.000137  0.000227  0.000026
    -0.000137  0.000227  0.000026
    -0.000137  0.000227  0.000026
    -0.000137  0.000227  0.000026
     0.000113  0.000161  0.000026
     0.000314  0.000133  0.000026
     0.000592  0.000084  0.000026
     0.001318  0.000112  0.000026
     0.002293  0.000255  0.000025
     0.000980  0.000002  0.000026
     0.000671  0.000057  0.000026
     0.000647  0.000057  0.000026
     0.000517  0.000078  0.000026
     0.000163  0.000143  0.000026
    -0.000137  0.000227  0.000026
    -0.000137  0.000227  0.000026
    -0.000137  0.000227  0.000026
    -0.000137  0.000227  0.000026
    -0.000137  0.000227  0.000026
    -0.000137  0.000227  0.000026
    -0.000137  0.000227  0.000026
    -0.000137  0.000227  0.000026
    -0.000137  0.000227  0.000026
    -0.000137  0.000227  0.000026
    -0.000547  0.000074  0.000026
    -0.000733  0.000070  0.000026
    -0.000790  0.000007  0.000026
    -0.000770 -0.000096  0.000026
    -0.000949 -0.000139  0.000026
    -0.001467  0.000215  0.000026
    -0.000934 -0.000018  0.000026
    -0.000676  0.000048  0.000026
    -0.000511  0.000107  0.000026
    -0.000444  0.000191  0.000026
    -0.000137  0.000227  0.000026
    -0.000137  0.000227  0.000026
    -0.000137  0.000227  0.000026
    -0.000137  0.000227  0.000026
    -0.000137  0.000227  0.000026
    -0.000467  0.000067  0.000026
    -0.000393  0.000176  0.000026
    -0.000267  0.000087  0.000026
    -0.000131 -0.000009  0.000026
     0.000003  0.000044  0.000026
     0.000004  0.000338  0.000026
    -0.000137  0.000227  0.000026
     0.001633 -0.000284  0.000026
     0.002393 -0.000508  0.000025
     0.001843 -0.000351  0.000025
     0.000294  0.000070  0.000026
    -0.000843  0.000189  0.000026
     0.002093  0.000852  0.000026
     0.021020  0.005331  0.000024
     0.060546  0.009264  0.000020
     0.087864  0.015116  0.000017
     0.092332  0.015907  0.000016
     0.076559  0.006093  0.000017
     0.056205 -0.015174  0.000018
     0.028608 -0.027230  0.000021
     0.001662 -0.027955  0.000024
    -0.031168 -0.025852  0.000028
    -0.056692 -0.014421  0.000027
    -0.078341  0.004947  0.000027
    -0.092582  0.016981  0.000027
    -0.088998  0.016911  0.000029
    -0.061595  0.010313  0.000032
    -0.022842  0.004573  0.000029
    -0.002693  0.000977  0.000026
     0.000437  0.000059  0.000026
    -0.000912 -0.000152  0.000026
    -0.002292 -0.000822  0.000026
    -0.002449 -0.000847  0.000026
    -0.001776 -0.000522  0.000026
    -0.000137  0.000227  0.000026
    -0.000360  0.000322  0.000026
    -0.000231  0.000313  0.000026
    -0.000058  0.000267  0.000026
     0.000029  0.000228  0.000026
     0.000103  0.000185  0.000026
     0.000027  0.000179  0.000026
    -0.000137  0.000227  0.000026
    -0.000137  0.000227  0.000026
    -0.000137  0.000227  0.000026
    -0.000137  0.000227  0.000026
    -0.000137  0.000227  0.000026
     0.000149  0.000154  0.000026
     0.000303  0.000133  0.000026
     0.000592  0.000082  0.000026
     0.001348  0.000107  0.000026
     0.002828  0.000350  0.000025
     0.001230  0.000043  0.000026
     0.000703  0.000050  0.000026
     0.000687  0.000049  0.000026
     0.000563  0.000069  0.000026
     0.000242  0.000127  0.000026
    -0.000137  0.000227  0.000026
    -0.000137  0.000227  0.000026
    -0.000137  0.000227  0.000026
    -0.000137  0.000227  0.000026
    -0.000137  0.000227  0.000026
    -0.000137  0.000227  0.000026
    -0.000137  0.000227  0.000026
    -0.000137  0.000227  0.000026
    -0.000137  0.000227  0.000026
    -0.000137  0.000227  0.000026
    -0.000559  0.000075  0.000026
    -0.000750  0.000068  0.000026
    -0.000818  0.000031  0.000026
    -0.000879 -0.000149  0.000026
    -0.001066 -0.000088  0.000026
    -0.001435  0.000147  0.000026
    -0.000885 -0.000120  0.000026
    -0.000677 -0.000020  0.000026
    -0.000517  0.000134  0.000026
    -0.000294  0.000171  0.000026
    -0.000137  0.000227  0.000026
    -0.000137  0.000227  0.000026
    -0.000137  0.000227  0.000026
    -0.000137  0.000227  0.000026
    -0.000137  0.000227  0.000026
    -0.000493  0.000053  0.000026
    -0.000441  0.000174  0.000026
    -0.000283  0.000042  0.000026
    -0.000206  0.000216  0.000026
    -0.000130  0.000383  0.000026
    -0.000104  0.000326  0.000026
    -0.000137  0.000227  0.000026
     0.001543 -0.000258  0.000026
     0.001918 -0.000373  0.000025
     0.002014 -0.000401  0.000025
     0.000760 -0.000260  0.000026
    -0.001575 -0.000708  0.000026
     0.003425 -0.005813  0.000025
     0.021452 -0.010886  0.000023
     0.061586 -0.018847  0.000018
     0.089172 -0.022186  0.000014
     0.093828 -0.023475  0.000013
     0.077917 -0.014809  0.000016
     0.052941  0.007321  0.000020
     0.028001  0.021345  0.000025
    -0.000064  0.024895  0.000028
    -0.030156  0.022010  0.000028
    -0.053901  0.006777  0.000027
    -0.079207 -0.014609  0.000026
    -0.092672 -0.023379  0.000026
    -0.089263 -0.023070  0.000028
    -0.061902 -0.018301  0.000031
    -0.023269 -0.010994  0.000027
    -0.003178 -0.005210  0.000026
     0.000483 -0.000691  0.000026
    -0.001409 -0.000431  0.000026
    -0.002421 -0.000486  0.000026
    -0.002120 -0.000470  0.000026
    -0.001706 -0.000490  0.000026
    -0.000137  0.000227  0.000026
    -0.000309  0.000298  0.000026
    -0.000191  0.000292  0.000026
    -0.000023  0.000258  0.000026
     0.000067  0.000221  0.000026
     0.000166  0.000171  0.000026
     0.000034  0.000177  0.000026
    -0.000137  0.000227  0.000026
    -0.000137  0.000227  0.000026
    -0.000137  0.000227  0.000026
    -0.000137  0.000227  0.000026
    -0.000137  0.000227  0.000026
    -0.000117  0.000221  0.000026
     0.000313  0.000132  0.000026
     0.000591  0.000081  0.000026
     0.001142  0.000058  0.000026
     0.002808  0.000339  0.000025
     0.001774  0.000140  0.000026
     0.000883  0.000017  0.000026
     0.000720  0.000043  0.000026
     0.000587  0.000065  0.000026
     0.000272  0.000122  0.000026
    -0.000137  0.000227  0.000026
    -0.000137  0.000227  0.000026
    -0.000137  0.000227  0.000026
    -0.000137  0.000227  0.000026
    -0.000137  0.000227  0.000026
    -0.000137  0.000227  0.000026
    -0.000137  0.000227  0.000026
    -0.000137  0.000227  0.000026
    -0.000137  0.000227  0.000026
    -0.000137  0.000227  0.000026
    -0.000501  0.000083  0.000026
    -0.000758  0.000067  0.000026
    -0.000844  0.000068  0.000026
    -0.000920 -0.000184  0.000026
    -0.000978 -0.000093  0.000026
    -0.001336  0.000027  0.000026
    -0.000883 -0.000185  0.000026
    -0.000676 -0.000084  0.000026
    -0.000516  0.000097  0.000026
    -0.000285  0.000154  0.000026
    -0.000137  0.000227  0.000026
    -0.000137  0.000227  0.000026
    -0.000137  0.000227  0.000026
    -0.000137  0.000227  0.000026
    -0.000137  0.000227  0.000026
    -0.000474  0.000062  0.000026
    -0.000463  0.000160  0.000026
    -0.000354  0.000251  0.000026
    -0.000246  0.000321  0.000026
    -0.000169  0.000360  0.000026
    -0.000099  0.000316  0.000026
    -0.000137  0.000227  0.000026
     0.000957 -0.000092  0.000026
     0.002898 -0.000659  0.000025
     0.004776 -0.002898  0.000025
     0.004313 -0.008307  0.000025
     0.003768 -0.013971  0.000024
     0.007217 -0.020550  0.000023
     0.026456 -0.028923  0.000021
     0.065314 -0.035737  0.000016
     0.093326 -0.041298  0.000013
     0.085121 -0.027034  0.000014
     0.051949 -0.002093  0.000020
     0.014224  0.018140  0.000026
     0.007832  0.038454  0.000028
    -0.001987  0.045810  0.000030
    -0.009375  0.038652  0.000030
    -0.014318  0.017480  0.000029
    -0.053738 -0.002216  0.000028
    -0.085680 -0.025566  0.000027
    -0.092361 -0.040628  0.000027
    -0.066437 -0.035474  0.000030
    -0.026431 -0.029032  0.000026
    -0.008704 -0.021408  0.000025
    -0.001859 -0.013545  0.000025
    -0.002949 -0.007273  0.000025
    -0.004615 -0.001565  0.000026
    -0.002972 -0.000793  0.000026
    -0.001330 -0.000346  0.000026
    -0.000137  0.000227  0.000026
    -0.000362  0.000306  0.000026
    -0.000185  0.000286  0.000026
    -0.000063  0.000254  0.000026
     0.000088  0.000208  0.000026
     0.000197  0.000161  0.000026
     0.000034  0.000177  0.000026
    -0.000137  0.000227  0.000026
    -0.000137  0.000227  0.000026
    -0.000137  0.000227  0.000026
    -0.000137  0.000227  0.000026
    -0.000137  0.000227  0.000026
    -0.000137  0.000227  0.000026
     0.000309  0.000131  0.000026
     0.000589  0.000080  0.000026
     0.000946  0.000015  0.000026
     0.002657  0.000304  0.000025
     0.001458  0.000094  0.000026
     0.000953  0.000004  0.000026
     0.000745  0.000037  0.000026
     0.000597  0.000062  0.000026
     0.000186  0.000140  0.000026
    -0.000137  0.000227  0.000026
    -0.000137  0.000227  0.000026
    -0.000137  0.000227  0.000026
    -0.000137  0.000227  0.000026
    -0.000137  0.000227  0.000026
    -0.000137  0.000227  0.000026
    -0.000137  0.000227  0.000026
    -0.000137  0.000227  0.000026
    -0.000137  0.000227  0.000026
    -0.000137  0.000227  0.000026
    -0.000513  0.000082  0.000026
    -0.000759  0.000066  0.000026
    -0.000898 -0.000060  0.000026
    -0.000943 -0.000228  0.000026
    -0.001117 -0.000162  0.000026
    -0.001212 -0.000116  0.000026
    -0.000882 -0.000249  0.000026
    -0.000727 -0.000109  0.000026
    -0.000514  0.000125  0.000026
    -0.000257  0.000168  0.000026
    -0.000137  0.000227  0.000026
    -0.000137  0.000227  0.000026
    -0.000137  0.000227  0.000026
    -0.000137  0.000227  0.000026
    -0.000173  0.000209  0.000026
    -0.000542  0.000034  0.000026
    -0.000509  0.000120  0.000026
    -0.000374  0.000220  0.000026
    -0.000266  0.000300  0.000026
    -0.000155  0.000336  0.000026
    -0.000129  0.000300  0.000026
    -0.000137  0.000227  0.000026
     0.001055 -0.000121  0.000026
     0.004926 -0.001250  0.000025
     0.010531 -0.007077  0.000024
     0.010357 -0.013868  0.000024
     0.012980 -0.024394  0.000023
     0.016655 -0.033825  0.000021
     0.030712 -0.040637  0.000020
     0.067045 -0.040463  0.000016
     0.085940 -0.030777  0.000014
     0.061283 -0.011371  0.000018
     0.019009  0.006780  0.000025
    -0.003823  0.018943  0.000028
    -0.003588  0.030956  0.000029
     0.001660  0.033500  0.000029
     0.006337  0.031132  0.000028
     0.002939  0.019492  0.000027
    -0.020251  0.007536  0.000029
    -0.061671 -0.010585  0.000028
    -0.086421 -0.029262  0.000027
    -0.067628 -0.039696  0.000029
    -0.028931 -0.039754  0.000026
    -0.015097 -0.034797  0.000025
    -0.012104 -0.023544  0.000025
    -0.011013 -0.014280  0.000026
    -0.011261 -0.005951  0.000026
    -0.004612 -0.000773  0.000026
    -0.001474 -0.000427  0.000026
    -0.000137  0.000227  0.000026
    -0.000347  0.000301  0.000026
    -0.000251  0.000294  0.000026
    -0.000083  0.000252  0.000026
     0.000055  0.000203  0.000026
     0.000235  0.000143  0.000026
     0.000167  0.000138  0.000026
    -0.000137  0.000227  0.000026
    -0.000137  0.000227  0.000026
    -0.000137  0.000227  0.000026
    -0.000137  0.000227  0.000026
    -0.000137  0.000227  0.000026
    -0.000137  0.000227  0.000026
     0.000274  0.000135  0.000026
     0.000679  0.000063  0.000026
     0.000940  0.000014  0.000026
     0.002432  0.000254  0.000025
     0.002047  0.000176  0.000026
     0.000992 -0.000004  0.000026
     0.000864  0.000015  0.000026
     0.000594  0.000063  0.000026
     0.000208  0.000136  0.000026
    -0.000137  0.000227  0.000026
    -0.000137  0.000227  0.000026
    -0.000137  0.000227  0.000026
    -0.000137  0.000227  0.000026
    -0.000137  0.000227  0.000026
    -0.000137  0.000227  0.000026
    -0.000137  0.000227  0.000026
    -0.000137  0.000227  0.000026
    -0.000137  0.000227  0.000026
    -0.000137  0.000227  0.000026
    -0.000525  0.000081  0.000026
    -0.000748  0.000066  0.000026
    -0.000924 -0.000071  0.000026
    -0.000984 -0.000252  0.000026
    -0.001118 -0.000260  0.000026
    -0.000956 -0.000247  0.000026
    -0.000893 -0.000149  0.000026
    -0.000766 -0.000031  0.000026
    -0.000529  0.000119  0.000026
    -0.000274  0.000160  0.000026
    -0.000137  0.000227  0.000026
    -0.000137  0.000227  0.000026
    -0.000137  0.000227  0.000026
    -0.000137  0.000227  0.000026
    -0.000273  0.000161  0.000026
    -0.000616  0.000025  0.000026
    -0.000486  0.000110  0.000026
    -0.000370  0.000171  0.000026
    -0.000284  0.000272  0.000026
    -0.000083  0.000348  0.000026
    -0.000028  0.000348  0.000026
    -0.000044  0.000290  0.000026
     0.001326 -0.000200  0.000026
     0.009065 -0.000949  0.000025
     0.017616 -0.004981  0.000024
     0.020945 -0.011479  0.000023
     0.023486 -0.022258  0.000022
     0.020949 -0.028302  0.000022
     0.031398 -0.030924  0.000020
     0.055959 -0.027654  0.000018
     0.074133 -0.012978  0.000016
     0.040499  0.000730  0.000022
     0.004272  0.009071  0.000026
    -0.014818  0.015269  0.000029
    -0.010119  0.018968  0.000029
    -0.001538  0.020490  0.000028
     0.010651  0.018495  0.000026
     0.012713  0.016046  0.000026
    -0.006377  0.009867  0.000028
    -0.040576  0.003820  0.000029
    -0.073476 -0.011696  0.000028
    -0.056665 -0.025905  0.000029
    -0.031386 -0.030254  0.000027
    -0.019873 -0.027744  0.000026
    -0.021392 -0.020778  0.000026
    -0.022122 -0.012481  0.000027
    -0.018615 -0.004197  0.000027
    -0.008851 -0.000839  0.000027
    -0.001633 -0.000292  0.000026
    -0.000137  0.000227  0.000026
    -0.000431  0.000328  0.000026
    -0.000340  0.000312  0.000026
    -0.000085  0.000245  0.000026
    -0.000007  0.000201  0.000026
     0.000197  0.000145  0.000026
     0.000314  0.000101  0.000026
    -0.000137  0.000227  0.000026
    -0.000137  0.000227  0.000026
    -0.000137  0.000227  0.000026
    -0.000137  0.000227  0.000026
    -0.000137  0.000227  0.000026
    -0.000137  0.000227  0.000026
     0.000285  0.000132  0.000026
     0.000700  0.000057  0.000026
     0.000920  0.000016  0.000026
     0.001537  0.000097  0.000026
     0.002195  0.000188  0.000025
     0.001051 -0.000016  0.000026
     0.000907  0.000007  0.000026
     0.000576  0.000066  0.000026
     0.000229  0.000132  0.000026
    -0.000137  0.000227  0.000026
    -0.000137  0.000227  0.000026
    -0.000137  0.000227  0.000026
    -0.000137  0.000227  0.000026
    -0.000137  0.000227  0.000026
    -0.000137  0.000227  0.000026
    -0.000137  0.000227  0.000026
    -0.000137  0.000227  0.000026
    -0.000137  0.000227  0.000026
    -0.000137  0.000227  0.000026
    -0.000530  0.000081  0.000026
    -0.000657  0.000077  0.000026
    -0.000934 -0.000056  0.000026
    -0.001017 -0.000179  0.000026
    -0.001139 -0.000300  0.000026
    -0.001024 -0.000237  0.000026
    -0.000927 -0.000126  0.000026
    -0.000792  0.000036  0.000026
    -0.000519  0.000112  0.000026
    -0.000212  0.000190  0.000026
    -0.000137  0.000227  0.000026
    -0.000137  0.000227  0.000026
    -0.000137  0.000227  0.000026
    -0.000137  0.000227  0.000026
    -0.000137  0.000227  0.000026
    -0.000667  0.000025  0.000026
    -0.000513  0.000102  0.000026
    -0.000362  0.000137  0.000026
    -0.000200  0.000295  0.000026
     0.000017  0.000389  0.000026
     0.000090  0.000396  0.000026
    -0.000005  0.000318  0.000026
     0.001636 -0.000246  0.000026
     0.010891  0.000556  0.000025
     0.020256 -0.000643  0.000024
     0.028117  0.000274  0.000023
     0.028069  0.000772  0.000023
     0.022030  0.001536  0.000024
     0.028485  0.000699  0.000023
     0.050141 -0.000724  0.000020
     0.063248  0.000994  0.000019
     0.030975 -0.001256  0.000023
    -0.000847  0.000948  0.000026
    -0.015490  0.000064  0.000028
    -0.012323  0.000582  0.000027
    -0.000077  0.000489  0.000026
     0.011703 -0.000527  0.000025
     0.014997  0.000404  0.000024
    -0.001209  0.000949  0.000026
    -0.032278  0.001557  0.000029
    -0.064457  0.000928  0.000028
    -0.050070  0.000570  0.000029
    -0.029304  0.000455  0.000029
    -0.020512 -0.000019  0.000028
    -0.026479  0.000082  0.000029
    -0.027259  0.000380  0.000029
    -0.021645  0.000242  0.000028
    -0.010328  0.000161  0.000027
    -0.001859 -0.000081  0.000026
    -0.000204  0.000250  0.000026
    -0.000447  0.000332  0.000026
    -0.000419  0.000336  0.000026
    -0.000149  0.000261  0.000026
    -0.000028  0.000195  0.000026
     0.000202  0.000144  0.000026
     0.000394  0.000087  0.000026
    -0.000137  0.000227  0.000026
    -0.000137  0.000227  0.000026
    -0.000137  0.000227  0.000026
    -0.000137  0.000227  0.000026
    -0.000137  0.000227  0.000026
    -0.000137  0.000227  0.000026
     0.000251  0.000137  0.000026
     0.000717  0.000054  0.000026
     0.000962  0.000008  0.000026
     0.001698  0.000100  0.000026
     0.002182  0.000171  0.000025
     0.001075 -0.000021  0.000026
     0.000917  0.000005  0.000026
     0.000441  0.000093  0.000026
     0.000235  0.000130  0.000026
    -0.000137  0.000227  0.000026
    -0.000137  0.000227  0.000026
    -0.000137  0.000227  0.000026
    -0.000137  0.000227  0.000026
    -0.000137  0.000227  0.000026
    -0.000137  0.000227  0.000026
    -0.000137  0.000227  0.000026
    -0.000137  0.000227  0.000026
    -0.000137  0.000227  0.000026
    -0.000137  0.000227  0.000026
    -0.000528  0.000081  0.000026
    -0.000721  0.000075  0.000026
    -0.000938 -0.000033  0.000026
    -0.001040 -0.000095  0.000026
    -0.001276 -0.000220  0.000026
    -0.001070  0.000003  0.000026
    -0.000920 -0.000070  0.000026
    -0.000813  0.000104  0.000026
    -0.000580  0.000101  0.000026
    -0.000346  0.000125  0.000026
    -0.000137  0.000227  0.000026
    -0.000137  0.000227  0.000026
    -0.000137  0.000227  0.000026
    -0.000137  0.000227  0.000026
    -0.000276  0.000159  0.000026
    -0.000640  0.000017  0.000026
    -0.000600  0.000073  0.000026
    -0.000297  0.000194  0.000026
    -0.000062  0.000013  0.000026
     0.000117  0.000132  0.000026
     0.000167  0.000175  0.000026
    -0.000093  0.000253  0.000026
     0.001248 -0.000062  0.000026
     0.009440  0.001044  0.000025
     0.017290  0.006216  0.000025
     0.021365  0.014391  0.000025
     0.022175  0.022345  0.000026
     0.019880  0.030510  0.000027
     0.029399  0.031284  0.000025
     0.054471  0.028752  0.000022
     0.074178  0.012547  0.000018
     0.040185 -0.003368  0.000022
     0.004215 -0.008620  0.000025
    -0.014095 -0.015384  0.000026
    -0.010056 -0.018287  0.000025
     0.000384 -0.019362  0.000024
     0.009886 -0.016481  0.000024
     0.013657 -0.015166  0.000023
    -0.006212 -0.008523  0.000026
    -0.041178 -0.002195  0.000029
    -0.074111  0.012707  0.000028
    -0.057271  0.027236  0.000029
    -0.031055  0.030630  0.000032
    -0.022357  0.028237  0.000031
    -0.022887  0.021103  0.000030
    -0.022251  0.012697  0.000029
    -0.018351  0.005106  0.000028
    -0.008449  0.001253  0.000027
    -0.001572  0.000062  0.000026
    -0.000137  0.000227  0.000026
    -0.000410  0.000320  0.000026
    -0.000470  0.000346  0.000026
    -0.000235  0.000284  0.000026
    -0.000065  0.000216  0.000026
     0.000281  0.000124  0.000026
     0.000332  0.000097  0.000026
    -0.000137  0.000227  0.000026
    -0.000137  0.000227  0.000026
    -0.000137  0.000227  0.000026
    -0.000137  0.000227  0.000026
    -0.000137  0.000227  0.000026
    -0.000137  0.000227  0.000026
     0.000322  0.000122  0.000026
     0.000722  0.000051  0.000026
     0.000933  0.000013  0.000026
     0.001120 -0.000026  0.000026
     0.002002  0.000125  0.000026
     0.001081 -0.000024  0.000026
     0.000914  0.000005  0.000026
     0.000557  0.000071  0.000026
     0.000231  0.000131  0.000026
    -0.000137  0.000227  0.000026
    -0.000137  0.000227  0.000026
    -0.000137  0.000227  0.000026
    -0.000137  0.000227  0.000026
    -0.000137  0.000227  0.000026
    -0.000137  0.000227  0.000026
    -0.000137  0.000227  0.000026
    -0.000137  0.000227  0.000026
    -0.000137  0.000227  0.000026
    -0.000137  0.000227  0.000026
    -0.000517  0.000081  0.000026
    -0.000739  0.000073  0.000026
    -0.000922  0.000008  0.000026
    -0.001029 -0.000013  0.000026
    -0.001259 -0.000081  0.000026
    -0.001542 -0.000212  0.000026
    -0.000977  0.000006  0.000026
    -0.000855  0.000090  0.000026
    -0.000601  0.000094  0.000026
    -0.000424  0.000086  0.000026
    -0.000137  0.000227  0.000026
    -0.000137  0.000227  0.000026
    -0.000137  0.000227  0.000026
    -0.000137  0.000227  0.000026
    -0.000231  0.000181  0.000026
    -0.000651 -0.000002  0.000026
    -0.000574  0.000098  0.000026
    -0.000294  0.000199  0.000026
    -0.000050  0.000007  0.000026
     0.000131  0.000020  0.000026
     0.000089  0.000149  0.000026
    -0.000138  0.000209  0.000026
     0.000904 -0.000013  0.000026
     0.004904  0.000687  0.000025
     0.010947  0.006482  0.000025
     0.012294  0.014313  0.000026
     0.013000  0.023529  0.000027
     0.015542  0.035009  0.000027
     0.029334  0.041346  0.000026
     0.067955  0.041021  0.000021
     0.085125  0.031513  0.000018
     0.061101  0.011623  0.000020
     0.019911 -0.007838  0.000023
    -0.003654 -0.020140  0.000025
    -0.005807 -0.032712  0.000024
    -0.001748 -0.035039  0.000023
     0.004394 -0.031713  0.000023
     0.003430 -0.020631  0.000024
    -0.021315 -0.005922  0.000028
    -0.061904  0.011239  0.000028
    -0.087273  0.030954  0.000027
    -0.068452  0.039659  0.000030
    -0.030993  0.040358  0.000033
    -0.016427  0.034091  0.000031
    -0.011563  0.023981  0.000029
    -0.010319  0.014987  0.000028
    -0.010138  0.006996  0.000027
    -0.004911  0.001152  0.000026
    -0.001296  0.000174  0.000026
    -0.000137  0.000227  0.000026
    -0.000265  0.000114  0.000026
    -0.000444  0.000345  0.000026
    -0.000233  0.000291  0.000026
    -0.000010  0.000220  0.000026
     0.000281  0.000130  0.000026
     0.000310  0.000097  0.000026
    -0.000137  0.000227  0.000026
    -0.000137  0.000227  0.000026
    -0.000137  0.000227  0.000026
    -0.000137  0.000227  0.000026
    -0.000137  0.000227  0.000026
    -0.000100  0.000216  0.000026
     0.000336  0.000118  0.000026
     0.000755  0.000043  0.000026
     0.000990  0.000001  0.000026
     0.002061  0.000133  0.000025
     0.001673  0.000054  0.000026
     0.001041 -0.000017  0.000026
     0.000877  0.000012  0.000026
     0.000582  0.000066  0.000026
     0.000212  0.000135  0.000026
    -0.000137  0.000227  0.000026
    -0.000137  0.000227  0.000026
    -0.000137  0.000227  0.000026
    -0.000137  0.000227  0.000026
    -0.000137  0.000227  0.000026
    -0.000137  0.000227  0.000026
    -0.000137  0.000227  0.000026
    -0.000137  0.000227  0.000026
    -0.000137  0.000227  0.000026
    -0.000137  0.000227  0.000026
    -0.000504  0.000082  0.000026
    -0.000748  0.000071  0.000026
    -0.000836  0.000043  0.000026
    -0.001030  0.000058  0.000026
    -0.001132  0.000051  0.000026
    -0.001847 -0.000235  0.000026
    -0.001026  0.000081  0.000026
    -0.000795  0.000092  0.000026
    -0.000678  0.000080  0.000026
    -0.000458  0.000076  0.000026
    -0.000137  0.000227  0.000026
    -0.000137  0.000227  0.000026
    -0.000137  0.000227  0.000026
    -0.000137  0.000227  0.000026
    -0.000137  0.000227  0.000026
    -0.000586  0.000016  0.000026
    -0.000527  0.000138  0.000026
    -0.000357  0.000259  0.000026
    -0.000103  0.000090  0.000026
     0.000097 -0.000077  0.000026
     0.000194  0.000130  0.000026
    -0.000163  0.000382  0.000026
     0.000797 -0.000046  0.000026
     0.002528  0.000286  0.000025
     0.003472  0.001750  0.000026
     0.003077  0.007985  0.000026
     0.002254  0.014664  0.000027
     0.008919  0.022243  0.000027
     0.026774  0.028338  0.000026
     0.066111  0.037331  0.000021
     0.092455  0.043433  0.000018
     0.083995  0.026965  0.000018
     0.052417  0.002515  0.000020
     0.015259 -0.017860  0.000023
     0.008609 -0.039285  0.000022
     0.000248 -0.046461  0.000022
    -0.007415 -0.037982  0.000024
    -0.014587 -0.018391  0.000026
    -0.053646  0.003146  0.000028
    -0.086459  0.027543  0.000027
    -0.093775  0.042786  0.000027
    -0.066644  0.035787  0.000031
    -0.028090  0.029597  0.000031
    -0.008810  0.022673  0.000029
    -0.004171  0.015029  0.000028
    -0.004579  0.008385  0.000027
    -0.004215  0.002087  0.000026
    -0.002962  0.000548  0.000026
    -0.001180  0.000186  0.000026
    -0.000163  0.000386  0.000026
    -0.000325  0.000222  0.000026
    -0.000355  0.000331  0.000026
    -0.000158  0.000279  0.000026
     0.000085  0.000209  0.000026
     0.000246  0.000148  0.000026
     0.000140  0.000146  0.000026
    -0.000137  0.000227  0.000026
    -0.000137  0.000227  0.000026
    -0.000137  0.000227  0.000026
    -0.000137  0.000227  0.000026
    -0.000137  0.000227  0.000026
    -0.000034  0.000197  0.000026
     0.000430  0.000098  0.000026
     0.000655  0.000061  0.000026
     0.001033 -0.000009  0.000026
     0.002134  0.000134  0.000025
     0.001155 -0.000039  0.000026
     0.001021 -0.000014  0.000026
     0.000744  0.000038  0.000026
     0.000592  0.000064  0.000026
     0.000190  0.000139  0.000026
    -0.000137  0.000227  0.000026
    -0.000137  0.000227  0.000026
    -0.000137  0.000227  0.000026
    -0.000137  0.000227  0.000026
    -0.000137  0.000227  0.000026
    -0.000137  0.000227  0.000026
    -0.000137  0.000227  0.000026
    -0.000137  0.000227  0.000026
    -0.000137  0.000227  0.000026
    -0.000137  0.000227  0.000026
    -0.000543  0.000080  0.000026
    -0.000748  0.000069  0.000026
    -0.000841  0.000069  0.000026
    -0.000995  0.000058  0.000026
    -0.001152  0.000050  0.000026
    -0.002076 -0.000268  0.000026
    -0.001069  0.000071  0.000026
    -0.000836  0.000081  0.000026
    -0.000707  0.000076  0.000026
    -0.000496  0.000070  0.000026
    -0.000137  0.000227  0.000026
    -0.000137  0.000227  0.000026
    -0.000137  0.000227  0.000026
    -0.000137  0.000227  0.000026
    -0.000137  0.000227  0.000026
    -0.000542  0.000038  0.000026
    -0.000490  0.000159  0.000026
    -0.000399  0.000261  0.000026
    -0.000205  0.000235  0.000026
    -0.000031  0.000160  0.000026
     0.000090  0.000131  0.000026
    -0.000161  0.000398  0.000026
     0.001352  0.000028  0.000026
     0.001837 -0.000285  0.000025
     0.001795  0.000139  0.000026
     0.000599  0.001130  0.000026
    -0.000763  0.002415  0.000026
     0.001800  0.006081  0.000026
     0.021441  0.011562  0.000025
     0.059801  0.017220  0.000021
     0.088610  0.023497  0.000017
     0.093876  0.022484  0.000016
     0.077601  0.015952  0.000018
     0.052690 -0.007166  0.000019
     0.027838 -0.022310  0.000022
     0.001957 -0.022789  0.000024
    -0.029585 -0.020925  0.000028
    -0.054051 -0.005608  0.000027
    -0.080170  0.015346  0.000026
    -0.093897  0.024309  0.000026
    -0.090119  0.024967  0.000028
    -0.061211  0.017800  0.000032
    -0.022597  0.011693  0.000029
    -0.003239  0.006364  0.000027
     0.000149  0.002291  0.000026
    -0.001109  0.001125  0.000026
    -0.002255  0.000304  0.000026
    -0.002130  0.000041  0.000026
    -0.001625  0.000508  0.000026
    -0.000169  0.000441  0.000026
    -0.000440  0.000333  0.000026
    -0.000246  0.000308  0.000026
    -0.000029  0.000259  0.000026
     0.000134  0.000203  0.000026
     0.000206  0.000161  0.000026
     0.000110  0.000155  0.000026
    -0.000137  0.000227  0.000026
    -0.000137  0.000227  0.000026
    -0.000137  0.000227  0.000026
    -0.000137  0.000227  0.000026
    -0.000137  0.000227  0.000026
     0.000074  0.000166  0.000026
     0.000466  0.000091  0.000026
     0.000699  0.000051  0.000026
     0.001079 -0.000019  0.000026
     0.002137  0.000124  0.000025
     0.001222 -0.000041  0.000026
     0.000959 -0.000003  0.000026
     0.000738  0.000038  0.000026
     0.000588  0.000064  0.000026
     0.000262  0.000125  0.000026
    -0.000137  0.000227  0.000026
    -0.000137  0.000227  0.000026
    -0.000137  0.000227  0.000026
    -0.000137  0.000227  0.000026
    -0.000137  0.000227  0.000026
    -0.000137  0.000227  0.000026
    -0.000137  0.000227  0.000026
    -0.000137  0.000227  0.000026
    -0.000137  0.000227  0.000026
    -0.000137  0.000227  0.000026
    -0.000521  0.000083  0.000026
    -0.000739  0.000068  0.000026
    -0.000836  0.000066  0.000026
    -0.000878  0.000066  0.000026
    -0.001113  0.000051  0.000026
    -0.002128 -0.000288  0.000026
    -0.001103  0.000061  0.000026
    -0.000881  0.000071  0.000026
    -0.000682  0.000082  0.000026
    -0.000599  0.000062  0.000026
    -0.000299  0.000147  0.000026
    -0.000137  0.000227  0.000026
    -0.000137  0.000227  0.000026
    -0.000137  0.000227  0.000026
    -0.000137  0.000227  0.000026
    -0.000521  0.000051  0.000026
    -0.000475  0.000161  0.000026
    -0.000369  0.000264  0.000026
    -0.000278  0.000349  0.000026
    -0.000150  0.000400  0.000026
    -0.000052  0.000372  0.000026
    -0.000137  0.000227  0.000026
     0.001418  0.000030  0.000026
     0.001976  0.000412  0.000026
     0.001393  0.000620  0.000026
    -0.000068  0.000964  0.000026
    -0.000957 -0.000174  0.000026
     0.002505 -0.000544  0.000025
     0.021073 -0.004964  0.000023
     0.061516 -0.011823  0.000019
     0.088194 -0.014628  0.000015
     0.092592 -0.017353  0.000014
     0.077188 -0.003024  0.000017
     0.056640  0.015328  0.000020
     0.027983  0.027503  0.000025
    -0.000138  0.029659  0.000029
    -0.031319  0.028073  0.000028
    -0.057042  0.014953  0.000027
    -0.078271 -0.003551  0.000027
    -0.092009 -0.016113  0.000027
    -0.088533 -0.015311  0.000028
    -0.061197 -0.009872  0.000031
    -0.023287 -0.003664  0.000028
    -0.002965 -0.000691  0.000026
     0.000512  0.000038  0.000026
    -0.000454  0.001084  0.000026
    -0.001897  0.000913  0.000026
    -0.002375  0.000890  0.000026
    -0.001687  0.000533  0.000026
    -0.000137  0.000227  0.000026
    -0.000322  0.000312  0.000026
    -0.000142  0.000290  0.000026
     0.000025  0.000245  0.000026
     0.000088  0.000212  0.000026
     0.000169  0.000168  0.000026
     0.000112  0.000154  0.000026
    -0.000137  0.000227  0.000026
    -0.000137  0.000227  0.000026
    -0.000137  0.000227  0.000026
    -0.000137  0.000227  0.000026
    -0.000137  0.000227  0.000026
     0.000278  0.000120  0.000026
     0.000436  0.000098  0.000026
     0.000747  0.000040  0.000026
     0.001110 -0.000027  0.000026
     0.002040  0.000098  0.000025
     0.001136 -0.000036  0.000026
     0.000774  0.000032  0.000026
     0.000720  0.000040  0.000026
     0.000571  0.000067  0.000026
     0.000224  0.000133  0.000026
    -0.000137  0.000227  0.000026
    -0.000137  0.000227  0.000026
    -0.000137  0.000227  0.000026
    -0.000137  0.000227  0.000026
    -0.000137  0.000227  0.000026
    -0.000137  0.000227  0.000026
    -0.000137  0.000227  0.000026
    -0.000137  0.000227  0.000026
    -0.000137  0.000227  0.000026
    -0.000137  0.000227  0.000026
    -0.000466  0.000089  0.000026
    -0.000719  0.000068  0.000026
    -0.000824  0.000064  0.000026
    -0.000875  0.000062  0.000026
    -0.001082  0.000052  0.000026
    -0.001629 -0.000115  0.000026
    -0.001117  0.000054  0.000026
    -0.000919  0.000062  0.000026
    -0.000720  0.000075  0.000026
    -0.000582  0.000062  0.000026
    -0.000412  0.000092  0.000026
    -0.000173  0.000209  0.000026
    -0.000137  0.000227  0.000026
    -0.000137  0.000227  0.000026
    -0.000137  0.000227  0.000026
    -0.000462  0.000068  0.000026
    -0.000451  0.000156  0.000026
    -0.000394  0.000256  0.000026
    -0.000356  0.000313  0.000026
    -0.000214  0.000378  0.000026
    -0.000158  0.000341  0.000026
    -0.000170  0.000214  0.000026
     0.000500  0.000041  0.000026
     0.002181 -0.000067  0.000025
     0.003104 -0.000105  0.000025
     0.002757 -0.001303  0.000025
     0.002329 -0.006823  0.000025
     0.006326 -0.013847  0.000024
     0.026134 -0.021052  0.000021
     0.066815 -0.029769  0.000017
     0.090792 -0.035750  0.000014
     0.084509 -0.026090  0.000014
     0.045520 -0.004695  0.000021
     0.015976  0.019230  0.000026
     0.010948  0.044847  0.000028
    -0.001840  0.052000  0.000030
    -0.011908  0.044634  0.000031
    -0.016845  0.018043  0.000029
    -0.047334 -0.003833  0.000028
    -0.085012 -0.024705  0.000027
    -0.090568 -0.036254  0.000028
    -0.068230 -0.030634  0.000030
    -0.025973 -0.019953  0.000027
    -0.007459 -0.014265  0.000025
    -0.001356 -0.006253  0.000025
    -0.003150 -0.000957  0.000026
    -0.003430  0.000118  0.000026
    -0.002485  0.000346  0.000026
    -0.000948 -0.000058  0.000026
    -0.000137  0.000227  0.000026
    -0.000217  0.000287  0.000026
    -0.000079  0.000273  0.000026
     0.000086  0.000227  0.000026
     0.000116  0.000204  0.000026
     0.000132  0.000173  0.000026
    -0.000051  0.000202  0.000026
    -0.000137  0.000227  0.000026
    -0.000137  0.000227  0.000026
    -0.000137  0.000227  0.000026
    -0.000137  0.000227  0.000026
    -0.000137  0.000227  0.000026
     0.000247  0.000126  0.000026
     0.000483  0.000088  0.000026
     0.000788  0.000031  0.000026
     0.001114 -0.000029  0.000026
     0.001498  0.000002  0.000026
     0.001091 -0.000028  0.000026
     0.000760  0.000033  0.000026
     0.000693  0.000045  0.000026
     0.000529  0.000075  0.000026
     0.000137  0.000150  0.000026
    -0.000137  0.000227  0.000026
    -0.000137  0.000227  0.000026
    -0.000137  0.000227  0.000026
    -0.000137  0.000227  0.000026
    -0.000137  0.000227  0.000026
    -0.000137  0.000227  0.000026
    -0.000137  0.000227  0.000026
    -0.000137  0.000227  0.000026
    -0.000137  0.000227  0.000026
    -0.000137  0.000227  0.000026
    -0.000514  0.000081  0.000026
    -0.000681  0.000071  0.000026
    -0.000785  0.000062  0.000026
    -0.000920  0.000057  0.000026
    -0.001015  0.000059  0.000026
    -0.001125  0.000053  0.000026
    -0.001095  0.000051  0.000026
    -0.000962  0.000057  0.000026
    -0.000745  0.000069  0.000026
    -0.000632  0.000054  0.000026
    -0.000249  0.000172  0.000026
    -0.000305  0.000145  0.000026
    -0.000223  0.000185  0.000026
    -0.000137  0.000227  0.000026
    -0.000140  0.000226  0.000026
    -0.000446  0.000075  0.000026
    -0.000453  0.000144  0.000026
    -0.000399  0.000223  0.000026
    -0.000377  0.000286  0.000026
    -0.000341  0.000329  0.000026
    -0.000257  0.000302  0.000026
    -0.000253  0.000240  0.000026
     0.000209  0.000126  0.000026
     0.003976 -0.000973  0.000025
     0.007167 -0.004652  0.000025
     0.007300 -0.011215  0.000024
     0.008874 -0.018792  0.000023
     0.016098 -0.028021  0.000022
     0.032819 -0.034212  0.000020
     0.069678 -0.036289  0.000016
     0.086168 -0.032029  0.000014
     0.060498 -0.013148  0.000018
     0.017058  0.004115  0.000025
    -0.005326  0.016254  0.000028
    -0.003398  0.034628  0.000029
     0.000993  0.041426  0.000029
     0.005905  0.034603  0.000028
     0.004910  0.016294  0.000027
    -0.017266  0.004409  0.000028
    -0.060726 -0.012870  0.000028
    -0.086657 -0.031172  0.000028
    -0.070401 -0.036421  0.000029
    -0.033972 -0.033914  0.000027
    -0.015275 -0.027783  0.000025
    -0.010046 -0.019900  0.000025
    -0.008418 -0.010782  0.000026
    -0.008257 -0.003046  0.000026
    -0.003860 -0.000777  0.000026
    -0.000721 -0.000059  0.000026
    -0.000168  0.000250  0.000026
    -0.000129  0.000262  0.000026
     0.000036  0.000242  0.000026
     0.000075  0.000222  0.000026
     0.000082  0.000201  0.000026
     0.000124  0.000171  0.000026
    -0.000074  0.000209  0.000026
    -0.000137  0.000227  0.000026
    -0.000137  0.000227  0.000026
    -0.000137  0.000227  0.000026
    -0.000137  0.000227  0.000026
    -0.000137  0.000227  0.000026
     0.000309  0.000113  0.000026
     0.000506  0.000083  0.000026
     0.000846  0.000020  0.000026
     0.001072 -0.000022  0.000026
     0.001148 -0.000037  0.000026
     0.000995 -0.000009  0.000026
     0.000835  0.000019  0.000026
     0.000618  0.000058  0.000026
     0.000465  0.000087  0.000026
     0.000200  0.000137  0.000026
    -0.000137  0.000227  0.000026
    -0.000137  0.000227  0.000026
    -0.000137  0.000227  0.000026
    -0.000137  0.000227  0.000026
    -0.000137  0.000227  0.000026
    -0.000137  0.000227  0.000026
    -0.000137  0.000227  0.000026
    -0.000137  0.000227  0.000026
    -0.000137  0.000227  0.000026
    -0.000137  0.000227  0.000026
    -0.000519  0.000079  0.000026
    -0.000678  0.000068  0.000026
    -0.000758  0.000062  0.000026
    -0.000917  0.000055  0.000026
    -0.001024  0.000055  0.000026
    -0.000993  0.000068  0.000026
    -0.001035  0.000054  0.000026
    -0.000973  0.000055  0.000026
    -0.000772  0.000063  0.000026
    -0.000679  0.000047  0.000026
    -0.000560  0.000034  0.000026
    -0.000137  0.000227  0.000026
    -0.000151  0.000220  0.000026
    -0.000137  0.000227  0.000026
    -0.000549  0.000025  0.000026
    -0.000485  0.000078  0.000026
    -0.000428  0.000136  0.000026
    -0.000425  0.000183  0.000026
    -0.000372  0.000260  0.000026
    -0.000372  0.000281  0.000026
    -0.000338  0.000274  0.000026
    -0.000351  0.000238  0.000026
     0.000774 -0.000039  0.000026
     0.005673 -0.002838  0.000025
     0.013832 -0.006148  0.000024
     0.018312 -0.011767  0.000023
     0.021961 -0.022765  0.000022
     0.023997 -0.030463  0.000021
     0.037713 -0.035590  0.000019
     0.062127 -0.030743  0.000017
     0.074535 -0.014680  0.000016
     0.038392 -0.001207  0.000022
     0.002731  0.009254  0.000027
    -0.016822  0.017014  0.000029
    -0.012939  0.020433  0.000029
    -0.001476  0.023081  0.000028
     0.013514  0.019899  0.000026
     0.014266  0.017149  0.000026
    -0.003909  0.009562  0.000027
    -0.038363  0.000909  0.000030
    -0.074209 -0.014597  0.000028
    -0.062604 -0.029480  0.000029
    -0.038816 -0.034831  0.000027
    -0.022201 -0.030864  0.000026
    -0.020839 -0.021736  0.000026
    -0.019525 -0.012594  0.000027
    -0.015008 -0.005421  0.000027
    -0.005883 -0.001426  0.000026
    -0.001343 -0.000363  0.000026
    -0.000052  0.000233  0.000026
    -0.000039  0.000240  0.000026
     0.000031  0.000230  0.000026
     0.000044  0.000220  0.000026
     0.000068  0.000193  0.000026
     0.000082  0.000176  0.000026
     0.000114  0.000154  0.000026
    -0.000114  0.000220  0.000026
    -0.000137  0.000227  0.000026
    -0.000137  0.000227  0.000026
    -0.000137  0.000227  0.000026
     0.000039  0.000176  0.000026
     0.000367  0.000102  0.000026
     0.000532  0.000077  0.000026
     0.000859  0.000017  0.000026
     0.000978 -0.000005  0.000026
     0.000962 -0.000000  0.000026
     0.001000 -0.000011  0.000026
     0.000825  0.000020  0.000026
     0.000565  0.000068  0.000026
     0.000452  0.000089  0.000026
     0.000203  0.000135  0.000026
    -0.000137  0.000227  0.000026
    -0.000137  0.000227  0.000026
    -0.000137  0.000227  0.000026
    -0.000137  0.000227  0.000026
    -0.000137  0.000227  0.000026
    -0.000137  0.000227  0.000026
    -0.000137  0.000227  0.000026
    -0.000137  0.000227  0.000026
    -0.000137  0.000227  0.000026
    -0.000137  0.000227  0.000026
    -0.000516  0.000077  0.000026
    -0.000688  0.000063  0.000026
    -0.000739  0.000062  0.000026
    -0.000908  0.000053  0.000026
    -0.001026  0.000051  0.000026
    -0.001016  0.000060  0.000026
    -0.000989  0.000058  0.000026
    -0.000944  0.000058  0.000026
    -0.000841  0.000056  0.000026
    -0.000705  0.000042  0.000026
    -0.000608  0.000030  0.000026
    -0.000164  0.000214  0.000026
    -0.000137  0.000227  0.000026
    -0.000137  0.000227  0.000026
    -0.000457  0.000070  0.000026
    -0.000592  0.000068  0.000026
    -0.000452  0.000132  0.000026
    -0.000394  0.000156  0.000026
    -0.000357  0.000229  0.000026
    -0.000348  0.000260  0.000026
    -0.000415  0.000234  0.000026
    -0.000466  0.000177  0.000026
     0.000385 -0.000173  0.000026
     0.005744 -0.002505  0.000025
     0.016154 -0.003127  0.000024
     0.024524 -0.005325  0.000023
     0.030374 -0.006781  0.000022
     0.028380 -0.009959  0.000022
     0.035219 -0.010220  0.000022
     0.053762 -0.007468  0.000020
     0.064621 -0.000660  0.000019
     0.028019  0.002927  0.000023
    -0.003272  0.005578  0.000027
    -0.018165  0.007015  0.000028
    -0.013465  0.005363  0.000028
    -0.000138  0.002622  0.000026
     0.012893  0.005960  0.000025
     0.017090  0.006561  0.000025
     0.002244  0.006036  0.000026
    -0.028390  0.004232  0.000029
    -0.064105 -0.000206  0.000028
    -0.053808 -0.006390  0.000029
    -0.033894 -0.008767  0.000029
    -0.025970 -0.009360  0.000028
    -0.029885 -0.007035  0.000028
    -0.025168 -0.005314  0.000028
    -0.017167 -0.002474  0.000027
    -0.005996 -0.001251  0.000026
    -0.001240 -0.000313  0.000026
     0.000061  0.000196  0.000026
     0.000039  0.000216  0.000026
    -0.000020  0.000232  0.000026
    -0.000017  0.000222  0.000026
    -0.000003  0.000197  0.000026
     0.000099  0.000172  0.000026
     0.000236  0.000131  0.000026
    -0.000137  0.000227  0.000026
    -0.000137  0.000227  0.000026
    -0.000137  0.000227  0.000026
    -0.000137  0.000227  0.000026
     0.000227  0.000122  0.000026
     0.000395  0.000096  0.000026
     0.000643  0.000056  0.000026
     0.000821  0.000024  0.000026
     0.000915  0.000007  0.000026
     0.000988 -0.000007  0.000026
     0.000995 -0.000011  0.000026
     0.000798  0.000024  0.000026
     0.000530  0.000074  0.000026
     0.000453  0.000087  0.000026
     0.000195  0.000137  0.000026
    -0.000137  0.000227  0.000026
    -0.000137  0.000227  0.000026
    -0.000137  0.000227  0.000026
    -0.000137  0.000227  0.000026
    -0.000137  0.000227  0.000026
    -0.000137  0.000227  0.000026
    -0.000137  0.000227  0.000026
    -0.000137  0.000227  0.000026
    -0.000137  0.000227  0.000026
    -0.000137  0.000227  0.000026
    -0.000507  0.000077  0.000026
    -0.000613  0.000070  0.000026
    -0.000762  0.000055  0.000026
    -0.000896  0.000052  0.000026
    -0.001025  0.000048  0.000026
    -0.001022  0.000055  0.000026
    -0.000888  0.000072  0.000026
    -0.000890  0.000063  0.000026
    -0.000828  0.000057  0.000026
    -0.000703  0.000042  0.000026
    -0.000647  0.000026  0.000026
    -0.000545  0.000028  0.000026
    -0.000137  0.000227  0.000026
    -0.000137  0.000227  0.000026
    -0.000461  0.000068  0.000026
    -0.000610  0.000053  0.000026
    -0.000580  0.000110  0.000026
    -0.000394  0.000134  0.000026
    -0.000391  0.000196  0.000026
    -0.000345  0.000241  0.000026
    -0.000414  0.000195  0.000026
    -0.000516  0.000169  0.000026
    -0.000648 -0.000082  0.000026
     0.004366 -0.000256  0.000025
     0.012373  0.001243  0.000025
     0.021113  0.009374  0.000024
     0.028407  0.015748  0.000024
     0.024954  0.020184  0.000025
     0.033509  0.022331  0.000024
     0.055549  0.019149  0.000021
     0.070266  0.005656  0.000018
     0.028626 -0.001560  0.000023
    -0.002977 -0.002730  0.000026
    -0.016790 -0.006979  0.000027
    -0.012858 -0.009272  0.000026
     0.001178 -0.010363  0.000025
     0.011935 -0.008854  0.000024
     0.016218 -0.005950  0.000024
     0.001069 -0.002388  0.000026
    -0.029071  0.000426  0.000029
    -0.068765  0.006790  0.000028
    -0.057346  0.018492  0.000029
    -0.035011  0.022189  0.000031
    -0.025520  0.020699  0.000030
    -0.027433  0.017080  0.000030
    -0.022475  0.009051  0.000029
    -0.012392  0.000875  0.000027
    -0.004525 -0.000347  0.000026
    -0.000255 -0.000005  0.000026
     0.000128  0.000183  0.000026
     0.000000  0.000211  0.000026
    -0.000031  0.000229  0.000026
     0.000008  0.000208  0.000026
    -0.000045  0.000200  0.000026
     0.000239  0.000144  0.000026
     0.000243  0.000126  0.000026
    -0.000137  0.000227  0.000026
    -0.000137  0.000227  0.000026
    -0.000137  0.000227  0.000026
    -0.000137  0.000227  0.000026
     0.000278  0.000112  0.000026
     0.000390  0.000097  0.000026
     0.000621  0.000060  0.000026
     0.000742  0.000039  0.000026
     0.000780  0.000034  0.000026
     0.000988 -0.000008  0.000026
     0.000981 -0.000009  0.000026
     0.000774  0.000028  0.000026
     0.000550  0.000069  0.000026
     0.000339  0.000110  0.000026
     0.000177  0.000140  0.000026
    -0.000137  0.000227  0.000026
    -0.000137  0.000227  0.000026
    -0.000137  0.000227  0.000026
    -0.000137  0.000227  0.000026
    -0.000137  0.000227  0.000026
    -0.000137  0.000227  0.000026
    -0.000137  0.000227  0.000026
    -0.000137  0.000227  0.000026
    -0.000137  0.000227  0.000026
    -0.000137  0.000227  0.000026
    -0.000491  0.000077  0.000026
    -0.000576  0.000070  0.000026
    -0.000731  0.000056  0.000026
    -0.000927  0.000044  0.000026
    -0.001010  0.000046  0.000026
    -0.001029  0.000051  0.000026
    -0.000919  0.000066  0.000026
    -0.000785  0.000076  0.000026
    -0.000802  0.000061  0.000026
    -0.000680  0.000048  0.000026
    -0.000647  0.000029  0.000026
    -0.000637 -0.000001  0.000026
    -0.000137  0.000227  0.000026
    -0.000137  0.000227  0.000026
    -0.000219  0.000187  0.000026
    -0.000554  0.000054  0.000026
    -0.000644  0.000080  0.000026
    -0.000482  0.000122  0.000026
    -0.000373  0.000193  0.000026
    -0.000403  0.000200  0.000026
    -0.000376  0.000185  0.000026
    -0.000461  0.000176  0.000026
    -0.001073 -0.000231  0.000026
     0.002021  0.000153  0.000026
     0.006113  0.002982  0.000025
     0.012383  0.012074  0.000026
     0.016831  0.021349  0.000026
     0.019467  0.033457  0.000027
     0.034111  0.039103  0.000026
     0.068111  0.036608  0.000021
     0.077616  0.028313  0.000019
     0.039739  0.012822  0.000023
     0.002193  0.002051  0.000026
    -0.013915 -0.007427  0.000027
    -0.010122 -0.015685  0.000026
    -0.000936 -0.016513  0.000025
     0.010181 -0.013889  0.000024
     0.012170 -0.006004  0.000024
    -0.003952  0.001658  0.000027
    -0.039797  0.011875  0.000030
    -0.078093  0.028450  0.000028
    -0.068455  0.036417  0.000030
    -0.034107  0.037825  0.000033
    -0.021772  0.032771  0.000031
    -0.016159  0.021383  0.000029
    -0.011142  0.012358  0.000028
    -0.005653  0.003005  0.000027
    -0.002285  0.000038  0.000026
     0.000371  0.000079  0.000026
     0.000070  0.000194  0.000026
    -0.000050  0.000216  0.000026
     0.000017  0.000208  0.000026
    -0.000030  0.000214  0.000026
     0.000064  0.000178  0.000026
     0.000298  0.000126  0.000026
     0.000166  0.000139  0.000026
    -0.000137  0.000227  0.000026
    -0.000137  0.000227  0.000026
    -0.000137  0.000227  0.000026
     0.000061  0.000169  0.000026
     0.000281  0.000112  0.000026
     0.000366  0.000102  0.000026
     0.000588  0.000066  0.000026
     0.000600  0.000067  0.000026
     0.000821  0.000025  0.000026
     0.000985 -0.000008  0.000026
     0.000948 -0.000004  0.000026
     0.000803  0.000022  0.000026
     0.000500  0.000078  0.000026
     0.000272  0.000122  0.000026
     0.000147  0.000145  0.000026
    -0.000137  0.000227  0.000026
    -0.000137  0.000227  0.000026
    -0.000137  0.000227  0.000026
    -0.000137  0.000227  0.000026
    -0.000137  0.000227  0.000026
    -0.000137  0.000227  0.000026
    -0.000137  0.000227  0.000026
    -0.000137  0.000227  0.000026
    -0.000137  0.000227  0.000026
    -0.000137  0.000227  0.000026
    -0.000468  0.000078  0.000026
    -0.000563  0.000070  0.000026
    -0.000635  0.000067  0.000026
    -0.000913  0.000042  0.000026
    -0.001058  0.000035  0.000026
    -0.001028  0.000048  0.000026
    -0.000944  0.000061  0.000026
    -0.000779  0.000074  0.000026
    -0.000714  0.000074  0.000026
    -0.000642  0.000057  0.000026
    -0.000617  0.000036  0.000026
    -0.000646 -0.000004  0.000026
    -0.000391  0.000103  0.000026
    -0.000137  0.000227  0.000026
    -0.000235  0.000179  0.000026
    -0.000565  0.000042  0.000026
    -0.000586  0.000068  0.000026
    -0.000561  0.000110  0.000026
    -0.000464  0.000171  0.000026
    -0.000384  0.000201  0.000026
    -0.000347  0.000203  0.000026
    -0.000354  0.000196  0.000026
    -0.000569  0.000044  0.000026
    -0.000821 -0.000108  0.000026
     0.001315  0.001393  0.000026
     0.002489  0.006933  0.000026
     0.006405  0.016037  0.000027
     0.012616  0.023451  0.000027
     0.032444  0.031005  0.000025
     0.066016  0.038713  0.000021
     0.081076  0.045215  0.000020
     0.056618  0.032924  0.000022
     0.016317  0.014392  0.000026
    -0.003488  0.001657  0.000027
    -0.004387 -0.007874  0.000026
    -0.001349 -0.012066  0.000025
     0.002198 -0.007502  0.000025
     0.001771  0.001867  0.000026
    -0.015461  0.013795  0.000029
    -0.058889  0.031992  0.000029
    -0.082339  0.044317  0.000028
    -0.065446  0.037280  0.000031
    -0.032468  0.032091  0.000032
    -0.010838  0.024285  0.000029
    -0.006573  0.016887  0.000028
    -0.003206  0.006854  0.000027
    -0.001566  0.001238  0.000026
     0.000289  0.000087  0.000026
     0.000086  0.000162  0.000026
    -0.000053  0.000219  0.000026
    -0.000062  0.000222  0.000026
    -0.000015  0.000214  0.000026
     0.000087  0.000188  0.000026
     0.000168  0.000157  0.000026
     0.000193  0.000141  0.000026
     0.000100  0.000158  0.000026
    -0.000137  0.000227  0.000026
    -0.000137  0.000227  0.000026
    -0.000137  0.000227  0.000026
     0.000080  0.000164  0.000026
     0.000251  0.000119  0.000026
     0.000321  0.000112  0.000026
     0.000475  0.000089  0.000026
     0.000590  0.000068  0.000026
     0.000849  0.000019  0.000026
     0.000972 -0.000007  0.000026
     0.000996 -0.000014  0.000026
     0.000778  0.000026  0.000026
     0.000359  0.000106  0.000026
     0.000248  0.000126  0.000026
     0.000057  0.000171  0.000026
    -0.000137  0.000227  0.000026
    -0.000137  0.000227  0.000026
    -0.000137  0.000227  0.000026
    -0.000137  0.000227  0.000026
    -0.000137  0.000227  0.000026
    -0.000137  0.000227  0.000026
    -0.000137  0.000227  0.000026
    -0.000137  0.000227  0.000026
    -0.000137  0.000227  0.000026
    -0.000137  0.000227  0.000026
    -0.000442  0.000080  0.000026
    -0.000544  0.000070  0.000026
    -0.000631  0.000065  0.000026
    -0.000881  0.000042  0.000026
    -0.001038  0.000033  0.000026
    -0.001097  0.000035  0.000026
    -0.000970  0.000056  0.000026
    -0.000799  0.000070  0.000026
    -0.000713  0.000075  0.000026
    -0.000549  0.000075  0.000026
    -0.000545  0.000048  0.000026
    -0.000601  0.000003  0.000026
    -0.000523  0.000038  0.000026
    -0.000137  0.000227  0.000026
    -0.000188  0.000202  0.000026
    -0.000560  0.000027  0.000026
    -0.000590  0.000050  0.000026
    -0.000595  0.000112  0.000026
    -0.000470  0.000160  0.000026
    -0.000471  0.000195  0.000026
    -0.000304  0.000232  0.000026
    -0.000282  0.000226  0.000026
    -0.000410  0.000128  0.000026
    -0.000677 -0.000012  0.000026
    -0.000924 -0.000158  0.000026
    -0.000727  0.000642  0.000026
    -0.000072  0.002318  0.000026
     0.003247  0.007076  0.000026
     0.021801  0.013136  0.000025
     0.047322  0.022390  0.000023
     0.071671  0.038890  0.000021
     0.066794  0.045726  0.000021
     0.035693  0.040668  0.000025
     0.011102  0.022803  0.000027
     0.002907  0.010262  0.000027
    -0.000739  0.007282  0.000027
    -0.005205  0.010560  0.000028
    -0.011764  0.024133  0.000029
    -0.035251  0.041790  0.000030
    -0.068356  0.045891  0.000029
    -0.072180  0.037810  0.000030
    -0.047365  0.022702  0.000033
    -0.022564  0.013411  0.000029
    -0.005181  0.008018  0.000027
    -0.000243  0.002178  0.000026
     0.000246  0.000504  0.000026
     0.000252  0.000114  0.000026
     0.000121  0.000152  0.000026
    -0.000066  0.000206  0.000026
    -0.000142  0.000242  0.000026
    -0.000089  0.000234  0.000026
     0.000099  0.000193  0.000026
     0.000085  0.000186  0.000026
     0.000220  0.000149  0.000026
     0.000166  0.000141  0.000026
    -0.000084  0.000212  0.000026
    -0.000137  0.000227  0.000026
    -0.000137  0.000227  0.000026
    -0.000137  0.000227  0.000026
    -0.000070  0.000208  0.000026
     0.000060  0.000170  0.000026
     0.000206  0.000136  0.000026
     0.000479  0.000088  0.000026
     0.000609  0.000064  0.000026
     0.000878  0.000013  0.000026
     0.001049 -0.000023  0.000026
     0.000958 -0.000008  0.000026
     0.000727  0.000035  0.000026
     0.000348  0.000107  0.000026
     0.000216  0.000132  0.000026
    -0.000069  0.000207  0.000026
    -0.000137  0.000227  0.000026
    -0.000137  0.000227  0.000026
    -0.000137  0.000227  0.000026
    -0.000137  0.000227  0.000026
    -0.000137  0.000227  0.000026
    -0.000137  0.000227  0.000026
    -0.000137  0.000227  0.000026
    -0.000137  0.000227  0.000026
    -0.000137  0.000227  0.000026
    -0.000137  0.000227  0.000026
    -0.000292  0.000151  0.000026
    -0.000519  0.000072  0.000026
    -0.000619  0.000064  0.000026
    -0.000844  0.000044  0.000026
    -0.000989  0.000035  0.000026
    -0.001109  0.000029  0.000026
    -0.001054  0.000041  0.000026
    -0.000835  0.000065  0.000026
    -0.000742  0.000071  0.000026
    -0.000565  0.000077  0.000026
    -0.000309  0.000143  0.000026
    -0.000443  0.000077  0.000026
    -0.000536  0.000031  0.000026
    -0.000282  0.000156  0.000026
    -0.000137  0.000227  0.000026
    -0.000560  0.000020  0.000026
    -0.000579  0.000040  0.000026
    -0.000599  0.000097  0.000026
    -0.000549  0.000144  0.000026
    -0.000477  0.000207  0.000026
    -0.000348  0.000256  0.000026
    -0.000226  0.000244  0.000026
    -0.000315  0.000144  0.000026
    -0.000523  0.000044  0.000026
    -0.000581  0.000019  0.000026
    -0.000467  0.000099  0.000026
    -0.000342  0.000171  0.000026
     0.000591  0.000015  0.000026
     0.014884  0.001841  0.000024
     0.037573  0.007380  0.000023
     0.056350  0.011300  0.000021
     0.051265  0.022605  0.000022
     0.032348  0.037582  0.000025
     0.017960  0.055755  0.000028
     0.007620  0.052916  0.000029
    -0.001844  0.052775  0.000031
    -0.010112  0.052409  0.000032
    -0.018278  0.055831  0.000031
    -0.031614  0.038598  0.000031
    -0.052208  0.023182  0.000030
    -0.057068  0.013130  0.000032
    -0.037884  0.007271  0.000030
    -0.015296  0.001357  0.000027
    -0.001102 -0.000245  0.000026
    -0.000133  0.000229  0.000026
    -0.000137  0.000227  0.000026
    -0.000137  0.000227  0.000026
    -0.000137  0.000227  0.000026
    -0.000137  0.000227  0.000026
    -0.000210  0.000259  0.000026
    -0.000017  0.000230  0.000026
     0.000123  0.000193  0.000026
     0.000162  0.000169  0.000026
     0.000209  0.000148  0.000026
     0.000062  0.000169  0.000026
    -0.000137  0.000227  0.000026
    -0.000137  0.000227  0.000026
    -0.000137  0.000227  0.000026
    -0.000137  0.000227  0.000026
    -0.000137  0.000227  0.000026
    -0.000137  0.000227  0.000026
     0.000237  0.000131  0.000026
     0.000514  0.000081  0.000026
     0.000654  0.000055  0.000026
     0.000978 -0.000008  0.000026
     0.001053 -0.000025  0.000026
     0.000878  0.000007  0.000026
     0.000668  0.000046  0.000026
     0.000326  0.000111  0.000026
     0.000177  0.000139  0.000026
    -0.000137  0.000227  0.000026
    -0.000137  0.000227  0.000026
    -0.000137  0.000227  0.000026
    -0.000137  0.000227  0.000026
    -0.000137  0.000227  0.000026
    -0.000137  0.000227  0.000026
    -0.000137  0.000227  0.000026
    -0.000137  0.000227  0.000026
    -0.000137  0.000227  0.000026
    -0.000137  0.000227  0.000026
    -0.000137  0.000227  0.000026
    -0.000137  0.000227  0.000026
    -0.000487  0.000074  0.000026
    -0.000599  0.000065  0.000026
    -0.000781  0.000050  0.000026
    -0.000915  0.000041  0.000026
    -0.001073  0.000029  0.000026
    -0.001076  0.000035  0.000026
    -0.000924  0.000051  0.000026
    -0.000788  0.000063  0.000026
    -0.000619  0.000074  0.000026
    -0.000260  0.000167  0.000026
    -0.000137  0.000227  0.000026
    -0.000286  0.000154  0.000026
    -0.000517  0.000041  0.000026
    -0.000137  0.000227  0.000026
    -0.000137  0.000227  0.000026
    -0.000547  0.000028  0.000026
    -0.000564  0.000081  0.000026
    -0.000617  0.000121  0.000026
    -0.000523  0.000203  0.000026
    -0.000391  0.000273  0.000026
    -0.000264  0.000281  0.000026
    -0.000226  0.000195  0.000026
    -0.000137  0.000227  0.000026
    -0.000464  0.000067  0.000026
    -0.000379  0.000108  0.000026
    -0.000297  0.000229  0.000026
     0.000065  0.000079  0.000026
     0.013198 -0.005982  0.000024
     0.032712 -0.008348  0.000022
     0.044984 -0.006428  0.000021
     0.030032  0.006092  0.000023
     0.006424  0.021409  0.000027
    -0.001474  0.048011  0.000030
     0.002973  0.066519  0.000031
     0.000254  0.069342  0.000031
    -0.002325  0.066653  0.000032
     0.000119  0.047820  0.000030
    -0.007360  0.020356  0.000029
    -0.030857  0.005967  0.000030
    -0.045436 -0.005832  0.000030
    -0.033487 -0.008378  0.000029
    -0.014214 -0.004920  0.000027
    -0.001061 -0.000225  0.000026
    -0.000173  0.000253  0.000026
    -0.000137  0.000227  0.000026
    -0.000137  0.000227  0.000026
    -0.000137  0.000227  0.000026
    -0.000137  0.000227  0.000026
    -0.000155  0.000263  0.000026
     0.000034  0.000229  0.000026
     0.000177  0.000183  0.000026
     0.000240  0.000150  0.000026
     0.000150  0.000154  0.000026
    -0.000137  0.000227  0.000026
    -0.000137  0.000227  0.000026
    -0.000137  0.000227  0.000026
    -0.000137  0.000227  0.000026
    -0.000137  0.000227  0.000026
    -0.000137  0.000227  0.000026
    -0.000137  0.000227  0.000026
     0.000317  0.000117  0.000026
     0.000569  0.000070  0.000026
     0.000764  0.000033  0.000026
     0.000995 -0.000012  0.000026
     0.000993 -0.000014  0.000026
     0.000767  0.000028  0.000026
     0.000575  0.000064  0.000026
     0.000293  0.000117  0.000026
     0.000104  0.000157  0.000026
    -0.000137  0.000227  0.000026
    -0.000137  0.000227  0.000026
    -0.000137  0.000227  0.000026
    -0.000137  0.000227  0.000026
    -0.000137  0.000227  0.000026
    -0.000137  0.000227  0.000026
    -0.000137  0.000227  0.000026
    -0.000137  0.000227  0.000026
    -0.000137  0.000227  0.000026
    -0.000137  0.000227  0.000026
    -0.000137  0.000227  0.000026
    -0.000137  0.000227  0.000026
    -0.000441  0.000079  0.000026
    -0.000578  0.000066  0.000026
    -0.000768  0.000049  0.000026
    -0.000849  0.000047  0.000026
    -0.001015  0.000033  0.000026
    -0.001076  0.000031  0.000026
    -0.000969  0.000044  0.000026
    -0.000862  0.000051  0.000026
    -0.000726  0.000062  0.000026
    -0.000370  0.000113  0.000026
    -0.000137  0.000227  0.000026
    -0.000137  0.000227  0.000026
    -0.000145  0.000223  0.000026
    -0.000208  0.000192  0.000026
    -0.000137  0.000227  0.000026
    -0.000137  0.000227  0.000026
    -0.000534  0.000065  0.000026
    -0.000585  0.000103  0.000026
    -0.000560  0.000190  0.000026
    -0.000439  0.000267  0.000026
    -0.000284  0.000305  0.000026
    -0.000215  0.000233  0.000026
    -0.000180  0.000206  0.000026
    -0.000137  0.000227  0.000026
    -0.000344  0.000125  0.000026
    -0.000433  0.000103  0.000026
     0.002095 -0.000784  0.000025
     0.013302 -0.008224  0.000024
     0.028694 -0.008177  0.000022
     0.031153 -0.001952  0.000023
     0.013703  0.010165  0.000025
    -0.009209  0.023726  0.000029
    -0.018757  0.037275  0.000031
    -0.006253  0.043257  0.000030
    -0.000395  0.045428  0.000030
     0.006262  0.041759  0.000029
     0.015751  0.036905  0.000028
     0.009006  0.024114  0.000027
    -0.014577  0.009205  0.000028
    -0.031071 -0.002835  0.000029
    -0.028511 -0.008779  0.000028
    -0.013878 -0.008134  0.000027
    -0.002584 -0.000964  0.000026
    -0.000137  0.000227  0.000026
    -0.000137  0.000227  0.000026
    -0.000137  0.000227  0.000026
    -0.000137  0.000227  0.000026
    -0.000187  0.000244  0.000026
    -0.000117  0.000265  0.000026
     0.000097  0.000216  0.000026
     0.000221  0.000173  0.000026
     0.000189  0.000153  0.000026
     0.000079  0.000164  0.000026
    -0.000137  0.000227  0.000026
    -0.000137  0.000227  0.000026
    -0.000137  0.000227  0.000026
    -0.000137  0.000227  0.000026
    -0.000137  0.000227  0.000026
    -0.000137  0.000227  0.000026
    -0.000137  0.000227  0.000026
     0.000451  0.000091  0.000026
     0.000656  0.000052  0.000026
     0.000819  0.000022  0.000026
     0.000986 -0.000011  0.000026
     0.000906  0.000002  0.000026
     0.000675  0.000045  0.000026
     0.000548  0.000068  0.000026
     0.000258  0.000124  0.000026
    -0.000131  0.000225  0.000026
    -0.000137  0.000227  0.000026
    -0.000137  0.000227  0.000026
    -0.000137  0.000227  0.000026
    -0.000137  0.000227  0.000026
    -0.000137  0.000227  0.000026
    -0.000137  0.000227  0.000026
    -0.000137  0.000227  0.000026
    -0.000137  0.000227  0.000026
    -0.000137  0.000227  0.000026
    -0.000137  0.000227  0.000026
    -0.000137  0.000227  0.000026
    -0.000137  0.000227  0.000026
    -0.000308  0.000143  0.000026
    -0.000551  0.000068  0.000026
    -0.000743  0.000049  0.000026
    -0.000842  0.000044  0.000026
    -0.000946  0.000039  0.000026
    -0.001039  0.000033  0.000026
    -0.001004  0.000038  0.000026
    -0.000916  0.000044  0.000026
    -0.000788  0.000055  0.000026
    -0.000551  0.000067  0.000026
    -0.000137  0.000227  0.000026
    -0.000137  0.000227  0.000026
    -0.000137  0.000227  0.000026
    -0.000137  0.000227  0.000026
    -0.000137  0.000227  0.000026
    -0.000137  0.000227  0.000026
    -0.000299  0.000148  0.000026
    -0.000529  0.000086  0.000026
    -0.000597  0.000159  0.000026
    -0.000492  0.000245  0.000026
    -0.000330  0.000309  0.000026
    -0.000207  0.000283  0.000026
    -0.000181  0.000205  0.000026
    -0.000137  0.000227  0.000026
    -0.000137  0.000227  0.000026
    -0.000531  0.000034  0.000026
     0.002758 -0.000974  0.000025
     0.011269 -0.004367  0.000024
     0.020748 -0.001205  0.000024
     0.019643  0.010397  0.000025
     0.004267  0.021759  0.000027
    -0.016770  0.023419  0.000030
    -0.018790  0.024438  0.000030
    -0.009057  0.024894  0.000029
    -0.002764  0.023512  0.000028
     0.008448  0.024183  0.000027
     0.018855  0.023248  0.000026
     0.014696  0.023260  0.000026
    -0.002719  0.020863  0.000028
    -0.020236  0.010605  0.000029
    -0.022176 -0.000909  0.000028
    -0.012095 -0.003623  0.000027
    -0.003171 -0.001256  0.000026
    -0.000137  0.000227  0.000026
    -0.000137  0.000227  0.000026
    -0.000137  0.000227  0.000026
    -0.000137  0.000227  0.000026
    -0.000259  0.000283  0.000026
    -0.000057  0.000256  0.000026
     0.000150  0.000202  0.000026
     0.000251  0.000160  0.000026
     0.000105  0.000162  0.000026
    -0.000137  0.000227  0.000026
    -0.000137  0.000227  0.000026
    -0.000137  0.000227  0.000026
    -0.000137  0.000227  0.000026
    -0.000137  0.000227  0.000026
    -0.000137  0.000227  0.000026
    -0.000137  0.000227  0.000026
     0.000167  0.000143  0.000026
     0.000532  0.000075  0.000026
     0.000724  0.000039  0.000026
     0.000862  0.000013  0.000026
     0.000926 -0.000000  0.000026
     0.000802  0.000022  0.000026
     0.000656  0.000048  0.000026
     0.000507  0.000076  0.000026
     0.000208  0.000133  0.000026
    -0.000137  0.000227  0.000026
    -0.000137  0.000227  0.000026
    -0.000137  0.000227  0.000026
    -0.000137  0.000227  0.000026
    -0.000137  0.000227  0.000026
    -0.000137  0.000227  0.000026
    -0.000137  0.000227  0.000026
    -0.000137  0.000227  0.000026
    -0.000137  0.000227  0.000026
    -0.000137  0.000227  0.000026
    -0.000137  0.000227  0.000026
    -0.000137  0.000227  0.000026
    -0.000137  0.000227  0.000026
    -0.000322  0.000136  0.000026
    -0.000507  0.000072  0.000026
    -0.000717  0.000050  0.000026
    -0.000824  0.000043  0.000026
    -0.000882  0.000044  0.000026
    -0.000976  0.000038  0.000026
    -0.000989  0.000038  0.000026
    -0.000964  0.000038  0.000026
    -0.000838  0.000048  0.000026
    -0.000631  0.000062  0.000026
    -0.000187  0.000202  0.000026
    -0.000137  0.000227  0.000026
    -0.000137  0.000227  0.000026
    -0.000137  0.000227  0.000026
    -0.000137  0.000227  0.000026
    -0.000137  0.000227  0.000026
    -0.000137  0.000227  0.000026
    -0.000490  0.000065  0.000026
    -0.000525  0.000137  0.000026
    -0.000561  0.000202  0.000026
    -0.000393  0.000281  0.000026
    -0.000258  0.000315  0.000026
    -0.000184  0.000260  0.000026
    -0.000137  0.000227  0.000026
    -0.000137  0.000227  0.000026
    -0.000137  0.000227  0.000026
     0.002424 -0.000520  0.000025
     0.006701 -0.000290  0.000025
     0.011369  0.004854  0.000025
     0.009162  0.014724  0.000026
    -0.003390  0.020712  0.000028
    -0.012677  0.020881  0.000029
    -0.013609  0.015725  0.000029
    -0.005948  0.008546  0.000027
    -0.000272  0.005474  0.000026
     0.004220  0.007094  0.000026
     0.013911  0.013758  0.000026
     0.013770  0.019472  0.000026
     0.003263  0.020065  0.000027
    -0.008642  0.014419  0.000028
    -0.011648  0.004143  0.000027
    -0.007012 -0.000427  0.000026
    -0.002810 -0.001081  0.000026
    -0.000137  0.000227  0.000026
    -0.000137  0.000227  0.000026
    -0.000137  0.000227  0.000026
    -0.000279  0.000275  0.000026
    -0.000195  0.000284  0.000026
     0.000007  0.000239  0.000026
     0.000222  0.000178  0.000026
     0.000147  0.000169  0.000026
    -0.000137  0.000227  0.000026
    -0.000137  0.000227  0.000026
    -0.000137  0.000227  0.000026
    -0.000137  0.000227  0.000026
    -0.000137  0.000227  0.000026
    -0.000137  0.000227  0.000026
    -0.000137  0.000227  0.000026
    -0.000137  0.000227  0.000026
     0.000275  0.000123  0.000026
     0.000595  0.000063  0.000026
     0.000788  0.000027  0.000026
     0.000836  0.000018  0.000026
     0.000833  0.000017  0.000026
     0.000712  0.000039  0.000026
     0.000622  0.000054  0.000026
     0.000462  0.000084  0.000026
     0.000145  0.000145  0.000026
    -0.000137  0.000227  0.000026
    -0.000137  0.000227  0.000026
    -0.000137  0.000227  0.000026
    -0.000137  0.000227  0.000026
    -0.000137  0.000227  0.000026
    -0.000137  0.000227  0.000026
    -0.000137  0.000227  0.000026
    -0.000137  0.000227  0.000026
    -0.000137  0.000227  0.000026
    -0.000137  0.000227  0.000026
    -0.000137  0.000227  0.000026
    -0.000137  0.000227  0.000026
    -0.000137  0.000227  0.000026
    -0.000137  0.000227  0.000026
    -0.000523  0.000067  0.000026
    -0.000673  0.000053  0.000026
    -0.000800  0.000043  0.000026
    -0.000872  0.000042  0.000026
    -0.000874  0.000049  0.000026
    -0.000942  0.000042  0.000026
    -0.000964  0.000037  0.000026
    -0.000876  0.000043  0.000026
    -0.000708  0.000055  0.000026
    -0.000512  0.000060  0.000026
    -0.000137  0.000227  0.000026
    -0.000137  0.000227  0.000026
    -0.000137  0.000227  0.000026
    -0.000137  0.000227  0.000026
    -0.000137  0.000227  0.000026
    -0.000137  0.000227  0.000026
    -0.000156  0.000217  0.000026
    -0.000467  0.000109  0.000026
    -0.000500  0.000171  0.000026
    -0.000474  0.000236  0.000026
    -0.000298  0.000293  0.000026
    -0.000222  0.000295  0.000026
    -0.000173  0.000256  0.000026
    -0.000137  0.000227  0.000026
    -0.000137  0.000227  0.000026
     0.001359 -0.000209  0.000026
     0.003465  0.000649  0.000025
     0.003243  0.003605  0.000026
     0.000759  0.010301  0.000027
    -0.004371  0.013147  0.000027
    -0.007642  0.011649  0.000028
    -0.005308  0.003573  0.000027
    -0.001562 -0.000239  0.000026
    -0.000137  0.000227  0.000026
     0.001065 -0.000124  0.000026
     0.004057  0.002145  0.000026
     0.007779  0.009937  0.000026
     0.003393  0.011516  0.000026
    -0.002579  0.010696  0.000027
    -0.003998  0.003853  0.000026
    -0.003928  0.000623  0.000026
    -0.001794 -0.000499  0.000026
    -0.000137  0.000227  0.000026
    -0.000137  0.000227  0.000026
    -0.000188  0.000244  0.000026
    -0.000281  0.000294  0.000026
    -0.000141  0.000269  0.000026
     0.000103  0.000209  0.000026
     0.000123  0.000184  0.000026
     0.000062  0.000174  0.000026
    -0.000137  0.000227  0.000026
    -0.000137  0.000227  0.000026
    -0.000137  0.000227  0.000026
    -0.000137  0.000227  0.000026
    -0.000137  0.000227  0.000026
    -0.000137  0.000227  0.000026
    -0.000137  0.000227  0.000026
    -0.000057  0.000204  0.000026
     0.000381  0.000103  0.000026
     0.000644  0.000054  0.000026
     0.000786  0.000027  0.000026
     0.000766  0.000031  0.000026
     0.000691  0.000045  0.000026
     0.000689  0.000042  0.000026
     0.000581  0.000061  0.000026
     0.000388  0.000098  0.000026
     0.000157  0.000142  0.000026
    -0.000137  0.000227  0.000026
    -0.000137  0.000227  0.000026
    -0.000137  0.000227  0.000026
    -0.000137  0.000227  0.000026
    -0.000137  0.000227  0.000026
    -0.000137  0.000227  0.000026
    -0.000137  0.000227  0.000026
    -0.000137  0.000227  0.000026
    -0.000137  0.000227  0.000026
    -0.000137  0.000227  0.000026
    -0.000137  0.000227  0.000026
    -0.000137  0.000227  0.000026
    -0.000137  0.000227  0.000026
    -0.000137  0.000227  0.000026
    -0.000482  0.000070  0.000026
    -0.000666  0.000051  0.000026
    -0.000761  0.000045  0.000026
    -0.000859  0.000040  0.000026
    -0.000877  0.000045  0.000026
    -0.000853  0.000053  0.000026
    -0.000868  0.000050  0.000026
    -0.000896  0.000042  0.000026
    -0.000757  0.000051  0.000026
    -0.000601  0.000056  0.000026
    -0.000137  0.000227  0.000026
    -0.000137  0.000227  0.000026
    -0.000137  0.000227  0.000026
    -0.000137  0.000227  0.000026
    -0.000137  0.000227  0.000026
    -0.000137  0.000227  0.000026
    -0.000137  0.000227  0.000026
    -0.000499  0.000062  0.000026
    -0.000492  0.000128  0.000026
    -0.000460  0.000188  0.000026
    -0.000342  0.000247  0.000026
    -0.000230  0.000285  0.000026
    -0.000186  0.000272  0.000026
    -0.000152  0.000249  0.000026
    -0.000137  0.000247  0.000026
    -0.000137  0.000227  0.000026
     0.001249  0.000388  0.000026
     0.001161  0.001852  0.000026
    -0.000728  0.003420  0.000026
    -0.002713  0.003928  0.000026
    -0.002955  0.002117  0.000026
    -0.001343  0.000345  0.000026
    -0.000137  0.000227  0.000026
    -0.000137  0.000227  0.000026
    -0.000137  0.000227  0.000026
     0.000813  0.000228  0.000026
     0.002287  0.001856  0.000026
     0.002355  0.003641  0.000026
     0.000411  0.003208  0.000026
    -0.001513  0.001821  0.000026
    -0.001703  0.000387  0.000026
    -0.000142  0.000224  0.000026
    -0.000137  0.000227  0.000026
    -0.000137  0.000227  0.000026
    -0.000349  0.000299  0.000026
    -0.000251  0.000285  0.000026
    -0.000073  0.000241  0.000026
     0.000078  0.000197  0.000026
     0.000092  0.000176  0.000026
    -0.000094  0.000215  0.000026
    -0.000137  0.000227  0.000026
    -0.000137  0.000227  0.000026
    -0.000137  0.000227  0.000026
    -0.000137  0.000227  0.000026
    -0.000137  0.000227  0.000026
    -0.000137  0.000227  0.000026
    -0.000137  0.000227  0.000026
     0.000210  0.000133  0.000026
     0.000449  0.000090  0.000026
     0.000673  0.000048  0.000026
     0.000646  0.000055  0.000026
     0.000646  0.000054  0.000026
     0.000690  0.000044  0.000026
     0.000663  0.000047  0.000026
     0.000512  0.000074  0.000026
     0.000366  0.000101  0.000026
    -0.000018  0.000192  0.000026
    -0.000137  0.000227  0.000026
    -0.000137  0.000227  0.000026
    -0.000137  0.000227  0.000026
    -0.000137  0.000227  0.000026
    -0.000137  0.000227  0.000026
    -0.000137  0.000227  0.000026
    -0.000137  0.000227  0.000026
    -0.000137  0.000227  0.000026
    -0.000137  0.000227  0.000026
    -0.000137  0.000227  0.000026
    -0.000137  0.000227  0.000026
    -0.000137  0.000227  0.000026
    -0.000137  0.000227  0.000026
    -0.000137  0.000227  0.000026
    -0.000338  0.000128  0.000026
    -0.000647  0.000050  0.000026
    -0.000753  0.000042  0.000026
    -0.000830  0.000040  0.000026
    -0.000875  0.000041  0.000026
    -0.000820  0.000055  0.000026
    -0.000785  0.000061  0.000026
    -0.000868  0.000046  0.000026
    -0.000765  0.000052  0.000026
    -0.000658  0.000053  0.000026
    -0.000490  0.000057  0.000026
    -0.000287  0.000154  0.000026
    -0.000137  0.000227  0.000026
    -0.000197  0.000198  0.000026
    -0.000137  0.000227  0.000026
    -0.000137  0.000227  0.000026
    -0.000137  0.000227  0.000026
    -0.000279  0.000158  0.000026
    -0.000492  0.000087  0.000026
    -0.000500  0.000132  0.000026
    -0.000458  0.000182  0.000026
    -0.000309  0.000228  0.000026
    -0.000225  0.000254  0.000026
    -0.000180  0.000232  0.000026
    -0.000195  0.000214  0.000026
    -0.000209  0.000212  0.000026
    -0.000137  0.000227  0.000026
    -0.000367  0.000238  0.000026
    -0.000988  0.001030  0.000026
    -0.001326  0.000857  0.000026
    -0.000775 -0.000034  0.000026
    -0.000137  0.000227  0.000026
    -0.000137  0.000227  0.000026
    -0.000137  0.000227  0.000026
    -0.000137  0.000227  0.000026
    -0.000137  0.000227  0.000026
     0.000256  0.000112  0.000026
     0.000768  0.000674  0.000026
     0.000410  0.000921  0.000026
    -0.000138  0.000234  0.000026
    -0.000137  0.000227  0.000026
    -0.000137  0.000227  0.000026
    -0.000137  0.000227  0.000026
    -0.000137  0.000227  0.000026
    -0.000284  0.000282  0.000026
    -0.000160  0.000252  0.000026
     0.000047  0.000201  0.000026
     0.000089  0.000178  0.000026
     0.000067  0.000168  0.000026
    -0.000137  0.000227  0.000026
    -0.000137  0.000227  0.000026
    -0.000137  0.000227  0.000026
    -0.000137  0.000227  0.000026
    -0.000137  0.000227  0.000026
    -0.000137  0.000227  0.000026
    -0.000137  0.000227  0.000026
    -0.000137  0.000227  0.000026
     0.000292  0.000118  0.000026
     0.000464  0.000088  0.000026
     0.000635  0.000056  0.000026
     0.000536  0.000076  0.000026
     0.000596  0.000063  0.000026
     0.000680  0.000045  0.000026
     0.000609  0.000056  0.000026
     0.000489  0.000078  0.000026
     0.000330  0.000108  0.000026
    -0.000137  0.000227  0.000026
    -0.000137  0.000227  0.000026
    -0.000137  0.000227  0.000026
    -0.000137  0.000227  0.000026
    -0.000137  0.000227  0.000026
    -0.000137  0.000227  0.000026
    -0.000137  0.000227  0.000026
    -0.000137  0.000227  0.000026
    -0.000137  0.000227  0.000026
    -0.000137  0.000227  0.000026
    -0.000137  0.000227  0.000026
    -0.000137  0.000227  0.000026
    -0.000137  0.000227  0.000026
    -0.000137  0.000227  0.000026
    -0.000137  0.000227  0.000026
    -0.000137  0.000227  0.000026
    -0.000517  0.000065  0.000026
    -0.000760  0.000037  0.000026
    -0.000827  0.000036  0.000026
    -0.000859  0.000040  0.000026
    -0.000847  0.000047  0.000026
    -0.000787  0.000059  0.000026
    -0.000804  0.000057  0.000026
    -0.000764  0.000056  0.000026
    -0.000674  0.000055  0.000026
    -0.000563  0.000055  0.000026
    -0.000391  0.000103  0.000026
    -0.000227  0.000183  0.000026
    -0.000239  0.000177  0.000026
    -0.000137  0.000227  0.000026
    -0.000280  0.000157  0.000026
    -0.000137  0.000227  0.000026
    -0.000137  0.000227  0.000026
    -0.000477  0.000066  0.000026
    -0.000449  0.000110  0.000026
    -0.000496  0.000144  0.000026
    -0.000442  0.000169  0.000026
    -0.000290  0.000205  0.000026
    -0.000234  0.000217  0.000026
    -0.000228  0.000192  0.000026
    -0.000268  0.000178  0.000026
    -0.000286  0.000166  0.000026
    -0.000283  0.000180  0.000026
    -0.000284  0.000181  0.000026
    -0.000260  0.000180  0.000026
    -0.000239  0.000177  0.000026
    -0.000137  0.000227  0.000026
    -0.000137  0.000227  0.000026
    -0.000137  0.000227  0.000026
    -0.000137  0.000227  0.000026
    -0.000137  0.000227  0.000026
    -0.000137  0.000227  0.000026
    -0.000137  0.000227  0.000026
    -0.000137  0.000227  0.000026
    -0.000137  0.000227  0.000026
    -0.000137  0.000227  0.000026
    -0.000137  0.000227  0.000026
    -0.000137  0.000227  0.000026
    -0.000137  0.000227  0.000026
    -0.000194  0.000250  0.000026
     0.000009  0.000204  0.000026
     0.000080  0.000184  0.000026
     0.000009  0.000184  0.000026
    -0.000137  0.000227  0.000026
    -0.000137  0.000227  0.000026
    -0.000137  0.000227  0.000026
    -0.000137  0.000227  0.000026
    -0.000137  0.000227  0.000026
    -0.000137  0.000227  0.000026
    -0.000137  0.000227  0.000026
    -0.000137  0.000227  0.000026
     0.000151  0.000143  0.000026
     0.000323  0.000113  0.000026
     0.000468  0.000088  0.000026
     0.000554  0.000072  0.000026
     0.000537  0.000076  0.000026
     0.000630  0.000055  0.000026
     0.000644  0.000051  0.000026
     0.000590  0.000059  0.000026
     0.000486  0.000077  0.000026
     0.000115  0.000153  0.000026
    -0.000137  0.000227  0.000026
    -0.000137  0.000227  0.000026
    -0.000137  0.000227  0.000026
    -0.000137  0.000227  0.000026
    -0.000137  0.000227  0.000026
    -0.000137  0.000227  0.000026
    -0.000137  0.000227  0.000026
    -0.000137  0.000227  0.000026
    -0.000137  0.000227  0.000026
    -0.000137  0.000227  0.000026
    -0.000137  0.000227  0.000026
    -0.000137  0.000227  0.000026
    -0.000137  0.000227  0.000026
    -0.000137  0.000227  0.000026
    -0.000137  0.000227  0.000026
    -0.000137  0.000227  0.000026
    -0.000433  0.000082  0.000026
    -0.000694  0.000043  0.000026
    -0.000828  0.000031  0.000026
    -0.000903  0.000029  0.000026
    -0.000843  0.000044  0.000026
    -0.000806  0.000054  0.000026
    -0.000800  0.000057  0.000026
    -0.000752  0.000061  0.000026
    -0.000693  0.000059  0.000026
    -0.000608  0.000057  0.000026
    -0.000463  0.000067  0.000026
    -0.000209  0.000192  0.000026
    -0.000245  0.000174  0.000026
    -0.000180  0.000206  0.000026
    -0.000249  0.000172  0.000026
    -0.000137  0.000227  0.000026
    -0.000137  0.000227  0.000026
    -0.000137  0.000227  0.000026
    -0.000448  0.000080  0.000026
    -0.000425  0.000118  0.000026
    -0.000456  0.000153  0.000026
    -0.000368  0.000182  0.000026
    -0.000270  0.000218  0.000026
    -0.000168  0.000234  0.000026
    -0.000193  0.000222  0.000026
    -0.000205  0.000201  0.000026
    -0.000251  0.000190  0.000026
    -0.000268  0.000209  0.000026
    -0.000224  0.000222  0.000026
    -0.000200  0.000213  0.000026
    -0.000167  0.000212  0.000026
    -0.000137  0.000227  0.000026
    -0.000137  0.000227  0.000026
    -0.000137  0.000227  0.000026
    -0.000137  0.000227  0.000026
    -0.000137  0.000227  0.000026
    -0.000137  0.000227  0.000026
    -0.000137  0.000227  0.000026
    -0.000137  0.000227  0.000026
    -0.000137  0.000227  0.000026
    -0.000137  0.000227  0.000026
    -0.000137  0.000227  0.000026
    -0.000237  0.000261  0.000026
    -0.000111  0.000229  0.000026
     0.000017  0.000197  0.000026
    -0.000070  0.000207  0.000026
    -0.000137  0.000227  0.000026
    -0.000137  0.000227  0.000026
    -0.000137  0.000227  0.000026
    -0.000137  0.000227  0.000026
    -0.000137  0.000227  0.000026
    -0.000137  0.000227  0.000026
    -0.000137  0.000227  0.000026
    -0.000137  0.000227  0.000026
    -0.000137  0.000227  0.000026
     0.000223  0.000131  0.000026
     0.000357  0.000109  0.000026
     0.000469  0.000089  0.000026
     0.000545  0.000074  0.000026
     0.000557  0.000071  0.000026
     0.000611  0.000058  0.000026
     0.000686  0.000041  0.000026
     0.000575  0.000061  0.000026
     0.000386  0.000097  0.000026
    -0.000137  0.000227  0.000026
    -0.000137  0.000227  0.000026
    -0.000137  0.000227  0.000026
    -0.000137  0.000227  0.000026
    -0.000137  0.000227  0.000026
    -0.000137  0.000227  0.000026
    -0.000137  0.000227  0.000026
    -0.000137  0.000227  0.000026
    -0.000137  0.000227  0.000026
    -0.000137  0.000227  0.000026
    -0.000137  0.000227  0.000026
    -0.000137  0.000227  0.000026
    -0.000137  0.000227  0.000026
    -0.000137  0.000227  0.000026
    -0.000137  0.000227  0.000026
    -0.000137  0.000227  0.000026
    -0.000137  0.000227  0.000026
    -0.000137  0.000227  0.000026
    -0.000609  0.000052  0.000026
    -0.000781  0.000033  0.000026
    -0.000892  0.000026  0.000026
    -0.000905  0.000031  0.000026
    -0.000819  0.000049  0.000026
    -0.000740  0.000063  0.000026
    -0.000748  0.000062  0.000026
    -0.000642  0.000071  0.000026
    -0.000615  0.000063  0.000026
    -0.000545  0.000060  0.000026
    -0.000438  0.000080  0.000026
    -0.000152  0.000219  0.000026
    -0.000264  0.000165  0.000026
    -0.000137  0.000227  0.000026
    -0.000411  0.000093  0.000026
    -0.000137  0.000227  0.000026
    -0.000137  0.000227  0.000026
    -0.000428  0.000084  0.000026
    -0.000389  0.000104  0.000026
    -0.000426  0.000118  0.000026
    -0.000422  0.000145  0.000026
    -0.000324  0.000170  0.000026
    -0.000270  0.000197  0.000026
    -0.000189  0.000236  0.000026
    -0.000175  0.000247  0.000026
    -0.000152  0.000237  0.000026
    -0.000154  0.000255  0.000026
    -0.000121  0.000293  0.000026
    -0.000059  0.000321  0.000026
     0.000020  0.000342  0.000026
     0.000024  0.000323  0.000026
    -0.000120  0.000237  0.000026
    -0.000137  0.000227  0.000026
    -0.000137  0.000227  0.000026
    -0.000137  0.000227  0.000026
    -0.000167  0.000237  0.000026
    -0.000137  0.000227  0.000026
    -0.000137  0.000227  0.000026
    -0.000137  0.000227  0.000026
    -0.000137  0.000227  0.000026
    -0.000137  0.000227  0.000026
    -0.000137  0.000227  0.000026
    -0.000038  0.000205  0.000026
    -0.000069  0.000207  0.000026
    -0.000137  0.000227  0.000026
    -0.000137  0.000227  0.000026
    -0.000137  0.000227  0.000026
    -0.000137  0.000227  0.000026
    -0.000137  0.000227  0.000026
    -0.000137  0.000227  0.000026
    -0.000137  0.000227  0.000026
    -0.000137  0.000227  0.000026
    -0.000137  0.000227  0.000026
     0.000108  0.000156  0.000026
     0.000241  0.000130  0.000026
     0.000300  0.000121  0.000026
     0.000461  0.000090  0.000026
     0.000453  0.000092  0.000026
     0.000565  0.000068  0.000026
     0.000677  0.000044  0.000026
     0.000659  0.000045  0.000026
     0.000502  0.000074  0.000026
     0.000263  0.000120  0.000026
    -0.000137  0.000227  0.000026
    -0.000137  0.000227  0.000026
    -0.000137  0.000227  0.000026
    -0.000137  0.000227  0.000026
    -0.000137  0.000227  0.000026
    -0.000137  0.000227  0.000026
    -0.000137  0.000227  0.000026
    -0.000137  0.000227  0.000026
    -0.000137  0.000227  0.000026
    -0.000137  0.000227  0.000026
    -0.000137  0.000227  0.000026
    -0.000137  0.000227  0.000026
    -0.000137  0.000227  0.000026
    -0.000137  0.000227  0.000026
    -0.000137  0.000227  0.000026
    -0.000137  0.000227  0.000026
    -0.000137  0.000227  0.000026
    -0.000137  0.000227  0.000026
    -0.000441  0.000078  0.000026
    -0.000699  0.000041  0.000026
    -0.000863  0.000025  0.000026
    -0.000911  0.000026  0.000026
    -0.000886  0.000035  0.000026
    -0.000790  0.000054  0.000026
    -0.000770  0.000059  0.000026
    -0.000663  0.000071  0.000026
    -0.000591  0.000073  0.000026
    -0.000561  0.000065  0.000026
    -0.000490  0.000063  0.000026
    -0.000297  0.000148  0.000026
    -0.000137  0.000227  0.000026
    -0.000137  0.000227  0.000026
    -0.000137  0.000227  0.000026
    -0.000137  0.000227  0.000026
    -0.000137  0.000227  0.000026
    -0.000137  0.000227  0.000026
    -0.000412  0.000092  0.000026
    -0.000400  0.000116  0.000026
    -0.000434  0.000137  0.000026
    -0.000385  0.000161  0.000026
    -0.000289  0.000180  0.000026
    -0.000212  0.000204  0.000026
    -0.000157  0.000244  0.000026
    -0.000106  0.000273  0.000026
    -0.000072  0.000292  0.000026
    -0.000041  0.000332  0.000026
     0.000020  0.000373  0.000026
     0.000116  0.000410  0.000026
     0.000215  0.000445  0.000026
     0.000181  0.000273  0.000026
    -0.000038  0.000260  0.000026
    -0.000122  0.000149  0.000026
    -0.000143  0.000044  0.000026
    -0.000137  0.000227  0.000026
    -0.000137  0.000227  0.000026
    -0.000137  0.000227  0.000026
    -0.000137  0.000227  0.000026
    -0.000137  0.000227  0.000026
    -0.000137  0.000227  0.000026
    -0.000124  0.000226  0.000026
    -0.000057  0.000207  0.000026
    -0.000137  0.000227  0.000026
    -0.000137  0.000227  0.000026
    -0.000137  0.000227  0.000026
    -0.000137  0.000227  0.000026
    -0.000137  0.000227  0.000026
    -0.000137  0.000227  0.000026
    -0.000137  0.000227  0.000026
    -0.000137  0.000227  0.000026
    -0.000137  0.000227  0.000026
    -0.000137  0.000227  0.000026
     0.000162  0.000144  0.000026
     0.000221  0.000135  0.000026
     0.000326  0.000117  0.000026
     0.000488  0.000085  0.000026
     0.000511  0.000080  0.000026
     0.000639  0.000053  0.000026
     0.000675  0.000043  0.000026
     0.000609  0.000054  0.000026
     0.000384  0.000097  0.000026
    -0.000137  0.000227  0.000026
    -0.000137  0.000227  0.000026
    -0.000137  0.000227  0.000026
    -0.000137  0.000227  0.000026
    -0.000137  0.000227  0.000026
    -0.000137  0.000227  0.000026
    -0.000137  0.000227  0.000026
    -0.000137  0.000227  0.000026
    -0.000137  0.000227  0.000026
    -0.000137  0.000227  0.000026
    -0.000137  0.000227  0.000026
    -0.000137  0.000227  0.000026
    -0.000137  0.000227  0.000026
    -0.000137  0.000227  0.000026
    -0.000137  0.000227  0.000026
    -0.000137  0.000227  0.000026
    -0.000137  0.000227  0.000026
    -0.000137  0.000227  0.000026
    -0.000137  0.000227  0.000026
    -0.000137  0.000227  0.000026
    -0.000594  0.000053  0.000026
    -0.000775  0.000033  0.000026
    -0.000899  0.000023  0.000026
    -0.000901  0.000029  0.000026
    -0.000858  0.000041  0.000026
    -0.000777  0.000056  0.000026
    -0.000674  0.000072  0.000026
    -0.000610  0.000074  0.000026
    -0.000544  0.000075  0.000026
    -0.000484  0.000074  0.000026
    -0.000332  0.000131  0.000026
    -0.000331  0.000132  0.000026
    -0.000137  0.000227  0.000026
    -0.000137  0.000227  0.000026
    -0.000179  0.000206  0.000026
    -0.000137  0.000227  0.000026
    -0.000137  0.000227  0.000026
    -0.000137  0.000227  0.000026
    -0.000162  0.000215  0.000026
    -0.000380  0.000116  0.000026
    -0.000362  0.000146  0.000026
    -0.000356  0.000166  0.000026
    -0.000254  0.000184  0.000026
    -0.000204  0.000203  0.000026
    -0.000180  0.000235  0.000026
    -0.000097  0.000261  0.000026
    -0.000057  0.000286  0.000026
     0.000041 -0.000034  0.000026
     0.000251 -0.000729  0.000026
     0.000403 -0.001052  0.000026
     0.000504 -0.001176  0.000026
     0.000418 -0.001226  0.000026
     0.000223 -0.001088  0.000026
    -0.000015 -0.000428  0.000026
    -0.000137  0.000227  0.000026
    -0.000137  0.000227  0.000026
    -0.000137  0.000227  0.000026
    -0.000137  0.000227  0.000026
    -0.000137  0.000227  0.000026
    -0.000137  0.000227  0.000026
    -0.000137  0.000227  0.000026
    -0.000137  0.000227  0.000026
    -0.000137  0.000227  0.000026
    -0.000137  0.000227  0.000026
    -0.000137  0.000227  0.000026
    -0.000137  0.000227  0.000026
    -0.000137  0.000227  0.000026
    -0.000137  0.000227  0.000026
    -0.000137  0.000227  0.000026
    -0.000137  0.000227  0.000026
    -0.000137  0.000227  0.000026
    -0.000059  0.000204  0.000026
     0.000149  0.000149  0.000026
     0.000245  0.000132  0.000026
     0.000336  0.000115  0.000026
     0.000474  0.000088  0.000026
     0.000587  0.000064  0.000026
     0.000648  0.000050  0.000026
     0.000647  0.000048  0.000026
     0.000479  0.000079  0.000026
     0.000235  0.000126  0.000026
    -0.000137  0.000227  0.000026
    -0.000137  0.000227  0.000026
    -0.000137  0.000227  0.000026
    -0.000137  0.000227  0.000026
    -0.000137  0.000227  0.000026
    -0.000137  0.000227  0.000026
    -0.000137  0.000227  0.000026
    -0.000137  0.000227  0.000026
    -0.000137  0.000227  0.000026
    -0.000137  0.000227  0.000026
    -0.000137  0.000227  0.000026
    -0.000137  0.000227  0.000026
    -0.000137  0.000227  0.000026
    -0.000137  0.000227  0.000026
    -0.000137  0.000227  0.000026
    -0.000137  0.000227  0.000026
    -0.000137  0.000227  0.000026
    -0.000137  0.000227  0.000026
    -0.000137  0.000227  0.000026
    -0.000137  0.000227  0.000026
    -0.000137  0.000227  0.000026
    -0.000658  0.000045  0.000026
    -0.000838  0.000026  0.000026
    -0.000900  0.000025  0.000026
    -0.000881  0.000033  0.000026
    -0.000827  0.000046  0.000026
    -0.000838  0.000048  0.000026
    -0.000705  0.000066  0.000026
    -0.000574  0.000076  0.000026
    -0.000503  0.000077  0.000026
    -0.000459  0.000076  0.000026
    -0.000388  0.000104  0.000026
    -0.000288  0.000153  0.000026
    -0.000137  0.000227  0.000026
    -0.000137  0.000227  0.000026
    -0.000137  0.000227  0.000026
    -0.000137  0.000227  0.000026
    -0.000137  0.000227  0.000026
    -0.000137  0.000227  0.000026
    -0.000137  0.000227  0.000026
    -0.000209  0.000192  0.000026
    -0.000337  0.000133  0.000026
    -0.000332  0.000152  0.000026
    -0.000137  0.000227  0.000026
    -0.000137  0.000227  0.000026
    -0.000167  0.000223  0.000026
    -0.000135  0.000228  0.000026
    -0.000137  0.000227  0.000026
    -0.000039  0.000287  0.000026
     0.000142 -0.000509  0.000026
     0.000229 -0.000784  0.000026
     0.000208 -0.000599  0.000026
    -0.000006  0.000189  0.000026
    -0.000103  0.000250  0.000026
    -0.000137  0.000227  0.000026
    -0.000137  0.000227  0.000026
    -0.000137  0.000227  0.000026
    -0.000137  0.000227  0.000026
    -0.000137  0.000227  0.000026
    -0.000137  0.000227  0.000026
    -0.000137  0.000227  0.000026
    -0.000137  0.000227  0.000026
    -0.000137  0.000227  0.000026
    -0.000137  0.000227  0.000026
    -0.000137  0.000227  0.000026
    -0.000137  0.000227  0.000026
    -0.000137  0.000227  0.000026
    -0.000137  0.000227  0.000026
    -0.000137  0.000227  0.000026
    -0.000137  0.000227  0.000026
    -0.000137  0.000227  0.000026
     0.000045  0.000174  0.000026
     0.000188  0.000142  0.000026
     0.000359  0.000111  0.000026
     0.000545  0.000074  0.000026
     0.000531  0.000076  0.000026
     0.000608  0.000059  0.000026
     0.000636  0.000051  0.000026
     0.000558  0.000064  0.000026
     0.000317  0.000110  0.000026
    -0.000137  0.000227  0.000026
    -0.000137  0.000227  0.000026
    -0.000137  0.000227  0.000026
    -0.000137  0.000227  0.000026
    -0.000137  0.000227  0.000026
    -0.000137  0.000227  0.000026
    -0.000137  0.000227  0.000026
    -0.000137  0.000227  0.000026
    -0.000137  0.000227  0.000026
    -0.000137  0.000227  0.000026
    -0.000137  0.000227  0.000026
    -0.000137  0.000227  0.000026
    -0.000137  0.000227  0.000026
    -0.000137  0.000227  0.000026
    -0.000137  0.000227  0.000026
    -0.000137  0.000227  0.000026
    -0.000137  0.000227  0.000026
    -0.000137  0.000227  0.000026
    -0.000137  0.000227  0.000026
    -0.000137  0.000227  0.000026
    -0.000137  0.000227  0.000026
    -0.000137  0.000227  0.000026
    -0.000560  0.000057  0.000026
    -0.000722  0.000038  0.000026
    -0.000861  0.000025  0.000026
    -0.000887  0.000028  0.000026
    -0.000855  0.000038  0.000026
    -0.000795  0.000052  0.000026
    -0.000781  0.000056  0.000026
    -0.000690  0.000066  0.000026
    -0.000580  0.000074  0.000026
    -0.000492  0.000078  0.000026
    -0.000392  0.000102  0.000026
    -0.000422  0.000087  0.000026
    -0.000140  0.000225  0.000026
    -0.000137  0.000227  0.000026
    -0.000137  0.000227  0.000026
    -0.000137  0.000227  0.000026
    -0.000137  0.000227  0.000026
    -0.000137  0.000227  0.000026
    -0.000137  0.000227  0.000026
    -0.000137  0.000227  0.000026
    -0.000137  0.000227  0.000026
    -0.000137  0.000227  0.000026
    -0.000137  0.000227  0.000026
    -0.000137  0.000227  0.000026
    -0.000137  0.000227  0.000026
    -0.000137  0.000227  0.000026
    -0.000137  0.000227  0.000026
    -0.000137  0.000227  0.000026
    -0.000137  0.000227  0.000026
    -0.000137  0.000227  0.000026
    -0.000137  0.000227  0.000026
    -0.000164  0.000214  0.000026
    -0.000137  0.000227  0.000026
    -0.000137  0.000227  0.000026
    -0.000137  0.000227  0.000026
    -0.000137  0.000227  0.000026
    -0.000137  0.000227  0.000026
    -0.000137  0.000227  0.000026
    -0.000137  0.000227  0.000026
    -0.000137  0.000227  0.000026
    -0.000137  0.000227  0.000026
    -0.000137  0.000227  0.000026
    -0.000137  0.000227  0.000026
    -0.000137  0.000227  0.000026
    -0.000137  0.000227  0.000026
    -0.000137  0.000227  0.000026
    -0.000137  0.000227  0.000026
    -0.000137  0.000227  0.000026
    -0.000137  0.000227  0.000026
    -0.000017  0.000192  0.000026
     0.000180  0.000144  0.000026
     0.000328  0.000117  0.000026
     0.000450  0.000094  0.000026
     0.000474  0.000088  0.000026
     0.000559  0.000069  0.000026
     0.000606  0.000058  0.000026
     0.000578  0.000061  0.000026
     0.000398  0.000094  0.000026
     0.000182  0.000136  0.000026
    -0.000137  0.000227  0.000026
    -0.000137  0.000227  0.000026
    -0.000137  0.000227  0.000026
    -0.000137  0.000227  0.000026
    -0.000137  0.000227  0.000026
    -0.000137  0.000227  0.000026
    -0.000137  0.000227  0.000026
    -0.000137  0.000227  0.000026
    -0.000137  0.000227  0.000026
    -0.000137  0.000227  0.000026
    -0.000137  0.000227  0.000026
    -0.000137  0.000227  0.000026
    -0.000137  0.000227  0.000026
    -0.000137  0.000227  0.000026
    -0.000137  0.000227  0.000026
    -0.000137  0.000227  0.000026
    -0.000137  0.000227  0.000026
    -0.000137  0.000227  0.000026
    -0.000137  0.000227  0.000026
    -0.000137  0.000227  0.000026
    -0.000137  0.000227  0.000026
    -0.000137  0.000227  0.000026
    -0.000137  0.000227  0.000026
    -0.000599  0.000052  0.000026
    -0.000758  0.000034  0.000026
    -0.000851  0.000028  0.000026
    -0.000865  0.000032  0.000026
    -0.000827  0.000043  0.000026
    -0.000811  0.000050  0.000026
    -0.000764  0.000058  0.000026
    -0.000672  0.000067  0.000026
    -0.000563  0.000076  0.000026
    -0.000514  0.000077  0.000026
    -0.000471  0.000076  0.000026
    -0.000450  0.000074  0.000026
    -0.000184  0.000204  0.000026
    -0.000137  0.000227  0.000026
    -0.000137  0.000227  0.000026
    -0.000137  0.000227  0.000026
    -0.000137  0.000227  0.000026
    -0.000137  0.000227  0.000026
    -0.000137  0.000227  0.000026
    -0.000137  0.000227  0.000026
    -0.000137  0.000227  0.000026
    -0.000137  0.000227  0.000026
    -0.000137  0.000227  0.000026
    -0.000137  0.000227  0.000026
    -0.000137  0.000227  0.000026
    -0.000137  0.000227  0.000026
    -0.000137  0.000227  0.000026
    -0.000137  0.000227  0.000026
    -0.000137  0.000227  0.000026
    -0.000137  0.000227  0.000026
    -0.000137  0.000227  0.000026
    -0.000137  0.000227  0.000026
    -0.000137  0.000227  0.000026
    -0.000137  0.000227  0.000026
    -0.000137  0.000227  0.000026
    -0.000137  0.000227  0.000026
    -0.000137  0.000227  0.000026
    -0.000137  0.000227  0.000026
    -0.000137  0.000227  0.000026
    -0.000137  0.000227  0.000026
    -0.000137  0.000227  0.000026
    -0.000137  0.000227  0.000026
    -0.000137  0.000227  0.000026
    -0.000137  0.000227  0.000026
    -0.000137  0.000227  0.000026
    -0.000137  0.000227  0.000026
    -0.000137  0.000227  0.000026
     0.000051  0.000172  0.000026
     0.000150  0.000150  0.000026
     0.000293  0.000124  0.000026
     0.000414  0.000101  0.000026
     0.000476  0.000088  0.000026
     0.000507  0.000080  0.000026
     0.000564  0.000067  0.000026
     0.000552  0.000067  0.000026
     0.000437  0.000087  0.000026
     0.000230  0.000127  0.000026
    -0.000137  0.000227  0.000026
    -0.000137  0.000227  0.000026
    -0.000137  0.000227  0.000026
    -0.000137  0.000227  0.000026
    -0.000137  0.000227  0.000026
    -0.000137  0.000227  0.000026
    -0.000137  0.000227  0.000026
    -0.000137  0.000227  0.000026
    -0.000137  0.000227  0.000026
    -0.000137  0.000227  0.000026
    -0.000137  0.000227  0.000026
    -0.000137  0.000227  0.000026
    -0.000137  0.000227  0.000026
    -0.000137  0.000227  0.000026
    -0.000137  0.000227  0.000026
    -0.000137  0.000227  0.000026
    -0.000137  0.000227  0.000026
    -0.000137  0.000227  0.000026
    -0.000137  0.000227  0.000026
    -0.000137  0.000227  0.000026
    -0.000137  0.000227  0.000026
    -0.000137  0.000227  0.000026
    -0.000137  0.000227  0.000026
    -0.000137  0.000227  0.000026
    -0.000411  0.000093  0.000026
    -0.000642  0.000047  0.000026
    -0.000767  0.000035  0.000026
    -0.000830  0.000032  0.000026
    -0.000834  0.000038  0.000026
    -0.000799  0.000048  0.000026
    -0.000807  0.000051  0.000026
    -0.000758  0.000058  0.000026
    -0.000665  0.000068  0.000026
    -0.000555  0.000077  0.000026
    -0.000509  0.000079  0.000026
    -0.000467  0.000078  0.000026
    -0.000478  0.000064  0.000026
    -0.000273  0.000161  0.000026
    -0.000137  0.000227  0.000026
    -0.000137  0.000227  0.000026
    -0.000137  0.000227  0.000026
    -0.000137  0.000227  0.000026
    -0.000137  0.000227  0.000026
    -0.000137  0.000227  0.000026
    -0.000137  0.000227  0.000026
    -0.000137  0.000227  0.000026
    -0.000137  0.000227  0.000026
    -0.000137  0.000227  0.000026
    -0.000137  0.000227  0.000026
    -0.000137  0.000227  0.000026
    -0.000137  0.000227  0.000026
    -0.000137  0.000227  0.000026
    -0.000137  0.000227  0.000026
    -0.000137  0.000227  0.000026
    -0.000137  0.000227  0.000026
    -0.000137  0.000227  0.000026
    -0.000137  0.000227  0.000026
    -0.000137  0.000227  0.000026
    -0.000137  0.000227  0.000026
    -0.000137  0.000227  0.000026
    -0.000137  0.000227  0.000026
    -0.000137  0.000227  0.000026
    -0.000137  0.000227  0.000026
    -0.000137  0.000227  0.000026
    -0.000137  0.000227  0.000026
    -0.000137  0.000227  0.000026
    -0.000137  0.000227  0.000026
    -0.000137  0.000227  0.000026
    -0.000137  0.000227  0.000026
    -0.000137  0.000227  0.000026
     0.000027  0.000179  0.000026
     0.000133  0.000154  0.000026
     0.000272  0.000128  0.000026
     0.000394  0.000105  0.000026
     0.000459  0.000092  0.000026
     0.000455  0.000091  0.000026
     0.000510  0.000078  0.000026
     0.000514  0.000075  0.000026
     0.000441  0.000087  0.000026
     0.000282  0.000117  0.000026
    -0.000137  0.000227  0.000026
    -0.000137  0.000227  0.000026
    -0.000137  0.000227  0.000026
    -0.000137  0.000227  0.000026
    -0.000137  0.000227  0.000026
    -0.000137  0.000227  0.000026
    -0.000137  0.000227  0.000026
    -0.000137  0.000227  0.000026
    -0.000137  0.000227  0.000026
    -0.000137  0.000227  0.000026
    -0.000137  0.000227  0.000026
    -0.000137  0.000227  0.000026
    -0.000137  0.000227  0.000026
    -0.000137  0.000227  0.000026
    -0.000137  0.000227  0.000026
    -0.000137  0.000227  0.000026
    -0.000137  0.000227  0.000026
    -0.000137  0.000227  0.000026
    -0.000137  0.000227  0.000026
    -0.000137  0.000227  0.000026
    -0.000137  0.000227  0.000026
    -0.000137  0.000227  0.000026
    -0.000137  0.000227  0.000026
    -0.000137  0.000227  0.000026
    -0.000137  0.000227  0.000026
    -0.000137  0.000227  0.000026
    -0.000464  0.000070  0.000026
    -0.000660  0.000046  0.000026
    -0.000755  0.000037  0.000026
    -0.000799  0.000037  0.000026
    -0.000800  0.000043  0.000026
    -0.000811  0.000047  0.000026
    -0.000807  0.000051  0.000026
    -0.000755  0.000059  0.000026
    -0.000669  0.000068  0.000026
    -0.000588  0.000074  0.000026
    -0.000519  0.000080  0.000026
    -0.000479  0.000080  0.000026
    -0.000470  0.000069  0.000026
    -0.000305  0.000145  0.000026
    -0.000137  0.000227  0.000026
    -0.000137  0.000227  0.000026
    -0.000137  0.000227  0.000026
    -0.000137  0.000227  0.000026
    -0.000137  0.000227  0.000026
    -0.000137  0.000227  0.000026
    -0.000137  0.000227  0.000026
    -0.000137  0.000227  0.000026
    -0.000137  0.000227  0.000026
    -0.000137  0.000227  0.000026
    -0.000137  0.000227  0.000026
    -0.000137  0.000227  0.000026
    -0.000137  0.000227  0.000026
    -0.000137  0.000227  0.000026
    -0.000137  0.000227  0.000026
    -0.000137  0.000227  0.000026
    -0.000137  0.000227  0.000026
    -0.000137  0.000227  0.000026
    -0.000137  0.000227  0.000026
    -0.000137  0.000227  0.000026
    -0.000137  0.000227  0.000026
    -0.000137  0.000227  0.000026
    -0.000137  0.000227  0.000026
    -0.000137  0.000227  0.000026
    -0.000137  0.000227  0.000026
    -0.000137  0.000227  0.000026
    -0.000137  0.000227  0.000026
    -0.000137  0.000227  0.000026
    -0.000137  0.000227  0.000026
    -0.000114  0.000220  0.000026
     0.000071  0.000166  0.000026
     0.000163  0.000149  0.000026
     0.000266  0.000130  0.000026
     0.000378  0.000109  0.000026
     0.000446  0.000095  0.000026
     0.000454  0.000092  0.000026
     0.000452  0.000090  0.000026
     0.000462  0.000086  0.000026
     0.000415  0.000093  0.000026
     0.000298  0.000115  0.000026
    -0.000137  0.000227  0.000026
    -0.000137  0.000227  0.000026
    -0.000137  0.000227  0.000026
    -0.000137  0.000227  0.000026
    -0.000137  0.000227  0.000026
    -0.000137  0.000227  0.000026
    -0.000137  0.000227  0.000026
    -0.000137  0.000227  0.000026
    -0.000137  0.000227  0.000026
    -0.000137  0.000227  0.000026
    -0.000137  0.000227  0.000026
    -0.000137  0.000227  0.000026
    -0.000137  0.000227  0.000026
    -0.000137  0.000227  0.000026
    -0.000137  0.000227  0.000026
    -0.000137  0.000227  0.000026
    -0.000137  0.000227  0.000026
    -0.000137  0.000227  0.000026
    -0.000137  0.000227  0.000026
    -0.000137  0.000227  0.000026
    -0.000137  0.000227  0.000026
    -0.000137  0.000227  0.000026
    -0.000137  0.000227  0.000026
    -0.000137  0.000227  0.000026
    -0.000137  0.000227  0.000026
    -0.000137  0.000227  0.000026
    -0.000137  0.000227  0.000026
    -0.000137  0.000227  0.000026
    -0.000481  0.000069  0.000026
    -0.000659  0.000047  0.000026
    -0.000731  0.000042  0.000026
    -0.000759  0.000043  0.000026
    -0.000761  0.000049  0.000026
    -0.000794  0.000049  0.000026
    -0.000804  0.000052  0.000026
    -0.000752  0.000060  0.000026
    -0.000677  0.000068  0.000026
    -0.000601  0.000075  0.000026
    -0.000557  0.000078  0.000026
    -0.000485  0.000084  0.000026
    -0.000485  0.000075  0.000026
    -0.000343  0.000126  0.000026
    -0.000163  0.000214  0.000026
    -0.000137  0.000227  0.000026
    -0.000137  0.000227  0.000026
    -0.000137  0.000227  0.000026
    -0.000137  0.000227  0.000026
    -0.000137  0.000227  0.000026
    -0.000137  0.000227  0.000026
    -0.000137  0.000227  0.000026
    -0.000137  0.000227  0.000026
    -0.000137  0.000227  0.000026
    -0.000137  0.000227  0.000026
    -0.000137  0.000227  0.000026
    -0.000137  0.000227  0.000026
    -0.000137  0.000227  0.000026
    -0.000137  0.000227  0.000026
    -0.000137  0.000227  0.000026
    -0.000137  0.000227  0.000026
    -0.000137  0.000227  0.000026
    -0.000137  0.000227  0.000026
    -0.000137  0.000227  0.000026
    -0.000137  0.000227  0.000026
    -0.000137  0.000227  0.000026
    -0.000137  0.000227  0.000026
    -0.000137  0.000227  0.000026
    -0.000137  0.000227  0.000026
    -0.000137  0.000227  0.000026
    -0.000137  0.000227  0.000026
    -0.000071  0.000208  0.000026
     0.000116  0.000158  0.000026
     0.000167  0.000149  0.000026
     0.000263  0.000131  0.000026
     0.000360  0.000113  0.000026
     0.000458 -0.000057  0.000026
     0.000420  0.000099  0.000026
     0.000392  0.000103  0.000026
     0.000401  0.000099  0.000026
     0.000374  0.000102  0.000026
     0.000290  0.000117  0.000026
    -0.000099  0.000216  0.000026
    -0.000137  0.000227  0.000026
    -0.000137  0.000227  0.000026
    -0.000137  0.000227  0.000026
    -0.000137  0.000227  0.000026
    -0.000137  0.000227  0.000026
    -0.000137  0.000227  0.000026
    -0.000137  0.000227  0.000026
    -0.000137  0.000227  0.000026
    -0.000137  0.000227  0.000026
    -0.000137  0.000227  0.000026
    -0.000137  0.000227  0.000026
    -0.000137  0.000227  0.000026
    -0.000137  0.000227  0.000026
    -0.000137  0.000227  0.000026
    -0.000137  0.000227  0.000026
    -0.000137  0.000227  0.000026
    -0.000137  0.000227  0.000026
    -0.000137  0.000227  0.000026
    -0.000137  0.000227  0.000026
    -0.000137  0.000227  0.000026
    -0.000137  0.000227  0.000026
    -0.000137  0.000227  0.000026
    -0.000137  0.000227  0.000026
    -0.000137  0.000227  0.000026
    -0.000137  0.000227  0.000026
    -0.000137  0.000227  0.000026
    -0.000137  0.000227  0.000026
    -0.000137  0.000227  0.000026
    -0.000177  0.000207  0.000026
    -0.000492  0.000068  0.000026
    -0.000644  0.000050  0.000026
    -0.000699  0.000047  0.000026
    -0.000722  0.000048  0.000026
    -0.000674  0.000061  0.000026
    -0.000772  0.000052  0.000026
    -0.000788  0.000054  0.000026
    -0.000751  0.000061  0.000026
    -0.000687  0.000069  0.000026
    -0.000615  0.000076  0.000026
    -0.000576  0.000079  0.000026
    -0.000523  0.000085  0.000026
    -0.000498  0.000082  0.000026
    -0.000446  0.000079  0.000026
    -0.000243  0.000175  0.000026
    -0.000137  0.000227  0.000026
    -0.000137  0.000227  0.000026
    -0.000137  0.000227  0.000026
    -0.000137  0.000227  0.000026
    -0.000137  0.000227  0.000026
    -0.000137  0.000227  0.000026
    -0.000137  0.000227  0.000026
    -0.000137  0.000227  0.000026
    -0.000137  0.000227  0.000026
    -0.000137  0.000227  0.000026
    -0.000137  0.000227  0.000026
    -0.000137  0.000227  0.000026
    -0.000137  0.000227  0.000026
    -0.000137  0.000227  0.000026
    -0.000137  0.000227  0.000026
    -0.000137  0.000227  0.000026
    -0.000137  0.000227  0.000026
    -0.000137  0.000227  0.000026
    -0.000137  0.000227  0.000026
    -0.000137  0.000227  0.000026
    -0.000137  0.000227  0.000026
    -0.000137  0.000227  0.000026
    -0.000137  0.000227  0.000026
    -0.000053  0.000203  0.000026
     0.000063  0.000170  0.000026
     0.000126  0.000157  0.000026
     0.000172  0.000150  0.000026
     0.000263  0.000133  0.000026
     0.000380 -0.000068  0.000026
     0.000462 -0.000244  0.000026
     0.000384  0.000106  0.000026
     0.000265  0.000128  0.000026
     0.000344  0.000110  0.000026
     0.000324  0.000112  0.000026
     0.000263  0.000122  0.000026
    -0.000059  0.000204  0.000026
    -0.000137  0.000227  0.000026
    -0.000137  0.000227  0.000026
    -0.000137  0.000227  0.000026
    -0.000137  0.000227  0.000026
    -0.000137  0.000227  0.000026
    -0.000137  0.000227  0.000026
    -0.000137  0.000227  0.000026
    -0.000137  0.000227  0.000026
    -0.000137  0.000227  0.000026
    -0.000137  0.000227  0.000026
    -0.000137  0.000227  0.000026
    -0.000137  0.000227  0.000026
    -0.000137  0.000227  0.000026
    -0.000137  0.000227  0.000026
    -0.000137  0.000227  0.000026
    -0.000137  0.000227  0.000026
    -0.000137  0.000227  0.000026
    -0.000137  0.000227  0.000026
    -0.000137  0.000227  0.000026
    -0.000137  0.000227  0.000026
    -0.000137  0.000227  0.000026
    -0.000137  0.000227  0.000026
    -0.000137  0.000227  0.000026
    -0.000137  0.000227  0.000026
    -0.000137  0.000227  0.000026
    -0.000137  0.000227  0.000026
    -0.000137  0.000227  0.000026
    -0.000137  0.000227  0.000026
    -0.000137  0.000227  0.000026
    -0.000137  0.000227  0.000026
    -0.000166  0.000213  0.000026
    -0.000488  0.000069  0.000026
    -0.000562  0.000062  0.000026
    -0.000660  0.000052  0.000026
    -0.000680  0.000054  0.000026
    -0.000641  0.000065  0.000026
    -0.000741  0.000055  0.000026
    -0.000764  0.000057  0.000026
    -0.000746  0.000063  0.000026
    -0.000690  0.000071  0.000026
    -0.000630  0.000078  0.000026
    -0.000597  0.000082  0.000026
    -0.000541  0.000088  0.000026
    -0.000540  0.000086  0.000026
    -0.000482  0.000089  0.000026
    -0.000437  0.000088  0.000026
    -0.000248  0.000173  0.000026
    -0.000137  0.000227  0.000026
    -0.000137  0.000227  0.000026
    -0.000137  0.000227  0.000026
    -0.000137  0.000227  0.000026
    -0.000137  0.000227  0.000026
    -0.000137  0.000227  0.000026
    -0.000137  0.000227  0.000026
    -0.000137  0.000227  0.000026
    -0.000138  0.000232  0.000026
    -0.000137  0.000227  0.000026
    -0.000137  0.000227  0.000026
    -0.000137  0.000227  0.000026
    -0.000137  0.000227  0.000026
    -0.000137  0.000227  0.000026
    -0.000137  0.000227  0.000026
    -0.000137  0.000227  0.000026
    -0.000137  0.000227  0.000026
    -0.000137  0.000227  0.000026
    -0.000137  0.000227  0.000026
    -0.000126  0.000224  0.000026
     0.000065  0.000171  0.000026
     0.000070  0.000170  0.000026
     0.000138  0.000157  0.000026
     0.000180  0.000150  0.000026
     0.000260  0.000105  0.000026
     0.000418 -0.000367  0.000026
     0.000429 -0.000273  0.000026
     0.000337  0.000116  0.000026
     0.000216  0.000138  0.000026
     0.000282  0.000123  0.000026
     0.000267  0.000124  0.000026
     0.000157  0.000144  0.000026
    -0.000082  0.000211  0.000026
    -0.000137  0.000227  0.000026
    -0.000137  0.000227  0.000026
    -0.000137  0.000227  0.000026
    -0.000137  0.000227  0.000026
    -0.000137  0.000227  0.000026
    -0.000137  0.000227  0.000026
    -0.000137  0.000227  0.000026
    -0.000137  0.000227  0.000026
    -0.000137  0.000227  0.000026
    -0.000137  0.000227  0.000026
    -0.000137  0.000227  0.000026
    -0.000137  0.000227  0.000026
    -0.000137  0.000227  0.000026
    -0.000137  0.000227  0.000026
    -0.000137  0.000227  0.000026
    -0.000137  0.000227  0.000026
    -0.000137  0.000227  0.000026
    -0.000137  0.000227  0.000026
    -0.000137  0.000227  0.000026
    -0.000137  0.000227  0.000026
    -0.000137  0.000227  0.000026
    -0.000137  0.000227  0.000026
    -0.000137  0.000227  0.000026
    -0.000137  0.000227  0.000026
    -0.000137  0.000227  0.000026
    -0.000137  0.000227  0.000026
    -0.000137  0.000227  0.000026
    -0.000137  0.000227  0.000026
    -0.000137  0.000227  0.000026
    -0.000137  0.000227  0.000026
    -0.000137  0.000227  0.000026
    -0.000137  0.000227  0.000026
    -0.000137  0.000227  0.000026
    -0.000473  0.000071  0.000026
    -0.000538  0.000066  0.000026
    -0.000615  0.000059  0.000026
    -0.000634  0.000061  0.000026
    -0.000603  0.000070  0.000026
    -0.000714  0.000059  0.000026
    -0.000739  0.000060  0.000026
    -0.000731  0.000065  0.000026
    -0.000683  0.000073  0.000026
    -0.000643  0.000079  0.000026
    -0.000604  0.000084  0.000026
    -0.000555  0.000090  0.000026
    -0.000490  0.000097  0.000026
    -0.000500  0.000094  0.000026
    -0.000462  0.000097  0.000026
    -0.000425  0.000098  0.000026
    -0.000387  0.000104  0.000026
    -0.000137  0.000227  0.000026
    -0.000137  0.000227  0.000026
    -0.000137  0.000227  0.000026
    -0.000137  0.000227  0.000026
    -0.000137  0.000227  0.000026
    -0.000137  0.000227  0.000026
    -0.000137  0.000227  0.000026
    -0.000137  0.000227  0.000026
    -0.000137  0.000227  0.000026
    -0.000137  0.000227  0.000026
    -0.000137  0.000227  0.000026
    -0.000137  0.000227  0.000026
    -0.000137  0.000227  0.000026
    -0.000137  0.000227  0.000026
    -0.000137  0.000227  0.000026
    -0.000137  0.000227  0.000026
    -0.000037  0.000198  0.000026
    -0.000056  0.000203  0.000026
     0.000075  0.000171  0.000026
     0.000136  0.000159  0.000026
     0.000185  0.000150  0.000026
     0.000291 -0.000147  0.000026
     0.000414 -0.000483  0.000026
     0.000396 -0.000301  0.000026
     0.000293  0.000124  0.000026
     0.000162  0.000149  0.000026
     0.000217  0.000136  0.000026
     0.000204  0.000136  0.000026
     0.000110  0.000155  0.000026
    -0.000137  0.000227  0.000026
    -0.000137  0.000227  0.000026
    -0.000137  0.000227  0.000026
    -0.000137  0.000227  0.000026
    -0.000137  0.000227  0.000026
    -0.000137  0.000227  0.000026
    -0.000137  0.000227  0.000026
    -0.000137  0.000227  0.000026
    -0.000137  0.000227  0.000026
    -0.000137  0.000227  0.000026
    -0.000137  0.000227  0.000026
    -0.000137  0.000227  0.000026
    -0.000137  0.000227  0.000026
    -0.000137  0.000227  0.000026
    -0.000137  0.000227  0.000026
    -0.000137  0.000227  0.000026
    -0.000137  0.000227  0.000026
    -0.000137  0.000227  0.000026
    -0.000137  0.000227  0.000026
    -0.000137  0.000227  0.000026
    -0.000137  0.000227  0.000026
    -0.000137  0.000227  0.000026
    -0.000137  0.000227  0.000026
    -0.000137  0.000227  0.000026
    -0.000137  0.000227  0.000026
    -0.000137  0.000227  0.000026
    -0.000137  0.000227  0.000026
    -0.000137  0.000227  0.000026
    -0.000137  0.000227  0.000026
    -0.000137  0.000227  0.000026
    -0.000137  0.000227  0.000026
    -0.000137  0.000227  0.000026
    -0.000137  0.000227  0.000026
    -0.000137  0.000227  0.000026
    -0.000137  0.000227  0.000026
    -0.000137  0.000227  0.000026
    -0.000430  0.000084  0.000026
    -0.000509  0.000070  0.000026
    -0.000526  0.000071  0.000026
    -0.000543  0.000073  0.000026
    -0.000560  0.000075  0.000026
    -0.000671  0.000064  0.000026
    -0.000705  0.000064  0.000026
    -0.000712  0.000068  0.000026
    -0.000685  0.000076  0.000026
    -0.000647  0.000082  0.000026
    -0.000614  0.000088  0.000026
    -0.000563  0.000094  0.000026
    -0.000511  0.000100  0.000026
    -0.000457  0.000106  0.000026
    -0.000466  0.000102  0.000026
    -0.000435  0.000105  0.000026
    -0.000408  0.000108  0.000026
    -0.000381  0.000111  0.000026
    -0.000137  0.000227  0.000026
    -0.000137  0.000227  0.000026
    -0.000137  0.000227  0.000026
    -0.000137  0.000227  0.000026
    -0.000137  0.000227  0.000026
    -0.000137  0.000227  0.000026
    -0.000137  0.000227  0.000026
    -0.000137  0.000227  0.000026
    -0.000137  0.000227  0.000026
    -0.000137  0.000227  0.000026
    -0.000137  0.000227  0.000026
    -0.000137  0.000227  0.000026
    -0.000137  0.000227  0.000026
    -0.000137  0.000227  0.000026
     0.000010  0.000186  0.000026
     0.000073  0.000174  0.000026
     0.000172 -0.000035  0.000026
     0.000266 -0.000330  0.000026
     0.000374 -0.000653  0.000026
     0.000416 -0.000670  0.000026
     0.000328 -0.000200  0.000026
     0.000233  0.000136  0.000026
     0.000106  0.000160  0.000026
     0.000094  0.000160  0.000026
     0.000062  0.000169  0.000026
    -0.000020  0.000193  0.000026
    -0.000137  0.000227  0.000026
    -0.000137  0.000227  0.000026
    -0.000137  0.000227  0.000026
    -0.000137  0.000227  0.000026
    -0.000137  0.000227  0.000026
    -0.000137  0.000227  0.000026
    -0.000137  0.000227  0.000026
    -0.000137  0.000227  0.000026
    -0.000137  0.000227  0.000026
    -0.000137  0.000227  0.000026
    -0.000137  0.000227  0.000026
    -0.000137  0.000227  0.000026
    -0.000137  0.000227  0.000026
    -0.000137  0.000227  0.000026
    -0.000137  0.000227  0.000026
    -0.000137  0.000227  0.000026
    -0.000137  0.000227  0.000026
    -0.000137  0.000227  0.000026
    -0.000137  0.000227  0.000026
    -0.000137  0.000227  0.000026
    -0.000137  0.000227  0.000026
    -0.000137  0.000227  0.000026
    -0.000137  0.000227  0.000026
    -0.000137  0.000227  0.000026
    -0.000137  0.000227  0.000026
    -0.000137  0.000227  0.000026
    -0.000137  0.000227  0.000026
    -0.000137  0.000227  0.000026
    -0.000137  0.000227  0.000026
    -0.000137  0.000227  0.000026
    -0.000137  0.000227  0.000026
    -0.000137  0.000227  0.000026
    -0.000137  0.000227  0.000026
    -0.000137  0.000227  0.000026
    -0.000137  0.000227  0.000026
    -0.000137  0.000227  0.000026
    -0.000137  0.000227  0.000026
    -0.000192  0.000200  0.000026
    -0.000367  0.000114  0.000026
    -0.000470  0.000075  0.000026
    -0.000494  0.000075  0.000026
    -0.000457  0.000084  0.000026
    -0.000516  0.000080  0.000026
    -0.000618  0.000070  0.000026
    -0.000653  0.000070  0.000026
    -0.000676  0.000072  0.000026
    -0.000665  0.000079  0.000026
    -0.000642  0.000071  0.000026
    -0.000616  0.000093  0.000026
    -0.000576  0.000101  0.000026
    -0.000525  0.000108  0.000026
    -0.000475  0.000115  0.000026
    -0.000425  0.000121  0.000026
    -0.000436  0.000121  0.000026
    -0.000402  0.000125  0.000026
    -0.000374  0.000131  0.000026
    -0.000344  0.000136  0.000026
    -0.000175  0.000209  0.000026
    -0.000137  0.000227  0.000026
    -0.000137  0.000227  0.000026
    -0.000137  0.000227  0.000026
    -0.000137  0.000227  0.000026
    -0.000137  0.000227  0.000026
    -0.000137  0.000227  0.000026
    -0.000137  0.000227  0.000026
    -0.000137  0.000227  0.000026
    -0.000137  0.000227  0.000026
    -0.000073  0.000208  0.000026
     0.000025  0.000084  0.000026
     0.000181 -0.000429  0.000026
     0.000292 -0.000756  0.000026
     0.000350 -0.000876  0.000026
     0.000361 -0.000765  0.000026
     0.000324 -0.000444  0.000026
     0.000197  0.000145  0.000026
     0.000166  0.000149  0.000026
     0.000003  0.000186  0.000026
    -0.000137  0.000227  0.000026
    -0.000079  0.000210  0.000026
    -0.000137  0.000227  0.000026
    -0.000137  0.000227  0.000026
    -0.000137  0.000227  0.000026
    -0.000137  0.000227  0.000026
    -0.000137  0.000227  0.000026
    -0.000137  0.000227  0.000026
    -0.000137  0.000227  0.000026
    -0.000137  0.000227  0.000026
    -0.000137  0.000227  0.000026
    -0.000137  0.000227  0.000026
    -0.000137  0.000227  0.000026
    -0.000137  0.000227  0.000026
    -0.000137  0.000227  0.000026
    -0.000137  0.000227  0.000026
    -0.000137  0.000227  0.000026
    -0.000137  0.000227  0.000026
    -0.000137  0.000227  0.000026
    -0.000137  0.000227  0.000026
    -0.000137  0.000227  0.000026
    -0.000137  0.000227  0.000026
    -0.000137  0.000227  0.000026
    -0.000137  0.000227  0.000026
    -0.000137  0.000227  0.000026
    -0.000137  0.000227  0.000026
    -0.000137  0.000227  0.000026
    -0.000137  0.000227  0.000026
    -0.000137  0.000227  0.000026
    -0.000137  0.000227  0.000026
    -0.000137  0.000227  0.000026
    -0.000137  0.000227  0.000026
    -0.000137  0.000227  0.000026
    -0.000137  0.000227  0.000026
    -0.000137  0.000227  0.000026
    -0.000137  0.000227  0.000026
    -0.000137  0.000227  0.000026
    -0.000137  0.000227  0.000026
    -0.000137  0.000227  0.000026
    -0.000137  0.000227  0.000026
    -0.000137  0.000227  0.000026
    -0.000137  0.000227  0.000026
    -0.000137  0.000227  0.000026
    -0.000366  0.000115  0.000026
    -0.000451  0.000078  0.000026
    -0.000470  0.000078  0.000026
    -0.000428  0.000087  0.000026
    -0.000438  0.000088  0.000026
    -0.000523  0.000079  0.000026
    -0.000596  0.000076  0.000026
    -0.000620  0.000078  0.000026
    -0.000624  0.000083  0.000026
    -0.000610  0.000091  0.000026
    -0.000550 -0.000170  0.000026
    -0.000494 -0.000323  0.000026
    -0.000483 -0.000126  0.000026
    -0.000481  0.000125  0.000026
    -0.000437  0.000134  0.000026
    -0.000390  0.000142  0.000026
    -0.000389  0.000146  0.000026
    -0.000354  0.000153  0.000026
    -0.000317  0.000161  0.000026
    -0.000277  0.000172  0.000026
    -0.000202  0.000195  0.000026
    -0.000137  0.000227  0.000026
    -0.000137  0.000227  0.000026
    -0.000115  0.000112  0.000026
    -0.000076 -0.000102  0.000026
    -0.000137  0.000227  0.000026
    -0.000074 -0.000110  0.000026
     0.000045 -0.000430  0.000026
     0.000172 -0.000803  0.000026
     0.000287 -0.001104  0.000026
     0.000307 -0.001004  0.000026
     0.000264 -0.000671  0.000026
     0.000235 -0.000370  0.000026
     0.000143  0.000157  0.000026
     0.000126  0.000158  0.000026
     0.000026  0.000180  0.000026
    -0.000137  0.000227  0.000026
    -0.000137  0.000227  0.000026
    -0.000137  0.000227  0.000026
    -0.000137  0.000227  0.000026
    -0.000137  0.000227  0.000026
    -0.000137  0.000227  0.000026
    -0.000137  0.000227  0.000026
    -0.000137  0.000227  0.000026
    -0.000137  0.000227  0.000026
    -0.000137  0.000227  0.000026
    -0.000137  0.000227  0.000026
    -0.000137  0.000227  0.000026
    -0.000137  0.000227  0.000026
    -0.000137  0.000227  0.000026
    -0.000137  0.000227  0.000026
    -0.000137  0.000227  0.000026
    -0.000137  0.000227  0.000026
    -0.000137  0.000227  0.000026
    -0.000137  0.000227  0.000026
    -0.000137  0.000227  0.000026
    -0.000137  0.000227  0.000026
    -0.000137  0.000227  0.000026
    -0.000137  0.000227  0.000026
    -0.000137  0.000227  0.000026
    -0.000137  0.000227  0.000026
    -0.000137  0.000227  0.000026
    -0.000137  0.000227  0.000026
    -0.000137  0.000227  0.000026
    -0.000137  0.000227  0.000026
    -0.000137  0.000227  0.000026
    -0.000137  0.000227  0.000026
    -0.000137  0.000227  0.000026
    -0.000137  0.000227  0.000026
    -0.000137  0.000227  0.000026
    -0.000137  0.000227  0.000026
    -0.000137  0.000227  0.000026
    -0.000137  0.000227  0.000026
    -0.000137  0.000227  0.000026
    -0.000137  0.000227  0.000026
    -0.000137  0.000227  0.000026
    -0.000137  0.000227  0.000026
    -0.000137  0.000227  0.000026
    -0.000137  0.000227  0.000026
    -0.000137  0.000227  0.000026
    -0.000137  0.000227  0.000026
    -0.000137  0.000227  0.000026
    -0.000205  0.000194  0.000026
    -0.000426  0.000085  0.000026
    -0.000461  0.000080  0.000026
    -0.000431  0.000088  0.000026
    -0.000424  0.000091  0.000026
    -0.000429  0.000092  0.000026
    -0.000514  0.000084  0.000026
    -0.000533  0.000085  0.000026
    -0.000570  0.000087  0.000026
    -0.000562  0.000094  0.000026
    -0.000558  0.000101  0.000026
    -0.000506 -0.000074  0.000026
    -0.000440 -0.000261  0.000026
    -0.000398 -0.000254  0.000026
    -0.000350 -0.000273  0.000026
    -0.000300 -0.000295  0.000026
    -0.000187 -0.000622  0.000026
    -0.000155 -0.000549  0.000026
    -0.000137 -0.000397  0.000026
     0.000013 -0.001115  0.000026
    -0.000084 -0.000433  0.000026
     0.000025 -0.000642  0.000026
     0.000054 -0.000800  0.000026
     0.000010 -0.000565  0.000026
     0.000022 -0.000626  0.000026
     0.000071 -0.000700  0.000026
     0.000146 -0.000800  0.000026
     0.000166 -0.000677  0.000026
     0.000139 -0.000366  0.000026
     0.000068  0.000097  0.000026
     0.000073  0.000172  0.000026
     0.000050  0.000173  0.000026
    -0.000016  0.000192  0.000026
    -0.000137  0.000227  0.000026
    -0.000137  0.000227  0.000026
    -0.000137  0.000227  0.000026
    -0.000137  0.000227  0.000026
    -0.000137  0.000227  0.000026
    -0.000137  0.000227  0.000026
    -0.000137  0.000227  0.000026
    -0.000137  0.000227  0.000026
    -0.000137  0.000227  0.000026
    -0.000137  0.000227  0.000026
    -0.000137  0.000227  0.000026
    -0.000137  0.000227  0.000026
    -0.000137  0.000227  0.000026
    -0.000137  0.000227  0.000026
    -0.000137  0.000227  0.000026
    -0.000137  0.000227  0.000026
    -0.000137  0.000227  0.000026
    -0.000137  0.000227  0.000026
    -0.000137  0.000227  0.000026
    -0.000137  0.000227  0.000026
    -0.000137  0.000227  0.000026
    -0.000137  0.000227  0.000026
    -0.000137  0.000227  0.000026
    -0.000137  0.000227  0.000026
    -0.000137  0.000227  0.000026
    -0.000137  0.000227  0.000026
    -0.000137  0.000227  0.000026
    -0.000137  0.000227  0.000026
    -0.000137  0.000227  0.000026
    -0.000137  0.000227  0.000026
    -0.000137  0.000227  0.000026
    -0.000137  0.000227  0.000026
    -0.000137  0.000227  0.000026
    -0.000137  0.000227  0.000026
    -0.000137  0.000227  0.000026
    -0.000137  0.000227  0.000026
    -0.000137  0.000227  0.000026
    -0.000137  0.000227  0.000026
    -0.000137  0.000227  0.000026
    -0.000137  0.000227  0.000026
    -0.000137  0.000227  0.000026
    -0.000137  0.000227  0.000026
    -0.000137  0.000227  0.000026
    -0.000137  0.000227  0.000026
    -0.000137  0.000227  0.000026
    -0.000137  0.000227  0.000026
    -0.000137  0.000227  0.000026
    -0.000137  0.000227  0.000026
    -0.000137  0.000227  0.000026
    -0.000137  0.000227  0.000026
    -0.000235  0.000179  0.000026
    -0.000388  0.000104  0.000026
    -0.000335  0.000130  0.000026
    -0.000414  0.000093  0.000026
    -0.000420  0.000095  0.000026
    -0.000487  0.000090  0.000026
    -0.000503  0.000092  0.000026
    -0.000511  0.000096  0.000026
    -0.000510  0.000101  0.000026
    -0.000496  0.000109  0.000026
    -0.000488  0.000116  0.000026
    -0.000417 -0.000134  0.000026
    -0.000348 -0.000336  0.000026
    -0.000295 -0.000403  0.000026
    -0.000244 -0.000456  0.000026
    -0.000193 -0.000503  0.000026
    -0.000143 -0.000542  0.000026
    -0.000093 -0.000575  0.000026
    -0.000044 -0.000611  0.000026
     0.000021 -0.000622  0.000026
     0.000027 -0.000653  0.000026
     0.000031 -0.000675  0.000026
     0.000032 -0.000681  0.000026
     0.000004 -0.000532  0.000026
     0.000019 -0.000307  0.000026
    -0.000053  0.000132  0.000026
    -0.000027  0.000195  0.000026
    -0.000033  0.000197  0.000026
    -0.000073  0.000208  0.000026
    -0.000137  0.000227  0.000026
    -0.000137  0.000227  0.000026
    -0.000137  0.000227  0.000026
    -0.000137  0.000227  0.000026
    -0.000137  0.000227  0.000026
    -0.000137  0.000227  0.000026
    -0.000137  0.000227  0.000026
    -0.000137  0.000227  0.000026
    -0.000137  0.000227  0.000026
    -0.000137  0.000227  0.000026
    -0.000137  0.000227  0.000026
    -0.000137  0.000227  0.000026
    -0.000137  0.000227  0.000026
    -0.000137  0.000227  0.000026
    -0.000137  0.000227  0.000026
    -0.000137  0.000227  0.000026
    -0.000137  0.000227  0.000026
    -0.000137  0.000227  0.000026
    -0.000137  0.000227  0.000026
    -0.000137  0.000227  0.000026
    -0.000137  0.000227  0.000026
    -0.000137  0.000227  0.000026
    -0.000137  0.000227  0.000026
    -0.000137  0.000227  0.000026
    -0.000137  0.000227  0.000026
    -0.000137  0.000227  0.000026
    -0.000137  0.000227  0.000026
    -0.000137  0.000227  0.000026
    -0.000137  0.000227  0.000026
